model_name,split_name,grouping,weather,time_of_day,distance_range,count,mean_true_distance_m,std_true_distance_m,mean_prediction_m,mae,median_absolute_error,mean_relative_error,median_relative_error,rmse,r2,mean_signed_error,median_signed_error,p90_absolute_error,p95_absolute_error,max_absolute_error,within_5m_rate,within_10m_rate,within_20m_rate,overprediction_rate,underprediction_rate
bbox_expand_10x__bbox_mean__object_depth,leave_one_out,weather,clear_sky,,,240,77.5,38.37859646556485,77.53952668060872,33.28093345555374,32.3750063239969,0.6649874869439659,0.3669674918198631,39.03805562033365,-0.034661241267053056,0.03952668060870413,3.950737558500272,59.81420155933307,72.72425139098198,85.91354483745789,0.058333333333333334,0.15,0.30416666666666664,0.5083333333333333,0.49166666666666664
bbox_expand_10x__bbox_mean__object_depth,leave_one_out,weather,light_rain,,,240,77.5,38.37859646556485,77.47668666873864,31.335970369329022,30.607388918282865,0.6356097365030463,0.3555478542361522,37.179158734365004,0.0615288186511278,-0.023313331261378304,2.343029728206993,58.542642118384705,67.55626182228853,73.71328151685829,0.1,0.17916666666666667,0.35,0.5291666666666667,0.4708333333333333
bbox_expand_10x__bbox_mean__object_depth,leave_one_out,time_of_day,,10AM,,240,77.5,38.37859646556485,77.6324209238736,31.81253318507491,30.229782754786328,0.6365989104400172,0.358470754353274,37.40062435200273,0.05031511043646775,0.1324209238735951,3.5518626159284707,57.52856736457052,68.00549886844594,85.27025429604065,0.06666666666666667,0.16666666666666666,0.32916666666666666,0.5125,0.4875
bbox_expand_10x__bbox_mean__object_depth,leave_one_out,time_of_day,,8PM,,240,77.5,38.37859646556485,77.38379242547373,32.804370639807864,31.814695426124665,0.6639983130069952,0.36243289373625454,38.82593114004807,-0.023447533052393332,-0.11620757452626738,2.343029728206993,59.81420155933307,69.95719732402503,85.91354483745789,0.09166666666666666,0.1625,0.325,0.525,0.475
bbox_expand_10x__bbox_mean__object_depth,leave_one_out,distance_range,,,far,120,130.0,14.719601443879744,78.28625759352454,51.71374240647548,46.70048608427298,0.3903839953090984,0.37786149884527953,53.98521366917614,-12.451092130338164,-51.71374240647548,-46.70048608427298,73.43813531304473,75.9975868022562,85.91354483745789,0.0,0.0,0.0,0.0,1.0
bbox_expand_10x__bbox_mean__object_depth,leave_one_out,distance_range,,,mid,160,85.0,11.180339887498949,77.73169826095982,12.06212036454978,10.267326936564949,0.13628519746787943,0.13811231299745108,14.627544770367361,-0.711720528072812,-7.268301739040173,-7.2271269332545955,22.818043859407403,28.14985481650778,36.56933412969329,0.225,0.475,0.81875,0.30625,0.69375
bbox_expand_10x__bbox_mean__object_depth,leave_one_out,distance_range,,,near,200,40.0,14.142135623730951,76.86234285433422,36.862342854334216,38.11825236158891,1.2174581129766522,0.9749561125487884,39.594160266665654,-6.838487636112028,36.862342854334216,38.11825236158891,56.174496099532206,59.362299986321084,68.25732339833831,0.01,0.015,0.13,1.0,0.0
bbox_expand_10x__bbox_mean__object_depth,leave_one_out,weather__distance_range,clear_sky,,far,60,130.0,14.719601443879744,77.42445966416285,52.57554033583719,46.49221778194912,0.3961590857666733,0.3880122412684657,55.16359094007788,-13.044715840327271,-52.57554033583719,-46.49221778194912,76.06502009425748,80.04944844526078,85.91354483745789,0.0,0.0,0.0,0.0,1.0
bbox_expand_10x__bbox_mean__object_depth,leave_one_out,weather__distance_range,clear_sky,,mid,80,85.0,11.180339887498949,77.18457911067405,13.045488931753406,12.221165205445494,0.1478524167985639,0.15091536505255543,15.718360044922319,-0.976534740014483,-7.815420889325954,-7.264986785521508,25.20114509288675,29.341423715410823,36.56933412969329,0.175,0.45,0.8,0.275,0.725
bbox_expand_10x__bbox_mean__object_depth,leave_one_out,weather__distance_range,clear_sky,,near,100,40.0,14.142135623730951,77.89252494642395,37.892524946423954,38.22505146090633,1.2399925837666632,0.9963373780902799,40.42351981996421,-7.170304773175198,37.892524946423954,38.22505146090633,57.32530186457531,59.77737553104697,68.25732339833831,0.0,0.0,0.09,1.0,0.0
bbox_expand_10x__bbox_mean__object_depth,leave_one_out,weather__distance_range,light_rain,,far,60,130.0,14.719601443879744,79.14805552288625,50.85194447711377,46.71287566932315,0.38460890485152355,0.3762172307921169,52.780534521819334,-11.85746842034906,-50.85194447711377,-46.71287566932315,69.98871766964423,72.01409303445247,73.71328151685829,0.0,0.0,0.0,0.0,1.0
bbox_expand_10x__bbox_mean__object_depth,leave_one_out,weather__distance_range,light_rain,,mid,80,85.0,11.180339887498949,78.27881741124561,11.078751797346152,9.948954611610027,0.12471797813719494,0.1300991758243304,13.448542282210092,-0.44690631613114085,-6.721182588754391,-6.652057201143396,21.16573575159449,23.204641898707425,31.76415192303287,0.275,0.5,0.8375,0.3375,0.6625
bbox_expand_10x__bbox_mean__object_depth,leave_one_out,weather__distance_range,light_rain,,near,100,40.0,14.142135623730951,75.83216076224447,35.83216076224446,36.30898547382489,1.1949236421866412,0.9596293904780384,38.74705278869312,-6.506670499048856,35.83216076224446,36.30898547382489,55.79284976611535,58.198816920910325,64.30553394350979,0.02,0.03,0.17,1.0,0.0
bbox_expand_10x__bbox_mean__object_depth,leave_one_out,time_of_day__distance_range,,10AM,far,60,130.0,14.719601443879744,79.05511006646336,50.94488993353664,46.28415893604274,0.3845084232513101,0.3770718839209655,53.204852106109506,-12.065029019844548,-50.94488993353664,-46.28415893604274,71.53396953915868,74.88476983776944,85.27025429604065,0.0,0.0,0.0,0.0,1.0
bbox_expand_10x__bbox_mean__object_depth,leave_one_out,time_of_day__distance_range,,10AM,mid,80,85.0,11.180339887498949,78.34921300694896,11.972214890247916,10.039531755675675,0.13647796008943133,0.13470761246356822,14.219760156821414,-0.6176126313402062,-6.650786993051041,-6.942099842461069,21.30887816343277,25.714985900714854,29.942025985876313,0.2,0.5,0.8375,0.2875,0.7125
bbox_expand_10x__bbox_mean__object_depth,leave_one_out,time_of_day__distance_range,,10AM,near,100,40.0,14.142135623730951,76.20537377185946,36.205373771859456,35.32783489869071,1.1879499630337098,0.8969066238639614,38.69006395566275,-6.484605244466372,36.205373771859456,35.32783489869071,54.52511977984529,57.20775348239385,68.25732339833831,0.0,0.0,0.12,1.0,0.0
bbox_expand_10x__bbox_mean__object_depth,leave_one_out,time_of_day__distance_range,,8PM,far,60,130.0,14.719601443879744,77.51740512058572,52.482594879414286,46.92753189774096,0.3962595673668866,0.38233692103382555,54.7544546332097,-12.837155240831779,-52.482594879414286,-46.92753189774096,73.92927172684482,77.29780690263678,85.91354483745789,0.0,0.0,0.0,0.0,1.0
bbox_expand_10x__bbox_mean__object_depth,leave_one_out,time_of_day__distance_range,,8PM,mid,80,85.0,11.180339887498949,77.1141835149707,12.152025838851642,10.58875626830519,0.13609243484632755,0.13858931763289864,15.024265476244663,-0.8058284248054179,-7.885816485029304,-7.45635788338069,22.818043859407407,28.741536158636094,36.56933412969329,0.25,0.45,0.8,0.325,0.675
bbox_expand_10x__bbox_mean__object_depth,leave_one_out,time_of_day__distance_range,,8PM,near,100,40.0,14.142135623730951,77.51931193680898,37.519311936808975,38.99824450195154,1.2469662629195946,1.018922089348587,40.478068204294736,-7.192370027757683,37.519311936808975,38.99824450195154,58.2121295040718,59.77737553104697,66.91786564945777,0.02,0.03,0.14,1.0,0.0
bbox_expand_10x__bbox_mean__object_depth_percentile_5_95,leave_one_out,weather,clear_sky,,,240,77.5,38.37859646556485,77.56574319544922,32.73770581251886,32.62051936080618,0.6658130306836969,0.3587296365598093,38.59385712410947,-0.011249204672933555,0.06574319544920779,2.4733308123522093,58.35527559845993,72.54203719767551,74.5259831002803,0.08333333333333333,0.16666666666666666,0.3333333333333333,0.5,0.5
bbox_expand_10x__bbox_mean__object_depth_percentile_5_95,leave_one_out,weather,light_rain,,,240,77.5,38.37859646556485,77.44924512484634,32.553159248835556,32.53683365450711,0.6619319932751732,0.3575501777280412,38.47292898344395,-0.004921933509559162,-0.05075487515365466,2.3898587282646844,57.90313732647186,72.5024747487967,73.220514440858,0.08333333333333333,0.16666666666666666,0.3333333333333333,0.5,0.5
bbox_expand_10x__bbox_mean__object_depth_percentile_5_95,leave_one_out,time_of_day,,10AM,,240,77.5,38.37859646556485,77.46572232916151,32.59106525237917,32.53683365450711,0.6625368241489707,0.3587296365598093,38.47925759955943,-0.00525257057759676,-0.03427767083849744,2.3898587282646844,58.185304375189375,72.3729361004686,73.9026443546408,0.08333333333333333,0.16666666666666666,0.3333333333333333,0.5,0.5
bbox_expand_10x__bbox_mean__object_depth_percentile_5_95,leave_one_out,time_of_day,,8PM,,240,77.5,38.37859646556485,77.54926599113405,32.69979980897526,32.715953524713,0.6652081998098993,0.3573667016041171,38.58754730308788,-0.010918567604895957,0.049265991134050564,2.702771349271181,58.327359214157,72.55774933106014,74.5259831002803,0.08333333333333333,0.16666666666666666,0.3333333333333333,0.5,0.5
bbox_expand_10x__bbox_mean__object_depth_percentile_5_95,leave_one_out,distance_range,,,far,120,130.0,14.719601443879744,77.35290482941681,52.64709517058318,47.50855157257364,0.3975780159275626,0.3800684125805891,54.68342352621376,-12.801277577910467,-52.64709517058318,-47.50855157257364,72.87610978186272,73.18045650996369,74.5259831002803,0.0,0.0,0.0,0.0,1.0
bbox_expand_10x__bbox_mean__object_depth_percentile_5_95,leave_one_out,distance_range,,,mid,160,85.0,11.180339887498949,77.41037665192927,11.353549007642796,10.17572902476234,0.12670619964086577,0.1272658213613305,13.598506044320771,-0.47935493309942845,-7.589623348070734,-7.8299249266452335,22.784212160556997,22.966760834062207,24.623813907997985,0.25,0.5,0.75,0.25,0.75
bbox_expand_10x__bbox_mean__object_depth_percentile_5_95,leave_one_out,distance_range,,,near,200,40.0,14.142135623730951,77.67794176516117,37.67794176516116,37.65015445666041,1.2533822594814137,0.9412538614165102,40.26761612386873,-7.107404541496264,37.67794176516116,37.65015445666041,57.724140256097236,58.09495709249921,59.608790907234564,0.0,0.0,0.2,1.0,0.0
bbox_expand_10x__bbox_mean__object_depth_percentile_5_95,leave_one_out,weather__distance_range,clear_sky,,far,60,130.0,14.719601443879744,77.39490234370902,52.60509765629099,47.38980122221895,0.3971523353614455,0.3791184097777516,54.67603672873869,-12.797549195518686,-52.60509765629099,-47.38980122221895,72.91236855919915,73.59613124326279,74.5259831002803,0.0,0.0,0.0,0.0,1.0
bbox_expand_10x__bbox_mean__object_depth_percentile_5_95,leave_one_out,weather__distance_range,clear_sky,,mid,80,85.0,11.180339887498949,77.36209031702181,11.470331683794292,10.249656003874826,0.12814998375900136,0.12808723224035812,13.677882421675973,-0.49667574032954076,-7.637909682978192,-7.903851905757719,22.799919684467465,23.47150076870543,24.028954666967792,0.25,0.5,0.75,0.25,0.75
bbox_expand_10x__bbox_mean__object_depth_percentile_5_95,leave_one_out,weather__distance_range,clear_sky,,near,100,40.0,14.142135623730951,77.83117000923525,37.83117000923525,38.27191689454483,1.2571398854168043,0.9567979223636207,40.390803025793346,-7.157084845342187,37.83117000923525,38.27191689454483,57.67127009099812,58.30219674823715,59.608790907234564,0.0,0.0,0.2,1.0,0.0
bbox_expand_10x__bbox_mean__object_depth_percentile_5_95,leave_one_out,weather__distance_range,light_rain,,far,60,130.0,14.719601443879744,77.31090731512462,52.68909268487539,47.67970145673293,0.39800369649367967,0.3814376116538635,54.690809325993285,-12.805005960302248,-52.68909268487539,-47.67970145673293,72.86264357878704,72.98086890316209,73.220514440858,0.0,0.0,0.0,0.0,1.0
bbox_expand_10x__bbox_mean__object_depth_percentile_5_95,leave_one_out,weather__distance_range,light_rain,,mid,80,85.0,11.180339887498949,77.45866298683673,11.236766331491301,9.858250628335135,0.12526241552273018,0.1227304156980847,13.518663607534013,-0.46203412586931614,-7.541337013163274,-7.456107255869441,22.713653519419193,22.83674503557692,24.623813907997985,0.25,0.5,0.75,0.25,0.75
bbox_expand_10x__bbox_mean__object_depth_percentile_5_95,leave_one_out,weather__distance_range,light_rain,,near,100,40.0,14.142135623730951,77.52471352108707,37.52471352108707,37.36443221144924,1.2496246335460235,0.934110805286231,40.14405120973801,-7.057724237650339,37.52471352108707,37.36443221144924,57.724140256097236,57.89183603478316,58.94280965028089,0.0,0.0,0.2,1.0,0.0
bbox_expand_10x__bbox_mean__object_depth_percentile_5_95,leave_one_out,time_of_day__distance_range,,10AM,far,60,130.0,14.719601443879744,77.37105383438374,52.628946165616256,47.58367351563205,0.3974560683259446,0.3806693881250564,54.658756615574994,-12.788829268126134,-52.628946165616256,-47.58367351563205,72.86264357878704,73.19127436945134,73.9026443546408,0.0,0.0,0.0,0.0,1.0
bbox_expand_10x__bbox_mean__object_depth_percentile_5_95,leave_one_out,time_of_day__distance_range,,10AM,mid,80,85.0,11.180339887498949,77.3962527407314,11.328862261960001,9.903087828646647,0.12639977614657,0.1233709471311063,13.57017807644111,-0.4731978642105834,-7.603747259268606,-7.8299249266452335,22.82933156214436,23.132717878350505,24.623813907997985,0.25,0.5,0.75,0.25,0.75
bbox_expand_10x__bbox_mean__object_depth_percentile_5_95,leave_one_out,time_of_day__distance_range,,10AM,near,100,40.0,14.142135623730951,77.57809909677225,37.57809909677224,37.37443503251068,1.250494916044707,0.934360875812767,40.170888037412716,-7.068501228571741,37.57809909677224,37.37443503251068,57.539371753356114,57.86764335692234,58.94280965028089,0.0,0.0,0.2,1.0,0.0
bbox_expand_10x__bbox_mean__object_depth_percentile_5_95,leave_one_out,time_of_day__distance_range,,8PM,far,60,130.0,14.719601443879744,77.3347558244499,52.66524417555012,47.50855157257364,0.3976999635291806,0.3800684125805891,54.708079314977525,-12.813725887694794,-52.66524417555012,-47.50855157257364,72.90001664863136,73.02675415870621,74.5259831002803,0.0,0.0,0.0,0.0,1.0
bbox_expand_10x__bbox_mean__object_depth_percentile_5_95,leave_one_out,time_of_day__distance_range,,8PM,mid,80,85.0,11.180339887498949,77.42450056312714,11.378235753325594,10.249656003874826,0.12701262313516154,0.12808723224035812,13.62677512284305,-0.4855120019882735,-7.575499436872863,-7.635698080952366,22.72930287345022,22.83674503557692,24.028954666967792,0.25,0.5,0.75,0.25,0.75
bbox_expand_10x__bbox_mean__object_depth_percentile_5_95,leave_one_out,time_of_day__distance_range,,8PM,near,100,40.0,14.142135623730951,77.77778443355005,37.777784433550075,37.97741588702093,1.2562696029181206,0.9494353971755234,40.36411241293627,-7.146307854420781,37.777784433550075,37.97741588702093,57.83937933235824,58.10253747988346,59.608790907234564,0.0,0.0,0.2,1.0,0.0
bbox_expand_10x__bbox_mean__object_minus_ring,leave_one_out,weather,clear_sky,,,240,77.5,38.37859646556485,76.98440313032259,32.206024698410694,29.62076133727946,0.6488905171340991,0.356075408055554,37.97653780797533,0.020842484494089986,-0.5155968696774134,-0.4115748775884924,59.627645195999705,70.57026102250688,73.37282566496627,0.06666666666666667,0.15,0.32916666666666666,0.4875,0.5125
bbox_expand_10x__bbox_mean__object_minus_ring,leave_one_out,weather,light_rain,,,240,77.5,38.37859646556485,78.03223716575788,32.3450837187912,32.88278016664791,0.6594407623432044,0.3627321272212901,38.25395262606299,0.006484939281196089,0.5322371657578799,1.1204424936403896,59.4936804736527,70.53894404488719,74.79238536703053,0.08333333333333333,0.16666666666666666,0.3416666666666667,0.5083333333333333,0.49166666666666664
bbox_expand_10x__bbox_mean__object_minus_ring,leave_one_out,time_of_day,,10AM,,240,77.5,38.37859646556485,76.84511416054356,32.30638248749687,30.46608816999308,0.6467370835762739,0.3621170943463605,38.09353562813425,0.014800029430087625,-0.654885839456451,-0.14236972537646153,59.188431847350934,70.65779433310449,74.79238536703053,0.075,0.15,0.3458333333333333,0.49583333333333335,0.5041666666666667
bbox_expand_10x__bbox_mean__object_minus_ring,leave_one_out,time_of_day,,8PM,,240,77.5,38.37859646556485,78.17152613553692,32.24472592970503,32.3363973375485,0.6615941959010297,0.35545894330829014,38.137446935337955,0.01252739434519845,0.6715261355369193,0.13467973279570344,59.7144931765202,70.51769650641972,72.39186696570253,0.075,0.16666666666666666,0.325,0.5,0.5
bbox_expand_10x__bbox_mean__object_minus_ring,leave_one_out,distance_range,,,far,120,130.0,14.719601443879744,78.36628382734399,51.63371617265601,45.64819208389504,0.39027999908580996,0.36641324411270904,53.62898958483601,-12.274162417955921,-51.63371617265601,-45.64819208389504,70.90112242126983,71.6363646175536,73.37282566496627,0.0,0.0,0.0,0.0,1.0
bbox_expand_10x__bbox_mean__object_minus_ring,leave_one_out,distance_range,,,mid,160,85.0,11.180339887498949,77.4379772317618,11.77095223284131,10.393071655333564,0.1332483251243301,0.12705642145060222,14.337250244490413,-0.6444539565851231,-7.562022768238191,-10.294684762761776,21.042921782462496,23.89172966737061,42.49171388608705,0.2125,0.4625,0.74375,0.25,0.75
bbox_expand_10x__bbox_mean__object_minus_ring,leave_one_out,distance_range,,,near,200,40.0,14.142135623730951,77.04981627348072,37.06433861077563,37.84390376333854,1.2292308758218145,0.9681903523247335,39.95763091681487,-6.983061342421999,37.049816273480715,37.84390376333854,58.42331626042731,59.47185456160075,74.79238536703053,0.01,0.01,0.21,0.995,0.005
bbox_expand_10x__bbox_mean__object_minus_ring,leave_one_out,weather__distance_range,clear_sky,,far,60,130.0,14.719601443879744,78.3391343945346,51.66086560546542,45.77400217071932,0.3903835846108475,0.3675548432317115,53.69154732859915,-12.305148867104013,-51.66086560546542,-45.77400217071932,70.93275547662331,72.12065576372348,73.37282566496627,0.0,0.0,0.0,0.0,1.0
bbox_expand_10x__bbox_mean__object_minus_ring,leave_one_out,weather__distance_range,clear_sky,,mid,80,85.0,11.180339887498949,76.7859722687598,12.42323272158873,10.608951456686981,0.14056833563860596,0.1304448242636326,14.9463716532627,-0.7871522047796382,-8.214027731240193,-10.54298140974079,21.5541400750543,24.254922071091244,40.40794405725843,0.1875,0.4375,0.725,0.225,0.775
bbox_expand_10x__bbox_mean__object_minus_ring,leave_one_out,weather__distance_range,clear_sky,,near,100,40.0,14.142135623730951,76.33030906104561,36.35935373563543,36.474921927404495,1.2106524218444448,0.9559927945252451,39.407324752029375,-6.764686220559534,36.33030906104561,36.474921927404495,58.75020139707745,59.521730977449664,68.35838215808329,0.01,0.01,0.21,0.99,0.01
bbox_expand_10x__bbox_mean__object_minus_ring,leave_one_out,weather__distance_range,light_rain,,far,60,130.0,14.719601443879744,78.39343326015343,51.60656673984659,45.610453709045885,0.3901764135607725,0.3656319811707305,53.56635878274438,-12.24317596880783,-51.60656673984659,-45.610453709045885,70.78385837221332,71.17740117957803,71.86755933617476,0.0,0.0,0.0,0.0,1.0
bbox_expand_10x__bbox_mean__object_minus_ring,leave_one_out,weather__distance_range,light_rain,,mid,80,85.0,11.180339887498949,78.0899821947638,11.118671744093888,10.294684762761776,0.12592831461005424,0.1225517037255095,13.70107526980368,-0.5017557083906079,-6.910017805236189,-8.864115297361554,20.74348198653121,21.653072575496015,42.49171388608705,0.2375,0.4875,0.7625,0.275,0.725
bbox_expand_10x__bbox_mean__object_minus_ring,leave_one_out,weather__distance_range,light_rain,,near,100,40.0,14.142135623730951,77.76932348591582,37.76932348591583,38.4988776570402,1.2478093297991835,0.9697427481677581,40.50046040302373,-7.201436464284466,37.76932348591583,38.4988776570402,55.700596087670256,59.43935919196454,74.79238536703053,0.01,0.01,0.21,1.0,0.0
bbox_expand_10x__bbox_mean__object_minus_ring,leave_one_out,time_of_day__distance_range,,10AM,far,60,130.0,14.719601443879744,77.69982135315257,52.300178646847435,45.71567577460671,0.3959268855445984,0.3683298052558645,54.20322184406218,-12.559950422815167,-52.300178646847435,-45.71567577460671,71.02580525359987,71.6363646175536,73.37282566496627,0.0,0.0,0.0,0.0,1.0
bbox_expand_10x__bbox_mean__object_minus_ring,leave_one_out,time_of_day__distance_range,,10AM,mid,80,85.0,11.180339887498949,76.74518863395073,12.178725644539536,10.608951456686981,0.13739208107158846,0.12470521667079981,15.02117636797596,-0.8050859158227155,-8.254811366049276,-10.44991279586641,21.307444203673107,26.537706451903013,42.49171388608705,0.2125,0.4375,0.7625,0.2375,0.7625
bbox_expand_10x__bbox_mean__object_minus_ring,leave_one_out,time_of_day__distance_range,,10AM,near,100,40.0,14.142135623730951,76.4122302662524,36.412230266252394,37.48845416270444,1.2046992043990274,0.9658634709631905,39.23493022061333,-6.6968987470819865,36.412230266252394,37.48845416270444,55.04123391134415,59.08892772491672,74.79238536703053,0.01,0.01,0.22,1.0,0.0
bbox_expand_10x__bbox_mean__object_minus_ring,leave_one_out,time_of_day__distance_range,,8PM,far,60,130.0,14.719601443879744,79.03274630153545,50.96725369846457,45.51574487623795,0.3846331126270216,0.3644386439239844,53.0485418226013,-11.988374413096674,-50.96725369846457,-45.51574487623795,70.85380964900071,70.97993444163428,72.39186696570253,0.0,0.0,0.0,0.0,1.0
bbox_expand_10x__bbox_mean__object_minus_ring,leave_one_out,time_of_day__distance_range,,8PM,mid,80,85.0,11.180339887498949,78.1307658295729,11.363178821143084,10.185105454581254,0.12910456917707175,0.12822675582736714,13.619021612011682,-0.4838219973475304,-6.869234170427104,-9.889016406865466,21.03512636002847,21.962444079512156,25.654453583454952,0.2125,0.4875,0.725,0.2625,0.7375
bbox_expand_10x__bbox_mean__object_minus_ring,leave_one_out,time_of_day__distance_range,,8PM,near,100,40.0,14.142135623730951,77.68740228070904,37.71644695529886,37.84390376333854,1.2537625472446008,0.9728329129405195,40.6674905489926,-7.269223937762016,37.68740228070904,37.84390376333854,58.80083084924242,59.61974325318046,68.35838215808329,0.01,0.01,0.2,0.99,0.01
bbox_expand_10x__bbox_mean__object_minus_ring_normalized,leave_one_out,weather,clear_sky,,,240,77.5,38.37859646556485,77.34573687461175,32.62265851763963,33.52132671319424,0.6631201056036553,0.37261284113308446,38.39747744044421,-0.0009841745670757795,-0.1542631253882462,-1.194543348587139,58.39857249585656,71.87230061239441,72.45302347205957,0.08333333333333333,0.15833333333333333,0.32916666666666666,0.49583333333333335,0.5041666666666667
bbox_expand_10x__bbox_mean__object_minus_ring_normalized,leave_one_out,weather,light_rain,,,240,77.5,38.37859646556485,77.63785612747172,32.406905978500404,29.201356316294827,0.6589892968196707,0.3603819590803921,38.3418554181205,0.0019137469392545015,0.13785612747172232,1.6908728091321485,58.385492483892726,71.82141640823455,73.07668767309869,0.08333333333333333,0.16666666666666666,0.3416666666666667,0.5,0.5
bbox_expand_10x__bbox_mean__object_minus_ring_normalized,leave_one_out,time_of_day,,10AM,,240,77.5,38.37859646556485,77.03570581505713,32.549880831147526,33.113577733820286,0.6580955350668568,0.37188475671892596,38.407175855054234,-0.0014898945365053873,-0.46429418494286284,-1.0927391851471597,58.31942873511198,71.87807428127195,73.07668767309869,0.0875,0.1625,0.3375,0.49583333333333335,0.5041666666666667
bbox_expand_10x__bbox_mean__object_minus_ring_normalized,leave_one_out,time_of_day,,8PM,,240,77.5,38.37859646556485,77.94788718702634,32.47968366499251,28.94048278699369,0.6640138673564692,0.35372740599500385,38.33214047679073,0.002419466908683554,0.4478871870263428,2.532869253634928,58.402499584502905,71.82798367293168,72.45302347205957,0.07916666666666666,0.1625,0.3333333333333333,0.5,0.5
bbox_expand_10x__bbox_mean__object_minus_ring_normalized,leave_one_out,distance_range,,,far,120,130.0,14.719601443879744,77.76711804308471,52.2328819569153,46.85433081364196,0.39457302589552795,0.3748961820522473,54.22656323617999,-12.571631509572741,-52.2328819569153,-46.85433081364196,71.97977327224204,72.21240566110028,73.07668767309869,0.0,0.0,0.0,0.0,1.0
bbox_expand_10x__bbox_mean__object_minus_ring_normalized,leave_one_out,distance_range,,,mid,160,85.0,11.180339887498949,77.24935258671941,11.468986892431294,10.82772321952195,0.12838293202196352,0.1286466413308977,13.897869314574598,-0.5452061718799535,-7.750647413280594,-10.256282122081672,21.913108044075127,22.413993103742204,34.22137472583717,0.24375,0.48125,0.75,0.24375,0.75625
bbox_expand_10x__bbox_mean__object_minus_ring_normalized,leave_one_out,distance_range,,,near,200,40.0,14.142135623730951,77.52055870727384,37.52055870727382,38.12446353415075,1.2470811217531033,0.9531115883537687,40.18114318184244,-7.0726213369986155,37.52055870727382,38.12446353415075,58.20868848454874,58.384236257688045,61.23123194467222,0.005,0.005,0.205,1.0,0.0
bbox_expand_10x__bbox_mean__object_minus_ring_normalized,leave_one_out,weather__distance_range,clear_sky,,far,60,130.0,14.719601443879744,77.8568526473228,52.14314735267721,46.85411995212127,0.39379381975921995,0.37483295961697016,54.15540906779883,-12.536038452156742,-52.14314735267721,-46.85411995212127,71.98556983969546,72.24656962700142,72.45302347205957,0.0,0.0,0.0,0.0,1.0
bbox_expand_10x__bbox_mean__object_minus_ring_normalized,leave_one_out,weather__distance_range,clear_sky,,mid,80,85.0,11.180339887498949,76.69459229244885,11.810636192516663,11.614635146730457,0.13214871406317683,0.1297624742133618,14.405389503694103,-0.6601219740251218,-8.305407707551147,-11.614635146730457,22.11816167526778,23.044581435742106,34.22137472583717,0.25,0.475,0.7375,0.2375,0.7625
bbox_expand_10x__bbox_mean__object_minus_ring_normalized,leave_one_out,weather__distance_range,clear_sky,,near,100,40.0,14.142135623730951,77.55998307671545,37.55998307671546,38.177386374206606,1.2494929903426994,0.9544346593551651,40.1594554359459,-7.063909304558624,37.55998307671546,38.177386374206606,58.22246656392246,58.392960196026294,61.23123194467222,0.0,0.0,0.2,1.0,0.0
bbox_expand_10x__bbox_mean__object_minus_ring_normalized,leave_one_out,weather__distance_range,light_rain,,far,60,130.0,14.719601443879744,77.67738343884662,52.32261656115339,46.85777011285107,0.395352232031836,0.37494808998732015,54.29762416086202,-12.60722456698874,-52.32261656115339,-46.85777011285107,71.95499338072456,72.06113715624673,73.07668767309869,0.0,0.0,0.0,0.0,1.0
bbox_expand_10x__bbox_mean__object_minus_ring_normalized,leave_one_out,weather__distance_range,light_rain,,mid,80,85.0,11.180339887498949,77.80411288098996,11.127337592345924,10.20660402135475,0.12461714998075024,0.12090147542767532,13.371099289768518,-0.43029036973478507,-7.195887119010036,-9.617687054789577,21.783732558224873,21.930273493168237,33.40587676708927,0.2375,0.4875,0.7625,0.25,0.75
bbox_expand_10x__bbox_mean__object_minus_ring_normalized,leave_one_out,weather__distance_range,light_rain,,near,100,40.0,14.142135623730951,77.48113433783219,37.48113433783219,38.11296075424586,1.2446692531635077,0.9528240188561465,40.2028192281054,-7.081333369438607,37.48113433783219,38.11296075424586,57.867360692845516,58.340876881217596,60.7822231679517,0.01,0.01,0.21,1.0,0.0
bbox_expand_10x__bbox_mean__object_minus_ring_normalized,leave_one_out,time_of_day__distance_range,,10AM,far,60,130.0,14.719601443879744,77.48330099511686,52.51669900488313,46.86851124841502,0.39695288807370904,0.37498046279413005,54.45901652383911,-12.688236064971298,-52.51669900488313,-46.86851124841502,71.98449318316364,72.28048655584085,73.07668767309869,0.0,0.0,0.0,0.0,1.0
bbox_expand_10x__bbox_mean__object_minus_ring_normalized,leave_one_out,time_of_day__distance_range,,10AM,mid,80,85.0,11.180339887498949,76.55206982370387,11.819546364650364,10.94538752688711,0.132034653699813,0.12789178321872177,14.518361808855468,-0.6862626369026643,-8.447930176296126,-10.94538752688711,22.136147656007907,26.036807172289247,34.22137472583717,0.25,0.475,0.75,0.2375,0.7625
bbox_expand_10x__bbox_mean__object_minus_ring_normalized,leave_one_out,time_of_day__distance_range,,10AM,near,100,40.0,14.142135623730951,77.15405750010389,37.1540575001039,38.111799596047646,1.2356298283563807,0.9527949899011912,39.90200276991133,-6.960849125250055,37.1540575001039,38.111799596047646,57.80377457103644,58.289629167029446,60.7822231679517,0.01,0.01,0.21,1.0,0.0
bbox_expand_10x__bbox_mean__object_minus_ring_normalized,leave_one_out,time_of_day__distance_range,,8PM,far,60,130.0,14.719601443879744,78.05093509105254,51.94906490894747,46.81615370372453,0.39219316371734686,0.37452922962979623,53.99310919062796,-12.455026954174185,-51.94906490894747,-46.81615370372453,71.97524900686656,72.05798924190034,72.45302347205957,0.0,0.0,0.0,0.0,1.0
bbox_expand_10x__bbox_mean__object_minus_ring_normalized,leave_one_out,time_of_day__distance_range,,8PM,mid,80,85.0,11.180339887498949,77.94663534973495,11.118427420212223,10.619580901860068,0.12473121034411405,0.12887402779079998,13.248347570816343,-0.40414970685724216,-7.053364650265058,-9.617687054789577,21.87407095192652,21.949110148149497,22.89707474938085,0.2375,0.4875,0.75,0.25,0.75
bbox_expand_10x__bbox_mean__object_minus_ring_normalized,leave_one_out,time_of_day__distance_range,,8PM,near,100,40.0,14.142135623730951,77.88705991444374,37.887059914443746,38.16833004241919,1.2585324151498265,0.9542082510604799,40.458357724324834,-7.184393548747174,37.887059914443746,38.16833004241919,58.26267353536495,58.39669790660225,61.23123194467222,0.0,0.0,0.2,1.0,0.0
bbox_expand_10x__bbox_midpoint__object_depth,leave_one_out,weather,clear_sky,,,240,77.5,38.37859646556485,77.20241009901453,32.88924325093907,30.52728736943176,0.6443127542885884,0.3715309759541622,38.804279647849235,-0.022306389129382653,-0.297589900985461,1.8780239362809326,61.46707173099012,72.5440287831048,90.57575117431296,0.07083333333333333,0.1625,0.2833333333333333,0.5125,0.4875
bbox_expand_10x__bbox_midpoint__object_depth,leave_one_out,weather,light_rain,,,240,77.5,38.37859646556485,77.82045035669513,30.00699054356158,27.211839535024666,0.6033476965563392,0.3471241783229846,35.60414343885468,0.13935726392223702,0.3204503566951284,3.8008322049771337,59.85414294260545,65.41551852230346,71.86368443422757,0.07083333333333333,0.18333333333333332,0.37083333333333335,0.5208333333333334,0.4791666666666667
bbox_expand_10x__bbox_midpoint__object_depth,leave_one_out,time_of_day,,10AM,,240,77.5,38.37859646556485,76.92637270362056,30.275452368212992,27.621374999962946,0.587896501608904,0.3562779055942862,35.96012406144655,0.12206131427578348,-0.5736272963794439,2.3692160103868005,59.85259582511049,63.92488309942883,90.57575117431296,0.07916666666666666,0.175,0.32916666666666666,0.5125,0.4875
bbox_expand_10x__bbox_midpoint__object_depth,leave_one_out,time_of_day,,8PM,,240,77.5,38.37859646556485,78.0964877520891,32.62078142628765,31.006763395206278,0.6597639492360234,0.3537175742320599,38.47462314940067,-0.005010439482929119,0.5964877520891074,3.961596190769278,61.45149144951087,66.79943182689108,90.38270933323793,0.0625,0.17083333333333334,0.325,0.5208333333333334,0.4791666666666667
bbox_expand_10x__bbox_midpoint__object_depth,leave_one_out,distance_range,,,far,120,130.0,14.719601443879744,80.59425016166483,49.40574983833517,46.00141796732318,0.3727229754945751,0.3693685976622061,52.057313556703285,-11.507525668035031,-49.40574983833517,-46.00141796732318,71.4034746376947,76.4040760066403,90.57575117431296,0.0,0.0,0.0,0.0,1.0
bbox_expand_10x__bbox_midpoint__object_depth,leave_one_out,distance_range,,,mid,160,85.0,11.180339887498949,77.6380797048241,12.759082347864265,10.412084822713936,0.1461242111639141,0.13374221393054425,15.580726053205307,-0.9420721947602451,-7.361920295175905,-6.313632104011937,24.669647879799655,31.092391612010644,42.89285508845955,0.2,0.46875,0.76875,0.3125,0.6875
bbox_expand_10x__bbox_midpoint__object_depth,leave_one_out,distance_range,,,near,200,40.0,14.142135623730951,75.56041868599343,35.62476477210826,34.145790264742544,1.1566593867860369,0.8884478171143775,38.832036033191095,-6.539635112415257,35.560418685993426,34.145790264742544,56.69964184062444,61.28132091998783,76.63126864335202,0.01,0.04,0.17,0.99,0.01
bbox_expand_10x__bbox_midpoint__object_depth,leave_one_out,weather__distance_range,clear_sky,,far,60,130.0,14.719601443879744,79.08340000197015,50.91659999802986,46.41712300185154,0.3830663596117603,0.373922122094306,54.10823052602734,-12.51246435688177,-50.91659999802986,-46.41712300185154,76.4872689217321,81.88295251620075,90.57575117431296,0.0,0.0,0.0,0.0,1.0
bbox_expand_10x__bbox_midpoint__object_depth,leave_one_out,weather__distance_range,clear_sky,,mid,80,85.0,11.180339887498949,75.91328218325354,14.098881641982336,11.373577283061806,0.16052432421384263,0.1425953443343646,17.35310087740936,-1.4090408804923644,-9.086717816746463,-7.703819059534446,29.130496200403734,31.355435016968656,42.89285508845955,0.2125,0.475,0.6625,0.2875,0.7125
bbox_expand_10x__bbox_midpoint__object_depth,leave_one_out,weather__distance_range,clear_sky,,near,100,40.0,14.142135623730951,77.10511848984996,37.10511848984997,35.0708855813675,1.1880913351544815,1.0031193292807032,40.20358977912919,-7.081643155642507,37.10511848984997,35.0708855813675,58.1671641854095,61.4340560544181,76.63126864335202,0.0,0.01,0.15,1.0,0.0
bbox_expand_10x__bbox_midpoint__object_depth,leave_one_out,weather__distance_range,light_rain,,far,60,130.0,14.719601443879744,82.10510032135953,47.89489967864049,44.478753156809475,0.36237959137739,0.3558300252544758,49.92221127738763,-10.502586979188289,-47.89489967864049,-44.478753156809475,66.39933588744425,69.1664118036824,71.86368443422757,0.0,0.0,0.0,0.0,1.0
bbox_expand_10x__bbox_midpoint__object_depth,leave_one_out,weather__distance_range,light_rain,,mid,80,85.0,11.180339887498949,79.36287722639466,11.419283053746195,10.412084822713936,0.1317240981139855,0.12221363876814556,13.578952044562044,-0.4751035090281257,-5.637122773605347,-5.541676008293017,20.48358400762417,24.690744422282847,34.8684057541339,0.1875,0.4625,0.875,0.3375,0.6625
bbox_expand_10x__bbox_midpoint__object_depth,leave_one_out,weather__distance_range,light_rain,,near,100,40.0,14.142135623730951,74.01571888213687,34.14441105436654,32.34548249747648,1.1252274384175918,0.8038084475656633,37.410231405828036,-5.997627069188011,34.01571888213688,32.34548249747648,54.14558548070395,57.69123217380514,71.09831643878478,0.02,0.07,0.19,0.98,0.02
bbox_expand_10x__bbox_midpoint__object_depth,leave_one_out,time_of_day__distance_range,,10AM,far,60,130.0,14.719601443879744,81.37120539063564,48.62879460936437,45.332119830472,0.3670146929192896,0.36607881686854044,51.221224800450514,-11.108987092576706,-48.62879460936437,-45.332119830472,68.31787801301681,74.17786219764143,90.57575117431296,0.0,0.0,0.0,0.0,1.0
bbox_expand_10x__bbox_midpoint__object_depth,leave_one_out,time_of_day__distance_range,,10AM,mid,80,85.0,11.180339887498949,77.53877779435132,12.14282487408207,10.267791340586108,0.1389996636482082,0.12221363876814556,14.831643271851755,-0.7598211371477235,-7.461222205648687,-5.795305703784436,23.605507815945092,26.484061319120894,32.73327057387992,0.2375,0.475,0.775,0.2875,0.7125
bbox_expand_10x__bbox_midpoint__object_depth,leave_one_out,time_of_day__distance_range,,10AM,near,100,40.0,14.142135623730951,73.76954901882691,33.7695490188269,31.03797675719978,1.0795430571912297,0.8031470166437262,36.78807983960785,-5.766814091426808,33.7695490188269,31.03797675719978,52.80606605665064,58.73117574643145,76.63126864335202,0.0,0.04,0.17,1.0,0.0
bbox_expand_10x__bbox_midpoint__object_depth,leave_one_out,time_of_day__distance_range,,8PM,far,60,130.0,14.719601443879744,79.81729493269404,50.18270506730598,46.12040075147306,0.3784312580698607,0.3693685976622061,52.88018456306256,-11.906064243493356,-50.18270506730598,-46.12040075147306,72.56074976862008,77.99566295593887,90.38270933323793,0.0,0.0,0.0,0.0,1.0
bbox_expand_10x__bbox_midpoint__object_depth,leave_one_out,time_of_day__distance_range,,8PM,mid,80,85.0,11.180339887498949,77.73738161529687,13.37533982164646,10.661970763619031,0.15324875867961996,0.13428596575321744,16.295410597668162,-1.1243232523727662,-7.262618384703124,-7.2815163372936595,27.080120305904373,31.380248234121016,42.89285508845955,0.1625,0.4625,0.7625,0.3375,0.6625
bbox_expand_10x__bbox_midpoint__object_depth,leave_one_out,time_of_day__distance_range,,8PM,near,100,40.0,14.142135623730951,77.35128835315993,37.47998052538961,39.9488875553683,1.2337757163808438,1.0326826677642469,40.773658490264786,-7.312456133403707,37.351288353159944,39.9488875553683,57.771250654168085,61.4340560544181,72.83028264009786,0.02,0.04,0.17,0.98,0.02
bbox_expand_10x__bbox_midpoint__object_depth_percentile_5_95,leave_one_out,weather,clear_sky,,,240,77.5,38.37859646556485,77.65780967823692,32.89323890991931,31.084799519763543,0.6685312873701336,0.3595866121069348,38.60367135543063,-0.011763581636047737,0.15780967823692435,-0.6514144732042837,61.970466033663996,70.90449347278984,78.90496482473299,0.075,0.15,0.30416666666666664,0.49166666666666664,0.5083333333333333
bbox_expand_10x__bbox_midpoint__object_depth_percentile_5_95,leave_one_out,weather,light_rain,,,240,77.5,38.37859646556485,77.36097268303985,32.0404762938445,30.761808866849705,0.6522166589264955,0.35869895380401884,38.02243976925462,0.018474053064829188,-0.139027316960149,2.9229632658919016,59.63726793705874,70.5536699970387,77.0932398679338,0.0875,0.17916666666666667,0.3333333333333333,0.5125,0.4875
bbox_expand_10x__bbox_midpoint__object_depth_percentile_5_95,leave_one_out,time_of_day,,10AM,,240,77.5,38.37859646556485,76.84330283418632,32.09754856718229,30.96265397645277,0.6488794923577967,0.363893507922905,38.01274504918272,0.018974515751627674,-0.6566971658136803,-0.6514144732042837,59.498808096844066,70.14696291444754,77.0932398679338,0.09166666666666666,0.1625,0.32916666666666666,0.4875,0.5125
bbox_expand_10x__bbox_midpoint__object_depth_percentile_5_95,leave_one_out,time_of_day,,8PM,,240,77.5,38.37859646556485,78.17547952709045,32.836166636581524,31.616501944342254,0.6718684539388324,0.3561520340783221,38.613217710397116,-0.012264044322846113,0.6754795270904538,4.047786207018746,61.94271321096951,70.9073019275973,78.90496482473299,0.07083333333333333,0.16666666666666666,0.30833333333333335,0.5166666666666667,0.48333333333333334
bbox_expand_10x__bbox_midpoint__object_depth_percentile_5_95,leave_one_out,distance_range,,,far,120,130.0,14.719601443879744,78.29831106839784,51.701688931602185,46.65339213001778,0.390388825313356,0.37643337141555033,53.83974840717783,-12.378700808684037,-51.701688931602185,-46.65339213001778,72.75191058488859,74.14317884308211,78.90496482473299,0.0,0.0,0.0,0.0,1.0
bbox_expand_10x__bbox_midpoint__object_depth_percentile_5_95,leave_one_out,distance_range,,,mid,160,85.0,11.180339887498949,76.86849134345053,11.688357209777815,10.221659067494336,0.13024341214753812,0.12634268308993535,14.270617660025263,-0.6292042271889993,-8.13150865654948,-8.38535914996914,23.248872577281176,25.23258818686345,30.96265397645277,0.24375,0.49375,0.775,0.25625,0.74375
bbox_expand_10x__bbox_midpoint__object_depth_percentile_5_95,leave_one_out,distance_range,,,near,200,40.0,14.142135623730951,77.54875911773301,37.54875911773301,37.66347159925865,1.2464695106499109,0.9415867899814663,40.26149169990854,-7.104938569509022,37.54875911773301,37.66347159925865,56.466977584366475,60.399659324674566,67.28427341074756,0.0,0.0,0.145,1.0,0.0
bbox_expand_10x__bbox_midpoint__object_depth_percentile_5_95,leave_one_out,weather__distance_range,clear_sky,,far,60,130.0,14.719601443879744,78.5522457389412,51.44775426105879,46.118273728076986,0.3879358974703369,0.37441541676896983,53.764029178108885,-12.341096154451739,-51.44775426105879,-46.118273728076986,73.74419723883574,75.76819386235867,78.90496482473299,0.0,0.0,0.0,0.0,1.0
bbox_expand_10x__bbox_midpoint__object_depth_percentile_5_95,leave_one_out,weather__distance_range,clear_sky,,mid,80,85.0,11.180339887498949,76.33719287433766,12.371849177796628,10.691907251212854,0.1383521982998449,0.13443951217858885,14.97468878567066,-0.793930433821525,-8.662807125662345,-9.375123412433823,23.401023885528794,27.44443778708807,30.96265397645277,0.225,0.45,0.7625,0.225,0.775
bbox_expand_10x__bbox_midpoint__object_depth_percentile_5_95,leave_one_out,weather__distance_range,clear_sky,,near,100,40.0,14.142135623730951,78.17764148493377,38.17764148493377,39.76357153112699,1.2610317925662426,1.050361569283294,40.77804210138773,-7.314243588112751,38.17764148493377,39.76357153112699,56.68584674577147,61.799848276439434,67.28427341074756,0.0,0.0,0.12,1.0,0.0
bbox_expand_10x__bbox_midpoint__object_depth_percentile_5_95,leave_one_out,weather__distance_range,light_rain,,far,60,130.0,14.719601443879744,78.04437639785444,51.955623602145565,47.11611187831431,0.39284175315637504,0.3778288424302253,53.91536129557023,-12.416305462916332,-51.955623602145565,-47.11611187831431,72.58880375475061,73.02523701074354,77.0932398679338,0.0,0.0,0.0,0.0,1.0
bbox_expand_10x__bbox_midpoint__object_depth_percentile_5_95,leave_one_out,weather__distance_range,light_rain,,mid,80,85.0,11.180339887498949,77.39978981256338,11.004865241759001,8.773882757396287,0.12213462599523132,0.11506024891314297,13.529957596739145,-0.46447802055647425,-7.6002101874366135,-7.252340571246272,22.863771381571617,23.433651239599826,30.96265397645277,0.2625,0.5375,0.7875,0.2875,0.7125
bbox_expand_10x__bbox_midpoint__object_depth_percentile_5_95,leave_one_out,weather__distance_range,light_rain,,near,100,40.0,14.142135623730951,76.91987675053228,36.91987675053227,36.11799963895461,1.231907228733579,0.9029499909738652,39.73822731553407,-6.89563355090529,36.91987675053227,36.11799963895461,56.17646986657745,59.06356824151486,64.89954032277411,0.0,0.0,0.17,1.0,0.0
bbox_expand_10x__bbox_midpoint__object_depth_percentile_5_95,leave_one_out,time_of_day__distance_range,,10AM,far,60,130.0,14.719601443879744,78.08467083255752,51.91532916744248,47.187946560403496,0.39231230866699046,0.38683599952648295,53.98210640269654,-12.449543746178694,-51.91532916744248,-47.187946560403496,72.75894838383081,74.94609065730548,77.0932398679338,0.0,0.0,0.0,0.0,1.0
bbox_expand_10x__bbox_midpoint__object_depth_percentile_5_95,leave_one_out,time_of_day__distance_range,,10AM,mid,80,85.0,11.180339887498949,76.14992758085836,11.539671028682552,10.240197232780488,0.12744307172705066,0.12165615626869561,14.40057291250515,-0.6590120016670165,-8.850072419141632,-9.807934424449407,23.4005668700769,28.359040586640848,30.96265397645277,0.275,0.4875,0.7875,0.2125,0.7875
bbox_expand_10x__bbox_midpoint__object_depth_percentile_5_95,leave_one_out,time_of_day__distance_range,,10AM,near,100,40.0,14.142135623730951,76.65318223782597,36.65318223782596,36.11799963895461,1.2199689390768773,0.9029499909738652,39.4155197815285,-6.7679159982403245,36.65318223782596,36.11799963895461,55.39964495468977,59.048177119780604,64.89954032277411,0.0,0.0,0.16,1.0,0.0
bbox_expand_10x__bbox_midpoint__object_depth_percentile_5_95,leave_one_out,time_of_day__distance_range,,8PM,far,60,130.0,14.719601443879744,78.51195130423812,51.488048695761876,46.21843190532619,0.38846534195972154,0.37357715578745987,53.697013002813904,-12.307857871189377,-51.488048695761876,-46.21843190532619,72.75191058488859,74.05790987962943,78.90496482473299,0.0,0.0,0.0,0.0,1.0
bbox_expand_10x__bbox_midpoint__object_depth_percentile_5_95,leave_one_out,time_of_day__distance_range,,8PM,mid,80,85.0,11.180339887498949,77.58705510604268,11.837043390873081,10.137985225479426,0.1330437525680256,0.1291287087312062,14.139468044762957,-0.5993964527109823,-7.412944893957326,-6.662457231524691,22.86462778355748,23.496369290143026,28.72537017015324,0.2125,0.5,0.7625,0.3,0.7
bbox_expand_10x__bbox_midpoint__object_depth_percentile_5_95,leave_one_out,time_of_day__distance_range,,8PM,near,100,40.0,14.142135623730951,78.44433599764008,38.444335997640074,40.16579402898522,1.2729700822229444,1.0119459746848136,41.090050233061824,-7.441961140777721,38.444335997640074,40.16579402898522,58.00878205797156,61.799848276439434,67.28427341074756,0.0,0.0,0.13,1.0,0.0
bbox_expand_10x__bbox_midpoint__object_minus_ring,leave_one_out,weather,clear_sky,,,240,77.5,38.37859646556485,76.58636007330766,32.09279873545157,31.911916679833325,0.63425600090287,0.36083217216917696,37.60793820960283,0.039757612643414375,-0.9136399266923434,1.063943861693872,62.90551696759649,67.83693289516904,76.70843177443152,0.058333333333333334,0.15416666666666667,0.3375,0.5125,0.4875
bbox_expand_10x__bbox_midpoint__object_minus_ring,leave_one_out,weather,light_rain,,,240,77.5,38.37859646556485,78.40175530680652,31.219515065631118,31.61545194352273,0.6317337189333698,0.34404181905220865,37.02257864902258,0.06941691893200863,0.9017553068065297,2.7669500443167934,62.66387562597577,67.43350210677698,79.53858146324778,0.08333333333333333,0.16666666666666666,0.36666666666666664,0.5375,0.4625
bbox_expand_10x__bbox_midpoint__object_minus_ring,leave_one_out,time_of_day,,10AM,,240,77.5,38.37859646556485,75.8484081570254,31.767605332222512,31.315855505675096,0.6162398029242696,0.36424032186706834,37.38216952626888,0.051252097205744196,-1.6515918429745966,1.5026634305643185,62.66387562597577,68.19157631657053,79.53858146324778,0.06666666666666667,0.15833333333333333,0.3333333333333333,0.5166666666666667,0.48333333333333334
bbox_expand_10x__bbox_midpoint__object_minus_ring,leave_one_out,time_of_day,,8PM,,240,77.5,38.37859646556485,79.13970722308879,31.544708468860176,32.05203211346366,0.6497499169119703,0.3383737566788556,37.250526811169536,0.05792243436967881,1.639707223088783,2.439269715143503,62.90551696759649,67.43350210677698,71.28563911445981,0.075,0.1625,0.37083333333333335,0.5333333333333333,0.4666666666666667
bbox_expand_10x__bbox_midpoint__object_minus_ring,leave_one_out,distance_range,,,far,120,130.0,14.719601443879744,80.6249719846187,49.375028015381304,43.231651661724825,0.3728554166064073,0.34618894644709075,51.502224633260504,-11.24221142542227,-49.375028015381304,-43.231651661724825,68.50509843121803,69.25889993334567,76.70843177443152,0.0,0.0,0.0,0.0,1.0
bbox_expand_10x__bbox_midpoint__object_minus_ring,leave_one_out,distance_range,,,mid,160,85.0,11.180339887498949,77.0021544770237,12.880773798408976,11.10827678207555,0.14915317777085244,0.14142955598669624,16.10617378762451,-1.0752706726173025,-7.997845522976304,-8.452816537248943,21.934313312440324,31.762004935328793,60.843201973229775,0.18125,0.425,0.8625,0.33125,0.66875
bbox_expand_10x__bbox_midpoint__object_minus_ring,leave_one_out,distance_range,,,near,200,40.0,14.142135623730951,76.00903168374684,36.04514071334327,34.45025152711157,1.1761518716229615,0.9329759651879245,39.281286420811306,-6.715097314369073,36.00903168374684,34.45025152711157,57.778216179426224,61.77961443521992,79.53858146324778,0.025,0.045,0.155,0.995,0.005
bbox_expand_10x__bbox_midpoint__object_minus_ring,leave_one_out,weather__distance_range,clear_sky,,far,60,130.0,14.719601443879744,80.40837641286433,49.591623587135665,43.43109935585326,0.3745969149003867,0.3474487948468261,51.71618385463098,-11.344140026858433,-49.591623587135665,-43.43109935585326,68.50509843121803,68.83152602263358,76.70843177443152,0.0,0.0,0.0,0.0,1.0
bbox_expand_10x__bbox_midpoint__object_minus_ring,leave_one_out,weather__distance_range,clear_sky,,mid,80,85.0,11.180339887498949,75.23258201694944,14.774190048686597,11.316656997695674,0.17220309637713874,0.16166652853850963,18.46819169956079,-1.7285928372138084,-9.767417983050565,-9.374089242533898,27.03408543261335,37.739290389226035,60.843201973229775,0.125,0.3875,0.8,0.3,0.7
bbox_expand_10x__bbox_midpoint__object_minus_ring,leave_one_out,weather__distance_range,clear_sky,,near,100,40.0,14.142135623730951,75.37617271466023,35.44839077385309,33.72476336947858,1.159693776124945,0.9213450211208996,38.94687859241808,-6.5842967604627685,35.376172714660235,33.72476336947858,58.76974358381587,61.9497437218714,69.38467691501602,0.04,0.06,0.17,0.99,0.01
bbox_expand_10x__bbox_midpoint__object_minus_ring,leave_one_out,weather__distance_range,light_rain,,far,60,130.0,14.719601443879744,80.84156755637308,49.15843244362692,43.1824358387255,0.37111391831242785,0.3461804952754244,51.28737283058723,-11.14028282398611,-49.15843244362692,-43.1824358387255,68.27901920775705,69.25889993334567,71.95687904908438,0.0,0.0,0.0,0.0,1.0
bbox_expand_10x__bbox_midpoint__object_minus_ring,leave_one_out,weather__distance_range,light_rain,,mid,80,85.0,11.180339887498949,78.77172693709795,10.987357548131353,10.388360933013146,0.12610325916456616,0.12921682451945016,13.332050236276473,-0.4219485080207963,-6.228273062902045,-7.300522742654358,18.83743575266277,21.746223763252427,43.48715614826146,0.2375,0.4625,0.925,0.3625,0.6375
bbox_expand_10x__bbox_midpoint__object_minus_ring,leave_one_out,weather__distance_range,light_rain,,near,100,40.0,14.142135623730951,76.64189065283345,36.64189065283345,37.93530496017059,1.192609967120978,0.9483826240042648,39.612871312934075,-6.845897868275378,36.64189065283345,37.93530496017059,55.039939425013486,61.63336039887059,79.53858146324778,0.01,0.03,0.14,1.0,0.0
bbox_expand_10x__bbox_midpoint__object_minus_ring,leave_one_out,time_of_day__distance_range,,10AM,far,60,130.0,14.719601443879744,79.46107477544693,50.538925224553054,43.56454672871011,0.38244393184800296,0.34925594668686766,52.603148487832875,-11.77119029615228,-50.538925224553054,-43.56454672871011,68.58079845504278,70.28504395955298,76.70843177443152,0.0,0.0,0.0,0.0,1.0
bbox_expand_10x__bbox_midpoint__object_minus_ring,leave_one_out,time_of_day__distance_range,,10AM,mid,80,85.0,11.180339887498949,74.80800323932121,14.257206928082969,11.243553007676063,0.16503758241592095,0.14151793715516175,18.279176468454583,-1.6730263389192301,-10.191996760678794,-9.191395479649884,30.058884118948303,37.739290389226035,60.843201973229775,0.175,0.4125,0.8125,0.3,0.7
bbox_expand_10x__bbox_midpoint__object_minus_ring,leave_one_out,time_of_day__distance_range,,10AM,near,100,40.0,14.142135623730951,74.51313212013582,34.51313212013583,32.11795767533969,1.1174791019767085,0.859901729248394,37.76594317617362,-6.131332319929874,34.51313212013583,32.11795767533969,54.15522750894993,61.52905592615033,79.53858146324778,0.02,0.05,0.15,1.0,0.0
bbox_expand_10x__bbox_midpoint__object_minus_ring,leave_one_out,time_of_day__distance_range,,8PM,far,60,130.0,14.719601443879744,81.78886919379048,48.21113080620954,42.55907529825236,0.3632669013648116,0.34047260238601884,50.37724737931457,-10.71323255469226,-48.21113080620954,-42.55907529825236,68.14629500995758,68.62931008254218,71.28563911445981,0.0,0.0,0.0,0.0,1.0
bbox_expand_10x__bbox_midpoint__object_minus_ring,leave_one_out,time_of_day__distance_range,,8PM,mid,80,85.0,11.180339887498949,79.1963057147262,11.504340668734983,10.925345998657022,0.13326877312578392,0.14142955598669624,13.590046938455432,-0.4775150063153746,-5.803694285273815,-7.5775787942856,19.750532643546403,21.746223763252427,41.981416706676406,0.1875,0.4375,0.9125,0.3625,0.6375
bbox_expand_10x__bbox_midpoint__object_minus_ring,leave_one_out,time_of_day__distance_range,,8PM,near,100,40.0,14.142135623730951,77.50493124735786,37.57714930655071,38.23660130812617,1.2348246412692148,0.9871548821493739,40.74030512602543,-7.298862308808271,37.50493124735785,38.23660130812617,58.442041011178134,61.82962494527902,69.38467691501602,0.03,0.04,0.16,0.99,0.01
bbox_expand_10x__bbox_midpoint__object_minus_ring_normalized,leave_one_out,weather,clear_sky,,,240,77.5,38.37859646556485,77.3064681360825,32.655808053698344,35.334749271122895,0.6635038776369545,0.36844768685645124,38.36687846565103,0.0006105596392395052,-0.1935318639174966,-1.5040104469216047,58.6224094428926,71.66328057141445,72.61560307769581,0.07916666666666666,0.15416666666666667,0.3333333333333333,0.49166666666666664,0.5083333333333333
bbox_expand_10x__bbox_midpoint__object_minus_ring_normalized,leave_one_out,weather,light_rain,,,240,77.5,38.37859646556485,77.59592622466413,32.39381077501157,29.705744243342856,0.6611975473952246,0.3637479391169029,38.275553102987935,0.005362626077748511,0.09592622466412877,-1.2394179705453823,58.61194273304359,71.6018174489717,73.0677749899994,0.07916666666666666,0.16666666666666666,0.3333333333333333,0.49583333333333335,0.5041666666666667
bbox_expand_10x__bbox_midpoint__object_minus_ring_normalized,leave_one_out,time_of_day,,10AM,,240,77.5,38.37859646556485,76.83503285459508,32.65706755533789,32.531825959857,0.6617262381188245,0.3693150249541399,38.4060863021041,-0.0014330738634240614,-0.6649671454049099,-1.4846345184511591,58.50100947999446,71.66458590768013,73.0677749899994,0.07916666666666666,0.15833333333333333,0.3333333333333333,0.4875,0.5125
bbox_expand_10x__bbox_midpoint__object_minus_ring_normalized,leave_one_out,time_of_day,,8PM,,240,77.5,38.37859646556485,78.06736150615153,32.39255127337203,29.048080803366,0.6629751869133548,0.34946837215089405,38.23621141657497,0.0074062595804123,0.567361506151542,2.2644627008033353,58.678018136193614,71.60076802195736,72.28825643704269,0.07916666666666666,0.1625,0.3333333333333333,0.5,0.5
bbox_expand_10x__bbox_midpoint__object_minus_ring_normalized,leave_one_out,distance_range,,,far,120,130.0,14.719601443879744,78.02199551315957,51.978004486840426,46.617055489789095,0.3925171044457149,0.3729364439183127,53.998487719444796,-12.457707735324755,-51.978004486840426,-46.617055489789095,71.80938145063642,71.94014359711183,73.0677749899994,0.0,0.0,0.0,0.0,1.0
bbox_expand_10x__bbox_midpoint__object_minus_ring_normalized,leave_one_out,distance_range,,,mid,160,85.0,11.180339887498949,77.124227207322,11.497287142791755,11.365998462800789,0.12879963992684784,0.12666232536387728,13.967101957071819,-0.5606394966339157,-7.875772792678008,-11.365998462800789,21.775615586380273,22.265620397751864,38.79097733498966,0.2375,0.48125,0.74375,0.2375,0.7625
bbox_expand_10x__bbox_midpoint__object_minus_ring_normalized,leave_one_out,distance_range,,,near,200,40.0,14.142135623730951,77.37029415914263,37.67491018811424,38.201774173602615,1.251091735429708,0.9553603469415777,40.23526362520337,-7.09438219494807,37.370294159142624,38.201774173602615,58.194912199303104,58.4941895851055,60.1452289341546,0.0,0.0,0.205,0.995,0.005
bbox_expand_10x__bbox_midpoint__object_minus_ring_normalized,leave_one_out,weather__distance_range,clear_sky,,far,60,130.0,14.719601443879744,78.06523801115503,51.93476198884496,46.59083717062898,0.39215928853013243,0.37272669736503183,53.95740709899345,-12.437238988522349,-51.93476198884496,-46.59083717062898,71.8200083937512,71.9114854594447,72.61560307769581,0.0,0.0,0.0,0.0,1.0
bbox_expand_10x__bbox_midpoint__object_minus_ring_normalized,leave_one_out,weather__distance_range,clear_sky,,mid,80,85.0,11.180339887498949,76.38345956087022,12.029336330450294,11.442671426131177,0.13501343797963,0.1275644595928559,14.683657579716822,-0.7248783993470025,-8.616540439129778,-11.442671426131177,21.9756466161496,23.287938107597203,38.79097733498966,0.2375,0.4625,0.7375,0.225,0.775
bbox_expand_10x__bbox_midpoint__object_minus_ring_normalized,leave_one_out,weather__distance_range,clear_sky,,near,100,40.0,14.142135623730951,77.58961307120882,37.58961307120881,38.52910811451939,1.2491029828269078,0.9632277028629848,40.16855440805261,-7.067563816163412,37.58961307120881,38.52910811451939,58.303919279004745,58.47626421929478,59.27781374114247,0.0,0.0,0.21,1.0,0.0
bbox_expand_10x__bbox_midpoint__object_minus_ring_normalized,leave_one_out,weather__distance_range,light_rain,,far,60,130.0,14.719601443879744,77.9787530151641,52.02124698483589,46.649975921383685,0.39287492036129745,0.3731998073710695,54.03953711059664,-12.478176482127163,-52.02124698483589,-46.649975921383685,71.80301852424132,71.94014359711183,73.0677749899994,0.0,0.0,0.0,0.0,1.0
bbox_expand_10x__bbox_midpoint__object_minus_ring_normalized,leave_one_out,weather__distance_range,light_rain,,mid,80,85.0,11.180339887498949,77.86499485377377,10.965237955133217,10.009827582844302,0.1225858418740657,0.12393366688343199,13.211740015611253,-0.39640059392082905,-7.135005146226237,-8.355722042953715,21.636709180583612,21.994365243889053,29.01368452213427,0.2375,0.5,0.75,0.25,0.75
bbox_expand_10x__bbox_midpoint__object_minus_ring_normalized,leave_one_out,weather__distance_range,light_rain,,near,100,40.0,14.142135623730951,77.15097524707643,37.76020730501965,38.12899820836453,1.2530804880325082,0.9550443543400654,40.30186242280305,-7.1212005737327235,37.15097524707643,38.12899820836453,57.642104805479455,58.4941895851055,60.1452289341546,0.0,0.0,0.2,0.99,0.01
bbox_expand_10x__bbox_midpoint__object_minus_ring_normalized,leave_one_out,time_of_day__distance_range,,10AM,far,60,130.0,14.719601443879744,77.7451212162942,52.2548787837058,46.649975921383685,0.3947872292288585,0.3731998073710695,54.23791481833757,-12.577314171574965,-52.2548787837058,-46.649975921383685,71.83508777101109,71.91522031252735,73.0677749899994,0.0,0.0,0.0,0.0,1.0
bbox_expand_10x__bbox_midpoint__object_minus_ring_normalized,leave_one_out,time_of_day__distance_range,,10AM,mid,80,85.0,11.180339887498949,76.16756801112194,11.989813865362612,11.380696770004754,0.13413792653834872,0.12701891536797408,14.747735019954566,-0.7399655057503547,-8.832431988878064,-11.380696770004754,22.210060304040354,26.92266783851914,38.79097733498966,0.2375,0.475,0.7375,0.225,0.775
bbox_expand_10x__bbox_midpoint__object_minus_ring_normalized,leave_one_out,time_of_day__distance_range,,10AM,near,100,40.0,14.142135623730951,76.82295171235414,37.432183770297364,38.11718491110043,1.2439602927171847,0.9546870138441979,40.01272951483593,-7.005092616137112,36.82295171235415,38.11718491110043,57.5236064577566,58.41560925372038,60.1452289341546,0.0,0.0,0.21,0.99,0.01
bbox_expand_10x__bbox_midpoint__object_minus_ring_normalized,leave_one_out,time_of_day__distance_range,,8PM,far,60,130.0,14.719601443879744,78.29886981002493,51.70113018997506,46.58943812079669,0.39024697966257127,0.3727155049663735,53.75799427185521,-12.338101299074543,-51.70113018997506,-46.58943812079669,71.6925128187976,71.94014359711183,72.28825643704269,0.0,0.0,0.0,0.0,1.0
bbox_expand_10x__bbox_midpoint__object_minus_ring_normalized,leave_one_out,time_of_day__distance_range,,8PM,mid,80,85.0,11.180339887498949,78.08088640352204,11.004760420220897,10.746083800240577,0.12346135331534694,0.1264990108393888,13.14017450187343,-0.3813134875174773,-6.919113596477949,-8.464004127349789,21.620040270652144,21.740326895820534,23.10242883279416,0.2375,0.4875,0.75,0.25,0.75
bbox_expand_10x__bbox_midpoint__object_minus_ring_normalized,leave_one_out,time_of_day__distance_range,,8PM,near,100,40.0,14.142135623730951,77.9176366059311,37.917636605931094,38.26196802879582,1.258223178142231,0.9565492007198955,40.456573690215095,-7.183671773759022,37.917636605931094,38.26196802879582,58.42561793668183,58.61143773704077,59.27781374114247,0.0,0.0,0.2,1.0,0.0
bbox_expand_10x__inner50_median__object_depth,leave_one_out,weather,clear_sky,,,240,77.5,38.37859646556485,77.20563643024822,32.99685174869593,30.46983148377749,0.6500175575337747,0.37341561462031264,38.871217844607756,-0.025836431155611184,-0.29436356975177014,1.375540466683205,61.539310499235704,72.04631567905733,89.49422375239527,0.08333333333333333,0.1625,0.2875,0.5125,0.4875
bbox_expand_10x__inner50_median__object_depth,leave_one_out,weather,light_rain,,,240,77.5,38.37859646556485,77.813170749521,30.51671060007786,28.54993025563007,0.6168120993969114,0.3454892243304033,36.16467036568094,0.1120452281810278,0.3131707495210018,3.8782133125193425,59.46207403066426,65.5437540225022,72.53669723997758,0.08333333333333333,0.17916666666666667,0.36666666666666664,0.5166666666666667,0.48333333333333334
bbox_expand_10x__inner50_median__object_depth,leave_one_out,time_of_day,,10AM,,240,77.5,38.37859646556485,77.06305829572423,30.825415260528985,28.88651342356401,0.604895613329822,0.359811424904879,36.43212656081707,0.09886290529444375,-0.43694170427576184,1.6188793118596294,59.397832184100714,65.3614260833062,89.49422375239527,0.0875,0.16666666666666666,0.3375,0.5041666666666667,0.49583333333333335
bbox_expand_10x__inner50_median__object_depth,leave_one_out,time_of_day,,8PM,,240,77.5,38.37859646556485,77.955748884045,32.688147088244804,30.939388873431135,0.6619340436008642,0.36141396352453375,38.6206565666344,-0.01265410826902702,0.4557488840449897,3.334585996224405,61.853043253236905,67.51792231583133,89.4281416896364,0.07916666666666666,0.175,0.31666666666666665,0.525,0.475
bbox_expand_10x__inner50_median__object_depth,leave_one_out,distance_range,,,far,120,130.0,14.719601443879744,79.8758460205477,50.12415397945229,45.78109732708497,0.37822780170566445,0.37430475536485913,52.6604302963339,-11.799019626130958,-50.12415397945229,-45.78109732708497,72.10813091843227,76.74036674974546,89.49422375239527,0.0,0.0,0.0,0.0,1.0
bbox_expand_10x__inner50_median__object_depth,leave_one_out,distance_range,,,mid,160,85.0,11.180339887498949,77.5541428901752,12.578831823092068,11.06762020740667,0.14343244401476923,0.1376836798341674,15.347106840324557,-0.8842695069466944,-7.445857109824814,-6.746855532490457,24.37523916959516,29.726460575094286,41.61585260255821,0.2375,0.46875,0.7875,0.30625,0.69375
bbox_expand_10x__inner50_median__object_depth,leave_one_out,distance_range,,,near,200,40.0,14.142135623730951,76.0537466912543,36.078716972383525,35.58985428572464,1.178512952081609,0.9258502798367246,39.11938712666498,-6.65163224582941,36.053746691254304,35.58985428572464,55.97159554651175,60.258749124377395,74.36025580148949,0.01,0.035,0.155,0.99,0.01
bbox_expand_10x__inner50_median__object_depth,leave_one_out,weather__distance_range,clear_sky,,far,60,130.0,14.719601443879744,78.5573515732386,51.44264842676141,47.21968519475544,0.3871780952349926,0.3797341320106362,54.46893686032059,-12.693223458585804,-51.44264842676141,-47.21968519475544,76.81601627812952,81.66183651375064,89.49422375239527,0.0,0.0,0.0,0.0,1.0
bbox_expand_10x__inner50_median__object_depth,leave_one_out,weather__distance_range,clear_sky,,mid,80,85.0,11.180339887498949,76.02545189494933,13.73512521015032,11.089132058156608,0.15573567605530392,0.14883395311370964,16.944762114574832,-1.2969997049562445,-8.974548105050669,-7.926157724002145,29.073547527906726,30.910495676803595,41.61585260255821,0.25,0.4875,0.6875,0.2875,0.7125
bbox_expand_10x__inner50_median__object_depth,leave_one_out,weather__distance_range,clear_sky,,near,100,40.0,14.142135623730951,77.33875497269314,37.33875497269313,37.10166342771891,1.2031467400958205,1.0276996098994062,40.20587971955478,-7.0825638201165315,37.33875497269313,37.10166342771891,56.6455101968274,61.52216334823734,74.36025580148949,0.0,0.0,0.14,1.0,0.0
bbox_expand_10x__inner50_median__object_depth,leave_one_out,weather__distance_range,light_rain,,far,60,130.0,14.719601443879744,81.19434046785682,48.805659532143174,45.35897133624458,0.3692775081763363,0.36287177068995663,50.78756496718947,-10.90481579367611,-48.805659532143174,-45.35897133624458,67.41068146424614,70.15267499468743,72.53669723997758,0.0,0.0,0.0,0.0,1.0
bbox_expand_10x__inner50_median__object_depth,leave_one_out,weather__distance_range,light_rain,,mid,80,85.0,11.180339887498949,79.08283388540103,11.422538436033813,11.06762020740667,0.13112921197423458,0.131579000130567,13.562537137908343,-0.47153930893714424,-5.917166114598961,-6.706356041250743,20.474409610823862,24.77787092882131,34.36424574854736,0.225,0.45,0.8875,0.325,0.675
bbox_expand_10x__inner50_median__object_depth,leave_one_out,weather__distance_range,light_rain,,near,100,40.0,14.142135623730951,74.76873840981548,34.81867897207392,33.692137443443016,1.1538791640673978,0.8573242486659226,38.0018438277468,-6.2207006715422875,34.76873840981548,33.692137443443016,54.57397328931984,57.54828797068909,69.2636493905825,0.02,0.07,0.17,0.98,0.02
bbox_expand_10x__inner50_median__object_depth,leave_one_out,time_of_day__distance_range,,10AM,far,60,130.0,14.719601443879744,80.64878324812554,49.351216751874446,45.71722151925959,0.3725158086788208,0.3676542136455808,51.82758535479961,-11.397378170964794,-49.351216751874446,-45.71722151925959,69.33743931902818,74.44419844959012,89.49422375239527,0.0,0.0,0.0,0.0,1.0
bbox_expand_10x__inner50_median__object_depth,leave_one_out,time_of_day__distance_range,,10AM,mid,80,85.0,11.180339887498949,77.45299971356762,12.213245480170174,10.787622531485383,0.13955657367996022,0.13560241288551134,14.705990646982015,-0.7301292872729799,-7.547000286432386,-6.900200847965564,23.73604972142705,26.742618434740457,32.03236191777529,0.2625,0.4625,0.8,0.2625,0.7375
bbox_expand_10x__inner50_median__object_depth,leave_one_out,time_of_day__distance_range,,10AM,near,100,40.0,14.142135623730951,74.59967019000875,34.59967019000875,32.46193896539439,1.116594727840312,0.812664077594474,37.427897868186776,-6.004237694157101,34.59967019000875,32.46193896539439,52.959592310139215,57.4172095465432,74.36025580148949,0.0,0.03,0.17,1.0,0.0
bbox_expand_10x__inner50_median__object_depth,leave_one_out,time_of_day__distance_range,,8PM,far,60,130.0,14.719601443879744,79.10290879296987,50.89709120703013,46.40516003014413,0.38393979473250817,0.37775748155804356,53.48030697631646,-12.200661081297122,-50.89709120703013,-46.40516003014413,73.20248369331705,78.18465129056553,89.4281416896364,0.0,0.0,0.0,0.0,1.0
bbox_expand_10x__inner50_median__object_depth,leave_one_out,time_of_day__distance_range,,8PM,mid,80,85.0,11.180339887498949,77.65528606678276,12.944418166013957,11.629201534066212,0.14730831434957828,0.14875640047577215,15.962494035317638,-1.0384097266204093,-7.344713933217244,-6.721823212159265,25.4404960375498,30.843398854478774,41.61585260255821,0.2125,0.475,0.775,0.35,0.65
bbox_expand_10x__inner50_median__object_depth,leave_one_out,time_of_day__distance_range,,8PM,near,100,40.0,14.142135623730951,77.50782319249986,37.55776375475829,39.91059581940911,1.2404311763229066,1.041221887518439,40.74070887331667,-7.299026797501718,37.50782319249985,39.91059581940911,56.73596804986922,61.52216334823734,71.28022943749804,0.02,0.04,0.14,0.98,0.02
bbox_expand_10x__inner50_median__object_depth_percentile_5_95,leave_one_out,weather,clear_sky,,,240,77.5,38.37859646556485,77.58741644119928,32.84620587474894,32.01765317628661,0.6679119594517497,0.3613038932499165,38.5979155058241,-0.011461894016228547,0.08741644119926756,1.3596556574372585,60.701170119376926,71.56181494399081,77.58006565978422,0.075,0.16666666666666666,0.32083333333333336,0.5083333333333333,0.49166666666666664
bbox_expand_10x__inner50_median__object_depth_percentile_5_95,leave_one_out,weather,light_rain,,,240,77.5,38.37859646556485,77.42803435305298,32.28330453708922,31.669135346219306,0.6575745790615971,0.361783378618621,38.2433263495542,0.007036824704832911,-0.07196564694701048,1.9543555545099949,58.965593173801494,71.34295960380301,76.16876419143814,0.08333333333333333,0.1875,0.32916666666666666,0.5208333333333334,0.4791666666666667
bbox_expand_10x__inner50_median__object_depth_percentile_5_95,leave_one_out,time_of_day,,10AM,,240,77.5,38.37859646556485,77.06128848170823,32.30993424518633,31.669135346219306,0.6554062996613119,0.3672062808928721,38.21619437622274,0.00844525311372779,-0.4387115182917815,1.3596556574372585,59.15282211219346,70.88956059029135,76.16876419143814,0.0875,0.17916666666666667,0.325,0.5125,0.4875
bbox_expand_10x__inner50_median__object_depth_percentile_5_95,leave_one_out,time_of_day,,8PM,,240,77.5,38.37859646556485,77.95416231254404,32.81957616665184,32.23027854324347,0.6700802388520349,0.3551044853887573,38.62477934010762,-0.012870322425123426,0.4541623125440386,3.932653001914879,60.64561345776262,71.56069198421224,77.58006565978422,0.07083333333333333,0.175,0.325,0.5166666666666667,0.48333333333333334
bbox_expand_10x__inner50_median__object_depth_percentile_5_95,leave_one_out,distance_range,,,far,120,130.0,14.719601443879744,77.90944386019872,52.09055613980128,47.05781667109677,0.39334510939884476,0.3786761136079334,54.177674666587734,-12.547171225901335,-52.09055613980128,-47.05781667109677,72.95016057175613,74.06082929690211,77.58006565978422,0.0,0.0,0.0,0.0,1.0
bbox_expand_10x__inner50_median__object_depth_percentile_5_95,leave_one_out,distance_range,,,mid,160,85.0,11.180339887498949,77.0116100864988,11.546865303175746,9.158256465838306,0.12858665094934715,0.12133458591503987,13.999805013111251,-0.5679563232410794,-7.988389913501193,-8.566624622493151,22.99992437465299,24.452196535859365,28.981397516705712,0.2375,0.53125,0.775,0.29375,0.70625
bbox_expand_10x__inner50_median__object_depth_percentile_5_95,leave_one_out,distance_range,,,near,200,40.0,14.142135623730951,77.66358656778444,37.66358656778443,37.75031062673257,1.2517074598172315,0.9437577656683143,40.309966736734104,-7.12446709158305,37.66358656778443,37.75031062673257,57.86177509794492,59.50148375647281,64.51262758202071,0.0,0.0,0.16,1.0,0.0
bbox_expand_10x__inner50_median__object_depth_percentile_5_95,leave_one_out,weather__distance_range,clear_sky,,far,60,130.0,14.719601443879744,78.11379950039692,51.8862004996031,46.23031022379732,0.3914064409576279,0.3750991442780389,54.10105296871306,-12.508879687646907,-51.8862004996031,-46.23031022379732,73.72172800802788,75.10564806284977,77.58006565978422,0.0,0.0,0.0,0.0,1.0
bbox_expand_10x__inner50_median__object_depth_percentile_5_95,leave_one_out,weather__distance_range,clear_sky,,mid,80,85.0,11.180339887498949,76.57723081868676,12.024298369931126,10.035383555398411,0.13409067528508672,0.12822410218483893,14.5062272055713,-0.6834450219172554,-8.422769181313244,-8.754028733943713,23.220630248811773,26.373873967206013,28.981397516705712,0.225,0.5,0.7875,0.275,0.725
bbox_expand_10x__inner50_median__object_depth_percentile_5_95,leave_one_out,weather__distance_range,clear_sky,,near,100,40.0,14.142135623730951,78.0797351036907,38.07973510369069,40.585597623972326,1.2608722978815532,1.014639940599308,40.63273229505424,-7.25509466880772,38.07973510369069,40.585597623972326,58.39280257257912,60.500050028810286,64.51262758202071,0.0,0.0,0.14,1.0,0.0
bbox_expand_10x__inner50_median__object_depth_percentile_5_95,leave_one_out,weather__distance_range,light_rain,,far,60,130.0,14.719601443879744,77.70508822000055,52.294911779999474,47.3214025626084,0.3952837778400617,0.37965241503269265,54.254188153853605,-12.585462764155764,-52.294911779999474,-47.3214025626084,72.81989538070064,73.21322484200005,76.16876419143814,0.0,0.0,0.0,0.0,1.0
bbox_expand_10x__inner50_median__object_depth_percentile_5_95,leave_one_out,weather__distance_range,light_rain,,mid,80,85.0,11.180339887498949,77.44598935431085,11.069432236420369,8.731538750385873,0.12308262661360761,0.11559494447556284,13.47436280759179,-0.4524676245649033,-7.554010645689142,-8.071968514325093,22.677203538945378,23.154376642507387,28.98139751670567,0.25,0.5625,0.7625,0.3125,0.6875
bbox_expand_10x__inner50_median__object_depth_percentile_5_95,leave_one_out,weather__distance_range,light_rain,,near,100,40.0,14.142135623730951,77.24743803187818,37.247438031878175,36.70814349697994,1.2425426217529099,0.9177035874244985,39.98459581978635,-6.993839514358381,37.247438031878175,36.70814349697994,57.722373994779076,58.79215153825477,62.73521482215939,0.0,0.0,0.18,1.0,0.0
bbox_expand_10x__inner50_median__object_depth_percentile_5_95,leave_one_out,time_of_day__distance_range,,10AM,far,60,130.0,14.719601443879744,77.80197922889325,52.198020771106755,47.48775499763291,0.3943573362993738,0.3837166855431041,54.234251167810044,-12.575479998768179,-52.198020771106755,-47.48775499763291,72.87240249113768,74.58982028309998,76.16876419143814,0.0,0.0,0.0,0.0,1.0
bbox_expand_10x__inner50_median__object_depth_percentile_5_95,leave_one_out,time_of_day__distance_range,,10AM,mid,80,85.0,11.180339887498949,76.48853466256796,11.437440796342134,8.833462256218823,0.1265639276551005,0.11909636218310714,14.051822517662353,-0.5796297285430618,-8.511465337432037,-8.754028733943713,23.15040349766289,27.053217148411353,28.981397516705712,0.2625,0.5375,0.775,0.2875,0.7125
bbox_expand_10x__inner50_median__object_depth_percentile_5_95,leave_one_out,time_of_day__distance_range,,10AM,near,100,40.0,14.142135623730951,77.0750770887094,37.075077088709406,36.97502098451058,1.2351095752834436,0.9243755246127645,39.77902283300587,-6.91185328774401,37.075077088709406,36.97502098451058,56.32769444395855,58.870326734511316,62.73521482215939,0.0,0.0,0.16,1.0,0.0
bbox_expand_10x__inner50_median__object_depth_percentile_5_95,leave_one_out,time_of_day__distance_range,,8PM,far,60,130.0,14.719601443879744,78.01690849150421,51.98309150849581,46.772264701301985,0.3923328824983158,0.37417811761041586,54.121039022030416,-12.51886245303449,-51.98309150849581,-46.772264701301985,72.95016057175613,73.83012319985316,77.58006565978422,0.0,0.0,0.0,0.0,1.0
bbox_expand_10x__inner50_median__object_depth_percentile_5_95,leave_one_out,time_of_day__distance_range,,8PM,mid,80,85.0,11.180339887498949,77.53468551042965,11.656289810009358,9.422270042165891,0.1306093742435938,0.13066944405377381,13.947593510795581,-0.5562829179390962,-7.465314489570349,-6.883241819338018,22.825472931791246,23.425683736834454,27.233487393292293,0.2125,0.525,0.775,0.3,0.7
bbox_expand_10x__inner50_median__object_depth_percentile_5_95,leave_one_out,time_of_day__distance_range,,8PM,near,100,40.0,14.142135623730951,78.25209604685946,38.25209604685945,39.57686373103756,1.2683053443510193,0.9894215932759391,40.83400762947984,-7.3370808954220905,38.25209604685945,39.57686373103756,58.154583482935095,60.500050028810286,64.51262758202071,0.0,0.0,0.16,1.0,0.0
bbox_expand_10x__inner50_median__object_minus_ring,leave_one_out,weather,clear_sky,,,240,77.5,38.37859646556485,76.68991517517377,32.25208995835157,31.850596229426827,0.6425714749696322,0.35304822603630265,37.8359269606465,0.028079862650267295,-0.8100848248262328,0.5758079408934407,60.819148319901906,69.18481460892782,75.41932686330512,0.06666666666666667,0.15416666666666667,0.3333333333333333,0.5125,0.4875
bbox_expand_10x__inner50_median__object_minus_ring,leave_one_out,weather,light_rain,,,240,77.5,38.37859646556485,78.30344294507304,31.85585215501802,31.559517113720247,0.64868253835094,0.3518816701462514,37.680693518461005,0.0360387005156283,0.8034429450730386,1.2069448363829238,61.29150707386043,69.14475916537417,75.62221164699203,0.075,0.16666666666666666,0.3625,0.5458333333333333,0.45416666666666666
bbox_expand_10x__inner50_median__object_minus_ring,leave_one_out,time_of_day,,10AM,,240,77.5,38.37859646556485,76.21811138574589,32.29921366363401,30.904450749831994,0.6368365960977117,0.35462570575461616,37.862951648740456,0.02669095951013889,-1.281888614254128,0.550959969051533,61.0849097411471,69.19199329603751,75.62221164699203,0.058333333333333334,0.15,0.3333333333333333,0.5125,0.4875
bbox_expand_10x__inner50_median__object_minus_ring,leave_one_out,time_of_day,,8PM,,240,77.5,38.37859646556485,78.77524673450095,31.808728449735575,32.38600495297974,0.6544174172228607,0.3502227373349204,37.653538020333606,0.0374276036557567,1.2752467345009297,1.2143972802180727,61.25993229223749,69.06094890916519,72.11631638116357,0.08333333333333333,0.17083333333333334,0.3625,0.5458333333333333,0.45416666666666666
bbox_expand_10x__inner50_median__object_minus_ring,leave_one_out,distance_range,,,far,120,130.0,14.719601443879744,79.53929465978815,50.46070534021184,44.33248320478532,0.3811263973871183,0.35600411983485325,52.52882337239878,-11.735125930255395,-50.46070534021184,-44.33248320478532,69.60645290767297,69.89135898986444,75.41932686330512,0.0,0.0,0.0,0.0,1.0
bbox_expand_10x__inner50_median__object_minus_ring,leave_one_out,distance_range,,,mid,160,85.0,11.180339887498949,76.9669412977061,12.447759277072516,10.273659347526532,0.14260539327312216,0.138160881293928,15.412432641349687,-0.9003446393931303,-8.033058702293896,-9.401787437379483,20.504911834831574,28.564181172859954,56.578776604556886,0.2,0.44375,0.88125,0.3375,0.6625
bbox_expand_10x__inner50_median__object_minus_ring,leave_one_out,distance_range,,,near,200,40.0,14.142135623730951,76.69489991025839,36.69489991025839,36.348733799252706,1.2067446629339178,0.9813115165814136,39.69974313181088,-6.880348023658825,36.69489991025839,36.348733799252706,58.75842235604384,60.77077823603946,75.62221164699203,0.01,0.03,0.13,1.0,0.0
bbox_expand_10x__inner50_median__object_minus_ring,leave_one_out,weather__distance_range,clear_sky,,far,60,130.0,14.719601443879744,79.43473528839387,50.565264711606126,44.74837320584133,0.3819486553955183,0.35798698564673065,52.63491284056342,-11.786618691078651,-50.565264711606126,-44.74837320584133,69.71057647994108,69.96300393891786,75.41932686330512,0.0,0.0,0.0,0.0,1.0
bbox_expand_10x__inner50_median__object_minus_ring,leave_one_out,weather__distance_range,clear_sky,,mid,80,85.0,11.180339887498949,75.5060566031174,13.844683885241613,10.427128478008427,0.15937868415706513,0.1444937631853912,17.239576576855647,-1.3776240043941588,-9.49394339688261,-9.69745505095625,26.007615328021807,33.33467531103677,56.578776604556886,0.175,0.4,0.8125,0.2875,0.7125
bbox_expand_10x__inner50_median__object_minus_ring,leave_one_out,weather__distance_range,clear_sky,,near,100,40.0,14.142135623730951,75.99010996488681,35.990109964886805,36.02046173441941,1.1854993993641543,0.9512264786787261,39.18819790768216,-6.678574276258322,35.990109964886805,36.02046173441941,59.786948314612324,60.74237296727828,67.06658623319152,0.02,0.05,0.15,1.0,0.0
bbox_expand_10x__inner50_median__object_minus_ring,leave_one_out,weather__distance_range,light_rain,,far,60,130.0,14.719601443879744,79.64385403118243,50.356145968817565,44.25948016692747,0.3803041393787183,0.35465986563828256,52.422519207337125,-11.683633169432136,-50.356145968817565,-44.25948016692747,69.32471242699648,69.72118311117318,71.50266842976053,0.0,0.0,0.0,0.0,1.0
bbox_expand_10x__inner50_median__object_minus_ring,leave_one_out,weather__distance_range,light_rain,,mid,80,85.0,11.180339887498949,78.42782599229481,11.050834668903416,10.064993657318794,0.12583210238917925,0.13203633174305415,13.337284554923942,-0.42306527439210195,-6.572174007705186,-8.925288278783107,19.468344798504546,19.970478597325638,40.81340090352265,0.225,0.4875,0.95,0.3875,0.6125
bbox_expand_10x__inner50_median__object_minus_ring,leave_one_out,weather__distance_range,light_rain,,near,100,40.0,14.142135623730951,77.39968985562999,37.39968985562998,39.20315677002635,1.2279899265036816,0.9834980054352205,40.20478024081049,-7.082121771059327,37.39968985562998,39.20315677002635,56.478835392770605,60.79401242917109,75.62221164699203,0.0,0.01,0.11,1.0,0.0
bbox_expand_10x__inner50_median__object_minus_ring,leave_one_out,time_of_day__distance_range,,10AM,far,60,130.0,14.719601443879744,78.65052442358873,51.34947557641126,44.67268852930995,0.3884927562047872,0.35815427277278894,53.345827841143475,-12.134356991031932,-51.34947557641126,-44.67268852930995,69.58529414403657,70.83615880704386,75.41932686330512,0.0,0.0,0.0,0.0,1.0
bbox_expand_10x__inner50_median__object_minus_ring,leave_one_out,time_of_day__distance_range,,10AM,mid,80,85.0,11.180339887498949,75.07772201974215,13.796815488789694,10.84902080659073,0.15848953038842287,0.14258579978111602,17.223581381521555,-1.3732140448471677,-9.922277980257846,-9.906603685372858,26.354693242458357,33.33467531103677,56.578776604556886,0.175,0.4125,0.8375,0.2875,0.7125
bbox_expand_10x__inner50_median__object_minus_ring,leave_one_out,time_of_day__distance_range,,10AM,near,100,40.0,14.142135623730951,75.67097505584314,35.67097505584313,34.46845211982304,1.1685205526008973,0.9809322052701168,38.67634477058026,-6.479298224063954,35.67097505584313,34.46845211982304,56.91567948408143,60.74237296727828,75.62221164699203,0.0,0.03,0.13,1.0,0.0
bbox_expand_10x__inner50_median__object_minus_ring,leave_one_out,time_of_day__distance_range,,8PM,far,60,130.0,14.719601443879744,80.42806489598757,49.57193510401242,44.082602284635335,0.37376003856944945,0.3526608182770827,51.69890928946586,-11.335894869478858,-49.57193510401242,-44.082602284635335,69.68243121132082,69.76052660351951,72.11631638116357,0.0,0.0,0.0,0.0,1.0
bbox_expand_10x__inner50_median__object_minus_ring,leave_one_out,time_of_day__distance_range,,8PM,mid,80,85.0,11.180339887498949,78.85616057567005,11.098703065355341,10.124243745061676,0.12672125615782148,0.13591825224134635,13.357934130784843,-0.4274752339390926,-6.143839424329949,-8.920676899930122,19.737849299659864,20.293167840334963,37.999185563435546,0.225,0.475,0.925,0.3875,0.6125
bbox_expand_10x__inner50_median__object_minus_ring,leave_one_out,time_of_day__distance_range,,8PM,near,100,40.0,14.142135623730951,77.71882476467366,37.71882476467365,38.32512073670062,1.2449687732669386,0.9836710320309634,40.69741471703994,-7.2813978232536964,37.71882476467365,38.32512073670062,59.3199762625684,60.80407238690555,67.06658623319152,0.02,0.03,0.13,1.0,0.0
bbox_expand_10x__inner50_median__object_minus_ring_normalized,leave_one_out,weather,clear_sky,,,240,77.5,38.37859646556485,77.32445117517327,32.63772051448332,34.40766314775416,0.6633728269360218,0.37318104493063076,38.390166555736876,-0.0006030358204593966,-0.17554882482673217,-1.6809175588099023,58.41691108530207,71.857037403613,72.56209025858708,0.07916666666666666,0.15833333333333333,0.3333333333333333,0.49166666666666664,0.5083333333333333
bbox_expand_10x__inner50_median__object_minus_ring_normalized,leave_one_out,weather,light_rain,,,240,77.5,38.37859646556485,77.61518794974472,32.3958901274893,28.690895575780644,0.6601104724626187,0.36493919083757165,38.29972819806785,0.004105790067865267,0.11518794974472067,-1.4832026501190327,58.43216843059556,71.82590635776411,73.13466508860165,0.07916666666666666,0.16666666666666666,0.3375,0.49583333333333335,0.5041666666666667
bbox_expand_10x__inner50_median__object_minus_ring_normalized,leave_one_out,time_of_day,,10AM,,240,77.5,38.37859646556485,76.96012034527273,32.597094754689515,32.22919870312779,0.6603318578090656,0.3738181744627066,38.39840392068093,-0.0010324799925980344,-0.5398796547272828,-1.683120207163178,58.41491639641681,71.857037403613,73.13466508860165,0.07916666666666666,0.15833333333333333,0.3375,0.4875,0.5125
bbox_expand_10x__inner50_median__object_minus_ring_normalized,leave_one_out,time_of_day,,8PM,,240,77.5,38.37859646556485,77.97951877964526,32.4365158872831,28.690895575780644,0.6631514415895747,0.3507910663786574,38.291469605740225,0.004535234240003905,0.47951877964527134,2.4058545754682257,58.44866419200584,71.83124830802602,72.40100270152357,0.07916666666666666,0.16666666666666666,0.3333333333333333,0.5,0.5
bbox_expand_10x__inner50_median__object_minus_ring_normalized,leave_one_out,distance_range,,,far,120,130.0,14.719601443879744,77.89330804366043,52.106691956339574,46.81599921218263,0.3934947270766744,0.37452799369746104,54.12740345710949,-12.52204217696327,-52.106691956339574,-46.81599921218263,71.92833022642745,72.01984205243023,73.13466508860165,0.0,0.0,0.0,0.0,1.0
bbox_expand_10x__inner50_median__object_minus_ring_normalized,leave_one_out,distance_range,,,mid,160,85.0,11.180339887498949,77.17093131113947,11.457690687467613,11.57905941507886,0.12820660877036705,0.1293545779792876,13.874748521530469,-0.5400691722856954,-7.829068688860526,-11.57905941507886,21.86926062215894,22.191863393939233,35.226308801390516,0.2375,0.4875,0.74375,0.2375,0.7625
bbox_expand_10x__inner50_median__object_minus_ring_normalized,leave_one_out,distance_range,,,near,200,40.0,14.142135623730951,77.45483707479376,37.610165046589316,38.223147243577976,1.2495178360160701,0.9555786810894494,40.211148723132936,-7.084682408169579,37.45483707479375,38.223147243577976,58.22286789389422,58.41351985642557,59.774972719177654,0.0,0.0,0.21,0.995,0.005
bbox_expand_10x__inner50_median__object_minus_ring_normalized,leave_one_out,weather__distance_range,clear_sky,,far,60,130.0,14.719601443879744,77.94155035169888,52.058449648301135,46.80308002202087,0.39309708863298226,0.37442464017616695,54.0832180639722,-12.499974505331547,-52.058449648301135,-46.80308002202087,71.94202543366086,72.11339558590826,72.56209025858708,0.0,0.0,0.0,0.0,1.0
bbox_expand_10x__inner50_median__object_minus_ring_normalized,leave_one_out,weather__distance_range,clear_sky,,mid,80,85.0,11.180339887498949,76.51380767668665,11.865941222165116,11.673526836201297,0.13281557751132786,0.13005679194433417,14.460778158846846,-0.6729128396750559,-8.486192323313341,-11.673526836201297,22.046911799385075,23.182698157716704,35.226308801390516,0.2375,0.475,0.7375,0.225,0.775
bbox_expand_10x__inner50_median__object_minus_ring_normalized,leave_one_out,weather__distance_range,clear_sky,,near,100,40.0,14.142135623730951,77.6027064680472,37.602706468047195,38.32951173242598,1.2499840694576008,0.9582377933106494,40.18511866306628,-7.074218809823588,37.602706468047195,38.32951173242598,58.28426853177991,58.40255759189906,59.013070036445455,0.0,0.0,0.21,1.0,0.0
bbox_expand_10x__inner50_median__object_minus_ring_normalized,leave_one_out,weather__distance_range,light_rain,,far,60,130.0,14.719601443879744,77.84506573562199,52.15493426437801,46.82629913573141,0.39389236552036644,0.3746103930858513,54.17155281014426,-12.544109848594994,-52.15493426437801,-46.82629913573141,71.89246491730741,72.00076228613003,73.13466508860165,0.0,0.0,0.0,0.0,1.0
bbox_expand_10x__inner50_median__object_minus_ring_normalized,leave_one_out,weather__distance_range,light_rain,,mid,80,85.0,11.180339887498949,77.8280549455923,11.049440152770106,10.036125632757027,0.12359764002940624,0.12518673661215335,13.262849924207162,-0.40722550489633536,-7.171945054407715,-8.357914275604799,21.807884118635386,21.960783450361742,28.323126697806003,0.2375,0.5,0.75,0.25,0.75
bbox_expand_10x__inner50_median__object_minus_ring_normalized,leave_one_out,weather__distance_range,light_rain,,near,100,40.0,14.142135623730951,77.30696768154031,37.61762362513142,38.11967525138305,1.24905160257454,0.9529918812845762,40.237161943943235,-7.095146006515568,37.306967681540314,38.11967525138305,58.02661029755129,58.41624473525005,59.774972719177654,0.0,0.0,0.21,0.99,0.01
bbox_expand_10x__inner50_median__object_minus_ring_normalized,leave_one_out,time_of_day__distance_range,,10AM,far,60,130.0,14.719601443879744,77.67012720751471,52.32987279248528,46.8451244768791,0.3953297375982327,0.37476099581503275,54.31852505407846,-12.617702295617919,-52.32987279248528,-46.8451244768791,71.95149600411187,72.1225890581339,73.13466508860165,0.0,0.0,0.0,0.0,1.0
bbox_expand_10x__inner50_median__object_minus_ring_normalized,leave_one_out,time_of_day__distance_range,,10AM,mid,80,85.0,11.180339887498949,76.34558028026643,11.873374390300027,11.625211852374441,0.13266105146060655,0.12964480570377063,14.515502354324827,-0.6855984687872769,-8.654419719733571,-11.625211852374441,22.10727592482318,26.15283371842864,35.226308801390516,0.2375,0.475,0.7375,0.225,0.775
bbox_expand_10x__inner50_median__object_minus_ring_normalized,leave_one_out,time_of_day__distance_range,,10AM,near,100,40.0,14.142135623730951,77.02574827993254,37.33640422352366,38.12929060058725,1.2414697750143324,0.9532322650146812,39.99735830607787,-6.998943357323883,37.02574827993254,38.12929060058725,57.83397139490634,58.337955982448136,59.774972719177654,0.0,0.0,0.22,0.99,0.01
bbox_expand_10x__inner50_median__object_minus_ring_normalized,leave_one_out,time_of_day__distance_range,,8PM,far,60,130.0,14.719601443879744,78.11648887980613,51.883511120193866,46.8022438418946,0.39165971655511617,0.3744179507351568,53.93560462224251,-12.426382058308619,-51.883511120193866,-46.8022438418946,71.9124370043584,71.97243939134945,72.40100270152357,0.0,0.0,0.0,0.0,1.0
bbox_expand_10x__inner50_median__object_minus_ring_normalized,leave_one_out,time_of_day__distance_range,,8PM,mid,80,85.0,11.180339887498949,77.9962823420125,11.042006984635197,10.422119057544379,0.12375216608012751,0.1288417731204478,13.202934691689356,-0.3945398757841143,-7.003717657987482,-8.372558777833007,21.810760712347108,21.874639528967048,23.03238712537835,0.2375,0.5,0.75,0.25,0.75
bbox_expand_10x__inner50_median__object_minus_ring_normalized,leave_one_out,time_of_day__distance_range,,8PM,near,100,40.0,14.142135623730951,77.88392586965495,37.883925869654966,38.327164242769896,1.2575658970178079,0.9581791060692474,40.42380847722112,-7.170421459015271,37.883925869654966,38.327164242769896,58.28798603331976,58.41724207969268,59.013070036445455,0.0,0.0,0.2,1.0,0.0
bbox_expand_16x__bbox_mean__object_depth,leave_one_out,weather,clear_sky,,,240,77.5,38.37859646556485,77.46834775137583,33.00890854171886,32.117643202284455,0.6612428595175153,0.3565905246241706,38.76105889181535,-0.02003033872573301,-0.031652248624180854,1.3958575437957137,59.630204395519854,72.30413656086418,87.1742306322527,0.075,0.15416666666666667,0.2916666666666667,0.5166666666666667,0.48333333333333334
bbox_expand_16x__bbox_mean__object_depth,leave_one_out,weather,light_rain,,,240,77.5,38.37859646556485,77.54865775395368,31.62592119387272,30.45523675873563,0.6434050879009036,0.36472720846785334,37.52665408491677,0.04390397727253137,0.048657753953663514,1.5614497547936281,60.242623211370365,68.83667876770699,80.68146487309448,0.09583333333333334,0.175,0.35,0.5166666666666667,0.48333333333333334
bbox_expand_16x__bbox_mean__object_depth,leave_one_out,time_of_day,,10AM,,240,77.5,38.37859646556485,77.56104846904366,32.03239535961372,30.37019070029492,0.6412510772231791,0.3608302918512091,37.84824937474088,0.027446689177319294,0.061048469043644596,2.642740028639082,59.52180760869548,70.17385254784861,87.1742306322527,0.075,0.16666666666666666,0.32083333333333336,0.525,0.475
bbox_expand_16x__bbox_mean__object_depth,leave_one_out,time_of_day,,8PM,,240,77.5,38.37859646556485,77.45595703628584,32.602434375977865,32.1655218099192,0.6633968701952397,0.3618572801197867,38.447099662929126,-0.0035730506305211573,-0.04404296371416005,0.8676054085903715,60.31841568148421,69.19964848282048,82.68081747970339,0.09583333333333334,0.1625,0.32083333333333336,0.5083333333333333,0.49166666666666664
bbox_expand_16x__bbox_mean__object_depth,leave_one_out,distance_range,,,far,120,130.0,14.719601443879744,78.35785933892525,51.64214066107475,46.20683455342606,0.3896996000062495,0.3704572265162003,53.934594099935865,-12.425878957191554,-51.64214066107475,-46.20683455342606,73.02704241346514,76.38774660310533,87.1742306322527,0.0,0.0,0.0,0.0,1.0
bbox_expand_16x__bbox_mean__object_depth,leave_one_out,distance_range,,,mid,160,85.0,11.180339887498949,77.55993600921055,12.023461362991569,10.538324911259764,0.13552457422424924,0.13579602117578085,14.674614035173574,-0.722754376650506,-7.440063990789452,-6.738514679156374,23.259530873769634,28.227709452638372,32.82942289779116,0.25625,0.475,0.79375,0.3,0.7
bbox_expand_16x__bbox_mean__object_depth,leave_one_out,distance_range,,,near,200,40.0,14.142135623730951,76.95774219567178,36.95774219567179,38.0726400298178,1.2233381175189535,0.957320535296081,39.68833130491356,-6.875818208842908,36.95774219567179,38.0726400298178,57.084751729439446,59.11174598298039,67.04638257457542,0.0,0.015,0.135,1.0,0.0
bbox_expand_16x__bbox_mean__object_depth,leave_one_out,weather__distance_range,clear_sky,,far,60,130.0,14.719601443879744,77.83555784156232,52.164442158437694,45.41055107778469,0.3929835504356801,0.3673160329891796,54.70932212111759,-12.814353509010182,-52.164442158437694,-45.41055107778469,76.28845845173845,76.87193527560314,87.1742306322527,0.0,0.0,0.0,0.0,1.0
bbox_expand_16x__bbox_mean__object_depth,leave_one_out,weather__distance_range,clear_sky,,mid,80,85.0,11.180339887498949,77.11297708049321,12.987996213865793,11.862969402917763,0.14679447196708623,0.14193108492047432,15.808180538707125,-0.9991885755548693,-7.887022919506785,-6.414691864257783,26.54046997011354,29.16703484810849,32.82942289779116,0.225,0.4625,0.7375,0.3,0.7
bbox_expand_16x__bbox_mean__object_depth,leave_one_out,weather__distance_range,clear_sky,,near,100,40.0,14.142135623730951,77.53231823397002,37.53231823397002,38.25149980865786,1.2337571550069597,0.9926692164217541,40.12508484313342,-7.0501121683432775,37.53231823397002,38.25149980865786,57.58909498217249,58.66803656357474,67.04638257457542,0.0,0.0,0.11,1.0,0.0
bbox_expand_16x__bbox_mean__object_depth,leave_one_out,weather__distance_range,light_rain,,far,60,130.0,14.719601443879744,78.88016083628821,51.1198391637118,46.3549971203534,0.3864156495768189,0.3708399769628272,53.148574341156774,-12.037404405372929,-51.1198391637118,-46.3549971203534,70.18489535264948,70.95203728107445,80.68146487309448,0.0,0.0,0.0,0.0,1.0
bbox_expand_16x__bbox_mean__object_depth,leave_one_out,weather__distance_range,light_rain,,mid,80,85.0,11.180339887498949,78.00689493792788,11.058926512117345,10.101758582838166,0.12425467648141222,0.12693608252950322,13.445818019676892,-0.4463201777461425,-6.99310506207212,-7.372709621719167,21.621750670964122,23.097911598816772,30.409417849278498,0.2875,0.4875,0.85,0.3,0.7
bbox_expand_16x__bbox_mean__object_depth,leave_one_out,weather__distance_range,light_rain,,near,100,40.0,14.142135623730951,76.38316615737358,36.383166157373566,36.90311185110875,1.2129190800309473,0.9225777962777186,39.24671769547751,-6.701524249342538,36.383166157373566,36.90311185110875,55.94008246547241,59.40884633955604,61.979277572188465,0.0,0.03,0.16,1.0,0.0
bbox_expand_16x__bbox_mean__object_depth,leave_one_out,time_of_day__distance_range,,10AM,far,60,130.0,14.719601443879744,78.16421529772718,51.83578470227283,46.30622791527625,0.39080278852281986,0.37044982332221,54.266188671856455,-12.591473382936256,-51.83578470227283,-46.30622791527625,72.75999492388368,76.4036558953094,87.1742306322527,0.0,0.0,0.0,0.0,1.0
bbox_expand_16x__bbox_mean__object_depth,leave_one_out,time_of_day__distance_range,,10AM,mid,80,85.0,11.180339887498949,78.53909475817052,11.699458376471483,10.23026642515076,0.13326641018780533,0.12693608252950322,14.002006217562254,-0.5684494249332162,-6.460905241829494,-6.427164610997437,22.301489536703286,24.237804722361975,29.26598941688603,0.225,0.4875,0.8125,0.325,0.675
bbox_expand_16x__bbox_mean__object_depth,leave_one_out,time_of_day__distance_range,,10AM,near,100,40.0,14.142135623730951,76.41671134053203,36.41671134053204,35.692398317307195,1.1979077840716936,0.9103104498549963,38.9132300314834,-6.571197357415707,36.41671134053204,35.692398317307195,54.91380584594038,58.18797732799371,65.71569102022508,0.0,0.01,0.12,1.0,0.0
bbox_expand_16x__bbox_mean__object_depth,leave_one_out,time_of_day__distance_range,,8PM,far,60,130.0,14.719601443879744,78.55150338012332,51.448496619876664,46.11798040504951,0.3885964114896792,0.3708399769628272,53.600948205047196,-12.260284531446857,-51.448496619876664,-46.11798040504951,73.02704241346514,76.30830509906988,82.68081747970339,0.0,0.0,0.0,0.0,1.0
bbox_expand_16x__bbox_mean__object_depth,leave_one_out,time_of_day__distance_range,,8PM,mid,80,85.0,11.180339887498949,76.58077726025058,12.347464349511654,10.859379578971193,0.1377827382606931,0.1392025715955436,15.317715758100961,-0.8770593283677961,-8.41922273974941,-8.488503460190124,23.79334858412069,29.22420626972811,32.82942289779116,0.2875,0.4625,0.775,0.275,0.725
bbox_expand_16x__bbox_mean__object_depth,leave_one_out,time_of_day__distance_range,,8PM,near,100,40.0,14.142135623730951,77.49877305081155,37.49877305081154,38.638176767749684,1.2487684509662131,0.9718093181036164,40.44858232440318,-7.180439060270109,37.49877305081154,38.638176767749684,57.85091500581433,59.151791294240105,67.04638257457542,0.0,0.02,0.15,1.0,0.0
bbox_expand_16x__bbox_mean__object_depth_percentile_5_95,leave_one_out,weather,clear_sky,,,240,77.5,38.37859646556485,77.47062242969251,32.54669171723124,32.9141556700575,0.6610849307322993,0.3607482665182157,38.54584437799723,-0.008734677553231318,-0.029377570307476238,2.8066267641650384,57.98926410879371,72.47652820632032,75.07648163754072,0.0875,0.17083333333333334,0.325,0.5041666666666667,0.49583333333333335
bbox_expand_16x__bbox_mean__object_depth_percentile_5_95,leave_one_out,weather,light_rain,,,240,77.5,38.37859646556485,77.53231833019399,32.60781433695766,32.11780008442331,0.6623185023581901,0.35720112413610905,38.493949821372865,-0.0060203719493330254,0.03231833019400294,1.7814620367240295,57.96177254913659,72.29327862153654,75.38450699169717,0.0875,0.15833333333333333,0.32083333333333336,0.5,0.5
bbox_expand_16x__bbox_mean__object_depth_percentile_5_95,leave_one_out,time_of_day,,10AM,,240,77.5,38.37859646556485,77.60824250425567,32.70621562848073,32.9141556700575,0.6654049842739376,0.35728856102448264,38.63385255565618,-0.013346238161594526,0.10824250425567167,2.8066267641650384,58.11895342650151,72.29327862153654,75.38450699169717,0.09166666666666666,0.15833333333333333,0.31666666666666665,0.5041666666666667,0.49583333333333335
bbox_expand_16x__bbox_mean__object_depth_percentile_5_95,leave_one_out,time_of_day,,8PM,,240,77.5,38.37859646556485,77.39469825563086,32.44829042570817,32.28319163537636,0.6579984488165521,0.3583325666236691,38.40562105175453,-0.0014088113409702618,-0.10530174436914118,2.4180329232071784,57.48091232441932,72.47652820632032,74.68957371301933,0.08333333333333333,0.17083333333333334,0.32916666666666666,0.5,0.5
bbox_expand_16x__bbox_mean__object_depth_percentile_5_95,leave_one_out,distance_range,,,far,120,130.0,14.719601443879744,77.20826609413515,52.79173390586484,47.76363753750863,0.3986769837719927,0.38210910030006906,54.84244086276909,-12.881661475936882,-52.79173390586484,-47.76363753750863,73.75492024364074,74.52178164372802,75.38450699169717,0.0,0.0,0.0,0.0,1.0
bbox_expand_16x__bbox_mean__object_depth_percentile_5_95,leave_one_out,distance_range,,,mid,160,85.0,11.180339887498949,77.65489979724,11.19464687989628,10.072684471156947,0.1251526411151611,0.1262625242103897,13.404850574500239,-0.43752015139743516,-7.345100202760011,-6.583216376768348,22.47984400262105,22.927842490458765,23.89338092374426,0.2625,0.49375,0.75,0.25625,0.74375
bbox_expand_16x__bbox_mean__object_depth_percentile_5_95,leave_one_out,distance_range,,,near,200,40.0,14.142135623730951,77.55464941759074,37.554649417590745,37.36290208194149,1.2487558165532628,0.9340725520485373,40.15857994232671,-7.063557714921224,37.554649417590745,37.36290208194149,57.29202579726055,57.913253486493375,61.8892145265051,0.0,0.0,0.175,1.0,0.0
bbox_expand_16x__bbox_mean__object_depth_percentile_5_95,leave_one_out,weather__distance_range,clear_sky,,far,60,130.0,14.719601443879744,76.9936324110864,53.00636758891359,48.67604916001123,0.4005181656613272,0.38940839328008986,54.99294974566239,-12.95795933105669,-53.00636758891359,-48.67604916001123,73.50259240138197,74.52178164372802,75.07648163754072,0.0,0.0,0.0,0.0,1.0
bbox_expand_16x__bbox_mean__object_depth_percentile_5_95,leave_one_out,weather__distance_range,clear_sky,,mid,80,85.0,11.180339887498949,77.816974166676,11.035630645921746,9.57892927227153,0.12338703246122576,0.1266985293978223,13.25194597234344,-0.4049125764312764,-7.1830258333240025,-6.571658490225126,22.253287618116904,22.534843356492445,23.485896618141425,0.2625,0.5125,0.75,0.2625,0.7375
bbox_expand_16x__bbox_mean__object_depth_percentile_5_95,leave_one_out,weather__distance_range,clear_sky,,near,100,40.0,14.142135623730951,77.47973505126942,37.47973505126942,36.62223921982943,1.2475833083917416,0.9155559804957358,40.135409733428354,-7.054255572350877,37.47973505126942,36.62223921982943,57.018196313616166,57.91465932356611,61.8892145265051,0.0,0.0,0.18,1.0,0.0
bbox_expand_16x__bbox_mean__object_depth_percentile_5_95,leave_one_out,weather__distance_range,light_rain,,far,60,130.0,14.719601443879744,77.4228997771839,52.5771002228161,47.549598155352335,0.3968358018826581,0.38039678524281867,54.69151778698137,-12.805363620817078,-52.5771002228161,-47.549598155352335,73.79863773912066,74.37971619509729,75.38450699169717,0.0,0.0,0.0,0.0,1.0
bbox_expand_16x__bbox_mean__object_depth_percentile_5_95,leave_one_out,weather__distance_range,light_rain,,mid,80,85.0,11.180339887498949,77.49282542780398,11.35366311387082,10.660417616768555,0.12691824976909644,0.12461277654894437,13.556030606171161,-0.4701277263635939,-7.507174572196021,-7.348249560782456,22.777066813722207,23.193056776788872,23.89338092374426,0.2625,0.475,0.75,0.25,0.75
bbox_expand_16x__bbox_mean__object_depth_percentile_5_95,leave_one_out,weather__distance_range,light_rain,,near,100,40.0,14.142135623730951,77.62956378391208,37.62956378391207,37.82673300924326,1.2499283247147843,0.9456683252310816,40.18173679046631,-7.072859857491569,37.62956378391207,37.82673300924326,57.36491047491281,57.848164469374524,60.61200287792862,0.0,0.0,0.17,1.0,0.0
bbox_expand_16x__bbox_mean__object_depth_percentile_5_95,leave_one_out,time_of_day__distance_range,,10AM,far,60,130.0,14.719601443879744,77.2359000672383,52.76409993276171,47.398681682830905,0.3985157435167508,0.3791894534626472,54.80451533523952,-12.86246877444848,-52.76409993276171,-47.398681682830905,73.66293234583777,74.7628419238375,75.38450699169717,0.0,0.0,0.0,0.0,1.0
bbox_expand_16x__bbox_mean__object_depth_percentile_5_95,leave_one_out,time_of_day__distance_range,,10AM,mid,80,85.0,11.180339887498949,77.59189599383826,11.239665467370882,10.446139559921463,0.12558473563249758,0.12695717610967594,13.471248697113673,-0.4517963316758944,-7.408104006161727,-6.583216376768348,22.518863146958992,22.94473005980494,23.525803236539517,0.275,0.475,0.75,0.2625,0.7375
bbox_expand_16x__bbox_mean__object_depth_percentile_5_95,leave_one_out,time_of_day__distance_range,,10AM,near,100,40.0,14.142135623730951,77.84472517480002,37.84472517480001,37.999811162440025,1.2573947276414017,0.9499952790610007,40.43362929611123,-7.17439189027672,37.84472517480001,37.999811162440025,57.53645996255836,57.98139852266798,61.8892145265051,0.0,0.0,0.16,1.0,0.0
bbox_expand_16x__bbox_mean__object_depth_percentile_5_95,leave_one_out,time_of_day__distance_range,,8PM,far,60,130.0,14.719601443879744,77.18063212103202,52.81936787896799,48.785405927278376,0.3988382240272346,0.390283247418227,54.88034018154538,-12.900854177425282,-52.81936787896799,-48.785405927278376,73.75492024364074,73.9504771315402,74.68957371301933,0.0,0.0,0.0,0.0,1.0
bbox_expand_16x__bbox_mean__object_depth_percentile_5_95,leave_one_out,time_of_day__distance_range,,8PM,mid,80,85.0,11.180339887498949,77.7179036006417,11.149628292421681,9.57892927227153,0.12472054659782458,0.1260940820039239,13.338121921390282,-0.42324397111897594,-7.282096399358297,-6.710498133648365,22.44977938001974,22.91323019885348,23.89338092374426,0.25,0.5125,0.75,0.25,0.75
bbox_expand_16x__bbox_mean__object_depth_percentile_5_95,leave_one_out,time_of_day__distance_range,,8PM,near,100,40.0,14.142135623730951,77.26457366038149,37.26457366038148,36.61792750121969,1.2401169054651242,0.9154481875304923,39.88163371670154,-6.952723539565726,37.26457366038148,36.61792750121969,57.018196313616166,57.359876189430274,58.36987439152439,0.0,0.0,0.19,1.0,0.0
bbox_expand_16x__bbox_mean__object_minus_ring,leave_one_out,weather,clear_sky,,,240,77.5,38.37859646556485,77.09258530335501,32.15708888994766,33.06095219990844,0.6516075920099627,0.3563660438165461,37.962285198821625,0.021577302958978306,-0.40741469664499924,-0.9256118541422964,59.848626625366464,70.94862106683883,71.9878367714452,0.075,0.15,0.32916666666666666,0.48333333333333334,0.5166666666666667
bbox_expand_16x__bbox_mean__object_minus_ring,leave_one_out,weather,light_rain,,,240,77.5,38.37859646556485,77.92008632716012,32.42603049100168,32.761789592403545,0.6582150046485948,0.36375281188254327,38.3884965086978,-0.0005159813510402511,0.4200863271601293,1.281639976180081,59.57912547637929,70.96433495555702,78.4822434154854,0.09166666666666666,0.1625,0.3458333333333333,0.5041666666666667,0.49583333333333335
bbox_expand_16x__bbox_mean__object_minus_ring,leave_one_out,time_of_day,,10AM,,240,77.5,38.37859646556485,76.95102051578156,32.50368457408444,32.15435896384865,0.6534075799386401,0.3662752642531656,38.36179235547601,0.0008755104556777971,-0.5489794842184362,-0.7955404040466831,59.43882890064442,70.98180129377192,78.4822434154854,0.08333333333333333,0.15,0.3375,0.48333333333333334,0.5166666666666667
bbox_expand_16x__bbox_mean__object_minus_ring,leave_one_out,time_of_day,,8PM,,240,77.5,38.37859646556485,78.06165111473358,32.0794348068649,33.05854645690931,0.6564150167199174,0.3432270662637197,37.98927018238592,0.02018581115226048,0.5616511147335681,1.281639976180081,59.93600599951106,70.91187934459771,72.10892607949074,0.08333333333333333,0.1625,0.3375,0.5041666666666667,0.49583333333333335
bbox_expand_16x__bbox_mean__object_minus_ring,leave_one_out,distance_range,,,far,120,130.0,14.719601443879744,78.19762586863327,51.802374131366726,45.95796699274222,0.39175948332092786,0.3683294309714783,53.75724437110509,-12.337729180190967,-51.802374131366726,-45.95796699274222,71.15150947559715,71.37719735714789,78.4822434154854,0.0,0.0,0.0,0.0,1.0
bbox_expand_16x__bbox_mean__object_minus_ring,leave_one_out,distance_range,,,mid,160,85.0,11.180339887498949,77.42247719272663,11.547992593630283,10.840072822894157,0.1301151007124453,0.12768355548420351,14.17717566791349,-0.6079384793510265,-7.577522807273363,-10.720570586558502,21.22663937343427,22.584427321395587,45.21901433211091,0.2375,0.45,0.7625,0.2375,0.7625
bbox_expand_16x__bbox_mean__object_minus_ring,leave_one_out,distance_range,,,near,200,40.0,14.142135623730951,77.15864868125689,37.17992470341495,38.207653625460544,1.232639345427756,0.9616665762286628,40.03842495276307,-7.015377363490204,37.15864868125689,38.207653625460544,58.74850016865004,59.53209318146619,68.40084503352102,0.01,0.015,0.2,0.995,0.005
bbox_expand_16x__bbox_mean__object_minus_ring,leave_one_out,weather__distance_range,clear_sky,,far,60,130.0,14.719601443879744,78.59431663931763,51.40568336068237,46.04587477724701,0.3884813169811492,0.368636054534321,53.33066189367177,-12.12688999084831,-51.40568336068237,-46.04587477724701,71.09026803466082,71.29905032613817,71.9878367714452,0.0,0.0,0.0,0.0,1.0
bbox_expand_16x__bbox_mean__object_minus_ring,leave_one_out,weather__distance_range,clear_sky,,mid,80,85.0,11.180339887498949,76.42659226506548,12.011577983819894,10.951153103455177,0.13504249559353249,0.12838864444142248,14.631287326591192,-0.7125965506661442,-8.573407734934511,-10.871524699719927,21.228519259403914,23.020642561021205,41.61139376154917,0.2125,0.425,0.7375,0.2,0.8
bbox_expand_16x__bbox_mean__object_minus_ring,leave_one_out,weather__distance_range,clear_sky,,near,100,40.0,14.142135623730951,76.72434093240904,36.72434093240904,38.132619570114024,1.2227354341603947,0.9599235885428007,39.7613993738037,-6.904844400815584,36.72434093240904,38.132619570114024,58.877525515240755,59.72373094256613,64.70484852263506,0.01,0.02,0.2,1.0,0.0
bbox_expand_16x__bbox_mean__object_minus_ring,leave_one_out,weather__distance_range,light_rain,,far,60,130.0,14.719601443879744,77.80093509794892,52.19906490205109,45.943149289789886,0.3950376496607065,0.3676637359419378,54.18046831407316,-12.548568369533626,-52.19906490205109,-45.943149289789886,71.21777402721077,71.74866010581145,78.4822434154854,0.0,0.0,0.0,0.0,1.0
bbox_expand_16x__bbox_mean__object_minus_ring,leave_one_out,weather__distance_range,light_rain,,mid,80,85.0,11.180339887498949,78.4183621203878,11.084407203440673,10.703206213128702,0.12518770583135813,0.12699537337551814,13.708028705998853,-0.5032804080359086,-6.581637879612214,-8.80193165818197,21.094416182695653,21.495102394029463,45.21901433211091,0.2625,0.475,0.7875,0.275,0.725
bbox_expand_16x__bbox_mean__object_minus_ring,leave_one_out,weather__distance_range,light_rain,,near,100,40.0,14.142135623730951,77.59295643010473,37.63550847442084,38.31859519569263,1.2425432566951171,0.9626795649756426,40.313546919527745,-7.125910326164824,37.592956430104735,38.31859519569263,57.435309963529505,59.43367954266149,68.40084503352102,0.01,0.01,0.2,0.99,0.01
bbox_expand_16x__bbox_mean__object_minus_ring,leave_one_out,time_of_day__distance_range,,10AM,far,60,130.0,14.719601443879744,77.59763857148354,52.40236142851648,45.99826224279224,0.39670180914639713,0.3683294309714783,54.327812997617265,-12.622359685095715,-52.40236142851648,-45.99826224279224,71.11893370180861,71.32114620460928,78.4822434154854,0.0,0.0,0.0,0.0,1.0
bbox_expand_16x__bbox_mean__object_minus_ring,leave_one_out,time_of_day__distance_range,,10AM,mid,80,85.0,11.180339887498949,76.6296672094371,12.130927186175871,11.01792164562977,0.1364360970270191,0.1279271185350393,15.160588017738554,-0.8387474323487827,-8.370332790562891,-10.871524699719927,21.39417514393415,24.868657624426802,45.21901433211091,0.2375,0.425,0.7625,0.2125,0.7875
bbox_expand_16x__bbox_mean__object_minus_ring,leave_one_out,time_of_day__distance_range,,10AM,near,100,40.0,14.142135623730951,76.82013232743596,36.86268437175207,38.46666304914651,1.2210082287432824,0.9634963312797127,39.713015098854655,-6.885617841209288,36.820132327435964,38.46666304914651,56.85476354537304,59.238744608315095,68.40084503352102,0.01,0.02,0.2,0.99,0.01
bbox_expand_16x__bbox_mean__object_minus_ring,leave_one_out,time_of_day__distance_range,,8PM,far,60,130.0,14.719601443879744,78.79761316578303,51.20238683421699,45.926513307818176,0.3868171574954585,0.3679879425111112,53.18055452555329,-12.053098675286213,-51.20238683421699,-45.926513307818176,71.2119609512787,71.37719735714789,72.10892607949074,0.0,0.0,0.0,0.0,1.0
bbox_expand_16x__bbox_mean__object_minus_ring,leave_one_out,time_of_day__distance_range,,8PM,mid,80,85.0,11.180339887498949,78.21528717601616,10.965058001084696,10.693833338353151,0.12379410439787156,0.1273649692620907,13.120258792956747,-0.37712952635327057,-6.784712823983836,-10.55692161194655,21.192775123446793,21.32675732112873,24.106555648815657,0.2375,0.475,0.7625,0.2625,0.7375
bbox_expand_16x__bbox_mean__object_minus_ring,leave_one_out,time_of_day__distance_range,,8PM,near,100,40.0,14.142135623730951,77.49716503507781,37.49716503507781,37.60023496557786,1.2442704621122296,0.9543460408227906,40.36121129443744,-7.145136885771121,37.49716503507781,37.60023496557786,59.13789103670436,59.81171419769705,64.70484852263506,0.01,0.01,0.2,1.0,0.0
bbox_expand_16x__bbox_mean__object_minus_ring_normalized,leave_one_out,weather,clear_sky,,,240,77.5,38.37859646556485,77.02271083523337,33.013208279725745,36.20556040732319,0.6678827298984703,0.3783234173860812,39.12160826164484,-0.0390949247938428,-0.47728916476661803,0.9535505593413447,57.84504839415673,72.44990941957055,114.76737137767992,0.07916666666666666,0.1625,0.32916666666666666,0.5,0.5
bbox_expand_16x__bbox_mean__object_minus_ring_normalized,leave_one_out,weather,light_rain,,,240,77.5,38.37859646556485,77.60311606516325,32.5808902427872,31.86333586110971,0.6630177396449866,0.3681887705490786,38.45857990915362,-0.004172470921926408,0.10311606516323953,2.6179635452978047,57.84291635746688,72.44864220159877,73.30933245518797,0.08333333333333333,0.16666666666666666,0.3333333333333333,0.5,0.5
bbox_expand_16x__bbox_mean__object_minus_ring_normalized,leave_one_out,time_of_day,,10AM,,240,77.5,38.37859646556485,77.00291146434454,33.0569760651914,36.296853967063456,0.6684540533643842,0.37866805000935444,39.16530601900152,-0.04141750193745075,-0.4970885356554826,0.9592947966500844,57.84291635746688,72.45205902377359,114.76737137767992,0.07916666666666666,0.1625,0.32916666666666666,0.5,0.5
bbox_expand_16x__bbox_mean__object_minus_ring_normalized,leave_one_out,time_of_day,,8PM,,240,77.5,38.37859646556485,77.62291543605212,32.53712245732155,31.808124127653535,0.6624464161790726,0.3551331964816049,38.414078227185335,-0.0018498937783182345,0.12291543605211169,2.2428293275647775,57.84504839415673,72.44406941903235,72.5809775085167,0.08333333333333333,0.16666666666666666,0.3333333333333333,0.5,0.5
bbox_expand_16x__bbox_mean__object_minus_ring_normalized,leave_one_out,distance_range,,,far,120,130.0,14.719601443879744,77.50141356081079,52.4985864391892,47.39842444049496,0.39650417049641834,0.3791873955239597,54.51182918536504,-12.71479778985115,-52.4985864391892,-47.39842444049496,72.46089192671272,72.48437763696498,73.30933245518797,0.0,0.0,0.0,0.0,1.0
bbox_expand_16x__bbox_mean__object_minus_ring_normalized,leave_one_out,distance_range,,,mid,160,85.0,11.180339887498949,76.7704089521436,11.974936726534274,11.644449109427221,0.13460129928214193,0.12938276788252467,16.268679635264025,-1.1173594965988354,-8.229591047856402,-11.644449109427221,22.362868047992052,22.49186988258888,114.76737137767992,0.24375,0.49375,0.74375,0.25,0.75
bbox_expand_16x__bbox_mean__object_minus_ring_normalized,leave_one_out,distance_range,,,near,200,40.0,14.142135623730951,77.63381698227458,37.633816982274595,37.73652131319449,1.2514970217285837,0.9434130328298622,40.209643862972584,-7.084077297935442,37.633816982274595,37.73652131319449,57.79005010727293,57.83400376515273,58.20601943765949,0.0,0.0,0.2,1.0,0.0
bbox_expand_16x__bbox_mean__object_minus_ring_normalized,leave_one_out,weather__distance_range,clear_sky,,far,60,130.0,14.719601443879744,77.55979617290564,52.44020382709437,47.40281715688021,0.39601731644582033,0.3792225372550417,54.464104770033856,-12.690794038774882,-52.44020382709437,-47.40281715688021,72.45791076697309,72.46821046949695,72.52611638977913,0.0,0.0,0.0,0.0,1.0
bbox_expand_16x__bbox_mean__object_minus_ring_normalized,leave_one_out,weather__distance_range,clear_sky,,mid,80,85.0,11.180339887498949,75.9109552962746,12.722141889110128,12.276790131147102,0.14368487775174527,0.1364087792349678,18.69366333938769,-1.795624392370939,-9.089044703725406,-12.276790131147102,22.372983652931065,22.618101975682112,114.76737137767992,0.2375,0.4875,0.7375,0.25,0.75
bbox_expand_16x__bbox_mean__object_minus_ring_normalized,leave_one_out,weather__distance_range,clear_sky,,near,100,40.0,14.142135623730951,77.58986406379708,37.58986406379706,37.71914354376193,1.2503602596874401,0.9429785885940483,40.172563956864956,-7.0691744743420255,37.58986406379706,37.71914354376193,57.79190402002275,57.83222614537525,58.07977419723838,0.0,0.0,0.2,1.0,0.0
bbox_expand_16x__bbox_mean__object_minus_ring_normalized,leave_one_out,weather__distance_range,light_rain,,far,60,130.0,14.719601443879744,77.44303094871596,52.55696905128403,47.39755691518281,0.3969910245470165,0.3791804553214625,54.559511855107424,-12.738801540927417,-52.55696905128403,-47.39755691518281,72.46624138354127,72.52394866063094,73.30933245518797,0.0,0.0,0.0,0.0,1.0
bbox_expand_16x__bbox_mean__object_minus_ring_normalized,leave_one_out,weather__distance_range,light_rain,,mid,80,85.0,11.180339887498949,77.6298626080126,11.22773156395842,9.886083981940182,0.1255177208125386,0.12282458907121926,13.412189422437391,-0.43909460082673135,-7.370137391987397,-7.886688359401795,22.345248781252437,22.40217777764397,24.461620031362173,0.25,0.5,0.75,0.25,0.75
bbox_expand_16x__bbox_mean__object_minus_ring_normalized,leave_one_out,weather__distance_range,light_rain,,near,100,40.0,14.142135623730951,77.67776990075212,37.67776990075211,37.74315452394856,1.252633783769727,0.9435788630987141,40.24668960679589,-7.098980121528861,37.67776990075211,37.74315452394856,57.77110617498653,57.84085202390071,58.20601943765949,0.0,0.0,0.2,1.0,0.0
bbox_expand_16x__bbox_mean__object_minus_ring_normalized,leave_one_out,time_of_day__distance_range,,10AM,far,60,130.0,14.719601443879744,77.44408038877565,52.555919611224326,47.39755691518281,0.3969776292443574,0.3791804553214625,54.56047202542004,-12.73928511216912,-52.555919611224326,-47.39755691518281,72.45950430357139,72.47090649419593,73.30933245518797,0.0,0.0,0.0,0.0,1.0
bbox_expand_16x__bbox_mean__object_minus_ring_normalized,leave_one_out,time_of_day__distance_range,,10AM,mid,80,85.0,11.180339887498949,75.92222281564436,12.75053720134851,11.970266058121872,0.14405251887110845,0.13300295620135413,18.71502816352749,-1.8020182332930164,-9.077777184355636,-11.970266058121872,22.464193064507022,23.94396299524685,114.76737137767992,0.2375,0.4875,0.7375,0.25,0.75
bbox_expand_16x__bbox_mean__object_minus_ring_normalized,leave_one_out,time_of_day__distance_range,,10AM,near,100,40.0,14.142135623730951,77.60276102864596,37.60276102864595,37.73981659911317,1.250861135431021,0.9434954149778292,40.18833140897493,-7.075509907188005,37.60276102864595,37.73981659911317,57.73233800153464,57.826526790485424,58.20601943765949,0.0,0.0,0.2,1.0,0.0
bbox_expand_16x__bbox_mean__object_minus_ring_normalized,leave_one_out,time_of_day__distance_range,,8PM,far,60,130.0,14.719601443879744,77.55874673284592,52.44125326715407,47.40684783510064,0.3960307117484794,0.37925478268080515,54.4631429007929,-12.690310467533179,-52.44125326715407,-47.40684783510064,72.46472718305853,72.48437763696498,72.5809775085167,0.0,0.0,0.0,0.0,1.0
bbox_expand_16x__bbox_mean__object_minus_ring_normalized,leave_one_out,time_of_day__distance_range,,8PM,mid,80,85.0,11.180339887498949,77.61859508864282,11.199336251720037,9.915331267980804,0.1251500796931754,0.12324240744322815,13.38236133827217,-0.43270075990465373,-7.381404911357167,-7.886688359401795,22.35757683682037,22.373001388406923,22.5401539763278,0.25,0.5,0.75,0.25,0.75
bbox_expand_16x__bbox_mean__object_minus_ring_normalized,leave_one_out,time_of_day__distance_range,,8PM,near,100,40.0,14.142135623730951,77.66487293590325,37.66487293590325,37.71914354376193,1.2521329080261463,0.9429785885940483,40.230945026640576,-7.09264468868288,37.66487293590325,37.71914354376193,57.81843531170961,57.84092965011361,58.07977419723838,0.0,0.0,0.2,1.0,0.0
bbox_expand_16x__bbox_midpoint__object_depth,leave_one_out,weather,clear_sky,,,240,77.5,38.37859646556485,77.12149949263882,32.66343855202883,30.989919030704296,0.6488467837378366,0.3502824048826177,38.6050703461087,-0.011836915255220015,-0.3785005073611918,1.7370849456899506,61.70372865983468,71.64802047963344,93.06412016091758,0.09166666666666666,0.16666666666666666,0.3,0.5166666666666667,0.48333333333333334
bbox_expand_16x__bbox_midpoint__object_depth,leave_one_out,weather,light_rain,,,240,77.5,38.37859646556485,77.88989287417242,30.837346983576634,29.971763518942417,0.6253393730502507,0.35099813921699186,36.583808999255844,0.09134365087816732,0.3898928741724243,2.3451666100047532,59.24406818908889,65.71196571966586,83.3766695581133,0.09166666666666666,0.17916666666666667,0.3541666666666667,0.5208333333333334,0.4791666666666667
bbox_expand_16x__bbox_midpoint__object_depth,leave_one_out,time_of_day,,10AM,,240,77.5,38.37859646556485,77.12513251795177,31.131859173887747,29.44574839428557,0.6137970069786091,0.3523023817369526,37.098801840003176,0.06558114989726294,-0.3748674820482241,2.1339572186922524,61.0564867312268,68.45969293876472,93.06412016091758,0.08333333333333333,0.18333333333333332,0.3375,0.5291666666666667,0.4708333333333333
bbox_expand_16x__bbox_midpoint__object_depth,leave_one_out,time_of_day,,8PM,,240,77.5,38.37859646556485,77.88625984885945,32.368926361717705,32.19018235394179,0.6603891498094783,0.34688175368700847,38.11043740707014,0.013925585725684253,0.38625984885946046,1.3606330007949694,59.85579110248421,66.66747393451759,86.96690304745951,0.1,0.1625,0.31666666666666665,0.5083333333333333,0.49166666666666664
bbox_expand_16x__bbox_midpoint__object_depth,leave_one_out,distance_range,,,far,120,130.0,14.719601443879744,79.9368591621786,50.0631408378214,44.55086484996138,0.3775546292355554,0.36308056923019294,52.690897694795716,-11.813833999461979,-50.0631408378214,-44.55086484996138,71.69937984470728,77.57595448951581,93.06412016091758,0.0,0.0,0.008333333333333333,0.0,1.0
bbox_expand_16x__bbox_midpoint__object_depth,leave_one_out,distance_range,,,mid,160,85.0,11.180339887498949,77.38297210485851,12.517048643889538,11.116282484179663,0.1422314632883146,0.13944915017029572,15.517938038802106,-0.9264512078088107,-7.6170278951414785,-7.0236319732360855,26.059839384268585,30.03761564358213,37.24747905601326,0.25625,0.475,0.8,0.31875,0.68125
bbox_expand_16x__bbox_midpoint__object_depth,leave_one_out,distance_range,,,near,200,40.0,14.142135623730951,76.1451776589795,36.14941922492208,34.80647866644591,1.1887054399737196,0.941340056038474,39.19219697944353,-6.680141520377512,36.1451776589795,34.80647866644591,55.916693374741804,59.04056741554539,73.21220624941452,0.015,0.035,0.14,0.99,0.01
bbox_expand_16x__bbox_midpoint__object_depth,leave_one_out,weather__distance_range,clear_sky,,far,60,130.0,14.719601443879744,78.98912023685979,51.01087976314024,43.78530061032721,0.383929143029998,0.3502824048826177,53.97184718772498,-12.444432102408324,-51.01087976314024,-43.78530061032721,77.05944071458899,78.65612310276708,93.06412016091758,0.0,0.0,0.016666666666666666,0.0,1.0
bbox_expand_16x__bbox_midpoint__object_depth,leave_one_out,weather__distance_range,clear_sky,,mid,80,85.0,11.180339887498949,75.92923955274975,13.538737086209457,12.318334906941978,0.15274977474699486,0.1501333917742862,17.052846742560757,-1.3263966562021205,-9.070760447250237,-6.9146941613044035,29.459698434743423,31.268850376821355,37.24747905601326,0.275,0.475,0.7375,0.3,0.7
bbox_expand_16x__bbox_midpoint__object_depth,leave_one_out,weather__distance_range,clear_sky,,near,100,40.0,14.142135623730951,76.95473499801749,36.954734998017464,35.09472542017543,1.2046749753552133,1.0450839082622452,39.955320753235206,-6.982138282469541,36.954734998017464,35.09472542017543,57.563287609526235,59.81683044779969,73.21220624941452,0.0,0.02,0.12,1.0,0.0
bbox_expand_16x__bbox_midpoint__object_depth,leave_one_out,weather__distance_range,light_rain,,far,60,130.0,14.719601443879744,80.88459808749744,49.11540191250255,45.38507115377412,0.37118011544111273,0.3677036579947005,51.37802167183669,-11.183235896515633,-49.11540191250255,-45.38507115377412,68.05090864980818,69.33118557058845,83.3766695581133,0.0,0.0,0.0,0.0,1.0
bbox_expand_16x__bbox_midpoint__object_depth,leave_one_out,weather__distance_range,light_rain,,mid,80,85.0,11.180339887498949,78.83670465696729,11.49536020156962,10.23725304467417,0.13171315182963433,0.13324944736764724,13.813515842353015,-0.5265057594155016,-6.1632953430327175,-7.217125378107944,21.388271468572768,27.114616402541625,33.09502724627477,0.2375,0.475,0.8625,0.3375,0.6625
bbox_expand_16x__bbox_midpoint__object_depth,leave_one_out,weather__distance_range,light_rain,,near,100,40.0,14.142135623730951,75.33562031994154,35.344103451826676,34.638617787253104,1.1727359045922265,0.8569744275779456,38.41391611977483,-6.378144758285485,35.335620319941526,34.638617787253104,55.13419681811594,57.709740347475595,65.96285144909017,0.03,0.05,0.16,0.98,0.02
bbox_expand_16x__bbox_midpoint__object_depth,leave_one_out,time_of_day__distance_range,,10AM,far,60,130.0,14.719601443879744,79.45823912917753,50.541760870822486,46.75643958914587,0.38062125520270096,0.3778080445508236,53.41369315304607,-12.16779669037428,-50.541760870822486,-46.75643958914587,71.2777197618239,78.20268234153161,93.06412016091758,0.0,0.0,0.0,0.0,1.0
bbox_expand_16x__bbox_midpoint__object_depth,leave_one_out,time_of_day__distance_range,,10AM,mid,80,85.0,11.180339887498949,78.10061568787896,11.808154349453156,9.48567260737591,0.13485701723875562,0.1318096689659773,14.52148032342138,-0.6869871262681146,-6.899384312121046,-6.71132409911894,23.354622539941207,27.517917375613433,31.918861706618927,0.2375,0.525,0.8375,0.3375,0.6625
bbox_expand_16x__bbox_midpoint__object_depth,leave_one_out,time_of_day__distance_range,,10AM,near,100,40.0,14.142135623730951,74.94488201527459,34.94488201527459,34.1984873830676,1.1368544498360367,0.8119415220207981,37.71814354839999,-6.113291763688539,34.94488201527459,34.1984873830676,55.029231538890855,57.56033596114963,69.9511978902802,0.01,0.02,0.14,1.0,0.0
bbox_expand_16x__bbox_midpoint__object_depth,leave_one_out,time_of_day__distance_range,,8PM,far,60,130.0,14.719601443879744,80.41547919517967,49.58452080482031,43.60643471175044,0.3744880032684099,0.3551411621887679,51.95804830359872,-11.459871308549683,-49.58452080482031,-43.60643471175044,71.69937984470728,76.74795629076769,86.96690304745951,0.0,0.0,0.016666666666666666,0.0,1.0
bbox_expand_16x__bbox_midpoint__object_depth,leave_one_out,time_of_day__distance_range,,8PM,mid,80,85.0,11.180339887498949,76.66532852183809,13.22594293832592,12.077409293367253,0.14960590933787354,0.14752694777226213,16.454160907463145,-1.165915289349507,-8.33467147816191,-7.308882564148789,27.849852809003483,31.327658653804143,37.24747905601326,0.275,0.425,0.7625,0.3,0.7
bbox_expand_16x__bbox_midpoint__object_depth,leave_one_out,time_of_day__distance_range,,8PM,near,100,40.0,14.142135623730951,77.34547330268443,37.353956434569575,38.07702890969355,1.240556430111403,1.0087597301205804,40.61278438390179,-7.246991277066487,37.34547330268441,38.07702890969355,57.70482860709819,59.81683044779969,73.21220624941452,0.02,0.05,0.14,0.98,0.02
bbox_expand_16x__bbox_midpoint__object_depth_percentile_5_95,leave_one_out,weather,clear_sky,,,240,77.5,38.37859646556485,77.4739453428062,32.643944512009966,32.01864319324066,0.6650023511557402,0.3583643896494384,38.52905662784612,-0.00785620682213728,-0.02605465719379178,1.6960687500237697,59.59971489648892,71.76126644407547,76.9977984098785,0.09583333333333334,0.16666666666666666,0.32083333333333336,0.5,0.5
bbox_expand_16x__bbox_midpoint__object_depth_percentile_5_95,leave_one_out,weather,light_rain,,,240,77.5,38.37859646556485,77.53055603007958,32.523901948230424,32.06537357668427,0.6621268154540089,0.35757564252709095,38.47539493730221,-0.005050760224982964,0.03055603007957378,2.0028206325007716,58.7823349373647,71.24171918533764,76.99779840987847,0.09583333333333334,0.16666666666666666,0.325,0.5,0.5
bbox_expand_16x__bbox_midpoint__object_depth_percentile_5_95,leave_one_out,time_of_day,,10AM,,240,77.5,38.37859646556485,77.25484262860024,32.447580314884995,32.06537357668427,0.6587236331847446,0.35746541947417787,38.39294246841714,-0.0007477440791094914,-0.24515737139976182,1.7608879017708148,58.80212057730899,71.5482980457005,76.99779840987847,0.1,0.1625,0.32083333333333336,0.5,0.5
bbox_expand_16x__bbox_midpoint__object_depth_percentile_5_95,leave_one_out,time_of_day,,8PM,,240,77.5,38.37859646556485,77.74965874428554,32.720266145355396,32.01864319324066,0.6684055334250044,0.3590254511694655,38.61121843234121,-0.01215922296801053,0.2496587442855419,2.177988199345066,59.384846330205136,71.45475968011318,76.9977984098785,0.09166666666666666,0.17083333333333334,0.325,0.5,0.5
bbox_expand_16x__bbox_midpoint__object_depth_percentile_5_95,leave_one_out,distance_range,,,far,120,130.0,14.719601443879744,77.58388089830554,52.41611910169446,47.07838058001704,0.3958150672475541,0.3766270446401363,54.47480839392119,-12.696175767174275,-52.41611910169446,-47.07838058001704,72.85354698295816,74.30148048600847,76.9977984098785,0.0,0.0,0.0,0.0,1.0
bbox_expand_16x__bbox_midpoint__object_depth_percentile_5_95,leave_one_out,distance_range,,,mid,160,85.0,11.180339887498949,77.18724831447938,11.30808729296957,9.89418580560173,0.12574376616461466,0.11886235353947458,13.728642464007617,-0.5078049912364249,-7.812751685520634,-7.805573819153885,22.863539258318415,24.007555617663783,26.430149064280087,0.2875,0.5,0.75,0.25,0.75
bbox_expand_16x__bbox_midpoint__object_depth_percentile_5_95,leave_one_out,distance_range,,,near,200,40.0,14.142135623730951,77.70527445689612,37.70527445689612,37.5921309601607,1.2544709466514745,0.9398032740040176,40.33025806264432,-7.132648576997436,37.70527445689612,37.5921309601607,58.034438380525806,59.04193292248244,61.9067054392486,0.0,0.0,0.175,1.0,0.0
bbox_expand_16x__bbox_midpoint__object_depth_percentile_5_95,leave_one_out,weather__distance_range,clear_sky,,far,60,130.0,14.719601443879744,77.75900065145449,52.2409993485455,46.16406523109831,0.3943154094271433,0.3693125218487865,54.35360926050234,-12.635299259892454,-52.2409993485455,-46.16406523109831,73.4608489913858,74.5326326659294,76.9977984098785,0.0,0.0,0.0,0.0,1.0
bbox_expand_16x__bbox_midpoint__object_depth_percentile_5_95,leave_one_out,weather__distance_range,clear_sky,,mid,80,85.0,11.180339887498949,76.82713026549848,11.475628750291515,9.85044493114173,0.12735750217475433,0.1186930066812883,13.934315043891829,-0.5533210859394411,-8.172869734501512,-7.805573819153885,23.158066562250426,24.982065928065794,26.430149064280087,0.2875,0.5,0.75,0.25,0.75
bbox_expand_16x__bbox_midpoint__object_depth_percentile_5_95,leave_one_out,weather__distance_range,clear_sky,,near,100,40.0,14.142135623730951,77.82036421946341,37.82036421946341,39.58181100670185,1.257530395377687,0.9895452751675462,40.43328676642912,-7.174253393681463,37.82036421946341,39.58181100670185,58.10748265125311,59.38050228504318,61.9067054392486,0.0,0.0,0.17,1.0,0.0
bbox_expand_16x__bbox_midpoint__object_depth_percentile_5_95,leave_one_out,weather__distance_range,light_rain,,far,60,130.0,14.719601443879744,77.40876114515657,52.59123885484345,47.29479319163135,0.397314725067965,0.3783583455330508,54.595738473487906,-12.757052274456095,-52.59123885484345,-47.29479319163135,72.82517140476456,73.77261726852271,76.99779840987847,0.0,0.0,0.0,0.0,1.0
bbox_expand_16x__bbox_midpoint__object_depth_percentile_5_95,leave_one_out,weather__distance_range,light_rain,,mid,80,85.0,11.180339887498949,77.54736636346026,11.140545835647632,10.012902456074443,0.12413003015447503,0.11886235353947458,13.51984142165418,-0.4622888965334089,-7.452633636539756,-7.359448327719704,22.61126559724209,23.39987515472665,26.430149064280073,0.2875,0.5,0.75,0.25,0.75
bbox_expand_16x__bbox_midpoint__object_depth_percentile_5_95,leave_one_out,weather__distance_range,light_rain,,near,100,40.0,14.142135623730951,77.59018469432885,37.59018469432885,37.34125895266728,1.251411497925262,0.933531473816682,40.2269654841461,-7.091043760313408,37.59018469432885,37.34125895266728,57.92248750964187,58.41051272257482,59.97667441676418,0.0,0.0,0.18,1.0,0.0
bbox_expand_16x__bbox_midpoint__object_depth_percentile_5_95,leave_one_out,time_of_day__distance_range,,10AM,far,60,130.0,14.719601443879744,77.47757519668238,52.522424803317634,47.4694040611636,0.39654348648230536,0.3797552324893088,54.60647417253732,-12.76246317641224,-52.522424803317634,-47.4694040611636,73.78696639710837,74.30148048600847,76.99779840987847,0.0,0.0,0.0,0.0,1.0
bbox_expand_16x__bbox_midpoint__object_depth_percentile_5_95,leave_one_out,time_of_day__distance_range,,10AM,mid,80,85.0,11.180339887498949,77.02658498539192,11.321160839269753,10.149753612242726,0.12566556206785387,0.11886235353947458,13.809282456843759,-0.5255702557831423,-7.973415014608068,-7.980211987737071,22.829815783580756,26.222975661994795,26.430149064280087,0.3,0.4875,0.75,0.25,0.75
bbox_expand_16x__bbox_midpoint__object_depth_percentile_5_95,leave_one_out,time_of_day__distance_range,,10AM,near,100,40.0,14.142135623730951,77.30380920231761,37.30380920231761,37.11562458681996,1.2424781780997207,0.927890614670499,39.94954363703981,-6.979830184038739,37.30380920231761,37.11562458681996,57.26388386967781,58.41051272257482,59.97667441676418,0.0,0.0,0.17,1.0,0.0
bbox_expand_16x__bbox_midpoint__object_depth_percentile_5_95,leave_one_out,time_of_day__distance_range,,8PM,far,60,130.0,14.719601443879744,77.6901865999287,52.30981340007131,46.04982109457796,0.39508664801280297,0.3683985687566237,54.342823606736395,-12.62988835793631,-52.30981340007131,-46.04982109457796,72.58758463210444,73.44593632436072,76.9977984098785,0.0,0.0,0.0,0.0,1.0
bbox_expand_16x__bbox_midpoint__object_depth_percentile_5_95,leave_one_out,time_of_day__distance_range,,8PM,mid,80,85.0,11.180339887498949,77.34791164356679,11.295013746669392,9.53895560639026,0.12582197026137545,0.11952249867620701,13.647525996905571,-0.4900397266897072,-7.652088356433201,-7.1615951188589335,22.863539258318415,23.604955772830724,25.35106594020459,0.275,0.5125,0.75,0.25,0.75
bbox_expand_16x__bbox_midpoint__object_depth_percentile_5_95,leave_one_out,time_of_day__distance_range,,8PM,near,100,40.0,14.142135623730951,78.10673971147466,38.10673971147465,39.06589403943234,1.266463715203228,0.9766473509858085,40.70741202767902,-7.285466969956131,38.10673971147465,39.06589403943234,58.388731798945734,59.09031763973219,61.9067054392486,0.0,0.0,0.18,1.0,0.0
bbox_expand_16x__bbox_midpoint__object_minus_ring,leave_one_out,weather,clear_sky,,,240,77.5,38.37859646556485,76.71815383543546,32.39522972618739,32.261161286626674,0.6518294482386126,0.3520279604176355,38.03133176761067,0.018014916423373606,-0.7818461645645357,0.23295066070856763,60.843411084122906,69.23620364092277,72.04526358881925,0.075,0.15,0.32916666666666666,0.5125,0.4875
bbox_expand_16x__bbox_midpoint__object_minus_ring,leave_one_out,weather,light_rain,,,240,77.5,38.37859646556485,78.27125647857817,31.623306994028084,31.43608674082092,0.6419495313445852,0.3509845236969396,37.52809712106952,0.04383044512921541,0.7712564785781751,1.1920855460717021,61.152822178023335,69.19053915733292,84.50843043395598,0.09166666666666666,0.1625,0.35,0.5416666666666666,0.4583333333333333
bbox_expand_16x__bbox_midpoint__object_minus_ring,leave_one_out,time_of_day,,10AM,,240,77.5,38.37859646556485,76.39770435179952,32.32987173585255,31.851583612237558,0.6425681575308491,0.35417940745033993,38.02594613007766,0.01829301561240093,-1.1022956482004815,0.6398215764873285,61.152822178023335,69.27362514633052,84.50843043395598,0.0875,0.15416666666666667,0.30833333333333335,0.5125,0.4875
bbox_expand_16x__bbox_midpoint__object_minus_ring,leave_one_out,time_of_day,,8PM,,240,77.5,38.37859646556485,78.5917059622141,31.688664984362934,31.540636166547742,0.6512108220523488,0.34960537960641236,37.533554194332986,0.0435523459401882,1.091705962214121,1.0637726316759242,60.89368220724174,69.13166723075932,70.6917159342604,0.07916666666666666,0.15833333333333333,0.37083333333333335,0.5416666666666666,0.4583333333333333
bbox_expand_16x__bbox_midpoint__object_minus_ring,leave_one_out,distance_range,,,far,120,130.0,14.719601443879744,79.53082458501048,50.46917541498953,44.272425931292496,0.38131157999911036,0.3553325286617038,52.504770083411636,-11.723465606978083,-50.46917541498953,-44.272425931292496,69.62441286897052,69.88615767508938,84.50843043395598,0.0,0.0,0.0,0.0,1.0
bbox_expand_16x__bbox_midpoint__object_minus_ring,leave_one_out,distance_range,,,mid,160,85.0,11.180339887498949,77.01035005106486,12.299149831666782,10.575799075521061,0.14096214433753054,0.1413724377208369,15.377069619039958,-0.8916341605504134,-7.98964994893514,-9.147255668955012,21.12510672453756,25.912410086925142,58.27783187279995,0.225,0.4375,0.84375,0.3375,0.6625
bbox_expand_16x__bbox_midpoint__object_minus_ring,leave_one_out,distance_range,,,near,200,40.0,14.142135623730951,76.66051758495819,36.70141894993144,36.41737330766104,1.2109781120303469,0.9703052341809532,39.78032652572885,-6.912371892468033,36.660517584958185,36.41737330766104,58.37129808487106,60.50687848062196,72.04540136607443,0.02,0.025,0.14,0.995,0.005
bbox_expand_16x__bbox_midpoint__object_minus_ring,leave_one_out,weather__distance_range,clear_sky,,far,60,130.0,14.719601443879744,79.47412934178092,50.52587065821908,44.35760550641242,0.38202680693578095,0.35865967591795994,52.446108553414085,-11.695050626445358,-50.52587065821908,-44.35760550641242,69.44064576153018,69.9127781660303,72.04526358881925,0.0,0.0,0.0,0.0,1.0
bbox_expand_16x__bbox_midpoint__object_minus_ring,leave_one_out,weather__distance_range,clear_sky,,mid,80,85.0,11.180339887498949,75.13310623512663,13.773274507620688,10.62537608241633,0.159009184547238,0.14511184022627177,17.18686301980977,-1.363106083693637,-9.866893764873373,-9.506216729918087,24.466703135461024,32.46798989319032,58.27783187279995,0.1875,0.4125,0.775,0.3,0.7
bbox_expand_16x__bbox_midpoint__object_minus_ring,leave_one_out,weather__distance_range,clear_sky,,near,100,40.0,14.142135623730951,76.33260661187525,36.414409341821745,36.41737330766104,1.2079672439734113,0.9793731694403027,39.80766359177732,-6.923250403180568,36.332606611875256,36.41737330766104,59.407481936441,60.506878480621964,68.8988786183926,0.03,0.03,0.17,0.99,0.01
bbox_expand_16x__bbox_midpoint__object_minus_ring,leave_one_out,weather__distance_range,light_rain,,far,60,130.0,14.719601443879744,79.58751982824005,50.412480171759974,44.14662017329578,0.38059635306243983,0.35364448413140587,52.56336614627474,-11.751880587510808,-50.412480171759974,-44.14662017329578,69.62441286897052,69.8539640743336,84.50843043395598,0.0,0.0,0.0,0.0,1.0
bbox_expand_16x__bbox_midpoint__object_minus_ring,leave_one_out,weather__distance_range,light_rain,,mid,80,85.0,11.180339887498949,78.88759386700309,10.825025155712876,10.276209585267843,0.12291510412782305,0.12688198097105033,13.323673655411207,-0.42016223740718917,-6.112406132996907,-8.908256014466765,19.64393514215102,21.094473703442972,44.82968579582529,0.2625,0.4625,0.9125,0.375,0.625
bbox_expand_16x__bbox_midpoint__object_minus_ring,leave_one_out,weather__distance_range,light_rain,,near,100,40.0,14.142135623730951,76.98842855804111,36.98842855804112,36.87268434547119,1.2139889800872825,0.9625514553305039,39.75297066070785,-6.901493381755496,36.98842855804112,36.87268434547119,55.562742879891104,60.322655966571,72.04540136607443,0.01,0.02,0.11,1.0,0.0
bbox_expand_16x__bbox_midpoint__object_minus_ring,leave_one_out,time_of_day__distance_range,,10AM,far,60,130.0,14.719601443879744,78.90303807685729,51.09696192314272,44.30914468749227,0.38625202925840413,0.3553325286617038,53.15164062039031,-12.038908772180578,-51.09696192314272,-44.30914468749227,69.44064576153018,70.72742370683636,84.50843043395598,0.0,0.0,0.0,0.0,1.0
bbox_expand_16x__bbox_midpoint__object_minus_ring,leave_one_out,time_of_day__distance_range,,10AM,mid,80,85.0,11.180339887498949,75.17914534936901,13.727951204380924,10.500879756225714,0.15736365134568092,0.14349584725026188,17.538776616980165,-1.460869481762642,-9.820854650630979,-9.506216729918087,24.466703135461024,34.660878630039065,58.27783187279995,0.225,0.4125,0.7625,0.3,0.7
bbox_expand_16x__bbox_midpoint__object_minus_ring,leave_one_out,time_of_day__distance_range,,10AM,near,100,40.0,14.142135623730951,75.86935131870926,35.95115404865574,35.99890081985485,1.1845214394424506,0.96724865042936,39.104847541582664,-6.645945506252119,35.869351318709256,35.99890081985485,55.50394835238299,60.42486140832494,72.04540136607443,0.03,0.04,0.13,0.99,0.01
bbox_expand_16x__bbox_midpoint__object_minus_ring,leave_one_out,time_of_day__distance_range,,8PM,far,60,130.0,14.719601443879744,80.15861109316367,49.84138890683633,44.14272684847032,0.37637113073981665,0.35547262479787545,51.849829916642065,-11.408022441775588,-49.84138890683633,-44.14272684847032,69.62441286897052,69.79366032922438,70.6917159342604,0.0,0.0,0.0,0.0,1.0
bbox_expand_16x__bbox_midpoint__object_minus_ring,leave_one_out,time_of_day__distance_range,,8PM,mid,80,85.0,11.180339887498949,78.84155475276069,10.870348458952638,10.619755234682913,0.12456063732938016,0.12901563113983866,12.856899117488364,-0.3223988393381847,-6.158445247239301,-8.987785614035026,19.618997900478494,20.468703935941498,26.06274803696948,0.225,0.4625,0.925,0.375,0.625
bbox_expand_16x__bbox_midpoint__object_minus_ring,leave_one_out,time_of_day__distance_range,,8PM,near,100,40.0,14.142135623730951,77.45168385120711,37.45168385120713,36.82488420800797,1.2374347846182432,0.9760788401849523,40.444525658447155,-7.178798278683951,37.45168385120713,36.82488420800797,59.525803973750236,60.82911059991795,68.8988786183926,0.01,0.01,0.15,1.0,0.0
bbox_expand_16x__bbox_midpoint__object_minus_ring_normalized,leave_one_out,weather,clear_sky,,,240,77.5,38.37859646556485,76.82752026518695,33.18889667919252,36.33551014962164,0.6701582078234102,0.3783649365208416,39.753197356317976,-0.07291657146276664,-0.6724797348130493,0.9079799245467441,57.852689830438045,72.41801501311585,158.29838489863147,0.08333333333333333,0.1625,0.32916666666666666,0.5,0.5
bbox_expand_16x__bbox_midpoint__object_minus_ring_normalized,leave_one_out,weather,light_rain,,,240,77.5,38.37859646556485,77.63136490208177,32.544053672814485,32.00706007083174,0.6626442160438991,0.3541409712447481,38.42806298534322,-0.00257947935875924,0.13136490208178203,2.405333004835313,57.86104068644299,72.41537638192835,73.44270062712884,0.08333333333333333,0.16666666666666666,0.3333333333333333,0.5,0.5
bbox_expand_16x__bbox_midpoint__object_minus_ring_normalized,leave_one_out,time_of_day,,10AM,,240,77.5,38.37859646556485,76.81428337736173,33.2106883447925,36.65583852223167,0.6704482206999637,0.3785877613477592,39.77530417651627,-0.07411020469661733,-0.6857166226382636,0.9133758225301492,57.86379673361009,72.41767991936707,158.29838489863147,0.08333333333333333,0.1625,0.32916666666666666,0.5,0.5
bbox_expand_16x__bbox_midpoint__object_minus_ring_normalized,leave_one_out,time_of_day,,8PM,,240,77.5,38.37859646556485,77.644601789907,32.5222620072145,31.686731698221713,0.6623542031673455,0.3535866506317017,38.40518067294411,-0.0013858461249085519,0.14460178990699812,2.2184338548649265,57.84565093682338,72.41349160649362,72.48489788304069,0.08333333333333333,0.16666666666666666,0.3333333333333333,0.5,0.5
bbox_expand_16x__bbox_midpoint__object_minus_ring_normalized,leave_one_out,distance_range,,,far,120,130.0,14.719601443879744,77.56023005982026,52.439769940179744,47.36349114696542,0.3960067554461027,0.37890792917572336,54.466368770486525,-12.69193227865829,-52.439769940179744,-47.36349114696542,72.43233234293568,72.46849299814106,73.44270062712884,0.0,0.0,0.0,0.0,1.0
bbox_expand_16x__bbox_midpoint__object_minus_ring_normalized,leave_one_out,distance_range,,,mid,160,85.0,11.180339887498949,76.47264515643266,12.224088023270443,12.176662821493998,0.13765168478711814,0.13529625357215555,18.413209299021545,-1.7123702135165884,-8.527354843567345,-12.176662821493998,22.353141902068067,22.518145484521412,158.29838489863147,0.25,0.49375,0.74375,0.25,0.75
bbox_expand_16x__bbox_midpoint__object_minus_ring_normalized,leave_one_out,distance_range,,,near,200,40.0,14.142135623730951,77.6364080396842,37.63640803968419,37.75684330380666,1.251637507543415,0.9439210825951665,40.21506001798095,-7.086255261249052,37.63640803968419,37.75684330380666,57.769637949742815,57.843964398061615,58.13068173470833,0.0,0.0,0.2,1.0,0.0
bbox_expand_16x__bbox_midpoint__object_minus_ring_normalized,leave_one_out,weather__distance_range,clear_sky,,far,60,130.0,14.719601443879744,77.56807774575617,52.43192225424384,47.36267409327726,0.39595647200390116,0.37890139274621815,54.45551752718378,-12.68647718070809,-52.43192225424384,-47.36267409327726,72.42610924533008,72.46849299814106,72.50977399565227,0.0,0.0,0.0,0.0,1.0
bbox_expand_16x__bbox_midpoint__object_minus_ring_normalized,leave_one_out,weather__distance_range,clear_sky,,mid,80,85.0,11.180339887498949,75.31121136539483,13.24745722604575,12.264327135350491,0.15016452188892218,0.13627030150389435,22.32147550514822,-2.985986149815457,-9.688788634605174,-12.264327135350491,22.364765854752484,22.584663323868984,158.29838489863147,0.25,0.4875,0.7375,0.25,0.75
bbox_expand_16x__bbox_midpoint__object_minus_ring_normalized,leave_one_out,weather__distance_range,clear_sky,,near,100,40.0,14.142135623730951,77.59623289667913,37.59623289667912,37.75684330380666,1.250674198062706,0.9439210825951665,40.18606016577493,-7.074597158236413,37.59623289667912,37.75684330380666,57.77433190265641,57.834642131156684,57.97215544453057,0.0,0.0,0.2,1.0,0.0
bbox_expand_16x__bbox_midpoint__object_minus_ring_normalized,leave_one_out,weather__distance_range,light_rain,,far,60,130.0,14.719601443879744,77.55238237388436,52.447617626115644,47.3639405815869,0.3960570388883041,0.3789115246526952,54.47721785234484,-12.697387376608491,-52.447617626115644,-47.3639405815869,72.43312339225696,72.46284220481735,73.44270062712884,0.0,0.0,0.0,0.0,1.0
bbox_expand_16x__bbox_midpoint__object_minus_ring_normalized,leave_one_out,weather__distance_range,light_rain,,mid,80,85.0,11.180339887498949,77.63407894747048,11.200718820495135,9.980953631646393,0.12513884768531408,0.12339575238336939,13.410603441016926,-0.4387542772177202,-7.365921052529517,-7.565207595211682,22.335866447790963,22.427296154917617,23.623555282605295,0.25,0.5,0.75,0.25,0.75
bbox_expand_16x__bbox_midpoint__object_minus_ring_normalized,leave_one_out,weather__distance_range,light_rain,,near,100,40.0,14.142135623730951,77.67658318268927,37.67658318268928,37.751430596288444,1.2526008170241238,0.9437857649072111,40.24403897290055,-7.097913364261689,37.67658318268928,37.751430596288444,57.73629935102747,57.84510697797826,58.13068173470833,0.0,0.0,0.2,1.0,0.0
bbox_expand_16x__bbox_midpoint__object_minus_ring_normalized,leave_one_out,time_of_day__distance_range,,10AM,far,60,130.0,14.719601443879744,77.526015533174,52.47398446682596,47.364226087631245,0.3962732859835667,0.37891380870104996,54.49964100954723,-12.708665554628567,-52.47398446682596,-47.364226087631245,72.42843787510797,72.47751482061103,73.44270062712884,0.0,0.0,0.0,0.0,1.0
bbox_expand_16x__bbox_midpoint__object_minus_ring_normalized,leave_one_out,time_of_day__distance_range,,10AM,mid,80,85.0,11.180339887498949,75.29824395403924,13.276482156092579,12.176662821493998,0.15048606005559018,0.13529625357215555,22.346745490023196,-2.9950162719669757,-9.701756045960764,-12.176662821493998,22.481848451608393,23.636807533778946,158.29838489863147,0.25,0.4875,0.7375,0.25,0.75
bbox_expand_16x__bbox_midpoint__object_minus_ring_normalized,leave_one_out,time_of_day__distance_range,,10AM,near,100,40.0,14.142135623730951,77.60007562253234,37.60007562253236,37.760750739272225,1.2509229100453008,0.9440187684818057,40.19143471318398,-7.076757121520652,37.60007562253236,37.760750739272225,57.715970754180944,57.83119830177354,58.13068173470833,0.0,0.0,0.2,1.0,0.0
bbox_expand_16x__bbox_midpoint__object_minus_ring_normalized,leave_one_out,time_of_day__distance_range,,8PM,far,60,130.0,14.719601443879744,77.5944445864665,52.40555541353351,47.36238858723292,0.3957402249086386,0.37889910869786336,54.433076193760506,-12.675199002688016,-52.40555541353351,-47.36238858723292,72.43233234293568,72.44634935985047,72.48489788304069,0.0,0.0,0.0,0.0,1.0
bbox_expand_16x__bbox_midpoint__object_minus_ring_normalized,leave_one_out,time_of_day__distance_range,,8PM,mid,80,85.0,11.180339887498949,77.64704635882609,11.171693890448308,10.082883485904809,0.12481730951864609,0.12457359374942137,13.368452392976351,-0.429724155066201,-7.352953641173924,-7.6277795414231235,22.31850527863177,22.33613839191902,22.558243519126833,0.25,0.5,0.75,0.25,0.75
bbox_expand_16x__bbox_midpoint__object_minus_ring_normalized,leave_one_out,time_of_day__distance_range,,8PM,near,100,40.0,14.142135623730951,77.67274045683604,37.67274045683604,37.752121292193884,1.252352105041529,0.9438030323048472,40.23867145167059,-7.095753400977449,37.67274045683604,37.752121292193884,57.7868454838984,57.843964398061615,57.97215544453057,0.0,0.0,0.2,1.0,0.0
bbox_expand_16x__inner50_median__object_depth,leave_one_out,weather,clear_sky,,,240,77.5,38.37859646556485,77.20689610926138,32.721448409532314,31.19560545825521,0.6509480172045127,0.35329777673877616,38.62247444915268,-0.01274944220115537,-0.2931038907386096,0.9552028824103616,61.47095578486949,71.7937667474956,92.07654989819274,0.09166666666666666,0.15416666666666667,0.2916666666666667,0.5125,0.4875
bbox_expand_16x__inner50_median__object_depth,leave_one_out,weather,light_rain,,,240,77.5,38.37859646556485,77.8037486552846,31.102344035947024,30.507514170007582,0.631333339476702,0.35550536372151087,36.89308425254866,0.07591536135853749,0.30374865528458106,2.1724480291739,60.368828878439025,66.56847169476663,82.97825757134024,0.09583333333333334,0.18333333333333332,0.3458333333333333,0.5375,0.4625
bbox_expand_16x__inner50_median__object_depth,leave_one_out,time_of_day,,10AM,,240,77.5,38.37859646556485,77.07958589668542,31.39084806985876,29.244626554157243,0.6209116596872523,0.3564032188360836,37.336357641189785,0.05357605527977516,-0.42041410331457124,2.0665951369770283,60.86816203040939,68.91875303315335,92.07654989819274,0.0875,0.17916666666666667,0.3333333333333333,0.5208333333333334,0.4791666666666667
bbox_expand_16x__inner50_median__object_depth,leave_one_out,time_of_day,,8PM,,240,77.5,38.37859646556485,77.93105886786056,32.43294437562058,32.64156164856321,0.6613696969939624,0.3513890456303952,38.19413039107285,0.009589863877607185,0.43105886786053893,1.4552432130474457,60.060002144727704,67.46454068056366,86.22260838116232,0.1,0.15833333333333333,0.30416666666666664,0.5291666666666667,0.4708333333333333
bbox_expand_16x__inner50_median__object_depth,leave_one_out,distance_range,,,far,120,130.0,14.719601443879744,79.47074948953075,50.529250510469275,45.167775203394555,0.3811193092737715,0.3628954911180076,53.07655451947398,-12.002095259963202,-50.529250510469275,-45.167775203394555,72.15170718253385,77.63642453737991,92.07654989819274,0.0,0.0,0.0,0.0,1.0
bbox_expand_16x__inner50_median__object_depth,leave_one_out,distance_range,,,mid,160,85.0,11.180339887498949,77.47084251817844,12.396688273874583,11.26260184900638,0.14061091458335845,0.13743158362530222,15.370669392777076,-0.8900598206564323,-7.529157481821571,-7.025795358722839,25.635211568703753,29.766547782167,36.57863354454711,0.2625,0.48125,0.7875,0.325,0.675
bbox_expand_16x__inner50_median__object_depth,leave_one_out,distance_range,,,near,200,40.0,14.142135623730951,76.35365000919398,36.35365000919398,36.03532644370498,1.197577310786508,0.9379355692237281,39.29473084305919,-6.720379360142337,36.35365000919398,36.03532644370498,56.25990228781603,58.81447587602911,71.91759209079677,0.015,0.02,0.135,1.0,0.0
bbox_expand_16x__inner50_median__object_depth,leave_one_out,weather__distance_range,clear_sky,,far,60,130.0,14.719601443879744,78.74116357005713,51.25883642994287,44.75311310235311,0.3857298616413393,0.3580249048188249,54.17900442498617,-12.547836248381557,-51.25883642994287,-44.75311310235311,77.02753403745555,78.77194549333937,92.07654989819274,0.0,0.0,0.0,0.0,1.0
bbox_expand_16x__inner50_median__object_depth,leave_one_out,weather__distance_range,clear_sky,,mid,80,85.0,11.180339887498949,76.23700108612213,13.392403342020591,11.620703604857837,0.1511128047674289,0.16152031396061423,16.851803675593015,-1.2718662969658419,-8.762998913877874,-6.674410510269233,28.74836787133447,30.995262856867384,36.57863354454711,0.275,0.4625,0.725,0.2875,0.7125
bbox_expand_16x__inner50_median__object_depth,leave_one_out,weather__distance_range,clear_sky,,near,100,40.0,14.142135623730951,77.06225165129536,37.062251651295355,36.264724908621744,1.209947080492084,1.041524884828966,39.89566312514303,-6.958319680974489,37.062251651295355,36.264724908621744,57.59868872912863,58.82585248586198,71.91759209079677,0.0,0.0,0.12,1.0,0.0
bbox_expand_16x__inner50_median__object_depth,leave_one_out,weather__distance_range,light_rain,,far,60,130.0,14.719601443879744,80.20033540900434,49.79966459099567,45.36193638975095,0.37650875690620367,0.3670181210971275,51.95071470956599,-11.456354271544845,-49.79966459099567,-45.36193638975095,68.7346771728295,69.94510677730328,82.97825757134024,0.0,0.0,0.0,0.0,1.0
bbox_expand_16x__inner50_median__object_depth,leave_one_out,weather__distance_range,light_rain,,mid,80,85.0,11.180339887498949,78.70468395023474,11.400973205728576,10.117062302145627,0.1301090243992881,0.13361834511598386,13.730683451430151,-0.5082533443470225,-6.295316049765269,-7.367376437934773,21.740020643786444,25.66430802100028,32.75447591214294,0.25,0.5,0.85,0.3625,0.6375
bbox_expand_16x__inner50_median__object_depth,leave_one_out,weather__distance_range,light_rain,,near,100,40.0,14.142135623730951,75.6450483670926,35.645048367092606,35.348912053448714,1.1852075410809322,0.859901100383808,38.68446468366905,-6.482439039310188,35.645048367092606,35.348912053448714,55.56301535907331,57.636223931269036,64.98799949387097,0.03,0.04,0.15,1.0,0.0
bbox_expand_16x__inner50_median__object_depth,leave_one_out,time_of_day__distance_range,,10AM,far,60,130.0,14.719601443879744,78.9604004421831,51.03959955781692,46.45140052394896,0.3845779019825961,0.37250820411675833,53.763000919694264,-12.34058585180483,-51.03959955781692,-46.45140052394896,71.73757092623414,78.16081309856402,92.07654989819274,0.0,0.0,0.0,0.0,1.0
bbox_expand_16x__inner50_median__object_depth,leave_one_out,time_of_day__distance_range,,10AM,mid,80,85.0,11.180339887498949,77.92863927554427,11.803026458338918,9.54791003389861,0.13450684531513973,0.13509538228894857,14.489495219201865,-0.6795637736581899,-7.071360724455717,-7.159054048238815,23.52732716622986,27.011664187466568,31.41820834868612,0.25,0.5125,0.825,0.3125,0.6875
bbox_expand_16x__inner50_median__object_depth,leave_one_out,time_of_day__distance_range,,10AM,near,100,40.0,14.142135623730951,75.27185446629974,35.27185446629974,34.90373237644663,1.1518357658077358,0.8123763970653823,37.99178998791118,-6.216880532427742,35.27185446629974,34.90373237644663,54.44484119357965,57.6877606598099,68.81958262631159,0.01,0.02,0.14,1.0,0.0
bbox_expand_16x__inner50_median__object_depth,leave_one_out,time_of_day__distance_range,,8PM,far,60,130.0,14.719601443879744,79.98109853687838,50.01890146312163,44.72460284070826,0.3776607165649469,0.36134220162715647,52.38111311748101,-11.663604668121575,-50.01890146312163,-44.72460284070826,72.15170718253384,76.89346381023202,86.22260838116232,0.0,0.0,0.0,0.0,1.0
bbox_expand_16x__inner50_median__object_depth,leave_one_out,time_of_day__distance_range,,8PM,mid,80,85.0,11.180339887498949,77.01304576081257,12.990350089410247,11.987843739956993,0.1467149838515772,0.14388556218708876,16.20399591017087,-1.1005558676546747,-7.986954239187426,-6.914731927109017,27.37402631454979,31.062076235040223,36.57863354454711,0.275,0.45,0.75,0.3375,0.6625
bbox_expand_16x__inner50_median__object_depth,leave_one_out,time_of_day__distance_range,,8PM,near,100,40.0,14.142135623730951,77.43544555208823,37.435445552088225,38.4071945715537,1.2433188557652801,0.9964135800711822,40.55583358249941,-7.2238781878569345,37.435445552088225,38.4071945715537,57.549864459984654,58.82585248586198,71.91759209079677,0.02,0.02,0.13,1.0,0.0
bbox_expand_16x__inner50_median__object_depth_percentile_5_95,leave_one_out,weather,clear_sky,,,240,77.5,38.37859646556485,77.50254255808882,32.6535388138681,32.33246570225938,0.6646076035853908,0.35654561133023555,38.534283861179006,-0.008129696878475423,0.0025425580888224887,2.0709920736599443,58.686841687953454,72.2357148342656,75.38555554800148,0.08333333333333333,0.16666666666666666,0.3333333333333333,0.5,0.5
bbox_expand_16x__inner50_median__object_depth_percentile_5_95,leave_one_out,weather,light_rain,,,240,77.5,38.37859646556485,77.50143744101966,32.609370626729174,32.36819045732646,0.6632280466404405,0.35926791045849904,38.52734819663468,-0.007766829350877025,0.001437441019677029,2.211760091452156,58.28454621408859,71.97951419790755,75.34880975905703,0.08333333333333333,0.16666666666666666,0.3333333333333333,0.5,0.5
bbox_expand_16x__inner50_median__object_depth_percentile_5_95,leave_one_out,time_of_day,,10AM,,240,77.5,38.37859646556485,77.3547248061328,32.56270590689297,32.368190457326456,0.6614353149845885,0.358934312568875,38.47984930691368,-0.0052834869699247555,-0.14527519386721224,2.0801415415106703,58.3473529969615,72.12450121009587,75.34880975905703,0.08333333333333333,0.16666666666666666,0.3333333333333333,0.5,0.5
bbox_expand_16x__inner50_median__object_depth_percentile_5_95,leave_one_out,time_of_day,,8PM,,240,77.5,38.37859646556485,77.64925519297572,32.700203533704304,32.33246570225938,0.6664003352412428,0.35717016473860363,38.581715735252956,-0.010613039259427692,0.14925519297570797,2.5079585619712716,58.643953786383996,72.08898881263532,75.38555554800148,0.08333333333333333,0.16666666666666666,0.3333333333333333,0.5,0.5
bbox_expand_16x__inner50_median__object_depth_percentile_5_95,leave_one_out,distance_range,,,far,120,130.0,14.719601443879744,77.40418728380696,52.59581271619304,47.367502003342125,0.3971893320509742,0.378940016026737,54.636414203351556,-12.777558878462443,-52.59581271619304,-47.367502003342125,72.8238569603649,73.64996903413258,75.38555554800148,0.0,0.0,0.0,0.0,1.0
bbox_expand_16x__inner50_median__object_depth_percentile_5_95,leave_one_out,distance_range,,,mid,160,85.0,11.180339887498949,77.33582903145803,11.33050411940163,10.126758300467294,0.12627992530248716,0.12418415648145506,13.625557645745252,-0.4852465692602148,-7.664170968541965,-7.738394198602585,22.736505480301794,23.40525889499007,24.794263835838905,0.25,0.5,0.75,0.25,0.75
bbox_expand_16x__inner50_median__object_depth_percentile_5_95,leave_one_out,distance_range,,,near,200,40.0,14.142135623730951,77.6936004034796,37.69360040347961,37.618377800610794,1.2540652407984232,0.9404594450152699,40.29255264914648,-7.1174489949212045,37.69360040347961,37.618377800610794,57.900809675367505,58.42008641278373,60.1396365498004,0.0,0.0,0.2,1.0,0.0
bbox_expand_16x__inner50_median__object_depth_percentile_5_95,leave_one_out,weather__distance_range,clear_sky,,far,60,130.0,14.719601443879744,77.53926330056306,52.460736699436914,46.894372530096,0.3960276048636336,0.375154980240768,54.54282158634411,-12.730397168921995,-52.460736699436914,-46.894372530096,73.16043672961379,73.79899284222513,75.38555554800148,0.0,0.0,0.0,0.0,1.0
bbox_expand_16x__inner50_median__object_depth_percentile_5_95,leave_one_out,weather__distance_range,clear_sky,,mid,80,85.0,11.180339887498949,77.1547720263316,11.416655744514063,10.081834291009827,0.12709067175512884,0.12403763407506449,13.738999299950807,-0.5100808141123903,-7.845227973668392,-7.738394198602585,22.930455475485505,23.951368140706933,24.794263835838905,0.25,0.5,0.75,0.25,0.75
bbox_expand_16x__inner50_median__object_depth_percentile_5_95,leave_one_out,weather__distance_range,clear_sky,,near,100,40.0,14.142135623730951,77.75872653801004,37.758726538010045,38.658381503846186,1.2557691482826545,0.9664595375961547,40.34574035873319,-7.138893825471559,37.758726538010045,38.658381503846186,58.156193231680334,58.62926816268471,60.1396365498004,0.0,0.0,0.2,1.0,0.0
bbox_expand_16x__inner50_median__object_depth_percentile_5_95,leave_one_out,weather__distance_range,light_rain,,far,60,130.0,14.719601443879744,77.26911126705083,52.73088873294917,47.46270070619898,0.39835105923831465,0.3797016056495919,54.72984676938743,-12.824720588002895,-52.73088873294917,-47.46270070619898,72.80542072169686,73.34575562848188,75.34880975905703,0.0,0.0,0.0,0.0,1.0
bbox_expand_16x__inner50_median__object_depth_percentile_5_95,leave_one_out,weather__distance_range,light_rain,,mid,80,85.0,11.180339887498949,77.51688603658445,11.244352494289195,10.214514636574407,0.12546917884984543,0.12485543422135742,13.511163552818275,-0.4604123244080396,-7.483113963415541,-7.477071531219913,22.535187725762608,22.76608216556226,24.794263835838876,0.25,0.5,0.75,0.25,0.75
bbox_expand_16x__inner50_median__object_depth_percentile_5_95,leave_one_out,weather__distance_range,light_rain,,near,100,40.0,14.142135623730951,77.62847426894916,37.628474268949155,37.430408181048705,1.2523613333141919,0.9357602045262177,40.23929463688659,-7.09600416437085,37.628474268949155,37.430408181048705,57.79043576127253,58.216228264396676,58.91436698411583,0.0,0.0,0.2,1.0,0.0
bbox_expand_16x__inner50_median__object_depth_percentile_5_95,leave_one_out,time_of_day__distance_range,,10AM,far,60,130.0,14.719601443879744,77.32468570352513,52.67531429647488,47.578796734999536,0.39777505793997864,0.3806303738799963,54.72191411585347,-12.820713313090048,-52.67531429647488,-47.578796734999536,73.35205078450747,73.64996903413258,75.34880975905703,0.0,0.0,0.0,0.0,1.0
bbox_expand_16x__inner50_median__object_depth_percentile_5_95,leave_one_out,time_of_day__distance_range,,10AM,mid,80,85.0,11.180339887498949,77.22071580348661,11.33168766105485,10.214514636574407,0.1261304839493702,0.1257667693867509,13.656695730360644,-0.4920427061732051,-7.779284196513385,-7.826150534709697,22.71347408467055,24.65859760293753,24.794263835838905,0.25,0.5,0.75,0.25,0.75
bbox_expand_16x__inner50_median__object_depth_percentile_5_95,leave_one_out,time_of_day__distance_range,,10AM,near,100,40.0,14.142135623730951,77.47995546981434,37.47995546981433,37.30390452483775,1.247875334039529,0.9325976131209437,40.09713362722649,-7.038900625598286,37.47995546981433,37.30390452483775,57.49006941706593,58.27297545772652,58.91436698411583,0.0,0.0,0.2,1.0,0.0
bbox_expand_16x__inner50_median__object_depth_percentile_5_95,leave_one_out,time_of_day__distance_range,,8PM,far,60,130.0,14.719601443879744,77.48368886408879,52.51631113591121,46.83525132005894,0.3966036061619696,0.37468201056047146,54.55078028312289,-12.73440444383484,-52.51631113591121,-46.83525132005894,72.80542072169686,73.15517471777056,75.38555554800148,0.0,0.0,0.0,0.0,1.0
bbox_expand_16x__inner50_median__object_depth_percentile_5_95,leave_one_out,time_of_day__distance_range,,8PM,mid,80,85.0,11.180339887498949,77.45094225942947,11.329320577748408,10.033508675818773,0.12642936665560406,0.12215122850848086,13.594348239007383,-0.4784504323472252,-7.549057740570549,-7.290656588638534,22.736505480301794,23.14902800912131,24.161130568277287,0.25,0.5,0.75,0.25,0.75
bbox_expand_16x__inner50_median__object_depth_percentile_5_95,leave_one_out,time_of_day__distance_range,,8PM,near,100,40.0,14.142135623730951,77.90724533714487,37.90724533714487,38.37253894619672,1.2602551475573174,0.959313473654918,40.48702845170074,-7.195997364244125,37.90724533714487,38.37253894619672,58.000299396531965,58.62778643767383,60.1396365498004,0.0,0.0,0.2,1.0,0.0
bbox_expand_16x__inner50_median__object_minus_ring,leave_one_out,weather,clear_sky,,,240,77.5,38.37859646556485,76.91190283884866,32.33276848658093,30.914963518208673,0.6521652197570658,0.35816206851850196,38.058992528126716,0.016585971877111083,-0.5880971611513378,-0.37135636099418434,59.885298693465245,70.2334368107489,72.71622577749336,0.07083333333333333,0.15833333333333333,0.30833333333333335,0.4875,0.5125
bbox_expand_16x__inner50_median__object_minus_ring,leave_one_out,weather,light_rain,,,240,77.5,38.37859646556485,78.08561843061446,32.03595137642507,30.879494571229767,0.6508385439449005,0.35275728870829215,37.9737146681497,0.020988058366247953,0.5856184306144674,2.1775670518319075,60.19001075276853,70.14663161493021,83.63637322739609,0.075,0.17083333333333334,0.3458333333333333,0.525,0.475
bbox_expand_16x__inner50_median__object_minus_ring,leave_one_out,time_of_day,,10AM,,240,77.5,38.37859646556485,76.4041083632835,32.57322263703104,30.75393806487569,0.6501357973173216,0.3594902519949248,38.30352291276444,0.0039084350583281635,-1.0958916367165046,-0.17884657429661388,60.19001075276853,70.2272865418328,83.63637322739609,0.07083333333333333,0.15416666666666667,0.3125,0.49166666666666664,0.5083333333333333
bbox_expand_16x__inner50_median__object_minus_ring,leave_one_out,time_of_day,,8PM,,240,77.5,38.37859646556485,78.59341290617962,31.795497225974962,31.128311733234135,0.6528679663846444,0.3470791864872972,37.72704666980152,0.03366559518503087,1.0934129061796323,2.1775670518319075,59.9278733337735,70.14583724664561,71.29000878024478,0.075,0.175,0.3416666666666667,0.5208333333333334,0.4791666666666667
bbox_expand_16x__inner50_median__object_minus_ring,leave_one_out,distance_range,,,far,120,130.0,14.719601443879744,78.8227324178818,51.17726758211817,45.191731521311894,0.3866579508346779,0.36190215601352954,53.211193160743456,-12.068143435030544,-51.17726758211817,-45.191731521311894,70.3839470178975,70.73667873655263,83.63637322739609,0.0,0.0,0.0,0.0,1.0
bbox_expand_16x__inner50_median__object_minus_ring,leave_one_out,distance_range,,,mid,160,85.0,11.180339887498949,77.19898680963881,11.964806562617989,10.112910954023874,0.13588685493808633,0.13034448962445622,14.888927076474832,-0.7734411959086833,-7.801013190361191,-9.953260721694171,20.679566603420916,23.023409788212902,55.044431634598794,0.2125,0.46875,0.75625,0.275,0.725
bbox_expand_16x__inner50_median__object_minus_ring,leave_one_out,distance_range,,,near,200,40.0,14.142135623730951,76.94419662491562,36.9642580362419,37.63912214099429,1.2229002619910836,0.9658325714828517,39.90470066796672,-6.96192567700012,36.94419662491562,37.63912214099429,58.608822797008195,59.82441761806301,69.78939814015881,0.005,0.02,0.18,0.995,0.005
bbox_expand_16x__inner50_median__object_minus_ring,leave_one_out,weather__distance_range,clear_sky,,far,60,130.0,14.719601443879744,79.03443418730299,50.965565812697015,45.2376418300189,0.385019268562494,0.36227028142605033,52.95111154691232,-11.940708680247162,-50.965565812697015,-45.2376418300189,70.36532438464153,70.77458968580054,72.71622577749336,0.0,0.0,0.0,0.0,1.0
bbox_expand_16x__inner50_median__object_minus_ring,leave_one_out,weather__distance_range,clear_sky,,mid,80,85.0,11.180339887498949,75.73021766227814,12.994312358113703,10.20193606723624,0.14807999955772985,0.13387048953542566,16.27302125880463,-1.1184897671160594,-9.269782337721864,-10.138171323043224,22.251371318975025,29.187606492699974,55.044431634598794,0.2,0.4375,0.7,0.225,0.775
bbox_expand_16x__inner50_median__object_minus_ring,leave_one_out,weather__distance_range,clear_sky,,near,100,40.0,14.142135623730951,76.5837321710325,36.62385499368506,37.23182477222204,1.2157209666332773,0.9824999616296578,39.777223184514455,-6.911137421353373,36.58373217103249,37.23182477222204,58.45359306293612,59.82441761806301,65.80151857614108,0.01,0.03,0.18,0.99,0.01
bbox_expand_16x__inner50_median__object_minus_ring,leave_one_out,weather__distance_range,light_rain,,far,60,130.0,14.719601443879744,78.61103064846066,51.388969351539345,45.159400218679096,0.3882966331068619,0.3612752017494328,53.47000973561114,-12.195578189813924,-51.388969351539345,-45.159400218679096,70.44704634092302,70.66052707850807,83.63637322739609,0.0,0.0,0.0,0.0,1.0
bbox_expand_16x__inner50_median__object_minus_ring,leave_one_out,weather__distance_range,light_rain,,mid,80,85.0,11.180339887498949,78.66775595699949,10.935300767122275,10.008813383834912,0.12369371031844283,0.12963894460691666,13.36222579092508,-0.42839262470130723,-6.3322440430005145,-9.460573526365039,20.32170520988939,20.82344413942086,42.63844635923424,0.225,0.5,0.8125,0.325,0.675
bbox_expand_16x__inner50_median__object_minus_ring,leave_one_out,weather__distance_range,light_rain,,near,100,40.0,14.142135623730951,77.30466107879876,37.304661078798745,38.10513262420083,1.2300795573488899,0.9580432369770222,40.03177221319802,-7.012713932646863,37.304661078798745,38.10513262420083,58.608822797008195,59.63548769856666,69.78939814015881,0.0,0.01,0.18,1.0,0.0
bbox_expand_16x__inner50_median__object_minus_ring,leave_one_out,time_of_day__distance_range,,10AM,far,60,130.0,14.719601443879744,78.14983865205879,51.85016134794122,45.28378517825629,0.3921153796644426,0.36227028142605033,53.86622019954986,-12.391860055014124,-51.85016134794122,-45.28378517825629,70.36532438464153,70.86081479370148,83.63637322739609,0.0,0.0,0.0,0.0,1.0
bbox_expand_16x__inner50_median__object_minus_ring,leave_one_out,time_of_day__distance_range,,10AM,mid,80,85.0,11.180339887498949,75.22852344949865,13.410470720513734,10.355012505037301,0.15255512156343126,0.13269896324050592,16.88144241825244,-1.2798647849661817,-9.771476550501351,-10.268015689623304,23.037402068095336,30.937332509670696,55.044431634598794,0.2,0.425,0.7,0.2375,0.7625
bbox_expand_16x__inner50_median__object_minus_ring,leave_one_out,time_of_day__distance_range,,10AM,near,100,40.0,14.142135623730951,76.29713812104619,36.337260943698766,36.87757251077225,1.2030125885121619,0.9604176501108503,39.39867252104258,-6.761276982101777,36.29713812104619,36.87757251077225,56.814883130879174,59.48505548419883,69.78939814015881,0.01,0.03,0.19,0.99,0.01
bbox_expand_16x__inner50_median__object_minus_ring,leave_one_out,time_of_day__distance_range,,8PM,far,60,130.0,14.719601443879744,79.49562618370486,50.50437381629514,45.07875027562369,0.3812005220049134,0.3607657424879529,52.54800164224619,-11.744426815046962,-50.50437381629514,-45.07875027562369,70.44704634092302,70.73397590999927,71.29000878024478,0.0,0.0,0.0,0.0,1.0
bbox_expand_16x__inner50_median__object_minus_ring,leave_one_out,time_of_day__distance_range,,8PM,mid,80,85.0,11.180339887498949,79.16945016977897,10.51914240472224,9.953260721694171,0.11921858831274142,0.12838982868239152,12.584800390010088,-0.2670176068511845,-5.830549830221029,-9.219684856840132,20.25242704266499,20.568072820621566,22.95242330618848,0.225,0.5125,0.8125,0.3125,0.6875
bbox_expand_16x__inner50_median__object_minus_ring,leave_one_out,time_of_day__distance_range,,8PM,near,100,40.0,14.142135623730951,77.59125512878504,37.59125512878503,37.7613843746821,1.242787935470006,0.9694924074444001,40.40439177094109,-7.16257437189846,37.59125512878503,37.7613843746821,59.00397380204584,59.826739727682764,65.80151857614108,0.0,0.01,0.17,1.0,0.0
bbox_expand_16x__inner50_median__object_minus_ring_normalized,leave_one_out,weather,clear_sky,,,240,77.5,38.37859646556485,76.95251684354643,33.0883733066771,36.59143075470233,0.668876210191725,0.3790879230470814,39.348451100142164,-0.05118004230627138,-0.5474831564535596,1.2231306389480068,57.793850044346335,72.48394464785305,130.95939510515606,0.07916666666666666,0.1625,0.32916666666666666,0.5,0.5
bbox_expand_16x__inner50_median__object_minus_ring_normalized,leave_one_out,weather,light_rain,,,240,77.5,38.37859646556485,77.5981660791106,32.563523103733615,32.09030459998365,0.662753735977719,0.35864397964105654,38.447255566474915,-0.003581189653524053,0.09816607911059995,2.6198766441666947,57.79536876418986,72.48016936068025,73.31054639465873,0.08333333333333333,0.16666666666666666,0.3333333333333333,0.5,0.5
bbox_expand_16x__inner50_median__object_minus_ring_normalized,leave_one_out,time_of_day,,10AM,,240,77.5,38.37859646556485,76.93163796895989,33.11162083437738,36.8337146386273,0.6692000751317181,0.3792180122731127,39.37305476318401,-0.052495009709547125,-0.5683620310401182,1.228519290121234,57.80041619549879,72.48329692649153,130.95939510515606,0.07916666666666666,0.1625,0.32916666666666666,0.5,0.5
bbox_expand_16x__inner50_median__object_minus_ring_normalized,leave_one_out,time_of_day,,8PM,,240,77.5,38.37859646556485,77.61904495369716,32.54027557603334,31.848020716058677,0.662429871037726,0.353441653026521,38.42205907014132,-0.0022662222502487506,0.11904495369715846,2.6198766441666947,57.79373900820073,72.48006715538678,72.52599382498542,0.08333333333333333,0.16666666666666666,0.3333333333333333,0.5,0.5
bbox_expand_16x__inner50_median__object_minus_ring_normalized,leave_one_out,distance_range,,,far,120,130.0,14.719601443879744,77.50886214472408,52.49113785527593,47.42938255708792,0.396401984115867,0.3794350604567034,54.517375649757454,-12.717588835708156,-52.49113785527593,-47.42938255708792,72.48774920210056,72.51034818787825,73.31054639465873,0.0,0.0,0.0,0.0,1.0
bbox_expand_16x__inner50_median__object_minus_ring_normalized,leave_one_out,distance_range,,,mid,160,85.0,11.180339887498949,76.65806215539794,12.07317560411457,12.272660914630116,0.13578826638687364,0.13636289905144572,17.02192510200448,-1.3179674734260023,-8.341937844602054,-12.272660914630116,22.395316642948004,22.47004237463331,130.95939510515606,0.24375,0.49375,0.74375,0.25,0.75
bbox_expand_16x__inner50_median__object_minus_ring_normalized,leave_one_out,distance_range,,,near,200,40.0,14.142135623730951,77.62905249603564,37.62905249603565,37.715531127150115,1.2514841318243137,0.9428882781787529,40.20829742110797,-7.083535907521391,37.62905249603565,37.715531127150115,57.758820340339966,57.78844326532749,58.01351512091098,0.0,0.0,0.2,1.0,0.0
bbox_expand_16x__inner50_median__object_minus_ring_normalized,leave_one_out,weather__distance_range,clear_sky,,far,60,130.0,14.719601443879744,77.53060516921036,52.469394830789625,47.427513949628334,0.39622854119480877,0.3794201115970267,54.49753427023253,-12.707605730162317,-52.469394830789625,-47.427513949628334,72.48774920210056,72.50128301236192,72.55738472010442,0.0,0.0,0.0,0.0,1.0
bbox_expand_16x__inner50_median__object_minus_ring_normalized,leave_one_out,weather__distance_range,clear_sky,,mid,80,85.0,11.180339887498949,75.71342032884513,12.916897472052678,12.333057017857328,0.1461134448272638,0.1370339668650814,19.97612058337032,-2.192363148490811,-9.286579671154872,-12.333057017857328,22.400229307152514,22.563681883689714,130.95939510515606,0.2375,0.4875,0.7375,0.25,0.75
bbox_expand_16x__inner50_median__object_minus_ring_normalized,leave_one_out,weather__distance_range,clear_sky,,near,100,40.0,14.142135623730951,77.59694105990913,37.59694105990913,37.72902753562225,1.250675023881444,0.9432256883905563,40.18328495509654,-7.073481948912439,37.59694105990913,37.72902753562225,57.75002233582398,57.78844326532749,57.898968202588165,0.0,0.0,0.2,1.0,0.0
bbox_expand_16x__inner50_median__object_minus_ring_normalized,leave_one_out,weather__distance_range,light_rain,,far,60,130.0,14.719601443879744,77.4871191202378,52.51288087976222,47.42938255708792,0.3965754270369253,0.3794350604567034,54.53720981071883,-12.727571941253998,-52.51288087976222,-47.42938255708792,72.48900518765923,72.51208871153356,73.31054639465873,0.0,0.0,0.0,0.0,1.0
bbox_expand_16x__inner50_median__object_minus_ring_normalized,leave_one_out,weather__distance_range,light_rain,,mid,80,85.0,11.180339887498949,77.60270398195077,11.229453736176465,10.002174487396438,0.12546308794648353,0.12349956233397194,13.433036692987528,-0.4435717983611942,-7.397296018049239,-7.617803778343415,22.386646715945844,22.42503797770096,23.42761219122447,0.25,0.5,0.75,0.25,0.75
bbox_expand_16x__inner50_median__object_minus_ring_normalized,leave_one_out,weather__distance_range,light_rain,,near,100,40.0,14.142135623730951,77.66116393216215,37.66116393216217,37.7102167065952,1.2522932397671835,0.9427554176648799,40.23329433722857,-7.093589866130344,37.66116393216217,37.7102167065952,57.76199550978592,57.786064726040664,58.01351512091098,0.0,0.0,0.2,1.0,0.0
bbox_expand_16x__inner50_median__object_minus_ring_normalized,leave_one_out,time_of_day__distance_range,,10AM,far,60,130.0,14.719601443879744,77.47414512683096,52.52585487316904,47.42951007914831,0.3966820454403325,0.37943608063318646,54.54823598248132,-12.733123302156017,-52.52585487316904,-47.42951007914831,72.48774920210056,72.5135694411429,73.31054639465873,0.0,0.0,0.0,0.0,1.0
bbox_expand_16x__inner50_median__object_minus_ring_normalized,leave_one_out,time_of_day__distance_range,,10AM,mid,80,85.0,11.180339887498949,75.68817624916804,12.939342535666947,12.272660914630116,0.14635181684931178,0.13636289905144572,19.994859596608507,-2.198355282304698,-9.311823750831966,-12.272660914630116,22.47072767518045,23.43836039915143,130.95939510515606,0.2375,0.4875,0.7375,0.25,0.75
bbox_expand_16x__inner50_median__object_minus_ring_normalized,leave_one_out,time_of_day__distance_range,,10AM,near,100,40.0,14.142135623730951,77.60090305007071,37.60090305007073,37.724541848263854,1.2509894995724749,0.9431135462065963,40.1923910934955,-7.077141509062482,37.60090305007073,37.724541848263854,57.71584837075722,57.780329835461146,58.01351512091098,0.0,0.0,0.2,1.0,0.0
bbox_expand_16x__inner50_median__object_minus_ring_normalized,leave_one_out,time_of_day__distance_range,,8PM,far,60,130.0,14.719601443879744,77.5435791626172,52.456420837382794,47.427386427567946,0.3961219227914016,0.3794190914205436,54.48649783820818,-12.702054369260297,-52.456420837382794,-47.427386427567946,72.48817257429646,72.5069479508746,72.52599382498542,0.0,0.0,0.0,0.0,1.0
bbox_expand_16x__inner50_median__object_minus_ring_normalized,leave_one_out,time_of_day__distance_range,,8PM,mid,80,85.0,11.180339887498949,77.62794806162786,11.207008672562194,10.073160403016068,0.12522471592443551,0.12432809107476356,13.40512805117554,-0.4375796645473067,-7.372051938372145,-7.676253845282389,22.380330218376052,22.387917011926735,22.468164860138486,0.25,0.5,0.75,0.25,0.75
bbox_expand_16x__inner50_median__object_minus_ring_normalized,leave_one_out,time_of_day__distance_range,,8PM,near,100,40.0,14.142135623730951,77.65720194200058,37.657201942000576,37.71034902082587,1.2519787640761528,0.9427587255206469,40.22419745869468,-7.0899303059803,37.657201942000576,37.71034902082587,57.767128455522865,57.78844326532749,57.898968202588165,0.0,0.0,0.2,1.0,0.0
bbox_expand_1_5x__bbox_mean__object_depth,leave_one_out,weather,clear_sky,,,240,77.5,38.37859646556485,77.91235713609343,32.39886793222719,34.48832631340522,0.6644544698624365,0.3495041412603352,38.496548108507156,-0.006156186435489097,0.4123571360934155,1.8857504590865801,61.01676842546474,71.60476512210411,75.0637553804899,0.09583333333333334,0.16666666666666666,0.35833333333333334,0.5083333333333333,0.49166666666666664
bbox_expand_1_5x__bbox_mean__object_depth,leave_one_out,weather,light_rain,,,240,77.5,38.37859646556485,77.13643850166869,32.44333022891313,31.35965615601952,0.6536935746659576,0.36977817189416273,38.33702306939887,0.0021653151975418172,-0.36356149833131896,2.950567839067908,59.808144075404044,71.9346807270358,78.73906880974737,0.09583333333333334,0.15416666666666667,0.325,0.5208333333333334,0.4791666666666667
bbox_expand_1_5x__bbox_mean__object_depth,leave_one_out,time_of_day,,10AM,,240,77.5,38.37859646556485,76.89628271528606,32.47742967966647,31.455833911406096,0.6565457458493853,0.3704373334313891,38.53555620741965,-0.00819627194242667,-0.6037172847139572,2.299647277935982,60.4337581338127,72.00971627935154,77.17549012598616,0.1,0.17083333333333334,0.3375,0.5083333333333333,0.49166666666666664
bbox_expand_1_5x__bbox_mean__object_depth,leave_one_out,time_of_day,,8PM,,240,77.5,38.37859646556485,78.15251292247605,32.36476848147385,33.48276419761562,0.661602298679009,0.3529617644272346,38.29781275580927,0.0042054007044796116,0.6525129224760539,2.6343483825754106,60.49509635476631,71.06261165255547,78.73906880974737,0.09166666666666666,0.15,0.3458333333333333,0.5208333333333334,0.4791666666666667
bbox_expand_1_5x__bbox_mean__object_depth,leave_one_out,distance_range,,,far,120,130.0,14.719601443879744,77.43660153741435,52.56339846258565,47.420847491440064,0.3971721468827693,0.3793667799315205,54.58081142065975,-12.74953065540441,-52.56339846258565,-47.420847491440064,72.8459859890475,74.36286971072951,78.73906880974737,0.0,0.0,0.0,0.0,1.0
bbox_expand_1_5x__bbox_mean__object_depth,leave_one_out,distance_range,,,mid,160,85.0,11.180339887498949,77.85402532768418,11.199031418873048,10.225781588829854,0.12545895209462618,0.1183781959243239,13.537013133199121,-0.46600579654724394,-7.145974672315806,-7.206415840201345,22.887316807680644,24.399925081165915,28.437536766601028,0.2875,0.48125,0.80625,0.29375,0.70625
bbox_expand_1_5x__bbox_mean__object_depth,leave_one_out,distance_range,,,near,200,40.0,14.142135623730951,77.31337358071856,37.313373580718554,36.65872998512635,1.2431072036287105,0.9164682496281588,40.10005361661969,-7.04007150027887,37.313373580718554,36.65872998512635,56.25782460202243,60.26626214771087,70.1387154615906,0.0,0.0,0.175,1.0,0.0
bbox_expand_1_5x__bbox_mean__object_depth,leave_one_out,weather__distance_range,clear_sky,,far,60,130.0,14.719601443879744,77.93866581172892,52.06133418827109,47.420847491440064,0.3931193231414551,0.3793667799315205,54.119864985076816,-12.518275935398199,-52.06133418827109,-47.420847491440064,72.61223076049193,73.07345598166982,75.0637553804899,0.0,0.0,0.0,0.0,1.0
bbox_expand_1_5x__bbox_mean__object_depth,leave_one_out,weather__distance_range,clear_sky,,mid,80,85.0,11.180339887498949,77.96503992280581,10.832571028800492,9.952586397420703,0.12134862970246499,0.11213513619664336,13.148484060037307,-0.38306106461644096,-7.03496007719419,-7.3812448859454065,22.02923275847695,24.337996338807145,28.437536766601028,0.2875,0.5,0.85,0.275,0.725
bbox_expand_1_5x__bbox_mean__object_depth,leave_one_out,weather__distance_range,clear_sky,,near,100,40.0,14.142135623730951,77.85442570134221,37.85442570134221,37.5112381711724,1.261740230023003,0.9377809542793101,40.75635092824238,-7.305400704930218,37.85442570134221,37.5112381711724,58.3852181830349,60.51328773578784,70.1387154615906,0.0,0.0,0.18,1.0,0.0
bbox_expand_1_5x__bbox_mean__object_depth,leave_one_out,weather__distance_range,light_rain,,far,60,130.0,14.719601443879744,76.93453726309977,53.06546273690023,47.241866354551185,0.4012249706240836,0.3787026686612006,55.03789753135835,-12.98078537541062,-53.06546273690023,-47.241866354551185,73.92156234781463,75.85870773092539,78.73906880974737,0.0,0.0,0.0,0.0,1.0
bbox_expand_1_5x__bbox_mean__object_depth,leave_one_out,weather__distance_range,light_rain,,mid,80,85.0,11.180339887498949,77.74301073256257,11.565491808945604,10.567908609038156,0.12956927448678743,0.13347452227305395,13.914697842919761,-0.5489505284780467,-7.256989267437424,-6.330579144579339,23.15149550124903,24.414273979683138,27.715424803163742,0.2875,0.4625,0.7625,0.3125,0.6875
bbox_expand_1_5x__bbox_mean__object_depth,leave_one_out,weather__distance_range,light_rain,,near,100,40.0,14.142135623730951,76.77232146009491,36.772321460094915,36.08629483451718,1.2244741772344183,0.9021573708629296,39.432834784294975,-6.774742295627519,36.772321460094915,36.08629483451718,55.20327185229104,59.581972294951086,61.30857309665882,0.0,0.0,0.17,1.0,0.0
bbox_expand_1_5x__bbox_mean__object_depth,leave_one_out,time_of_day__distance_range,,10AM,far,60,130.0,14.719601443879744,76.85806447201975,53.14193552798028,48.48379058047523,0.40171628718222074,0.38787032464380183,55.11899436243055,-13.022016336272234,-53.14193552798028,-48.48379058047523,73.92156234781463,74.59060315165392,77.17549012598616,0.0,0.0,0.0,0.0,1.0
bbox_expand_1_5x__bbox_mean__object_depth,leave_one_out,time_of_day__distance_range,,10AM,mid,80,85.0,11.180339887498949,76.85173606338563,11.382273664556507,9.490661738344556,0.12614583430793078,0.12089962682240157,13.88743963621978,-0.5428878371971853,-8.148263936614365,-7.484372621224885,23.417093707611244,26.148762814104575,28.437536766601028,0.3,0.5125,0.7875,0.275,0.725
bbox_expand_1_5x__bbox_mean__object_depth,leave_one_out,time_of_day__distance_range,,10AM,near,100,40.0,14.142135623730951,76.95485098276616,36.95485098276617,36.29545305574097,1.2337633502828478,0.9073863263935242,39.83494588776756,-6.934114569406849,36.95485098276617,36.29545305574097,55.23130264374987,59.79166702360767,70.1387154615906,0.0,0.0,0.18,1.0,0.0
bbox_expand_1_5x__bbox_mean__object_depth,leave_one_out,time_of_day__distance_range,,8PM,far,60,130.0,14.719601443879744,78.01513860280895,51.98486139719104,46.66589664412878,0.39262800658331787,0.37427019383311677,54.037268723998196,-12.477044974536586,-51.98486139719104,-46.66589664412878,72.6069222689903,73.08784571268207,78.73906880974737,0.0,0.0,0.0,0.0,1.0
bbox_expand_1_5x__bbox_mean__object_depth,leave_one_out,time_of_day__distance_range,,8PM,mid,80,85.0,11.180339887498949,78.85631459198275,11.015789173189589,10.374401029467691,0.12477206988132164,0.11682640912187284,13.177270942314378,-0.38912375589730264,-6.14368540801725,-5.0935664183218705,22.006862797796177,23.189185259538856,24.83930172698527,0.275,0.45,0.825,0.3125,0.6875
bbox_expand_1_5x__bbox_mean__object_depth,leave_one_out,time_of_day__distance_range,,8PM,near,100,40.0,14.142135623730951,77.67189617867096,37.67189617867095,36.72926472360621,1.2524510569745735,0.9182316180901552,40.36342015030661,-7.146028431150889,37.67189617867095,36.72926472360621,58.02452515508612,60.269547748499214,62.09713879526356,0.0,0.0,0.17,1.0,0.0
bbox_expand_1_5x__bbox_mean__object_depth_percentile_5_95,leave_one_out,weather,clear_sky,,,240,77.5,38.37859646556485,74.7840158926709,32.00635889422115,30.404910352518463,0.6427458711165168,0.34570880316882047,38.526188358261,-0.007706154059093029,-2.7159841073291013,-2.1856155312610994,62.00826625585594,71.45468341816117,97.01469019879042,0.10833333333333334,0.17916666666666667,0.3541666666666667,0.4708333333333333,0.5291666666666667
bbox_expand_1_5x__bbox_mean__object_depth_percentile_5_95,leave_one_out,weather,light_rain,,,240,77.5,38.37859646556485,80.18815723396415,28.316014099459835,27.00826728760009,0.5958933106131502,0.32577688827313683,33.41678091347137,0.24185714515262613,2.6881572339641497,4.605489257266974,54.681755585983176,58.43339779536142,76.81249175442719,0.09166666666666666,0.17916666666666667,0.3875,0.5375,0.4625
bbox_expand_1_5x__bbox_mean__object_depth_percentile_5_95,leave_one_out,time_of_day,,10AM,,240,77.5,38.37859646556485,74.032019455624,31.284060345868156,29.03071307263086,0.6166902718945738,0.3433708691457429,37.04489990669146,0.06829446624263247,-3.4679805443760054,-2.4777272983213763,58.53588691800208,66.28211075074604,97.01469019879042,0.075,0.14583333333333334,0.35,0.48333333333333334,0.5166666666666667
bbox_expand_1_5x__bbox_mean__object_depth_percentile_5_95,leave_one_out,time_of_day,,8PM,,240,77.5,38.37859646556485,80.94015367101105,29.038312647812827,27.037980239954983,0.6219489098350933,0.3291373042536311,35.051730726718205,0.16585652485090052,3.4401536710110503,1.9961368147822398,55.350900053841215,62.99410445028925,80.68702848083348,0.125,0.2125,0.39166666666666666,0.525,0.475
bbox_expand_1_5x__bbox_mean__object_depth_percentile_5_95,leave_one_out,distance_range,,,far,120,130.0,14.719601443879744,85.26944264492786,44.73055735507216,47.142290625193624,0.33824910524927293,0.34610932219698,48.06793555947723,-9.663968133615638,-44.73055735507216,-47.142290625193624,68.54687586329914,71.8403571946962,97.01469019879042,0.0,0.0,0.11666666666666667,0.0,1.0
bbox_expand_1_5x__bbox_mean__object_depth_percentile_5_95,leave_one_out,distance_range,,,mid,160,85.0,11.180339887498949,76.70091033543191,14.6889055877344,12.873518127548138,0.17039637377852596,0.16534796181340272,18.257195988692686,-1.6666016429562913,-8.299089664568088,-6.930870657201538,30.137768335428905,34.22520998982877,43.381279609530964,0.25,0.4,0.7,0.29375,0.70625
bbox_expand_1_5x__bbox_mean__object_depth_percentile_5_95,leave_one_out,distance_range,,,near,200,40.0,14.142135623730951,73.44421389665982,33.797388709186365,33.04619759749454,1.1471004559032159,0.8652060317433142,38.31660347129581,-6.3408105078825905,33.444213896659825,33.04619759749454,58.34615439642763,62.99410445028925,80.68702848083348,0.04,0.11,0.26,0.975,0.025
bbox_expand_1_5x__bbox_mean__object_depth_percentile_5_95,leave_one_out,weather__distance_range,clear_sky,,far,60,130.0,14.719601443879744,78.71177570261658,51.2882242973834,51.422374253333984,0.39158402694702865,0.38845328224090997,53.6377734346311,-12.278511103191466,-51.2882242973834,-51.422374253333984,71.57410381380937,74.79628622839734,97.01469019879042,0.0,0.0,0.016666666666666666,0.0,1.0
bbox_expand_1_5x__bbox_mean__object_depth_percentile_5_95,leave_one_out,weather__distance_range,clear_sky,,mid,80,85.0,11.180339887498949,73.23330928231859,15.2982047238666,13.860061195430099,0.17314295738343058,0.17233979557556442,18.83103481828491,-1.836862978619668,-11.766690717681419,-12.565110216577025,33.676397731686194,35.3160649861186,42.76728914953664,0.2375,0.35,0.6875,0.2,0.8
bbox_expand_1_5x__bbox_mean__object_depth_percentile_5_95,leave_one_out,weather__distance_range,clear_sky,,near,100,40.0,14.142135623730951,73.66792529498532,33.80376298860743,32.72494386431916,1.1691253086046784,0.8609880499651874,39.39985422970542,-6.76174256661018,33.66792529498534,32.72494386431916,62.060674451281734,71.46198114486182,80.68702848083348,0.07,0.15,0.29,0.97,0.03
bbox_expand_1_5x__bbox_mean__object_depth_percentile_5_95,leave_one_out,weather__distance_range,light_rain,,far,60,130.0,14.719601443879744,91.8271095872391,38.17289041276092,37.16856555303398,0.2849141835515171,0.3027128327557373,41.76173031467078,-7.0494251640398105,-38.17289041276092,-37.16856555303398,58.355076898861604,64.13819724051328,76.81249175442719,0.0,0.0,0.21666666666666667,0.0,1.0
bbox_expand_1_5x__bbox_mean__object_depth_percentile_5_95,leave_one_out,weather__distance_range,light_rain,,mid,80,85.0,11.180339887498949,80.16851138854524,14.079606451602189,12.133370273037073,0.16764979017362128,0.1498850392148427,17.66472582327884,-1.4963403072929142,-4.831488611454757,-3.27221221475844,28.383483675095817,30.766074443038033,43.381279609530964,0.2625,0.45,0.7125,0.3875,0.6125
bbox_expand_1_5x__bbox_mean__object_depth_percentile_5_95,leave_one_out,weather__distance_range,light_rain,,near,100,40.0,14.142135623730951,73.22050249833431,33.791014429765305,33.42373852295158,1.1250756032017533,0.8953365861750203,37.20182374334624,-5.919878449155,33.22050249833432,33.42373852295158,54.77714225274465,58.67533652811102,64.41314921743445,0.01,0.07,0.23,0.98,0.02
bbox_expand_1_5x__bbox_mean__object_depth_percentile_5_95,leave_one_out,time_of_day__distance_range,,10AM,far,60,130.0,14.719601443879744,81.37789919097641,48.62210080902358,49.924795280022884,0.3688622026778751,0.3756136138207209,51.791212367430674,-11.379983131484478,-48.62210080902358,-49.924795280022884,70.94912901865837,74.8885000777653,97.01469019879042,0.0,0.0,0.06666666666666667,0.0,1.0
bbox_expand_1_5x__bbox_mean__object_depth_percentile_5_95,leave_one_out,time_of_day__distance_range,,10AM,mid,80,85.0,11.180339887498949,71.62555433927687,17.456231405942557,16.270177628275327,0.1990126441552566,0.19364585653699773,20.662834090839798,-2.41562170132457,-13.374445660723131,-15.394264590597622,33.93325301139392,35.3160649861186,39.7812202130196,0.175,0.275,0.6125,0.225,0.775
bbox_expand_1_5x__bbox_mean__object_depth_percentile_5_95,leave_one_out,time_of_day__distance_range,,10AM,near,100,40.0,14.142135623730951,71.54966370749024,31.94349921991538,31.033899897847903,1.0995292156160468,0.801161790402179,36.641766941659,-5.7130954230342725,31.54966370749025,31.033899897847903,58.34615439642763,61.12425038781534,77.60616038388305,0.04,0.13,0.31,0.98,0.02
bbox_expand_1_5x__bbox_mean__object_depth_percentile_5_95,leave_one_out,time_of_day__distance_range,,8PM,far,60,130.0,14.719601443879744,89.16098609887926,40.83901390112074,41.24491289939803,0.30763600782067085,0.3317835969567964,44.030934346341176,-7.9479531357468005,-40.83901390112074,-41.24491289939803,58.27379773668597,65.57992014580668,74.9682147670677,0.0,0.0,0.16666666666666666,0.0,1.0
bbox_expand_1_5x__bbox_mean__object_depth_percentile_5_95,leave_one_out,time_of_day__distance_range,,8PM,mid,80,85.0,11.180339887498949,81.77626633158695,11.921579769526238,9.539983310305452,0.14178010340179528,0.10599981455894947,15.48217355778902,-0.917581584588012,-3.2237336684130455,-3.1162755008457594,25.04867694672705,28.15202895180511,43.381279609530964,0.325,0.525,0.7875,0.3625,0.6375
bbox_expand_1_5x__bbox_mean__object_depth_percentile_5_95,leave_one_out,time_of_day__distance_range,,8PM,near,100,40.0,14.142135623730951,75.33876408582941,35.65127819845736,34.35836548374188,1.194671696190385,0.895265477406453,39.92123643558878,-6.9685255927309075,35.3387640858294,34.35836548374188,58.36510265525993,64.59476787314621,80.68702848083348,0.04,0.09,0.21,0.97,0.03
bbox_expand_1_5x__bbox_mean__object_minus_ring,leave_one_out,weather,clear_sky,,,240,77.5,38.37859646556485,73.03558988907884,29.640660480584575,27.91872289035284,0.550148654822867,0.3312235807292615,35.339742556764485,0.15209228584211076,-4.464410110921159,-3.0120695774743993,54.86290330456857,64.59132479057102,84.13174746799262,0.08333333333333333,0.1625,0.375,0.4666666666666667,0.5333333333333333
bbox_expand_1_5x__bbox_mean__object_minus_ring,leave_one_out,weather,light_rain,,,240,77.5,38.37859646556485,81.93422353563109,27.418718973804854,26.87125757918817,0.5710562177852123,0.3145647801061181,32.83942462196506,0.267828361300102,4.43422353563108,6.446836306703048,53.484433918384184,60.95111762053616,72.2524423280161,0.10416666666666667,0.25,0.39166666666666666,0.575,0.425
bbox_expand_1_5x__bbox_mean__object_minus_ring,leave_one_out,time_of_day,,10AM,,240,77.5,38.37859646556485,72.76498671463868,29.25113790257138,26.717495760979272,0.5469808161850257,0.32900360576359666,35.08325250009148,0.16435557160836767,-4.735013285361328,-5.955077132106929,55.00267797344871,65.94144369858962,84.13174746799262,0.07916666666666666,0.19166666666666668,0.3875,0.45,0.55
bbox_expand_1_5x__bbox_mean__object_minus_ring,leave_one_out,time_of_day,,8PM,,240,77.5,38.37859646556485,82.20482671007125,27.80824155181805,27.91872289035284,0.5742240564230536,0.31971312176961975,33.11329955614421,0.2555650755338451,4.704826710071249,7.756332402839046,52.589591156860635,61.45191403308149,69.19203375049871,0.10833333333333334,0.22083333333333333,0.37916666666666665,0.5916666666666667,0.4083333333333333
bbox_expand_1_5x__bbox_mean__object_minus_ring,leave_one_out,distance_range,,,far,120,130.0,14.719601443879744,88.55808126553863,42.32891433540211,40.42974102589464,0.3199236815225772,0.3275217399153443,46.045340671275326,-8.78541568092524,-41.441918734461375,-40.42974102589464,65.89072483133528,71.76157056163873,84.13174746799262,0.008333333333333333,0.06666666666666667,0.11666666666666667,0.03333333333333333,0.9666666666666667
bbox_expand_1_5x__bbox_mean__object_minus_ring,leave_one_out,distance_range,,,mid,160,85.0,11.180339887498949,78.82068116713789,14.324493906662005,11.125025578360017,0.16828370658328123,0.14330722740215976,18.44202361698322,-1.7208658807149355,-6.179318832862114,-6.075029869871251,28.261852393836328,35.13893061285163,64.5706128255877,0.21875,0.43125,0.74375,0.3625,0.6375
bbox_expand_1_5x__bbox_mean__object_minus_ring,leave_one_out,distance_range,,,near,200,40.0,14.142135623730951,69.77238241661843,31.61431161869645,31.40940873958428,1.0188646729495239,0.7785507592112839,35.33552928122578,-5.242998147921823,29.77238241661842,31.222587319856174,52.510195151634456,56.69523298740777,72.2524423280161,0.045,0.11,0.255,0.94,0.06
bbox_expand_1_5x__bbox_mean__object_minus_ring,leave_one_out,weather__distance_range,clear_sky,,far,60,130.0,14.719601443879744,82.82457872811781,47.1754212718822,44.15850381297052,0.359466957591306,0.3558052932070209,49.930607700948784,-10.506456547935596,-47.1754212718822,-44.15850381297052,71.78755596588073,73.94529946855072,84.13174746799262,0.0,0.0,0.016666666666666666,0.0,1.0
bbox_expand_1_5x__bbox_mean__object_minus_ring,leave_one_out,weather__distance_range,clear_sky,,mid,80,85.0,11.180339887498949,72.77328223453972,15.82592081465711,11.341200465249614,0.18545271214759157,0.14979724628639135,20.752047304019527,-2.4451797384661127,-12.226717765460275,-10.86129957878429,33.18916152619185,41.807288325565224,64.5706128255877,0.2125,0.3625,0.7,0.25,0.75
bbox_expand_1_5x__bbox_mean__object_minus_ring,leave_one_out,weather__distance_range,clear_sky,,near,100,40.0,14.142135623730951,67.37204270928676,30.171595738547968,29.682065970481958,0.9563144273020241,0.7522439054502795,34.01465043874332,-4.7849822223495035,27.372042709286756,29.179259116033325,52.55627212789787,55.24601945985913,61.800364516717394,0.03,0.1,0.33,0.92,0.08
bbox_expand_1_5x__bbox_mean__object_minus_ring,leave_one_out,weather__distance_range,light_rain,,far,60,130.0,14.719601443879744,94.29158380295945,37.48240739892201,37.71165164967787,0.2803804054538485,0.2997275074336231,41.80049293586809,-7.064374813914883,-35.708416197040556,-37.71165164967787,61.61984275593297,65.88873607856547,69.290631561634,0.016666666666666666,0.13333333333333333,0.21666666666666667,0.06666666666666667,0.9333333333333333
bbox_expand_1_5x__bbox_mean__object_minus_ring,leave_one_out,weather__distance_range,light_rain,,mid,80,85.0,11.180339887498949,84.86808009973605,12.823066998666897,10.133558121983278,0.15111470101897087,0.12338672789735364,15.79775309562945,-0.9965520229637586,-0.1319199002639521,-0.9033146528968174,26.00458936933119,30.15049990467435,37.55389583614931,0.225,0.5,0.7875,0.475,0.525
bbox_expand_1_5x__bbox_mean__object_minus_ring,leave_one_out,weather__distance_range,light_rain,,near,100,40.0,14.142135623730951,72.17272212395007,33.05702749884494,33.13290844664463,1.0814149185970239,0.8172919021200661,36.60878056831214,-5.701014073494142,32.17272212395008,32.96031366101229,52.310613363830115,56.81098335495548,72.2524423280161,0.06,0.12,0.18,0.96,0.04
bbox_expand_1_5x__bbox_mean__object_minus_ring,leave_one_out,time_of_day__distance_range,,10AM,far,60,130.0,14.719601443879744,84.16408672685655,46.49768810295356,46.14726095509856,0.352743015791841,0.3612792650651646,49.90820110309682,-10.496131710833023,-45.835913273143454,-46.14726095509856,71.78755596588073,73.94529946855072,84.13174746799262,0.0,0.03333333333333333,0.08333333333333333,0.016666666666666666,0.9833333333333333
bbox_expand_1_5x__bbox_mean__object_minus_ring,leave_one_out,time_of_day__distance_range,,10AM,mid,80,85.0,11.180339887498949,71.41765105675302,16.77236068407506,14.175678307564553,0.1943613858997503,0.1757724274724382,20.76520307018749,-2.4495492683689912,-13.582348943246988,-13.541242026883133,32.49481981915949,36.47888294309728,64.5706128255877,0.15,0.3375,0.675,0.1875,0.8125
bbox_expand_1_5x__bbox_mean__object_minus_ring,leave_one_out,time_of_day__distance_range,,10AM,near,100,40.0,14.142135623730951,67.00339523361647,28.886229557139142,29.58399071034531,0.9456190406491571,0.7334013067873284,33.38489186921576,-4.572755025596142,27.003395233616473,29.08118385589668,52.310613363830115,54.75273876277856,72.2524423280161,0.07,0.17,0.34,0.92,0.08
bbox_expand_1_5x__bbox_mean__object_minus_ring,leave_one_out,time_of_day__distance_range,,8PM,far,60,130.0,14.719601443879744,92.95207580422071,38.16014056785066,37.385677658858114,0.2871043472533136,0.2954380787941673,41.82724300883873,-7.074699651017454,-37.04792419577929,-37.385677658858114,62.835894862408345,65.00999172250857,69.19203375049871,0.016666666666666666,0.1,0.15,0.05,0.95
bbox_expand_1_5x__bbox_mean__object_minus_ring,leave_one_out,time_of_day__distance_range,,8PM,mid,80,85.0,11.180339887498949,86.22371127752275,11.876627129248948,9.621926966735678,0.14220602726681214,0.10337090833941251,15.780456635744418,-0.9921824930608805,1.2237112775227588,0.946225424421641,27.610763773660384,33.80966484415305,52.445727932877894,0.2875,0.525,0.8125,0.5375,0.4625
bbox_expand_1_5x__bbox_mean__object_minus_ring,leave_one_out,time_of_day__distance_range,,8PM,near,100,40.0,14.142135623730951,72.54136959962035,34.342393680253764,33.89745866557849,1.0921103052498906,0.8336302506520881,37.18397845913615,-5.913241270247505,32.54136959962037,33.34521002608352,52.58959115686065,56.6952329874078,62.71364968507159,0.02,0.05,0.17,0.96,0.04
bbox_expand_1_5x__bbox_mean__object_minus_ring_normalized,leave_one_out,weather,clear_sky,,,240,77.5,38.37859646556485,72.98030379596659,29.551779964833333,27.249441408525495,0.55169078798693,0.3323334958307459,35.16527900198035,0.16044344172868785,-4.519696204033427,-3.105390487947986,53.3394997019926,63.94779362736769,93.36199044771628,0.0625,0.17916666666666667,0.3541666666666667,0.4875,0.5125
bbox_expand_1_5x__bbox_mean__object_minus_ring_normalized,leave_one_out,weather,light_rain,,,240,77.5,38.37859646556485,82.01380671836175,26.390415547145675,25.251538734036416,0.5437078352084639,0.29736660717950547,31.26497975234122,0.3363514847540777,4.513806718361753,7.287549518849605,49.18836829568918,55.65394746935194,75.41075854717309,0.07916666666666666,0.23333333333333334,0.4041666666666667,0.5583333333333333,0.44166666666666665
bbox_expand_1_5x__bbox_mean__object_minus_ring_normalized,leave_one_out,time_of_day,,10AM,,240,77.5,38.37859646556485,71.37797965477948,29.036895368081126,26.907617433793014,0.5382709606009073,0.32600962119035265,34.766163526232006,0.17939272893960645,-6.122020345220522,-7.320057039665947,53.61985286641809,61.769269042907695,93.36199044771628,0.08333333333333333,0.19583333333333333,0.3625,0.42916666666666664,0.5708333333333333
bbox_expand_1_5x__bbox_mean__object_minus_ring_normalized,leave_one_out,time_of_day,,8PM,,240,77.5,38.37859646556485,83.61613085954885,26.905300143897875,25.485493401331183,0.5571276625944869,0.3092414921259322,31.708195783877738,0.3174021975431591,6.11613085954885,9.099210813080035,49.3962570786669,56.63633769803319,73.8417350818872,0.058333333333333334,0.21666666666666667,0.3958333333333333,0.6166666666666667,0.38333333333333336
bbox_expand_1_5x__bbox_mean__object_minus_ring_normalized,leave_one_out,distance_range,,,far,120,130.0,14.719601443879744,90.98722436437484,39.6370591270208,39.99914812656222,0.2998612333922434,0.31485259461015636,44.826986461488524,-8.274424839469885,-39.012775635625154,-39.99914812656222,66.7492797499355,75.7492497984272,93.36199044771628,0.025,0.11666666666666667,0.20833333333333334,0.05,0.95
bbox_expand_1_5x__bbox_mean__object_minus_ring_normalized,leave_one_out,distance_range,,,mid,160,85.0,11.180339887498949,78.8218304419294,17.59016828880123,15.764961084650714,0.2055050719660247,0.1913813684741838,21.225890141259832,-2.6043072983106503,-6.178169558070617,-7.734890565680569,32.97141224891165,38.7519126489336,60.74398365969615,0.1375,0.3375,0.60625,0.3625,0.6375
bbox_expand_1_5x__bbox_mean__object_minus_ring_normalized,leave_one_out,distance_range,,,near,200,40.0,14.142135623730951,68.34313364502559,29.27626450712135,30.483735734490445,0.9701575502263071,0.7375776395051471,33.027397846024165,-4.454045042397809,28.34313364502558,30.483735734490445,47.596685035259284,53.09048893051171,75.41075854717309,0.045,0.155,0.3,0.935,0.065
bbox_expand_1_5x__bbox_mean__object_minus_ring_normalized,leave_one_out,weather__distance_range,clear_sky,,far,60,130.0,14.719601443879744,82.39849661168303,47.60150338831695,48.32279922150515,0.363306261793445,0.35621977435336993,51.32370254314333,-11.157488197247954,-47.60150338831695,-48.32279922150515,75.77334186516933,77.89364854444653,93.36199044771628,0.0,0.016666666666666666,0.05,0.0,1.0
bbox_expand_1_5x__bbox_mean__object_minus_ring_normalized,leave_one_out,weather__distance_range,clear_sky,,mid,80,85.0,11.180339887498949,72.42606301748111,17.172063826556087,15.764961084650714,0.19897122698340972,0.19754255261166054,20.483884969921856,-2.3567163476879243,-12.57393698251889,-14.738608981703457,31.20901584201035,35.562285686170014,52.10805585620058,0.15,0.3375,0.6,0.2625,0.7375
bbox_expand_1_5x__bbox_mean__object_minus_ring_normalized,leave_one_out,weather__distance_range,clear_sky,,near,100,40.0,14.142135623730951,67.77278072932506,28.625718821364952,30.14725196811125,0.9468971525058376,0.769849768794828,32.42972915517584,-4.2584366653903105,27.77278072932506,30.14725196811125,47.765591211092094,52.90431110696715,67.83848807009598,0.03,0.15,0.34,0.96,0.04
bbox_expand_1_5x__bbox_mean__object_minus_ring_normalized,leave_one_out,weather__distance_range,light_rain,,far,60,130.0,14.719601443879744,99.57595211706665,31.67261486572464,33.12869856867991,0.23641620499104185,0.24136755687260547,37.21283364243971,-5.391361481691813,-30.42404788293336,-33.12869856867991,55.94019246292319,60.28418391281097,72.96408723349072,0.05,0.21666666666666667,0.36666666666666664,0.1,0.9
bbox_expand_1_5x__bbox_mean__object_minus_ring_normalized,leave_one_out,weather__distance_range,light_rain,,mid,80,85.0,11.180339887498949,85.21759786637766,18.008272751046373,15.660145866768616,0.2120389169486397,0.18369032613609654,21.94281844058944,-2.8518982489333764,0.2175978663776565,-3.011202943126733,34.44123008156425,40.58529555088024,60.74398365969615,0.125,0.3375,0.6125,0.4625,0.5375
bbox_expand_1_5x__bbox_mean__object_minus_ring_normalized,leave_one_out,weather__distance_range,light_rain,,near,100,40.0,14.142135623730951,68.9134865607261,29.926810192877745,30.7976450423105,0.9934179479467765,0.705261086459358,33.6144415970437,-4.6496534194053085,28.913486560726106,30.7976450423105,47.344608917461755,55.36168340872205,75.41075854717309,0.06,0.16,0.26,0.91,0.09
bbox_expand_1_5x__bbox_mean__object_minus_ring_normalized,leave_one_out,time_of_day__distance_range,,10AM,far,60,130.0,14.719601443879744,84.47686209380774,45.892665201674085,48.1620321947596,0.3495128340728391,0.35720100936586685,50.41779263547039,-10.732094527230583,-45.523137906192275,-48.1620321947596,75.77334186516933,77.89364854444653,93.36199044771628,0.03333333333333333,0.08333333333333333,0.11666666666666667,0.03333333333333333,0.9666666666666667
bbox_expand_1_5x__bbox_mean__object_minus_ring_normalized,leave_one_out,time_of_day__distance_range,,10AM,mid,80,85.0,11.180339887498949,69.04342265185944,19.436197659422756,18.737490123918555,0.22241514390256048,0.21974067120979449,22.85981665978323,-3.180569741751224,-15.956577348140561,-17.251360483852334,33.10521408046177,39.034358173639944,60.74398365969615,0.1125,0.25,0.5375,0.15,0.85
bbox_expand_1_5x__bbox_mean__object_minus_ring_normalized,leave_one_out,time_of_day__distance_range,,10AM,near,100,40.0,14.142135623730951,65.38629579369855,26.60399163485205,28.43463039354125,0.9042104898764255,0.6896501637648406,30.945394495520535,-3.788087202416963,25.386295793698565,28.43463039354125,43.94012378961031,51.624051444014384,75.41075854717309,0.09,0.22,0.37,0.89,0.11
bbox_expand_1_5x__bbox_mean__object_minus_ring_normalized,leave_one_out,time_of_day__distance_range,,8PM,far,60,130.0,14.719601443879744,97.49758663494198,33.3814530523675,35.264710998262466,0.2502096327116477,0.2772561911336394,38.431284342364314,-5.8167551517091844,-32.50241336505803,-35.264710998262466,59.72388150959448,62.02065981632475,73.8417350818872,0.016666666666666666,0.15,0.3,0.06666666666666667,0.9333333333333333
bbox_expand_1_5x__bbox_mean__object_minus_ring_normalized,leave_one_out,time_of_day__distance_range,,8PM,mid,80,85.0,11.180339887498949,88.60023823199933,15.744138918179706,13.728677511483617,0.18859500002948887,0.16112827530097534,19.455220555387175,-2.028044854870077,3.6002382319993274,3.167924123255183,32.17855041577875,37.30143944680956,49.69869564113256,0.1625,0.425,0.675,0.575,0.425
bbox_expand_1_5x__bbox_mean__object_minus_ring_normalized,leave_one_out,time_of_day__distance_range,,8PM,near,100,40.0,14.142135623730951,71.29997149635258,31.94853737939065,31.463670346852894,1.0361046105761884,0.741477157722788,34.98571960780185,-5.120002882378655,31.299971496352605,31.463670346852894,49.5149207186123,56.57984381943225,67.83848807009598,0.0,0.09,0.23,0.98,0.02
bbox_expand_1_5x__bbox_midpoint__object_depth,leave_one_out,weather,clear_sky,,,240,77.5,38.37859646556485,73.38431986908566,27.70848528634054,23.10064200882175,0.5077373175493571,0.30325962866960854,33.680990754197666,0.2298212357447137,-4.115680130914334,-6.752254130822557,56.777825422952915,63.52289649525737,78.80280315615225,0.10833333333333334,0.2125,0.4041666666666667,0.43333333333333335,0.5666666666666667
bbox_expand_1_5x__bbox_midpoint__object_depth,leave_one_out,weather,light_rain,,,240,77.5,38.37859646556485,81.6103143259729,25.947118978199146,22.851514008842152,0.5281618587583718,0.27541174096759613,32.056411312005146,0.30232746396303156,4.110314325972904,6.900915292736919,54.060348587363535,61.514695325236126,79.62331303854984,0.1125,0.2625,0.4583333333333333,0.5916666666666667,0.4083333333333333
bbox_expand_1_5x__bbox_midpoint__object_depth,leave_one_out,time_of_day,,10AM,,240,77.5,38.37859646556485,74.79199847164615,27.28038216536274,23.127317315467387,0.5056321024853647,0.30582317100236384,33.48803811983643,0.23862040365559167,-2.7080015283538574,-3.7899918508026147,56.10280618285008,63.2608660879718,79.62331303854984,0.1125,0.24166666666666667,0.42083333333333334,0.4583333333333333,0.5416666666666666
bbox_expand_1_5x__bbox_midpoint__object_depth,leave_one_out,time_of_day,,8PM,,240,77.5,38.37859646556485,80.20263572341243,26.375222099176938,22.68060979911084,0.5302670738223642,0.2794359254853449,32.25792844051183,0.2935282960521536,2.702635723412425,4.98031595223339,54.28457258225445,61.07175376605103,69.77440755444923,0.10833333333333334,0.23333333333333334,0.44166666666666665,0.5666666666666667,0.43333333333333335
bbox_expand_1_5x__bbox_midpoint__object_depth,leave_one_out,distance_range,,,far,120,130.0,14.719601443879744,90.8083458195948,39.390133591339996,41.511023734933204,0.2952381163880476,0.3065751753449173,43.173024733765786,-7.602661836903163,-39.19165418040519,-41.511023734933204,62.81203282430517,67.22395447202368,78.80280315615225,0.03333333333333333,0.075,0.125,0.025,0.975
bbox_expand_1_5x__bbox_midpoint__object_depth,leave_one_out,distance_range,,,mid,160,85.0,11.180339887498949,79.46141031118728,12.966185313443777,11.021503930329736,0.15234788982049344,0.13275547121741926,16.01420037175147,-1.0516369083728403,-5.538589688812714,-5.1431556549366775,27.639276570754866,29.748184154657654,45.60245783017223,0.21875,0.45,0.76875,0.4,0.6
bbox_expand_1_5x__bbox_midpoint__object_depth,leave_one_out,distance_range,,,near,200,40.0,14.142135623730951,67.93942529336357,30.3796967118886,27.67830921522235,0.9440578298800514,0.6977021285348868,35.64992908312532,-5.354587218159324,27.939425293363556,27.359510418841104,57.513931092637755,63.223264711003424,79.62331303854984,0.07,0.165,0.345,0.895,0.105
bbox_expand_1_5x__bbox_midpoint__object_depth,leave_one_out,weather__distance_range,clear_sky,,far,60,130.0,14.719601443879744,86.35833114384067,43.64166885615931,42.918743624901595,0.329755656243306,0.34110376017890814,46.14883894668608,-8.829455397510012,-43.64166885615931,-42.918743624901595,64.41499228949,67.85629645834338,78.80280315615225,0.0,0.0,0.03333333333333333,0.0,1.0
bbox_expand_1_5x__bbox_midpoint__object_depth,leave_one_out,weather__distance_range,clear_sky,,mid,80,85.0,11.180339887498949,74.76446328292025,14.693704501932995,12.805372353609208,0.17117192596046096,0.15615720970934863,17.811272427460054,-1.5379314038815903,-10.235536717079757,-10.357247580031832,29.059761833314386,32.23984103465603,45.60245783017223,0.1875,0.4,0.7,0.275,0.725
bbox_expand_1_5x__bbox_midpoint__object_depth,leave_one_out,weather__distance_range,clear_sky,,near,100,40.0,14.142135623730951,64.49579837316497,28.5603997719753,23.10064200882175,0.8837786276041046,0.6065566995873075,34.51028237464852,-4.954797947889881,24.495798373164984,22.48275345346478,57.701616216760804,63.62095269267896,74.81471195158383,0.11,0.19,0.39,0.82,0.18
bbox_expand_1_5x__bbox_midpoint__object_depth,leave_one_out,weather__distance_range,light_rain,,far,60,130.0,14.719601443879744,95.25836049534895,35.13859832652067,33.83256394561815,0.26072057653278913,0.2706605115649452,39.9763028955597,-6.3758682762963135,-34.74163950465106,-33.83256394561815,61.55465401960718,65.59331454699247,69.77440755444923,0.06666666666666667,0.15,0.21666666666666667,0.05,0.95
bbox_expand_1_5x__bbox_midpoint__object_depth,leave_one_out,weather__distance_range,light_rain,,mid,80,85.0,11.180339887498949,84.15835733945433,11.238666124954559,10.26619991735096,0.13352385368052588,0.11894805407108258,13.9881307403102,-0.5653424128640896,-0.841642660545671,0.265440536140936,24.523471021131375,27.451726912084702,38.122130574866375,0.25,0.5,0.8375,0.525,0.475
bbox_expand_1_5x__bbox_midpoint__object_depth,leave_one_out,weather__distance_range,light_rain,,near,100,40.0,14.142135623730951,71.38305221356214,32.1989936518019,32.22916856112968,1.0043370321559983,0.796860145930668,36.754255504441296,-5.7543764884287665,31.383052213562138,32.22916856112968,56.07616112652917,62.94128486440769,79.62331303854984,0.03,0.14,0.3,0.97,0.03
bbox_expand_1_5x__bbox_midpoint__object_depth,leave_one_out,time_of_day__distance_range,,10AM,far,60,130.0,14.719601443879744,88.64218415318436,41.60148751196024,42.13424035406322,0.3127351337664232,0.3349916199305,45.195680549731236,-8.427613263169327,-41.357815846815654,-42.13424035406322,64.41499228949,67.22931420692414,78.80280315615225,0.03333333333333333,0.06666666666666667,0.1,0.016666666666666666,0.9833333333333333
bbox_expand_1_5x__bbox_midpoint__object_depth,leave_one_out,time_of_day__distance_range,,10AM,mid,80,85.0,11.180339887498949,76.25411559508754,14.518002404055569,12.111684619442194,0.1700878418357999,0.15000843423221727,17.8827074553546,-1.55832980747036,-8.74588440491246,-8.835204293833414,29.062714778807493,32.23984103465603,45.60245783017223,0.2,0.4375,0.7,0.2875,0.7125
bbox_expand_1_5x__bbox_midpoint__object_depth,leave_one_out,time_of_day__distance_range,,10AM,near,100,40.0,14.142135623730951,65.3121933639701,28.89762276644999,23.127317315467387,0.8898056922363815,0.6428924464560616,34.785832865096594,-5.050270840592173,25.3121933639701,23.09391300831097,56.9056601569679,63.35892228539339,79.62331303854984,0.09,0.19,0.39,0.86,0.14
bbox_expand_1_5x__bbox_midpoint__object_depth,leave_one_out,time_of_day__distance_range,,8PM,far,60,130.0,14.719601443879744,92.97450748600528,37.17877967071975,34.95556680570515,0.2777410990096719,0.27440362771142734,41.05082933353905,-6.777710410637,-37.025492513994706,-34.95556680570515,60.576707776948496,65.62631361285665,69.77440755444923,0.03333333333333333,0.08333333333333333,0.15,0.03333333333333333,0.9666666666666667
bbox_expand_1_5x__bbox_midpoint__object_depth,leave_one_out,time_of_day__distance_range,,8PM,mid,80,85.0,11.180339887498949,82.66870502728702,11.414368222831987,10.676014581762878,0.13460793780518696,0.1245649169593531,13.896690295153554,-0.5449440092753202,-2.331294972712969,0.28776461150872734,22.602073722004327,27.631692511491277,34.44557570702908,0.2375,0.4625,0.8375,0.5125,0.4875
bbox_expand_1_5x__bbox_midpoint__object_depth,leave_one_out,time_of_day__distance_range,,8PM,near,100,40.0,14.142135623730951,70.56665722275702,31.861770657327206,32.36658963325054,0.9983099675237215,0.7151820536432727,36.493570928936165,-5.658903595726476,30.566657222757023,32.36658963325054,57.63273174709274,62.95507593847535,69.00352942737811,0.05,0.14,0.3,0.93,0.07
bbox_expand_1_5x__bbox_midpoint__object_depth_percentile_5_95,leave_one_out,weather,clear_sky,,,240,77.5,38.37859646556485,74.30736077358418,30.291321493010173,29.58005084881302,0.5934446598251513,0.3093934489415159,36.5483664748032,0.09310341704564495,-3.192639226415819,-4.966016347231523,58.52916387125772,65.27586368130403,90.52657647212494,0.0875,0.15833333333333333,0.37916666666666665,0.49583333333333335,0.5041666666666667
bbox_expand_1_5x__bbox_midpoint__object_depth_percentile_5_95,leave_one_out,weather,light_rain,,,240,77.5,38.37859646556485,80.68986103697102,24.794594415174164,22.667207746879363,0.507625474374888,0.252777143717757,30.261763618676397,0.37825787565760915,3.189861036971028,7.716378104715162,46.74719537889424,56.64860880939465,85.9174016513197,0.14166666666666666,0.24166666666666667,0.425,0.5708333333333333,0.42916666666666664
bbox_expand_1_5x__bbox_midpoint__object_depth_percentile_5_95,leave_one_out,time_of_day,,10AM,,240,77.5,38.37859646556485,71.82386511283103,28.78360150214381,27.09874286357457,0.5339360707886389,0.31676704611195183,35.02721206947482,0.16702308207527305,-5.676134887168979,-2.455120863893576,55.67898099156088,64.95883883245526,90.05461657287347,0.11666666666666667,0.2,0.375,0.4791666666666667,0.5208333333333334
bbox_expand_1_5x__bbox_midpoint__object_depth_percentile_5_95,leave_one_out,time_of_day,,8PM,,240,77.5,38.37859646556485,83.17335669772419,26.30231440604053,22.98060021869526,0.5671340634114004,0.24904724531930064,32.010183441042685,0.30433821062798094,5.673356697724186,8.600225183154947,52.13662709623867,61.901135819216044,90.52657647212494,0.1125,0.2,0.42916666666666664,0.5875,0.4125
bbox_expand_1_5x__bbox_midpoint__object_depth_percentile_5_95,leave_one_out,distance_range,,,far,120,130.0,14.719601443879744,91.16434049594513,38.83565950405488,37.35598342947081,0.2930541920703703,0.281506296664668,44.4471989479314,-8.117939204539972,-38.83565950405488,-37.35598342947081,64.95883883245526,72.30360414101274,90.05461657287347,0.075,0.11666666666666667,0.225,0.0,1.0
bbox_expand_1_5x__bbox_midpoint__object_depth_percentile_5_95,leave_one_out,distance_range,,,mid,160,85.0,11.180339887498949,77.85193165983175,17.23148355019313,16.615836283933398,0.20046292790700013,0.1978933425411411,20.24395703600517,-2.278542371804986,-7.148068340168254,-9.748127803535247,30.76198807844362,39.86306109203707,39.86306109203707,0.1375,0.35,0.675,0.35,0.65
bbox_expand_1_5x__bbox_midpoint__object_depth_percentile_5_95,leave_one_out,distance_range,,,near,200,40.0,14.142135623730951,69.01651654723376,29.016516547233778,30.405116581133868,0.9850813034722249,0.8107821014552605,34.477276304492264,-4.943412906881519,29.016516547233778,30.405116581133868,52.284258833712855,61.97011716393478,90.52657647212494,0.12,0.13,0.29,1.0,0.0
bbox_expand_1_5x__bbox_midpoint__object_depth_percentile_5_95,leave_one_out,weather__distance_range,clear_sky,,far,60,130.0,14.719601443879744,83.35505315778752,46.644946842212484,44.764741881415,0.35643469035311565,0.36680421521196427,50.29880035216964,-10.67678146246502,-46.644946842212484,-44.764741881415,66.34061546729146,76.63005721012512,90.05461657287347,0.0,0.0,0.08333333333333333,0.0,1.0
bbox_expand_1_5x__bbox_midpoint__object_depth_percentile_5_95,leave_one_out,weather__distance_range,clear_sky,,mid,80,85.0,11.180339887498949,72.303434433634,17.78789632859323,17.688687496424468,0.20549836321080955,0.21391589701499725,20.534777499044893,-2.373416695482243,-12.69656556636601,-15.785788749864459,30.37339196279634,39.86306109203707,39.86306109203707,0.1,0.3125,0.6875,0.2375,0.7625
bbox_expand_1_5x__bbox_midpoint__object_depth_percentile_5_95,leave_one_out,weather__distance_range,clear_sky,,near,100,40.0,14.142135623730951,70.48188641502233,30.481886415022327,30.40511658113387,1.046007678799846,0.886490011799338,36.749913756020824,-5.752780805374844,30.481886415022327,30.40511658113387,57.66570093666243,63.48276777608659,90.52657647212494,0.13,0.13,0.31,1.0,0.0
bbox_expand_1_5x__bbox_midpoint__object_depth_percentile_5_95,leave_one_out,weather__distance_range,light_rain,,far,60,130.0,14.719601443879744,98.97362783410273,31.02637216589725,31.180413337186337,0.22967369378762503,0.2466710543195623,37.6979796775181,-5.559096946614926,-31.02637216589725,-31.180413337186337,60.37649164122422,64.95883883245526,85.9174016513197,0.15,0.23333333333333334,0.36666666666666664,0.0,1.0
bbox_expand_1_5x__bbox_midpoint__object_depth_percentile_5_95,leave_one_out,weather__distance_range,light_rain,,mid,80,85.0,11.180339887498949,83.4004288860295,16.675070771793024,15.130923886617069,0.19542749260319064,0.17058706394710418,19.9488973634125,-2.1836680481277293,-1.5995711139704962,-1.0389975802212774,31.529740776519713,39.86306109203707,39.86306109203707,0.175,0.3875,0.6625,0.4625,0.5375
bbox_expand_1_5x__bbox_midpoint__object_depth_percentile_5_95,leave_one_out,weather__distance_range,light_rain,,near,100,40.0,14.142135623730951,67.55114667944521,27.55114667944521,30.405116581133868,0.9241549281446038,0.7444736953152984,32.04386059259462,-4.134045008388192,27.55114667944521,30.405116581133868,43.15853671205276,56.64860880939466,70.00672548454855,0.11,0.13,0.27,1.0,0.0
bbox_expand_1_5x__bbox_midpoint__object_depth_percentile_5_95,leave_one_out,time_of_day__distance_range,,10AM,far,60,130.0,14.719601443879744,83.01226678929494,46.987733210705066,51.05844470550532,0.35661123799323696,0.3723669066654555,51.77098148285121,-11.370313186297183,-46.987733210705066,-51.05844470550532,72.33484895580757,86.12426239739737,90.05461657287347,0.016666666666666666,0.06666666666666667,0.11666666666666667,0.0,1.0
bbox_expand_1_5x__bbox_midpoint__object_depth_percentile_5_95,leave_one_out,time_of_day__distance_range,,10AM,mid,80,85.0,11.180339887498949,70.49867600855971,18.396285360440487,19.372825978393628,0.21007489738426804,0.23907776769839456,21.76533579652635,-2.7898387386844115,-14.501323991440287,-17.688687496424468,39.86306109203707,39.86306109203707,39.86306109203707,0.1625,0.375,0.6375,0.1875,0.8125
bbox_expand_1_5x__bbox_midpoint__object_depth_percentile_5_95,leave_one_out,time_of_day__distance_range,,10AM,near,100,40.0,14.142135623730951,66.1709753903697,26.170975390369723,29.8885824008762,0.8994199091893768,0.6249868267588543,30.94266983918542,-3.7872440838841754,26.170975390369723,29.8885824008762,42.70493027819091,52.199016741808386,75.4604341041809,0.14,0.14,0.32,1.0,0.0
bbox_expand_1_5x__bbox_midpoint__object_depth_percentile_5_95,leave_one_out,time_of_day__distance_range,,8PM,far,60,130.0,14.719601443879744,99.3164142025953,30.683585797404685,34.51886669828964,0.2294971461475037,0.2466710543195623,35.64929823904343,-4.865565222782761,-30.683585797404685,-34.51886669828964,55.01075123615194,58.70267191799927,65.2330792212168,0.13333333333333333,0.16666666666666666,0.3333333333333333,0.0,1.0
bbox_expand_1_5x__bbox_midpoint__object_depth_percentile_5_95,leave_one_out,time_of_day__distance_range,,8PM,mid,80,85.0,11.180339887498949,85.20518731110378,16.06668173994577,15.246075581605602,0.19085095842973218,0.16914002691354452,18.5985416260441,-1.7672460049255605,0.2051873111037806,1.1778840543602982,29.82474999586982,32.919255181614346,39.86306109203707,0.1125,0.325,0.7125,0.5125,0.4875
bbox_expand_1_5x__bbox_midpoint__object_depth_percentile_5_95,leave_one_out,time_of_day__distance_range,,8PM,near,100,40.0,14.142135623730951,71.86205770409784,31.86205770409783,30.405116581133882,1.0707426977550727,0.9342382763100691,37.68177737283332,-6.099581729878865,31.86205770409783,30.405116581133882,60.82467631874762,66.62695355019915,90.52657647212494,0.1,0.12,0.26,1.0,0.0
bbox_expand_1_5x__bbox_midpoint__object_minus_ring,leave_one_out,weather,clear_sky,,,240,77.5,38.37859646556485,73.53297652829983,27.6117189245265,23.848168078707268,0.5006106122289887,0.3149923570004636,33.58991816444335,0.23398069434070667,-3.967023471700164,-6.1114818526497245,56.36106159886747,63.25643580814854,75.87498841455267,0.1125,0.21666666666666667,0.4,0.4375,0.5625
bbox_expand_1_5x__bbox_midpoint__object_minus_ring,leave_one_out,weather,light_rain,,,240,77.5,38.37859646556485,81.44324775598582,24.93815834458279,22.158419079766798,0.4996056938608325,0.2716593808039305,30.339536279177736,0.3750580175600281,3.943247755985836,6.19722116053476,51.1123210746524,56.89585870068132,72.48644476516401,0.11666666666666667,0.2375,0.4666666666666667,0.5833333333333334,0.4166666666666667
bbox_expand_1_5x__bbox_midpoint__object_minus_ring,leave_one_out,time_of_day,,10AM,,240,77.5,38.37859646556485,72.03666808092099,27.085135083703857,24.525789905613273,0.47861233444847273,0.32308884361269474,32.98734363659959,0.26121764738957354,-5.463331919079008,-6.9356066701197605,54.66887058792684,61.43022060447003,75.87498841455267,0.1,0.24166666666666667,0.4125,0.42916666666666664,0.5708333333333333
bbox_expand_1_5x__bbox_midpoint__object_minus_ring,leave_one_out,time_of_day,,8PM,,240,77.5,38.37859646556485,82.93955620336469,25.464742185405427,22.104437274296725,0.5216039716413483,0.2762602859659343,30.993631986755528,0.34782106451116135,5.439556203364682,9.446208588195546,52.09834463668522,57.86055906331233,73.6988073138921,0.12916666666666668,0.2125,0.45416666666666666,0.5916666666666667,0.4083333333333333
bbox_expand_1_5x__bbox_midpoint__object_minus_ring,leave_one_out,distance_range,,,far,120,130.0,14.719601443879744,92.38656181396102,37.81352826815412,36.493921617695634,0.28409210135278296,0.29043862252247965,41.28233839646339,-6.865683677600531,-37.61343818603896,-36.493921617695634,58.65456873149035,64.14628557189165,75.87498841455267,0.016666666666666666,0.058333333333333334,0.11666666666666667,0.016666666666666666,0.9833333333333333
bbox_expand_1_5x__bbox_midpoint__object_minus_ring,leave_one_out,distance_range,,,mid,160,85.0,11.180339887498949,80.4626386381603,14.6271495748098,12.99559067094954,0.17757047223768202,0.15398448620862476,18.433403386906093,-1.7183228833952082,-4.537361361839695,-4.503750519272884,28.033573108431177,32.14046267575852,63.880456559812814,0.19375,0.4125,0.74375,0.41875,0.58125
bbox_expand_1_5x__bbox_midpoint__object_minus_ring,leave_one_out,distance_range,,,near,200,40.0,14.142135623730951,66.16942114223794,28.67001610219083,27.709400150734666,0.88774792870597,0.6142653128190094,34.119685084828404,-4.820764551439308,26.169421142237944,27.39367940054024,54.395625710875215,62.886980516560996,73.6988073138921,0.11,0.18,0.375,0.88,0.12
bbox_expand_1_5x__bbox_midpoint__object_minus_ring,leave_one_out,weather__distance_range,clear_sky,,far,60,130.0,14.719601443879744,87.9672938499128,42.03270615008717,42.159520070276386,0.3186041434795307,0.32433240833025734,44.565084598450376,-8.166369685847872,-42.03270615008717,-42.159520070276386,64.22951334863369,68.84069449112572,75.87498841455267,0.0,0.0,0.0,0.0,1.0
bbox_expand_1_5x__bbox_midpoint__object_minus_ring,leave_one_out,weather__distance_range,clear_sky,,mid,80,85.0,11.180339887498949,74.808724407071,16.50541972945092,13.749316110973687,0.20097396293910935,0.16577272313543712,21.134363693285923,-2.5732906297606575,-10.191275592929001,-9.069957796549893,31.308888393779156,40.144346062147605,63.880456559812814,0.1875,0.375,0.6875,0.275,0.725
bbox_expand_1_5x__bbox_midpoint__object_minus_ring,leave_one_out,weather__distance_range,clear_sky,,near,100,40.0,14.142135623730951,63.85178783231511,27.84416594525055,24.888485203425553,0.849523812910567,0.5646142433451344,34.0429305931395,-4.7946056168465665,23.85178783231511,23.40168193298836,56.82461104208915,63.08495504628982,73.6988073138921,0.12,0.22,0.41,0.83,0.17
bbox_expand_1_5x__bbox_midpoint__object_minus_ring,leave_one_out,weather__distance_range,light_rain,,far,60,130.0,14.719601443879744,96.80582977800925,33.59435038622107,31.332637275957246,0.2495800592260352,0.25644196138251985,37.714932874037984,-5.56499766935319,-33.194170221990746,-31.332637275957246,55.02871646322172,58.638969100068266,61.40902502391178,0.03333333333333333,0.11666666666666667,0.23333333333333334,0.03333333333333333,0.9666666666666667
bbox_expand_1_5x__bbox_midpoint__object_minus_ring,leave_one_out,weather__distance_range,light_rain,,mid,80,85.0,11.180339887498949,86.1165528692496,12.748879420168674,12.138145899850073,0.15416698153625466,0.15171637883998612,15.261696895454316,-0.8633551370297592,1.1165528692496125,2.6580918013969352,24.786724143381466,27.26438522814617,38.08143427652222,0.2,0.45,0.8,0.5625,0.4375
bbox_expand_1_5x__bbox_midpoint__object_minus_ring,leave_one_out,weather__distance_range,light_rain,,near,100,40.0,14.142135623730951,68.48705445216078,29.49586625913111,28.868730280530798,0.9259720445013732,0.7461929124075306,34.196267299318066,-4.84692348603205,28.48705445216077,28.868730280530798,51.347824799925306,58.65299765292809,72.48644476516401,0.1,0.14,0.34,0.93,0.07
bbox_expand_1_5x__bbox_midpoint__object_minus_ring,leave_one_out,time_of_day__distance_range,,10AM,far,60,130.0,14.719601443879744,87.62828992839104,42.598281852708375,43.32393579408263,0.32183352554164313,0.33916378881079445,45.582447416362704,-8.589659288302176,-42.37171007160895,-43.32393579408263,64.22951334863369,68.84069449112572,75.87498841455267,0.0,0.016666666666666666,0.06666666666666667,0.016666666666666666,0.9833333333333333
bbox_expand_1_5x__bbox_midpoint__object_minus_ring,leave_one_out,time_of_day__distance_range,,10AM,mid,80,85.0,11.180339887498949,72.73252775265469,17.07113813976686,13.854446601758085,0.20435960483916177,0.16533271396491134,21.384474935627658,-2.6583661461798997,-12.26747224734531,-9.827174081161381,31.308888393779156,38.33296760973905,63.880456559812814,0.125,0.3875,0.625,0.25,0.75
bbox_expand_1_5x__bbox_midpoint__object_minus_ring,leave_one_out,time_of_day__distance_range,,10AM,near,100,40.0,14.142135623730951,62.125007235051996,25.78844457745075,23.98933859774602,0.7920818034800192,0.547975041596048,31.608595261108725,-3.995516471902925,22.125007235052,22.33771988763423,52.08953836974402,57.222101074386494,72.50159451536075,0.14,0.26,0.45,0.82,0.18
bbox_expand_1_5x__bbox_midpoint__object_minus_ring,leave_one_out,time_of_day__distance_range,,8PM,far,60,130.0,14.719601443879744,97.14483369953103,33.02877468359988,31.27334396860479,0.24635067716392273,0.2448568644401861,36.47880774497377,-5.141708066898885,-32.85516630046898,-31.27334396860479,54.60590890901332,57.60214478857002,58.62336946864619,0.03333333333333333,0.1,0.16666666666666666,0.016666666666666666,0.9833333333333333
bbox_expand_1_5x__bbox_midpoint__object_minus_ring,leave_one_out,time_of_day__distance_range,,8PM,mid,80,85.0,11.180339887498949,88.19274952366592,12.183161009852737,12.625996894815664,0.15078133963620227,0.1445318647300935,14.909223741574024,-0.7782796206105163,3.192749523665921,3.352662060944809,21.806749686542766,24.76620790530781,51.144040917964894,0.2625,0.4375,0.8625,0.5875,0.4125
bbox_expand_1_5x__bbox_midpoint__object_minus_ring,leave_one_out,time_of_day__distance_range,,8PM,near,100,40.0,14.142135623730951,70.21383504942389,31.551587626930914,30.149721528882164,0.9834140539319206,0.6592534080966506,36.45822988291036,-5.64601263097569,30.21383504942389,29.81392114447153,57.38664984509642,69.23959683742234,73.6988073138921,0.08,0.1,0.3,0.94,0.06
bbox_expand_1_5x__bbox_midpoint__object_minus_ring_normalized,leave_one_out,weather,clear_sky,,,240,77.5,38.37859646556485,74.83756841496383,30.278124491097824,28.4130592006144,0.5944857381522414,0.32344590770278087,35.9078973526569,0.12460961202447873,-2.662431585036192,-5.021027810590407,57.59510425348951,65.25744611930531,100.88297122790148,0.075,0.17916666666666667,0.3541666666666667,0.4708333333333333,0.5291666666666667
bbox_expand_1_5x__bbox_midpoint__object_minus_ring_normalized,leave_one_out,weather,light_rain,,,240,77.5,38.37859646556485,80.13589593930234,25.24861069136696,21.89533585133291,0.5060005185987108,0.28291393493141265,30.511923649963258,0.3679360781977796,2.6358959393023307,6.292070689421944,47.66313296846675,56.9045352906319,71.56243037962575,0.1125,0.21666666666666667,0.44583333333333336,0.5625,0.4375
bbox_expand_1_5x__bbox_midpoint__object_minus_ring_normalized,leave_one_out,time_of_day,,10AM,,240,77.5,38.37859646556485,72.04214338657552,29.192136941990785,26.945081253777047,0.5423286558435069,0.3225166409457524,34.835926098580764,0.1760961264073908,-5.4578566134245,-6.898189703107622,52.84715985550581,63.623281716572414,100.88297122790148,0.0875,0.17916666666666667,0.37083333333333335,0.45,0.55
bbox_expand_1_5x__bbox_midpoint__object_minus_ring_normalized,leave_one_out,time_of_day,,8PM,,240,77.5,38.37859646556485,82.93132096769065,26.334598240473998,23.41711478994189,0.5581576009074453,0.2731631955003419,31.73031405398237,0.31644956381486766,5.431320967690642,8.53934973234514,49.89983810008044,59.43966885995418,75.02994346327952,0.1,0.21666666666666667,0.42916666666666664,0.5833333333333334,0.4166666666666667
bbox_expand_1_5x__bbox_midpoint__object_minus_ring_normalized,leave_one_out,distance_range,,,far,120,130.0,14.719601443879744,90.85286552267735,39.15056048979107,38.344759465268595,0.29472226191554995,0.2976161446040163,43.78741658444032,-7.849251620643011,-39.14713447732265,-38.344759465268595,63.088445346902766,69.83106472165842,100.88297122790148,0.041666666666666664,0.08333333333333333,0.18333333333333332,0.008333333333333333,0.9916666666666667
bbox_expand_1_5x__bbox_midpoint__object_minus_ring_normalized,leave_one_out,distance_range,,,mid,160,85.0,11.180339887498949,78.81456651019761,16.581701823705085,15.791966206652123,0.19700504804322092,0.1788465677789049,19.98482976497065,-2.195147365878855,-6.185433489802394,-6.601194608176769,31.376898666970252,36.749806012155965,62.86106122515909,0.15,0.30625,0.66875,0.3875,0.6125
bbox_expand_1_5x__bbox_midpoint__object_minus_ring_normalized,leave_one_out,distance_range,,,near,200,40.0,14.142135623730951,68.40478470335488,29.876384466119035,30.465776273432027,0.9861461125172357,0.7711108089140974,34.56165570774469,-4.972540226303406,28.404784703354878,30.17483170854969,50.9692223410761,60.21523190083506,75.02994346327952,0.08,0.18,0.315,0.925,0.075
bbox_expand_1_5x__bbox_midpoint__object_minus_ring_normalized,leave_one_out,weather__distance_range,clear_sky,,far,60,130.0,14.719601443879744,84.49276321971423,45.50723678028575,44.61829023386756,0.3457384535890899,0.33343269100233563,48.799813451691456,-9.99117750578409,-45.50723678028575,-44.61829023386756,65.79799512963416,73.9420168496958,100.88297122790148,0.0,0.0,0.05,0.0,1.0
bbox_expand_1_5x__bbox_midpoint__object_minus_ring_normalized,leave_one_out,weather__distance_range,clear_sky,,mid,80,85.0,11.180339887498949,73.68172322062166,17.171475104477793,16.178591004622454,0.20446008555731154,0.18583806075181752,20.403172530216803,-2.3303155943823484,-11.31827677937833,-14.74422534688771,30.682701197052065,35.954357714906116,62.86106122515909,0.1125,0.3,0.6625,0.2375,0.7625
bbox_expand_1_5x__bbox_midpoint__object_minus_ring_normalized,leave_one_out,weather__distance_range,clear_sky,,near,100,40.0,14.142135623730951,69.96912768758727,31.625976626881084,32.27353991263146,1.055754630966076,0.8382233065874667,36.50507343237787,-5.663101931516505,29.969127687587257,31.987577853893065,55.53232759839565,61.49599009610458,75.02994346327952,0.09,0.19,0.29,0.94,0.06
bbox_expand_1_5x__bbox_midpoint__object_minus_ring_normalized,leave_one_out,weather__distance_range,light_rain,,far,60,130.0,14.719601443879744,97.21296782564046,32.793884199296386,33.50057154976425,0.24370607024200996,0.2524789766906168,38.121567509203395,-5.707325735501931,-32.787032174359545,-33.50057154976425,58.378075016461025,63.06290725233066,71.56243037962575,0.08333333333333333,0.16666666666666666,0.31666666666666665,0.016666666666666666,0.9833333333333333
bbox_expand_1_5x__bbox_midpoint__object_minus_ring_normalized,leave_one_out,weather__distance_range,light_rain,,mid,80,85.0,11.180339887498949,83.94740979977354,15.99192854293238,14.115522541748376,0.1895500105291303,0.16841588483077086,19.55754054506651,-2.059979137375363,-1.052590200226459,2.9485248055481605,31.918083145068397,36.8639617539909,49.574162317171016,0.1875,0.3125,0.675,0.5375,0.4625
bbox_expand_1_5x__bbox_midpoint__object_minus_ring_normalized,leave_one_out,weather__distance_range,light_rain,,near,100,40.0,14.142135623730951,66.8404417191225,28.126792305356975,28.320164036962677,0.9165375940683955,0.7213088893710442,32.502241526055734,-4.281978521090308,26.84044171912249,28.320164036962677,46.59240531783517,55.959079973664025,69.87498861112049,0.07,0.17,0.34,0.91,0.09
bbox_expand_1_5x__bbox_midpoint__object_minus_ring_normalized,leave_one_out,time_of_day__distance_range,,10AM,far,60,130.0,14.719601443879744,83.78437151640233,46.222480508534524,47.805997765362555,0.35015141758911633,0.3650292152126091,50.26590982542401,-10.661515494973806,-46.21562848359769,-47.805997765362555,69.870910873866,73.9420168496958,100.88297122790148,0.016666666666666666,0.03333333333333333,0.11666666666666667,0.016666666666666666,0.9833333333333333
bbox_expand_1_5x__bbox_midpoint__object_minus_ring_normalized,leave_one_out,time_of_day__distance_range,,10AM,mid,80,85.0,11.180339887498949,71.55902243149816,18.136925012923587,17.682289335879503,0.21165825117387665,0.22253341625507594,21.168731120617984,-2.5849214180561626,-13.440977568501847,-15.829654924602256,33.15979343386616,39.6046204156692,47.01017291210522,0.1375,0.25,0.575,0.225,0.775
bbox_expand_1_5x__bbox_midpoint__object_minus_ring_normalized,leave_one_out,time_of_day__distance_range,,10AM,near,100,40.0,14.142135623730951,65.38330327274129,27.818100345318307,29.083788836119453,0.9221713225318456,0.7580135241619244,32.21817867288067,-4.190055184988314,25.383303272741276,28.70123501598161,49.38447916124902,51.913723929718806,71.69767866131086,0.09,0.21,0.36,0.89,0.11
bbox_expand_1_5x__bbox_midpoint__object_minus_ring_normalized,leave_one_out,time_of_day__distance_range,,8PM,far,60,130.0,14.719601443879744,97.92135952895238,32.07864047104762,33.5936291549903,0.23929310624198358,0.25284191215418683,36.16647635174016,-5.036987746312217,-32.07864047104762,-33.5936291549903,54.19819885320974,58.1134179455126,60.98521708793642,0.06666666666666667,0.13333333333333333,0.25,0.0,1.0
bbox_expand_1_5x__bbox_midpoint__object_minus_ring_normalized,leave_one_out,time_of_day__distance_range,,8PM,mid,80,85.0,11.180339887498949,86.07011058889705,15.026478634486585,14.763892742835367,0.18235184491256523,0.15826882581661572,18.72622931112117,-1.8053733137015486,1.0701105888970561,3.053934116691984,30.656832440891726,33.72150968443375,62.86106122515909,0.1625,0.3625,0.7625,0.55,0.45
bbox_expand_1_5x__bbox_midpoint__object_minus_ring_normalized,leave_one_out,time_of_day__distance_range,,8PM,near,100,40.0,14.142135623730951,71.42626613396847,31.934668586919756,32.23876645958622,1.0501209025026261,0.7818485737765133,36.75602064320483,-5.755025267618499,31.426266133968465,32.23876645958622,58.105282937225105,66.3818534805506,75.02994346327952,0.07,0.15,0.27,0.96,0.04
bbox_expand_1_5x__inner50_median__object_depth,leave_one_out,weather,clear_sky,,,240,77.5,38.37859646556485,74.72316259887617,30.35566645700066,28.887465718440247,0.5790681722052897,0.3399334860915133,36.63233847094327,0.08893133452916557,-2.7768374011238204,-3.0088918845519004,60.93840550539734,66.95661219855022,89.1083083615439,0.1125,0.19166666666666668,0.3625,0.4625,0.5375
bbox_expand_1_5x__inner50_median__object_depth,leave_one_out,weather,light_rain,,,240,77.5,38.37859646556485,80.30271803537575,29.92892950713533,27.43850533347507,0.6307959775766548,0.3256393374763955,36.285178324673396,0.10611768075585981,2.802718035375729,3.751585553725434,59.61221198266519,69.9829729588532,78.38762900504167,0.1,0.18333333333333332,0.4083333333333333,0.5458333333333333,0.45416666666666666
bbox_expand_1_5x__inner50_median__object_depth,leave_one_out,time_of_day,,10AM,,240,77.5,38.37859646556485,76.72834728609385,30.01004274500955,27.646233964721837,0.6006052597533201,0.33111112790808317,36.64097326815441,0.08850177853175278,-0.771652713906146,-2.4076060971187587,62.32984024694724,70.17858395403243,89.1083083615439,0.1,0.2,0.4,0.48333333333333334,0.5166666666666667
bbox_expand_1_5x__inner50_median__object_depth,leave_one_out,time_of_day,,8PM,,240,77.5,38.37859646556485,78.29753334815805,30.274553219126446,28.255108669449903,0.6092588900286245,0.3353610538743691,36.27645883855662,0.10654723675327227,0.7975333481580492,1.2327626815251094,58.68783157852331,66.19048344460418,78.38762900504167,0.1125,0.175,0.37083333333333335,0.525,0.475
bbox_expand_1_5x__inner50_median__object_depth,leave_one_out,distance_range,,,far,120,130.0,14.719601443879744,83.11334848836522,46.88665151163479,43.60642824407124,0.3528552716727685,0.3512448100042992,49.69621860208495,-10.39868066159791,-46.88665151163479,-43.60642824407124,70.18281674699324,72.30464063402951,78.38762900504167,0.0,0.0,0.06666666666666667,0.0,1.0
bbox_expand_1_5x__inner50_median__object_depth,leave_one_out,distance_range,,,mid,160,85.0,11.180339887498949,77.37449851418212,11.800000739336962,10.168823803913078,0.1345843108198059,0.12088547449717321,14.734078742969373,-0.7367446112321756,-7.625501485817871,-7.459547445257648,24.140995367752037,29.541906205535856,40.96810555143824,0.275,0.48125,0.8125,0.30625,0.69375
bbox_expand_1_5x__inner50_median__object_depth,leave_one_out,distance_range,,,near,200,40.0,14.142135623730951,74.26344885673745,34.769523658512746,33.96867290317503,1.1324563680788278,0.8687324413030709,39.17585887192229,-6.673739591763861,34.26344885673746,33.96867290317503,57.06164304734464,63.36063337767407,89.1083083615439,0.035,0.065,0.235,0.965,0.035
bbox_expand_1_5x__inner50_median__object_depth,leave_one_out,weather__distance_range,clear_sky,,far,60,130.0,14.719601443879744,80.37216675126994,49.627833248730035,44.91862348968022,0.3752562769287801,0.37693036836642524,51.67288212895939,-11.323477296215371,-49.627833248730035,-44.91862348968022,69.71953827551954,72.43816424912654,77.34213928532125,0.0,0.0,0.0,0.0,1.0
bbox_expand_1_5x__inner50_median__object_depth,leave_one_out,weather__distance_range,clear_sky,,mid,80,85.0,11.180339887498949,74.43614124819626,13.476860709445964,10.733375547957145,0.1519313568593859,0.1363070783176321,16.7445063581469,-1.2430279454241755,-10.563858751803744,-8.813627608119454,29.361234521588525,30.829710951676123,40.96810555143824,0.25,0.45,0.725,0.2125,0.7875
bbox_expand_1_5x__inner50_median__object_depth,leave_one_out,weather__distance_range,clear_sky,,near,100,40.0,14.142135623730951,71.56337718798385,32.29541098000678,30.44808725889624,1.0430647616479185,0.783490089827721,37.33996370363774,-5.9713644469449205,31.563377187983846,30.44808725889624,56.89009325394268,60.87290923982426,89.1083083615439,0.07,0.1,0.29,0.94,0.06
bbox_expand_1_5x__inner50_median__object_depth,leave_one_out,weather__distance_range,light_rain,,far,60,130.0,14.719601443879744,85.85453022546045,44.14546977453954,41.73076201216762,0.3304542664167568,0.3367163829960932,47.63760635442442,-9.47388402698045,-44.14546977453954,-41.73076201216762,70.18281674699324,71.5118722413912,78.38762900504167,0.0,0.0,0.13333333333333333,0.0,1.0
bbox_expand_1_5x__inner50_median__object_depth,leave_one_out,weather__distance_range,light_rain,,mid,80,85.0,11.180339887498949,80.31285578016801,10.12314076922796,9.550110080713274,0.11723726478022592,0.11223298086129371,12.401921610380466,-0.23046127704017572,-4.687144219832,-4.9830115628872775,19.79403651462437,24.125957336896946,31.05155460321484,0.3,0.5125,0.9,0.4,0.6
bbox_expand_1_5x__inner50_median__object_depth,leave_one_out,weather__distance_range,light_rain,,near,100,40.0,14.142135623730951,76.96352052549106,37.2436363370187,37.01003228821857,1.221847974509737,0.9265662918524218,40.92948750371253,-7.376114736582801,36.96352052549107,37.01003228821857,57.308536484824785,64.29670586689616,77.333764477494,0.0,0.03,0.18,0.99,0.01
bbox_expand_1_5x__inner50_median__object_depth,leave_one_out,time_of_day__distance_range,,10AM,far,60,130.0,14.719601443879744,82.94496602412902,47.055033975870955,43.73531155841887,0.3543968117416988,0.35325276905824077,49.778941274851334,-10.43665997436199,-47.055033975870955,-43.73531155841887,69.99304549581207,72.07576164361582,77.34213928532125,0.0,0.0,0.06666666666666667,0.0,1.0
bbox_expand_1_5x__inner50_median__object_depth,leave_one_out,time_of_day__distance_range,,10AM,mid,80,85.0,11.180339887498949,76.32392754157777,12.313547325506148,10.063802077120869,0.14043633157873203,0.12353095731894775,15.249512537933589,-0.8603810611567497,-8.676072458422231,-8.163209337647245,26.077591273055475,29.54190620553586,40.96810555143824,0.2375,0.5,0.8,0.275,0.725
bbox_expand_1_5x__inner50_median__object_depth,leave_one_out,time_of_day__distance_range,,10AM,near,100,40.0,14.142135623730951,73.32191183888561,33.940244342095426,31.88438983319196,1.1164654710999633,0.8360303878002935,39.36168581384085,-6.746711550537602,33.32191183888561,31.88438983319196,58.34178657432658,70.7628513160998,89.1083083615439,0.05,0.08,0.28,0.94,0.06
bbox_expand_1_5x__inner50_median__object_depth,leave_one_out,time_of_day__distance_range,,8PM,far,60,130.0,14.719601443879744,83.2817309526014,46.71826904739863,43.16238189729008,0.3513137316038382,0.3484817756539358,49.613358002128116,-10.360701348833832,-46.71826904739863,-43.16238189729008,70.33959672435702,72.83190663364795,78.38762900504167,0.0,0.0,0.06666666666666667,0.0,1.0
bbox_expand_1_5x__inner50_median__object_depth,leave_one_out,time_of_day__distance_range,,8PM,mid,80,85.0,11.180339887498949,78.4250694867865,11.286454153167776,10.398429854628077,0.12873229006087977,0.12088547449717321,14.19994789298363,-0.6131081613076017,-6.574930513213512,-5.5930890434871685,22.28106688655335,28.366260270025283,34.32745199459379,0.3125,0.4625,0.825,0.3375,0.6625
bbox_expand_1_5x__inner50_median__object_depth,leave_one_out,time_of_day__distance_range,,8PM,near,100,40.0,14.142135623730951,75.2049858745893,35.59880297493007,35.839514547745736,1.1484472650576922,0.9123404400987545,38.989146266596094,-6.600767632990119,35.204985874589305,35.839514547745736,56.391677113035904,58.6639610334263,69.66958644891639,0.02,0.05,0.19,0.99,0.01
bbox_expand_1_5x__inner50_median__object_depth_percentile_5_95,leave_one_out,weather,clear_sky,,,240,77.5,38.37859646556485,74.26788171239453,30.303866219390745,27.47636416165346,0.598188211732696,0.3187665163037572,36.57306712305299,0.0918771787582422,-3.2321182876054633,-4.465859053866588,57.803940267916104,70.45843376662965,92.71804454556343,0.09166666666666666,0.20416666666666666,0.375,0.4666666666666667,0.5333333333333333
bbox_expand_1_5x__inner50_median__object_depth_percentile_5_95,leave_one_out,weather,light_rain,,,240,77.5,38.37859646556485,80.71956555401574,26.15671012480521,23.814679081791866,0.5472121135486377,0.2941242230954869,31.560802103194987,0.3237334793344019,3.2195655540157304,3.545387561287832,50.000499083387965,57.47887507268534,85.70476546125758,0.10416666666666667,0.2375,0.4166666666666667,0.5583333333333333,0.44166666666666665
bbox_expand_1_5x__inner50_median__object_depth_percentile_5_95,leave_one_out,time_of_day,,10AM,,240,77.5,38.37859646556485,71.68057693195942,29.56794575001327,25.887509153681243,0.5671458691843125,0.3237009048125376,35.75890439907621,0.13185907067229075,-5.8194230680405665,-7.233233657039179,57.33026289310291,69.1408258640744,92.71804454556343,0.10416666666666667,0.2,0.35833333333333334,0.42916666666666664,0.5708333333333333
bbox_expand_1_5x__inner50_median__object_depth_percentile_5_95,leave_one_out,time_of_day,,8PM,,240,77.5,38.37859646556485,83.30687033445084,26.892630594182695,25.107871202858195,0.5782544560970211,0.28846763736907277,32.48036675227212,0.28375158742035356,5.806870334450839,7.041910014235029,51.482846780030194,58.19128627887719,85.09338635580067,0.09166666666666666,0.24166666666666667,0.43333333333333335,0.5958333333333333,0.4041666666666667
bbox_expand_1_5x__inner50_median__object_depth_percentile_5_95,leave_one_out,distance_range,,,far,120,130.0,14.719601443879744,89.86480318625067,40.135196813749324,42.88918963930566,0.30329159637939007,0.3005361270539266,44.31212970477959,-8.062606949107124,-40.135196813749324,-42.88918963930566,64.24992913173186,70.66095097912599,92.71804454556343,0.0,0.075,0.175,0.0,1.0
bbox_expand_1_5x__inner50_median__object_depth_percentile_5_95,leave_one_out,distance_range,,,mid,160,85.0,11.180339887498949,77.40067719939968,16.1463994965251,15.160302159510572,0.1891927876680361,0.17792916001056294,19.32979222765293,-1.9891269405138532,-7.599322800600314,-8.600040341372178,29.978735572652983,33.72530103538549,46.9196189361509,0.15625,0.36875,0.65625,0.3625,0.6375
bbox_expand_1_5x__inner50_median__object_depth_percentile_5_95,leave_one_out,distance_range,,,near,200,40.0,14.142135623730951,70.14551304842217,30.754453927565475,31.48737828201202,1.0411512023755376,0.7850777378840352,36.377968117886134,-5.616782821929699,30.14551304842217,31.48737828201202,55.563812549541744,63.27923065891798,85.09338635580067,0.11,0.19,0.32,0.94,0.06
bbox_expand_1_5x__inner50_median__object_depth_percentile_5_95,leave_one_out,weather__distance_range,clear_sky,,far,60,130.0,14.719601443879744,82.81474110907821,47.18525889092179,46.38570611805041,0.3605769084969324,0.3593476832572784,49.99049021856753,-10.53407282596629,-47.18525889092179,-46.38570611805041,70.46287401302241,73.56912156153425,92.71804454556343,0.0,0.0,0.06666666666666667,0.0,1.0
bbox_expand_1_5x__inner50_median__object_depth_percentile_5_95,leave_one_out,weather__distance_range,clear_sky,,mid,80,85.0,11.180339887498949,72.30813462232966,16.528027161684044,16.800282925217047,0.19129395323696188,0.197442260069556,19.40634686198504,-2.012850388221413,-12.69186537767034,-15.337457945561468,29.077063502122062,32.931084862117835,45.44551220433836,0.1375,0.3625,0.625,0.2375,0.7625
bbox_expand_1_5x__inner50_median__object_depth_percentile_5_95,leave_one_out,weather__distance_range,clear_sky,,near,100,40.0,14.142135623730951,70.70756374643625,31.19570186263749,31.777974828452997,1.0662704004707413,0.8138343618931713,37.54330388886751,-6.047498334459274,30.707563746436236,31.777974828452997,59.95649951773087,70.70922281935371,85.09338635580067,0.11,0.2,0.36,0.93,0.07
bbox_expand_1_5x__inner50_median__object_depth_percentile_5_95,leave_one_out,weather__distance_range,light_rain,,far,60,130.0,14.719601443879744,96.91486526342311,33.08513473657686,35.86299117056578,0.24600628426184767,0.2816550749030801,37.78995323698779,-5.591141072247957,-33.08513473657686,-35.86299117056578,56.88392227071042,58.73996821921981,85.70476546125758,0.0,0.15,0.2833333333333333,0.0,1.0
bbox_expand_1_5x__inner50_median__object_depth_percentile_5_95,leave_one_out,weather__distance_range,light_rain,,mid,80,85.0,11.180339887498949,82.49321977646972,15.764771831366156,13.857405930865188,0.18709162209911032,0.1732721212200046,19.25293319473131,-1.9654034928062938,-2.506780223530288,-1.3991908480566835,31.382900435496513,35.92043653264242,46.9196189361509,0.175,0.375,0.6875,0.4875,0.5125
bbox_expand_1_5x__inner50_median__object_depth_percentile_5_95,leave_one_out,weather__distance_range,light_rain,,near,100,40.0,14.142135623730951,69.58346235040811,30.313205992493458,31.077615265476624,1.016032004280334,0.7726665920580644,35.174045287399416,-5.186067309400125,29.58346235040811,31.077615265476624,52.79786184133093,60.85136201884708,71.16327301989494,0.11,0.18,0.28,0.95,0.05
bbox_expand_1_5x__inner50_median__object_depth_percentile_5_95,leave_one_out,time_of_day__distance_range,,10AM,far,60,130.0,14.719601443879744,83.4494683257303,46.55053167426972,46.12257089825624,0.3541373750566969,0.3753788131229223,50.13724859762044,-10.601893985875043,-46.55053167426972,-46.12257089825624,70.77910351016007,74.48242044934528,92.71804454556343,0.0,0.03333333333333333,0.1,0.0,1.0
bbox_expand_1_5x__inner50_median__object_depth_percentile_5_95,leave_one_out,time_of_day__distance_range,,10AM,mid,80,85.0,11.180339887498949,68.96245510549818,19.02219268011924,18.99856875312855,0.2203082627228669,0.22146243966288343,22.067745938296575,-2.89588328637764,-16.03754489450183,-18.191781133633988,33.57072954076428,37.45243127466007,46.9196189361509,0.125,0.2625,0.5375,0.1625,0.8375
bbox_expand_1_5x__inner50_median__object_depth_percentile_5_95,leave_one_out,time_of_day__distance_range,,10AM,near,100,40.0,14.142135623730951,66.79373955686593,27.814996651374617,24.567266924868573,0.9724210508300388,0.7172310868535089,34.22051487590351,-4.855218191859667,26.793739556865926,24.567266924868573,55.88773851269513,68.42030771571501,80.21680032420477,0.15,0.25,0.37,0.9,0.1
bbox_expand_1_5x__inner50_median__object_depth_percentile_5_95,leave_one_out,time_of_day__distance_range,,8PM,far,60,130.0,14.719601443879744,96.28013804677106,33.71986195322894,36.911364065002694,0.2524458177020832,0.28337067131008187,37.59502601417943,-5.523319912339207,-33.71986195322894,-36.911364065002694,54.773104696426024,59.3886388221173,67.03919417913794,0.0,0.11666666666666667,0.25,0.0,1.0
bbox_expand_1_5x__inner50_median__object_depth_percentile_5_95,leave_one_out,time_of_day__distance_range,,8PM,mid,80,85.0,11.180339887498949,85.83889929330118,13.270606312930957,10.326975562737523,0.1580773126132053,0.12820845953410762,16.133701507442684,-1.0823705946500666,0.8388992933012023,2.8573205604982093,26.390823195630418,30.189008924037292,40.03180297773352,0.1875,0.475,0.775,0.5625,0.4375
bbox_expand_1_5x__inner50_median__object_depth_percentile_5_95,leave_one_out,time_of_day__distance_range,,8PM,near,100,40.0,14.142135623730951,73.49728653997843,33.69391120375633,33.79959070748071,1.1098813539210368,0.8444405729779292,38.414443773142764,-6.378347451999734,33.49728653997841,33.79959070748071,55.5531297119832,61.80738917445223,85.09338635580067,0.07,0.13,0.27,0.98,0.02
bbox_expand_1_5x__inner50_median__object_minus_ring,leave_one_out,weather,clear_sky,,,240,77.5,38.37859646556485,73.74920636304142,29.399856823702923,28.619396962109136,0.5488439107145076,0.3199380019078656,35.28066581330001,0.15492477721317843,-3.750793636958569,-5.268116466999032,57.90742874272143,65.30282248970201,73.83576708387497,0.0875,0.20833333333333334,0.39166666666666666,0.4375,0.5625
bbox_expand_1_5x__inner50_median__object_minus_ring,leave_one_out,weather,light_rain,,,240,77.5,38.37859646556485,81.20341798913987,27.114934692164766,24.954012727158634,0.567693701464671,0.2963509683080357,32.90294965231859,0.26499297596174587,3.7034179891398877,5.042238968388979,55.23028727843405,60.51733247009555,71.77449355440461,0.1125,0.225,0.425,0.5666666666666667,0.43333333333333335
bbox_expand_1_5x__inner50_median__object_minus_ring,leave_one_out,time_of_day,,10AM,,240,77.5,38.37859646556485,72.92530887952698,29.172214851024947,26.653049184198338,0.5511359976358021,0.3164793735159439,35.178591760342954,0.1598076481532995,-4.5746911204730285,-6.192858171531533,57.24958445537744,64.96293212087889,73.83576708387497,0.1,0.2,0.4083333333333333,0.42916666666666664,0.5708333333333333
bbox_expand_1_5x__inner50_median__object_minus_ring,leave_one_out,time_of_day,,8PM,,240,77.5,38.37859646556485,82.02731547265434,27.342576664842742,26.57675387286372,0.5654016145433763,0.30097455665087947,33.0120607931692,0.26011010502162435,4.527315472654347,6.989980142742311,55.652144837224114,61.10197923289172,67.10777946828422,0.1,0.23333333333333334,0.4083333333333333,0.575,0.425
bbox_expand_1_5x__inner50_median__object_minus_ring,leave_one_out,distance_range,,,far,120,130.0,14.719601443879744,88.31995298343051,41.71652793855994,39.532966614127744,0.31406727911024857,0.31711128818683965,44.718196124867134,-8.229463375363457,-41.68004701656949,-39.532966614127744,62.65264969020149,66.17204989537339,73.83576708387497,0.016666666666666666,0.03333333333333333,0.1,0.016666666666666666,0.9833333333333333
bbox_expand_1_5x__inner50_median__object_minus_ring,leave_one_out,distance_range,,,mid,160,85.0,11.180339887498949,78.9476820283863,13.494976792626536,11.2059864501474,0.16124922924879317,0.1327503673333525,17.654786242655977,-1.4935318181909976,-6.052317971613704,-5.849600893260913,25.46027202549265,32.34710115974411,70.42284740037975,0.18125,0.4375,0.8,0.3875,0.6125
bbox_expand_1_5x__inner50_median__object_minus_ring,leave_one_out,distance_range,,,near,200,40.0,14.142135623730951,69.79303180985023,31.991851621804038,32.495142512348124,1.0224053837498306,0.7071211160310618,36.65531272062718,-5.718059753234865,29.79303180985024,32.28323818885859,55.43563737836562,62.68771406314097,71.77449355440461,0.085,0.15,0.28,0.885,0.115
bbox_expand_1_5x__inner50_median__object_minus_ring,leave_one_out,weather__distance_range,clear_sky,,far,60,130.0,14.719601443879744,84.42677966057165,45.573220339428346,42.669753803603534,0.34582313177403157,0.33865267926379217,47.621781476550616,-9.466926481540028,-45.573220339428346,-42.669753803603534,64.9021870302873,70.48122394290935,73.83576708387497,0.0,0.0,0.0,0.0,1.0
bbox_expand_1_5x__inner50_median__object_minus_ring,leave_one_out,weather__distance_range,clear_sky,,mid,80,85.0,11.180339887498949,73.67785742520195,16.019658283604286,12.401646242494863,0.19142511935875067,0.15241326217308765,21.218032904514846,-2.601639362696598,-11.32214257479806,-9.218436909682609,32.5316236193493,41.47908533666019,70.42284740037975,0.1375,0.4,0.75,0.2375,0.7625
bbox_expand_1_5x__inner50_median__object_minus_ring,leave_one_out,weather__distance_range,clear_sky,,near,100,40.0,14.142135623730951,67.39974153479487,30.39999754634658,31.794222515982682,0.9565914111633986,0.619633195555673,35.58758960201647,-5.332382668407755,27.399741534794885,31.32898613520061,56.21355172001519,62.77906019983689,67.10777946828422,0.1,0.18,0.34,0.86,0.14
bbox_expand_1_5x__inner50_median__object_minus_ring,leave_one_out,weather__distance_range,light_rain,,far,60,130.0,14.719601443879744,92.21312630628935,37.859835537691545,37.04387103850446,0.2823114264464656,0.3050121109331052,41.61249882335623,-6.992000269186879,-37.78687369371064,-37.04387103850446,60.519040962185194,63.300433952206376,66.74529655602095,0.03333333333333333,0.06666666666666667,0.2,0.03333333333333333,0.9666666666666667
bbox_expand_1_5x__inner50_median__object_minus_ring,leave_one_out,weather__distance_range,light_rain,,mid,80,85.0,11.180339887498949,84.21750663157064,10.970295301648786,10.502553310239023,0.13107333913883568,0.11416154636485018,13.159712542858774,-0.38542427368539656,-0.7824933684293484,1.3671614063811788,20.65477727821346,23.06916084985028,30.183209807735892,0.225,0.475,0.85,0.5375,0.4625
bbox_expand_1_5x__inner50_median__object_minus_ring,leave_one_out,weather__distance_range,light_rain,,near,100,40.0,14.142135623730951,72.18632208490558,33.583705697261486,33.36962447759601,1.0882193563362623,0.7721358226884879,37.69280259694674,-6.103736838061974,32.18632208490558,33.19072050537636,53.67254470947168,62.68771406314098,71.77449355440461,0.07,0.12,0.22,0.91,0.09
bbox_expand_1_5x__inner50_median__object_minus_ring,leave_one_out,time_of_day__distance_range,,10AM,far,60,130.0,14.719601443879744,84.72590668343638,45.30288313727785,44.13435152499071,0.3425326243573944,0.3560399109504194,47.918398202227614,-9.597721013541156,-45.27409331656361,-44.13435152499071,66.20222077224958,70.48122394290935,73.83576708387497,0.016666666666666666,0.016666666666666666,0.06666666666666667,0.016666666666666666,0.9833333333333333
bbox_expand_1_5x__inner50_median__object_minus_ring,leave_one_out,time_of_day__distance_range,,10AM,mid,80,85.0,11.180339887498949,72.01007717547107,16.42279557797725,14.584683816316712,0.1941509268880476,0.1595488598148116,20.935499167441055,-2.5063610031194004,-12.989922824528936,-14.035642598874752,30.38114669697623,41.160443913573346,70.42284740037975,0.125,0.3375,0.725,0.225,0.775
bbox_expand_1_5x__inner50_median__object_minus_ring,leave_one_out,time_of_day__distance_range,,10AM,near,100,40.0,14.142135623730951,66.57713556042604,29.693349297711357,28.693351558063732,0.9618860782010503,0.6752049423779058,35.23833327082589,-5.208700658528975,26.577135560426036,27.980216788213646,55.23488933179156,62.659086057013354,71.77449355440461,0.13,0.2,0.36,0.84,0.16
bbox_expand_1_5x__inner50_median__object_minus_ring,leave_one_out,time_of_day__distance_range,,8PM,far,60,130.0,14.719601443879744,91.91399928342462,38.13017273984203,36.48990555028935,0.28560193386310284,0.2894599699518595,41.270585688319386,-6.861205737185751,-38.086000716575384,-36.48990555028935,61.05361958626106,62.61730012253797,63.9635497602666,0.016666666666666666,0.05,0.13333333333333333,0.016666666666666666,0.9833333333333333
bbox_expand_1_5x__inner50_median__object_minus_ring,leave_one_out,time_of_day__distance_range,,8PM,mid,80,85.0,11.180339887498949,85.88528688130152,10.567158007275818,8.599484131006236,0.12834753160953868,0.10186271240632452,13.604698789676466,-0.4807026332625941,0.885286881301527,2.291162665748267,21.032476977884105,23.114504176959883,58.71151424024934,0.2375,0.5375,0.875,0.55,0.45
bbox_expand_1_5x__inner50_median__object_minus_ring,leave_one_out,time_of_day__distance_range,,8PM,near,100,40.0,14.142135623730951,73.00892805927442,34.29035394589672,34.054627943726935,1.0829246892986106,0.7817446325111523,38.01951827138464,-6.2274188479407515,33.00892805927443,33.579521276528126,56.21355172001519,62.80768820596452,67.10777946828422,0.04,0.1,0.2,0.93,0.07
bbox_expand_1_5x__inner50_median__object_minus_ring_normalized,leave_one_out,weather,clear_sky,,,240,77.5,38.37859646556485,73.89036296420662,29.748139692448724,27.454291046400872,0.5691178940636933,0.3332782755494049,35.38002624824082,0.15015812798220596,-3.6096370357933876,-4.300354853430061,56.89913053600676,63.36252114540019,88.04506601362544,0.1,0.17916666666666667,0.3375,0.45,0.55
bbox_expand_1_5x__inner50_median__object_minus_ring_normalized,leave_one_out,weather,light_rain,,,240,77.5,38.37859646556485,81.09202973949392,26.2493782807255,24.736132767579107,0.5438597046550788,0.299100584639718,31.576784335129297,0.32304838996508045,3.592029739493925,3.449944072960818,49.43966584970543,56.78805634239832,76.46294265609657,0.12916666666666668,0.22083333333333333,0.43333333333333335,0.55,0.45
bbox_expand_1_5x__inner50_median__object_minus_ring_normalized,leave_one_out,time_of_day,,10AM,,240,77.5,38.37859646556485,71.33957168866202,29.500960523962352,26.880399146336405,0.5539718148681533,0.3441754841575616,35.30654752038886,0.15368443713076563,-6.160428311337978,-8.217997941400235,56.293577937943994,62.70193331849147,88.04506601362544,0.11666666666666667,0.1875,0.35,0.42083333333333334,0.5791666666666667
bbox_expand_1_5x__inner50_median__object_minus_ring_normalized,leave_one_out,time_of_day,,8PM,,240,77.5,38.37859646556485,83.64282101503854,26.496557449211867,23.533064234718125,0.559005783850619,0.29008669629892114,31.65892083542962,0.3195220808165208,6.142821015038519,9.111697649564938,51.3412354722894,59.21336856159814,70.44132509158581,0.1125,0.2125,0.42083333333333334,0.5791666666666667,0.42083333333333334
bbox_expand_1_5x__inner50_median__object_minus_ring_normalized,leave_one_out,distance_range,,,far,120,130.0,14.719601443879744,90.61178069709716,39.414423318271325,40.956898906141056,0.2975379940767558,0.3063339962613475,43.810899645317654,-7.858745820301975,-39.38821930290284,-40.956898906141056,62.45944140432593,71.682015256064,88.04506601362544,0.05,0.09166666666666666,0.19166666666666668,0.016666666666666666,0.9833333333333333
bbox_expand_1_5x__inner50_median__object_minus_ring_normalized,leave_one_out,distance_range,,,mid,160,85.0,11.180339887498949,78.40121203163929,16.66682923909862,15.496756302644172,0.19670425495683524,0.18187605322865555,20.092765736700162,-2.229753879599296,-6.598787968360718,-7.8003109369118135,31.07328980222436,34.984136490847945,56.84691410750244,0.16875,0.3375,0.6375,0.375,0.625
bbox_expand_1_5x__inner50_median__object_minus_ring_normalized,leave_one_out,distance_range,,,near,200,40.0,14.142135623730951,68.89083320087093,30.214904185567374,30.26054589927266,0.9996869180510052,0.7641572497866378,34.985641839603076,-5.119975674644926,28.89083320087093,30.26054589927266,54.336863924589196,61.211933429619215,76.46294265609657,0.11,0.155,0.3,0.89,0.11
bbox_expand_1_5x__inner50_median__object_minus_ring_normalized,leave_one_out,weather__distance_range,clear_sky,,far,60,130.0,14.719601443879744,83.66209592759449,46.337904072405514,44.845303817810034,0.35330531874872606,0.36057287999316856,49.21750140614255,-10.180134359986049,-46.337904072405514,-44.845303817810034,68.48616055614717,74.18150086351585,88.04506601362544,0.0,0.0,0.05,0.0,1.0
bbox_expand_1_5x__inner50_median__object_minus_ring_normalized,leave_one_out,weather__distance_range,clear_sky,,mid,80,85.0,11.180339887498949,72.72016494752913,16.963788657668857,16.018545208767854,0.19943992157382656,0.19759106282091893,20.252083401699675,-2.281175056875196,-12.279835052470863,-14.440203975088401,31.073289802224362,34.05397126230906,56.84691410750244,0.175,0.325,0.5875,0.2375,0.7625
bbox_expand_1_5x__inner50_median__object_minus_ring_normalized,leave_one_out,weather__distance_range,clear_sky,,near,100,40.0,14.142135623730951,68.96348159951589,30.02176189229855,30.26054589927266,0.9943478172445671,0.8151142320072344,34.96649889676111,-5.11328022548598,28.963481599515877,30.26054589927266,55.39212413098977,63.1854452753083,70.44132509158581,0.1,0.17,0.31,0.89,0.11
bbox_expand_1_5x__inner50_median__object_minus_ring_normalized,leave_one_out,weather__distance_range,light_rain,,far,60,130.0,14.719601443879744,97.56146546659984,32.490942564137136,37.06436996108978,0.24177066940478553,0.26391325012205996,37.63545417290117,-5.537357280617897,-32.438534533400166,-37.06436996108978,55.60745189932378,59.45603842502086,74.47816398035647,0.1,0.18333333333333332,0.3333333333333333,0.03333333333333333,0.9666666666666667
bbox_expand_1_5x__inner50_median__object_minus_ring_normalized,leave_one_out,weather__distance_range,light_rain,,mid,80,85.0,11.180339887498949,84.08225911574942,16.36986982052839,14.39973140593645,0.19396858833984393,0.16609299119308107,19.932174687936705,-2.178332702323397,-0.9177408842505743,1.4127971351056487,30.932265998556275,37.91223668963656,54.29135481419503,0.1625,0.35,0.6875,0.5125,0.4875
bbox_expand_1_5x__inner50_median__object_minus_ring_normalized,leave_one_out,weather__distance_range,light_rain,,near,100,40.0,14.142135623730951,68.81818480222599,30.408046478836198,30.54687983830546,1.005026018857443,0.6568126430286879,35.00477431381003,-5.126671123803873,28.818184802225982,30.54687983830546,52.48662149454877,59.22396330409819,76.46294265609657,0.12,0.14,0.29,0.89,0.11
bbox_expand_1_5x__inner50_median__object_minus_ring_normalized,leave_one_out,time_of_day__distance_range,,10AM,far,60,130.0,14.719601443879744,83.9809689422751,46.06514622328204,45.845225249131104,0.3505037176594593,0.3677462072403249,49.59184688275861,-10.35085204881373,-46.019031057724895,-45.845225249131104,71.71677934806219,74.69182381809141,88.04506601362544,0.016666666666666666,0.05,0.1,0.016666666666666666,0.9833333333333333
bbox_expand_1_5x__inner50_median__object_minus_ring_normalized,leave_one_out,time_of_day__distance_range,,10AM,mid,80,85.0,11.180339887498949,69.06158129055912,19.41684701334154,19.560719529028255,0.2264372218605719,0.21660914218402538,22.782645040102977,-3.15239132018663,-15.938418709440885,-19.402940582475736,31.963666808268428,39.02190116079218,56.84691410750244,0.1375,0.275,0.5125,0.2,0.8
bbox_expand_1_5x__inner50_median__object_minus_ring_normalized,leave_one_out,time_of_day__distance_range,,10AM,near,100,40.0,14.142135623730951,65.57712565497648,27.62973991286718,26.21822157636598,0.9380803475994349,0.6780071059682738,33.179445691245284,-4.504378081891477,25.577125654976495,26.21822157636598,53.09979811797113,58.93780489252341,76.46294265609657,0.16,0.2,0.37,0.84,0.16
bbox_expand_1_5x__inner50_median__object_minus_ring_normalized,leave_one_out,time_of_day__distance_range,,8PM,far,60,130.0,14.719601443879744,97.24259245191921,32.76370041326059,34.61283972178209,0.24457227049405228,0.27593268348085764,37.140793990183,-5.366639591790216,-32.75740754808078,-34.61283972178209,57.14906623278906,59.58731300651414,63.356231107523655,0.08333333333333333,0.13333333333333333,0.2833333333333333,0.016666666666666666,0.9833333333333333
bbox_expand_1_5x__inner50_median__object_minus_ring_normalized,leave_one_out,time_of_day__distance_range,,8PM,mid,80,85.0,11.180339887498949,87.74084277271945,13.916811464855709,12.34485995494429,0.16697128805309855,0.14170752430356548,16.982036240583614,-1.3071164390119625,2.7408427727194473,2.682038382317863,26.3760841191747,34.07678485779411,42.83096144824857,0.2,0.4,0.7625,0.55,0.45
bbox_expand_1_5x__inner50_median__object_minus_ring_normalized,leave_one_out,time_of_day__distance_range,,8PM,near,100,40.0,14.142135623730951,72.20454074676535,32.80006845826757,32.78677280679568,1.0612934885025753,0.785949427997725,36.70306054649496,-5.735573267398374,32.20454074676536,32.78677280679568,55.34591805149467,63.1774248119248,70.44132509158581,0.06,0.11,0.23,0.94,0.06
bbox_expand_2x__bbox_mean__object_depth,leave_one_out,weather,clear_sky,,,240,77.5,38.37859646556485,77.4252770556758,32.65832821656046,32.944696936843144,0.6628529294089525,0.3565287345606529,38.54469538894093,-0.008674540962654964,-0.07472294432420198,2.177881132732921,58.7502933107403,72.7227873113778,74.14968335552038,0.08333333333333333,0.16666666666666666,0.3333333333333333,0.5,0.5
bbox_expand_2x__bbox_mean__object_depth,leave_one_out,weather,light_rain,,,240,77.5,38.37859646556485,77.61500943604581,32.60533569724217,32.403651052881905,0.6642020396051369,0.3544792932209747,38.50535629400336,-0.006616665343011752,0.11500943604580698,0.8589266113958232,58.63369242302732,72.37517372906274,73.44936908502577,0.0875,0.16666666666666666,0.3333333333333333,0.5,0.5
bbox_expand_2x__bbox_mean__object_depth,leave_one_out,time_of_day,,10AM,,240,77.5,38.37859646556485,77.65848582150069,32.64926063876079,32.42030381009,0.6645009469969951,0.3580351298576228,38.50460332291483,-0.006577297010483152,0.15848582150067234,2.91776757807596,58.84970469264118,72.50211192261207,74.14968335552038,0.08333333333333333,0.16666666666666666,0.3333333333333333,0.5,0.5
bbox_expand_2x__bbox_mean__object_depth,leave_one_out,time_of_day,,8PM,,240,77.5,38.37859646556485,77.38180067022093,32.61440327504184,32.41825527129749,0.6625540220170942,0.3524790351353875,38.54544757684575,-0.008713909295183564,-0.11819932977906736,0.7538771763354077,58.5316273754206,72.7165217265469,73.87220136793572,0.0875,0.16666666666666666,0.3333333333333333,0.5,0.5
bbox_expand_2x__bbox_mean__object_depth,leave_one_out,distance_range,,,far,120,130.0,14.719601443879744,77.34632047192754,52.65367952807248,47.700662504926974,0.3975968025732767,0.38160530003941584,54.69974282292017,-12.809516299508955,-52.65367952807248,-47.700662504926974,72.98605178432196,73.41787172698366,74.14968335552038,0.0,0.0,0.0,0.0,1.0
bbox_expand_2x__bbox_mean__object_depth,leave_one_out,distance_range,,,mid,160,85.0,11.180339887498949,77.44432993546252,11.298876776475348,10.516129783165056,0.1261259925486818,0.12968663195660615,13.524846923936597,-0.46337187452733786,-7.555670064537475,-7.900548095980952,22.728603503284226,23.12808755722103,23.720064009129146,0.25625,0.5,0.75,0.25,0.75
bbox_expand_2x__bbox_mean__object_depth,leave_one_out,distance_range,,,near,200,40.0,14.142135623730951,77.6850875585394,37.6850875585394,37.62952818362371,1.253007087233996,0.9407382045905928,40.25484940670338,-7.1022645037818375,37.6850875585394,37.62952818362371,57.72050517175348,58.56087079305391,59.878662518108825,0.0,0.0,0.2,1.0,0.0
bbox_expand_2x__bbox_mean__object_depth,leave_one_out,weather__distance_range,clear_sky,,far,60,130.0,14.719601443879744,77.18996005752642,52.81003994247359,47.740830273209646,0.3988174490396368,0.3819266421856772,54.85152477243945,-12.886260476284024,-52.81003994247359,-47.740830273209646,73.20433176456079,73.4940000014301,74.14968335552038,0.0,0.0,0.0,0.0,1.0
bbox_expand_2x__bbox_mean__object_depth,leave_one_out,weather__distance_range,clear_sky,,mid,80,85.0,11.180339887498949,77.4078161333364,11.391909702280026,10.647994971498854,0.12722916885258223,0.13475681600460265,13.61435217150301,-0.48280468039766955,-7.592183866663606,-8.028519642806977,22.809122507211065,23.129502553412838,23.720064009129146,0.25,0.5,0.75,0.25,0.75
bbox_expand_2x__bbox_mean__object_depth,leave_one_out,weather__distance_range,clear_sky,,near,100,40.0,14.142135623730951,77.58043599243695,37.58043599243694,37.46745041570355,1.2497732260756378,0.9366862603925888,40.15183896593398,-7.060850861731474,37.58043599243694,37.46745041570355,57.55859225443839,58.46708307343713,59.878662518108825,0.0,0.0,0.2,1.0,0.0
bbox_expand_2x__bbox_mean__object_depth,leave_one_out,weather__distance_range,light_rain,,far,60,130.0,14.719601443879744,77.50268088632863,52.49731911367139,47.67760726788619,0.3963761561069166,0.3814208581430895,54.54753853223512,-12.732772122733886,-52.49731911367139,-47.67760726788619,72.94475896646848,73.19986740481762,73.44936908502577,0.0,0.0,0.0,0.0,1.0
bbox_expand_2x__bbox_mean__object_depth,leave_one_out,weather__distance_range,light_rain,,mid,80,85.0,11.180339887498949,77.48084373758864,11.205843850670673,10.110575414807073,0.12502281624478137,0.12613304659711788,13.434745385831686,-0.4439390686570064,-7.519156262411345,-7.900548095980952,22.26487065303243,22.986781283389337,23.570135778547993,0.2625,0.5,0.75,0.25,0.75
bbox_expand_2x__bbox_mean__object_depth,leave_one_out,weather__distance_range,light_rain,,near,100,40.0,14.142135623730951,77.78973912464184,37.78973912464185,37.84783037128546,1.2562409483923538,0.9461957592821366,40.35759692011455,-7.143678145832199,37.78973912464185,37.84783037128546,58.16352802794264,58.56087079305391,59.52572083180118,0.0,0.0,0.2,1.0,0.0
bbox_expand_2x__bbox_mean__object_depth,leave_one_out,time_of_day__distance_range,,10AM,far,60,130.0,14.719601443879744,77.51650154338637,52.483498456613624,47.380342749583285,0.39622851371062484,0.3790427419966663,54.54960344041396,-12.73381185618349,-52.483498456613624,-47.380342749583285,72.85271876880114,73.19605805893077,74.14968335552038,0.0,0.0,0.0,0.0,1.0
bbox_expand_2x__bbox_mean__object_depth,leave_one_out,time_of_day__distance_range,,10AM,mid,80,85.0,11.180339887498949,77.61615612233315,11.363232889193077,10.516129783165056,0.12719364979484626,0.12968663195660615,13.546697409981677,-0.46810408574083406,-7.383843877666846,-7.900548095980952,22.728603503284226,23.034780643421627,23.720064009129146,0.25,0.5,0.75,0.25,0.75
bbox_expand_2x__bbox_mean__object_depth,leave_one_out,time_of_day__distance_range,,10AM,near,100,40.0,14.142135623730951,77.77754014770328,37.77754014770326,37.59319317926876,1.2553102447305364,0.939829829481719,40.324245746871945,-7.130223975270603,37.77754014770326,37.59319317926876,58.19458047980487,58.80143230584441,59.878662518108825,0.0,0.0,0.2,1.0,0.0
bbox_expand_2x__bbox_mean__object_depth,leave_one_out,time_of_day__distance_range,,8PM,far,60,130.0,14.719601443879744,77.17613940046868,52.823860599531336,48.163030882548675,0.39896509143592856,0.38530424706038935,54.84947123063988,-12.88522074283442,-52.823860599531336,-48.163030882548675,73.24922335573683,73.43122130155294,73.87220136793572,0.0,0.0,0.0,0.0,1.0
bbox_expand_2x__bbox_mean__object_depth,leave_one_out,time_of_day__distance_range,,8PM,mid,80,85.0,11.180339887498949,77.2725037485919,11.234520663757621,10.276345133523137,0.12505833530251734,0.12797493236062973,13.502961079490312,-0.45863966331384165,-7.727496251408105,-7.91474342196058,22.653913377964095,23.30855017125568,23.671102025289528,0.2625,0.5,0.75,0.25,0.75
bbox_expand_2x__bbox_mean__object_depth,leave_one_out,time_of_day__distance_range,,8PM,near,100,40.0,14.142135623730951,77.59263496937552,37.592634969375524,37.64063993964889,1.2507039297374554,0.9410159984912223,40.18533322567593,-7.07430503229307,37.592634969375524,37.64063993964889,57.55859225443839,58.4010598897097,59.134163638848094,0.0,0.0,0.2,1.0,0.0
bbox_expand_2x__bbox_mean__object_depth_percentile_5_95,leave_one_out,weather,clear_sky,,,240,77.5,38.37859646556485,75.62840505190194,30.941308329915323,28.253919048379004,0.6160596182831259,0.3437024640376335,37.36671946412061,0.052036170742660426,-1.8715949480980707,-1.88833562975827,60.90837775517096,67.15352893551692,88.85343681510398,0.1,0.19166666666666668,0.32916666666666666,0.4708333333333333,0.5291666666666667
bbox_expand_2x__bbox_mean__object_depth_percentile_5_95,leave_one_out,weather,light_rain,,,240,77.5,38.37859646556485,79.36678398300619,27.719465938539383,25.578018345553232,0.5725781200879808,0.31059310537926504,32.97571082954705,0.26173861066099713,1.8667839830061799,4.182017010723655,51.644547074379055,57.320123313024666,85.49975185809103,0.08333333333333333,0.19166666666666668,0.4041666666666667,0.5416666666666666,0.4583333333333333
bbox_expand_2x__bbox_mean__object_depth_percentile_5_95,leave_one_out,time_of_day,,10AM,,240,77.5,38.37859646556485,73.45191728538491,30.70281938836515,28.083005663770955,0.5902580848142617,0.34418969645560543,36.34784443318791,0.10302746595356405,-4.048082714615091,-6.175978325387451,58.14352725506039,63.63363034759549,88.85343681510398,0.0625,0.14166666666666666,0.3333333333333333,0.4666666666666667,0.5333333333333333
bbox_expand_2x__bbox_mean__object_depth_percentile_5_95,leave_one_out,time_of_day,,8PM,,240,77.5,38.37859646556485,81.5432717495232,27.957954880089552,25.578018345553232,0.598379653556845,0.2976552081908017,34.095504590561006,0.2107473154500933,4.043271749523202,4.182017010723655,52.17280898405806,61.2048059924692,86.85346035545739,0.12083333333333333,0.24166666666666667,0.4,0.5458333333333333,0.45416666666666666
bbox_expand_2x__bbox_mean__object_depth_percentile_5_95,leave_one_out,distance_range,,,far,120,130.0,14.719601443879744,87.27337606410774,42.72662393589224,43.29054252470574,0.32264958254071174,0.3277990540940354,46.40233013017269,-8.937736499274767,-42.72662393589224,-43.29054252470574,63.16802584671982,74.96147119300781,88.85343681510398,0.008333333333333333,0.058333333333333334,0.11666666666666667,0.0,1.0
bbox_expand_2x__bbox_mean__object_depth_percentile_5_95,leave_one_out,distance_range,,,mid,160,85.0,11.180339887498949,76.48024968093172,15.117951231089089,13.18523703839982,0.17505899047137072,0.15946810416394935,18.54922118005536,-1.7525888510929146,-8.519750319068287,-7.71442468978568,29.917107878532978,35.27437137193819,48.84606546360477,0.2,0.36875,0.69375,0.29375,0.70625
bbox_expand_2x__bbox_mean__object_depth_percentile_5_95,leave_one_out,distance_range,,,near,200,40.0,14.142135623730951,72.44600145867972,32.66259377573903,31.992558847579296,1.0927283441438047,0.7658473524273047,37.593063773175295,-6.066192219270123,32.44600145867971,31.992558847579296,56.56388041343045,64.58068608079299,86.85346035545739,0.055,0.13,0.255,0.98,0.02
bbox_expand_2x__bbox_mean__object_depth_percentile_5_95,leave_one_out,weather__distance_range,clear_sky,,far,60,130.0,14.719601443879744,81.4814540564215,48.518545943578495,46.416866142303554,0.36872330789908275,0.38284819793447333,51.25681347852948,-11.12581966756659,-48.518545943578495,-46.416866142303554,65.64792542475779,80.56829809891777,88.85343681510398,0.0,0.016666666666666666,0.03333333333333333,0.0,1.0
bbox_expand_2x__bbox_mean__object_depth_percentile_5_95,leave_one_out,weather__distance_range,clear_sky,,mid,80,85.0,11.180339887498949,73.68212407650837,14.267418083347717,12.818317475519237,0.16301431000344468,0.15252038803956552,17.365181677928653,-1.4123962776597518,-11.31787592349163,-11.834694149998121,27.96958237835578,32.02295896535102,36.63671315670534,0.2125,0.3625,0.7,0.1875,0.8125
bbox_expand_2x__bbox_mean__object_depth_percentile_5_95,leave_one_out,weather__distance_range,clear_sky,,near,100,40.0,14.142135623730951,73.67360042950504,33.734077958971504,30.72705768125311,1.1268976511372968,0.8103281280155303,39.15936608111863,-6.667279759375321,33.67360042950502,30.72705768125311,62.47767918905387,67.4716027444148,86.85346035545739,0.07,0.16,0.21,0.98,0.02
bbox_expand_2x__bbox_mean__object_depth_percentile_5_95,leave_one_out,weather__distance_range,light_rain,,far,60,130.0,14.719601443879744,93.06529807179403,36.934701928205996,40.73743088942422,0.2765758571823406,0.29744558620836026,40.97671967161725,-6.749653330982944,-36.934701928205996,-40.73743088942422,56.87546611873688,63.16232352287751,85.49975185809103,0.016666666666666666,0.1,0.2,0.0,1.0
bbox_expand_2x__bbox_mean__object_depth_percentile_5_95,leave_one_out,weather__distance_range,light_rain,,mid,80,85.0,11.180339887498949,79.27837528535505,15.968484378830459,13.663297906039858,0.1871036709392967,0.16783474011230784,19.662087327284446,-2.0927814245260765,-5.721624714644941,-5.703579574793629,31.99489678091174,35.96772851761561,48.84606546360477,0.1875,0.375,0.6875,0.4,0.6
bbox_expand_2x__bbox_mean__object_depth_percentile_5_95,leave_one_out,weather__distance_range,light_rain,,near,100,40.0,14.142135623730951,71.21840248785438,31.59110959250655,32.256941902961046,1.0585590371503122,0.7516457559065024,35.958600304141214,-5.465104679164923,31.218402487854384,32.256941902961046,54.1327976472403,58.5152879759439,79.98662362842244,0.04,0.1,0.3,0.98,0.02
bbox_expand_2x__bbox_mean__object_depth_percentile_5_95,leave_one_out,time_of_day__distance_range,,10AM,far,60,130.0,14.719601443879744,82.48132101281722,47.51867898718279,45.23749518042154,0.3602463248889463,0.36833871313552746,50.68588958640836,-10.857197245379597,-47.51867898718279,-45.23749518042154,65.64792542475779,80.56829809891777,88.85343681510398,0.0,0.03333333333333333,0.05,0.0,1.0
bbox_expand_2x__bbox_mean__object_depth_percentile_5_95,leave_one_out,time_of_day__distance_range,,10AM,mid,80,85.0,11.180339887498949,70.42906278552935,17.937866732880707,15.419764052050141,0.20607228520468873,0.1797793763048622,21.20180952203625,-2.5961338160696554,-14.570937214470637,-14.168152088977948,33.79112872637387,36.715400795544724,48.84606546360477,0.125,0.25,0.6125,0.175,0.825
bbox_expand_2x__bbox_mean__object_depth_percentile_5_95,leave_one_out,time_of_day__distance_range,,10AM,near,100,40.0,14.142135623730951,70.45255864880997,30.825265753462137,29.80483740642896,1.0356137804571095,0.740418093090355,35.63353595067205,-5.348744421739187,30.452558648809962,29.80483740642896,55.353066552971256,62.83005855366527,79.98662362842244,0.05,0.12,0.28,0.98,0.02
bbox_expand_2x__bbox_mean__object_depth_percentile_5_95,leave_one_out,time_of_day__distance_range,,8PM,far,60,130.0,14.719601443879744,92.0654311153983,37.93456888460171,40.96201240067827,0.28505284019247706,0.3066848479353552,41.680847878294,-7.0182757531699345,-37.93456888460171,-40.96201240067827,58.089180682761956,62.22542201548453,84.44642352360967,0.016666666666666666,0.08333333333333333,0.18333333333333332,0.0,1.0
bbox_expand_2x__bbox_mean__object_depth_percentile_5_95,leave_one_out,time_of_day__distance_range,,8PM,mid,80,85.0,11.180339887498949,82.53143657633407,12.298035729297471,11.040448186112727,0.1440456957380527,0.12738195916627462,15.447669266414323,-0.9090438861161729,-2.468563423665933,-1.5273106355253816,25.898463542458103,29.279426067028115,35.84968970625364,0.275,0.4875,0.775,0.4125,0.5875
bbox_expand_2x__bbox_mean__object_depth_percentile_5_95,leave_one_out,time_of_day__distance_range,,8PM,near,100,40.0,14.142135623730951,74.43944426854945,34.49992179801592,36.24639889200544,1.1498429078304995,0.8386804340246663,39.45539257643005,-6.783640016801056,34.43944426854945,36.24639889200544,56.6729510859617,66.00441762227356,86.85346035545739,0.06,0.14,0.23,0.98,0.02
bbox_expand_2x__bbox_mean__object_minus_ring,leave_one_out,weather,clear_sky,,,240,77.5,38.37859646556485,74.03048796286785,30.904542148164975,29.744284707485306,0.586932318351104,0.3475628501595103,36.39230974622724,0.10083154150018936,-3.469512037132146,-5.832025798157261,59.25271839033572,67.64590517262839,83.5316157920756,0.058333333333333334,0.14583333333333334,0.3458333333333333,0.4666666666666667,0.5333333333333333
bbox_expand_2x__bbox_mean__object_minus_ring,leave_one_out,weather,light_rain,,,240,77.5,38.37859646556485,80.9184269436761,29.022848004967674,27.082619647217733,0.6101885822402515,0.31483645370702085,34.57452340365135,0.18841459558270923,3.4184269436760855,5.926054485030605,54.67526865380945,63.20443547926171,82.96889438188639,0.09583333333333334,0.19166666666666668,0.39166666666666666,0.5541666666666667,0.44583333333333336
bbox_expand_2x__bbox_mean__object_minus_ring,leave_one_out,time_of_day,,10AM,,240,77.5,38.37859646556485,74.40660288064895,30.3230757843406,28.301388891738895,0.5799737845781782,0.33442663689699714,35.93186244541174,0.12344074310880426,-3.0933971193510446,-6.260600165182481,59.256508711529044,66.59809454841456,83.5316157920756,0.06666666666666667,0.1625,0.36666666666666664,0.475,0.525
bbox_expand_2x__bbox_mean__object_minus_ring,leave_one_out,time_of_day,,8PM,,240,77.5,38.37859646556485,80.54231202589497,29.60431436879205,29.388193044788096,0.6171471160131773,0.331207494109641,35.05280500129755,0.16580539397409422,3.042312025894984,6.708427414608458,57.9193015964448,64.06299647153213,82.96889438188639,0.0875,0.175,0.37083333333333335,0.5458333333333333,0.45416666666666666
bbox_expand_2x__bbox_mean__object_minus_ring,leave_one_out,distance_range,,,far,120,130.0,14.719601443879744,85.56307832978601,44.436921670213984,41.810310080138905,0.334925042674214,0.3318665803606853,47.614219707914934,-9.463602700278129,-44.436921670213984,-41.810310080138905,67.63801937934198,70.67332232619059,83.5316157920756,0.016666666666666666,0.025,0.058333333333333334,0.0,1.0
bbox_expand_2x__bbox_mean__object_minus_ring,leave_one_out,distance_range,,,mid,160,85.0,11.180339887498949,77.72667381446551,13.178582938294124,11.282333221682535,0.15347951843854024,0.13978532282999562,16.7576662127621,-1.2465550151867872,-7.273326185534484,-7.83626146717917,23.741775421128562,31.728521513197666,70.39626478523917,0.2,0.4375,0.83125,0.3375,0.6625
bbox_expand_2x__bbox_mean__object_minus_ring,leave_one_out,distance_range,,,near,200,40.0,14.142135623730951,72.41951183840871,34.70784883099549,33.703347515411004,1.112806440354266,0.8382811688046534,37.931960141167785,-6.194168000755706,32.4195118384087,32.79387621283604,55.270892493922304,61.563835965988055,82.96889438188639,0.015,0.04,0.185,0.955,0.045
bbox_expand_2x__bbox_mean__object_minus_ring,leave_one_out,weather__distance_range,clear_sky,,far,60,130.0,14.719601443879744,82.03878816907155,47.961211830928434,43.42498961980984,0.36350952640238404,0.34620923862192476,50.57256625763774,-10.804235959460733,-47.961211830928434,-43.42498961980984,70.21896641473606,73.85933053372162,83.5316157920756,0.0,0.0,0.016666666666666666,0.0,1.0
bbox_expand_2x__bbox_mean__object_minus_ring,leave_one_out,weather__distance_range,clear_sky,,mid,80,85.0,11.180339887498949,73.96674409400141,15.457066973702183,13.294262834934749,0.17965802881041382,0.15434330641640429,19.834797641567686,-2.1473535798555123,-11.033255905998582,-10.17581691728671,29.67212761045123,38.25000262644115,70.39626478523917,0.1625,0.375,0.75,0.25,0.75
bbox_expand_2x__bbox_mean__object_minus_ring,leave_one_out,weather__distance_range,clear_sky,,near,100,40.0,14.142135623730951,69.27650293423878,33.028520478077134,31.502646939592474,1.0468054251528884,0.7852898091250324,36.45921650394292,-5.64637234040692,29.27650293423877,31.314645871434223,56.46785585185986,59.71848298950126,68.79455492559126,0.01,0.05,0.22,0.92,0.08
bbox_expand_2x__bbox_mean__object_minus_ring,leave_one_out,weather__distance_range,light_rain,,far,60,130.0,14.719601443879744,89.08736849050045,40.91263150949953,38.56304102193662,0.306340558946044,0.3145529060032848,44.45945769916712,-8.122969441095524,-40.91263150949953,-38.56304102193662,65.25407367400297,65.8610267555554,75.32184730703744,0.03333333333333333,0.05,0.1,0.0,1.0
bbox_expand_2x__bbox_mean__object_minus_ring,leave_one_out,weather__distance_range,light_rain,,mid,80,85.0,11.180339887498949,81.48660353492963,10.900098902886068,9.946917716933825,0.12730100806666667,0.11788457085933192,12.969948200157077,-0.3457564505180626,-3.513396465070385,-3.0247328772158397,19.723766157405446,21.982066299351924,36.99691369982084,0.2375,0.5,0.9125,0.425,0.575
bbox_expand_2x__bbox_mean__object_minus_ring,leave_one_out,weather__distance_range,light_rain,,near,100,40.0,14.142135623730951,75.56252074257864,36.38717718391384,36.364906075601894,1.1788074555556438,0.8807703250391723,39.349621754483216,-6.741963661104493,35.56252074257864,35.99019237751158,54.675268653809454,61.59932166011501,82.96889438188639,0.02,0.03,0.15,0.99,0.01
bbox_expand_2x__bbox_mean__object_minus_ring,leave_one_out,time_of_day__distance_range,,10AM,far,60,130.0,14.719601443879744,82.78654519237992,47.21345480762009,45.199312953194394,0.35713145033222393,0.3601938968368774,50.31042547232139,-10.682179590181562,-47.21345480762009,-45.199312953194394,70.21896641473606,75.4319818967976,83.5316157920756,0.016666666666666666,0.016666666666666666,0.03333333333333333,0.0,1.0
bbox_expand_2x__bbox_mean__object_minus_ring,leave_one_out,time_of_day__distance_range,,10AM,mid,80,85.0,11.180339887498949,73.12377449328616,15.167251376171844,13.710647653513199,0.1750200149161089,0.1559477863353158,19.047873882877994,-1.9025719956642044,-11.876225506713848,-12.497647040996512,28.004285407968776,36.24834506340326,70.39626478523917,0.15,0.4,0.75,0.2375,0.7625
bbox_expand_2x__bbox_mean__object_minus_ring,leave_one_out,time_of_day__distance_range,,10AM,near,100,40.0,14.142135623730951,70.40490020350062,32.313507896907915,32.09683456531003,1.037642200855406,0.8067567448818356,35.912343655355514,-5.448482134101767,30.40490020350062,31.728658887641615,53.208499638289794,56.6683356906298,71.71465136974331,0.03,0.06,0.26,0.95,0.05
bbox_expand_2x__bbox_mean__object_minus_ring,leave_one_out,time_of_day__distance_range,,8PM,far,60,130.0,14.719601443879744,88.3396114671921,41.6603885328079,38.72237722643826,0.312718635016204,0.31519538530896696,44.755881463570624,-8.245025810374697,-41.6603885328079,-38.72237722643826,65.41752539136166,67.92023262647828,73.66642481958904,0.016666666666666666,0.03333333333333333,0.08333333333333333,0.0,1.0
bbox_expand_2x__bbox_mean__object_minus_ring,leave_one_out,time_of_day__distance_range,,8PM,mid,80,85.0,11.180339887498949,82.32957313564489,11.189914500416403,10.29014212854537,0.13193902196097157,0.12876336907280955,14.100257243705567,-0.5905380347093703,-2.6704268643551177,-1.3602514561139216,19.630389913690628,23.72899571001908,52.58222380324795,0.25,0.475,0.9125,0.4375,0.5625
bbox_expand_2x__bbox_mean__object_minus_ring,leave_one_out,time_of_day__distance_range,,8PM,near,100,40.0,14.142135623730951,74.43412347331679,37.10218976508306,35.74520915803815,1.1879706798531258,0.8760628712697172,39.84935097943164,-6.939853867409646,34.43412347331679,35.143047515296765,57.9193015964448,62.14329109065442,82.96889438188639,0.0,0.02,0.11,0.96,0.04
bbox_expand_2x__bbox_mean__object_minus_ring_normalized,leave_one_out,weather,clear_sky,,,240,77.5,38.37859646556485,74.10165397089776,30.864913664172327,29.556209949944787,0.5924553228973017,0.3455712331268024,36.49894170682649,0.09555457150665803,-3.398346029102254,-3.171825312979461,57.7037127926611,68.05499301486056,82.49728332634916,0.07916666666666666,0.1625,0.3333333333333333,0.4708333333333333,0.5291666666666667
bbox_expand_2x__bbox_mean__object_minus_ring_normalized,leave_one_out,weather,light_rain,,,240,77.5,38.37859646556485,80.88536955218815,27.503823351225364,26.794690485555982,0.5759351208340231,0.3026631093987606,33.145293640978,0.2541258338579985,3.385369552188151,5.3032447492125385,51.67067087681685,58.129608652319924,97.2194390233742,0.10416666666666667,0.21666666666666667,0.4,0.5541666666666667,0.44583333333333336
bbox_expand_2x__bbox_mean__object_minus_ring_normalized,leave_one_out,time_of_day,,10AM,,240,77.5,38.37859646556485,73.20057718322778,30.378653073937677,28.69314160994966,0.5758446651806025,0.3472947315347055,35.89988254228959,0.12500035085701455,-4.299422816772223,-4.238812586204336,54.65637265699824,65.60917132217008,97.2194390233742,0.07916666666666666,0.15416666666666667,0.35,0.4708333333333333,0.5291666666666667
bbox_expand_2x__bbox_mean__object_minus_ring_normalized,leave_one_out,time_of_day,,8PM,,240,77.5,38.37859646556485,81.78644633985813,27.990083941460014,26.998894345299107,0.5925457785507222,0.30873242406704315,33.79321928604592,0.22468005450764184,4.2864463398581245,5.90358567203598,56.07671558389955,62.11851615705017,82.49728332634916,0.10416666666666667,0.225,0.38333333333333336,0.5541666666666667,0.44583333333333336
bbox_expand_2x__bbox_mean__object_minus_ring_normalized,leave_one_out,distance_range,,,far,120,130.0,14.719601443879744,88.01050602099505,42.02413693731255,40.76588581397595,0.317285833026038,0.32892894563055347,45.89992511121675,-8.723706731762949,-41.98949397900496,-40.76588581397595,67.41934240052639,71.85383043363117,85.78664972961916,0.025,0.075,0.13333333333333333,0.008333333333333333,0.9916666666666667
bbox_expand_2x__bbox_mean__object_minus_ring_normalized,leave_one_out,distance_range,,,mid,160,85.0,11.180339887498949,76.64127176199396,15.53507255016272,13.293127727440456,0.18157353893070907,0.15382883112983659,19.407817552981378,-2.0133070573584964,-8.35872823800604,-9.014541777331985,29.613710970137344,35.91536968540362,53.92648700364115,0.19375,0.3875,0.6625,0.3375,0.6625
bbox_expand_2x__bbox_mean__object_minus_ring_normalized,leave_one_out,distance_range,,,near,200,40.0,14.142135623730951,71.86510720551088,32.39994421595953,32.047985864291604,1.0664382015173999,0.8145923261425143,36.76312422323403,-5.757636513264684,31.865107205510885,32.047985864291604,55.35947851830992,61.8074973393316,97.2194390233742,0.05,0.1,0.27,0.955,0.045
bbox_expand_2x__bbox_mean__object_minus_ring_normalized,leave_one_out,weather__distance_range,clear_sky,,far,60,130.0,14.719601443879744,81.88487193706632,48.115128062933685,45.36334167076224,0.36528168121978016,0.36154377678451144,50.69290890443318,-10.860481599353053,-48.115128062933685,-45.36334167076224,70.6380600289937,73.17902621287512,81.02185182651758,0.0,0.0,0.016666666666666666,0.0,1.0
bbox_expand_2x__bbox_mean__object_minus_ring_normalized,leave_one_out,weather__distance_range,clear_sky,,mid,80,85.0,11.180339887498949,72.35524824366482,17.017995499942906,15.672762962042889,0.1991937530075219,0.1947928049053878,20.716300225758754,-2.4333207603501776,-12.644751756335193,-12.166769196300628,33.75574664401045,39.5681640933635,53.92648700364115,0.15,0.3375,0.6125,0.225,0.775
bbox_expand_2x__bbox_mean__object_minus_ring_normalized,leave_one_out,weather__distance_range,clear_sky,,near,100,40.0,14.142135623730951,70.82884777298295,31.59231955629905,30.997017581363977,1.0433687638156386,0.8019117909468318,36.22181532961938,-5.560099528865249,30.828847772982964,30.997017581363977,56.26248346048604,61.99438602992775,82.49728332634916,0.07,0.12,0.3,0.95,0.05
bbox_expand_2x__bbox_mean__object_minus_ring_normalized,leave_one_out,weather__distance_range,light_rain,,far,60,130.0,14.719601443879744,94.13614010492377,35.93314581169141,35.86037055497464,0.2692899848322959,0.2791075862664344,40.54423802758477,-6.58693186417285,-35.86385989507623,-35.86037055497464,57.12205049199408,62.312703637806344,85.78664972961916,0.05,0.15,0.25,0.016666666666666666,0.9833333333333333
bbox_expand_2x__bbox_mean__object_minus_ring_normalized,leave_one_out,weather__distance_range,light_rain,,mid,80,85.0,11.180339887498949,80.92729528032312,14.052149600382538,11.658541808988993,0.16395332485389624,0.14210503899693205,18.004490253707594,-1.5932933543668142,-4.072704719676885,-1.0958088395478285,28.111606517512612,32.17267222386339,50.7711676194277,0.2375,0.4375,0.7125,0.45,0.55
bbox_expand_2x__bbox_mean__object_minus_ring_normalized,leave_one_out,weather__distance_range,light_rain,,near,100,40.0,14.142135623730951,72.90136663803881,33.207568875620005,33.82789843958514,1.089507639219161,0.8145923261425143,37.29657758471711,-5.955173497664116,32.90136663803881,33.82789843958514,52.404594185137995,61.74920356171254,97.2194390233742,0.03,0.08,0.24,0.96,0.04
bbox_expand_2x__bbox_mean__object_minus_ring_normalized,leave_one_out,time_of_day__distance_range,,10AM,far,60,130.0,14.719601443879744,83.53078932649171,46.53849659012348,45.165236929641544,0.35391948305367527,0.35902575143611554,49.53320455822827,-10.324023171418244,-46.46921067350831,-45.165236929641544,68.8517371198698,73.21480007235594,85.78664972961916,0.016666666666666666,0.03333333333333333,0.06666666666666667,0.016666666666666666,0.9833333333333333
bbox_expand_2x__bbox_mean__object_minus_ring_normalized,leave_one_out,time_of_day__distance_range,,10AM,mid,80,85.0,11.180339887498949,70.0152301544538,18.641338759610022,18.597699325755052,0.2163299106318337,0.2047071371195306,22.44973705074229,-3.0319255491797694,-14.9847698455462,-17.388125040919647,33.76495877740774,46.96163477823152,53.92648700364115,0.125,0.2625,0.575,0.225,0.775
bbox_expand_2x__bbox_mean__object_minus_ring_normalized,leave_one_out,time_of_day__distance_range,,10AM,near,100,40.0,14.142135623730951,69.55072752028859,30.07259841568833,30.71835476573643,0.996611578095774,0.7458342413163986,34.897108655562064,-5.0890409625905235,29.550727520288607,30.71835476573643,50.20410498198439,56.580627363914786,97.2194390233742,0.08,0.14,0.34,0.94,0.06
bbox_expand_2x__bbox_mean__object_minus_ring_normalized,leave_one_out,time_of_day__distance_range,,8PM,far,60,130.0,14.719601443879744,92.49022271549839,37.509777284501624,35.057527640164245,0.2806521829984007,0.2969008031368929,41.953163130130314,-7.123390292107656,-37.509777284501624,-35.057527640164245,65.24955279470774,69.35081701579094,79.49205808788724,0.03333333333333333,0.11666666666666667,0.2,0.0,1.0
bbox_expand_2x__bbox_mean__object_minus_ring_normalized,leave_one_out,time_of_day__distance_range,,8PM,mid,80,85.0,11.180339887498949,83.26731336953412,12.42880634071542,9.537731768424358,0.14681716722958438,0.1151186349871122,15.790379054733068,-0.9946885655372222,-1.7326866304658808,-1.3351652368834337,25.363917996211583,29.633421769700238,39.45904038080754,0.2625,0.5125,0.75,0.45,0.55
bbox_expand_2x__bbox_mean__object_minus_ring_normalized,leave_one_out,time_of_day__distance_range,,8PM,near,100,40.0,14.142135623730951,74.17948689073317,34.727290016230725,33.557522456843365,1.1362648249390255,0.8252002292483203,38.53889480495994,-6.426232063938841,34.17948689073317,33.557522456843365,57.51678668521218,61.808603921155864,82.49728332634916,0.02,0.06,0.2,0.97,0.03
bbox_expand_2x__bbox_midpoint__object_depth,leave_one_out,weather,clear_sky,,,240,77.5,38.37859646556485,74.20808408757927,28.838940881561886,24.78477308147795,0.5327710157501768,0.3185620818962232,35.34803178913566,0.1516944714914319,-3.2919159124207265,-3.5561214520982745,60.83016149194765,67.07579216286352,78.2333541731669,0.12916666666666668,0.2125,0.4166666666666667,0.4375,0.5625
bbox_expand_2x__bbox_midpoint__object_depth,leave_one_out,weather,light_rain,,,240,77.5,38.37859646556485,80.79416010269155,27.9672164876733,25.312873675600883,0.5706248056201897,0.3113538846994808,33.7179483648596,0.22813009882749313,3.2941601026915466,4.965253684262947,54.704670748018145,62.61219994364279,75.97880449209504,0.12083333333333333,0.2125,0.4083333333333333,0.5583333333333333,0.44166666666666665
bbox_expand_2x__bbox_midpoint__object_depth,leave_one_out,time_of_day,,10AM,,240,77.5,38.37859646556485,75.56909163408797,28.34283486697331,25.327589527281106,0.5280171380844226,0.3155034931933311,34.83308534611354,0.17623049410152403,-1.930908365912046,-2.9761624092620025,59.326629155115285,66.31092487123404,78.2333541731669,0.13333333333333333,0.22916666666666666,0.425,0.4666666666666667,0.5333333333333333
bbox_expand_2x__bbox_midpoint__object_depth,leave_one_out,time_of_day,,8PM,,240,77.5,38.37859646556485,79.43315255618288,28.463322502261878,24.383509424232074,0.5753786832859438,0.31350253476527873,34.24966508699688,0.2035940762174011,1.933152556182866,2.7136451836614555,56.64175919635409,63.04235857487004,75.97880449209504,0.11666666666666667,0.19583333333333333,0.4,0.5291666666666667,0.4708333333333333
bbox_expand_2x__bbox_midpoint__object_depth,leave_one_out,distance_range,,,far,120,130.0,14.719601443879744,86.83407124363512,43.165928756364885,42.262699326467924,0.3242353076555767,0.33330603213002663,46.64222935891207,-9.040757967243193,-43.165928756364885,-42.262699326467924,66.01605954664448,69.7882300623846,78.2333541731669,0.008333333333333333,0.016666666666666666,0.10833333333333334,0.0,1.0
bbox_expand_2x__bbox_midpoint__object_depth,leave_one_out,distance_range,,,mid,160,85.0,11.180339887498949,78.64207014715365,12.444276360947173,10.348357811197545,0.14620713904818344,0.12942985410233104,15.51638058625797,-0.9260645319808261,-6.3579298528463575,-5.828090876159536,24.856140378702015,30.23178186015909,47.53637888700814,0.275,0.48125,0.8,0.3375,0.6625
bbox_expand_2x__bbox_midpoint__object_depth,leave_one_out,distance_range,,,near,200,40.0,14.142135623730951,70.98859416442102,32.31241050050556,31.831535737766913,1.0125680898125469,0.809178080563882,36.9561237553616,-5.828775415108011,30.988594164421006,31.831535737766913,53.72579313662113,63.81073844773336,76.5009648767909,0.075,0.115,0.285,0.925,0.075
bbox_expand_2x__bbox_midpoint__object_depth,leave_one_out,weather__distance_range,clear_sky,,far,60,130.0,14.719601443879744,83.4722862126146,46.5277137873854,46.77251356079635,0.35076975176861586,0.3859292412411954,49.5719249544598,-10.3417342016489,-46.5277137873854,-46.77251356079635,69.34672655532592,70.54915897253035,78.2333541731669,0.0,0.0,0.08333333333333333,0.0,1.0
bbox_expand_2x__bbox_midpoint__object_depth,leave_one_out,weather__distance_range,clear_sky,,mid,80,85.0,11.180339887498949,75.1913119232901,13.782563107971134,12.77606217578468,0.16052208102077173,0.1420856201305261,16.938966232113714,-1.2954286161015087,-9.80868807670991,-9.735948210335138,25.23811099631074,30.26938471097287,47.53637888700814,0.25,0.425,0.7375,0.2125,0.7875
bbox_expand_2x__bbox_midpoint__object_depth,leave_one_out,weather__distance_range,clear_sky,,near,100,40.0,14.142135623730951,67.86298054398942,30.270779356940373,27.89057917972245,0.9397709219226374,0.6487455783591346,35.983214634788816,-5.473958677266401,27.86298054398942,27.89057917972245,55.96908366349444,64.38537060466732,76.5009648767909,0.11,0.17,0.36,0.88,0.12
bbox_expand_2x__bbox_midpoint__object_depth,leave_one_out,weather__distance_range,light_rain,,far,60,130.0,14.719601443879744,90.19585627465563,39.80414372534437,38.9192355874351,0.29770086354253766,0.3070793655154559,43.51573710105485,-7.739781732837486,-39.80414372534437,-38.9192355874351,64.60332464356304,66.17120030929712,69.77492671749786,0.016666666666666666,0.03333333333333333,0.13333333333333333,0.0,1.0
bbox_expand_2x__bbox_midpoint__object_depth,leave_one_out,weather__distance_range,light_rain,,mid,80,85.0,11.180339887498949,82.09282837101719,11.10598961392321,8.976128188703399,0.1318921970755952,0.1080182557011092,13.949464361849811,-0.5567004478601438,-2.907171628982808,-1.303047053266397,23.1585500010865,27.760003106697692,34.55856317550899,0.3,0.5375,0.8625,0.4625,0.5375
bbox_expand_2x__bbox_midpoint__object_depth,leave_one_out,weather__distance_range,light_rain,,near,100,40.0,14.142135623730951,74.11420778485257,34.35404164407073,33.9442188979972,1.0853652577024562,0.8873160851616773,37.90406878674008,-6.183592152949621,34.11420778485259,33.9442188979972,52.67174151675335,60.17597549885191,75.97880449209504,0.04,0.06,0.21,0.97,0.03
bbox_expand_2x__bbox_midpoint__object_depth,leave_one_out,time_of_day__distance_range,,10AM,far,60,130.0,14.719601443879744,85.56172152618925,44.43827847381077,44.08378899495807,0.33382902647541024,0.3353151064658494,48.120645577739296,-9.687368603777232,-44.43827847381077,-44.08378899495807,67.92553685446741,70.54915897253035,78.2333541731669,0.0,0.016666666666666666,0.13333333333333333,0.0,1.0
bbox_expand_2x__bbox_midpoint__object_depth,leave_one_out,time_of_day__distance_range,,10AM,mid,80,85.0,11.180339887498949,76.66105419533258,13.39770408711233,10.265630216369765,0.15681648268453818,0.13296777359176426,16.99686017355451,-1.3111460460749074,-8.338945804667414,-8.187336714024227,28.801247825486335,32.64967519458716,47.53637888700814,0.275,0.4875,0.7625,0.3,0.7
bbox_expand_2x__bbox_midpoint__object_depth,leave_one_out,time_of_day__distance_range,,10AM,near,100,40.0,14.142135623730951,68.6999436498315,30.64167332675961,28.102286998035765,0.9414905293697379,0.7245821400690029,35.93817858841182,-5.45776340126291,28.699943649831486,28.102286998035765,53.72579313662114,64.3510237173762,76.5009648767909,0.1,0.15,0.33,0.88,0.12
bbox_expand_2x__bbox_midpoint__object_depth,leave_one_out,time_of_day__distance_range,,8PM,far,60,130.0,14.719601443879744,88.106420961081,41.893579038919,41.66325401625333,0.3146415888357433,0.33330603213002663,45.11539192249487,-8.39414733070915,-41.893579038919,-41.66325401625333,63.90984810475873,66.28347674239522,70.0409936152326,0.016666666666666666,0.016666666666666666,0.08333333333333333,0.0,1.0
bbox_expand_2x__bbox_midpoint__object_depth,leave_one_out,time_of_day__distance_range,,8PM,mid,80,85.0,11.180339887498949,80.62308609897471,11.490848634782017,10.348357811197545,0.13559779541182876,0.12339295690155455,13.878864407286468,-0.540983017886745,-4.3769139010253015,-3.1133136447378007,22.154615530599926,23.772008099534087,31.926741561544787,0.275,0.475,0.8375,0.375,0.625
bbox_expand_2x__bbox_midpoint__object_depth,leave_one_out,time_of_day__distance_range,,8PM,near,100,40.0,14.142135623730951,73.27724467901052,33.9831476742515,33.7985800216195,1.0836456502553558,0.9004923845980418,37.94677174399191,-6.1997874289531145,33.27724467901052,33.7985800216195,53.856251964580714,60.97064197336155,75.97880449209504,0.05,0.08,0.24,0.97,0.03
bbox_expand_2x__bbox_midpoint__object_depth_percentile_5_95,leave_one_out,weather,clear_sky,,,240,77.5,38.37859646556485,75.83516047387381,31.27192775545434,29.832691663295865,0.6165296815863527,0.3281183814978074,37.1676676275368,0.06210884285982643,-1.664839526126184,-3.132655986790965,57.47144055915523,66.2776787015115,93.12438327031026,0.07083333333333333,0.14583333333333334,0.35833333333333334,0.48333333333333334,0.5166666666666667
bbox_expand_2x__bbox_midpoint__object_depth_percentile_5_95,leave_one_out,weather,light_rain,,,240,77.5,38.37859646556485,79.16703953134987,26.45452097073996,23.83935934151277,0.544271547928266,0.28600516043124397,32.01092242890657,0.30430609012765564,1.6670395313498658,3.335792752199648,47.278979318360314,58.207757932028386,83.50686112031212,0.09583333333333334,0.22083333333333333,0.42916666666666664,0.5458333333333333,0.45416666666666666
bbox_expand_2x__bbox_midpoint__object_depth_percentile_5_95,leave_one_out,time_of_day,,10AM,,240,77.5,38.37859646556485,72.84006466264238,30.094312305094093,29.699530960021818,0.5661081794924928,0.33105612994974143,36.14575486104356,0.11297385382201741,-4.659935337357608,-6.128730253874146,57.24449780957056,66.2776787015115,90.05267709536872,0.075,0.17916666666666667,0.375,0.475,0.525
bbox_expand_2x__bbox_midpoint__object_depth_percentile_5_95,leave_one_out,time_of_day,,8PM,,240,77.5,38.37859646556485,82.16213534258128,27.632136421100213,26.071535376495042,0.5946930500221258,0.28592904678194453,33.160504778212704,0.25344107916546477,4.662135342581288,5.39354706468886,49.81552569002426,58.983347729932476,93.12438327031026,0.09166666666666666,0.1875,0.4125,0.5541666666666667,0.44583333333333336
bbox_expand_2x__bbox_midpoint__object_depth_percentile_5_95,leave_one_out,distance_range,,,far,120,130.0,14.719601443879744,89.40176813804236,40.598231861957636,40.32121938165898,0.3057691220483585,0.30346613286640894,45.25305874189672,-8.451566117681026,-40.598231861957636,-40.32121938165898,64.94533317874706,76.86773177774577,90.05267709536872,0.041666666666666664,0.08333333333333333,0.15833333333333333,0.0,1.0
bbox_expand_2x__bbox_midpoint__object_depth_percentile_5_95,leave_one_out,distance_range,,,mid,160,85.0,11.180339887498949,76.0020834053237,16.691108693843187,15.435441315906523,0.19399612072800226,0.1769307854261047,19.457709998150772,-2.028819826977092,-8.997916594676289,-9.70917656217938,29.795051695476722,37.50559141287987,39.83798926212539,0.1,0.35625,0.725,0.29375,0.70625
bbox_expand_2x__bbox_midpoint__object_depth_percentile_5_95,leave_one_out,distance_range,,,near,200,40.0,14.142135623730951,71.55991239918403,31.559912399184032,30.462573704415284,1.0543031056061256,0.8616550982128388,36.82086403044316,-5.778880139741916,31.559912399184032,30.462573704415284,54.780439374673065,65.195285664592,93.12438327031026,0.095,0.105,0.27,1.0,0.0
bbox_expand_2x__bbox_midpoint__object_depth_percentile_5_95,leave_one_out,weather__distance_range,clear_sky,,far,60,130.0,14.719601443879744,84.0175317203204,45.98246827967962,42.75785674878868,0.3489184504636292,0.3307253520469811,49.47123027426228,-10.295704422380393,-45.98246827967962,-42.75785674878868,68.08793287229555,85.07566450606907,90.05267709536872,0.0,0.016666666666666666,0.05,0.0,1.0
bbox_expand_2x__bbox_midpoint__object_depth_percentile_5_95,leave_one_out,weather__distance_range,clear_sky,,mid,80,85.0,11.180339887498949,72.74546535793696,17.582064783159108,17.517225680741397,0.20376079320974272,0.20411002798811873,20.054144596637567,-2.2173497240227817,-12.254534642063053,-14.734471003316358,29.795051695476722,37.50559141287991,39.83798926212539,0.0875,0.2875,0.7,0.2,0.8
bbox_expand_2x__bbox_midpoint__object_depth_percentile_5_95,leave_one_out,weather__distance_range,clear_sky,,near,100,40.0,14.142135623730951,73.39749381875535,33.39749381875536,32.790422502543024,1.1073115309612747,0.9467094362172603,39.05468849163676,-6.6263434658939255,33.39749381875536,32.790422502543024,59.27070786886769,66.27816635352988,93.12438327031026,0.1,0.11,0.27,1.0,0.0
bbox_expand_2x__bbox_midpoint__object_depth_percentile_5_95,leave_one_out,weather__distance_range,light_rain,,far,60,130.0,14.719601443879744,94.78600455576435,35.213995444235664,35.790133324465316,0.2626197936330877,0.2554660754144384,40.5989658260654,-6.60742781298166,-35.213995444235664,-35.790133324465316,62.55615509452478,70.05644894206033,82.08627493176672,0.08333333333333333,0.15,0.26666666666666666,0.0,1.0
bbox_expand_2x__bbox_midpoint__object_depth_percentile_5_95,leave_one_out,weather__distance_range,light_rain,,mid,80,85.0,11.180339887498949,79.25870145271047,15.800152604527264,12.235586604171147,0.18423144824626184,0.1506976595142863,18.842405399561525,-1.8402899299314028,-5.741298547289525,-9.029600687933872,29.795051695476737,33.55294302164716,39.83798926212537,0.1125,0.425,0.75,0.3875,0.6125
bbox_expand_2x__bbox_midpoint__object_depth_percentile_5_95,leave_one_out,weather__distance_range,light_rain,,near,100,40.0,14.142135623730951,69.72233097961269,29.722330979612693,30.462573704415284,1.0012946802509763,0.7863810431561515,34.44246452735317,-4.931416813589905,29.722330979612693,30.462573704415284,46.29828808253115,57.159536608179835,83.50686112031212,0.09,0.1,0.27,1.0,0.0
bbox_expand_2x__bbox_midpoint__object_depth_percentile_5_95,leave_one_out,time_of_day__distance_range,,10AM,far,60,130.0,14.719601443879744,81.80354095695144,48.19645904304855,49.14122509922248,0.3648825143893456,0.3638503940258506,52.02419142244359,-11.491614583811016,-48.19645904304855,-49.14122509922248,74.28711869997758,82.2265287909401,90.05267709536872,0.016666666666666666,0.016666666666666666,0.08333333333333333,0.0,1.0
bbox_expand_2x__bbox_midpoint__object_depth_percentile_5_95,leave_one_out,time_of_day__distance_range,,10AM,mid,80,85.0,11.180339887498949,71.2445491672469,18.212603530029167,19.101161221313717,0.20976930819864412,0.21391363051995185,21.113109846099576,-2.5661072589877354,-13.755450832753098,-14.780485779614438,30.643173176863215,39.83798926212537,39.83798926212537,0.075,0.3625,0.675,0.175,0.825
bbox_expand_2x__bbox_midpoint__object_depth_percentile_5_95,leave_one_out,time_of_day__distance_range,,10AM,near,100,40.0,14.142135623730951,68.73839128237336,28.73839128237335,30.462573704415277,0.9719146755894603,0.7681205476357481,33.987009355707706,-4.7755840247248145,28.73839128237335,30.462573704415277,52.732721353584395,59.453602953211565,83.01328368704282,0.11,0.13,0.31,1.0,0.0
bbox_expand_2x__bbox_midpoint__object_depth_percentile_5_95,leave_one_out,time_of_day__distance_range,,8PM,far,60,130.0,14.719601443879744,96.99999531913328,33.00000468086672,36.6244255664349,0.24665572970737135,0.25760404479902355,37.27146573232743,-5.411517651551035,-33.00000468086672,-36.6244255664349,50.91662524280852,55.48150634513515,90.05267709536872,0.06666666666666667,0.15,0.23333333333333334,0.0,1.0
bbox_expand_2x__bbox_midpoint__object_depth_percentile_5_95,leave_one_out,time_of_day__distance_range,,8PM,mid,80,85.0,11.180339887498949,80.75961764340052,15.169613857657207,13.97327644657895,0.17822293325736047,0.15564632501976,17.647706632047296,-1.4915323949664487,-4.240382356599481,-8.852737199781146,28.944666574450352,29.928188399238188,39.83798926212539,0.125,0.35,0.775,0.4125,0.5875
bbox_expand_2x__bbox_midpoint__object_depth_percentile_5_95,leave_one_out,time_of_day__distance_range,,8PM,near,100,40.0,14.142135623730951,74.3814335159947,34.38143351599471,34.299968441403,1.1366915356227907,0.9523042349443818,39.45168248569132,-6.782176254759017,34.38143351599471,34.299968441403,58.58418959225014,70.1983683939296,93.12438327031026,0.08,0.08,0.23,1.0,0.0
bbox_expand_2x__bbox_midpoint__object_minus_ring,leave_one_out,weather,clear_sky,,,240,77.5,38.37859646556485,74.08989340115154,29.070621217480426,25.41363911480739,0.5319835472322578,0.3146362478156466,35.056498991458675,0.16562956387792271,-3.410106598848457,-6.528381982535766,59.09550320139739,66.42121107556869,83.35534930902378,0.09166666666666666,0.1875,0.37083333333333335,0.44166666666666665,0.5583333333333333
bbox_expand_2x__bbox_midpoint__object_minus_ring,leave_one_out,weather,light_rain,,,240,77.5,38.37859646556485,80.8849876329593,26.76091087077877,24.62672461314793,0.5456650159913473,0.2859550148342447,32.265098386293246,0.2932142072686733,3.3849876329592994,5.267627659674908,55.19443572267495,58.481381538742774,72.67162381962186,0.10416666666666667,0.21666666666666667,0.4083333333333333,0.5666666666666667,0.43333333333333335
bbox_expand_2x__bbox_midpoint__object_minus_ring,leave_one_out,time_of_day,,10AM,,240,77.5,38.37859646556485,73.33805825335416,28.28915170292432,25.20677905522519,0.508599351259824,0.3215283393782476,34.441675644332115,0.19463941984313682,-4.161941746645838,-4.741418925027105,57.980890309009595,64.22171315210511,83.35534930902378,0.13333333333333333,0.20416666666666666,0.38333333333333336,0.45,0.55
bbox_expand_2x__bbox_midpoint__object_minus_ring,leave_one_out,time_of_day,,8PM,,240,77.5,38.37859646556485,81.63682278075667,27.54238038533487,24.45980882938304,0.5690492119637811,0.28401895059811066,32.92059650471034,0.2642043513034593,4.13682278075668,6.7541322291223835,55.55343997650974,59.780182503660136,74.50899276702599,0.0625,0.2,0.3958333333333333,0.5583333333333333,0.44166666666666665
bbox_expand_2x__bbox_midpoint__object_minus_ring,leave_one_out,distance_range,,,far,120,130.0,14.719601443879744,89.0504337966649,40.94956620333508,37.096841263361256,0.30779756117268564,0.3038258089391489,44.10185473883915,-7.976801191103089,-40.94956620333508,-37.096841263361256,62.07953359909642,66.42121107556869,83.35534930902378,0.0,0.016666666666666666,0.075,0.0,1.0
bbox_expand_2x__bbox_midpoint__object_minus_ring,leave_one_out,distance_range,,,mid,160,85.0,11.180339887498949,78.93944423968193,13.859001091617174,11.197741950814759,0.16645775040965674,0.13871889517729646,17.556659776490754,-1.4658904200595866,-6.060555760318057,-6.830600047941282,25.929267065875035,29.09324081962411,71.93960899235094,0.2,0.44375,0.73125,0.3625,0.6375
bbox_expand_2x__bbox_midpoint__object_minus_ring,leave_one_out,distance_range,,,near,200,40.0,14.142135623730951,69.38804157118851,31.340897910616242,30.210498033331497,0.9753335388369894,0.7500633055638997,36.1997298007738,-5.552102188245155,29.38804157118851,30.02803468269863,56.245273305516434,64.54891022887654,74.50899276702599,0.075,0.12,0.305,0.92,0.08
bbox_expand_2x__bbox_midpoint__object_minus_ring,leave_one_out,weather__distance_range,clear_sky,,far,60,130.0,14.719601443879744,86.007476088121,43.99252391187901,40.207810534805645,0.3323299461831042,0.3243812533832885,46.86605806273952,-9.137357223108026,-43.99252391187901,-40.207810534805645,66.42656307664478,72.7187820555048,83.35534930902378,0.0,0.0,0.016666666666666666,0.0,1.0
bbox_expand_2x__bbox_midpoint__object_minus_ring,leave_one_out,weather__distance_range,clear_sky,,mid,80,85.0,11.180339887498949,74.62455931525703,17.080218318433815,14.214949984364296,0.2062859755317235,0.16539558212392802,21.238715614992433,-2.6086643277961876,-10.375440684742966,-9.89806814763353,28.32958464353283,41.91112643713964,71.93960899235094,0.1375,0.35,0.6125,0.2375,0.7625
bbox_expand_2x__bbox_midpoint__object_minus_ring,leave_one_out,weather__distance_range,clear_sky,,near,100,40.0,14.142135623730951,66.51161105768549,29.709801920078572,28.02941409445328,0.9123337652221774,0.6547015947619672,35.64795393718804,-5.353883099539403,26.51161105768548,27.27799342556174,56.988948760950194,64.65121759492882,74.50899276702599,0.11,0.17,0.39,0.87,0.13
bbox_expand_2x__bbox_midpoint__object_minus_ring,leave_one_out,weather__distance_range,light_rain,,far,60,130.0,14.719601443879744,92.09339150520883,37.90660849479118,33.76954762246301,0.28326517616226715,0.27015638097970407,41.15239706835151,-6.816245159098151,-37.90660849479118,-33.76954762246301,58.46507286595767,61.85774312867777,64.38102680900548,0.0,0.03333333333333333,0.13333333333333333,0.0,1.0
bbox_expand_2x__bbox_midpoint__object_minus_ring,leave_one_out,weather__distance_range,light_rain,,mid,80,85.0,11.180339887498949,83.25432916410685,10.63778386480053,9.336696592591082,0.12662952528758997,0.10674695377627266,12.860387398534042,-0.32311651232298577,-1.7456708358931476,-0.7599867016468735,21.964016345207625,24.842241679418983,29.484447815495457,0.2625,0.5375,0.85,0.4875,0.5125
bbox_expand_2x__bbox_midpoint__object_minus_ring,leave_one_out,weather__distance_range,light_rain,,near,100,40.0,14.142135623730951,72.26447208469155,32.9719939011539,31.617441368829148,1.0383333124518017,0.7736030745206521,36.74322053644974,-5.750321276950909,32.26447208469154,31.617441368829148,51.20132742264666,62.69503016601166,72.67162381962186,0.04,0.07,0.22,0.97,0.03
bbox_expand_2x__bbox_midpoint__object_minus_ring,leave_one_out,time_of_day__distance_range,,10AM,far,60,130.0,14.719601443879744,85.33731293729144,44.66268706270855,42.42509508453263,0.3370906990674456,0.3388503707387114,47.73271053090959,-9.515746098281268,-44.66268706270855,-42.42509508453263,64.98353676362905,69.9584296210375,83.35534930902378,0.0,0.016666666666666666,0.05,0.0,1.0
bbox_expand_2x__bbox_midpoint__object_minus_ring,leave_one_out,time_of_day__distance_range,,10AM,mid,80,85.0,11.180339887498949,73.68182624483767,15.996108224850904,13.28191036026125,0.19125336072697458,0.158960196134653,20.65853725020277,-2.414201290544124,-11.318173755162325,-10.050872999088938,28.32958464353283,40.46863281311954,71.93960899235094,0.2375,0.375,0.625,0.225,0.775
bbox_expand_2x__bbox_midpoint__object_minus_ring,leave_one_out,time_of_day__distance_range,,10AM,near,100,40.0,14.142135623730951,65.86349104980496,28.29946526951253,26.040950176865035,0.8653813350015308,0.6547015947619672,33.74140674339964,-4.692412645117672,25.86349104980497,25.68752967489148,55.89016120350353,60.89107215644287,71.9607015562098,0.13,0.18,0.39,0.9,0.1
bbox_expand_2x__bbox_midpoint__object_minus_ring,leave_one_out,time_of_day__distance_range,,8PM,far,60,130.0,14.719601443879744,92.76355465603837,37.23644534396165,33.78830458735003,0.2785044232779258,0.26976612647024867,40.14393513575533,-6.437856283924913,-37.23644534396165,-33.78830458735003,57.99869745013795,59.289508899728816,72.65551902531898,0.0,0.016666666666666666,0.1,0.0,1.0
bbox_expand_2x__bbox_midpoint__object_minus_ring,leave_one_out,time_of_day__distance_range,,8PM,mid,80,85.0,11.180339887498949,84.19706223452621,11.721893958383443,9.842410811149854,0.14166214009233885,0.11770722466909316,13.773069508896016,-0.5175795495750493,-0.8029377654737877,0.4505390675087,21.063413278771872,24.39111433466815,42.75337820093296,0.1625,0.5125,0.8375,0.5,0.5
bbox_expand_2x__bbox_midpoint__object_minus_ring,leave_one_out,time_of_day__distance_range,,8PM,near,100,40.0,14.142135623730951,72.91259209257205,34.382330551719946,33.065542049870174,1.0852857426724483,0.810732630486926,38.50140706876215,-6.41179173137264,32.91259209257205,33.065542049870174,56.650579651184515,70.75193599897501,74.50899276702599,0.02,0.06,0.22,0.94,0.06
bbox_expand_2x__bbox_midpoint__object_minus_ring_normalized,leave_one_out,weather,clear_sky,,,240,77.5,38.37859646556485,76.17374217866443,31.735705719891257,31.282978349411717,0.6302620985233981,0.35815979831195155,36.92373866668078,0.07437908200825771,-1.3262578213355785,-5.770267734892599,58.27648203866555,66.42192459066176,87.02867646203023,0.04583333333333333,0.14166666666666666,0.3375,0.475,0.525
bbox_expand_2x__bbox_midpoint__object_minus_ring_normalized,leave_one_out,weather,light_rain,,,240,77.5,38.37859646556485,78.77228932470638,28.083790204934377,26.036051412337365,0.578263288299501,0.3128219652012728,33.694124458659985,0.22922046526574102,1.2722893247063667,2.610997050002453,57.24094632910843,60.35829834497564,76.38116665003876,0.1125,0.2,0.3958333333333333,0.525,0.475
bbox_expand_2x__bbox_midpoint__object_minus_ring_normalized,leave_one_out,time_of_day,,10AM,,240,77.5,38.37859646556485,74.51646567386928,30.595421805407696,28.65253307657163,0.5896310154862217,0.34582372940761297,35.89500216065481,0.12523823698099223,-2.9835343261307212,-5.545435176223805,57.69173569500387,63.957806797866624,87.02867646203023,0.06666666666666667,0.15833333333333333,0.3541666666666667,0.4625,0.5375
bbox_expand_2x__bbox_midpoint__object_minus_ring_normalized,leave_one_out,time_of_day,,8PM,,240,77.5,38.37859646556485,80.42956582950151,29.224074119417935,28.59845825724114,0.6188943713366776,0.3043670162875089,34.788005404845975,0.17836131029300617,2.929565829501509,3.6578071833462786,56.46295646298626,62.504619609917164,77.57891365303648,0.09166666666666666,0.18333333333333332,0.37916666666666665,0.5375,0.4625
bbox_expand_2x__bbox_midpoint__object_minus_ring_normalized,leave_one_out,distance_range,,,far,120,130.0,14.719601443879744,86.7261325705151,43.273867429484895,40.07697944709474,0.32554862387866507,0.32266247028606015,46.13089175217455,-8.821811571619289,-43.273867429484895,-40.07697944709474,64.06346828977571,68.85120812263762,87.02867646203023,0.0,0.0,0.06666666666666667,0.0,1.0
bbox_expand_2x__bbox_midpoint__object_minus_ring_normalized,leave_one_out,distance_range,,,mid,160,85.0,11.180339887498949,76.7077926626126,14.332281070771591,12.043301577564748,0.16964431798144988,0.14192951424860917,18.232697443418083,-1.6594500485057941,-8.292207337387385,-7.752411026449856,28.578627583050153,33.89405472399166,65.58913225363654,0.2,0.41875,0.78125,0.31875,0.68125
bbox_expand_2x__bbox_midpoint__object_minus_ring_normalized,leave_one_out,distance_range,,,near,200,40.0,14.142135623730951,72.5333241316458,34.353249795482554,35.20615151073977,1.1191858354751205,0.8779921381780258,38.152421823943506,-6.278036455160604,32.5333241316458,35.03801176536549,55.82515903566348,62.80738173458425,76.41076117463368,0.03,0.075,0.215,0.945,0.055
bbox_expand_2x__bbox_midpoint__object_minus_ring_normalized,leave_one_out,weather__distance_range,clear_sky,,far,60,130.0,14.719601443879744,83.95968395671945,46.04031604328057,41.13567798322257,0.34748450158958083,0.3294406624175192,48.53495938017321,-9.87219514785414,-46.04031604328057,-41.13567798322257,66.76276095176233,71.21386261875509,87.02867646203023,0.0,0.0,0.0,0.0,1.0
bbox_expand_2x__bbox_midpoint__object_minus_ring_normalized,leave_one_out,weather__distance_range,clear_sky,,mid,80,85.0,11.180339887498949,73.7812550183564,16.52668615828565,13.619472556725796,0.19690677859304898,0.16600221778751728,20.239916621700207,-2.277233798827011,-11.218744981643598,-11.182383430898028,33.65061041569356,34.5480501264585,58.78764568699829,0.1,0.325,0.75,0.2375,0.7625
bbox_expand_2x__bbox_midpoint__object_minus_ring_normalized,leave_one_out,weather__distance_range,clear_sky,,near,100,40.0,14.142135623730951,73.41616684007784,35.320155175142155,37.153926331836956,1.146612912627968,0.9370123491511664,39.12749923004369,-6.654805979985348,33.416166840077835,37.14052000063844,55.25920735155004,66.46536225472818,76.41076117463368,0.03,0.08,0.21,0.95,0.05
bbox_expand_2x__bbox_midpoint__object_minus_ring_normalized,leave_one_out,weather__distance_range,light_rain,,far,60,130.0,14.719601443879744,89.49258118431081,40.50741881568922,37.37774848339181,0.30361274616774936,0.3128219652012728,43.59444994109489,-7.771427995384435,-40.50741881568922,-37.37774848339181,60.816610733304756,68.69700207046466,71.98407678094517,0.0,0.0,0.13333333333333333,0.0,1.0
bbox_expand_2x__bbox_midpoint__object_minus_ring_normalized,leave_one_out,weather__distance_range,light_rain,,mid,80,85.0,11.180339887498949,79.63433030686883,12.137875983257528,9.536919729711855,0.1423818573698508,0.11510372365458263,15.975239818953332,-1.0416662981845768,-5.3656696931311725,-3.2157933236437373,24.962925297391525,28.72541167118613,65.58913225363654,0.3,0.5125,0.8125,0.4,0.6
bbox_expand_2x__bbox_midpoint__object_minus_ring_normalized,leave_one_out,weather__distance_range,light_rain,,near,100,40.0,14.142135623730951,71.65048142321375,33.38634441582296,31.909629498606883,1.091758758322272,0.8212539830503416,37.1517615472964,-5.901266930335859,31.65048142321376,31.909629498606883,55.91590152624252,60.31605668512903,76.38116665003876,0.03,0.07,0.22,0.94,0.06
bbox_expand_2x__bbox_midpoint__object_minus_ring_normalized,leave_one_out,time_of_day__distance_range,,10AM,far,60,130.0,14.719601443879744,82.99392778773974,47.006072212260264,45.48207805435386,0.3549102614232576,0.36243496658125707,49.57292530323529,-10.34219195286221,-47.006072212260264,-45.48207805435386,68.22600382573684,71.43864917317957,87.02867646203023,0.0,0.0,0.016666666666666666,0.0,1.0
bbox_expand_2x__bbox_midpoint__object_minus_ring_normalized,leave_one_out,time_of_day__distance_range,,10AM,mid,80,85.0,11.180339887498949,73.09052875805153,16.273839728665052,13.976861805883203,0.19330018890635178,0.1800457744836111,19.54107387774262,-2.054828546363159,-11.909471241948472,-11.721647401985948,31.995780611187023,34.007268634409805,58.78764568699829,0.1375,0.3625,0.7,0.2125,0.7875
bbox_expand_2x__bbox_midpoint__object_minus_ring_normalized,leave_one_out,time_of_day__distance_range,,10AM,near,100,40.0,14.142135623730951,70.57073793820122,32.206297222690274,31.815176661808206,1.0475281291878962,0.7969031708748535,36.22588886092085,-5.561575118818944,30.570737938201216,31.661488413178596,53.48949584690996,57.67410810303318,76.38116665003876,0.05,0.09,0.28,0.94,0.06
bbox_expand_2x__bbox_midpoint__object_minus_ring_normalized,leave_one_out,time_of_day__distance_range,,8PM,far,60,130.0,14.719601443879744,90.45833735329049,39.54166264670952,36.02712271819076,0.29618698633407264,0.29723805544082404,42.410416463193876,-7.301431190376366,-39.54166264670952,-36.02712271819076,61.62074364870922,62.50461960991718,77.57891365303648,0.0,0.0,0.11666666666666667,0.0,1.0
bbox_expand_2x__bbox_midpoint__object_minus_ring_normalized,leave_one_out,time_of_day__distance_range,,8PM,mid,80,85.0,11.180339887498949,80.3250565671737,12.39072241287813,10.545063202543645,0.14598844705654795,0.12629462951950202,16.822869666946055,-1.264071550648429,-4.674943432826294,-2.4632629194171614,22.04776049614487,29.09257210490454,65.58913225363654,0.2625,0.475,0.8625,0.425,0.575
bbox_expand_2x__bbox_midpoint__object_minus_ring_normalized,leave_one_out,time_of_day__distance_range,,8PM,near,100,40.0,14.142135623730951,74.49591032509036,36.50020236827484,37.28742778771602,1.190843541762344,0.9261630970847079,39.9862421127624,-6.994497791502264,34.49591032509037,37.28742778771602,58.25641905247873,67.48444079905579,76.41076117463368,0.01,0.06,0.15,0.95,0.05
bbox_expand_2x__inner50_median__object_depth,leave_one_out,weather,clear_sky,,,240,77.5,38.37859646556485,75.32637636952047,30.9324309536869,26.919053619966718,0.5959720079666233,0.34668428031360277,37.19877087151977,0.060538463806396936,-2.173623630479519,-3.7002063604179085,64.9173249327605,69.02537747764691,80.42845127188367,0.075,0.19583333333333333,0.37083333333333335,0.4666666666666667,0.5333333333333333
bbox_expand_2x__inner50_median__object_depth,leave_one_out,weather,light_rain,,,240,77.5,38.37859646556485,79.69345603296735,30.79175685803769,29.736910539841723,0.6364457312722696,0.32818887806511343,36.60364403150227,0.09035807204417667,2.193456032967356,4.365821126313634,60.70113680225826,67.46999844245592,74.9380716514409,0.09583333333333334,0.18333333333333332,0.36666666666666664,0.5333333333333333,0.4666666666666667
bbox_expand_2x__inner50_median__object_depth,leave_one_out,time_of_day,,10AM,,240,77.5,38.37859646556485,76.72442303040302,30.531802852185372,27.930371105420306,0.6030751166508045,0.3347024195964993,36.82247765866296,0.07944903360267075,-0.7755769695969738,-1.3901106299050525,64.9173249327605,68.30661601627439,80.42845127188367,0.09583333333333334,0.20416666666666666,0.37916666666666665,0.49166666666666664,0.5083333333333333
bbox_expand_2x__inner50_median__object_depth,leave_one_out,time_of_day,,8PM,,240,77.5,38.37859646556485,78.29540937208482,31.19238495953923,29.736910539841723,0.6293426225880886,0.3467618527556187,36.98216394174395,0.07144750224790286,0.7954093720848125,0.6196807804915636,59.94078383936561,67.77652999982786,75.78947561654388,0.075,0.175,0.35833333333333334,0.5083333333333333,0.49166666666666664
bbox_expand_2x__inner50_median__object_depth,leave_one_out,distance_range,,,far,120,130.0,14.719601443879744,81.50950643415875,48.49049356584126,45.856298146976506,0.365355577884856,0.3707974200077431,51.15341080977494,-11.076945096032,-48.49049356584126,-45.856298146976506,70.92108971342309,73.07459231375984,80.42845127188367,0.0,0.0,0.016666666666666666,0.0,1.0
bbox_expand_2x__inner50_median__object_depth,leave_one_out,distance_range,,,mid,160,85.0,11.180339887498949,77.5267836734834,11.94964597799876,10.371469824087363,0.13716928340530982,0.12707548290453152,14.524198057813111,-0.6876186337806571,-7.473216326516598,-8.002034873375663,24.657710756611735,26.44240022195689,45.68520046358742,0.225,0.48125,0.83125,0.28125,0.71875
bbox_expand_2x__inner50_median__object_depth,leave_one_out,distance_range,,,near,200,40.0,14.142135623730951,75.09666808370345,35.415012452165755,34.81900185426257,1.14995251363151,0.861269810499623,39.10915042572372,-6.647628235109428,35.09666808370344,34.81900185426257,57.75843446365493,66.77915049879148,74.9380716514409,0.025,0.07,0.21,0.975,0.025
bbox_expand_2x__inner50_median__object_depth,leave_one_out,weather__distance_range,clear_sky,,far,60,130.0,14.719601443879744,79.37638788080959,50.62361211919041,46.69780751801137,0.3822170355609435,0.38702481940334665,53.077793784120196,-12.002702429182717,-50.62361211919041,-46.69780751801137,71.8791297211885,75.07528381151151,80.42845127188367,0.0,0.0,0.0,0.0,1.0
bbox_expand_2x__inner50_median__object_depth,leave_one_out,weather__distance_range,clear_sky,,mid,80,85.0,11.180339887498949,75.3484643329113,13.05169992629418,11.423322218274414,0.14850240041697002,0.14143058340533496,15.749025764223523,-0.9842545001774106,-9.651535667088698,-8.870824139017408,24.686236470518402,28.37150343924646,45.68520046358742,0.175,0.4625,0.8,0.2,0.8
bbox_expand_2x__inner50_median__object_depth,leave_one_out,weather__distance_range,clear_sky,,near,100,40.0,14.142135623730951,72.87869909203435,33.42230707629898,31.969985481742743,1.082200677449754,0.8548846887577835,37.844679475890565,-6.161098823164463,32.878699092034374,31.969985481742743,57.8912338523069,66.45563940038143,72.38808174006824,0.04,0.1,0.25,0.96,0.04
bbox_expand_2x__inner50_median__object_depth,leave_one_out,weather__distance_range,light_rain,,far,60,130.0,14.719601443879744,83.64262498750792,46.3573750124921,44.85246118133955,0.34849412020876863,0.353706859786006,49.15374535025394,-10.151187762881282,-46.3573750124921,-44.85246118133955,70.06179751777863,71.38140640976533,74.05612871022826,0.0,0.0,0.03333333333333333,0.0,1.0
bbox_expand_2x__inner50_median__object_depth,leave_one_out,weather__distance_range,light_rain,,mid,80,85.0,11.180339887498949,79.7051030140555,10.847592029703343,9.97070777389942,0.12583616639364956,0.1177253858717826,13.186085314565045,-0.3909827673839037,-5.2948969859445025,-4.555775642369788,24.30350580515651,25.47171644014579,29.605380965391035,0.275,0.5,0.8625,0.3625,0.6375
bbox_expand_2x__inner50_median__object_depth,leave_one_out,weather__distance_range,light_rain,,near,100,40.0,14.142135623730951,77.31463707537252,37.40771782803253,36.413416374918654,1.2177043498132663,0.9591094487107514,40.33399967038823,-7.134157647054391,37.314637075372524,36.413416374918654,57.669495044113816,66.77915049879148,74.9380716514409,0.01,0.04,0.17,0.99,0.01
bbox_expand_2x__inner50_median__object_depth,leave_one_out,time_of_day__distance_range,,10AM,far,60,130.0,14.719601443879744,81.53779250576865,48.46220749423135,45.923924831667776,0.36495426683021753,0.3699343678068105,51.2017580442241,-11.099784739165848,-48.46220749423135,-45.923924831667776,70.92108971342309,72.27853918348119,80.42845127188367,0.0,0.0,0.016666666666666666,0.0,1.0
bbox_expand_2x__inner50_median__object_depth,leave_one_out,time_of_day__distance_range,,10AM,mid,80,85.0,11.180339887498949,76.42461253720538,12.368095314969944,10.35713805755401,0.14094084759790673,0.12707548290453152,15.274463725994677,-0.8664739369338175,-8.575387462794613,-8.569244458075872,25.45243754315963,27.11456697115644,45.68520046358742,0.2375,0.475,0.8125,0.2625,0.7375
bbox_expand_2x__inner50_median__object_depth,leave_one_out,time_of_day__distance_range,,10AM,near,100,40.0,14.142135623730951,74.07624973974177,34.30452609673012,33.92271240353651,1.1156550417854745,0.8501223453622084,38.65912901799026,-6.472641282148083,34.076249739741755,33.92271240353651,59.608755714334656,67.30360068121801,74.9380716514409,0.04,0.11,0.25,0.97,0.03
bbox_expand_2x__inner50_median__object_depth,leave_one_out,time_of_day__distance_range,,8PM,far,60,130.0,14.719601443879744,81.48122036254884,48.518779637451175,45.856298146976506,0.3657568889394946,0.3735291456856864,51.10501783707674,-11.054105452898147,-48.518779637451175,-45.856298146976506,70.9288110739266,73.07459231375984,75.78947561654388,0.0,0.0,0.016666666666666666,0.0,1.0
bbox_expand_2x__inner50_median__object_depth,leave_one_out,time_of_day__distance_range,,8PM,mid,80,85.0,11.180339887498949,78.62895480976141,11.531196641027577,10.414308152284782,0.13339771921271287,0.1249322263853247,13.733004635855808,-0.5087633306274968,-6.371045190238587,-7.560860655750147,22.032902431224656,25.21581420438028,30.04612580430063,0.2125,0.4875,0.85,0.3,0.7
bbox_expand_2x__inner50_median__object_depth,leave_one_out,time_of_day__distance_range,,8PM,near,100,40.0,14.142135623730951,76.11708642766513,36.52549880760138,36.27783186957653,1.1842499854775455,0.97977671413915,39.55405210106993,-6.82261518807077,36.11708642766513,36.27783186957653,55.35228384955876,60.79189061699964,72.38808174006824,0.01,0.03,0.17,0.98,0.02
bbox_expand_2x__inner50_median__object_depth_percentile_5_95,leave_one_out,weather,clear_sky,,,240,77.5,38.37859646556485,75.36615267584772,31.05252454950895,27.754371482382865,0.6101445278776673,0.3273582787210167,36.901644476715454,0.07548648480730702,-2.133847324152282,-4.931165959057534,59.24409649539527,66.84369685449327,89.03128401932887,0.0875,0.15833333333333333,0.3333333333333333,0.4666666666666667,0.5333333333333333
bbox_expand_2x__inner50_median__object_depth_percentile_5_95,leave_one_out,weather,light_rain,,,240,77.5,38.37859646556485,79.63197115958556,27.26856740428527,26.047110638189416,0.5645098273796016,0.31682736911859233,32.882758906718315,0.2658947666303618,2.131971159585555,3.30540708011484,49.86235405290713,57.172075806367495,79.14370770611184,0.10833333333333334,0.22083333333333333,0.39166666666666666,0.55,0.45
bbox_expand_2x__inner50_median__object_depth_percentile_5_95,leave_one_out,time_of_day,,10AM,,240,77.5,38.37859646556485,72.5861882989286,30.411269887635573,27.467408741091575,0.5797966912212248,0.3318825596581448,36.40339548236452,0.10028365308371989,-4.913811701071408,-6.8145693156341665,59.7420137661936,71.75925117107606,84.37840935964206,0.09583333333333334,0.17916666666666667,0.3375,0.4583333333333333,0.5416666666666666
bbox_expand_2x__inner50_median__object_depth_percentile_5_95,leave_one_out,time_of_day,,8PM,,240,77.5,38.37859646556485,82.41193553650467,27.909822066158654,25.588219725999245,0.594857664036044,0.304256667879319,33.43351605437019,0.24109759835394917,4.911935536504681,6.160452645705668,51.12196670701491,58.11430054083714,89.03128401932887,0.1,0.2,0.3875,0.5583333333333333,0.44166666666666665
bbox_expand_2x__inner50_median__object_depth_percentile_5_95,leave_one_out,distance_range,,,far,120,130.0,14.719601443879744,88.20864043314572,41.7913595668543,41.85784659932706,0.3151137781012452,0.3214950271633179,45.54439020674103,-8.57365298140256,-41.7913595668543,-41.85784659932706,64.56147571686893,74.38377830817868,86.3866646702718,0.0,0.058333333333333334,0.11666666666666667,0.0,1.0
bbox_expand_2x__inner50_median__object_depth_percentile_5_95,leave_one_out,distance_range,,,mid,160,85.0,11.180339887498949,76.47123557902646,15.58538699099675,15.444710356075063,0.18163893143380777,0.178530362066477,18.68576315823263,-1.793261958444511,-8.528764420973554,-10.377567099802803,27.926362938052677,33.18311569263328,47.607939255876325,0.19375,0.35,0.6875,0.33125,0.66875
bbox_expand_2x__inner50_median__object_depth_percentile_5_95,leave_one_out,distance_range,,,near,200,40.0,14.142135623730951,71.89557587941134,32.44218501164309,32.95418280326263,1.0752058143009295,0.7627972515290093,37.51942902893295,-6.038537773285681,31.895575879411336,32.95418280326263,56.40560373047699,66.72088730335892,89.03128401932887,0.08,0.14,0.25,0.955,0.045
bbox_expand_2x__inner50_median__object_depth_percentile_5_95,leave_one_out,weather__distance_range,clear_sky,,far,60,130.0,14.719601443879744,83.30508272119172,46.69491727880827,44.685512158499186,0.35443000823006215,0.35086847347596734,49.50065775987504,-10.30914670150897,-46.69491727880827,-44.685512158499186,66.7779441448658,77.89936149963336,86.3866646702718,0.0,0.0,0.05,0.0,1.0
bbox_expand_2x__inner50_median__object_depth_percentile_5_95,leave_one_out,weather__distance_range,clear_sky,,mid,80,85.0,11.180339887498949,72.94380389499271,16.460364678499957,17.397143483699224,0.19134146929297383,0.20207486425903426,18.94297246018286,-1.8706896450179706,-12.056196105007288,-17.397143483699224,27.467408741091575,28.064453483900895,47.607939255876325,0.15,0.2875,0.65,0.2375,0.7625
bbox_expand_2x__inner50_median__object_depth_percentile_5_95,leave_one_out,weather__distance_range,clear_sky,,near,100,40.0,14.142135623730951,72.54067367332532,33.34081680873655,32.954182803262654,1.0986156865339851,0.8157104436357594,38.87026164702531,-6.554486202541033,32.540673673325315,32.954182803262654,61.56467611614529,71.78997791083918,89.03128401932887,0.09,0.15,0.25,0.93,0.07
bbox_expand_2x__inner50_median__object_depth_percentile_5_95,leave_one_out,weather__distance_range,light_rain,,far,60,130.0,14.719601443879744,93.1121981450997,36.887801854900296,39.60342113982404,0.27579754797242834,0.27980749662174065,41.21004537667363,-6.838159261296152,-36.887801854900296,-39.60342113982404,59.84742394299144,72.65513789702442,76.04679650134838,0.0,0.11666666666666667,0.18333333333333332,0.0,1.0
bbox_expand_2x__inner50_median__object_depth_percentile_5_95,leave_one_out,weather__distance_range,light_rain,,mid,80,85.0,11.180339887498949,79.99866726306018,14.710409303493549,13.187461406442445,0.17193639357464174,0.1443106400285208,18.424963608753245,-1.715834271871051,-5.001332736939818,-2.452996170379379,28.393733302931146,37.16685116182457,47.607939255876325,0.2375,0.4125,0.725,0.425,0.575
bbox_expand_2x__inner50_median__object_depth_percentile_5_95,leave_one_out,weather__distance_range,light_rain,,near,100,40.0,14.142135623730951,71.25047808549738,31.543553214549632,32.178594902797656,1.0517959420678735,0.7627972515290088,36.11810998385804,-5.522589344030329,31.250478085497363,32.178594902797656,51.94578019716756,57.012716262596165,79.14370770611184,0.07,0.13,0.25,0.98,0.02
bbox_expand_2x__inner50_median__object_depth_percentile_5_95,leave_one_out,time_of_day__distance_range,,10AM,far,60,130.0,14.719601443879744,82.0779818322215,47.922018167778525,46.64350428872458,0.363265817855205,0.373009921271435,50.99389898678234,-11.001743387111512,-47.922018167778525,-46.64350428872458,73.28450977565564,76.13367089484463,84.37840935964206,0.0,0.016666666666666666,0.03333333333333333,0.0,1.0
bbox_expand_2x__inner50_median__object_depth_percentile_5_95,leave_one_out,time_of_day__distance_range,,10AM,mid,80,85.0,11.180339887498949,70.46114319939474,18.54483867785185,17.593371114815362,0.21520650279555817,0.2269129749197427,21.47417729300651,-2.6891223232918113,-14.538856800605249,-17.397143483699224,29.04188265843002,37.537673998483974,47.607939255876325,0.125,0.25,0.5875,0.2,0.8
bbox_expand_2x__inner50_median__object_depth_percentile_5_95,leave_one_out,time_of_day__distance_range,,10AM,near,100,40.0,14.142135623730951,68.59114825857993,29.397965887376778,27.53568392078354,1.0013873659813701,0.7627972515290087,35.37454471361253,-5.256792068476861,28.591148258579935,27.53568392078354,56.27855305906153,66.6695072720318,77.54374909237967,0.13,0.22,0.32,0.94,0.06
bbox_expand_2x__inner50_median__object_depth_percentile_5_95,leave_one_out,time_of_day__distance_range,,8PM,far,60,130.0,14.719601443879744,94.33929903406995,35.66070096593005,37.755373703962015,0.26696173834728554,0.2836277163967009,39.34723909925085,-6.145562575693607,-35.66070096593005,-37.755373703962015,54.83708455150175,59.46438208354218,86.3866646702718,0.0,0.1,0.2,0.0,1.0
bbox_expand_2x__inner50_median__object_depth_percentile_5_95,leave_one_out,time_of_day__distance_range,,8PM,mid,80,85.0,11.180339887498949,82.48132795865816,12.625935304141652,11.916235632169922,0.1480713600720574,0.13310654565604715,15.400493472601818,-0.8974015935972097,-2.5186720413418566,-1.1537351017673316,24.02203910642472,27.179564925881564,37.537673998483974,0.2625,0.45,0.7875,0.4625,0.5375
bbox_expand_2x__inner50_median__object_depth_percentile_5_95,leave_one_out,time_of_day__distance_range,,8PM,near,100,40.0,14.142135623730951,75.20000350024276,35.48640413590941,33.727885192158496,1.1490242626204887,0.8496798888876012,39.548156665246744,-6.820283478094501,35.20000350024275,33.727885192158496,56.40560373047699,66.93894227958927,89.03128401932887,0.03,0.06,0.18,0.97,0.03
bbox_expand_2x__inner50_median__object_minus_ring,leave_one_out,weather,clear_sky,,,240,77.5,38.37859646556485,74.60238235119208,30.644245145409894,30.26090857256446,0.5796563664335413,0.32950699745757367,36.466537080992474,0.09715983478626355,-2.897617648807928,-3.8356091075842755,61.705045125118524,65.4645985981331,78.97051566794443,0.1,0.17083333333333334,0.36666666666666664,0.4583333333333333,0.5416666666666666
bbox_expand_2x__inner50_median__object_minus_ring,leave_one_out,weather,light_rain,,,240,77.5,38.37859646556485,80.35534217823876,28.879682082467486,26.357512731721968,0.5988725573401831,0.3150059764997757,34.5853526341151,0.187906115874789,2.8553421782387547,4.5213921274681965,59.30684699681849,63.78378915350706,70.34260859631648,0.10416666666666667,0.2,0.3958333333333333,0.5416666666666666,0.4583333333333333
bbox_expand_2x__inner50_median__object_minus_ring,leave_one_out,time_of_day,,10AM,,240,77.5,38.37859646556485,74.17267300509954,30.271459036489183,28.296010693748407,0.5742427583439935,0.3316391115368067,36.223957955534715,0.10913145348955244,-3.327326994900466,-4.591328933842675,61.217340530904906,65.99966481880041,78.97051566794443,0.1,0.18333333333333332,0.37916666666666665,0.44583333333333336,0.5541666666666667
bbox_expand_2x__inner50_median__object_minus_ring,leave_one_out,time_of_day,,8PM,,240,77.5,38.37859646556485,80.7850515243313,29.252468191388196,28.16699428912442,0.604286165429731,0.3168437169061752,34.839342897665915,0.17593449717150023,3.285051524331294,5.017939663043066,59.50476063925913,64.80721877225254,72.66166844910109,0.10416666666666667,0.1875,0.38333333333333336,0.5541666666666667,0.44583333333333336
bbox_expand_2x__inner50_median__object_minus_ring,leave_one_out,distance_range,,,far,120,130.0,14.719601443879744,85.09343367996144,44.906566320038564,40.002085108500616,0.33833779201902503,0.3291694156288686,47.47606227742311,-9.402968412475806,-44.906566320038564,-40.002085108500616,65.87863897690364,68.44909529596734,78.97051566794443,0.0,0.0,0.041666666666666664,0.0,1.0
bbox_expand_2x__inner50_median__object_minus_ring,leave_one_out,distance_range,,,mid,160,85.0,11.180339887498949,77.9116474832754,13.03869616080389,11.79866142032455,0.1539595742816963,0.13278701399029685,16.887550188244496,-1.2815148108838135,-7.088352516724614,-7.145470670343293,23.891280761030476,31.937376197092973,76.42042528091551,0.21875,0.43125,0.85625,0.34375,0.65625
bbox_expand_2x__inner50_median__object_minus_ring,leave_one_out,distance_range,,,near,200,40.0,14.142135623730951,72.56389124071983,34.05381595278661,32.571069427133025,1.0880643738916973,0.7723653247272707,38.0868554424798,-6.253042787481768,32.56389124071982,32.571069427133025,58.36746050637961,64.80085830322119,70.34260859631648,0.07,0.1,0.205,0.925,0.075
bbox_expand_2x__inner50_median__object_minus_ring,leave_one_out,weather__distance_range,clear_sky,,far,60,130.0,14.719601443879744,82.7122630009431,47.28773699905692,42.09061837689385,0.35767976826127607,0.34516192754793557,49.59544980305104,-10.352501420770563,-47.28773699905692,-42.09061837689385,67.16957985493605,71.237620184509,78.97051566794443,0.0,0.0,0.0,0.0,1.0
bbox_expand_2x__inner50_median__object_minus_ring,leave_one_out,weather__distance_range,clear_sky,,mid,80,85.0,11.180339887498949,74.25626488668607,15.951678360997914,13.246912083976476,0.1892802830587667,0.16294887837348632,20.62317969908623,-2.4025243272064194,-10.743735113313942,-10.313964034115209,31.9906468653102,40.39255653896013,76.42042528091551,0.175,0.325,0.775,0.2625,0.7375
bbox_expand_2x__inner50_median__object_minus_ring,leave_one_out,weather__distance_range,clear_sky,,near,100,40.0,14.142135623730951,70.01334793294629,32.412203460751265,31.697699414152652,1.0251431920367198,0.7253657483447046,37.08722646154256,-5.877311833048714,30.01334793294627,31.697699414152652,55.705808305253996,64.81000295040434,68.43235255816559,0.1,0.15,0.26,0.89,0.11
bbox_expand_2x__inner50_median__object_minus_ring,leave_one_out,weather__distance_range,light_rain,,far,60,130.0,14.719601443879744,87.47460435897979,42.52539564102021,39.12559472025866,0.31899581577677394,0.31477128202843835,45.25753348971373,-8.453435404181045,-42.52539564102021,-39.12559472025866,63.84792317427655,66.09608292250051,68.40509119161626,0.0,0.0,0.08333333333333333,0.0,1.0
bbox_expand_2x__inner50_median__object_minus_ring,leave_one_out,weather__distance_range,light_rain,,mid,80,85.0,11.180339887498949,81.56703007986471,10.125713960609863,8.980516569482013,0.11863886550462585,0.11754696094494282,12.044216945079944,-0.16050529456120666,-3.4329699201352852,-2.3934975948147184,18.478936482647764,20.191371602093355,29.833210504258275,0.2625,0.5375,0.9375,0.425,0.575
bbox_expand_2x__inner50_median__object_minus_ring,leave_one_out,weather__distance_range,light_rain,,near,100,40.0,14.142135623730951,75.11443454849336,35.69542844482196,33.993372553126235,1.1509855557466748,0.7980733591679643,39.06091074697266,-6.628773741914819,35.11443454849337,33.993372553126235,58.46527754029775,63.64484730965497,70.34260859631648,0.04,0.05,0.15,0.96,0.04
bbox_expand_2x__inner50_median__object_minus_ring,leave_one_out,time_of_day__distance_range,,10AM,far,60,130.0,14.719601443879744,82.55396857784407,47.44603142215592,43.63981997714302,0.35858495191834583,0.3580672427876018,49.90465756622655,-10.494499292933844,-47.44603142215592,-43.63981997714302,67.08157164623388,69.76576856302738,78.97051566794443,0.0,0.0,0.016666666666666666,0.0,1.0
bbox_expand_2x__inner50_median__object_minus_ring,leave_one_out,time_of_day__distance_range,,10AM,mid,80,85.0,11.180339887498949,73.16050878802004,15.62118088008379,13.378173408840837,0.18398987070817704,0.16294887837348632,20.123515456761186,-2.2396469947080515,-11.839491211979965,-12.064808769405602,29.240737417225006,37.86177592657623,76.42042528091551,0.1625,0.3625,0.775,0.225,0.775
bbox_expand_2x__inner50_median__object_minus_ring,leave_one_out,time_of_day__distance_range,,10AM,near,100,40.0,14.142135623730951,69.95362703511641,31.68693813021345,31.81974789737786,1.0158397523080351,0.7154021644599589,36.48247119319396,-5.654853521811134,29.953627035116412,31.81974789737786,55.51774731776771,61.04868995760824,70.34260859631648,0.11,0.15,0.28,0.89,0.11
bbox_expand_2x__inner50_median__object_minus_ring,leave_one_out,time_of_day__distance_range,,8PM,far,60,130.0,14.719601443879744,87.6328987820788,42.3671012179212,38.69401865998375,0.31809063211970406,0.30955214927986996,44.91634593260211,-8.311437532017763,-42.3671012179212,-38.69401865998375,63.84792317427655,64.84485730041054,72.66166844910109,0.0,0.0,0.06666666666666667,0.0,1.0
bbox_expand_2x__inner50_median__object_minus_ring,leave_one_out,time_of_day__distance_range,,8PM,mid,80,85.0,11.180339887498949,82.66278617853075,10.456211441523987,10.079508917305795,0.1239292778552155,0.11929052448224016,12.861680620449523,-0.32338262705957455,-2.3372138214692617,-0.48984020974435083,18.658268690745697,20.89130417986204,44.1670029235138,0.275,0.5,0.9375,0.4625,0.5375
bbox_expand_2x__inner50_median__object_minus_ring,leave_one_out,time_of_day__distance_range,,8PM,near,100,40.0,14.142135623730951,75.17415544632324,36.42069377535977,33.930077903403046,1.1602889954753595,0.8101929184301384,39.626334811971695,-6.8512320531524,35.17415544632324,33.930077903403046,58.524309298948246,65.14708334626462,68.43235255816559,0.03,0.05,0.13,0.96,0.04
bbox_expand_2x__inner50_median__object_minus_ring_normalized,leave_one_out,weather,clear_sky,,,240,77.5,38.37859646556485,75.6824675377475,31.41301429587539,31.456934837064523,0.619957342272846,0.3431085880464141,36.92954403208308,0.07408799609557237,-1.8175324622524915,-2.4857627207786948,60.72572088270714,65.96367519282828,77.9697725189008,0.07083333333333333,0.1625,0.3333333333333333,0.4875,0.5125
bbox_expand_2x__inner50_median__object_minus_ring_normalized,leave_one_out,weather,light_rain,,,240,77.5,38.37859646556485,79.26090170047893,28.843332882677842,27.422208818957273,0.5982647152751476,0.32803422529784787,34.54073640744163,0.19000001930294963,1.7609017004789413,3.7628245756042062,57.43693704854627,62.00664810435838,77.23941052719513,0.09583333333333334,0.19583333333333333,0.4125,0.5541666666666667,0.44583333333333336
bbox_expand_2x__inner50_median__object_minus_ring_normalized,leave_one_out,time_of_day,,10AM,,240,77.5,38.37859646556485,73.79164248138551,31.083304700372135,29.291645751838274,0.601167314086484,0.34821018582731267,36.64013130475045,0.08854366821203696,-3.708357518614482,-5.89190781982991,58.97022035467154,66.69030328062024,77.9697725189008,0.05,0.1625,0.3541666666666667,0.475,0.525
bbox_expand_2x__inner50_median__object_minus_ring_normalized,leave_one_out,time_of_day,,8PM,,240,77.5,38.37859646556485,81.15172675684092,29.1730424781811,28.849761032162128,0.6170547434615096,0.32401297257602674,34.847589184283216,0.17554434718648526,3.6517267568409313,4.310988661946595,58.206370829384,64.2349647104795,77.37164905874039,0.11666666666666667,0.19583333333333333,0.39166666666666666,0.5666666666666667,0.43333333333333335
bbox_expand_2x__inner50_median__object_minus_ring_normalized,leave_one_out,distance_range,,,far,120,130.0,14.719601443879744,85.62836186297459,44.371638137025414,40.96060780561783,0.3344134085921213,0.32824056307064353,47.024852082366515,-9.206169446315926,-44.371638137025414,-40.96060780561783,66.00467599335059,69.83965339333385,77.37164905874039,0.0,0.0,0.06666666666666667,0.0,1.0
bbox_expand_2x__inner50_median__object_minus_ring_normalized,leave_one_out,distance_range,,,mid,160,85.0,11.180339887498949,76.54870299598036,14.205530849743152,11.880090535013437,0.16806118573091572,0.14448911411200716,18.438470351441932,-1.7198175112080256,-8.451297004019631,-7.2896168418554055,27.39141061345466,32.957116272490794,77.9697725189008,0.2,0.425,0.76875,0.36875,0.63125
bbox_expand_2x__inner50_median__object_minus_ring_normalized,leave_one_out,distance_range,,,near,200,40.0,14.142135623730951,73.31606357130269,34.320209052254114,33.985726312322626,1.1267694753175868,0.8756954195559385,38.333283888042246,-6.347203268206195,33.31606357130269,33.985726312322626,58.03197576404341,63.73246563396984,77.23941052719513,0.04,0.09,0.24,0.955,0.045
bbox_expand_2x__inner50_median__object_minus_ring_normalized,leave_one_out,weather__distance_range,clear_sky,,far,60,130.0,14.719601443879744,82.56482900614586,47.43517099385415,43.24550072461404,0.35879173283717125,0.34960492467814464,49.59698741116612,-10.35320535506171,-47.43517099385415,-43.24550072461404,67.65091758239626,70.15033334995115,77.37164905874039,0.0,0.0,0.0,0.0,1.0
bbox_expand_2x__inner50_median__object_minus_ring_normalized,leave_one_out,weather__distance_range,clear_sky,,mid,80,85.0,11.180339887498949,73.43527492159566,16.20537263407245,14.308929871006427,0.19295508696398572,0.16734065652829347,20.36625007711252,-2.318273137627886,-11.56472507840434,-12.422330106565042,27.391705784265927,37.238565548090214,77.9697725189008,0.125,0.325,0.7375,0.275,0.725
bbox_expand_2x__inner50_median__object_minus_ring_normalized,leave_one_out,weather__distance_range,clear_sky,,near,100,40.0,14.142135623730951,73.35080474962997,33.96583360653049,33.985726312322626,1.118258512181339,0.9020357838435071,38.27995459612433,-6.326774619406699,33.35080474962997,33.985726312322626,58.05339134759877,63.842851802285395,75.49041821704341,0.07,0.13,0.21,0.95,0.05
bbox_expand_2x__inner50_median__object_minus_ring_normalized,leave_one_out,weather__distance_range,light_rain,,far,60,130.0,14.719601443879744,88.6918947198033,41.30810528019669,39.36297972157946,0.3100350843470713,0.32007359978520233,44.303637169802776,-8.059133537570137,-41.30810528019669,-39.36297972157946,61.620114379030944,68.59255704484498,72.44802432861398,0.0,0.0,0.13333333333333333,0.0,1.0
bbox_expand_2x__inner50_median__object_minus_ring_normalized,leave_one_out,weather__distance_range,light_rain,,mid,80,85.0,11.180339887498949,79.66213107036508,12.205689065413853,9.00625010842009,0.14316728449784574,0.11590790068583245,16.284048501479006,-1.1213618847881657,-5.33786892963492,-3.430719054545712,25.966804122432325,30.93005811975523,64.9555229129135,0.275,0.525,0.8,0.4625,0.5375
bbox_expand_2x__inner50_median__object_minus_ring_normalized,leave_one_out,weather__distance_range,light_rain,,near,100,40.0,14.142135623730951,73.28132239297541,34.67458449797773,33.98860828908693,1.1352804384538346,0.8352191789450549,38.38653909121189,-6.367631917005691,33.28132239297542,33.98860828908693,57.365202578829084,62.14275042341783,77.23941052719513,0.01,0.05,0.27,0.96,0.04
bbox_expand_2x__inner50_median__object_minus_ring_normalized,leave_one_out,time_of_day__distance_range,,10AM,far,60,130.0,14.719601443879744,82.13976046866573,47.860239531334294,45.12190515036945,0.3622508614481157,0.3605870023223351,50.0874294100118,-10.57884885339807,-47.860239531334294,-45.12190515036945,69.55324953310958,71.81098104320387,74.98950936916822,0.0,0.0,0.016666666666666666,0.0,1.0
bbox_expand_2x__inner50_median__object_minus_ring_normalized,leave_one_out,time_of_day__distance_range,,10AM,mid,80,85.0,11.180339887498949,71.35300675378049,17.595268921228687,15.234907106926713,0.20943668969650492,0.1795304009701153,21.759057806987038,-2.7876527731824288,-13.646993246219505,-13.477224885813307,32.00964156310627,38.08043698283611,77.9697725189008,0.0875,0.3125,0.6375,0.2375,0.7625
bbox_expand_2x__inner50_median__object_minus_ring_normalized,leave_one_out,time_of_day__distance_range,,10AM,near,100,40.0,14.142135623730951,70.73368027110142,31.807572425109605,32.14760205512014,1.0579016851814886,0.8232007901931405,36.57844316821668,-5.689912523052287,30.733680271101417,32.14760205512014,56.96917797923263,60.714807580142185,77.23941052719513,0.05,0.14,0.33,0.95,0.05
bbox_expand_2x__inner50_median__object_minus_ring_normalized,leave_one_out,time_of_day__distance_range,,8PM,far,60,130.0,14.719601443879744,89.11696325728344,40.883036742716556,36.72053534706979,0.30657595573612695,0.30927874839015734,43.74840387755862,-7.833490039233784,-40.883036742716556,-36.72053534706979,64.51040736724735,65.72673179999907,77.37164905874039,0.0,0.0,0.11666666666666667,0.0,1.0
bbox_expand_2x__inner50_median__object_minus_ring_normalized,leave_one_out,time_of_day__distance_range,,8PM,mid,80,85.0,11.180339887498949,81.74439923818025,10.815792778257617,9.00625010842009,0.12668568176532655,0.11017584843676008,14.370030659473308,-0.6519822492336229,-3.2556007618197547,0.02238423259710487,19.892607606922958,24.360288141767164,64.9555229129135,0.3125,0.5375,0.9,0.5,0.5
bbox_expand_2x__inner50_median__object_minus_ring_normalized,leave_one_out,time_of_day__distance_range,,8PM,near,100,40.0,14.142135623730951,75.89844687150398,36.832845679398616,35.56775651694419,1.1956372654536855,0.910400389517116,40.01123345601858,-7.0044940133601035,35.89844687150397,35.56775651694419,61.04965401244685,63.96799219861938,75.49041821704341,0.03,0.04,0.15,0.96,0.04
bbox_expand_4x__bbox_mean__object_depth,leave_one_out,weather,clear_sky,,,240,77.5,38.37859646556485,77.19996684353936,32.90880903636143,32.59101516896164,0.6594205789724178,0.3664136213371808,38.77392403774875,-0.02070756568154608,-0.30003315646064643,3.392033681741374,60.97948725367436,72.40187628680528,81.27532506001033,0.05416666666666667,0.15,0.32916666666666666,0.5208333333333334,0.4791666666666667
bbox_expand_4x__bbox_mean__object_depth,leave_one_out,weather,light_rain,,,240,77.5,38.37859646556485,77.82712763029271,31.68225507762342,31.00468227641369,0.6484540212229226,0.36031569118279905,37.78281964347922,0.03080636364695044,0.32712763029268405,1.337273567209735,60.47271515862096,70.32875828752219,74.99562545747843,0.09166666666666666,0.19583333333333333,0.3458333333333333,0.5125,0.4875
bbox_expand_4x__bbox_mean__object_depth,leave_one_out,time_of_day,,10AM,,240,77.5,38.37859646556485,77.68168684694416,31.91243306459926,32.1694842112722,0.6449335246795023,0.3578945115241787,37.75752573905916,0.032103592688623284,0.1816868469441772,1.7268899383211078,60.85570786159685,70.06853936386057,80.15271176952982,0.07916666666666666,0.15833333333333333,0.3333333333333333,0.525,0.475
bbox_expand_4x__bbox_mean__object_depth,leave_one_out,time_of_day,,8PM,,240,77.5,38.37859646556485,77.34540762688788,32.678631049385594,30.469511519359777,0.6629410755158381,0.3654032065137399,38.798555328273174,-0.022004794723218923,-0.1545923731121358,3.3552271988162445,60.57806156142251,73.0893571297,81.27532506001033,0.06666666666666667,0.1875,0.3416666666666667,0.5083333333333333,0.49166666666666664
bbox_expand_4x__bbox_mean__object_depth,leave_one_out,distance_range,,,far,120,130.0,14.719601443879744,77.66822005639513,52.33177994360486,46.697547499302054,0.3948846860955143,0.378481439232175,54.58318953812016,-12.750728831481615,-52.33177994360486,-46.697547499302054,74.12514458256501,76.78800585461586,81.27532506001033,0.0,0.0,0.0,0.0,1.0
bbox_expand_4x__bbox_mean__object_depth,leave_one_out,distance_range,,,mid,160,85.0,11.180339887498949,77.91036120487146,11.258645749693397,9.818659349937896,0.1267595600976335,0.12163198884419238,13.48484435770373,-0.4547282188119528,-7.089638795128536,-7.611497900851738,22.801877507958757,25.09966580768214,27.926963612503442,0.21875,0.5125,0.8375,0.3,0.7
bbox_expand_4x__bbox_mean__object_depth,leave_one_out,distance_range,,,near,200,40.0,14.142135623730951,77.1032923708642,37.10329237086419,37.238222368267586,1.2311110604989932,0.9417481771594653,39.80053774287909,-6.920414023111714,37.10329237086419,37.238222368267586,57.766326912431424,60.43869627189695,65.1898134412763,0.0,0.005,0.14,1.0,0.0
bbox_expand_4x__bbox_mean__object_depth,leave_one_out,weather__distance_range,clear_sky,,far,60,130.0,14.719601443879744,76.78604384013336,53.21395615986663,46.92188618139306,0.4014972442136144,0.3790697143540067,55.53657691899053,-13.235283273287466,-53.21395615986663,-46.92188618139306,76.80700123630243,79.42207114252527,81.27532506001033,0.0,0.0,0.0,0.0,1.0
bbox_expand_4x__bbox_mean__object_depth,leave_one_out,weather__distance_range,clear_sky,,mid,80,85.0,11.180339887498949,77.40578216936149,12.211374508027784,11.099011920308072,0.13806644281867508,0.1361184214809183,14.289205562645833,-0.6334511648923891,-7.59421783063851,-8.746123335365361,24.39375328563088,25.45754589217921,27.926963612503442,0.1625,0.45,0.8125,0.3125,0.6875
bbox_expand_4x__bbox_mean__object_depth,leave_one_out,weather__distance_range,clear_sky,,near,100,40.0,14.142135623730951,77.28366838492526,37.28366838492525,37.238222368267586,1.2312578887506942,0.948858768516596,39.928302025851984,-6.971346513338278,37.28366838492525,37.238222368267586,57.17787294554696,60.556719738973285,64.27459883293773,0.0,0.0,0.14,1.0,0.0
bbox_expand_4x__bbox_mean__object_depth,leave_one_out,weather__distance_range,light_rain,,far,60,130.0,14.719601443879744,78.55039627265691,51.44960372734309,46.500476932593436,0.3882721279774144,0.37200381546074746,53.612850926151545,-12.266174389675763,-51.44960372734309,-46.500476932593436,72.97445811607805,74.03799549729695,74.99562545747843,0.0,0.0,0.0,0.0,1.0
bbox_expand_4x__bbox_mean__object_depth,leave_one_out,weather__distance_range,light_rain,,mid,80,85.0,11.180339887498949,78.41494024038144,10.305916991359013,8.669000635206814,0.1154526773765919,0.1048594423687934,12.629357033968102,-0.2760052727315163,-6.585059759618562,-6.905074620377604,20.723494702920657,24.575603391108,26.926957720490606,0.275,0.575,0.8625,0.2875,0.7125
bbox_expand_4x__bbox_mean__object_depth,leave_one_out,weather__distance_range,light_rain,,near,100,40.0,14.142135623730951,76.92291635680314,36.92291635680314,37.30157269671768,1.230964232247292,0.9417481771594653,39.67236199896635,-6.869481532885149,36.92291635680314,37.30157269671768,57.999053130094175,59.38308538818468,65.1898134412763,0.0,0.01,0.14,1.0,0.0
bbox_expand_4x__bbox_mean__object_depth,leave_one_out,time_of_day__distance_range,,10AM,far,60,130.0,14.719601443879744,78.43396595966607,51.566034040333925,46.166601008354775,0.3891447480686626,0.3693328080668382,53.75887823717359,-12.338539950704261,-51.566034040333925,-46.166601008354775,72.83882971706171,75.00067533950748,80.15271176952982,0.0,0.0,0.0,0.0,1.0
bbox_expand_4x__bbox_mean__object_depth,leave_one_out,time_of_day__distance_range,,10AM,mid,80,85.0,11.180339887498949,78.34058883660882,11.183776429073186,10.507637259418772,0.12635347842827946,0.1284960735914628,13.445319074281468,-0.4462128400738965,-6.659411163391172,-7.857520491161999,21.909120322875854,25.03220375911681,26.60880367081262,0.2375,0.475,0.825,0.325,0.675
bbox_expand_4x__bbox_mean__object_depth,leave_one_out,time_of_day__distance_range,,10AM,near,100,40.0,14.142135623730951,76.70319778757931,36.70319778757931,35.551521622600866,1.2132708276469844,0.9309555592066896,39.27954075911241,-6.714411611233865,36.70319778757931,35.551521622600866,58.341608322296054,60.45316146145298,65.1898134412763,0.0,0.0,0.14,1.0,0.0
bbox_expand_4x__bbox_mean__object_depth,leave_one_out,time_of_day__distance_range,,8PM,far,60,130.0,14.719601443879744,76.90247415312423,53.09752584687579,47.37344614136578,0.40062462412236616,0.37955343703579647,55.39523599543054,-13.16291771225897,-53.09752584687579,-47.37344614136578,75.04511824778696,78.61496662863851,81.27532506001033,0.0,0.0,0.0,0.0,1.0
bbox_expand_4x__bbox_mean__object_depth,leave_one_out,time_of_day__distance_range,,8PM,mid,80,85.0,11.180339887498949,77.48013357313411,11.33351507031361,8.900885405950085,0.12716564176698752,0.11572994326240768,13.5242541270767,-0.4632435975500091,-7.5198664268659,-7.446942077015279,22.986665828022716,25.099665807682147,27.926963612503442,0.2,0.55,0.85,0.275,0.725
bbox_expand_4x__bbox_mean__object_depth,leave_one_out,time_of_day__distance_range,,8PM,near,100,40.0,14.142135623730951,77.50338695414908,37.503386954149065,38.40779401357727,1.2489512933510019,0.9601948503394319,40.31480233112786,-7.12641643498956,37.503386954149065,38.40779401357727,57.54714586455352,58.717645322441605,63.402572156138845,0.0,0.01,0.14,1.0,0.0
bbox_expand_4x__bbox_mean__object_depth_percentile_5_95,leave_one_out,weather,clear_sky,,,240,77.5,38.37859646556485,77.61898708739379,32.52500442128237,29.92410043852456,0.6554271186303059,0.35896840529854246,38.48839695499472,-0.00573015004146904,0.11898708739379533,0.45246957156661693,61.498678332090996,71.03266202403083,92.36842748762905,0.09166666666666666,0.14166666666666666,0.3125,0.5041666666666667,0.49583333333333335
bbox_expand_4x__bbox_mean__object_depth_percentile_5_95,leave_one_out,weather,light_rain,,,240,77.5,38.37859646556485,77.37172307403564,30.965494919526762,29.653039199808276,0.6344618770768101,0.34659203508237835,37.00949816437269,0.07007437326481103,-0.1282769259643582,1.2326187224886276,57.71626568012998,67.40532333264767,83.33220954433,0.1,0.2,0.325,0.5083333333333333,0.49166666666666664
bbox_expand_4x__bbox_mean__object_depth_percentile_5_95,leave_one_out,time_of_day,,10AM,,240,77.5,38.37859646556485,75.3557501378799,31.664743286074234,30.19538915622892,0.6260122660035404,0.35916627483330055,37.65889720339744,0.037153580599000424,-2.1442498621201027,-0.8473280126999043,58.843864210302876,71.01205125809602,83.33220954433,0.1,0.17083333333333334,0.31666666666666665,0.49166666666666664,0.5083333333333333
bbox_expand_4x__bbox_mean__object_depth_percentile_5_95,leave_one_out,time_of_day,,8PM,,240,77.5,38.37859646556485,79.63496002354955,31.825756054734892,29.504945036542743,0.6638767297035757,0.34294110070597794,37.85323124870447,0.0271906426243419,2.134960023549532,3.0033077085817084,60.1663998866271,67.78150217258835,92.36842748762905,0.09166666666666666,0.17083333333333334,0.32083333333333336,0.5208333333333334,0.4791666666666667
bbox_expand_4x__bbox_mean__object_depth_percentile_5_95,leave_one_out,distance_range,,,far,120,130.0,14.719601443879744,80.12130486438235,49.878695135617654,46.41865493385193,0.37577862463481654,0.36868894319458045,52.646179804153675,-11.79209345217513,-49.878695135617654,-46.41865493385193,73.79629566453909,77.34903947559094,92.36842748762905,0.0,0.0,0.0,0.0,1.0
bbox_expand_4x__bbox_mean__object_depth_percentile_5_95,leave_one_out,distance_range,,,mid,160,85.0,11.180339887498949,76.7942365302163,12.168429339898818,10.758810687561947,0.13740298457055516,0.12639705286518454,14.98770712375047,-0.7970509186185646,-8.205763469783722,-7.960265216357449,24.98717269766149,27.25315197626214,40.67610533790067,0.25,0.45625,0.78125,0.275,0.725
bbox_expand_4x__bbox_mean__object_depth_percentile_5_95,leave_one_out,distance_range,,,near,200,40.0,14.142135623730951,76.4806800509129,36.52663865568132,36.18618645982732,1.2124772324112052,0.8952837119194642,39.73152834724735,-6.8929717240405965,36.480680050912895,36.18618645982732,56.57135789731973,60.81855888204627,70.12646828169927,0.03,0.045,0.14,0.995,0.005
bbox_expand_4x__bbox_mean__object_depth_percentile_5_95,leave_one_out,weather__distance_range,clear_sky,,far,60,130.0,14.719601443879744,79.20998042883485,50.79001957116514,45.942101379387374,0.3820197958622862,0.37695076806905903,53.759011449088526,-12.33860605530722,-50.79001957116514,-45.942101379387374,76.5321363687773,79.17680176364328,92.36842748762905,0.0,0.0,0.0,0.0,1.0
bbox_expand_4x__bbox_mean__object_depth_percentile_5_95,leave_one_out,weather__distance_range,clear_sky,,mid,80,85.0,11.180339887498949,76.63244808246917,12.66547072738716,12.132314502147366,0.1439230223925839,0.14499279069019544,15.29363496265403,-0.8711621629673101,-8.367551917530827,-10.41506676524805,24.092006397713998,27.51706399998416,40.67610533790067,0.2625,0.3875,0.775,0.2625,0.7375
bbox_expand_4x__bbox_mean__object_depth_percentile_5_95,leave_one_out,weather__distance_range,clear_sky,,near,100,40.0,14.142135623730951,77.45362228646886,37.453622286468864,37.946753793675654,1.2286747892812955,0.998501243329675,40.42426346774822,-7.170605384549617,37.453622286468864,37.946753793675654,56.97405419220425,61.6698800524025,69.77373983377325,0.01,0.03,0.13,1.0,0.0
bbox_expand_4x__bbox_mean__object_depth_percentile_5_95,leave_one_out,weather__distance_range,light_rain,,far,60,130.0,14.719601443879744,81.03262929992987,48.96737070007014,46.41865493385193,0.36953745340734684,0.367867517802292,51.50931162381541,-11.245580849043037,-48.96737070007014,-46.41865493385193,73.7346155476237,76.26617085427416,83.33220954433,0.0,0.0,0.0,0.0,1.0
bbox_expand_4x__bbox_mean__object_depth_percentile_5_95,leave_one_out,weather__distance_range,light_rain,,mid,80,85.0,11.180339887498949,76.95602497796338,11.671387952410477,8.012385285621292,0.13088294674852635,0.10437634118500674,14.675403206853547,-0.7229396742698191,-8.043975022036618,-6.7397866486799956,25.36168549059229,26.693940219624064,35.18239567934457,0.2375,0.525,0.7875,0.2875,0.7125
bbox_expand_4x__bbox_mean__object_depth_percentile_5_95,leave_one_out,weather__distance_range,light_rain,,near,100,40.0,14.142135623730951,75.50773781535692,35.59965502489377,35.35842080879972,1.1962796755411151,0.8737650247550383,39.02649885278355,-6.615338063531579,35.50773781535692,35.35842080879972,55.77819814180305,58.69412483421323,70.12646828169927,0.05,0.06,0.15,0.99,0.01
bbox_expand_4x__bbox_mean__object_depth_percentile_5_95,leave_one_out,time_of_day__distance_range,,10AM,far,60,130.0,14.719601443879744,78.31803803674121,51.68196196325877,47.37543789678009,0.38998383969304123,0.3803580185947377,54.21278300465609,-12.564734651276591,-51.68196196325877,-47.37543789678009,76.30267522563402,79.17680176364328,83.33220954433,0.0,0.0,0.0,0.0,1.0
bbox_expand_4x__bbox_mean__object_depth_percentile_5_95,leave_one_out,time_of_day__distance_range,,10AM,mid,80,85.0,11.180339887498949,74.29892149673033,13.088061484504095,10.758810687561947,0.14582696757022068,0.12389030491950923,16.234517604356547,-1.108476494769301,-10.701078503269686,-10.722677347105531,26.081438786870063,29.281735837750045,40.67610533790067,0.2375,0.425,0.7375,0.2375,0.7625
bbox_expand_4x__bbox_mean__object_depth_percentile_5_95,leave_one_out,time_of_day__distance_range,,10AM,near,100,40.0,14.142135623730951,74.42384031148278,34.51575752101962,34.95060099020153,1.151777560536496,0.8654047875415125,37.80739264270478,-6.146994692198235,34.42384031148278,34.95060099020153,53.99108359991337,57.890446435062415,70.12646828169927,0.05,0.07,0.17,0.99,0.01
bbox_expand_4x__bbox_mean__object_depth_percentile_5_95,leave_one_out,time_of_day__distance_range,,8PM,far,60,130.0,14.719601443879744,81.92457169202348,48.07542830797652,42.86763758824725,0.3615734095765918,0.3466638328957017,51.031506491898,-11.019452253073666,-48.07542830797652,-42.86763758824725,73.38727175699313,76.50510276460744,92.36842748762905,0.0,0.0,0.0,0.0,1.0
bbox_expand_4x__bbox_mean__object_depth_percentile_5_95,leave_one_out,time_of_day__distance_range,,8PM,mid,80,85.0,11.180339887498949,79.28955156370225,11.248797195293543,10.548221462315773,0.12897900157088957,0.1279601389850154,13.62729495565714,-0.4856253424678283,-5.710448436297759,-5.3452859285082965,21.563849632308738,25.456912767157704,27.550030379070954,0.2625,0.4875,0.825,0.3125,0.6875
bbox_expand_4x__bbox_mean__object_depth_percentile_5_95,leave_one_out,time_of_day__distance_range,,8PM,near,100,40.0,14.142135623730951,78.53751979034301,38.537519790343005,40.6001042153633,1.273176904285915,1.0086667041028132,41.56669040441627,-7.638948755882957,38.537519790343005,40.6001042153633,58.73517444953377,63.98437100463582,69.77373983377325,0.01,0.02,0.11,1.0,0.0
bbox_expand_4x__bbox_mean__object_minus_ring,leave_one_out,weather,clear_sky,,,240,77.5,38.37859646556485,75.48061490818306,31.345286448268407,30.392823436384614,0.6153917372117519,0.3507542723170668,37.27443698317279,0.056712654656280725,-2.0193850918169516,-0.23125361248047227,62.01582744365625,68.14641693413365,81.60578253656806,0.0875,0.17083333333333334,0.3375,0.49166666666666664,0.5083333333333333
bbox_expand_4x__bbox_mean__object_minus_ring,leave_one_out,weather,light_rain,,,240,77.5,38.37859646556485,79.51213872407851,31.340576568161314,31.925599127131306,0.645916587728936,0.34345032150432697,37.27600036186703,0.05663352555955137,2.0121387240784996,2.6218566365899107,61.64294863387786,66.89622749510482,79.31824111604006,0.10833333333333334,0.18333333333333332,0.3416666666666667,0.5541666666666667,0.44583333333333336
bbox_expand_4x__bbox_mean__object_minus_ring,leave_one_out,time_of_day,,10AM,,240,77.5,38.37859646556485,75.54944504376462,31.41302322634652,31.153845198001335,0.605595338863444,0.3541230305328601,37.176657902742356,0.06165506569672252,-1.9505549562353888,0.27222552335680916,61.69539074430404,68.14584466578192,79.31824111604006,0.09166666666666666,0.17916666666666667,0.32916666666666666,0.5041666666666667,0.49583333333333335
bbox_expand_4x__bbox_mean__object_minus_ring,leave_one_out,time_of_day,,8PM,,240,77.5,38.37859646556485,79.44330858849692,31.2728397900832,30.982263220819135,0.655712986077244,0.3361191736491987,37.37351953687122,0.05169111451910957,1.943308588496935,2.536381006258914,61.71649189959107,67.01106418404365,81.60578253656806,0.10416666666666667,0.175,0.35,0.5416666666666666,0.4583333333333333
bbox_expand_4x__bbox_mean__object_minus_ring,leave_one_out,distance_range,,,far,120,130.0,14.719601443879744,81.02208719413387,48.97791280586613,43.01389707631493,0.36922330407314413,0.3463026805463755,51.32139382137864,-11.156394448164807,-48.97791280586613,-43.01389707631493,68.44862014784874,72.38416180579759,81.60578253656806,0.0,0.0,0.0,0.0,1.0
bbox_expand_4x__bbox_mean__object_minus_ring,leave_one_out,distance_range,,,mid,160,85.0,11.180339887498949,77.34848664106167,12.311466843611608,10.941365972227338,0.14080268668177948,0.14456147457686525,15.707754272257676,-0.973868354221034,-7.651513358938321,-7.735107132094036,21.982477909924317,26.975686429077957,71.35759583512001,0.24375,0.45,0.81875,0.34375,0.65625
bbox_expand_4x__bbox_mean__object_minus_ring,leave_one_out,distance_range,,,near,200,40.0,14.142135623730951,75.49926272938418,35.9871144613067,34.813935995728855,1.1793938581395154,0.9511977310859384,39.45811086183661,-6.784712563924941,35.49926272938419,34.570773368324886,57.997568766825665,61.62807662087273,76.61007906688303,0.04,0.065,0.16,0.98,0.02
bbox_expand_4x__bbox_mean__object_minus_ring,leave_one_out,weather__distance_range,clear_sky,,far,60,130.0,14.719601443879744,80.40672331915837,49.59327668084161,43.13127912640055,0.3738577835772553,0.35037338780398025,51.99573172640974,-11.477951312760487,-49.59327668084161,-43.13127912640055,70.20716101347708,74.2658104379644,81.60578253656806,0.0,0.0,0.0,0.0,1.0
bbox_expand_4x__bbox_mean__object_minus_ring,leave_one_out,weather__distance_range,clear_sky,,mid,80,85.0,11.180339887498949,75.05773989202187,14.54221016120925,12.878933861609596,0.16738808111877773,0.16800605701311572,18.40683814547337,-1.710493524109228,-9.942260107978138,-9.705601224382107,25.270283312770697,34.1012856195004,71.35759583512001,0.1875,0.3875,0.75,0.275,0.725
bbox_expand_4x__bbox_mean__object_minus_ring,leave_one_out,weather__distance_range,clear_sky,,near,100,40.0,14.142135623730951,72.86324987452682,33.83895333837182,32.087916304010264,1.1187150342668293,0.8199027586979186,37.96495413826101,-6.2066887136013085,32.863249874526794,32.01632458872837,55.654912468478024,61.41837769606452,76.61007906688303,0.06,0.1,0.21,0.96,0.04
bbox_expand_4x__bbox_mean__object_minus_ring,leave_one_out,weather__distance_range,light_rain,,far,60,130.0,14.719601443879744,81.63745106910935,48.36254893089064,42.956943189795105,0.3645888245690329,0.34462219896778845,50.63807667924711,-10.834837583569128,-48.36254893089064,-42.956943189795105,67.96057553556304,68.81864355750754,79.31824111604006,0.0,0.0,0.0,0.0,1.0
bbox_expand_4x__bbox_mean__object_minus_ring,leave_one_out,weather__distance_range,light_rain,,mid,80,85.0,11.180339887498949,79.6392333901015,10.080723526013966,9.598783621379106,0.11421729224478128,0.11894410433350908,12.436052349584449,-0.23724318433283909,-5.360766609898505,-3.4586690578002717,20.761157693863176,21.092441343095096,29.12732286793883,0.3,0.5125,0.8875,0.4125,0.5875
bbox_expand_4x__bbox_mean__object_minus_ring,leave_one_out,weather__distance_range,light_rain,,near,100,40.0,14.142135623730951,78.13527558424158,38.13527558424159,38.091213855934505,1.2400726820122017,0.985353656848642,40.89678817278584,-7.3627364142485785,38.13527558424159,38.091213855934505,60.17579043534423,61.6613485066214,64.54824699556669,0.02,0.03,0.11,1.0,0.0
bbox_expand_4x__bbox_mean__object_minus_ring,leave_one_out,time_of_day__distance_range,,10AM,far,60,130.0,14.719601443879744,79.67951336161222,50.32048663838777,44.069429906900055,0.38015975694492493,0.3532003536866506,52.54040651780121,-11.740743001796037,-50.32048663838777,-44.069429906900055,70.77982820567622,74.2658104379644,79.31824111604006,0.0,0.0,0.0,0.0,1.0
bbox_expand_4x__bbox_mean__object_minus_ring,leave_one_out,time_of_day__distance_range,,10AM,mid,80,85.0,11.180339887498949,74.53938859484063,14.068184670894533,11.789549334759023,0.16024475614523004,0.15324616762203935,18.287838348427744,-1.6755602516657957,-10.46061140515936,-9.423907528675684,27.0415149189392,34.1012856195004,71.35759583512001,0.2,0.425,0.7625,0.275,0.725
bbox_expand_4x__bbox_mean__object_minus_ring,leave_one_out,time_of_day__distance_range,,10AM,near,100,40.0,14.142135623730951,73.87944921219523,33.94441602348337,34.19039498165652,1.0971371541891266,0.9511977310859384,37.32555059690374,-5.965983636810106,33.87944921219522,34.19039498165652,52.77558176829054,61.14826458017501,76.61007906688303,0.06,0.09,0.18,0.99,0.01
bbox_expand_4x__bbox_mean__object_minus_ring,leave_one_out,time_of_day__distance_range,,8PM,far,60,130.0,14.719601443879744,82.36466102665548,47.635338973344496,42.30191127077934,0.3582868512013633,0.33841529016623473,50.07271323268068,-10.572045894533575,-47.635338973344496,-42.30191127077934,67.87066059928458,69.84333189831486,81.60578253656806,0.0,0.0,0.0,0.0,1.0
bbox_expand_4x__bbox_mean__object_minus_ring,leave_one_out,time_of_day__distance_range,,8PM,mid,80,85.0,11.180339887498949,80.15758468728271,10.554749016328683,10.68830211080789,0.12136061721832898,0.1355054329061341,12.610394803376854,-0.2721764567762719,-4.84241531271728,-4.6163356374987785,20.502758598814232,21.250650690374155,22.335728211316365,0.2875,0.475,0.875,0.4125,0.5875
bbox_expand_4x__bbox_mean__object_minus_ring,leave_one_out,time_of_day__distance_range,,8PM,near,100,40.0,14.142135623730951,77.11907624657317,38.02981289913004,38.14354194822106,1.2616505620899041,0.9231806938642513,41.48118004840214,-7.603441491039778,37.119076246573165,38.14354194822106,60.67531243002548,61.75123765085684,75.44552055757269,0.02,0.04,0.14,0.97,0.03
bbox_expand_4x__bbox_mean__object_minus_ring_normalized,leave_one_out,weather,clear_sky,,,240,77.5,38.37859646556485,76.92212095159066,32.24200483180991,29.802412779145534,0.6467823467229302,0.3455129145475833,37.92646747279489,0.023422731565509003,-0.5778790484093425,-0.5818188591203537,59.52269078487091,70.36283521995658,74.16320269720072,0.06666666666666667,0.1375,0.32916666666666666,0.49166666666666664,0.5083333333333333
bbox_expand_4x__bbox_mean__object_minus_ring_normalized,leave_one_out,weather,light_rain,,,240,77.5,38.37859646556485,77.99227100422384,32.21808011980774,31.968835195457544,0.6629592859092023,0.3499649943029674,37.98606834409988,0.020350966963987305,0.492271004223835,0.684815956800783,59.84247063509527,69.4973173531025,78.08804608602534,0.08333333333333333,0.1875,0.325,0.5083333333333333,0.49166666666666664
bbox_expand_4x__bbox_mean__object_minus_ring_normalized,leave_one_out,time_of_day,,10AM,,240,77.5,38.37859646556485,76.03387728606802,32.63775298700708,33.21316900025914,0.6514131008466407,0.36313514540958836,38.190731383478415,0.009766135034792844,-1.4661227139319748,-1.0663430499834732,59.4505528960058,70.36392743262428,78.08804608602534,0.06666666666666667,0.15416666666666667,0.3125,0.48333333333333334,0.5166666666666667
bbox_expand_4x__bbox_mean__object_minus_ring_normalized,leave_one_out,time_of_day,,8PM,,240,77.5,38.37859646556485,78.88051466974647,31.82233196461056,30.04028917125411,0.6583285317854916,0.33706226245307624,37.720370618574165,0.03400756349470346,1.3805146697464692,3.878310954352024,60.1509223594657,69.49000643196177,74.16320269720072,0.08333333333333333,0.17083333333333334,0.3416666666666667,0.5166666666666667,0.48333333333333334
bbox_expand_4x__bbox_mean__object_minus_ring_normalized,leave_one_out,distance_range,,,far,120,130.0,14.719601443879744,79.30069691055981,50.69930308944018,45.401512265171945,0.38252843345385834,0.3634314595228506,52.864151933660146,-11.89823950614663,-50.69930308944018,-45.401512265171945,70.73573893433776,73.37185492448207,78.08804608602534,0.0,0.0,0.0,0.0,1.0
bbox_expand_4x__bbox_mean__object_minus_ring_normalized,leave_one_out,distance_range,,,mid,160,85.0,11.180339887498949,77.04268710357097,11.914682182962288,10.149221697662774,0.13437953070765266,0.1273806222370889,14.76257509432482,-0.7434689873246361,-7.957312896429028,-9.242716149783703,21.599874851655706,24.847768167997238,45.81859151321077,0.225,0.475,0.75625,0.2625,0.7375
bbox_expand_4x__bbox_mean__object_minus_ring_normalized,leave_one_out,distance_range,,,near,200,40.0,14.142135623730951,76.68270251778473,37.40077434190723,38.20514266412351,1.2346692745201218,0.9633845699584883,40.081316761274074,-7.03255976658795,36.682702517784726,37.82429618513435,58.207052558816805,59.51808872845287,63.56825629790869,0.0,0.01,0.18,0.99,0.01
bbox_expand_4x__bbox_mean__object_minus_ring_normalized,leave_one_out,weather__distance_range,clear_sky,,far,60,130.0,14.719601443879744,78.91802186712832,51.08197813287167,45.33273848374878,0.3853337099136253,0.3647429754413154,53.30947144502754,-12.116460364991726,-51.08197813287167,-45.33273848374878,71.59378587758344,73.37185492448207,74.16320269720072,0.0,0.0,0.0,0.0,1.0
bbox_expand_4x__bbox_mean__object_minus_ring_normalized,leave_one_out,weather__distance_range,clear_sky,,mid,80,85.0,11.180339887498949,75.91123219533604,12.747916636686266,10.560126694438331,0.14423846755713915,0.13072690984510676,15.79260484684329,-0.9952509427883052,-9.088767804663966,-10.149221697662774,23.379099866080363,28.35064094973095,45.81859151321077,0.2,0.4125,0.725,0.225,0.775
bbox_expand_4x__bbox_mean__object_minus_ring_normalized,leave_one_out,weather__distance_range,clear_sky,,near,100,40.0,14.142135623730951,76.53329140727175,36.533291407271754,36.979088615972216,1.2056866321411461,0.9271969999032684,39.338730307270616,-6.7376785109408575,36.533291407271754,36.979088615972216,57.11618665705464,59.43188305275819,63.56825629790869,0.0,0.0,0.21,1.0,0.0
bbox_expand_4x__bbox_mean__object_minus_ring_normalized,leave_one_out,weather__distance_range,light_rain,,far,60,130.0,14.719601443879744,79.68337195399131,50.31662804600869,45.401512265171945,0.3797231569940914,0.36321209812137556,52.415049113608575,-11.680018647301532,-50.31662804600869,-45.401512265171945,70.36667476310504,70.84196923019469,78.08804608602534,0.0,0.0,0.0,0.0,1.0
bbox_expand_4x__bbox_mean__object_minus_ring_normalized,leave_one_out,weather__distance_range,light_rain,,mid,80,85.0,11.180339887498949,78.17414201180591,11.08144772923831,9.593784187293359,0.12452059385816616,0.12543373007629638,13.655067886415681,-0.49168703186096674,-6.8258579881940875,-8.179451582842908,20.55532717419229,22.19496928761537,38.699356961945014,0.25,0.5375,0.7875,0.3,0.7
bbox_expand_4x__bbox_mean__object_minus_ring_normalized,leave_one_out,weather__distance_range,light_rain,,near,100,40.0,14.142135623730951,76.83211362829769,38.2682572765427,39.02559929355242,1.2636519168990974,0.9756399823388104,40.810393338548074,-7.327441022235046,36.832113628297684,38.921979884838876,58.212310356784734,59.64294557685515,61.767328371201614,0.0,0.02,0.15,0.98,0.02
bbox_expand_4x__bbox_mean__object_minus_ring_normalized,leave_one_out,time_of_day__distance_range,,10AM,far,60,130.0,14.719601443879744,78.23210173267792,51.76789826732208,45.610696119059014,0.3910765035505198,0.36730601220538067,53.854907725489525,-12.38623578209688,-51.76789826732208,-45.610696119059014,71.59378587758344,73.3760356690326,78.08804608602534,0.0,0.0,0.0,0.0,1.0
bbox_expand_4x__bbox_mean__object_minus_ring_normalized,leave_one_out,time_of_day__distance_range,,10AM,mid,80,85.0,11.180339887498949,75.2050843330298,13.06968447455758,10.560126694438331,0.14733934617310485,0.12920710284473336,16.30388688016059,-1.1265338192085808,-9.794915666970205,-10.38446878402496,24.667413868932798,31.62797731580765,45.81859151321077,0.2,0.4375,0.7375,0.225,0.775
bbox_expand_4x__bbox_mean__object_minus_ring_normalized,leave_one_out,time_of_day__distance_range,,10AM,near,100,40.0,14.142135623730951,75.37797698053268,36.81412062877769,38.01738479866633,1.210874062963142,0.9638989518609176,39.339708680397656,-6.738063395292773,35.37797698053268,37.45148705473103,54.70826561954085,58.21812073657946,60.11829873675225,0.0,0.02,0.16,0.98,0.02
bbox_expand_4x__bbox_mean__object_minus_ring_normalized,leave_one_out,time_of_day__distance_range,,8PM,far,60,130.0,14.719601443879744,80.36929208844171,49.630707911558275,44.941054633102915,0.37398036335719687,0.3595284370648233,51.85446975149987,-11.410243230196377,-49.630707911558275,-44.941054633102915,70.35469356326226,71.25685031848447,74.16320269720072,0.0,0.0,0.0,0.0,1.0
bbox_expand_4x__bbox_mean__object_minus_ring_normalized,leave_one_out,time_of_day__distance_range,,8PM,mid,80,85.0,11.180339887498949,78.88028987411215,10.759679891366996,9.842641931259642,0.12141971524220044,0.12700964002339887,13.040341998202592,-0.36040415544069115,-6.11971012588785,-6.78239806719052,20.987886902387228,21.815916635072455,28.292122404423246,0.25,0.5125,0.775,0.3,0.7
bbox_expand_4x__bbox_mean__object_minus_ring_normalized,leave_one_out,time_of_day__distance_range,,8PM,near,100,40.0,14.142135623730951,77.98742805503679,37.987428055036766,38.34229418480756,1.2584644860771015,0.9585573546201889,40.80945022389576,-7.327056137883128,37.987428055036766,38.34229418480756,59.29149152212544,59.61763347254188,63.56825629790869,0.0,0.0,0.2,1.0,0.0
bbox_expand_4x__bbox_midpoint__object_depth,leave_one_out,weather,clear_sky,,,240,77.5,38.37859646556485,75.32667178129647,30.769615138071362,25.951492866616448,0.5807336631337324,0.3416972426770144,37.327326678101244,0.05403384423172475,-2.173328218703534,-2.2559958678652876,62.995450921913495,70.65640353165065,87.68048423600682,0.1,0.17916666666666667,0.37083333333333335,0.4791666666666667,0.5208333333333334
bbox_expand_4x__bbox_midpoint__object_depth,leave_one_out,weather,light_rain,,,240,77.5,38.37859646556485,79.69255027737636,29.19644199458745,27.54328578977803,0.5952514587380334,0.31761578783863686,34.92946941697738,0.1716654028277963,2.1925502773763563,4.404600292212685,57.05020356258137,66.52855937143244,76.69138878569532,0.10416666666666667,0.19166666666666668,0.375,0.5583333333333333,0.44166666666666665
bbox_expand_4x__bbox_midpoint__object_depth,leave_one_out,time_of_day,,10AM,,240,77.5,38.37859646556485,75.75553604199052,28.613364448885054,24.718011371571315,0.5341216110857208,0.31376939232431694,34.72954777260117,0.18112034727736093,-1.744463958009472,-0.19542699648997086,58.80692363072085,66.36478697611078,87.68048423600682,0.10416666666666667,0.2,0.4041666666666667,0.49583333333333335,0.5041666666666667
bbox_expand_4x__bbox_midpoint__object_depth,leave_one_out,time_of_day,,8PM,,240,77.5,38.37859646556485,79.26368601668231,31.352692683773753,28.285692606373388,0.6418635107860451,0.35063397574050176,37.51340643284558,0.04457889978216001,1.763686016682296,4.440743457822499,62.86480250189469,68.06877065949901,87.60879067684203,0.1,0.17083333333333334,0.3416666666666667,0.5416666666666666,0.4583333333333333
bbox_expand_4x__bbox_midpoint__object_depth,leave_one_out,distance_range,,,far,120,130.0,14.719601443879744,82.66169759476958,47.33830240523043,43.79295065104131,0.35594074069239134,0.3554416236543062,50.47278624940682,-10.757702238976817,-47.33830240523043,-43.79295065104131,70.75898590243565,77.04346135798234,87.68048423600682,0.0,0.0,0.025,0.0,1.0
bbox_expand_4x__bbox_midpoint__object_depth,leave_one_out,distance_range,,,mid,160,85.0,11.180339887498949,78.8573282924208,12.374238388890225,11.570607658283777,0.14445502463380638,0.13612092733699563,15.136408335897457,-0.8328868584882083,-6.1426717075792014,-7.147267338678077,24.434027079106333,27.42228921232695,43.15048090091295,0.2625,0.45,0.8,0.35,0.65
bbox_expand_4x__bbox_midpoint__object_depth,leave_one_out,distance_range,,,near,200,40.0,14.142135623730951,73.34018527960899,33.65689640494014,32.56440781863421,1.082053682123639,0.838318387771286,37.739721831334286,-6.121433019532449,33.340185279609,32.56440781863421,57.0615706061114,62.760626783368366,76.69138878569532,0.035,0.085,0.24,0.965,0.035
bbox_expand_4x__bbox_midpoint__object_depth,leave_one_out,weather__distance_range,clear_sky,,far,60,130.0,14.719601443879744,79.99933838634577,50.00066161365421,45.80197661144822,0.37610125438271275,0.3850085625606809,53.327874449319914,-12.125517815149667,-50.00066161365421,-45.80197661144822,77.13274843655194,81.09357494891482,87.68048423600682,0.0,0.0,0.03333333333333333,0.0,1.0
bbox_expand_4x__bbox_midpoint__object_depth,leave_one_out,weather__distance_range,clear_sky,,mid,80,85.0,11.180339887498949,75.7246597402939,14.026210891778089,12.904924401695048,0.16217638219891906,0.15402421531868532,16.903280633696113,-1.2857671694518884,-9.275340259706109,-10.021145377350514,25.98044459961923,27.84273982812668,43.15048090091295,0.225,0.3875,0.725,0.25,0.75
bbox_expand_4x__bbox_midpoint__object_depth,leave_one_out,weather__distance_range,clear_sky,,near,100,40.0,14.142135623730951,72.20468145106892,32.625710649756265,28.824259356632012,1.0383589331321947,0.7500995049535619,37.53793185201081,-6.045481638631038,32.20468145106893,28.824259356632012,58.99133511142823,65.05538126347412,73.04068423910347,0.06,0.12,0.29,0.95,0.05
bbox_expand_4x__bbox_midpoint__object_depth,leave_one_out,weather__distance_range,light_rain,,far,60,130.0,14.719601443879744,85.32405680319337,44.675943196806635,40.892517931694066,0.33578022700206994,0.32805921569373403,47.446202274515,-9.389886662803967,-44.675943196806635,-40.892517931694066,68.05866464521817,68.83724738856299,71.9208014569352,0.0,0.0,0.016666666666666666,0.0,1.0
bbox_expand_4x__bbox_midpoint__object_depth,leave_one_out,weather__distance_range,light_rain,,mid,80,85.0,11.180339887498949,81.9899968445477,10.722265886002358,9.910267643230696,0.12673366706869374,0.12086001335478114,13.133956694026594,-0.3800065475245278,-3.0100031554522966,-1.311248114444652,20.82847408241246,25.2249904461401,34.41989091490538,0.3,0.5125,0.875,0.45,0.55
bbox_expand_4x__bbox_midpoint__object_depth,leave_one_out,weather__distance_range,light_rain,,near,100,40.0,14.142135623730951,74.47568910814907,34.688082160124004,35.372280974666616,1.1257484311150834,0.938014411381108,37.94043858585153,-6.197384400433859,34.47568910814907,35.372280974666616,55.471693163700465,61.61503239974939,76.69138878569532,0.01,0.05,0.19,0.98,0.02
bbox_expand_4x__bbox_midpoint__object_depth,leave_one_out,time_of_day__distance_range,,10AM,far,60,130.0,14.719601443879744,83.22614655617578,46.77385344382423,42.3062738796001,0.3522119549233139,0.3384501910368008,49.6696782982746,-10.386508964249646,-46.77385344382423,-42.3062738796001,68.35134152833642,72.17247009805905,87.68048423600682,0.0,0.0,0.016666666666666666,0.0,1.0
bbox_expand_4x__bbox_midpoint__object_depth,leave_one_out,time_of_day__distance_range,,10AM,mid,80,85.0,11.180339887498949,77.28935996459391,12.641406245644173,11.462863729372366,0.14701867925889572,0.13553452915669623,15.777740157311447,-0.9914966757731059,-7.710640035406084,-8.016475512531333,24.52699244692224,27.988583792738297,43.15048090091295,0.2625,0.45,0.8,0.3,0.7
bbox_expand_4x__bbox_midpoint__object_depth,leave_one_out,time_of_day__distance_range,,10AM,near,100,40.0,14.142135623730951,70.04611059539667,30.494637614514254,28.152598435842663,0.9529497502446249,0.6922887415408874,34.8617804973407,-5.076718697223822,30.046110595396673,28.152598435842663,53.698079484273876,59.04316342556589,71.9559460897683,0.04,0.12,0.32,0.95,0.05
bbox_expand_4x__bbox_midpoint__object_depth,leave_one_out,time_of_day__distance_range,,8PM,far,60,130.0,14.719601443879744,82.0972486333634,47.90275136663661,44.866074046079596,0.35966952646146877,0.36606402554219997,51.263313990635936,-11.128895513703986,-47.90275136663661,-44.866074046079596,71.9392364810733,78.84810102684803,87.60879067684203,0.0,0.0,0.03333333333333333,0.0,1.0
bbox_expand_4x__bbox_midpoint__object_depth,leave_one_out,time_of_day__distance_range,,8PM,mid,80,85.0,11.180339887498949,80.42529662024768,12.107070532136277,11.67053353910756,0.14189137000871707,0.14153348168756158,14.466673085074321,-0.6742770412033103,-4.574703379752321,-4.433380658901925,24.43402707910634,25.91449606903876,32.38036606809098,0.2625,0.45,0.8,0.4,0.6
bbox_expand_4x__bbox_midpoint__object_depth,leave_one_out,time_of_day__distance_range,,8PM,near,100,40.0,14.142135623730951,76.63425996382131,36.81915519536602,37.84265945248944,1.2111576140026534,1.0212570980112323,40.41323382715389,-7.166147341841077,36.634259963821336,37.84265945248944,59.6390605946138,65.69010498775977,76.69138878569532,0.03,0.05,0.16,0.98,0.02
bbox_expand_4x__bbox_midpoint__object_depth_percentile_5_95,leave_one_out,weather,clear_sky,,,240,77.5,38.37859646556485,76.99265618900148,32.40028534132396,28.81999459522548,0.6457755248791425,0.3446445711585388,38.33601673060566,0.002217700411240364,-0.507343810998511,-1.057490337239507,64.1548080775699,67.89370596738408,88.16001448446332,0.041666666666666664,0.12916666666666668,0.3416666666666667,0.49166666666666664,0.5083333333333333
bbox_expand_4x__bbox_midpoint__object_depth_percentile_5_95,leave_one_out,weather,light_rain,,,240,77.5,38.37859646556485,78.0073996203107,29.709999065065364,28.89220324855807,0.6062818610704866,0.3358657277821191,35.675596935073216,0.13589937198949575,0.5073996203106996,1.4592870313847612,59.37173950626025,66.63449820373215,88.16001448446332,0.12916666666666668,0.21666666666666667,0.35,0.5166666666666667,0.48333333333333334
bbox_expand_4x__bbox_midpoint__object_depth_percentile_5_95,leave_one_out,time_of_day,,10AM,,240,77.5,38.37859646556485,74.31060807903768,31.083024593172272,30.592463119346412,0.5969257386936744,0.3538573076759401,37.11617713945424,0.06470567098341462,-3.1893919209623203,-3.000856767616341,61.11245053473389,70.1072693178609,88.16001448446332,0.07916666666666666,0.17916666666666667,0.3541666666666667,0.475,0.525
bbox_expand_4x__bbox_midpoint__object_depth_percentile_5_95,leave_one_out,time_of_day,,8PM,,240,77.5,38.37859646556485,80.68944773027451,31.027259813217054,27.970757474677384,0.6551316472559549,0.3172602280328494,36.94303439074458,0.07341140141732161,3.1894477302745106,3.6673213273241316,63.004503159554616,66.53017301598081,88.16001448446332,0.09166666666666666,0.16666666666666666,0.3375,0.5333333333333333,0.4666666666666667
bbox_expand_4x__bbox_midpoint__object_depth_percentile_5_95,leave_one_out,distance_range,,,far,120,130.0,14.719601443879744,82.31102819777486,47.68897180222515,44.546857552237924,0.3588038171282061,0.3469874984829559,51.064674015360936,-11.035081225977283,-47.68897180222515,-44.546857552237924,71.66876846249315,77.71878106776117,88.16001448446332,0.0,0.0,0.03333333333333333,0.0,1.0
bbox_expand_4x__bbox_midpoint__object_depth_percentile_5_95,leave_one_out,distance_range,,,mid,160,85.0,11.180339887498949,76.66767291703323,13.299558109311215,12.14013388773391,0.15267874548162755,0.13688411999646327,16.339704748841747,-1.135887610234572,-8.332327082966767,-7.65385858454119,27.780397559521717,29.005322809724877,37.843667047012,0.2125,0.45625,0.775,0.2625,0.7375
bbox_expand_4x__bbox_midpoint__object_depth_percentile_5_95,leave_one_out,distance_range,,,near,200,40.0,14.142135623730951,75.27931171888312,35.27931171888313,35.21841703861442,1.1650435764773295,0.9532464614250963,38.89381382856656,-6.563643770655975,35.27931171888313,35.21841703861442,59.35553736935378,64.93548176326821,74.22806843563693,0.035,0.05,0.19,1.0,0.0
bbox_expand_4x__bbox_midpoint__object_depth_percentile_5_95,leave_one_out,weather__distance_range,clear_sky,,far,60,130.0,14.719601443879744,80.41178303124171,49.58821696875827,45.12273207122134,0.37263176383275465,0.3609997024258511,53.196405091161836,-12.060880836721488,-49.58821696875827,-45.12273207122134,75.52049898973792,80.9976252279188,88.16001448446332,0.0,0.0,0.016666666666666666,0.0,1.0
bbox_expand_4x__bbox_midpoint__object_depth_percentile_5_95,leave_one_out,weather__distance_range,clear_sky,,mid,80,85.0,11.180339887498949,75.62407476503509,14.96463676886508,14.153437562583925,0.17326294792382285,0.16925242164622017,17.563514008263315,-1.467816194547693,-9.375925234964907,-11.19383611415779,27.78039755952173,29.324007255479703,37.843667047012,0.1125,0.3625,0.7375,0.225,0.775
bbox_expand_4x__bbox_midpoint__object_depth_percentile_5_95,leave_one_out,weather__distance_range,clear_sky,,near,100,40.0,14.142135623730951,76.03604522283047,36.03604522283046,34.744302203854105,1.187671843071231,0.9865950989907994,39.78019985894619,-6.912321504088513,36.03604522283046,34.744302203854105,62.224482888053835,65.58252643278178,67.87218102449226,0.01,0.02,0.22,1.0,0.0
bbox_expand_4x__bbox_midpoint__object_depth_percentile_5_95,leave_one_out,weather__distance_range,light_rain,,far,60,130.0,14.719601443879744,84.21027336430798,45.789726635692006,44.23216345949251,0.34497587042365746,0.3431492110486846,48.8399872027744,-10.009281615233078,-45.789726635692006,-44.23216345949251,69.51892209486172,71.96903756810164,88.16001448446332,0.0,0.0,0.05,0.0,1.0
bbox_expand_4x__bbox_midpoint__object_depth_percentile_5_95,leave_one_out,weather__distance_range,light_rain,,mid,80,85.0,11.180339887498949,77.71127106903137,11.634479449757352,8.499747793270899,0.13209454303943224,0.11720551534889814,15.016486880764802,-0.8039590259214513,-7.288728930968628,-5.828412041201624,25.934754951642713,27.904304852502726,37.843667047012,0.3125,0.55,0.8125,0.3,0.7
bbox_expand_4x__bbox_midpoint__object_depth_percentile_5_95,leave_one_out,weather__distance_range,light_rain,,near,100,40.0,14.142135623730951,74.5225782149358,34.52257821493579,35.73361564426861,1.1424153098834275,0.9532464614250963,37.986750419648786,-6.214966037223435,34.52257821493579,35.73361564426861,49.84740364164717,62.47382677545136,74.22806843563693,0.06,0.08,0.16,1.0,0.0
bbox_expand_4x__bbox_midpoint__object_depth_percentile_5_95,leave_one_out,time_of_day__distance_range,,10AM,far,60,130.0,14.719601443879744,78.83534011260153,51.164659887398486,48.62464793128047,0.3860230839195438,0.39488330240586766,54.254611383707385,-12.585674721832818,-51.164659887398486,-48.62464793128047,75.12764964975122,80.9976252279188,88.16001448446332,0.0,0.0,0.016666666666666666,0.0,1.0
bbox_expand_4x__bbox_midpoint__object_depth_percentile_5_95,leave_one_out,time_of_day__distance_range,,10AM,mid,80,85.0,11.180339887498949,73.19083492711447,14.261094638420508,12.296270534595912,0.16070650104969414,0.1422413272142341,17.556090428285934,-1.465730489009224,-11.809165072885536,-11.846715688214253,27.872420339586473,37.843667047012,37.843667047012,0.1625,0.45,0.7875,0.175,0.825
bbox_expand_4x__bbox_midpoint__object_depth_percentile_5_95,leave_one_out,time_of_day__distance_range,,10AM,near,100,40.0,14.142135623730951,72.49158738043795,32.49158738043795,33.10525505305171,1.072442721673337,0.8594084204912498,35.966021330339565,-5.467773451672203,32.49158738043795,33.10525505305171,50.35921290431418,55.92999470101092,74.22806843563693,0.06,0.07,0.21,1.0,0.0
bbox_expand_4x__bbox_midpoint__object_depth_percentile_5_95,leave_one_out,time_of_day__distance_range,,8PM,far,60,130.0,14.719601443879744,85.78671628294819,44.2132837170518,39.843994708504276,0.33158455033686846,0.32751270444012226,47.66171428088844,-9.484487730121746,-44.2132837170518,-39.843994708504276,68.27202557024597,71.8338677840276,88.16001448446332,0.0,0.0,0.05,0.0,1.0
bbox_expand_4x__bbox_midpoint__object_depth_percentile_5_95,leave_one_out,time_of_day__distance_range,,8PM,mid,80,85.0,11.180339887498949,80.14451090695201,12.338021580201923,11.98714063170793,0.14465098991356098,0.1321090080053539,15.025165271386872,-0.8060447314599208,-4.855489093047998,-4.8220877606094135,23.67023889886776,27.78039755952173,30.25854341914176,0.2625,0.4625,0.7625,0.35,0.65
bbox_expand_4x__bbox_midpoint__object_depth_percentile_5_95,leave_one_out,time_of_day__distance_range,,8PM,near,100,40.0,14.142135623730951,78.06703605732831,38.06703605732831,38.93687925508026,1.2576444312813218,1.0562607139584232,41.61613650890661,-7.659514089639746,38.06703605732831,38.93687925508026,63.08456434101041,66.05708514839398,73.39016375575825,0.01,0.03,0.17,1.0,0.0
bbox_expand_4x__bbox_midpoint__object_minus_ring,leave_one_out,weather,clear_sky,,,240,77.5,38.37859646556485,74.81206382645378,30.251135121045802,27.474891206433945,0.5725570632236342,0.31694879780387075,36.283120883803726,0.10621904764783219,-2.6879361735462037,-2.3234990455335733,62.45469873837428,67.698077003845,81.23675123037174,0.10833333333333334,0.175,0.38333333333333336,0.4708333333333333,0.5291666666666667
bbox_expand_4x__bbox_midpoint__object_minus_ring,leave_one_out,weather,light_rain,,,240,77.5,38.37859646556485,80.16774968218357,29.57993659540817,27.93571419369701,0.6017593526709784,0.31926299507259204,35.238255158221946,0.15695527472976145,2.6677496821835596,4.84616005540245,61.131821304310215,63.93866453337662,77.81747013319053,0.10833333333333334,0.2,0.3541666666666667,0.5416666666666666,0.4583333333333333
bbox_expand_4x__bbox_midpoint__object_minus_ring,leave_one_out,time_of_day,,10AM,,240,77.5,38.37859646556485,74.0738885950546,29.858476755880552,27.474891206433945,0.5446833937223795,0.3671592195166021,35.71687212683042,0.13389875789011219,-3.4261114049454098,-2.1159303912437863,61.4496080473803,65.56259623652862,81.23675123037174,0.11666666666666667,0.1875,0.3541666666666667,0.4791666666666667,0.5208333333333334
bbox_expand_4x__bbox_midpoint__object_minus_ring,leave_one_out,time_of_day,,8PM,,240,77.5,38.37859646556485,80.90592491358277,29.97259496057342,27.749052745678746,0.6296330221722332,0.29730303589015905,35.81207244966861,0.12927556448748145,3.4059249135827714,3.7744228896961687,61.42145186337195,63.859051363831966,77.27520050369671,0.1,0.1875,0.38333333333333336,0.5333333333333333,0.4666666666666667
bbox_expand_4x__bbox_midpoint__object_minus_ring,leave_one_out,distance_range,,,far,120,130.0,14.719601443879744,84.46318938805943,45.53681061194057,39.07919166434611,0.34256896345649346,0.3184844075808745,48.15476149049289,-9.702527942490415,-45.53681061194057,-39.07919166434611,65.9898804926266,69.97156201912593,81.23675123037174,0.0,0.0,0.0,0.0,1.0
bbox_expand_4x__bbox_midpoint__object_minus_ring,leave_one_out,distance_range,,,mid,160,85.0,11.180339887498949,77.89130500981638,13.482591417086748,12.174916950007699,0.1593988594705235,0.13400296417624163,17.446812394947248,-1.4351301019558793,-7.108694990183622,-5.5456084828556484,25.3831260211822,38.09034541536396,77.60419915550719,0.25,0.425,0.81875,0.3375,0.6625
bbox_expand_4x__bbox_midpoint__object_minus_ring,leave_one_out,distance_range,,,near,200,40.0,14.142135623730951,72.98481856967607,33.68912655891103,35.02816936861906,1.0761192334232204,0.7663510124128305,37.88136405250293,-6.174988712391307,32.984818569676065,35.02816936861906,57.48866216983233,64.97149473670883,70.06298350974444,0.06,0.11,0.23,0.945,0.055
bbox_expand_4x__bbox_midpoint__object_minus_ring,leave_one_out,weather__distance_range,clear_sky,,far,60,130.0,14.719601443879744,83.3042122161397,46.695787783860304,41.1625434991413,0.3514801226644149,0.3293003479931304,49.40172696853116,-10.263987511415225,-46.695787783860304,-41.1625434991413,67.83830387587052,71.93832901366183,81.23675123037174,0.0,0.0,0.0,0.0,1.0
bbox_expand_4x__bbox_midpoint__object_minus_ring,leave_one_out,weather__distance_range,clear_sky,,mid,80,85.0,11.180339887498949,74.43426870710813,16.489901283963054,16.164527360696965,0.19634988608135678,0.1884684942265076,21.02202367554633,-2.5354038353218433,-10.565731292891869,-10.695039795323709,32.595207022032156,41.15925257615282,77.60419915550719,0.2125,0.325,0.7375,0.275,0.725
bbox_expand_4x__bbox_midpoint__object_minus_ring,leave_one_out,weather__distance_range,clear_sky,,near,100,40.0,14.142135623730951,70.01901088811877,31.393330593023297,29.3459799117852,1.0061689692729876,0.6970175959860616,36.6286350625948,-5.708284532743746,30.019010888118796,29.3459799117852,58.34957702179941,63.74190289295922,68.60684510414954,0.09,0.16,0.33,0.91,0.09
bbox_expand_4x__bbox_midpoint__object_minus_ring,leave_one_out,weather__distance_range,light_rain,,far,60,130.0,14.719601443879744,85.62216655997919,44.37783344002083,38.65070445544884,0.333657804248572,0.31629476093317715,46.87463579527007,-9.141068373565608,-44.37783344002083,-38.65070445544884,63.943106194210266,65.99225483208507,77.81747013319053,0.0,0.0,0.0,0.0,1.0
bbox_expand_4x__bbox_midpoint__object_minus_ring,leave_one_out,weather__distance_range,light_rain,,mid,80,85.0,11.180339887498949,81.34834131252462,10.475281550210443,9.282535395174065,0.12244783285969026,0.11918201247879928,12.917315745685691,-0.33485636858991574,-3.6516586874753765,-2.415406267267187,19.617799287174794,22.86047708454108,42.55985790661226,0.2875,0.525,0.9,0.4,0.6
bbox_expand_4x__bbox_midpoint__object_minus_ring,leave_one_out,weather__distance_range,light_rain,,near,100,40.0,14.142135623730951,75.95062625123334,35.98492252479876,37.04435487155847,1.1460694975734529,0.9234425711898779,39.09397112609275,-6.641692892038868,35.950626251233345,37.04435487155847,55.05603791549608,64.97149473670883,70.06298350974444,0.03,0.06,0.13,0.98,0.02
bbox_expand_4x__bbox_midpoint__object_minus_ring,leave_one_out,time_of_day__distance_range,,10AM,far,60,130.0,14.719601443879744,82.50372024982933,47.49627975017065,41.64100976915247,0.3582519585974111,0.3394464011048314,50.00531291410703,-10.540913782943504,-47.49627975017065,-41.64100976915247,67.83830387587052,71.3294918711292,81.23675123037174,0.0,0.0,0.0,0.0,1.0
bbox_expand_4x__bbox_midpoint__object_minus_ring,leave_one_out,time_of_day__distance_range,,10AM,mid,80,85.0,11.180339887498949,73.5722457174961,15.891680680263255,13.477080869593173,0.18714195323713484,0.15406386721294288,20.986686935854333,-2.523528228348471,-11.427754282503894,-10.195810557021304,38.09261037558906,41.25599085525786,77.60419915550719,0.25,0.3875,0.7,0.275,0.725
bbox_expand_4x__bbox_midpoint__object_minus_ring,leave_one_out,time_of_day__distance_range,,10AM,near,100,40.0,14.142135623730951,69.41730390423652,30.44923181980033,28.978353596284137,0.9425754071855563,0.7102105395350312,34.77062375398163,-5.0449813812047575,29.41730390423652,28.978353596284137,50.40547034508293,58.47391615175896,70.06298350974444,0.08,0.14,0.29,0.93,0.07
bbox_expand_4x__bbox_midpoint__object_minus_ring,leave_one_out,time_of_day__distance_range,,8PM,far,60,130.0,14.719601443879744,86.42265852628954,43.57734147371048,37.16873759757321,0.32688596831557587,0.2980845401123631,46.23019347541988,-8.86414210203733,-43.57734147371048,-37.16873759757321,63.62742173338228,64.12239452370416,77.27520050369671,0.0,0.0,0.0,0.0,1.0
bbox_expand_4x__bbox_midpoint__object_minus_ring,leave_one_out,time_of_day__distance_range,,8PM,mid,80,85.0,11.180339887498949,82.21036430213665,11.073502153910237,11.305770867249365,0.13165576570391221,0.12214410392943484,12.97464823975629,-0.34673197556328805,-2.7896356978633476,-2.4036150260722664,19.264392210457682,21.341562151249416,28.607110401229193,0.25,0.4625,0.9375,0.4,0.6
bbox_expand_4x__bbox_midpoint__object_minus_ring,leave_one_out,time_of_day__distance_range,,8PM,near,100,40.0,14.142135623730951,76.55233323511561,36.92902129802173,38.27873842530125,1.2096630596608844,0.9690504368926327,40.755358036895856,-7.304996043577857,36.55233323511562,38.27873842530125,58.88479931104941,67.98175578038231,69.01464074429447,0.04,0.08,0.17,0.96,0.04
bbox_expand_4x__bbox_midpoint__object_minus_ring_normalized,leave_one_out,weather,clear_sky,,,240,77.5,38.37859646556485,76.91436763137156,32.31263919407466,31.066468997129128,0.646285244464684,0.3488044369126446,37.9297191373315,0.023255268682194186,-0.5856323686284516,0.012996999663698716,61.02286655760508,69.54164468778198,79.21947106663652,0.07083333333333333,0.12916666666666668,0.325,0.5,0.5
bbox_expand_4x__bbox_midpoint__object_minus_ring_normalized,leave_one_out,weather,light_rain,,,240,77.5,38.37859646556485,77.99596998833123,32.06170573182206,32.898554477707826,0.6591819836529471,0.35231226570661967,37.80965032276696,0.02942936971095078,0.49596998833122447,1.0675824464740202,60.765440108446825,69.18046315873104,76.31906818574751,0.08333333333333333,0.18333333333333332,0.3375,0.5291666666666667,0.4708333333333333
bbox_expand_4x__bbox_midpoint__object_minus_ring_normalized,leave_one_out,time_of_day,,10AM,,240,77.5,38.37859646556485,75.83910256932641,32.42054500361565,33.01907628601121,0.6447171103487849,0.3532932924345284,38.005145839676956,0.01936671436823878,-1.6608974306735755,-0.6725205417068878,58.75924709690547,69.82636590711051,79.21947106663652,0.07083333333333333,0.15833333333333333,0.31666666666666665,0.49166666666666664,0.5083333333333333
bbox_expand_4x__bbox_midpoint__object_minus_ring_normalized,leave_one_out,time_of_day,,8PM,,240,77.5,38.37859646556485,79.07123505037636,31.95379992228107,31.686790440193555,0.6607501177688461,0.34788311134116146,37.73383284363847,0.033317924024905854,1.5712350503763504,3.0173457541855555,61.04532145109935,69.22977520671411,72.96737914039261,0.08333333333333333,0.15416666666666667,0.3458333333333333,0.5375,0.4625
bbox_expand_4x__bbox_midpoint__object_minus_ring_normalized,leave_one_out,distance_range,,,far,120,130.0,14.719601443879744,79.52815376094375,50.47184623905626,44.391518167906916,0.38076456446803253,0.35773288905697065,52.66250000380155,-11.80002572300184,-50.47184623905626,-44.391518167906916,70.37384416469867,71.99499735807834,79.21947106663652,0.0,0.0,0.0,0.0,1.0
bbox_expand_4x__bbox_midpoint__object_minus_ring_normalized,leave_one_out,distance_range,,,mid,160,85.0,11.180339887498949,77.05153297113907,12.068035738088039,10.366135066114488,0.13666933181265567,0.13181497916383422,15.031075235559765,-0.8074657818964643,-7.948467028860925,-9.13348789426064,21.697674878751958,27.648365782174665,50.671604279574254,0.225,0.45625,0.81875,0.30625,0.69375
bbox_expand_4x__bbox_midpoint__object_minus_ring_normalized,leave_one_out,distance_range,,,near,200,40.0,14.142135623730951,76.53428651016583,37.311677577171885,38.85413450421407,1.2287664696102132,0.9750254889713821,39.964108640882145,-6.9856498973011565,36.53428651016583,38.82600075576211,57.26749505400844,60.43942171884963,61.91229504051884,0.005,0.01,0.14,0.99,0.01
bbox_expand_4x__bbox_midpoint__object_minus_ring_normalized,leave_one_out,weather__distance_range,clear_sky,,far,60,130.0,14.719601443879744,78.94778296399231,51.05221703600767,44.359314581537326,0.3852331517593118,0.3582355697295555,53.303312646829454,-12.113429872887613,-51.05221703600767,-44.359314581537326,70.87791397690047,73.04199890110546,79.21947106663652,0.0,0.0,0.0,0.0,1.0
bbox_expand_4x__bbox_midpoint__object_minus_ring_normalized,leave_one_out,weather__distance_range,clear_sky,,mid,80,85.0,11.180339887498949,75.82707823941935,12.943567373517187,10.788324835933935,0.14720494242930648,0.1445977981089498,15.9100386098517,-1.0250346285357743,-9.17292176058065,-9.426077781354898,23.731253920193975,28.85686972261017,44.595170990426354,0.2125,0.3875,0.775,0.25,0.75
bbox_expand_4x__bbox_midpoint__object_minus_ring_normalized,leave_one_out,weather__distance_range,clear_sky,,near,100,40.0,14.142135623730951,76.56414994536084,36.56414994536084,38.402882626483944,1.2021807417162094,0.9709790236286988,39.31339821078149,-6.727716394397387,36.56414994536084,38.402882626483944,58.51832282273425,60.03183967528598,61.1457142347425,0.0,0.0,0.16,1.0,0.0
bbox_expand_4x__bbox_midpoint__object_minus_ring_normalized,leave_one_out,weather__distance_range,light_rain,,far,60,130.0,14.719601443879744,80.10852455789515,49.89147544210485,44.509962723630956,0.3762959771767534,0.3575314225106586,52.01379311466477,-11.486621573116068,-49.89147544210485,-44.509962723630956,69.82443155420606,70.41433109401014,76.31906818574751,0.0,0.0,0.0,0.0,1.0
bbox_expand_4x__bbox_midpoint__object_minus_ring_normalized,leave_one_out,weather__distance_range,light_rain,,mid,80,85.0,11.180339887498949,78.2759877028588,11.192504102658893,9.822667525779949,0.12613372119600488,0.12318166047453757,14.097415256249787,-0.5898969352571541,-6.724012297141202,-8.739030886882354,20.885288422029678,22.379933422188664,50.671604279574254,0.2375,0.525,0.8625,0.3625,0.6375
bbox_expand_4x__bbox_midpoint__object_minus_ring_normalized,leave_one_out,weather__distance_range,light_rain,,near,100,40.0,14.142135623730951,76.5044230749708,38.059205208982924,39.25739017080105,1.255352197504217,0.9904676160330348,40.60439237374431,-7.243583400204924,36.5044230749708,39.088867839789415,56.87620974194152,60.45312656796845,61.91229504051884,0.01,0.02,0.12,0.98,0.02
bbox_expand_4x__bbox_midpoint__object_minus_ring_normalized,leave_one_out,time_of_day__distance_range,,10AM,far,60,130.0,14.719601443879744,78.55182159805311,51.44817840194689,44.790135991891454,0.3884651003654157,0.35921802730671104,53.634321575576,-12.276802080949066,-51.44817840194689,-44.790135991891454,71.60030820968895,74.45986564191614,79.21947106663652,0.0,0.0,0.0,0.0,1.0
bbox_expand_4x__bbox_midpoint__object_minus_ring_normalized,leave_one_out,time_of_day__distance_range,,10AM,mid,80,85.0,11.180339887498949,75.04250467493176,13.171086707363974,10.125913956121877,0.14890656776903946,0.13181497916383422,16.60419199776064,-1.205593535187988,-9.957495325068233,-9.505331969528513,24.449974070523194,30.775180779572462,50.671604279574254,0.2,0.4625,0.7875,0.25,0.75
bbox_expand_4x__bbox_midpoint__object_minus_ring_normalized,leave_one_out,time_of_day__distance_range,,10AM,near,100,40.0,14.142135623730951,74.84874946760615,36.40353160161826,37.538841843193154,1.1951167504026032,0.9710957581985804,38.987113777068686,-6.599975203330496,34.84874946760615,37.1227185064966,54.75813685731868,57.640027473268354,61.30932263482863,0.01,0.01,0.13,0.98,0.02
bbox_expand_4x__bbox_midpoint__object_minus_ring_normalized,leave_one_out,time_of_day__distance_range,,8PM,far,60,130.0,14.719601443879744,80.50448592383438,49.49551407616563,44.171473362300375,0.3730640285706494,0.35353506888119,51.672404264060525,-11.323249365054616,-49.49551407616563,-44.171473362300375,69.67493766419865,70.30438078879838,72.96737914039261,0.0,0.0,0.0,0.0,1.0
bbox_expand_4x__bbox_midpoint__object_minus_ring_normalized,leave_one_out,time_of_day__distance_range,,8PM,mid,80,85.0,11.180339887498949,79.06056126734639,10.964984768812105,10.480507768238937,0.12443209585627191,0.13233582978616004,13.272801270855279,-0.4093380286049402,-5.939438732653617,-7.618199656430654,20.427042161340864,21.684835797114687,32.83015791502122,0.25,0.45,0.85,0.3625,0.6375
bbox_expand_4x__bbox_midpoint__object_minus_ring_normalized,leave_one_out,time_of_day__distance_range,,8PM,near,100,40.0,14.142135623730951,78.2198235527255,38.21982355272551,39.03678234655293,1.2624161888178234,0.9871486274501852,40.91778242102525,-7.371324591271817,38.21982355272551,39.03678234655293,59.326264591763305,61.02171219434428,61.91229504051884,0.0,0.01,0.15,1.0,0.0
bbox_expand_4x__inner50_median__object_depth,leave_one_out,weather,clear_sky,,,240,77.5,38.37859646556485,75.98430132057713,31.827993155447857,28.495956761134238,0.6202487338681275,0.3589062049502375,38.06119990417908,0.016471894893885453,-1.5156986794228677,-1.8314348671034963,63.1007632019053,69.9746830796339,86.17341162941855,0.07916666666666666,0.17083333333333334,0.35833333333333334,0.4875,0.5125
bbox_expand_4x__inner50_median__object_depth,leave_one_out,weather,light_rain,,,240,77.5,38.37859646556485,79.0361395925265,30.420190181051247,28.534820308850037,0.6272988581309205,0.3334132210238849,36.50778120460435,0.09511643214714827,1.5361395925264938,3.193848802839291,61.34238063401315,68.39179719936746,73.77131169812687,0.11666666666666667,0.18333333333333332,0.3625,0.5291666666666667,0.4708333333333333
bbox_expand_4x__inner50_median__object_depth,leave_one_out,time_of_day,,10AM,,240,77.5,38.37859646556485,76.54820771705435,30.24419577768371,28.220934124788407,0.5929272194575711,0.3334132210238849,36.242561295311916,0.10821618155964374,-0.9517922829456419,-1.2911871223917792,63.1007632019053,67.24367605674229,85.17924295120363,0.10416666666666667,0.18333333333333332,0.37916666666666665,0.49583333333333335,0.5041666666666667
bbox_expand_4x__inner50_median__object_depth,leave_one_out,time_of_day,,8PM,,240,77.5,38.37859646556485,78.47223319604926,32.003987558815396,29.351365416242363,0.6546203725414769,0.3555953155948891,38.313832715935675,0.0033721454813898655,0.9722331960492719,1.7281997376288274,61.26362396892941,70.77663843417814,86.17341162941855,0.09166666666666666,0.17083333333333334,0.3416666666666667,0.5208333333333334,0.4791666666666667
bbox_expand_4x__inner50_median__object_depth,leave_one_out,distance_range,,,far,120,130.0,14.719601443879744,80.17015382408229,49.8298461759177,44.5103194913555,0.3752433372430109,0.36392066864275696,52.55835684718862,-11.749450189891164,-49.8298461759177,-44.5103194913555,73.24298331439076,77.61779842135739,86.17341162941855,0.0,0.0,0.008333333333333333,0.0,1.0
bbox_expand_4x__inner50_median__object_depth,leave_one_out,distance_range,,,mid,160,85.0,11.180339887498949,78.15164352413706,11.683736111678142,10.605300344753658,0.13440649977451607,0.12907949515236133,14.209963834554863,-0.615384577434857,-6.848356475862943,-6.579248884936256,24.488287733741437,26.43548083563063,39.30055191659665,0.25,0.48125,0.8375,0.29375,0.70625
bbox_expand_4x__inner50_median__object_depth,leave_one_out,distance_range,,,near,200,40.0,14.142135623730951,75.40112198196533,35.45292340890578,34.539634745671414,1.1643859082334382,0.8742805537552303,38.97179299859882,-6.594003247628181,35.40112198196533,34.539634745671414,57.707841830415994,62.533853919491925,70.7655534951128,0.035,0.04,0.19,0.985,0.015
bbox_expand_4x__inner50_median__object_depth,leave_one_out,weather__distance_range,clear_sky,,far,60,130.0,14.719601443879744,78.30353380225438,51.69646619774564,45.490083580344624,0.3892440693817824,0.37705004948463605,54.5928879159463,-12.755615743091118,-51.69646619774564,-45.490083580344624,77.66552441746622,81.70367320509966,86.17341162941855,0.0,0.0,0.0,0.0,1.0
bbox_expand_4x__inner50_median__object_depth,leave_one_out,weather__distance_range,clear_sky,,mid,80,85.0,11.180339887498949,75.88092482094484,13.322266012880885,12.144038917140357,0.15225602516531467,0.15582944027854473,15.887324328158613,-1.0192565944648044,-9.119075179055168,-8.548073832057213,25.32085679032375,26.7668537288329,39.30055191659665,0.175,0.45,0.7875,0.225,0.775
bbox_expand_4x__inner50_median__object_depth,leave_one_out,weather__distance_range,clear_sky,,near,100,40.0,14.142135623730951,74.67546303127664,34.711491044122766,33.51432413770421,1.133245699522185,0.8317665162646305,38.55666149320749,-6.433080727508947,34.67546303127663,33.51432413770421,57.991070707101585,61.42293217787636,69.92138996401363,0.05,0.05,0.23,0.99,0.01
bbox_expand_4x__inner50_median__object_depth,leave_one_out,weather__distance_range,light_rain,,far,60,130.0,14.719601443879744,82.03677384591023,47.96322615408977,42.4242664456343,0.36124260510423944,0.3483217123850933,50.441831231129605,-10.743284636691211,-47.96322615408977,-42.4242664456343,70.41650980181771,71.89763579521177,73.77131169812687,0.0,0.0,0.016666666666666666,0.0,1.0
bbox_expand_4x__inner50_median__object_depth,leave_one_out,weather__distance_range,light_rain,,mid,80,85.0,11.180339887498949,80.42236222732927,10.045206210475403,9.838722545322234,0.11655697438371745,0.11342390867044533,12.306058266179862,-0.21151256040490996,-4.577637772670721,-4.060192491656807,20.047380476555574,23.167025436761605,28.210777618524688,0.325,0.5125,0.8875,0.3625,0.6375
bbox_expand_4x__inner50_median__object_depth,leave_one_out,weather__distance_range,light_rain,,near,100,40.0,14.142135623730951,76.12678093265401,36.1943557736888,36.050902999545734,1.1955261169446914,0.9548329392780743,39.38254884526245,-6.754925767747413,36.12678093265402,36.050902999545734,56.80315723399649,62.58230091081224,70.7655534951128,0.02,0.03,0.15,0.98,0.02
bbox_expand_4x__inner50_median__object_depth,leave_one_out,time_of_day__distance_range,,10AM,far,60,130.0,14.719601443879744,80.96286453414619,49.03713546585382,42.56542561701019,0.3696733710385602,0.35515104940236786,51.56050536474599,-11.26993406216,-49.03713546585382,-42.56542561701019,70.41650980181771,73.86599978733854,85.17924295120363,0.0,0.0,0.0,0.0,1.0
bbox_expand_4x__inner50_median__object_depth,leave_one_out,time_of_day__distance_range,,10AM,mid,80,85.0,11.180339887498949,77.16967138777704,12.12630999875299,10.852773500774425,0.13927906535841308,0.1311730763461625,14.7335671674626,-0.7366240118250549,-7.8303286122229565,-7.580344369442528,25.279457979045098,26.758882406954942,39.30055191659665,0.25,0.4875,0.825,0.2625,0.7375
bbox_expand_4x__inner50_median__object_depth,leave_one_out,time_of_day__distance_range,,10AM,near,100,40.0,14.142135623730951,73.40224269022112,33.46274058792621,31.653745168302358,1.089798051788304,0.8197512478144449,37.198144697328026,-5.918509844616765,33.40224269022111,31.653745168302358,54.832174178544086,63.82004227884468,68.37549094841731,0.05,0.05,0.25,0.98,0.02
bbox_expand_4x__inner50_median__object_depth,leave_one_out,time_of_day__distance_range,,8PM,far,60,130.0,14.719601443879744,79.3774431140184,50.622556885981595,45.31198020084563,0.3808133034474617,0.37668729800621303,53.537613277814664,-12.228966317622325,-50.622556885981595,-45.31198020084563,73.730724877715,80.06251056809957,86.17341162941855,0.0,0.0,0.016666666666666666,0.0,1.0
bbox_expand_4x__inner50_median__object_depth,leave_one_out,time_of_day__distance_range,,8PM,mid,80,85.0,11.180339887498949,79.13361566049707,11.241162224603295,10.601519074361327,0.12953393419061907,0.1278027369873045,13.666314165881829,-0.49414514304465884,-5.866384339502931,-5.403849772288588,23.07534250712083,25.33379635436425,30.185187223312127,0.25,0.475,0.85,0.325,0.675
bbox_expand_4x__inner50_median__object_depth,leave_one_out,time_of_day__distance_range,,8PM,near,100,40.0,14.142135623730951,77.40000127370955,37.44310622988536,38.466746775866966,1.2389737646785723,0.9965248087777376,40.66816113531467,-7.269496650639592,37.400001273709556,38.466746775866966,58.99297100335833,61.262612368618356,70.7655534951128,0.02,0.03,0.13,0.99,0.01
bbox_expand_4x__inner50_median__object_depth_percentile_5_95,leave_one_out,weather,clear_sky,,,240,77.5,38.37859646556485,77.09134829745128,32.28789576590285,30.52400237580266,0.6486149438910147,0.3533026574356132,38.17791244511634,0.010430778839964239,-0.4086517025487183,-0.9806379028184011,63.22485756085879,69.60034725282225,88.96354646545026,0.07083333333333333,0.13333333333333333,0.35,0.49583333333333335,0.5041666666666667
bbox_expand_4x__inner50_median__object_depth_percentile_5_95,leave_one_out,weather,light_rain,,,240,77.5,38.37859646556485,77.90312911423378,30.817340585841908,29.613380548211524,0.633891960255275,0.3556797620679437,36.868503222389975,0.07714634464992576,0.403129114233775,1.839303354180732,57.92508081242577,66.80296445377917,88.96354646545026,0.1125,0.22083333333333333,0.32916666666666666,0.5166666666666667,0.48333333333333334
bbox_expand_4x__inner50_median__object_depth_percentile_5_95,leave_one_out,time_of_day,,10AM,,240,77.5,38.37859646556485,74.73281523621965,31.65107448570211,30.776856036690276,0.6202032866723404,0.36323282187752093,37.64840197935898,0.03769018052657347,-2.7671847637803597,-3.024250707239439,61.17982408386174,69.68612696869225,88.96354646545026,0.08333333333333333,0.1875,0.3416666666666667,0.4791666666666667,0.5208333333333334
bbox_expand_4x__inner50_median__object_depth_percentile_5_95,leave_one_out,time_of_day,,8PM,,240,77.5,38.37859646556485,80.26166217546543,31.45416186604265,29.511809496891615,0.6623036174739493,0.3207576941339224,37.40905447785266,0.049886942963316416,2.761662175465415,3.185914061087388,61.77563725526967,68.35591154080541,88.96354646545026,0.1,0.16666666666666666,0.3375,0.5333333333333333,0.4666666666666667
bbox_expand_4x__inner50_median__object_depth_percentile_5_95,leave_one_out,distance_range,,,far,120,130.0,14.719601443879744,80.9755385629785,49.0244614370215,45.69151364790749,0.3691514075209516,0.3643273217733382,51.90587621788489,-11.434861473598714,-49.0244614370215,-45.69151364790749,72.63430709687285,77.68177135839596,88.96354646545026,0.0,0.0,0.008333333333333333,0.0,1.0
bbox_expand_4x__inner50_median__object_depth_percentile_5_95,leave_one_out,distance_range,,,mid,160,85.0,11.180339887498949,76.57654657022661,12.705992824783916,10.750499646977914,0.14473458639561876,0.12499600721701176,15.576700049535745,-0.9410686754656552,-8.423453429773389,-9.052322684123894,23.656062892466,28.42831325236292,38.51751878787749,0.24375,0.46875,0.8,0.26875,0.73125
bbox_expand_4x__inner50_median__object_depth_percentile_5_95,leave_one_out,distance_range,,,near,200,40.0,14.142135623730951,76.1468125000537,36.146812500053684,36.66373743030383,1.2017297713464816,0.9533687874682333,39.61778104736838,-6.847842875586105,36.146812500053684,36.66373743030383,59.10588763082212,62.68256522200561,70.91500844592716,0.025,0.05,0.17,1.0,0.0
bbox_expand_4x__inner50_median__object_depth_percentile_5_95,leave_one_out,weather__distance_range,clear_sky,,far,60,130.0,14.719601443879744,79.91715834163102,50.08284165836896,45.46387350874185,0.3764989214665751,0.37137600260478343,53.14704384416268,-12.036653550953927,-50.08284165836896,-45.46387350874185,75.23650459609543,79.50321482832872,88.96354646545026,0.0,0.0,0.016666666666666666,0.0,1.0
bbox_expand_4x__inner50_median__object_depth_percentile_5_95,leave_one_out,weather__distance_range,clear_sky,,mid,80,85.0,11.180339887498949,75.83679000119585,13.80216991899712,13.14304408283143,0.15848568635606833,0.154299728301107,16.397082597585783,-1.1509145416964044,-9.163209998804154,-10.64661623039143,23.72769599658966,28.655406137628976,38.51751878787749,0.2,0.3625,0.8125,0.2375,0.7625
bbox_expand_4x__inner50_median__object_depth_percentile_5_95,leave_one_out,weather__distance_range,clear_sky,,near,100,40.0,14.142135623730951,76.39950890794779,36.39950890794778,35.5948892421706,1.2039879633736355,0.9901141796875713,39.85311507281552,-6.941353905035379,36.39950890794778,35.5948892421706,59.70255891654215,63.09447424129814,70.91500844592716,0.01,0.03,0.18,1.0,0.0
bbox_expand_4x__inner50_median__object_depth_percentile_5_95,leave_one_out,weather__distance_range,light_rain,,far,60,130.0,14.719601443879744,82.03391878432596,47.96608121567406,45.69151364790749,0.3618038935753279,0.3632679736058132,50.63429373971189,-10.83306939624351,-47.96608121567406,-45.69151364790749,70.79891226258789,73.93436455094611,88.96354646545026,0.0,0.0,0.0,0.0,1.0
bbox_expand_4x__inner50_median__object_depth_percentile_5_95,leave_one_out,weather__distance_range,light_rain,,mid,80,85.0,11.180339887498949,77.31630313925739,11.609815730570713,8.611179647987598,0.13098348643516924,0.11169191583007888,14.710637346980016,-0.7312228092349062,-7.68369686074262,-5.602501835675838,23.61459537784138,28.428313252362905,38.51751878787749,0.2875,0.575,0.7875,0.3,0.7
bbox_expand_4x__inner50_median__object_depth_percentile_5_95,leave_one_out,weather__distance_range,light_rain,,near,100,40.0,14.142135623730951,75.8941160921596,35.89411609215958,37.242247898689065,1.199471579319328,0.9233536531980904,39.38104073316709,-6.754331846136829,35.89411609215958,37.242247898689065,56.90555613215829,61.78848344942656,70.74324155023662,0.04,0.07,0.16,1.0,0.0
bbox_expand_4x__inner50_median__object_depth_percentile_5_95,leave_one_out,time_of_day__distance_range,,10AM,far,60,130.0,14.719601443879744,78.29429698813001,51.705703011869986,46.95392117022534,0.39049435071221256,0.37932067757317856,54.29346393163237,-12.605139503209838,-51.705703011869986,-46.95392117022534,74.18157830474257,78.5401492405415,88.96354646545026,0.0,0.0,0.0,0.0,1.0
bbox_expand_4x__inner50_median__object_depth_percentile_5_95,leave_one_out,time_of_day__distance_range,,10AM,mid,80,85.0,11.180339887498949,73.34446008678341,14.040683317425856,11.350477982314722,0.15794061652725472,0.12611642202571913,17.193596351641297,-1.364958044025383,-11.655539913216574,-10.813117054195217,28.428313252362905,37.46857761691751,38.51751878787749,0.1875,0.4625,0.7875,0.1875,0.8125
bbox_expand_4x__inner50_median__object_depth_percentile_5_95,leave_one_out,time_of_day__distance_range,,10AM,near,100,40.0,14.142135623730951,73.70661030462239,33.70661030462239,34.53976843615881,1.1278387843644853,0.888134119200233,37.37112885662868,-5.983006360093724,33.70661030462239,34.53976843615881,56.44949801232945,59.915553990667746,70.74324155023662,0.05,0.08,0.19,1.0,0.0
bbox_expand_4x__inner50_median__object_depth_percentile_5_95,leave_one_out,time_of_day__distance_range,,8PM,far,60,130.0,14.719601443879744,83.65678013782697,46.34321986217302,40.20188241857986,0.3478084643296905,0.32851532700524444,49.40303377523806,-10.264583443987593,-46.34321986217302,-40.20188241857986,70.70885476603492,73.6598053950845,88.96354646545026,0.0,0.0,0.016666666666666666,0.0,1.0
bbox_expand_4x__inner50_median__object_depth_percentile_5_95,leave_one_out,time_of_day__distance_range,,8PM,mid,80,85.0,11.180339887498949,79.8086330536698,11.371302332141976,10.307090508862949,0.1315285562639828,0.12430025824793063,13.771253151519687,-0.5171793069059274,-5.191366946330204,-3.8141484764402236,22.21819155761463,23.577323417835366,28.428313252362948,0.3,0.475,0.8125,0.35,0.65
bbox_expand_4x__inner50_median__object_depth_percentile_5_95,leave_one_out,time_of_day__distance_range,,8PM,near,100,40.0,14.142135623730951,78.58701469548498,38.587014695484974,39.60456718750285,1.275620758328478,1.003589896006733,41.7436926758486,-7.712679391078481,38.587014695484974,39.60456718750285,60.147805594258195,63.891433870567816,70.91500844592716,0.0,0.02,0.15,1.0,0.0
bbox_expand_4x__inner50_median__object_minus_ring,leave_one_out,weather,clear_sky,,,240,77.5,38.37859646556485,75.46385488428963,31.37219537869409,29.991750079340157,0.6121304858607083,0.3406576480954797,37.12814622612409,0.06410235325253588,-2.0361451157103887,-1.0044514556428652,63.638224351274445,67.07137593538022,78.32806208582832,0.07916666666666666,0.15833333333333333,0.3333333333333333,0.49583333333333335,0.5041666666666667
bbox_expand_4x__inner50_median__object_minus_ring,leave_one_out,weather,light_rain,,,240,77.5,38.37859646556485,79.51451594508643,31.034091183683184,31.425109377407885,0.6386867233206897,0.3408083588504447,36.937934460828615,0.07366721206282079,2.014515945086426,3.5519876106084283,62.91273392150594,66.4753157249152,78.5813490943531,0.10833333333333334,0.1875,0.35833333333333334,0.5458333333333333,0.45416666666666666
bbox_expand_4x__inner50_median__object_minus_ring,leave_one_out,time_of_day,,10AM,,240,77.5,38.37859646556485,75.09580460621576,31.35420570432367,30.64790801204564,0.6032127687472572,0.36364381398770307,37.10247738663397,0.06539598649458433,-2.4041953937842266,-0.39437005861252317,62.865842891671846,67.33190333689092,78.5813490943531,0.09583333333333334,0.175,0.32083333333333336,0.49166666666666664,0.5083333333333333
bbox_expand_4x__inner50_median__object_minus_ring,leave_one_out,time_of_day,,8PM,,240,77.5,38.37859646556485,79.88256622316025,31.0520808580536,30.98014348204584,0.6476044404341408,0.32950454641967364,36.963717564596195,0.07237357882077233,2.382566223160266,3.764173443440356,63.57138190128765,66.61415738117138,78.32806208582832,0.09166666666666666,0.17083333333333334,0.37083333333333335,0.55,0.45
bbox_expand_4x__inner50_median__object_minus_ring,leave_one_out,distance_range,,,far,120,130.0,14.719601443879744,81.62943400704629,48.37056599295372,42.45922811130235,0.36439438030392374,0.34003806935430203,50.71159328975864,-10.869226279934892,-48.37056599295372,-42.45922811130235,67.9353031556487,71.36485527601499,78.5813490943531,0.0,0.0,0.0,0.0,1.0
bbox_expand_4x__inner50_median__object_minus_ring,leave_one_out,distance_range,,,mid,160,85.0,11.180339887498949,77.23154398731803,12.856024361464677,11.47658308948482,0.14917609448628877,0.15715781983734492,16.47108597410365,-1.1703733853305125,-7.768456012681957,-7.42331811786886,22.935292115362824,34.05802918843183,74.54746494914168,0.2375,0.44375,0.83125,0.35,0.65
bbox_expand_4x__inner50_median__object_minus_ring,leave_one_out,distance_range,,,near,200,40.0,14.142135623730951,75.21114940116904,35.580384789908756,34.23222286392055,1.163003147246292,0.8903717260686532,39.13381579121208,-6.657277691902599,35.21114940116904,34.23222286392055,58.80580176763347,63.36577723114436,67.66335980378307,0.035,0.06,0.165,0.97,0.03
bbox_expand_4x__inner50_median__object_minus_ring,leave_one_out,weather__distance_range,clear_sky,,far,60,130.0,14.719601443879744,81.01789141324343,48.98210858675655,42.57115588374858,0.36897285535229263,0.34056924706998865,51.39896786194503,-11.193171833568886,-48.98210858675655,-42.57115588374858,69.19786238317474,71.90021419839185,78.32806208582832,0.0,0.0,0.0,0.0,1.0
bbox_expand_4x__inner50_median__object_minus_ring,leave_one_out,weather__distance_range,clear_sky,,mid,80,85.0,11.180339887498949,74.54857214793842,15.410214954741306,13.257896979585482,0.18043486244960855,0.17102601348193502,19.586152022036668,-2.0689388082426485,-10.451427852061581,-8.841357752889465,29.832408519703698,38.435641571964105,74.54746494914168,0.175,0.375,0.7375,0.3,0.7
bbox_expand_4x__inner50_median__object_minus_ring,leave_one_out,weather__distance_range,clear_sky,,near,100,40.0,14.142135623730951,72.86365915599826,33.575831793018835,32.16313513349212,1.1033815628946375,0.7383164594135652,37.63498322125393,-6.081959810320326,32.86365915599827,32.16313513349212,56.34079289609331,63.367178059592455,66.85757344856502,0.05,0.08,0.21,0.95,0.05
bbox_expand_4x__inner50_median__object_minus_ring,leave_one_out,weather__distance_range,light_rain,,far,60,130.0,14.719601443879744,82.24097660084912,47.75902339915089,42.147114477162106,0.3598159052555549,0.33967382489041886,50.014772724651344,-10.5452807263009,-47.75902339915089,-42.147114477162106,67.33824773277982,68.17722061310457,78.5813490943531,0.0,0.0,0.0,0.0,1.0
bbox_expand_4x__inner50_median__object_minus_ring,leave_one_out,weather__distance_range,light_rain,,mid,80,85.0,11.180339887498949,79.91451582669767,10.301833768188043,9.519403592063497,0.11791732652296898,0.11850070206080585,12.608568328811055,-0.27180796241837735,-5.085484173302334,-5.24686704282589,19.053405943102167,20.397131729774088,37.57304834804721,0.3,0.5125,0.925,0.4,0.6
bbox_expand_4x__inner50_median__object_minus_ring,leave_one_out,weather__distance_range,light_rain,,near,100,40.0,14.142135623730951,77.55863964633981,37.584937786798676,36.06537862420225,1.222624731597947,0.9382634414575751,40.57732266546148,-7.232595573484868,37.55863964633981,36.06537862420225,60.13073530482347,62.88365075977147,67.66335980378307,0.02,0.04,0.12,0.99,0.01
bbox_expand_4x__inner50_median__object_minus_ring,leave_one_out,time_of_day__distance_range,,10AM,far,60,130.0,14.719601443879744,80.34134605936806,49.65865394063193,43.179780817582035,0.3748753808826547,0.34700520895071835,51.87413007975225,-11.41965556091257,-49.65865394063193,-43.179780817582035,69.03103960910698,71.75835278304741,78.5813490943531,0.0,0.0,0.0,0.0,1.0
bbox_expand_4x__inner50_median__object_minus_ring,leave_one_out,time_of_day__distance_range,,10AM,mid,80,85.0,11.180339887498949,73.8082875396711,14.939239579302631,11.678995543855713,0.1732338862126132,0.16282121256664345,19.601288850346595,-2.073684196757774,-11.191712460328892,-8.225794028898555,34.15183544917244,38.435641571964105,74.54746494914168,0.2125,0.425,0.75,0.275,0.725
bbox_expand_4x__inner50_median__object_minus_ring,leave_one_out,time_of_day__distance_range,,10AM,near,100,40.0,14.142135623730951,72.97849338756014,33.50350966255556,32.777040475427356,1.0841983074937338,0.8072462080077518,37.173936368741366,-5.90950772573616,32.97849338756013,32.777040475427356,54.035388440172596,61.823876318980304,67.66335980378307,0.06,0.08,0.17,0.96,0.04
bbox_expand_4x__inner50_median__object_minus_ring,leave_one_out,time_of_day__distance_range,,8PM,far,60,130.0,14.719601443879744,82.91752195472449,47.082478045275515,41.47434206637479,0.35391337972519266,0.33179473653099834,49.521773155256966,-10.318796998957215,-47.082478045275515,-41.47434206637479,67.30817214891833,68.1358016653568,78.32806208582832,0.0,0.0,0.0,0.0,1.0
bbox_expand_4x__inner50_median__object_minus_ring,leave_one_out,time_of_day__distance_range,,8PM,mid,80,85.0,11.180339887498949,80.65480043496498,10.77280914362672,10.768406154999454,0.12511830275996433,0.14406544219233297,12.585023708277486,-0.2670625739032513,-4.345199565035022,-5.776756815401704,19.434961623105742,20.78600139390162,27.032909489384622,0.2625,0.4625,0.9125,0.425,0.575
bbox_expand_4x__inner50_median__object_minus_ring,leave_one_out,time_of_day__distance_range,,8PM,near,100,40.0,14.142135623730951,77.44380541477796,37.657259917261946,38.323871723581185,1.241807986998851,0.9580967930895297,41.000116239027996,-7.405047658069035,37.443805414777955,38.323871723581185,60.22862232255814,63.56793119455688,66.85757344856502,0.01,0.04,0.16,0.98,0.02
bbox_expand_4x__inner50_median__object_minus_ring_normalized,leave_one_out,weather,clear_sky,,,240,77.5,38.37859646556485,77.05178041038182,32.401152518096026,29.64954097507382,0.6525753959866667,0.34422374585573356,38.07690087937347,0.015660279098637542,-0.44821958961817926,-0.667195265632337,59.700591929934085,70.69685846499574,73.73736097582056,0.06666666666666667,0.1375,0.325,0.4875,0.5125
bbox_expand_4x__inner50_median__object_minus_ring_normalized,leave_one_out,weather,light_rain,,,240,77.5,38.37859646556485,77.87870821914991,32.262199805901965,33.03477063794906,0.6622379268203101,0.35715774867588607,38.08767852000088,0.015102966873254187,0.3787082191499015,-0.1797038298224649,59.69452348158825,70.34540442414479,75.96067273274613,0.08333333333333333,0.17083333333333334,0.3333333333333333,0.49166666666666664,0.5083333333333333
bbox_expand_4x__inner50_median__object_minus_ring_normalized,leave_one_out,time_of_day,,10AM,,240,77.5,38.37859646556485,76.28354312271628,32.56635176216811,33.81878328945512,0.653879375472356,0.3591426920088356,38.204043776839974,0.009075670108488976,-1.2164568772837072,-0.9509860419819205,59.62860156271459,70.71179778669847,75.96067273274613,0.0625,0.14583333333333334,0.325,0.4791666666666667,0.5208333333333334
bbox_expand_4x__inner50_median__object_minus_ring_normalized,leave_one_out,time_of_day,,8PM,,240,77.5,38.37859646556485,78.64694550681543,32.09700056182987,30.02242199747151,0.6609339473346209,0.3447192643219349,37.96014587324268,0.021687575863402753,1.1469455068154333,2.3034246660889437,59.700591929934085,70.46535005921008,73.44347863331971,0.0875,0.1625,0.3333333333333333,0.5,0.5
bbox_expand_4x__inner50_median__object_minus_ring_normalized,leave_one_out,distance_range,,,far,120,130.0,14.719601443879744,78.85048074512196,51.14951925487805,45.578536806375446,0.3859803231511421,0.3646282944510036,53.27557210320258,-12.099784228877862,-51.14951925487805,-45.578536806375446,70.98933274044198,72.23195947681835,75.96067273274613,0.0,0.0,0.0,0.0,1.0
bbox_expand_4x__inner50_median__object_minus_ring_normalized,leave_one_out,distance_range,,,mid,160,85.0,11.180339887498949,77.10627503633737,11.76149866943461,10.339236841481437,0.1325222823578297,0.12828284363250536,14.454162207715976,-0.6713824410157181,-7.893724963662629,-10.336671467456874,21.630938976434244,23.989067799620088,41.9685900120686,0.225,0.45625,0.73125,0.23125,0.76875
bbox_expand_4x__inner50_median__object_minus_ring_normalized,leave_one_out,distance_range,,,near,200,40.0,14.142135623730951,76.921277879295,37.49711230032307,38.32952003918951,1.2401699675914233,0.9681141488682472,40.13123183866883,-7.052578844444936,36.921277879295,38.32952003918951,58.82502637049288,59.66145979501055,60.44712667022496,0.0,0.005,0.205,0.99,0.01
bbox_expand_4x__inner50_median__object_minus_ring_normalized,leave_one_out,weather__distance_range,clear_sky,,far,60,130.0,14.719601443879744,78.54043391936874,51.45956608063128,45.593222085747264,0.38833600520518924,0.3647457766859781,53.628309549636555,-12.27382577762295,-51.45956608063128,-45.593222085747264,71.36991343099764,72.27464930256261,73.73736097582056,0.0,0.0,0.0,0.0,1.0
bbox_expand_4x__inner50_median__object_minus_ring_normalized,leave_one_out,weather__distance_range,clear_sky,,mid,80,85.0,11.180339887498949,76.11700775829623,12.475774960491925,10.594697121045236,0.14104573840853937,0.1314857154209935,15.185014141047027,-0.8446772357103856,-8.882992241703775,-10.594697121045236,21.901823633201566,27.56840198491788,39.066462085715294,0.2,0.4125,0.7,0.2125,0.7875
bbox_expand_4x__inner50_median__object_minus_ring_normalized,leave_one_out,weather__distance_range,clear_sky,,near,100,40.0,14.142135623730951,76.90640642665817,36.90640642665815,37.95263973618691,1.2203427565180553,0.9569581584098064,39.61787271831104,-6.847879193621471,36.90640642665815,37.95263973618691,58.03807978164567,59.667638947347925,60.315747194021185,0.0,0.0,0.22,1.0,0.0
bbox_expand_4x__inner50_median__object_minus_ring_normalized,leave_one_out,weather__distance_range,light_rain,,far,60,130.0,14.719601443879744,79.16052757087517,50.83947242912482,45.578536806375446,0.383624641097095,0.3646282944510036,52.920483564452,-11.925742680132771,-50.83947242912482,-45.578536806375446,70.82234276772388,70.9815957856338,75.96067273274613,0.0,0.0,0.0,0.0,1.0
bbox_expand_4x__inner50_median__object_minus_ring_normalized,leave_one_out,weather__distance_range,light_rain,,mid,80,85.0,11.180339887498949,78.09554231437852,11.047222378377295,9.806499965721883,0.12399882630712003,0.12386162297134268,13.684332493407611,-0.49808764632105107,-6.90445768562148,-9.31771850969048,21.052201157052576,21.790485041035375,41.9685900120686,0.25,0.5,0.7625,0.25,0.75
bbox_expand_4x__inner50_median__object_minus_ring_normalized,leave_one_out,weather__distance_range,light_rain,,near,100,40.0,14.142135623730951,76.93614933193184,38.08781817398797,38.8623247809788,1.2599971786647912,0.972372348748751,40.638106489521384,-7.2572784952684,36.936149331931844,38.8623247809788,59.05839384364421,59.619971390189214,60.44712667022496,0.0,0.01,0.19,0.98,0.02
bbox_expand_4x__inner50_median__object_minus_ring_normalized,leave_one_out,time_of_day__distance_range,,10AM,far,60,130.0,14.719601443879744,78.15738843217234,51.84261156782766,45.85690298707894,0.3915345065844003,0.3668552238966315,53.93259360015911,-12.424883011261185,-51.84261156782766,-45.85690298707894,71.483536265157,72.34268070797336,75.96067273274613,0.0,0.0,0.0,0.0,1.0
bbox_expand_4x__inner50_median__object_minus_ring_normalized,leave_one_out,time_of_day__distance_range,,10AM,mid,80,85.0,11.180339887498949,75.56025880556436,12.705181319608164,10.594697121045236,0.14317859769092908,0.1289214634132993,15.646584469910099,-0.9585248445922552,-9.439741194435644,-10.594697121045236,23.460539894366075,27.577173842961816,41.9685900120686,0.1875,0.425,0.7125,0.2125,0.7875
bbox_expand_4x__inner50_median__object_minus_ring_normalized,leave_one_out,time_of_day__distance_range,,10AM,near,100,40.0,14.142135623730951,75.7378633907642,36.889532232820336,38.32952003918951,1.219846919030271,0.9679010186765251,39.51999785226856,-6.809151151216558,35.737863390764204,38.32952003918951,57.59466811920676,59.208211976261076,60.44712667022496,0.0,0.01,0.21,0.98,0.02
bbox_expand_4x__inner50_median__object_minus_ring_normalized,leave_one_out,time_of_day__distance_range,,8PM,far,60,130.0,14.719601443879744,79.54357305807157,50.45642694192842,45.45568937625848,0.3804261397178839,0.36364551501006787,52.610346068118105,-11.774685446494539,-50.45642694192842,-45.45568937625848,70.86153640748704,71.16049693198254,73.44347863331971,0.0,0.0,0.0,0.0,1.0
bbox_expand_4x__inner50_median__object_minus_ring_normalized,leave_one_out,time_of_day__distance_range,,8PM,mid,80,85.0,11.180339887498949,78.65229126711039,10.817816019261056,10.041581952535175,0.12186596702473032,0.12660319979457646,13.154086995299128,-0.384240037439181,-6.34770873288961,-7.364971221032178,21.048293846205418,21.632524947417473,28.211154072887723,0.2625,0.4875,0.75,0.25,0.75
bbox_expand_4x__inner50_median__object_minus_ring_normalized,leave_one_out,time_of_day__distance_range,,8PM,near,100,40.0,14.142135623730951,78.10469236782579,38.10469236782579,38.44488719292457,1.2604930161525756,0.9683416297146138,40.73329482787591,-7.296006537673312,38.10469236782579,38.44488719292457,59.18772853843931,59.68027185599716,60.41769688790127,0.0,0.0,0.2,1.0,0.0
bbox_expand_6x__bbox_mean__object_depth,leave_one_out,weather,clear_sky,,,240,77.5,38.37859646556485,77.44344574709764,33.15691019698734,31.68775649011932,0.6690416893272108,0.36083281994346805,38.995726792864644,-0.0324186985711401,-0.05655425290236167,2.392059432630937,62.32130161760594,72.77030431836538,84.2649549799352,0.075,0.13333333333333333,0.325,0.5041666666666667,0.49583333333333335
bbox_expand_6x__bbox_mean__object_depth,leave_one_out,weather,light_rain,,,240,77.5,38.37859646556485,77.58459289345667,31.571463506569007,30.622389744163847,0.6430658088686262,0.3578758939993004,37.581439839904974,0.04111030012533157,0.08459289345666245,1.0397108880983126,58.53904314340223,69.09145379760523,75.48576411158962,0.10416666666666667,0.175,0.3541666666666667,0.5166666666666667,0.48333333333333334
bbox_expand_6x__bbox_mean__object_depth,leave_one_out,time_of_day,,10AM,,240,77.5,38.37859646556485,77.5299512801975,32.00090053803809,30.996714287505355,0.6459575541853279,0.3578758939993004,37.802620093111166,0.029790266995807224,0.029951280197487527,2.074325077622227,60.60830965832279,69.08144421098773,82.6308539196789,0.08333333333333333,0.15416666666666667,0.3375,0.5083333333333333,0.49166666666666664
bbox_expand_6x__bbox_mean__object_depth,leave_one_out,time_of_day,,8PM,,240,77.5,38.37859646556485,77.4980873603568,32.72747316551826,31.094461682611197,0.6661499440105094,0.3597276239028925,38.78135173817497,-0.02109866544161587,-0.001912639643184851,1.262220601865856,61.52462173811376,72.43306247034808,84.2649549799352,0.09583333333333334,0.15416666666666667,0.3416666666666667,0.5125,0.4875
bbox_expand_6x__bbox_mean__object_depth,leave_one_out,distance_range,,,far,120,130.0,14.719601443879744,77.80767730366937,52.19232269633065,47.08992467335181,0.39391393132679997,0.37851213231917324,54.403920302811706,-12.660553281452405,-52.19232269633065,-47.08992467335181,74.16336065971522,75.98096726181046,84.2649549799352,0.0,0.0,0.0,0.0,1.0
bbox_expand_6x__bbox_mean__object_depth,leave_one_out,distance_range,,,mid,160,85.0,11.180339887498949,77.70832881102251,11.47034736102961,10.689632505129914,0.1291372145200552,0.1294978929744821,13.748305435584848,-0.5121272188010553,-7.291671188977486,-8.712534813680925,21.923100532132384,24.913417114128965,30.67634334934951,0.2625,0.45625,0.84375,0.28125,0.71875
bbox_expand_6x__bbox_mean__object_depth,leave_one_out,distance_range,,,near,200,40.0,14.142135623730951,77.18237693764554,37.18237693764554,37.9463336546453,1.2348708674228803,0.9641428061397943,39.90680325187735,-6.962764728920243,37.18237693764554,37.9463336546453,57.829556071037324,60.48340720249054,66.95069098496644,0.005,0.005,0.14,1.0,0.0
bbox_expand_6x__bbox_mean__object_depth,leave_one_out,weather__distance_range,clear_sky,,far,60,130.0,14.719601443879744,77.00119626937666,52.99880373062333,46.957349127304376,0.399940231186835,0.3792959668309832,55.2955213844845,-13.111975470070691,-52.99880373062333,-46.957349127304376,75.99433506005657,76.8997526879013,84.2649549799352,0.0,0.0,0.0,0.0,1.0
bbox_expand_6x__bbox_mean__object_depth,leave_one_out,weather__distance_range,clear_sky,,mid,80,85.0,11.180339887498949,77.27268254185375,12.414870295587884,11.254689512827078,0.1405643511658828,0.1388458916200057,14.533713147988662,-0.689830542944148,-7.72731745814624,-9.984097326647486,22.276803921643506,27.023799787790118,30.67634334934951,0.225,0.4,0.8125,0.2625,0.7375
bbox_expand_6x__bbox_mean__object_depth,leave_one_out,weather__distance_range,clear_sky,,near,100,40.0,14.142135623730951,77.84540599792531,37.845405997925326,38.632030699163835,1.2532844347404988,0.9898046131008483,40.57166787359592,-7.230301170226877,37.845405997925326,38.632030699163835,59.12230202814065,62.00715850667029,66.95069098496644,0.0,0.0,0.13,1.0,0.0
bbox_expand_6x__bbox_mean__object_depth,leave_one_out,weather__distance_range,light_rain,,far,60,130.0,14.719601443879744,78.61415833796202,51.385841662038,47.28038551634406,0.387887631466765,0.37824308413075247,53.49746165424478,-12.20913109283411,-51.385841662038,-47.28038551634406,72.51024300834229,74.17616891669185,75.48576411158962,0.0,0.0,0.0,0.0,1.0
bbox_expand_6x__bbox_mean__object_depth,leave_one_out,weather__distance_range,light_rain,,mid,80,85.0,11.180339887498949,78.14397508019127,10.525824426471337,9.782519876522194,0.11771007787422758,0.1230106518450975,12.915223065524085,-0.33442389465796274,-6.85602491980873,-8.125860943490068,20.61398076875905,23.560547145112373,27.605586259708275,0.3,0.5125,0.875,0.3,0.7
bbox_expand_6x__bbox_mean__object_depth,leave_one_out,weather__distance_range,light_rain,,near,100,40.0,14.142135623730951,76.51934787736576,36.51934787736576,37.8313599531689,1.216457300105262,0.9486583413661325,39.2306724072214,-6.695228287613611,36.51934787736576,37.8313599531689,57.79971324025017,58.03238260967539,63.34061099852104,0.01,0.01,0.15,1.0,0.0
bbox_expand_6x__bbox_mean__object_depth,leave_one_out,time_of_day__distance_range,,10AM,far,60,130.0,14.719601443879744,78.28964787155722,51.71035212844277,46.69431092525808,0.39029323248740816,0.37824308413075247,53.89350457731447,-12.405430010576994,-51.71035212844277,-46.69431092525808,73.77740819479169,75.16171654006938,82.6308539196789,0.0,0.0,0.0,0.0,1.0
bbox_expand_6x__bbox_mean__object_depth,leave_one_out,time_of_day__distance_range,,10AM,mid,80,85.0,11.180339887498949,78.01872674137958,11.366046322237233,10.5347919769969,0.12856083432857385,0.12889412848378387,13.486033447375402,-0.45498478514982454,-6.981273258620417,-8.44683739030215,20.954675093283495,23.638237455088824,29.728379905769287,0.25,0.4625,0.85,0.275,0.725
bbox_expand_6x__bbox_mean__object_depth,leave_one_out,time_of_day__distance_range,,10AM,near,100,40.0,14.142135623730951,76.68311295643596,36.68311295643598,35.67142223514532,1.2132735230894827,0.9242346001269551,39.26177563839707,-6.707435131399147,36.68311295643598,35.67142223514532,57.02411118786872,59.49444396912901,66.95069098496644,0.0,0.0,0.13,1.0,0.0
bbox_expand_6x__bbox_mean__object_depth,leave_one_out,time_of_day__distance_range,,8PM,far,60,130.0,14.719601443879744,77.32570673578148,52.67429326421855,47.4119958538729,0.39753463016619184,0.3792959668309832,54.90959163028222,-12.915676552327813,-52.67429326421855,-47.4119958538729,74.27475871191125,76.01153161867043,84.2649549799352,0.0,0.0,0.0,0.0,1.0
bbox_expand_6x__bbox_mean__object_depth,leave_one_out,time_of_day__distance_range,,8PM,mid,80,85.0,11.180339887498949,77.39793088066544,11.574648399821985,10.77656707992491,0.1297135947115366,0.1294978929744821,14.005666944367047,-0.569269652452286,-7.602069119334553,-9.266409054289227,22.84353072524047,25.762305139187383,30.67634334934951,0.275,0.45,0.8375,0.2875,0.7125
bbox_expand_6x__bbox_mean__object_depth,leave_one_out,time_of_day__distance_range,,8PM,near,100,40.0,14.142135623730951,77.68164091885512,37.68164091885512,38.986214761981806,1.2564682117562782,0.9746553690495452,40.541569595765125,-7.218094326441339,37.68164091885512,38.986214761981806,57.97708970860875,60.578588393504056,65.67443139796724,0.01,0.01,0.15,1.0,0.0
bbox_expand_6x__bbox_mean__object_depth_percentile_5_95,leave_one_out,weather,clear_sky,,,240,77.5,38.37859646556485,77.74071362883824,32.86630674409442,32.66457976233385,0.6727940217448072,0.34490499052610135,38.78658097522343,-0.021374051766380076,0.24071362883823516,1.2850746820252397,62.74289840261659,72.44470426142472,84.60628450283639,0.075,0.15416666666666667,0.31666666666666665,0.5041666666666667,0.49583333333333335
bbox_expand_6x__bbox_mean__object_depth_percentile_5_95,leave_one_out,weather,light_rain,,,240,77.5,38.37859646556485,77.26682507708489,31.87176277241792,30.90494919286155,0.6494514311148031,0.3586461961682423,37.88409825750612,0.025603461985146292,-0.23317492291510764,1.5443865686751934,58.663990377612265,69.51253270070917,79.5290422575756,0.10833333333333334,0.18333333333333332,0.3416666666666667,0.5083333333333333,0.49166666666666664
bbox_expand_6x__bbox_mean__object_depth_percentile_5_95,leave_one_out,time_of_day,,10AM,,240,77.5,38.37859646556485,76.8696032095056,32.00205034579292,31.656038962910493,0.6498724949361885,0.3432379041488356,38.00321319455615,0.019466446544235017,-0.6303967904944083,0.2437774976778755,60.924789302550586,71.35360924227474,84.60628450283639,0.09166666666666666,0.17916666666666667,0.3375,0.5,0.5
bbox_expand_6x__bbox_mean__object_depth_percentile_5_95,leave_one_out,time_of_day,,8PM,,240,77.5,38.37859646556485,78.13793549641754,32.73601917071942,32.20202105600448,0.6723729579234216,0.35712184346923626,38.669879123434754,-0.0152370363254688,0.6379354964175339,1.9953314008689844,62.74289840261659,71.72888906985658,79.5290422575756,0.09166666666666666,0.15833333333333333,0.32083333333333336,0.5125,0.4875
bbox_expand_6x__bbox_mean__object_depth_percentile_5_95,leave_one_out,distance_range,,,far,120,130.0,14.719601443879744,78.31797573097475,51.68202426902524,46.94704945533346,0.39015345877318414,0.37786401491637917,53.86298978165174,-12.390253853315324,-51.68202426902524,-46.94704945533346,73.47161914316848,76.25209435556388,84.60628450283639,0.0,0.0,0.0,0.0,1.0
bbox_expand_6x__bbox_mean__object_depth_percentile_5_95,leave_one_out,distance_range,,,mid,160,85.0,11.180339887498949,76.96271545745839,11.53547526980434,10.240458281330234,0.12861968523068512,0.12998907838230417,14.046010402889207,-0.5783232659045747,-8.037284542541613,-7.741396615065106,23.76767705286576,25.693298132571837,29.611562308650704,0.275,0.48125,0.7875,0.26875,0.73125
bbox_expand_6x__bbox_mean__object_depth_percentile_5_95,leave_one_out,distance_range,,,near,200,40.0,14.142135623730951,77.4480886425562,37.44808864255619,37.011804876053596,1.2497067199830736,0.9385127166077696,40.36036657312321,-7.144795949584406,37.44808864255619,37.011804876053596,57.479932048045306,60.95379258184442,68.05702912264042,0.0,0.02,0.16,1.0,0.0
bbox_expand_6x__bbox_mean__object_depth_percentile_5_95,leave_one_out,weather__distance_range,clear_sky,,far,60,130.0,14.719601443879744,78.26277285117285,51.73722714882716,44.96902945534769,0.3903435963323316,0.36519517272098007,54.014252873589925,-12.465566985348232,-51.73722714882716,-44.96902945534769,73.54567274478883,76.57592025122439,84.60628450283639,0.0,0.0,0.0,0.0,1.0
bbox_expand_6x__bbox_mean__object_depth_percentile_5_95,leave_one_out,weather__distance_range,clear_sky,,mid,80,85.0,11.180339887498949,76.78474821867128,12.055686841199106,10.452582299476596,0.13515141645112488,0.13729281204173235,14.4480585932409,-0.6699711769097776,-8.215251781328723,-8.829052762950553,24.948730145949625,26.31209492667539,29.611562308650704,0.225,0.4375,0.7875,0.2625,0.7375
bbox_expand_6x__bbox_mean__object_depth_percentile_5_95,leave_one_out,weather__distance_range,clear_sky,,near,100,40.0,14.142135623730951,78.19225042357102,38.19225042357104,39.857632098890704,1.2723783612272384,1.0065913823119956,41.14652412060958,-7.46518223603953,38.19225042357104,39.857632098890704,59.42953431420151,62.22814246768146,68.05702912264042,0.0,0.02,0.13,1.0,0.0
bbox_expand_6x__bbox_mean__object_depth_percentile_5_95,leave_one_out,weather__distance_range,light_rain,,far,60,130.0,14.719601443879744,78.37317861077666,51.62682138922332,47.67119503833491,0.3899633212140367,0.38136956030667923,53.71130070054647,-12.314940721282415,-51.62682138922332,-47.67119503833491,73.34575282610594,74.30591515122873,79.5290422575756,0.0,0.0,0.0,0.0,1.0
bbox_expand_6x__bbox_mean__object_depth_percentile_5_95,leave_one_out,weather__distance_range,light_rain,,mid,80,85.0,11.180339887498949,77.14068269624549,11.015263698409575,8.924721404859135,0.12208795401024534,0.11969529720992775,13.632109864669571,-0.48667535489937164,-7.859317303754503,-5.411794581406923,23.61718424101531,25.346648241497828,26.853434457180555,0.325,0.525,0.7875,0.275,0.725
bbox_expand_6x__bbox_mean__object_depth_percentile_5_95,leave_one_out,weather__distance_range,light_rain,,near,100,40.0,14.142135623730951,76.70392686154136,36.70392686154135,36.57305608447829,1.227035078738909,0.9143264021119573,39.55858860760652,-6.8244096631292805,36.70392686154135,36.57305608447829,56.252609040598294,58.28079502230778,65.03955477952525,0.0,0.02,0.19,1.0,0.0
bbox_expand_6x__bbox_mean__object_depth_percentile_5_95,leave_one_out,time_of_day__distance_range,,10AM,far,60,130.0,14.719601443879744,78.32799591600535,51.67200408399465,47.603230338155036,0.38991009810834626,0.3812998476683839,53.9178663560065,-12.417552211003898,-51.67200408399465,-47.603230338155036,73.47401763718909,74.54383008926776,84.60628450283639,0.0,0.0,0.0,0.0,1.0
bbox_expand_6x__bbox_mean__object_depth_percentile_5_95,leave_one_out,time_of_day__distance_range,,10AM,mid,80,85.0,11.180339887498949,76.30490894983579,11.694244232705781,9.83494151201431,0.12984739859111832,0.12622722650808543,14.265343421347735,-0.6280001834319129,-8.695091050164212,-8.234572171357883,25.235537137097598,26.739138372610014,29.611562308650704,0.275,0.5,0.775,0.25,0.75
bbox_expand_6x__bbox_mean__object_depth_percentile_5_95,leave_one_out,time_of_day__distance_range,,10AM,near,100,40.0,14.142135623730951,76.44632299334158,36.44632299334159,36.41018906463247,1.22187001010895,0.9102547266158116,39.48549487713724,-6.795521528462156,36.44632299334159,36.41018906463247,56.86862591510615,59.943409150740536,65.03955477952525,0.0,0.03,0.19,1.0,0.0
bbox_expand_6x__bbox_mean__object_depth_percentile_5_95,leave_one_out,time_of_day__distance_range,,8PM,far,60,130.0,14.719601443879744,78.30795554594417,51.69204445405582,46.683529140553524,0.39039681943802196,0.3734682331244282,53.80805724101607,-12.362955495626752,-51.69204445405582,-46.683529140553524,72.92178172572883,76.29032009363026,79.5290422575756,0.0,0.0,0.0,0.0,1.0
bbox_expand_6x__bbox_mean__object_depth_percentile_5_95,leave_one_out,time_of_day__distance_range,,8PM,mid,80,85.0,11.180339887498949,77.62052196508098,11.376706306902898,10.898222840874517,0.12739197187025192,0.13282661347195981,13.823197659990056,-0.5286463483772363,-7.379478034919015,-5.155160878614019,23.37097483299626,24.940562499182917,29.296788661100194,0.275,0.4625,0.8,0.2875,0.7125
bbox_expand_6x__bbox_mean__object_depth_percentile_5_95,leave_one_out,time_of_day__distance_range,,8PM,near,100,40.0,14.142135623730951,78.4498542917708,38.4498542917708,39.19889422178319,1.277543429857197,0.9799723555445798,41.21667228369281,-7.494070370706654,38.4498542917708,39.19889422178319,58.127377771924195,62.22814246768146,68.05702912264042,0.0,0.01,0.13,1.0,0.0
bbox_expand_6x__bbox_mean__object_minus_ring,leave_one_out,weather,clear_sky,,,240,77.5,38.37859646556485,76.26718217428285,32.102526115237545,30.630931952383282,0.645771778734096,0.343265179278164,37.84023276078275,0.02785863735883487,-1.2328178257171467,0.20268166458919978,61.4767566601466,69.69753743982008,75.31505401927613,0.06666666666666667,0.14583333333333334,0.3333333333333333,0.5041666666666667,0.49583333333333335
bbox_expand_6x__bbox_mean__object_minus_ring,leave_one_out,weather,light_rain,,,240,77.5,38.37859646556485,78.72044878881708,31.767023243081713,32.20405359421344,0.6496226885025571,0.34725152008331595,37.620508630351225,0.03911558499145873,1.2204487888170794,3.088775377968119,60.45635725211385,69.10010302432283,75.95447681743299,0.08333333333333333,0.16666666666666666,0.3625,0.5416666666666666,0.4583333333333333
bbox_expand_6x__bbox_mean__object_minus_ring,leave_one_out,time_of_day,,10AM,,240,77.5,38.37859646556485,76.22186711856577,31.726229111101826,31.508791016530637,0.628822838684904,0.3447950851990297,37.41296867876373,0.04968810725330286,-1.2781328814342392,0.26725458411164027,60.48509003743378,69.60339568916211,75.95447681743299,0.06666666666666667,0.17083333333333334,0.3416666666666667,0.5,0.5
bbox_expand_6x__bbox_mean__object_minus_ring,leave_one_out,time_of_day,,8PM,,240,77.5,38.37859646556485,78.76576384453416,32.14332024721743,31.279011463755538,0.666571628551749,0.3469204840264827,38.045442034997976,0.01728611509699063,1.26576384453417,1.2396828846560126,61.83415069490731,69.18645448632547,74.31920449080683,0.08333333333333333,0.14166666666666666,0.3541666666666667,0.5458333333333333,0.45416666666666666
bbox_expand_6x__bbox_mean__object_minus_ring,leave_one_out,distance_range,,,far,120,130.0,14.719601443879744,79.86839609352053,50.13160390647946,44.54664187145721,0.3781000983723774,0.35699244852321155,52.32010159194133,-11.634121679651056,-50.13160390647946,-44.54664187145721,69.8459123898781,71.94862559416181,75.95447681743299,0.0,0.0,0.0,0.0,1.0
bbox_expand_6x__bbox_mean__object_minus_ring,leave_one_out,distance_range,,,mid,160,85.0,11.180339887498949,77.34605621754488,12.21114211173248,10.698475967690264,0.138816165027488,0.13482991374322553,14.90042485738209,-0.7761812874439205,-7.653943782455125,-9.064427944678371,21.71970973127765,25.30440256986626,55.731799659050864,0.2125,0.4375,0.83125,0.34375,0.65625
bbox_expand_6x__bbox_mean__object_minus_ring,leave_one_out,distance_range,,,near,200,40.0,14.142135623730951,76.1872745255717,36.79558319670945,38.295054732212975,1.2165603696385667,0.9657565434175662,39.95709092134745,-6.982845574484134,36.187274525571695,37.774803943890305,58.798169741856945,60.72957012481344,71.75233871649324,0.01,0.025,0.17,0.98,0.02
bbox_expand_6x__bbox_mean__object_minus_ring,leave_one_out,weather__distance_range,clear_sky,,far,60,130.0,14.719601443879744,79.87004935374453,50.12995064625549,44.296046722647965,0.37794582705665375,0.35656237382278455,52.36629066871755,-11.65643876184899,-50.12995064625549,-44.296046722647965,70.67632711269043,72.22179121308797,75.31505401927613,0.0,0.0,0.0,0.0,1.0
bbox_expand_6x__bbox_mean__object_minus_ring,leave_one_out,weather__distance_range,clear_sky,,mid,80,85.0,11.180339887498949,75.68349371681376,13.973827892450226,11.25546502288578,0.15937273363052687,0.1521615685789368,16.98138496004441,-1.3069394812897794,-9.31650628318624,-9.867196453318066,24.551671160180774,27.952256490612676,55.731799659050864,0.175,0.375,0.7375,0.3125,0.6875
bbox_expand_6x__bbox_mean__object_minus_ring,leave_one_out,weather__distance_range,clear_sky,,near,100,40.0,14.142135623730951,74.57241263258112,35.78902997485664,35.90096115300767,1.1955865858234167,0.9454172810772368,39.503021780202744,-6.802443648835861,34.57241263258113,35.32207120920106,59.706352782529194,61.40041164746941,71.75233871649324,0.02,0.05,0.21,0.96,0.04
bbox_expand_6x__bbox_mean__object_minus_ring,leave_one_out,weather__distance_range,light_rain,,far,60,130.0,14.719601443879744,79.86674283329656,50.13325716670345,44.624588137263274,0.378254369688101,0.3569967050981062,52.27387170261555,-11.611804597453126,-50.13325716670345,-44.624588137263274,69.67585546461862,70.85851372034087,75.95447681743299,0.0,0.0,0.0,0.0,1.0
bbox_expand_6x__bbox_mean__object_minus_ring,leave_one_out,weather__distance_range,light_rain,,mid,80,85.0,11.180339887498949,79.00861871827598,10.44845633101473,10.032858995447235,0.11825959642444914,0.12485331783746846,12.47709448147916,-0.24542309359806147,-5.991381281724006,-8.473001281084635,19.955186537403574,20.358539417287457,25.7777851839473,0.25,0.5,0.925,0.375,0.625
bbox_expand_6x__bbox_mean__object_minus_ring,leave_one_out,weather__distance_range,light_rain,,near,100,40.0,14.142135623730951,77.80213641856227,37.802136418562256,38.82508489787275,1.237534153453717,0.9715211237626558,40.40605771448733,-7.163247500132405,37.802136418562256,38.82508489787275,56.984107537418836,60.33685424361809,62.71715626078527,0.0,0.0,0.13,1.0,0.0
bbox_expand_6x__bbox_mean__object_minus_ring,leave_one_out,time_of_day__distance_range,,10AM,far,60,130.0,14.719601443879744,79.1819362054735,50.8180637945265,44.959550231905325,0.3836570753801668,0.3596764018552426,52.96017837607248,-11.945140739809608,-50.8180637945265,-44.959550231905325,70.86783628899163,71.97605124898564,75.95447681743299,0.0,0.0,0.0,0.0,1.0
bbox_expand_6x__bbox_mean__object_minus_ring,leave_one_out,time_of_day__distance_range,,10AM,mid,80,85.0,11.180339887498949,75.81758825082666,13.132071462229717,10.584051452945339,0.1488327839415508,0.13492013811139875,16.190620379536778,-1.0970895061941728,-9.182411749173337,-9.229717154204103,24.551671160180774,27.740276379681255,55.731799659050864,0.1875,0.4625,0.8,0.2875,0.7125
bbox_expand_6x__bbox_mean__object_minus_ring,leave_one_out,time_of_day__distance_range,,10AM,near,100,40.0,14.142135623730951,74.76924876061238,35.14645442014472,36.43518093246516,1.1599143404624286,0.9576864682977387,38.29850250420906,-6.333876470324539,34.76924876061239,36.43518093246516,56.61466594837714,60.212227647387486,68.32756201244848,0.01,0.04,0.18,0.97,0.03
bbox_expand_6x__bbox_mean__object_minus_ring,leave_one_out,time_of_day__distance_range,,8PM,far,60,130.0,14.719601443879744,80.55485598156754,49.445144018432444,44.490895508158765,0.372543121364588,0.35592716406527014,51.67209660500249,-11.323102619492504,-49.445144018432444,-44.490895508158765,69.69907376206727,70.6921666076816,74.31920449080683,0.0,0.0,0.0,0.0,1.0
bbox_expand_6x__bbox_mean__object_minus_ring,leave_one_out,time_of_day__distance_range,,8PM,mid,80,85.0,11.180339887498949,78.8745241842631,11.290212761235239,10.829542452999036,0.1287995461134252,0.13480272905187463,13.487369409440396,-0.45527306869366835,-6.125475815736907,-9.017170835988175,20.38362892642421,21.949434616069333,31.765830052589045,0.2375,0.4125,0.8625,0.4,0.6
bbox_expand_6x__bbox_mean__object_minus_ring,leave_one_out,time_of_day__distance_range,,8PM,near,100,40.0,14.142135623730951,77.605300290531,38.444711973274174,38.86084495050623,1.2732063988147049,0.9715211237626558,41.54952389292501,-7.63181467864373,37.605300290531,38.82508489787275,60.13203874220289,61.42026687162278,71.75233871649324,0.01,0.01,0.16,0.99,0.01
bbox_expand_6x__bbox_mean__object_minus_ring_normalized,leave_one_out,weather,clear_sky,,,240,77.5,38.37859646556485,77.33434000264779,32.443772313356824,33.03255631652669,0.6605009668895359,0.3563789051248577,38.19326452961618,0.00963476859118273,-0.1656599973522134,-0.699409324223879,59.114022794934876,71.27920409128654,74.366175831485,0.075,0.15,0.32083333333333336,0.49166666666666664,0.5083333333333333
bbox_expand_6x__bbox_mean__object_minus_ring_normalized,leave_one_out,weather,light_rain,,,240,77.5,38.37859646556485,77.55169299473982,32.34718941102473,32.4155164352741,0.6621759379216597,0.3640918510940005,38.2111462907749,0.008707190367185036,0.05169299473983528,-0.5818045595664003,58.91684950246056,70.98823600194225,76.30979455215783,0.07916666666666666,0.17083333333333334,0.3333333333333333,0.49166666666666664,0.5083333333333333
bbox_expand_6x__bbox_mean__object_minus_ring_normalized,leave_one_out,time_of_day,,10AM,,240,77.5,38.37859646556485,76.51790247428157,32.49664861869747,34.15713775813592,0.6587468286713538,0.3625035194868066,38.2366671587693,0.007382597741098729,-0.9820975257184272,-0.810200661382666,58.808053977567766,71.29710353535545,76.30979455215783,0.07083333333333333,0.1625,0.3333333333333333,0.48333333333333334,0.5166666666666667
bbox_expand_6x__bbox_mean__object_minus_ring_normalized,leave_one_out,time_of_day,,8PM,,240,77.5,38.37859646556485,78.36813052310605,32.294313105684076,31.159441004183613,0.6639300761398417,0.3487553421719614,38.16771464043571,0.010959361217269259,0.8681305231060492,3.156036422047613,59.05466042286291,70.98185097468567,73.28153635226346,0.08333333333333333,0.15833333333333333,0.32083333333333336,0.5,0.5
bbox_expand_6x__bbox_mean__object_minus_ring_normalized,leave_one_out,distance_range,,,far,120,130.0,14.719601443879744,78.5969749209548,51.40302507904521,46.238194555156255,0.3879045525905001,0.370389908995317,53.49354197462151,-12.207195536879661,-51.40302507904521,-46.238194555156255,71.42546558963947,72.1224550635479,76.30979455215783,0.0,0.0,0.0,0.0,1.0
bbox_expand_6x__bbox_mean__object_minus_ring_normalized,leave_one_out,distance_range,,,mid,160,85.0,11.180339887498949,77.06711051884523,11.752416157609536,10.795862304419956,0.13273073466570712,0.1268377003874181,14.351788528177822,-0.6477906716602924,-7.932889481154772,-10.522455947709119,21.662270375294696,22.959829439152035,43.057340865505985,0.225,0.475,0.7375,0.23125,0.76875
bbox_expand_6x__bbox_mean__object_minus_ring_normalized,leave_one_out,distance_range,,,near,200,40.0,14.142135623730951,77.05136622921609,37.505406095743105,38.49088203777536,1.2482849664865692,0.9631654341658786,40.25998137829549,-7.104330502903499,37.05136622921609,38.431269519083614,58.54353218010806,58.97555843481965,61.33416173679407,0.005,0.005,0.195,0.995,0.005
bbox_expand_6x__bbox_mean__object_minus_ring_normalized,leave_one_out,weather__distance_range,clear_sky,,far,60,130.0,14.719601443879744,78.60423879171023,51.39576120828976,46.1217570108436,0.38777679097848555,0.3689740560867488,53.50558759303595,-12.213144170812503,-51.39576120828976,-46.1217570108436,71.6236328942621,72.13161524222683,74.366175831485,0.0,0.0,0.0,0.0,1.0
bbox_expand_6x__bbox_mean__object_minus_ring_normalized,leave_one_out,weather__distance_range,clear_sky,,mid,80,85.0,11.180339887498949,76.48400785463497,12.218662974327417,11.052086258083214,0.13728373851745104,0.1296831802217921,14.87421283093735,-0.7699376587201698,-8.51599214536503,-10.911327219304951,22.51874401534728,27.380375227815428,35.63131686489926,0.225,0.45,0.725,0.225,0.775
bbox_expand_6x__bbox_mean__object_minus_ring_normalized,leave_one_out,weather__distance_range,clear_sky,,near,100,40.0,14.142135623730951,77.25266644762057,37.25266644762058,38.29147209879719,1.242709255133834,0.961675121198585,40.07790644423093,-7.031192924762639,37.25266644762058,38.29147209879719,58.62870889510417,59.033780140131896,61.33416173679407,0.0,0.0,0.19,1.0,0.0
bbox_expand_6x__bbox_mean__object_minus_ring_normalized,leave_one_out,weather__distance_range,light_rain,,far,60,130.0,14.719601443879744,78.58971105019937,51.41028894980064,46.29664774629077,0.3880323142025147,0.37087939465908215,53.481493643176655,-12.201246902946824,-51.41028894980064,-46.29664774629077,71.35491697190875,71.58511962263914,76.30979455215783,0.0,0.0,0.0,0.0,1.0
bbox_expand_6x__bbox_mean__object_minus_ring_normalized,leave_one_out,weather__distance_range,light_rain,,mid,80,85.0,11.180339887498949,77.65021318305548,11.286169340891655,9.86086843136642,0.12817773081396325,0.12483426116246799,13.80961478735203,-0.5256436846004149,-7.3497868169445155,-9.791990526530768,21.358640220190384,21.81492183274513,43.057340865505985,0.225,0.5,0.75,0.2375,0.7625
bbox_expand_6x__bbox_mean__object_minus_ring_normalized,leave_one_out,weather__distance_range,light_rain,,near,100,40.0,14.142135623730951,76.8500660108116,37.75814574386563,38.528657412334596,1.253860677839304,0.963216435308365,40.4412365811046,-7.177468081044362,36.8500660108116,38.49088203777536,57.57774762334346,58.852050798605696,60.05311323335897,0.01,0.01,0.2,0.99,0.01
bbox_expand_6x__bbox_mean__object_minus_ring_normalized,leave_one_out,time_of_day__distance_range,,10AM,far,60,130.0,14.719601443879744,78.3050531386571,51.6949468613429,46.29377282361311,0.3902521812880481,0.37114466386563016,53.75936567779834,-12.338781837288812,-51.6949468613429,-46.29377282361311,71.55930535075026,72.1224550635479,76.30979455215783,0.0,0.0,0.0,0.0,1.0
bbox_expand_6x__bbox_mean__object_minus_ring_normalized,leave_one_out,time_of_day__distance_range,,10AM,mid,80,85.0,11.180339887498949,75.75193271761029,12.51065119252608,10.522455947709119,0.1417011019202961,0.12615376683272178,15.46956451869752,-0.914459411185162,-9.248067282389723,-10.522455947709119,22.97986263317126,28.722566348759116,43.057340865505985,0.2,0.475,0.7375,0.2125,0.7875
bbox_expand_6x__bbox_mean__object_minus_ring_normalized,leave_one_out,time_of_day__distance_range,,10AM,near,100,40.0,14.142135623730951,76.0583878809933,36.96646761404732,38.58373488929364,1.2334801985021833,0.964593372232341,39.792146675181456,-6.917074685095773,36.058387880993294,38.49436856981581,57.39856815198731,58.609624461249794,59.37597210070996,0.01,0.01,0.21,0.99,0.01
bbox_expand_6x__bbox_mean__object_minus_ring_normalized,leave_one_out,time_of_day__distance_range,,8PM,far,60,130.0,14.719601443879744,78.88889670325251,51.11110329674751,46.238194555156255,0.3855569238929522,0.36990555644125,53.226390708951364,-12.07560923647051,-51.11110329674751,-46.238194555156255,71.40993875006197,71.66218109724723,73.28153635226346,0.0,0.0,0.0,0.0,1.0
bbox_expand_6x__bbox_mean__object_minus_ring_normalized,leave_one_out,time_of_day__distance_range,,8PM,mid,80,85.0,11.180339887498949,78.38228832008018,10.994181122692993,10.882056193291916,0.12376036741111818,0.1274018138479127,13.139263355185777,-0.38112193213542267,-6.617711679919822,-7.787859264975054,21.361215833603403,21.595012937600863,22.602174564271266,0.25,0.475,0.7375,0.25,0.75
bbox_expand_6x__bbox_mean__object_minus_ring_normalized,leave_one_out,time_of_day__distance_range,,8PM,near,100,40.0,14.142135623730951,78.04434457743888,38.044344577438885,38.13714451282535,1.2630897344709544,0.9584191885390891,40.72244177529443,-7.2915863207112235,38.044344577438885,38.13714451282535,58.80031509719341,59.0144951438757,61.33416173679407,0.0,0.0,0.18,1.0,0.0
bbox_expand_6x__bbox_midpoint__object_depth,leave_one_out,weather,clear_sky,,,240,77.5,38.37859646556485,76.66688303097817,32.47277682335439,28.933521525791953,0.643147677261392,0.36679751636062297,38.75699361154813,-0.019816387307892036,-0.8331169690218209,-0.9408825089820745,62.89372135724166,71.70941161065033,91.47475344544725,0.075,0.15,0.3416666666666667,0.49166666666666664,0.5083333333333333
bbox_expand_6x__bbox_midpoint__object_depth,leave_one_out,weather,light_rain,,,240,77.5,38.37859646556485,78.36498712962975,29.642750248597725,27.288930514524203,0.5986601421298853,0.3345513793468834,35.3221122520926,0.15293808388157482,0.8649871296297647,3.321443009763847,58.320754165912554,67.2954579686789,74.46329126410849,0.07083333333333333,0.18333333333333332,0.37916666666666665,0.5375,0.4625
bbox_expand_6x__bbox_midpoint__object_depth,leave_one_out,time_of_day,,10AM,,240,77.5,38.37859646556485,76.41505525844762,29.779631611629352,26.75922803294253,0.5784094424549058,0.340037614544599,35.791254916953925,0.13028757327499063,-1.0849447415523723,0.4789318555859481,59.6689762345719,67.6269467894312,89.54174290496358,0.07916666666666666,0.17083333333333334,0.3875,0.5125,0.4875
bbox_expand_6x__bbox_midpoint__object_depth,leave_one_out,time_of_day,,8PM,,240,77.5,38.37859646556485,78.61681490216031,32.33589546032275,29.323609256960836,0.6633983769363715,0.35853504562222194,38.32417304032319,0.0028341232986921483,1.116814902160318,2.7429339618098822,62.312224228172305,70.5544665578087,91.47475344544725,0.06666666666666667,0.1625,0.3333333333333333,0.5166666666666667,0.48333333333333334
bbox_expand_6x__bbox_midpoint__object_depth,leave_one_out,distance_range,,,far,120,130.0,14.719601443879744,81.14008817136495,48.859911828635056,44.72600317202334,0.36801090683830195,0.3664153833941264,51.63848960691222,-11.307078194845454,-48.859911828635056,-44.72600317202334,71.92168440047178,75.49124689939887,91.47475344544725,0.0,0.0,0.0,0.0,1.0
bbox_expand_6x__bbox_midpoint__object_depth,leave_one_out,distance_range,,,mid,160,85.0,11.180339887498949,77.61143922063579,12.32898175243997,11.719622651934372,0.1420718729305253,0.1332436738044243,14.930850752370413,-0.7834424335164811,-7.38856077936421,-8.061575596777768,23.58667807499673,28.951457910059432,36.89695175420093,0.20625,0.45,0.81875,0.30625,0.69375
bbox_expand_6x__bbox_midpoint__object_depth,leave_one_out,distance_range,,,near,200,40.0,14.142135623730951,75.26503991340192,35.35949998720952,33.870012278054965,1.1557053408221314,0.8609910267610297,39.005678979149415,-6.607214963122293,35.26503991340193,33.870012278054965,59.07361607722237,62.47753948035926,79.05738102014737,0.01,0.04,0.21,0.99,0.01
bbox_expand_6x__bbox_midpoint__object_depth,leave_one_out,weather__distance_range,clear_sky,,far,60,130.0,14.719601443879744,79.24810502267721,50.75189497732281,46.33168801431979,0.38228122360249933,0.37851166826690386,53.758359925345026,-12.338282747059734,-50.75189497732281,-46.33168801431979,75.5415088963964,77.87587737953771,91.47475344544725,0.0,0.0,0.0,0.0,1.0
bbox_expand_6x__bbox_midpoint__object_depth,leave_one_out,weather__distance_range,clear_sky,,mid,80,85.0,11.180339887498949,75.26339263503175,14.012827983195919,12.857303949110587,0.16008380560756366,0.16774058934082445,16.85859363598251,-1.273697435065519,-9.736607364968245,-10.39721778402875,28.928890972929935,30.21588531986124,36.89695175420093,0.2,0.3875,0.75,0.2375,0.7625
bbox_expand_6x__bbox_midpoint__object_depth,leave_one_out,weather__distance_range,clear_sky,,near,100,40.0,14.142135623730951,76.24094215271593,36.27326500310011,33.8900659140114,1.1861186467797904,0.97120366688762,40.54262483496945,-7.2185221425454085,36.24094215271592,33.8900659140114,61.18298079616774,70.5544665578087,79.05738102014737,0.02,0.05,0.22,0.99,0.01
bbox_expand_6x__bbox_midpoint__object_depth,leave_one_out,weather__distance_range,light_rain,,far,60,130.0,14.719601443879744,83.03207132005271,46.967928679947285,43.45482355559051,0.35374059007410447,0.35581039498421574,49.427785261970016,-10.27587364263117,-46.967928679947285,-43.45482355559051,69.03288983919354,71.83692933229717,74.46329126410849,0.0,0.0,0.0,0.0,1.0
bbox_expand_6x__bbox_midpoint__object_depth,leave_one_out,weather__distance_range,light_rain,,mid,80,85.0,11.180339887498949,79.95948580623983,10.645135521684022,9.891344550284103,0.12405994025348695,0.11403122091857867,12.714103546689023,-0.29318743196744323,-5.040514193760172,-6.322696069098377,20.28036627164639,23.179856294388017,31.90090789394452,0.2125,0.5125,0.8875,0.375,0.625
bbox_expand_6x__bbox_midpoint__object_depth,leave_one_out,weather__distance_range,light_rain,,near,100,40.0,14.142135623730951,74.28913767408794,34.445734971318934,33.870012278054965,1.1252920348644722,0.8543516528365267,37.405635360729214,-5.99590778369918,34.28913767408794,33.870012278054965,53.16837099272259,58.32783375881255,69.09483045058064,0.0,0.03,0.2,0.99,0.01
bbox_expand_6x__bbox_midpoint__object_depth,leave_one_out,time_of_day__distance_range,,10AM,far,60,130.0,14.719601443879744,81.6656165366045,48.3343834633955,44.14722607426059,0.364304007555802,0.3623925584500477,51.04083428112951,-11.023846603601813,-48.3343834633955,-44.14722607426059,71.52760381342655,75.49042238614531,89.54174290496358,0.0,0.0,0.0,0.0,1.0
bbox_expand_6x__bbox_midpoint__object_depth,leave_one_out,time_of_day__distance_range,,10AM,mid,80,85.0,11.180339887498949,76.79895961420952,11.891113478661463,11.538091979606733,0.1362489860098662,0.135104953124599,14.561831798466828,-0.6963755626147172,-8.20104038579047,-8.066756964173276,22.521219220753895,26.65191573357583,36.89695175420093,0.225,0.45,0.8375,0.2875,0.7125
bbox_expand_6x__bbox_midpoint__object_depth,leave_one_out,time_of_day__distance_range,,10AM,near,100,40.0,14.142135623730951,72.95759500694399,32.95759500694398,31.19472076807525,1.0606010685503997,0.7515175173263389,36.62916616227021,-5.708479068716004,32.95759500694398,31.19472076807525,54.409667034906825,61.28211747781134,79.05738102014737,0.01,0.05,0.26,1.0,0.0
bbox_expand_6x__bbox_midpoint__object_depth,leave_one_out,time_of_day__distance_range,,8PM,far,60,130.0,14.719601443879744,80.6145598061254,49.38544019387461,44.81688070277774,0.3717178061208018,0.375059725392937,52.22930646344671,-11.590309786089092,-49.38544019387461,-44.81688070277774,72.01674524136398,75.54532453705716,91.47475344544725,0.0,0.0,0.0,0.0,1.0
bbox_expand_6x__bbox_midpoint__object_depth,leave_one_out,time_of_day__distance_range,,8PM,mid,80,85.0,11.180339887498949,78.42391882706205,12.766850026218481,11.84853318903712,0.1478947598511844,0.12924205717791026,15.290966714118523,-0.870509304418245,-6.576081172937949,-7.84987091993635,23.720499929162003,29.208280387531154,34.408274528372786,0.1875,0.45,0.8,0.325,0.675
bbox_expand_6x__bbox_midpoint__object_depth,leave_one_out,time_of_day__distance_range,,8PM,near,100,40.0,14.142135623730951,77.57248481985988,37.76140496747505,37.02703984759374,1.250809613093863,1.0430312570236366,41.24548668043228,-7.505950857528584,37.57248481985988,37.02703984759374,60.4861984329288,62.66503076645047,73.63363278240445,0.01,0.03,0.16,0.98,0.02
bbox_expand_6x__bbox_midpoint__object_depth_percentile_5_95,leave_one_out,weather,clear_sky,,,240,77.5,38.37859646556485,77.52692898435316,32.90776559990944,32.70029103026373,0.6735161735613414,0.33380155968439174,38.7544620538084,-0.019683165429188243,0.02692898435314722,-0.24742435895929304,65.49739402798922,69.53473505568594,86.20188012126742,0.058333333333333334,0.15416666666666667,0.32083333333333336,0.49166666666666664,0.5083333333333333
bbox_expand_6x__bbox_midpoint__object_depth_percentile_5_95,leave_one_out,weather,light_rain,,,240,77.5,38.37859646556485,77.48900969958194,30.74981741967086,30.878160255352284,0.6228031100019499,0.35287306033378596,36.64428276264733,0.08833711398776678,-0.01099030041805425,2.0689365160758584,58.31652514697306,68.13776326171045,86.20188012126745,0.1125,0.20416666666666666,0.325,0.5291666666666667,0.4708333333333333
bbox_expand_6x__bbox_midpoint__object_depth_percentile_5_95,leave_one_out,time_of_day,,10AM,,240,77.5,38.37859646556485,75.77584085321969,31.327142900962155,32.276083472002746,0.6227837583128348,0.3451599734877502,37.25947186401197,0.057469933633878645,-1.7241591467803081,-0.17178401839486668,60.69931050122963,69.33422295016888,86.20188012126745,0.09166666666666666,0.18333333333333332,0.3375,0.49583333333333335,0.5041666666666667
bbox_expand_6x__bbox_midpoint__object_depth_percentile_5_95,leave_one_out,time_of_day,,8PM,,240,77.5,38.37859646556485,79.24009783071541,32.33044011861814,31.315686113753188,0.6735355252504565,0.34214141073380894,38.16337962869415,0.011184014924699781,1.740097830715403,3.5154540944280157,63.232350442096674,69.25022592687839,78.85026148355396,0.07916666666666666,0.175,0.30833333333333335,0.525,0.475
bbox_expand_6x__bbox_midpoint__object_depth_percentile_5_95,leave_one_out,distance_range,,,far,120,130.0,14.719601443879744,80.6371175556519,49.36288244434811,44.74990640975422,0.3723802480114004,0.3593063867665294,51.84480672741321,-11.4056183904746,-49.36288244434811,-44.74990640975422,71.68954355347205,76.1621191967009,86.20188012126745,0.0,0.0,0.0,0.0,1.0
bbox_expand_6x__bbox_midpoint__object_depth_percentile_5_95,leave_one_out,distance_range,,,mid,160,85.0,11.180339887498949,76.32226623749308,12.740409074438727,10.993074513205272,0.14361618310558702,0.13228707285046853,15.668781003899207,-0.964085585185221,-8.677733762506922,-8.306322581870916,25.73390819318047,28.777319622945004,35.8119035145283,0.21875,0.4625,0.75,0.28125,0.71875
bbox_expand_6x__bbox_midpoint__object_depth_percentile_5_95,leave_one_out,distance_range,,,near,200,40.0,14.142135623730951,76.5790428973365,36.579042897336514,35.30987110222729,1.2172620449846396,0.9295112533782524,40.05640019575514,-7.022575983212461,36.579042897336514,35.30987110222729,57.48960853350219,65.48371644434735,75.77994551045043,0.03,0.06,0.175,1.0,0.0
bbox_expand_6x__bbox_midpoint__object_depth_percentile_5_95,leave_one_out,weather__distance_range,clear_sky,,far,60,130.0,14.719601443879744,80.30868490441615,49.691315095583846,43.91496854274347,0.37465850433107484,0.3533966294552563,52.26589621860635,-11.607956496311367,-49.691315095583846,-43.91496854274347,72.64486577969801,76.54786906185042,86.20188012126742,0.0,0.0,0.0,0.0,1.0
bbox_expand_6x__bbox_midpoint__object_depth_percentile_5_95,leave_one_out,weather__distance_range,clear_sky,,mid,80,85.0,11.180339887498949,75.18027200747255,14.285809210765663,12.82075180283828,0.16219978198117932,0.1597559142193174,17.01391419212187,-1.315786209095088,-9.819727992527444,-11.1888255316236,27.06723758095522,30.009620250474978,35.8119035145283,0.15,0.375,0.725,0.225,0.775
bbox_expand_6x__bbox_midpoint__object_depth_percentile_5_95,leave_one_out,weather__distance_range,clear_sky,,near,100,40.0,14.142135623730951,77.73520101381982,37.73520101381982,35.64935252076665,1.2618838883636312,1.110130844855342,41.64092967696799,-7.669835121810969,37.73520101381982,35.64935252076665,63.442726259477546,65.79654395166041,75.77994551045043,0.02,0.07,0.19,1.0,0.0
bbox_expand_6x__bbox_midpoint__object_depth_percentile_5_95,leave_one_out,weather__distance_range,light_rain,,far,60,130.0,14.719601443879744,80.96555020688764,49.03444979311236,44.83531750024962,0.3701019916917261,0.3620044172512772,51.42026897704377,-11.203280284637831,-49.03444979311236,-44.83531750024962,70.79724344636628,72.00841161226568,86.20188012126745,0.0,0.0,0.0,0.0,1.0
bbox_expand_6x__bbox_midpoint__object_depth_percentile_5_95,leave_one_out,weather__distance_range,light_rain,,mid,80,85.0,11.180339887498949,77.4642604675136,11.195008938111789,8.695616650085398,0.1250325842299947,0.10783518108998894,14.196764425721069,-0.6123849612753545,-7.535739532486398,-5.864651350616853,23.823244534251153,25.83879740541699,35.8119035145283,0.2875,0.55,0.775,0.3375,0.6625
bbox_expand_6x__bbox_midpoint__object_depth_percentile_5_95,leave_one_out,weather__distance_range,light_rain,,near,100,40.0,14.142135623730951,75.42288478085321,35.4228847808532,34.79463161207728,1.172640201605648,0.8677664289797455,38.40655372358721,-6.375316844613954,35.4228847808532,34.79463161207728,52.28864201882628,57.384413532994714,71.22012393827526,0.04,0.05,0.16,1.0,0.0
bbox_expand_6x__bbox_midpoint__object_depth_percentile_5_95,leave_one_out,time_of_day__distance_range,,10AM,far,60,130.0,14.719601443879744,79.85520259353008,50.14479740646991,45.31490744313543,0.378498978582433,0.3638962759746147,52.68453005506776,-11.810737109800021,-50.14479740646991,-45.31490744313543,71.68954355347205,72.5676515816983,86.20188012126745,0.0,0.0,0.0,0.0,1.0
bbox_expand_6x__bbox_midpoint__object_depth_percentile_5_95,leave_one_out,time_of_day__distance_range,,10AM,mid,80,85.0,11.180339887498949,74.44624153862448,13.382951572147002,10.95043709014341,0.14940411639085263,0.12432028368470667,16.76673293253224,-1.2489866658468896,-10.553758461375526,-10.022287020209255,28.4806492214306,35.8119035145283,35.8119035145283,0.2125,0.45,0.7375,0.2375,0.7625
bbox_expand_6x__bbox_midpoint__object_depth_percentile_5_95,leave_one_out,time_of_day__distance_range,,10AM,near,100,40.0,14.142135623730951,74.39190326070963,34.391903260709626,34.7340637349065,1.1480583396886617,0.8704095688407705,37.9677401716977,-6.207746468727736,34.391903260709626,34.7340637349065,53.6447231976695,61.041137527665285,71.22012393827526,0.05,0.08,0.22,1.0,0.0
bbox_expand_6x__bbox_midpoint__object_depth_percentile_5_95,leave_one_out,time_of_day__distance_range,,8PM,far,60,130.0,14.719601443879744,81.4190325177737,48.580967482226306,43.26426160672009,0.36626151744036795,0.35287306033378596,50.99125672193541,-11.000499671149184,-48.580967482226306,-43.26426160672009,70.82959318663306,76.54786906185042,78.85026148355396,0.0,0.0,0.0,0.0,1.0
bbox_expand_6x__bbox_midpoint__object_depth_percentile_5_95,leave_one_out,time_of_day__distance_range,,8PM,mid,80,85.0,11.180339887498949,78.1982909363617,12.09786657673045,11.392678989867221,0.13782824982032138,0.13648430265219613,14.487859160878259,-0.6791845045235525,-6.801709063638316,-6.951825122340992,23.447960794484608,25.73390819318047,29.704236920787977,0.225,0.475,0.7625,0.325,0.675
bbox_expand_6x__bbox_midpoint__object_depth_percentile_5_95,leave_one_out,time_of_day__distance_range,,8PM,near,100,40.0,14.142135623730951,78.7661825339634,38.766182533963395,39.592758795939666,1.2864657502806176,1.0239914578984144,42.0414212359601,-7.837405497697185,38.766182533963395,39.592758795939666,62.110926042890426,65.79654395166041,75.77994551045043,0.01,0.04,0.13,1.0,0.0
bbox_expand_6x__bbox_midpoint__object_minus_ring,leave_one_out,weather,clear_sky,,,240,77.5,38.37859646556485,75.71991831656078,31.77772562188001,29.901851457487,0.622810270923347,0.34608456154093165,37.41923995030631,0.049369492418489536,-1.7800816834392246,-3.1503887072483927,65.07080567791564,67.1750924330365,77.12597421470379,0.06666666666666667,0.15,0.325,0.4791666666666667,0.5208333333333334
bbox_expand_6x__bbox_midpoint__object_minus_ring,leave_one_out,weather,light_rain,,,240,77.5,38.37859646556485,79.26582570237538,30.071420877362137,29.66752833027413,0.6081528179660922,0.32636632994518,35.71547789034054,0.133966374471013,1.7658257023753852,4.023877378456298,62.911242796393104,65.33428615768759,74.97259968559,0.10416666666666667,0.1875,0.3541666666666667,0.5375,0.4625
bbox_expand_6x__bbox_midpoint__object_minus_ring,leave_one_out,time_of_day,,10AM,,240,77.5,38.37859646556485,75.04455473349388,30.61431011311105,29.40503445222394,0.5802058603776138,0.35004105187400075,36.25911134624087,0.10740153508180339,-2.455445266506113,-1.350891101134696,64.57999114245739,66.315343635006,77.12597421470379,0.1,0.175,0.31666666666666665,0.4875,0.5125
bbox_expand_6x__bbox_midpoint__object_minus_ring,leave_one_out,time_of_day,,8PM,,240,77.5,38.37859646556485,79.94118928544228,31.234836386131104,30.707293651166815,0.6507572285118254,0.31764573418403735,36.892705563226315,0.07593433180769915,2.4411892854422756,3.7534907676259657,64.31938187283588,65.48013766041922,75.94385727129607,0.07083333333333333,0.1625,0.3625,0.5291666666666667,0.4708333333333333
bbox_expand_6x__bbox_midpoint__object_minus_ring,leave_one_out,distance_range,,,far,120,130.0,14.719601443879744,83.12062069332087,46.87937930667912,40.385270824395114,0.3529577643502441,0.32636632994518,49.228178868626145,-10.184985821791306,-46.87937930667912,-40.385270824395114,67.17862025627578,68.04164048531182,75.94385727129607,0.0,0.0,0.0,0.0,1.0
bbox_expand_6x__bbox_midpoint__object_minus_ring,leave_one_out,distance_range,,,mid,160,85.0,11.180339887498949,76.8302752558446,13.763691861470738,13.182299112897617,0.16082277225731406,0.1499387645022661,17.45975260649444,-1.4387436886399154,-8.169724744155411,-7.613034622349488,27.06212011941369,34.11851911145062,75.94181343384028,0.20625,0.41875,0.8,0.31875,0.68125
bbox_expand_6x__bbox_midpoint__object_minus_ring,leave_one_out,distance_range,,,near,200,40.0,14.142135623730951,74.64630020205519,35.08039472590651,34.174377578545894,1.1367228302513295,0.8514682618238412,38.89770339719227,-6.565156647879714,34.646300202055194,34.174377578545894,57.441872857078984,65.43181767397971,77.12597421470379,0.04,0.07,0.175,0.965,0.035
bbox_expand_6x__bbox_midpoint__object_minus_ring,leave_one_out,weather__distance_range,clear_sky,,far,60,130.0,14.719601443879744,82.65595677725894,47.34404322274108,40.838637120936845,0.35654474479832327,0.339187315430606,49.749114319835,-10.422958656652362,-47.34404322274108,-40.838637120936845,67.48574912809498,68.63448278098215,75.94385727129607,0.0,0.0,0.0,0.0,1.0
bbox_expand_6x__bbox_midpoint__object_minus_ring,leave_one_out,weather__distance_range,clear_sky,,mid,80,85.0,11.180339887498949,73.59149754291136,17.163618315129163,15.061312319517015,0.20198229909188853,0.18180477505581238,21.235933359162512,-2.6077189250783297,-11.408502457088638,-11.356923139710197,34.15173810812397,39.10111404039611,75.94181343384028,0.125,0.325,0.7,0.275,0.725
bbox_expand_6x__bbox_midpoint__object_minus_ring,leave_one_out,weather__distance_range,clear_sky,,near,100,40.0,14.142135623730951,73.26103185906142,34.12922090676405,32.848132417598606,1.1192319640635282,0.8221950528574751,38.919433788635715,-6.573611632139997,33.261031859061426,32.848132417598606,59.739331035488426,65.54327393106935,77.12597421470379,0.06,0.1,0.22,0.93,0.07
bbox_expand_6x__bbox_midpoint__object_minus_ring,leave_one_out,weather__distance_range,light_rain,,far,60,130.0,14.719601443879744,83.58528460938284,46.414715390617175,40.38003758064545,0.349370783902165,0.3230403006451636,48.70167157126012,-9.947012986930247,-46.414715390617175,-40.38003758064545,65.98099157381203,67.51304649101859,74.97259968559,0.0,0.0,0.0,0.0,1.0
bbox_expand_6x__bbox_midpoint__object_minus_ring,leave_one_out,weather__distance_range,light_rain,,mid,80,85.0,11.180339887498949,80.06905296877781,10.363765407812314,8.902530045501486,0.11966324542273962,0.11325484895229446,12.598454529234436,-0.26976845220150136,-4.930947031222185,-4.6826999783008105,19.369718861755956,24.124436261685275,33.5824798853684,0.2875,0.5125,0.9,0.3625,0.6375
bbox_expand_6x__bbox_midpoint__object_minus_ring,leave_one_out,weather__distance_range,light_rain,,near,100,40.0,14.142135623730951,76.03156854504897,36.03156854504897,35.34554251141983,1.1542136964391305,0.8660503535082735,38.87596085917217,-6.556701663619433,36.03156854504897,35.34554251141983,55.237777669387235,62.64153484600631,66.87829585808771,0.02,0.04,0.13,1.0,0.0
bbox_expand_6x__bbox_midpoint__object_minus_ring,leave_one_out,time_of_day__distance_range,,10AM,far,60,130.0,14.719601443879744,82.04767785938293,47.952322140617085,42.464260196307464,0.3616020551263737,0.34407969425467966,50.23067812281049,-10.645173960049503,-47.952322140617085,-42.464260196307464,67.51770062194439,68.63448278098215,74.97259968559,0.0,0.0,0.0,0.0,1.0
bbox_expand_6x__bbox_midpoint__object_minus_ring,leave_one_out,time_of_day__distance_range,,10AM,mid,80,85.0,11.180339887498949,73.71028452879149,15.597670907522547,13.402770697923522,0.18214539581836042,0.1632341177261697,20.27425313848561,-2.288362722587149,-11.289715471208515,-7.971069237222991,33.63276190830929,38.32699771270015,75.94181343384028,0.2375,0.4125,0.7,0.2625,0.7375
bbox_expand_6x__bbox_midpoint__object_minus_ring,leave_one_out,time_of_day__distance_range,,10AM,near,100,40.0,14.142135623730951,71.9100970217224,32.22481426107822,29.736568767993518,1.0298165151757606,0.7372022917420602,36.230190261999375,-5.563133432103372,31.91009702172239,29.736568767993518,55.237777669387235,63.837185525640024,77.12597421470379,0.05,0.09,0.2,0.96,0.04
bbox_expand_6x__bbox_midpoint__object_minus_ring,leave_one_out,time_of_day__distance_range,,8PM,far,60,130.0,14.719601443879744,84.19356352725885,45.80643647274116,39.82506583859297,0.34431347357411457,0.31935768630424755,48.204835491530375,-9.724797683533106,-45.80643647274116,-39.82506583859297,65.71032502750792,67.23485214261359,75.94385727129607,0.0,0.0,0.0,0.0,1.0
bbox_expand_6x__bbox_midpoint__object_minus_ring,leave_one_out,time_of_day__distance_range,,8PM,mid,80,85.0,11.180339887498949,79.95026598289769,11.92971281541893,12.272520740391258,0.13950014869626776,0.14589089082476164,14.093990983273164,-0.5891246546926818,-5.049734017102307,-5.814437592602083,19.180746263735383,24.743668007842405,47.524513320058524,0.175,0.425,0.9,0.375,0.625
bbox_expand_6x__bbox_midpoint__object_minus_ring,leave_one_out,time_of_day__distance_range,,8PM,near,100,40.0,14.142135623730951,77.38250338238801,37.9359751907348,38.245044856621014,1.243629145326898,0.9721694647083698,41.393670684432074,-7.567179863656058,37.382503382388,38.245044856621014,58.278555929101,65.48013766041922,71.6341160791894,0.03,0.05,0.15,0.97,0.03
bbox_expand_6x__bbox_midpoint__object_minus_ring_normalized,leave_one_out,weather,clear_sky,,,240,77.5,38.37859646556485,77.3465168553796,32.54790975189868,34.99803780192962,0.6622065030142908,0.35442963788390824,38.1624515830542,0.011232105802123415,-0.15348314462038956,-0.7166681615952015,59.701489941927385,70.80604261874245,73.39101235428623,0.07083333333333333,0.14583333333333334,0.32083333333333336,0.48333333333333334,0.5166666666666667
bbox_expand_6x__bbox_midpoint__object_minus_ring_normalized,leave_one_out,weather,light_rain,,,240,77.5,38.37859646556485,77.48916036017042,32.241789550687045,32.81555512707449,0.6614427509337405,0.36149620663939924,38.15543717519501,0.011595551210011656,-0.01083963982957433,-0.34668504799972055,59.58546360712011,70.58408886620968,75.26566084820556,0.0875,0.175,0.3333333333333333,0.49166666666666664,0.5083333333333333
bbox_expand_6x__bbox_midpoint__object_minus_ring_normalized,leave_one_out,time_of_day,,10AM,,240,77.5,38.37859646556485,76.328220255162,32.60591789156691,35.22190322312578,0.6608673555448025,0.36070775875055755,38.27500795459952,0.005390958580147931,-1.1717797448379978,-0.8957528557329368,59.586884000811295,70.87152259652889,75.26566084820556,0.07083333333333333,0.15416666666666667,0.325,0.475,0.525
bbox_expand_6x__bbox_midpoint__object_minus_ring_normalized,leave_one_out,time_of_day,,8PM,,240,77.5,38.37859646556485,78.50745696038803,32.183781411018806,31.03995586322356,0.6627818984032289,0.34686792352357537,38.04252703139675,0.01743669843198703,1.007456960388036,1.8959312690028902,59.69628284048803,70.58408886620968,73.39101235428623,0.0875,0.16666666666666666,0.32916666666666666,0.5,0.5
bbox_expand_6x__bbox_midpoint__object_minus_ring_normalized,leave_one_out,distance_range,,,far,120,130.0,14.719601443879744,78.92493925225061,51.07506074774939,45.582446332427615,0.3853808322403939,0.3646595706594209,53.16452686126719,-12.045231921764929,-51.07506074774939,-45.582446332427615,70.99376287070484,71.32912770472282,75.26566084820556,0.0,0.0,0.0,0.0,1.0
bbox_expand_6x__bbox_midpoint__object_minus_ring_normalized,leave_one_out,distance_range,,,mid,160,85.0,11.180339887498949,76.90569778583995,11.904999851123208,10.429247180050588,0.13494553747291885,0.1278898947211371,14.60629562109309,-0.7067509741661051,-8.094302214160065,-10.412554971458015,21.43132584374282,23.45303112390536,50.656660539062806,0.225,0.46875,0.725,0.21875,0.78125
bbox_expand_6x__bbox_midpoint__object_minus_ring_normalized,leave_one_out,distance_range,,,near,200,40.0,14.142135623730951,76.92329087863773,37.57860283355466,38.444491486162235,1.2491941754150662,0.9630127192266953,40.34968239013784,-7.140484344925001,36.92329087863773,38.38993448394186,58.3018185658768,59.580013715361986,65.53119549169315,0.01,0.01,0.205,0.995,0.005
bbox_expand_6x__bbox_midpoint__object_minus_ring_normalized,leave_one_out,weather__distance_range,clear_sky,,far,60,130.0,14.719601443879744,78.85372580017231,51.146274199827694,45.52046811306204,0.385923276809859,0.3641637449044963,53.23787430859838,-12.081251973375936,-51.146274199827694,-45.52046811306204,71.14089754199131,72.31401301457723,73.39101235428623,0.0,0.0,0.0,0.0,1.0
bbox_expand_6x__bbox_midpoint__object_minus_ring_normalized,leave_one_out,weather__distance_range,clear_sky,,mid,80,85.0,11.180339887498949,76.15003628425328,12.534803674068916,10.609049079220412,0.14156448056319829,0.13556906625386744,15.116752922962746,-0.828129751471222,-8.849963715746743,-10.60563229962763,22.937873918647878,27.432657923364722,36.15694629013342,0.2125,0.4375,0.7125,0.2,0.8
bbox_expand_6x__bbox_midpoint__object_minus_ring_normalized,leave_one_out,weather__distance_range,clear_sky,,near,100,40.0,14.142135623730951,77.39937594540507,37.39937594540507,38.7340268004917,1.2444900566978243,0.9739911247270362,40.14870825199112,-7.059593871517498,37.39937594540507,38.7340268004917,58.90064720793163,59.69226921082553,60.46555609703903,0.0,0.0,0.2,1.0,0.0
bbox_expand_6x__bbox_midpoint__object_minus_ring_normalized,leave_one_out,weather__distance_range,light_rain,,far,60,130.0,14.719601443879744,78.99615270432892,51.003847295671086,45.616597197267566,0.3848383876709287,0.3649327775781405,53.09107808160127,-12.009211870153921,-51.003847295671086,-45.616597197267566,70.97483620407941,71.06731857311182,75.26566084820556,0.0,0.0,0.0,0.0,1.0
bbox_expand_6x__bbox_midpoint__object_minus_ring_normalized,leave_one_out,weather__distance_range,light_rain,,mid,80,85.0,11.180339887498949,77.66135928742662,11.275196028177497,9.950428334826697,0.1283265943826394,0.12464037174647265,14.077340821604894,-0.5853721968609886,-7.338640712573385,-9.90632098766428,21.152990392705853,21.47878217262916,50.656660539062806,0.2375,0.5,0.7375,0.2375,0.7625
bbox_expand_6x__bbox_midpoint__object_minus_ring_normalized,leave_one_out,weather__distance_range,light_rain,,near,100,40.0,14.142135623730951,76.44720581187039,37.75782972170425,37.9893091698656,1.2538982941323082,0.94973272924664,40.549660463023606,-7.221374818332501,36.44720581187038,37.92527185752684,56.70592686498962,59.260745889845836,65.53119549169315,0.02,0.02,0.21,0.99,0.01
bbox_expand_6x__bbox_midpoint__object_minus_ring_normalized,leave_one_out,time_of_day__distance_range,,10AM,far,60,130.0,14.719601443879744,78.60966361394038,51.390336386059644,45.728825202365464,0.38790755042787356,0.36583060161892367,53.44994670706021,-12.185677552250352,-51.390336386059644,-45.728825202365464,71.06310371014402,71.7523207055859,75.26566084820556,0.0,0.0,0.0,0.0,1.0
bbox_expand_6x__bbox_midpoint__object_minus_ring_normalized,leave_one_out,time_of_day__distance_range,,10AM,mid,80,85.0,11.180339887498949,75.29415828736536,12.903466730198295,10.53969745034805,0.14698829821168063,0.12870968511755132,16.006530745887172,-1.0496722121522506,-9.705841712634633,-10.53969745034805,23.33920379291094,29.361740665540317,50.656660539062806,0.2,0.45,0.7125,0.1875,0.8125
bbox_expand_6x__bbox_midpoint__object_minus_ring_normalized,leave_one_out,time_of_day__distance_range,,10AM,near,100,40.0,14.142135623730951,75.78660381413229,37.097227723966164,38.38993448394186,1.2357464844814574,0.9597483620985465,39.96045117877683,-6.984188292057032,35.78660381413229,38.287252702378105,56.62350793896013,59.067689109907995,65.53119549169315,0.01,0.01,0.21,0.99,0.01
bbox_expand_6x__bbox_midpoint__object_minus_ring_normalized,leave_one_out,time_of_day__distance_range,,8PM,far,60,130.0,14.719601443879744,79.24021489056086,50.75978510943914,45.558854318973154,0.38285411405291414,0.3644708345517852,52.8775664131513,-11.904786291279505,-50.75978510943914,-45.558854318973154,70.81450140891211,71.24644423972171,73.39101235428623,0.0,0.0,0.0,0.0,1.0
bbox_expand_6x__bbox_midpoint__object_minus_ring_normalized,leave_one_out,time_of_day__distance_range,,8PM,mid,80,85.0,11.180339887498949,78.5172372843145,10.90653297204812,10.394504728838946,0.12290277673415702,0.12669064607230093,13.056749864437743,-0.36382973617996006,-6.482762715685493,-7.336217286061775,20.91995749815002,21.399282959501637,23.42296467212418,0.25,0.4875,0.7375,0.25,0.75
bbox_expand_6x__bbox_midpoint__object_minus_ring_normalized,leave_one_out,time_of_day__distance_range,,8PM,near,100,40.0,14.142135623730951,78.05997794314317,38.05997794314316,38.52050876906781,1.2626418663486754,0.9642977389994789,40.73519460563057,-7.296780397792968,38.05997794314316,38.52050876906781,58.91754814615958,59.68398257219858,60.46555609703903,0.01,0.01,0.2,1.0,0.0
bbox_expand_6x__inner50_median__object_depth,leave_one_out,weather,clear_sky,,,240,77.5,38.37859646556485,76.96224887089296,32.84718444729452,30.35598856557126,0.6580403913297701,0.36109114271781817,38.942648261374636,-0.029610084487114108,-0.5377511291070448,-0.8358120499991202,64.61949939655395,71.82991424218059,89.9186652810089,0.07083333333333333,0.15416666666666667,0.325,0.49166666666666664,0.5083333333333333
bbox_expand_6x__inner50_median__object_depth,leave_one_out,weather,light_rain,,,240,77.5,38.37859646556485,78.06668295754143,30.493662030298935,29.007186949121838,0.6195349722965785,0.345350977243029,36.27515954560325,0.10661123616929846,0.5666829575414283,3.289955263785771,60.404037819804316,66.79898775195653,75.33801841624319,0.0875,0.18333333333333332,0.375,0.5291666666666667,0.4708333333333333
bbox_expand_6x__inner50_median__object_depth,leave_one_out,time_of_day,,10AM,,240,77.5,38.37859646556485,76.77121397880161,30.75606216269281,28.704193281317067,0.611377651868223,0.34614164567378336,36.654336225834044,0.0878368107565557,-0.7287860211984006,0.39234981720414197,60.54408515042782,68.48396619876227,87.78654601093749,0.07083333333333333,0.18333333333333332,0.3625,0.5041666666666667,0.49583333333333335
bbox_expand_6x__inner50_median__object_depth,leave_one_out,time_of_day,,8PM,,240,77.5,38.37859646556485,78.2577178496328,32.584784314900645,30.35598856557126,0.6661977117581255,0.36109114271781817,38.58596492912451,-0.010835659074371451,0.7577178496327822,3.120942980059155,62.729552554303446,70.1475081868087,89.9186652810089,0.0875,0.15416666666666667,0.3375,0.5166666666666667,0.48333333333333334
bbox_expand_6x__inner50_median__object_depth,leave_one_out,distance_range,,,far,120,130.0,14.719601443879744,79.77775833322399,50.22224166677601,45.53788978390708,0.37854647432317884,0.3730090734007685,52.778900883247125,-11.856672515893651,-50.22224166677601,-45.53788978390708,73.22185984829635,76.17987882697844,89.9186652810089,0.0,0.0,0.0,0.0,1.0
bbox_expand_6x__inner50_median__object_depth,leave_one_out,distance_range,,,mid,160,85.0,11.180339887498949,77.47595959819223,12.055592253221205,11.077158492648586,0.13768459575231945,0.13462569115377937,14.456797141735656,-0.6719918687783699,-7.524040401807764,-8.759847294513115,22.879502538950685,26.17690970067018,35.423077636753874,0.225,0.46875,0.83125,0.2875,0.7125
bbox_expand_6x__inner50_median__object_depth,leave_one_out,distance_range,,,near,200,40.0,14.142135623730951,76.18729551563308,36.23119697046957,34.35216496397467,1.1958148751558557,0.8983843267193736,39.50106138393913,-6.801669252288637,36.187295515633075,34.35216496397467,58.16036730286585,62.86843293062963,74.73930743130013,0.01,0.03,0.175,0.995,0.005
bbox_expand_6x__inner50_median__object_depth,leave_one_out,weather__distance_range,clear_sky,,far,60,130.0,14.719601443879744,78.31411889056636,51.68588110943363,46.65986981075701,0.38950553085611145,0.3851027836295591,54.42614793954496,-12.671718059402618,-51.68588110943363,-46.65986981075701,76.21727588304064,78.32103147374188,89.9186652810089,0.0,0.0,0.0,0.0,1.0
bbox_expand_6x__inner50_median__object_depth,leave_one_out,weather__distance_range,clear_sky,,mid,80,85.0,11.180339887498949,75.79585461833105,13.421839683385326,11.810127958384271,0.15255784552893825,0.14739549058979134,16.050862805915198,-1.0610415745144954,-9.204145381668933,-9.310504704911843,25.893091983041554,29.175334441238938,35.423077636753874,0.2,0.4125,0.7625,0.225,0.775
bbox_expand_6x__inner50_median__object_depth,leave_one_out,weather__distance_range,clear_sky,,near,100,40.0,14.142135623730951,77.08424226113841,37.084242261138414,35.006676798309265,1.2235473442546307,1.0262415173435084,40.69697953765314,-7.281220717440792,37.084242261138414,35.006676798309265,58.32569423340631,67.48168181118658,74.73930743130013,0.01,0.04,0.17,1.0,0.0
bbox_expand_6x__inner50_median__object_depth,leave_one_out,weather__distance_range,light_rain,,far,60,130.0,14.719601443879744,81.2413977758816,48.758602224118405,45.009590534720026,0.3675874177902461,0.3675853183594965,51.07855888090438,-11.041626972384687,-48.758602224118405,-45.009590534720026,70.66059428121385,73.13418134039736,75.33801841624319,0.0,0.0,0.0,0.0,1.0
bbox_expand_6x__inner50_median__object_depth,leave_one_out,weather__distance_range,light_rain,,mid,80,85.0,11.180339887498949,79.1560645780534,10.689344823057084,9.831007337455496,0.12281134597570062,0.1214747847028365,12.663639697191346,-0.2829421630422444,-5.8439354219465915,-7.522502570284757,19.931657855929316,22.257243154520978,29.820561533399086,0.25,0.525,0.9,0.35,0.65
bbox_expand_6x__inner50_median__object_depth,leave_one_out,weather__distance_range,light_rain,,near,100,40.0,14.142135623730951,75.29034877012774,35.37815167980074,34.03327104292064,1.1680824060570802,0.8677412880027239,38.26778746448893,-6.322117787136483,35.29034877012774,34.03327104292064,55.70487275121467,60.40131855991183,66.77928044939526,0.01,0.02,0.18,0.99,0.01
bbox_expand_6x__inner50_median__object_depth,leave_one_out,time_of_day__distance_range,,10AM,far,60,130.0,14.719601443879744,80.40399372411501,49.596006275885,45.53788978390708,0.3739899877323091,0.3675853183594965,52.07979519138332,-11.518331079275844,-49.596006275885,-45.53788978390708,72.55510493699526,74.98349232892045,87.78654601093749,0.0,0.0,0.0,0.0,1.0
bbox_expand_6x__inner50_median__object_depth,leave_one_out,time_of_day__distance_range,,10AM,mid,80,85.0,11.180339887498949,76.73586333045338,11.796398468299515,10.554658068585084,0.13420529466923897,0.1330072100701692,14.157904211606477,-0.6035700133201953,-8.264136669546602,-9.184971625588403,22.879502538950693,25.67621950155603,35.423077636753874,0.2125,0.5,0.85,0.2625,0.7375
bbox_expand_6x__inner50_median__object_depth,leave_one_out,time_of_day__distance_range,,10AM,near,100,40.0,14.142135623730951,74.61982665029213,34.619826650292126,32.326479067736344,1.1355481361089588,0.8068187957625983,37.904575348336195,-6.183784161688479,34.619826650292126,32.326479067736344,55.561528169959274,61.90089620764512,74.73930743130013,0.0,0.04,0.19,1.0,0.0
bbox_expand_6x__inner50_median__object_depth,leave_one_out,time_of_day__distance_range,,8PM,far,60,130.0,14.719601443879744,79.15152294233299,50.84847705766702,45.85902730659915,0.38310296091404844,0.3764993762297663,53.46886654597062,-12.19501395251146,-50.84847705766702,-45.85902730659915,73.31531303732477,76.22462819274614,89.9186652810089,0.0,0.0,0.0,0.0,1.0
bbox_expand_6x__inner50_median__object_depth,leave_one_out,time_of_day__distance_range,,8PM,mid,80,85.0,11.180339887498949,78.21605586593107,12.314786038142893,11.077158492648586,0.1411638968353999,0.13664401123477382,14.749634420200659,-0.7404137242365443,-6.783944134068925,-7.906508472870449,22.80972142011413,27.375169928544597,34.01008123770521,0.2375,0.4375,0.8125,0.3125,0.6875
bbox_expand_6x__inner50_median__object_depth,leave_one_out,time_of_day__distance_range,,8PM,near,100,40.0,14.142135623730951,77.75476438097402,37.84256729064702,37.979098432874046,1.2560816142027524,1.0262415173435084,41.03548304306602,-7.4195543428887945,37.75476438097403,37.979098432874046,58.59934043087841,64.15615017838861,70.08301860754023,0.02,0.02,0.16,0.99,0.01
bbox_expand_6x__inner50_median__object_depth_percentile_5_95,leave_one_out,weather,clear_sky,,,240,77.5,38.37859646556485,77.55355833413344,32.77325639630902,33.282077569324656,0.6722985129064206,0.3394416351941446,38.694829264607094,-0.016547538433104858,0.053558334133441576,-0.5933519485107794,63.59794381681111,70.85515191746117,85.10594388659099,0.07083333333333333,0.1375,0.3375,0.49583333333333335,0.5041666666666667
bbox_expand_6x__inner50_median__object_depth_percentile_5_95,leave_one_out,weather,light_rain,,,240,77.5,38.37859646556485,77.45899254432759,31.4077581009387,29.68414493908078,0.639806883065292,0.34850469837228604,37.35482676611719,0.052639491218132606,-0.04100745567242067,1.2042860246443325,59.48711441339503,68.20173532706514,85.10594388659099,0.10416666666666667,0.1875,0.32916666666666666,0.5208333333333334,0.4791666666666667
bbox_expand_6x__inner50_median__object_depth_percentile_5_95,leave_one_out,time_of_day,,10AM,,240,77.5,38.37859646556485,76.1370303221343,31.709722754498735,32.53325079118252,0.6388723845061685,0.3355293932724026,37.666651023948,0.036757047110687724,-1.3629696778657072,-1.6251455997936333,62.15847072665898,70.0209856600191,85.10594388659099,0.08333333333333333,0.17083333333333334,0.35,0.4875,0.5125
bbox_expand_6x__inner50_median__object_depth_percentile_5_95,leave_one_out,time_of_day,,8PM,,240,77.5,38.37859646556485,78.87552055632673,32.471291742748996,30.48568993024054,0.673233011465544,0.35387772275655766,38.39135703753953,-0.0006650943256594211,1.3755205563267243,2.3918881976738717,61.87029727883769,69.92143604140044,78.71973250208758,0.09166666666666666,0.15416666666666667,0.31666666666666665,0.5291666666666667,0.4708333333333333
bbox_expand_6x__inner50_median__object_depth_percentile_5_95,leave_one_out,distance_range,,,far,120,130.0,14.719601443879744,79.59064378651853,50.40935621348148,45.914138282968615,0.3803408214817435,0.3684388437864061,52.72636544866176,-11.83109052350384,-50.40935621348148,-45.914138282968615,72.37183730511153,76.14095440892613,85.10594388659099,0.0,0.0,0.0,0.0,1.0
bbox_expand_6x__inner50_median__object_depth_percentile_5_95,leave_one_out,distance_range,,,mid,160,85.0,11.180339887498949,76.50550414722719,12.144165255185033,11.210733990928063,0.13619262412717537,0.13787079313784653,14.989662013091836,-0.7975197381338273,-8.494495852772806,-8.775055089847136,24.290030029276732,26.651626787406247,34.62112816117251,0.2625,0.45,0.7625,0.275,0.725
bbox_expand_6x__inner50_median__object_depth_percentile_5_95,leave_one_out,distance_range,,,near,200,40.0,14.142135623730951,77.05627146446037,37.05627146446036,36.8396677638592,1.2373678829752686,0.9528391371523481,40.291608699375374,-7.117068657917905,37.05627146446036,36.8396677638592,58.622757347693636,63.315468436554184,71.63029088475969,0.0,0.03,0.19,1.0,0.0
bbox_expand_6x__inner50_median__object_depth_percentile_5_95,leave_one_out,weather__distance_range,clear_sky,,far,60,130.0,14.719601443879744,79.42002615259588,50.5799738474041,44.68611172610128,0.38139580067478107,0.3574888938088102,52.989384125277574,-11.959422292197933,-50.5799738474041,-44.68611172610128,73.71831526258991,76.47926823818784,85.10594388659099,0.0,0.0,0.0,0.0,1.0
bbox_expand_6x__inner50_median__object_depth_percentile_5_95,leave_one_out,weather__distance_range,clear_sky,,mid,80,85.0,11.180339887498949,75.85179792547899,13.140931340899584,12.119808795049615,0.14828668910542891,0.14417783015315394,15.854137202852083,-1.0108293315748678,-9.148202074521006,-11.278968133471714,24.998515871461283,29.389010984719285,34.62112816117251,0.2125,0.375,0.7625,0.2375,0.7625
bbox_expand_6x__inner50_median__object_depth_percentile_5_95,leave_one_out,weather__distance_range,clear_sky,,near,100,40.0,14.142135623730951,77.79508596997952,37.79508596997953,37.76506882341626,1.2660495992861975,1.0889346084570968,41.32417836107339,-7.538438586089034,37.79508596997953,37.76506882341626,61.71007530041755,63.703993187500835,71.63029088475969,0.0,0.03,0.2,1.0,0.0
bbox_expand_6x__inner50_median__object_depth_percentile_5_95,leave_one_out,weather__distance_range,light_rain,,far,60,130.0,14.719601443879744,79.76126142044112,50.23873857955886,46.173595595304164,0.37928584228870577,0.3693887647624333,52.46202814298589,-11.702758754809743,-50.23873857955886,-46.173595595304164,72.08918318259092,72.89250080093966,85.10594388659099,0.0,0.0,0.0,0.0,1.0
bbox_expand_6x__inner50_median__object_depth_percentile_5_95,leave_one_out,weather__distance_range,light_rain,,mid,80,85.0,11.180339887498949,77.1592103689754,11.147399169470479,9.502557960977377,0.12409855914892179,0.11366243338121314,14.072180644327952,-0.5842101446927859,-7.840789631024603,-6.871869324427614,23.62176387180346,24.572027266814487,33.89516620465355,0.3125,0.525,0.7625,0.3125,0.6875
bbox_expand_6x__inner50_median__object_depth_percentile_5_95,leave_one_out,weather__distance_range,light_rain,,near,100,40.0,14.142135623730951,76.3174569589412,36.317456958941186,36.40783230750693,1.2086861666643398,0.9195166153780543,39.231871558075774,-6.695698729746774,36.317456958941186,36.40783230750693,56.234369574303166,59.22991572182937,68.12548664172884,0.0,0.03,0.18,1.0,0.0
bbox_expand_6x__inner50_median__object_depth_percentile_5_95,leave_one_out,time_of_day__distance_range,,10AM,far,60,130.0,14.719601443879744,79.23283790603172,50.7671620939683,46.35591191267843,0.383094319894252,0.37220228307837,53.1317218777065,-12.029137860107486,-50.7671620939683,-46.35591191267843,72.37183730511153,73.64292055887739,85.10594388659099,0.0,0.0,0.0,0.0,1.0
bbox_expand_6x__inner50_median__object_depth_percentile_5_95,leave_one_out,time_of_day__distance_range,,10AM,mid,80,85.0,11.180339887498949,74.78528692079504,12.852621076935922,11.020768301546312,0.14318925631575755,0.1279810542325138,15.981589050723025,-1.0432895086895204,-10.214713079204959,-10.950205726950024,26.3761628379329,33.9314643024795,34.62112816117251,0.25,0.45,0.7375,0.2125,0.7875
bbox_expand_6x__inner50_median__object_depth_percentile_5_95,leave_one_out,time_of_day__distance_range,,10AM,near,100,40.0,14.142135623730951,75.36094049286726,35.36094049286725,35.89848054282498,1.188885725825647,0.9062174748979643,38.81941480471845,-6.53473482890397,35.36094049286725,35.89848054282498,57.721706730057,61.46989790460784,68.12548664172884,0.0,0.05,0.25,1.0,0.0
bbox_expand_6x__inner50_median__object_depth_percentile_5_95,leave_one_out,time_of_day__distance_range,,8PM,far,60,130.0,14.719601443879744,79.9484496670053,50.05155033299467,44.700199313534284,0.37758732306923487,0.3601655689093808,52.31786843098357,-11.63304318690019,-50.05155033299467,-44.700199313534284,72.17681844999544,76.47926823818784,78.71973250208758,0.0,0.0,0.0,0.0,1.0
bbox_expand_6x__inner50_median__object_depth_percentile_5_95,leave_one_out,time_of_day__distance_range,,8PM,mid,80,85.0,11.180339887498949,78.22572137365935,11.435709433434143,11.421626678618146,0.12919599193859316,0.14123669815712953,13.927266276885305,-0.5517499675781332,-6.774278626340651,-7.17495671731632,23.16900053299388,24.277022530009397,29.11363639648492,0.275,0.45,0.7875,0.3375,0.6625
bbox_expand_6x__inner50_median__object_depth_percentile_5_95,leave_one_out,time_of_day__distance_range,,8PM,near,100,40.0,14.142135623730951,78.75160243605346,38.75160243605346,39.29321208987492,1.2858500401248905,1.0131881155520381,41.7118747766912,-7.699402486931838,38.75160243605346,39.29321208987492,59.54215111077055,63.683494533385705,71.63029088475969,0.0,0.01,0.13,1.0,0.0
bbox_expand_6x__inner50_median__object_minus_ring,leave_one_out,weather,clear_sky,,,240,77.5,38.37859646556485,76.21621448733386,32.13541916609971,31.874489758824055,0.6422702837086516,0.343787743647858,37.81807799333113,0.0289966462621718,-1.2837855126661508,0.9885756845985298,62.92002156203383,68.1828990327427,76.29592676071476,0.06666666666666667,0.14583333333333334,0.325,0.5166666666666667,0.48333333333333334
bbox_expand_6x__inner50_median__object_minus_ring,leave_one_out,weather,light_rain,,,240,77.5,38.37859646556485,78.7680671634668,31.164139147534392,31.40593584088101,0.6349714329719253,0.343068942123692,36.919835678008646,0.07457475542325775,1.268067163466795,2.449596051362576,61.86274532977232,67.67874386292704,75.82860682903998,0.09583333333333334,0.175,0.3541666666666667,0.5416666666666666,0.4583333333333333
bbox_expand_6x__inner50_median__object_minus_ring,leave_one_out,time_of_day,,10AM,,240,77.5,38.37859646556485,75.66109754016202,31.64956752692792,31.40921735918548,0.6216975460869466,0.3518307124210348,37.26785554956229,0.05704573198548868,-1.8389024598379782,0.6537952206256747,62.73962846382717,68.18651650784751,75.82860682903998,0.07916666666666666,0.175,0.3125,0.5041666666666667,0.49583333333333335
bbox_expand_6x__inner50_median__object_minus_ring,leave_one_out,time_of_day,,8PM,,240,77.5,38.37859646556485,79.3231841106386,31.649990786706173,31.78062947829533,0.6555441705936305,0.3405326274397422,37.475168209599744,0.046525669699940875,1.8231841106386166,2.330884340827062,62.616962261207696,67.73320263040608,76.29592676071476,0.08333333333333333,0.14583333333333334,0.36666666666666664,0.5541666666666667,0.44583333333333336
bbox_expand_6x__inner50_median__object_minus_ring,leave_one_out,distance_range,,,far,120,130.0,14.719601443879744,81.12060926267738,48.87939073732263,42.865291251785905,0.3683659114009123,0.3429223300142873,51.096611402119834,-11.05014013898112,-48.87939073732263,-42.865291251785905,68.94483067914977,70.0111284714784,76.29592676071476,0.0,0.0,0.0,0.0,1.0
bbox_expand_6x__inner50_median__object_minus_ring,leave_one_out,distance_range,,,mid,160,85.0,11.180339887498949,76.7099659946416,13.07248768547601,11.267986202665192,0.15075978805670145,0.1544420258883555,16.507672056407813,-1.1800258937752588,-8.290034005358391,-7.874376848039766,24.852890244811988,31.463742776533742,71.31164646534909,0.21875,0.4125,0.825,0.35,0.65
bbox_expand_6x__inner50_median__object_minus_ring,leave_one_out,distance_range,,,near,200,40.0,14.142135623730951,75.94079962764106,36.173845385586525,34.14456756439878,1.1910626827307838,0.9326503714014147,39.59061429273271,-6.837083700379658,35.940799627641056,34.14456756439878,60.558175254579155,62.329832783841724,69.16960090977932,0.02,0.055,0.155,0.99,0.01
bbox_expand_6x__inner50_median__object_minus_ring,leave_one_out,weather__distance_range,clear_sky,,far,60,130.0,14.719601443879744,80.95604525893586,49.04395474106412,42.74619294572123,0.36955058282012937,0.34277826187177196,51.29210942022539,-11.142525332814031,-49.04395474106412,-42.74619294572123,69.7715603685655,70.66799680223258,76.29592676071476,0.0,0.0,0.0,0.0,1.0
bbox_expand_6x__inner50_median__object_minus_ring,leave_one_out,weather__distance_range,clear_sky,,mid,80,85.0,11.180339887498949,74.37866324293717,15.487730772774887,12.30698188962483,0.1800045305479841,0.16909844114367933,19.510224434909627,-2.0451908600043582,-10.62133675706283,-9.827281083739443,31.523443118152862,37.23805562602432,71.31164646534909,0.1625,0.325,0.725,0.325,0.675
bbox_expand_6x__inner50_median__object_minus_ring,leave_one_out,weather__distance_range,clear_sky,,near,100,40.0,14.142135623730951,74.84235701988997,35.30844853578091,33.837931767339775,1.1757147067702989,0.9420701330129968,39.363047089840016,-6.7472473809848115,34.84235701988997,33.837931767339775,60.67674100736112,62.63688072895929,69.16960090977932,0.03,0.09,0.2,0.98,0.02
bbox_expand_6x__inner50_median__object_minus_ring,leave_one_out,weather__distance_range,light_rain,,far,60,130.0,14.719601443879744,81.28517326641887,48.714826733581134,42.94814628515007,0.3671812399816953,0.34358517028120056,50.900362521126624,-10.957754945148208,-48.714826733581134,-42.94814628515007,68.19255590967502,69.29388719690587,75.82860682903998,0.0,0.0,0.0,0.0,1.0
bbox_expand_6x__inner50_median__object_minus_ring,leave_one_out,weather__distance_range,light_rain,,mid,80,85.0,11.180339887498949,79.04126874634605,10.657244598177135,9.944574949290306,0.12151504556541881,0.11901754923461012,12.820203428310721,-0.3148609275461596,-5.958731253653953,-7.360575144253183,19.44918082498155,21.991050931082437,30.09393304644771,0.275,0.5,0.925,0.375,0.625
bbox_expand_6x__inner50_median__object_minus_ring,leave_one_out,weather__distance_range,light_rain,,near,100,40.0,14.142135623730951,77.03924223539215,37.03924223539215,34.33361488745591,1.2064106586912686,0.9136894095188481,39.81688089183909,-6.926920019774504,37.03924223539215,34.33361488745591,60.03729473141113,61.516674432999,64.40732393736093,0.01,0.02,0.11,1.0,0.0
bbox_expand_6x__inner50_median__object_minus_ring,leave_one_out,time_of_day__distance_range,,10AM,far,60,130.0,14.719601443879744,80.47930016175447,49.520699838245534,43.74041577540756,0.37360333648695393,0.3499233262032605,51.66633808997293,-11.320356115203328,-49.520699838245534,-43.74041577540756,69.3284237531816,70.66799680223258,75.82860682903998,0.0,0.0,0.0,0.0,1.0
bbox_expand_6x__inner50_median__object_minus_ring,leave_one_out,time_of_day__distance_range,,10AM,mid,80,85.0,11.180339887498949,73.88696233273609,14.886253995856038,11.423349487851418,0.17213466257056007,0.1544420258883555,19.006615515797897,-1.8900114669229549,-11.113037667263907,-8.634698178669474,30.224943985294416,34.106046324252624,71.31164646534909,0.2,0.425,0.7375,0.275,0.725
bbox_expand_6x__inner50_median__object_minus_ring,leave_one_out,time_of_day__distance_range,,10AM,near,100,40.0,14.142135623730951,74.1894841331473,34.33753896499486,32.15872989665619,1.130204378660051,0.9118239826112609,37.98283685775154,-6.213479478812847,34.18948413314731,32.15872989665619,59.86560819958227,61.83750658863473,69.16960090977932,0.03,0.08,0.16,0.99,0.01
bbox_expand_6x__inner50_median__object_minus_ring,leave_one_out,time_of_day__distance_range,,8PM,far,60,130.0,14.719601443879744,81.76191836360027,48.23808163639972,42.67318184621448,0.3631284863148706,0.3413854547697159,50.52046023079261,-10.779924162758913,-48.23808163639972,-42.67318184621448,68.00781770845535,69.76747443302092,76.29592676071476,0.0,0.0,0.0,0.0,1.0
bbox_expand_6x__inner50_median__object_minus_ring,leave_one_out,time_of_day__distance_range,,8PM,mid,80,85.0,11.180339887498949,79.53296965654712,11.258721375095984,11.161157719299155,0.12938491354284284,0.1490915790448723,13.55562761654529,-0.47004032062756274,-5.467030343452878,-7.405014838981131,19.224992841430524,22.024765695819113,43.619830913353105,0.2375,0.4,0.9125,0.425,0.575
bbox_expand_6x__inner50_median__object_minus_ring,leave_one_out,time_of_day__distance_range,,8PM,near,100,40.0,14.142135623730951,77.69211512213481,38.01015180617819,39.96139874032047,1.2519209868015162,0.9763915119586815,41.1355999638913,-7.460687921946471,37.692115122134815,39.96139874032047,60.61760328740095,62.57495023836702,68.4104162770598,0.01,0.03,0.15,0.99,0.01
bbox_expand_6x__inner50_median__object_minus_ring_normalized,leave_one_out,weather,clear_sky,,,240,77.5,38.37859646556485,77.37972987418716,32.54181258746726,32.63731425622916,0.6627858450186853,0.35618346639041515,38.25900520264234,0.006222475295628582,-0.12027012581284377,-1.1857974913310443,59.01923536781618,71.3790922538549,73.39012616147009,0.07083333333333333,0.15416666666666667,0.3333333333333333,0.49166666666666664,0.5083333333333333
bbox_expand_6x__inner50_median__object_minus_ring_normalized,leave_one_out,weather,light_rain,,,240,77.5,38.37859646556485,77.49603710969524,32.39534064964455,32.750756656445105,0.6627646749936393,0.36782070563041747,38.22643021903594,0.007914025035932637,-0.003962890304755244,-1.0363580333475042,58.909186499243624,71.25777065671507,74.94645860801506,0.07916666666666666,0.16666666666666666,0.3333333333333333,0.49166666666666664,0.5083333333333333
bbox_expand_6x__inner50_median__object_minus_ring_normalized,leave_one_out,time_of_day,,10AM,,240,77.5,38.37859646556485,76.58657042094438,32.60196029005252,34.66017216206796,0.6621457902823934,0.36681741684709745,38.296462285841145,0.004275627534357174,-0.9134295790556091,-1.1864286946871943,58.909186499243624,71.38214093323661,74.94645860801506,0.06666666666666667,0.15416666666666667,0.32916666666666666,0.48333333333333334,0.5166666666666667
bbox_expand_6x__inner50_median__object_minus_ring_normalized,leave_one_out,time_of_day,,8PM,,240,77.5,38.37859646556485,78.28919656293802,32.3351929470593,30.92693463109279,0.6634047297299311,0.34416497735701934,38.188904445869944,0.009860872797203935,0.78919656293801,2.9970985377990758,59.01320957618643,71.25834154231211,73.39012616147009,0.08333333333333333,0.16666666666666666,0.3375,0.5,0.5
bbox_expand_6x__inner50_median__object_minus_ring_normalized,leave_one_out,distance_range,,,far,120,130.0,14.719601443879744,78.48150973921479,51.51849026078521,46.25228528931301,0.3888066038755642,0.37001828231450407,53.59359009084589,-12.256644148425915,-51.51849026078521,-46.25228528931301,71.53190960172338,71.8873036221603,74.94645860801506,0.0,0.0,0.0,0.0,1.0
bbox_expand_6x__inner50_median__object_minus_ring_normalized,leave_one_out,distance_range,,,mid,160,85.0,11.180339887498949,76.98741195350155,11.729362385116499,10.957730066779106,0.13236750967222916,0.12528892932123362,14.22819286745239,-0.6195317781873846,-8.012588046498454,-10.957730066779106,21.645827389238903,22.76892739884175,41.104598830372375,0.21875,0.475,0.7375,0.23125,0.76875
bbox_expand_6x__inner50_median__object_minus_ring_normalized,leave_one_out,distance_range,,,near,200,40.0,14.142135623730951,77.17208497432877,37.62999981996986,38.505116431647664,1.2514826539516677,0.9626279107911917,40.307528063004035,-7.12348409274929,37.17208497432876,38.468312767193574,58.62842339513149,58.97520772139596,59.720176640359185,0.005,0.005,0.21,0.995,0.005
bbox_expand_6x__inner50_median__object_minus_ring_normalized,leave_one_out,weather__distance_range,clear_sky,,far,60,130.0,14.719601443879744,78.44912808744748,51.55087191255252,46.21082044145536,0.38903918140463,0.36968656353164286,53.630782944281364,-12.275050211769019,-51.55087191255252,-46.21082044145536,71.62069379368634,72.23552134088352,73.39012616147009,0.0,0.0,0.0,0.0,1.0
bbox_expand_6x__inner50_median__object_minus_ring_normalized,leave_one_out,weather__distance_range,clear_sky,,mid,80,85.0,11.180339887498949,76.44864100572252,12.108581276734064,10.986080814572603,0.13607690663562622,0.12659392611162207,14.616097007921669,-0.7090423339598142,-8.55135899427749,-10.986080814572603,22.668312987325944,26.802765975612974,33.499885391695486,0.2125,0.4625,0.7375,0.225,0.775
bbox_expand_6x__inner50_median__object_minus_ring_normalized,leave_one_out,weather__distance_range,clear_sky,,near,100,40.0,14.142135623730951,77.48296204100268,37.48296204100267,38.637468964407354,1.2484009938935656,0.9659367241101839,40.203765854755446,-7.081713944519999,37.48296204100267,38.637468964407354,58.70321346205019,59.00976372373689,59.720176640359185,0.0,0.0,0.21,1.0,0.0
bbox_expand_6x__inner50_median__object_minus_ring_normalized,leave_one_out,weather__distance_range,light_rain,,far,60,130.0,14.719601443879744,78.51389139098211,51.4861086090179,46.277538805572256,0.3885740263464984,0.37022031044457804,53.556371408401176,-12.23823808508282,-51.4861086090179,-46.277538805572256,71.46011858933142,71.60867591692202,74.94645860801506,0.0,0.0,0.0,0.0,1.0
bbox_expand_6x__inner50_median__object_minus_ring_normalized,leave_one_out,weather__distance_range,light_rain,,mid,80,85.0,11.180339887498949,77.52618290128059,11.350143493498932,10.612535731902767,0.12865811270883212,0.12431301619608826,13.829412597860742,-0.530021222414955,-7.473817098719417,-10.612535731902767,21.46504236958323,21.644024930243834,41.104598830372375,0.225,0.4875,0.7375,0.2375,0.7625
bbox_expand_6x__inner50_median__object_minus_ring_normalized,leave_one_out,weather__distance_range,light_rain,,near,100,40.0,14.142135623730951,76.86120790765486,37.77703759893704,38.37568691239357,1.2545643140097698,0.9593921728098392,40.41102384493266,-7.16525424097858,36.86120790765486,38.22484905572227,58.588942618690965,58.826094844038984,59.26438796279365,0.01,0.01,0.21,0.99,0.01
bbox_expand_6x__inner50_median__object_minus_ring_normalized,leave_one_out,time_of_day__distance_range,,10AM,far,60,130.0,14.719601443879744,78.29584600491746,51.70415399508251,46.34439086107526,0.3903062888807348,0.37075512688860207,53.758133065785124,-12.338170172547661,-51.70415399508251,-46.34439086107526,71.59666968596402,71.90415766766988,74.94645860801506,0.0,0.0,0.0,0.0,1.0
bbox_expand_6x__inner50_median__object_minus_ring_normalized,leave_one_out,time_of_day__distance_range,,10AM,mid,80,85.0,11.180339887498949,75.65863202811497,12.503783528712848,10.957730066779106,0.14161378205443606,0.12528892932123362,15.251004972204049,-0.860745221297541,-9.341367971885022,-10.957730066779106,22.786873884036545,28.004897341162057,41.104598830372375,0.1875,0.45,0.725,0.2125,0.7875
bbox_expand_6x__inner50_median__object_minus_ring_normalized,leave_one_out,time_of_day__distance_range,,10AM,near,100,40.0,14.142135623730951,76.30335578482408,37.219185476106254,38.468312767193574,1.2416750977057545,0.9617078191798394,39.99811260678556,-6.99924506052549,36.30335578482406,38.44993238620419,58.465529895309075,58.87230977254714,59.221776257738,0.01,0.01,0.21,0.99,0.01
bbox_expand_6x__inner50_median__object_minus_ring_normalized,leave_one_out,time_of_day__distance_range,,8PM,far,60,130.0,14.719601443879744,78.66717347351212,51.3328265264879,46.22348152758423,0.3873069188703936,0.3697878522206738,53.42854037808418,-12.175118124304175,-51.3328265264879,-46.22348152758423,71.38119216028397,71.83890714739078,73.39012616147009,0.0,0.0,0.0,0.0,1.0
bbox_expand_6x__inner50_median__object_minus_ring_normalized,leave_one_out,time_of_day__distance_range,,8PM,mid,80,85.0,11.180339887498949,78.31619187888812,10.954941241520148,10.39174979946388,0.12312123729002226,0.12540398592304391,13.125920610938248,-0.3783183350772281,-6.683808121111883,-7.479661625443065,21.340227651715,21.638758063241973,22.741043876896796,0.25,0.5,0.75,0.25,0.75
bbox_expand_6x__inner50_median__object_minus_ring_normalized,leave_one_out,time_of_day__distance_range,,8PM,near,100,40.0,14.142135623730951,78.04081416383346,38.04081416383346,38.57972178482585,1.2612902101975807,0.9644930446206463,40.61458635754669,-7.24772312497309,38.04081416383346,38.57972178482585,58.67766464369391,59.002849276105984,59.720176640359185,0.0,0.0,0.21,1.0,0.0
bbox_expand_8x__bbox_mean__object_depth,leave_one_out,weather,clear_sky,,,240,77.5,38.37859646556485,77.48830436094997,33.21302000889273,32.608230330300785,0.6652150643277293,0.3641918127756451,39.00552175418026,-0.03293741034172304,-0.011695639050033908,1.713263517196033,60.585135876395235,70.68469257891076,89.21534792874698,0.058333333333333334,0.14583333333333334,0.30416666666666664,0.5041666666666667,0.49583333333333335
bbox_expand_8x__bbox_mean__object_depth,leave_one_out,weather,light_rain,,,240,77.5,38.37859646556485,77.53188869589827,31.2863031740001,30.65776703010874,0.6360818340591685,0.3497109366953428,37.223388671865244,0.05929459855157282,0.0318886958982849,1.4870149565493236,60.47997339744844,68.3431424074436,73.23101457779464,0.10416666666666667,0.16666666666666666,0.36666666666666664,0.5208333333333334,0.4791666666666667
bbox_expand_8x__bbox_mean__object_depth,leave_one_out,time_of_day,,10AM,,240,77.5,38.37859646556485,77.56494887376972,31.914931832407927,30.68904291666629,0.6395814557819218,0.3629573185943017,37.6149057958305,0.03940177333236561,0.064948873769733,2.794448276550135,60.93537442668926,68.27710512081585,86.65464944148474,0.05416666666666667,0.15,0.3333333333333333,0.5083333333333333,0.49166666666666664
bbox_expand_8x__bbox_mean__object_depth,leave_one_out,time_of_day,,8PM,,240,77.5,38.37859646556485,77.45524418307852,32.5843913504849,31.91230013557555,0.6617154426049761,0.35840159398219423,38.62810186254785,-0.01304458512251605,-0.0447558169214858,1.4870149565493236,60.442526365320525,69.9630534147422,89.21534792874698,0.10833333333333334,0.1625,0.3375,0.5166666666666667,0.48333333333333334
bbox_expand_8x__bbox_mean__object_depth,leave_one_out,distance_range,,,far,120,130.0,14.719601443879744,78.15637169275455,51.84362830724546,46.91619316859622,0.39155517193381506,0.38043357750892653,54.06984995200637,-12.49330157153454,-51.84362830724546,-46.91619316859622,72.80278973919229,76.3091977115257,89.21534792874698,0.0,0.0,0.0,0.0,1.0
bbox_expand_8x__bbox_mean__object_depth,leave_one_out,distance_range,,,mid,160,85.0,11.180339887498949,77.7993838544522,11.752636582650895,10.603413592076407,0.13289822338918408,0.13383589501500526,14.081157776729842,-0.5862320346652745,-7.200616145547781,-8.075922870084053,21.627429477322025,25.51912776095781,32.89128656524751,0.23125,0.45625,0.8375,0.2875,0.7125
bbox_expand_8x__bbox_mean__object_depth,leave_one_out,distance_range,,,near,200,40.0,14.142135623730951,76.8909015690034,36.8909015690034,38.12232816866833,1.2203045961926409,0.9822369937964934,39.694599910731846,-6.878306310365364,36.8909015690034,38.12232816866833,57.12684085258648,60.26510694578777,69.15682910091091,0.01,0.01,0.135,1.0,0.0
bbox_expand_8x__bbox_mean__object_depth,leave_one_out,weather__distance_range,clear_sky,,far,60,130.0,14.719601443879744,77.27468847863392,52.72531152136608,46.91619316859622,0.397719050360734,0.3814820309703151,55.1989202003976,-13.062711344414751,-52.72531152136608,-46.91619316859622,76.39197023008609,79.78129107634201,89.21534792874698,0.0,0.0,0.0,0.0,1.0
bbox_expand_8x__bbox_mean__object_depth,leave_one_out,weather__distance_range,clear_sky,,mid,80,85.0,11.180339887498949,77.21856381548274,12.804743477261914,12.563921649841419,0.1452432822429164,0.1459481753286402,15.199780447337087,-0.8482666051780063,-7.781436184517259,-8.12056246188294,22.72538205914334,29.035730086306177,32.89128656524751,0.175,0.4375,0.7875,0.2625,0.7375
bbox_expand_8x__bbox_mean__object_depth,leave_one_out,weather__distance_range,clear_sky,,near,100,40.0,14.142135623730951,77.83226632671337,37.83226632671337,39.35959153053061,1.241690098375777,0.9959533188995662,40.47782862588201,-7.192273051331368,37.83226632671337,39.35959153053061,57.62737355386243,60.26865138503711,69.15682910091091,0.0,0.0,0.1,1.0,0.0
bbox_expand_8x__bbox_mean__object_depth,leave_one_out,weather__distance_range,light_rain,,far,60,130.0,14.719601443879744,79.03805490687517,50.96194509312485,46.658575430433324,0.3853912935068962,0.37443161591449015,52.916694495925434,-11.923891798654331,-50.96194509312485,-46.658575430433324,71.12940856802066,72.71686247003798,73.23101457779464,0.0,0.0,0.0,0.0,1.0
bbox_expand_8x__bbox_mean__object_depth,leave_one_out,weather__distance_range,light_rain,,mid,80,85.0,11.180339887498949,78.3802038934217,10.700529688039879,10.248403123425454,0.12055316453545176,0.12368866195046069,12.86563962728118,-0.32419746415254247,-6.6197961065783035,-7.877080228181324,20.285517383338387,21.649483583038005,26.67547293803196,0.2875,0.475,0.8875,0.3125,0.6875
bbox_expand_8x__bbox_mean__object_depth,leave_one_out,weather__distance_range,light_rain,,near,100,40.0,14.142135623730951,75.94953681129344,35.94953681129343,36.44700260514089,1.1989190940095054,0.9394129654701373,38.89560275763667,-6.564339569399366,35.94953681129343,36.44700260514089,56.231180323004445,60.05863282144448,65.09065017178604,0.02,0.02,0.17,1.0,0.0
bbox_expand_8x__bbox_mean__object_depth,leave_one_out,time_of_day__distance_range,,10AM,far,60,130.0,14.719601443879744,78.62405324739774,51.37594675260227,46.40289369352504,0.38782052050868987,0.37443161591449015,53.664833177072445,-12.291912245798533,-51.37594675260227,-46.40289369352504,72.6823709186243,76.31280497288772,86.65464944148474,0.0,0.0,0.0,0.0,1.0
bbox_expand_8x__bbox_mean__object_depth,leave_one_out,time_of_day__distance_range,,10AM,mid,80,85.0,11.180339887498949,78.35898860206214,11.84501734907334,10.439789858849004,0.13551358234229224,0.13189220846865612,13.80900101996864,-0.5255080733559596,-6.641011397937859,-8.075922870084053,20.89110889990385,24.790417769095814,30.901913684366207,0.1625,0.45,0.85,0.275,0.725
bbox_expand_8x__bbox_mean__object_depth,leave_one_out,time_of_day__distance_range,,10AM,near,100,40.0,14.142135623730951,76.29425446695899,36.294254466959,36.075070090881034,1.1938923156975645,0.9153372608798627,38.92576694145771,-6.576076659903411,36.294254466959,36.075070090881034,55.01928611355701,58.30905509878758,69.15682910091091,0.0,0.0,0.12,1.0,0.0
bbox_expand_8x__bbox_mean__object_depth,leave_one_out,time_of_day__distance_range,,8PM,far,60,130.0,14.719601443879744,77.68869013811134,52.31130986188867,47.26150421238609,0.3952898233589403,0.38175130733200957,54.47185537267803,-12.694690897270549,-52.31130986188867,-47.26150421238609,72.8200491791825,75.39039697997772,89.21534792874698,0.0,0.0,0.0,0.0,1.0
bbox_expand_8x__bbox_mean__object_depth,leave_one_out,time_of_day__distance_range,,8PM,mid,80,85.0,11.180339887498949,77.23977910684229,11.660255816228453,10.960362291863035,0.13028286443607592,0.14425569379486328,14.348153173730188,-0.6469559959745894,-7.760220893157704,-8.240620386202906,22.2961658023222,26.124625640989592,32.89128656524751,0.3,0.4625,0.825,0.3,0.7
bbox_expand_8x__bbox_mean__object_depth,leave_one_out,time_of_day__distance_range,,8PM,near,100,40.0,14.142135623730951,77.4875486710478,37.4875486710478,39.4664976757938,1.2467168766877175,1.0018764149682755,40.44882188847364,-7.180535960827319,37.4875486710478,39.4664976757938,57.63722097286257,60.26510694578778,66.54661842489074,0.02,0.02,0.15,1.0,0.0
bbox_expand_8x__bbox_mean__object_depth_percentile_5_95,leave_one_out,weather,clear_sky,,,240,77.5,38.37859646556485,77.7508325880753,32.843259816767365,31.12039613333377,0.6701601543429004,0.35042689820988127,38.61634304304338,-0.01242791514659447,0.25083258807529396,1.9886949793811297,60.73123338697457,70.0577213561272,78.42911696893974,0.075,0.16666666666666666,0.31666666666666665,0.5,0.5
bbox_expand_8x__bbox_mean__object_depth_percentile_5_95,leave_one_out,weather,light_rain,,,240,77.5,38.37859646556485,77.27094812644022,32.2624445034461,32.14114253291746,0.6555291024488539,0.35734264460865417,38.29807584268491,0.004191719432840579,-0.22905187355979706,2.654944880086319,58.582954452729815,72.22276724010588,75.75391807695111,0.1,0.1875,0.32083333333333336,0.5166666666666667,0.48333333333333334
bbox_expand_8x__bbox_mean__object_depth_percentile_5_95,leave_one_out,time_of_day,,10AM,,240,77.5,38.37859646556485,77.25310233660875,32.397282950881724,31.787223082044903,0.6582597988975004,0.35551828094772386,38.31870291052463,0.003118760229669948,-0.2468976633912424,2.5950236160905504,60.01994111674854,70.6349538433441,78.42911696893974,0.09166666666666666,0.17916666666666667,0.3125,0.5083333333333333,0.49166666666666664
bbox_expand_8x__bbox_mean__object_depth_percentile_5_95,leave_one_out,time_of_day,,8PM,,240,77.5,38.37859646556485,77.76867837790675,32.70842136933174,31.12039613333377,0.6674294578942538,0.35434789337400474,38.5958750454631,-0.011354955943423839,0.2686783779067374,3.4658349782650717,60.09990503070843,71.96013638819174,77.46518973130759,0.08333333333333333,0.175,0.325,0.5083333333333333,0.49166666666666664
bbox_expand_8x__bbox_mean__object_depth_percentile_5_95,leave_one_out,distance_range,,,far,120,130.0,14.719601443879744,77.7327982298439,52.267201770156106,47.79623131614913,0.39468197999926086,0.38236985052919303,54.35467992896529,-12.635836446985826,-52.267201770156106,-47.79623131614913,73.17036404796421,75.20290246809881,78.42911696893974,0.0,0.0,0.0,0.0,1.0
bbox_expand_8x__bbox_mean__object_depth_percentile_5_95,leave_one_out,distance_range,,,mid,160,85.0,11.180339887498949,77.23160633460364,11.45668908791644,9.469365945658524,0.12777855799600354,0.12661478479269828,13.768303083283815,-0.5165293583453008,-7.768393665396371,-7.679250181219558,22.928139209431926,24.16678602851727,28.798337800090636,0.2625,0.53125,0.7625,0.275,0.725
bbox_expand_8x__bbox_mean__object_depth_percentile_5_95,leave_one_out,distance_range,,,near,200,40.0,14.142135623730951,77.60117285182935,37.60117285182934,37.91187024881117,1.2517950737537458,0.9477967562202791,40.31433742456116,-7.1262290099068615,37.60117285182934,37.91187024881117,57.72969446593551,59.97485970249613,64.71718467754964,0.0,0.0,0.155,1.0,0.0
bbox_expand_8x__bbox_mean__object_depth_percentile_5_95,leave_one_out,weather__distance_range,clear_sky,,far,60,130.0,14.719601443879744,78.10740605156583,51.892593948434154,45.966505853874395,0.3916479326113597,0.3715433478424475,54.04865050982549,-12.482722870461199,-51.892593948434154,-45.966505853874395,73.57993782322932,76.36126345466809,78.42911696893974,0.0,0.0,0.0,0.0,1.0
bbox_expand_8x__bbox_mean__object_depth_percentile_5_95,leave_one_out,weather__distance_range,clear_sky,,mid,80,85.0,11.180339887498949,76.94533122658183,11.883721990006807,10.066943437668385,0.13295185450242342,0.1328088081636415,14.131478248474286,-0.597589419896815,-8.054668773418175,-8.545015831842782,22.932543899611893,25.42877282533031,28.798337800090636,0.225,0.5,0.7625,0.25,0.75
bbox_expand_8x__bbox_mean__object_depth_percentile_5_95,leave_one_out,weather__distance_range,clear_sky,,near,100,40.0,14.142135623730951,78.18128959917573,38.18128959917574,39.91069322174707,1.2670341272542065,0.9977673305436766,40.82180501758312,-7.33209882446787,38.18128959917574,39.91069322174707,58.02628575493706,60.19917379141474,64.71718467754964,0.0,0.0,0.15,1.0,0.0
bbox_expand_8x__bbox_mean__object_depth_percentile_5_95,leave_one_out,weather__distance_range,light_rain,,far,60,130.0,14.719601443879744,77.35819040812194,52.64180959187802,48.012500533784504,0.397716027387162,0.384100004270276,54.658995951510725,-12.788950023510457,-52.64180959187802,-48.012500533784504,72.98891589249872,74.08465748575694,75.75391807695111,0.0,0.0,0.0,0.0,1.0
bbox_expand_8x__bbox_mean__object_depth_percentile_5_95,leave_one_out,weather__distance_range,light_rain,,mid,80,85.0,11.180339887498949,77.51788144262544,11.029656185826074,8.299344457810939,0.12260526148958366,0.112739759201198,13.395285069725963,-0.4354692967937863,-7.482118557374568,-6.158975337704241,22.92813920943193,23.376492741824535,25.385006075031228,0.3,0.5625,0.7625,0.3,0.7
bbox_expand_8x__bbox_mean__object_depth_percentile_5_95,leave_one_out,weather__distance_range,light_rain,,near,100,40.0,14.142135623730951,77.02105610448295,37.02105610448296,36.77287410977029,1.236556020253285,0.9193218527442573,39.800399986296256,-6.9203591953458545,37.02105610448296,36.77287410977029,57.689503869219664,58.239765602128934,62.99638197989009,0.0,0.0,0.16,1.0,0.0
bbox_expand_8x__bbox_mean__object_depth_percentile_5_95,leave_one_out,time_of_day__distance_range,,10AM,far,60,130.0,14.719601443879744,77.60703014186532,52.392969858134684,47.88781733724621,0.39575460549432334,0.38310253869796973,54.45503909591218,-12.686236690479955,-52.392969858134684,-47.88781733724621,73.17036404796421,75.7639887669728,78.42911696893974,0.0,0.0,0.0,0.0,1.0
bbox_expand_8x__bbox_mean__object_depth_percentile_5_95,leave_one_out,time_of_day__distance_range,,10AM,mid,80,85.0,11.180339887498949,77.09027061015085,11.433357665767762,9.44138503637405,0.12738538083115772,0.1259967937391995,13.733757580830696,-0.5089287783121967,-7.90972938984914,-7.930556624569597,23.213794326932387,24.20475388997738,26.443756171154547,0.275,0.5375,0.75,0.275,0.725
bbox_expand_8x__bbox_mean__object_depth_percentile_5_95,leave_one_out,time_of_day__distance_range,,10AM,near,100,40.0,14.142135623730951,77.17101103462115,37.17101103462113,36.84924351318444,1.2404624493924812,0.921231087829611,39.923320690975885,-6.969357674972515,37.17101103462113,36.84924351318444,57.101801376740774,59.56832727590409,62.99638197989009,0.0,0.0,0.15,1.0,0.0
bbox_expand_8x__bbox_mean__object_depth_percentile_5_95,leave_one_out,time_of_day__distance_range,,8PM,far,60,130.0,14.719601443879744,77.85856631782245,52.141433682177514,47.58835855621425,0.3936093545041984,0.380706868449714,54.25413511819354,-12.5854362034917,-52.141433682177514,-47.58835855621425,73.04227090427977,74.41498857001308,77.46518973130759,0.0,0.0,0.0,0.0,1.0
bbox_expand_8x__bbox_mean__object_depth_percentile_5_95,leave_one_out,time_of_day__distance_range,,8PM,mid,80,85.0,11.180339887498949,77.37294205905638,11.480020510065117,9.71064048173315,0.1281717351608494,0.12803936979842767,13.802762125650814,-0.5241299383784044,-7.627057940943601,-7.474061054058673,22.841012750048147,23.38435459203894,28.798337800090636,0.25,0.525,0.775,0.275,0.725
bbox_expand_8x__bbox_mean__object_depth_percentile_5_95,leave_one_out,time_of_day__distance_range,,8PM,near,100,40.0,14.142135623730951,78.03133466903756,38.03133466903756,39.86994669930965,1.2631276981150104,0.9967486674827413,40.70159786750689,-7.283100344841209,38.03133466903756,39.86994669930965,57.72969446593551,59.99264919680432,64.71718467754964,0.0,0.0,0.16,1.0,0.0
bbox_expand_8x__bbox_mean__object_minus_ring,leave_one_out,weather,clear_sky,,,240,77.5,38.37859646556485,76.77132645340558,32.063998309895766,29.69539167230254,0.6440020284334776,0.35243214324536476,37.88108376097015,0.025758524307347486,-0.728673546594439,0.23226789912506263,60.56325850027072,70.0934000508655,76.96663734661904,0.07083333333333333,0.1375,0.32916666666666666,0.5041666666666667,0.49583333333333335
bbox_expand_8x__bbox_mean__object_minus_ring,leave_one_out,weather,light_rain,,,240,77.5,38.37859646556485,78.24359072567101,32.169348713367384,31.314187077211052,0.6583342878669619,0.34102017401672763,38.125453850751335,0.013148357798628552,0.7435907256710153,0.8012875456822286,60.23046583244651,70.03369054597287,75.02117781785553,0.07916666666666666,0.18333333333333332,0.375,0.5083333333333333,0.49166666666666664
bbox_expand_8x__bbox_mean__object_minus_ring,leave_one_out,time_of_day,,10AM,,240,77.5,38.37859646556485,76.52037085011759,31.97298541099241,30.77439348200911,0.6375032344378614,0.35446714058259227,37.85020648580274,0.027346106239612977,-0.9796291498824151,0.040078747850863294,60.00947145854635,70.06142851806118,75.02117781785553,0.07916666666666666,0.17083333333333334,0.3541666666666667,0.5,0.5
bbox_expand_8x__bbox_mean__object_minus_ring,leave_one_out,time_of_day,,8PM,,240,77.5,38.37859646556485,78.49454632895899,32.260361612270735,31.156344610038303,0.6648330818625782,0.34388071548687477,38.15610838664633,0.011560775866363171,0.994546328958999,0.7771516158850034,60.69212484590368,69.94675655684617,76.96663734661904,0.07083333333333333,0.15,0.35,0.5125,0.4875
bbox_expand_8x__bbox_mean__object_minus_ring,leave_one_out,distance_range,,,far,120,130.0,14.719601443879744,78.73311348951465,51.26688651048534,45.20638390286726,0.38728524715771334,0.3636947426217514,53.35143710219893,-12.13711926555333,-51.26688651048534,-45.20638390286726,70.37885901916474,71.06859247716206,76.96663734661904,0.0,0.0,0.0,0.0,1.0
bbox_expand_8x__bbox_mean__object_minus_ring,leave_one_out,distance_range,,,mid,160,85.0,11.180339887498949,77.44387312527272,11.755944591009643,10.249779267290322,0.1334509903073166,0.13122362445843105,14.153177925469157,-0.6024995631198995,-7.556126874727289,-9.777611256780496,20.958486349844375,24.204949053130942,43.782649046954816,0.2125,0.45,0.8125,0.28125,0.71875
bbox_expand_8x__bbox_mean__object_minus_ring,leave_one_out,distance_range,,,near,200,40.0,14.142135623730951,76.82293402096494,36.91512884881685,37.84407934099554,1.2236716390200462,0.9655345206950989,39.9769511724414,-6.990783125218819,36.82293402096493,37.84407934099554,58.56459218743347,59.99984267237889,73.32297312950091,0.01,0.025,0.195,0.99,0.01
bbox_expand_8x__bbox_mean__object_minus_ring,leave_one_out,weather__distance_range,clear_sky,,far,60,130.0,14.719601443879744,78.67023493482648,51.329765065173504,45.46943684697777,0.38778322400280213,0.3646614064449572,53.38544458885695,-12.153872433614996,-51.329765065173504,-45.46943684697777,70.55196273925067,71.07091906332505,76.96663734661904,0.0,0.0,0.0,0.0,1.0
bbox_expand_8x__bbox_mean__object_minus_ring,leave_one_out,weather__distance_range,clear_sky,,mid,80,85.0,11.180339887498949,76.53211534622363,12.823314029918077,10.72433811608014,0.145924546519098,0.13450461922195917,15.373301484516984,-0.8907071882708169,-8.467884653776368,-10.301622175142377,22.449635252441336,24.828194059579612,43.782649046954816,0.1875,0.375,0.75,0.275,0.725
bbox_expand_8x__bbox_mean__object_minus_ring,leave_one_out,weather__distance_range,clear_sky,,near,100,40.0,14.142135623730951,75.82335025029853,35.897085680711264,35.29262554283963,1.1961952966233869,0.8972134510802695,39.304827710810486,-6.724347406882479,35.82335025029854,35.29262554283963,59.10078306781995,60.505609067660195,72.00081501428792,0.02,0.03,0.19,0.99,0.01
bbox_expand_8x__bbox_mean__object_minus_ring,leave_one_out,weather__distance_range,light_rain,,far,60,130.0,14.719601443879744,78.79599204420283,51.204007955797195,45.091651237809224,0.38678727031262455,0.36165107122293805,53.31740792452181,-12.120366097491669,-51.204007955797195,-45.091651237809224,70.19586915479339,70.69654512274329,75.02117781785553,0.0,0.0,0.0,0.0,1.0
bbox_expand_8x__bbox_mean__object_minus_ring,leave_one_out,weather__distance_range,light_rain,,mid,80,85.0,11.180339887498949,78.35563090432179,10.688575152101205,9.844785934663989,0.12097743409553523,0.12966307268238558,12.8174292370242,-0.31429193796898214,-6.6443690956782095,-8.801908239462847,20.06907695747055,20.508506093038335,26.64419290475628,0.2375,0.525,0.875,0.2875,0.7125
bbox_expand_8x__bbox_mean__object_minus_ring,leave_one_out,weather__distance_range,light_rain,,near,100,40.0,14.142135623730951,77.82251779163131,37.933172016922434,38.81904282111773,1.2511479814167055,0.9784957624424363,40.637959701626656,-7.257218843555162,37.82251779163132,38.81904282111773,56.379215199454485,59.65259054014882,73.32297312950091,0.0,0.02,0.2,0.99,0.01
bbox_expand_8x__bbox_mean__object_minus_ring,leave_one_out,time_of_day__distance_range,,10AM,far,60,130.0,14.719601443879744,77.94089248462639,52.05910751537362,45.49370909138636,0.39399858601424825,0.36505057760337967,54.01760924141166,-12.467240499190044,-52.05910751537362,-45.49370909138636,70.55637431833003,71.36691542169994,75.02117781785553,0.0,0.0,0.0,0.0,1.0
bbox_expand_8x__bbox_mean__object_minus_ring,leave_one_out,time_of_day__distance_range,,10AM,mid,80,85.0,11.180339887498949,76.39499267026531,12.025857298215477,10.301622175142377,0.13563300548286245,0.1296812456463683,14.741340513357372,-0.7384569610460112,-8.60500732973469,-9.854073865737938,21.935086027807518,25.287815447909495,43.782649046954816,0.225,0.4625,0.8,0.2625,0.7375
bbox_expand_8x__bbox_mean__object_minus_ring,leave_one_out,time_of_day__distance_range,,10AM,near,100,40.0,14.142135623730951,75.76836041329412,35.87901463858523,37.55886228685251,1.1851022066560284,0.9621947146597736,38.9068702601952,-6.568722767218307,35.76836041329412,37.55886228685251,55.93326966810236,59.6384652029261,73.32297312950091,0.01,0.04,0.21,0.99,0.01
bbox_expand_8x__bbox_mean__object_minus_ring,leave_one_out,time_of_day__distance_range,,8PM,far,60,130.0,14.719601443879744,79.52533449440294,50.47466550559708,44.98344409396702,0.38057190830117843,0.3598675527517362,52.67684096053914,-11.806998031916619,-50.47466550559708,-44.98344409396702,70.30029296100145,70.59549001589491,76.96663734661904,0.0,0.0,0.0,0.0,1.0
bbox_expand_8x__bbox_mean__object_minus_ring,leave_one_out,time_of_day__distance_range,,8PM,mid,80,85.0,11.180339887498949,78.49275358028012,11.486031883803808,10.184652356014574,0.13126897513177077,0.1321563763236329,13.53948930533288,-0.4665421651937878,-6.507246419719887,-9.723377664784564,20.514749458406083,21.651375942567988,26.64419290475628,0.2,0.4375,0.825,0.3,0.7
bbox_expand_8x__bbox_mean__object_minus_ring,leave_one_out,time_of_day__distance_range,,8PM,near,100,40.0,14.142135623730951,77.87750762863574,37.95124305904847,38.06240090677495,1.262241071384064,0.9752828657294299,41.01912598586014,-7.4128434832193335,37.87750762863575,38.06240090677495,59.137674751785546,60.518108065125915,72.00081501428792,0.01,0.01,0.18,0.99,0.01
bbox_expand_8x__bbox_mean__object_minus_ring_normalized,leave_one_out,weather,clear_sky,,,240,77.5,38.37859646556485,77.53207460997781,32.57358999548092,30.62258000125437,0.6630775332253804,0.35522784455938394,38.39072503833836,-0.0006321486637395068,0.03207460997781482,0.9251494348538785,58.12128676765776,72.18493494161635,73.403467530149,0.08333333333333333,0.1625,0.3333333333333333,0.5,0.5
bbox_expand_8x__bbox_mean__object_minus_ring_normalized,leave_one_out,weather,light_rain,,,240,77.5,38.37859646556485,76.98813027288246,32.849059362821365,31.5516781363406,0.6743835205430736,0.3635363733090031,39.19184150437297,-0.0428291533831231,-0.5118697271175373,-1.6365418619942957,58.09083006274348,72.1813396403816,129.63599294597532,0.08333333333333333,0.16666666666666666,0.3333333333333333,0.49583333333333335,0.5041666666666667
bbox_expand_8x__bbox_mean__object_minus_ring_normalized,leave_one_out,time_of_day,,10AM,,240,77.5,38.37859646556485,76.71930271754646,32.90397441415789,31.377108699330748,0.6737375914806498,0.3637284069142278,39.19285955418133,-0.04288333128177624,-0.780697282453544,-1.965200010098215,58.08254066447941,72.18574408936124,129.63599294597532,0.0875,0.1625,0.3333333333333333,0.49583333333333335,0.5041666666666667
bbox_expand_8x__bbox_mean__object_minus_ring_normalized,leave_one_out,time_of_day,,8PM,,240,77.5,38.37859646556485,77.80090216531381,32.5186749441444,30.701596622670586,0.6637234622878042,0.34965468325761956,38.389685716861614,-0.0005779707650863664,0.3009021653138196,2.875609362209218,58.17038495649907,72.16237612157737,73.403467530149,0.07916666666666666,0.16666666666666666,0.3333333333333333,0.5,0.5
bbox_expand_8x__bbox_mean__object_minus_ring_normalized,leave_one_out,distance_range,,,far,120,130.0,14.719601443879744,77.68097021230476,52.31902978769525,47.153616514389476,0.3950918432246672,0.3772289321151158,54.344139608221504,-12.630548506574781,-52.31902978769525,-47.153616514389476,72.23717114816485,72.32504703028229,73.403467530149,0.0,0.0,0.0,0.0,1.0
bbox_expand_8x__bbox_mean__object_minus_ring_normalized,leave_one_out,distance_range,,,mid,160,85.0,11.180339887498949,77.50895047819132,11.263622597986775,11.420737467412621,0.12592453220662883,0.12718655947894386,13.452377206684382,-0.447731620087372,-7.491049521808678,-11.420737467412621,22.134597599973898,22.349498166291127,25.867767927958724,0.25,0.49375,0.75,0.25,0.75
bbox_expand_8x__bbox_mean__object_minus_ring_normalized,leave_one_out,distance_range,,,near,200,40.0,14.142135623730951,76.80850334949642,38.104863278956174,37.89078668238537,1.2671585328220412,0.9472696670596342,41.17126890811566,-7.475366917521855,36.80850334949642,37.8584284272781,57.97468732834168,58.08234142092515,129.63599294597532,0.0,0.0,0.2,0.995,0.005
bbox_expand_8x__bbox_mean__object_minus_ring_normalized,leave_one_out,weather__distance_range,clear_sky,,far,60,130.0,14.719601443879744,77.70943442409552,52.29056557590448,47.14835324847243,0.3948553814994566,0.3771868259877795,54.3199576085519,-12.618420590437891,-52.29056557590448,-47.14835324847243,72.25722129854549,72.29571819021282,73.403467530149,0.0,0.0,0.0,0.0,1.0
bbox_expand_8x__bbox_mean__object_minus_ring_normalized,leave_one_out,weather__distance_range,clear_sky,,mid,80,85.0,11.180339887498949,77.26639852633369,11.455096318986282,11.69287119459866,0.12807504797776245,0.13021026755878873,13.650852158238038,-0.4907661171685769,-7.733601473666321,-11.69287119459866,22.276408764388947,22.774837928450935,25.867767927958724,0.25,0.4875,0.75,0.25,0.75
bbox_expand_8x__bbox_mean__object_minus_ring_normalized,leave_one_out,weather__distance_range,clear_sky,,near,100,40.0,14.142135623730951,77.63819958842248,37.63819958842249,37.843954988772424,1.2520128124590293,0.9460988747193106,40.22142907770105,-7.088816785262679,37.63819958842249,37.843954988772424,58.02075328768605,58.0876697190476,59.268178581627936,0.0,0.0,0.2,1.0,0.0
bbox_expand_8x__bbox_mean__object_minus_ring_normalized,leave_one_out,weather__distance_range,light_rain,,far,60,130.0,14.719601443879744,77.65250600051401,52.34749399948601,47.164983986973546,0.39532830494987803,0.37731987189578836,54.368310852194604,-12.64267642271167,-52.34749399948601,-47.164983986973546,72.21192635658463,72.32529021085551,73.36430187019695,0.0,0.0,0.0,0.0,1.0
bbox_expand_8x__bbox_mean__object_minus_ring_normalized,leave_one_out,weather__distance_range,light_rain,,mid,80,85.0,11.180339887498949,77.75150243004896,11.07214887698727,9.763919168026703,0.12377401643549517,0.12133676638658125,13.250929792877589,-0.4046971230061671,-7.248497569951037,-8.277951595980419,22.098785394752404,22.134972719608434,23.644212410627276,0.25,0.5,0.75,0.25,0.75
bbox_expand_8x__bbox_mean__object_minus_ring_normalized,leave_one_out,weather__distance_range,light_rain,,near,100,40.0,14.142135623730951,75.97880711057034,38.57152696948985,37.94408894122561,1.2823042531850535,0.9486022235306402,42.09968420257099,-7.861917049781027,35.978807110570344,37.89078668238537,57.86553404407415,58.081901454250946,129.63599294597532,0.0,0.0,0.2,0.99,0.01
bbox_expand_8x__bbox_mean__object_minus_ring_normalized,leave_one_out,time_of_day__distance_range,,10AM,far,60,130.0,14.719601443879744,77.551357250595,52.44864274940498,47.181446197026204,0.39617714391574327,0.3774515695762096,54.447175098130785,-12.682284043845444,-52.44864274940498,-47.181446197026204,72.23816252631704,72.33553883060927,73.36430187019695,0.0,0.0,0.0,0.0,1.0
bbox_expand_8x__bbox_mean__object_minus_ring_normalized,leave_one_out,time_of_day__distance_range,,10AM,mid,80,85.0,11.180339887498949,77.21063529551309,11.350786437590504,11.420737467412621,0.1266812575226454,0.12689708297125135,13.577751080882761,-0.47484259531530393,-7.789364704486911,-11.420737467412621,22.17948180067492,23.033854098398933,25.867767927958724,0.2625,0.4875,0.75,0.25,0.75
bbox_expand_8x__bbox_mean__object_minus_ring_normalized,leave_one_out,time_of_day__distance_range,,10AM,near,100,40.0,14.142135623730951,75.82700393534402,38.419723794263525,37.89078668238537,1.2779189271859972,0.9472696670596342,41.957256712631256,-7.802056954248204,35.82700393534402,37.8584284272781,57.82970846155427,58.081901454250946,129.63599294597532,0.0,0.0,0.2,0.99,0.01
bbox_expand_8x__bbox_mean__object_minus_ring_normalized,leave_one_out,time_of_day__distance_range,,8PM,far,60,130.0,14.719601443879744,77.81058317401451,52.18941682598551,47.129652250426794,0.3940065425335914,0.3770372180034144,54.24090839347387,-12.578812969304115,-52.18941682598551,-47.129652250426794,72.23717114816485,72.29517878917315,73.403467530149,0.0,0.0,0.0,0.0,1.0
bbox_expand_8x__bbox_mean__object_minus_ring_normalized,leave_one_out,time_of_day__distance_range,,8PM,mid,80,85.0,11.180339887498949,77.80726566086955,11.176458758383045,10.441685162211982,0.12516780689061222,0.1301674536758316,13.325823824718306,-0.4206206448594403,-7.192734339130444,-8.546232073700317,22.11834822125535,22.163601911454574,22.762896241700844,0.2375,0.5,0.75,0.25,0.75
bbox_expand_8x__bbox_mean__object_minus_ring_normalized,leave_one_out,time_of_day__distance_range,,8PM,near,100,40.0,14.142135623730951,77.79000276364881,37.790002763648815,37.9200657018286,1.2563981384580858,0.948001642545715,40.369981126563594,-7.148676880795504,37.790002763648815,37.9200657018286,58.02618468589204,58.11958248882538,59.268178581627936,0.0,0.0,0.2,1.0,0.0
bbox_expand_8x__bbox_midpoint__object_depth,leave_one_out,weather,clear_sky,,,240,77.5,38.37859646556485,76.88998359801289,32.426121122606176,28.02492936227015,0.634899242424994,0.3655172700525613,38.583711743843466,-0.010717609232477887,-0.6100164019871007,0.49772606993379753,62.03051117146162,69.56080209628504,96.70882863723088,0.07916666666666666,0.14166666666666666,0.30833333333333335,0.5041666666666667,0.49583333333333335
bbox_expand_8x__bbox_midpoint__object_depth,leave_one_out,weather,light_rain,,,240,77.5,38.37859646556485,78.1353657863527,29.630828653236968,26.659811909775808,0.5980216987225443,0.3330457778909433,35.40259370087966,0.14907362438501992,0.6353657863526905,3.007289155295126,58.87931916302054,64.85733526847865,73.20996335173189,0.09166666666666666,0.175,0.3875,0.5208333333333334,0.4791666666666667
bbox_expand_8x__bbox_midpoint__object_depth,leave_one_out,time_of_day,,10AM,,240,77.5,38.37859646556485,76.63506531202903,29.87038434688442,27.096265451901225,0.5781460792276812,0.34169815191302727,35.942985325664075,0.12289797287406856,-0.8649346879709583,1.2317528815750833,59.42511938657146,64.94596213925142,93.07795614159285,0.09166666666666666,0.16666666666666666,0.3625,0.5083333333333333,0.49166666666666664
bbox_expand_8x__bbox_midpoint__object_depth,leave_one_out,time_of_day,,8PM,,240,77.5,38.37859646556485,78.39028407233654,32.18656542895873,29.402326880168594,0.6547748619198569,0.3538899403633686,38.080812209834306,0.01545804227847325,0.8902840723365425,1.4297054926307666,63.24401766669803,66.63372364881651,96.70882863723088,0.07916666666666666,0.15,0.3333333333333333,0.5166666666666667,0.48333333333333334
bbox_expand_8x__bbox_midpoint__object_depth,leave_one_out,distance_range,,,far,120,130.0,14.719601443879744,80.89088582407258,49.1091141759274,45.51198533467747,0.37062084644148746,0.36723843447569937,51.78936197134693,-11.379098523380902,-49.1091141759274,-45.51198533467747,69.80840845504589,75.97145414878571,96.70882863723088,0.0,0.0,0.0,0.0,1.0
bbox_expand_8x__bbox_midpoint__object_depth,leave_one_out,distance_range,,,mid,160,85.0,11.180339887498949,77.83322829970805,12.12279457411601,11.611922201330685,0.1394761934904073,0.13346990328479855,14.68887695562577,-0.7261048497401101,-7.166771700291949,-7.767761690786742,23.480300178475645,26.64469855891616,36.95392039959756,0.25,0.425,0.81875,0.3,0.7
bbox_expand_8x__bbox_midpoint__object_depth,leave_one_out,distance_range,,,near,200,40.0,14.142135623730951,75.2293051270287,35.304635566162524,35.15178626060633,1.1455516667198276,0.8872954338291349,38.840216917575965,-6.542812251021771,35.2293051270287,35.15178626060633,57.59502213321955,64.1224543947783,79.26681460705436,0.005,0.04,0.18,0.99,0.01
bbox_expand_8x__bbox_midpoint__object_depth,leave_one_out,weather__distance_range,clear_sky,,far,60,130.0,14.719601443879744,79.22117369554206,50.77882630445792,45.591153805562236,0.382534198181732,0.38733721826576084,53.89779244393603,-12.40756321690588,-50.77882630445792,-45.591153805562236,76.08517068189497,82.62205868829174,96.70882863723088,0.0,0.0,0.0,0.0,1.0
bbox_expand_8x__bbox_midpoint__object_depth,leave_one_out,weather__distance_range,clear_sky,,mid,80,85.0,11.180339887498949,75.71164750668642,13.651820623779344,12.441650437071715,0.15549361591538835,0.16153268607535937,16.663510624869275,-1.22138069076105,-9.288352493313592,-10.578151183530537,26.64991355190083,31.019024209680268,36.95392039959756,0.2375,0.3875,0.7125,0.2625,0.7375
bbox_expand_8x__bbox_midpoint__object_depth,leave_one_out,weather__distance_range,clear_sky,,near,100,40.0,14.142135623730951,76.4339384125566,36.43393841255659,35.03919651132422,1.1698427701786356,0.9488425667077074,40.096950773879804,-7.038827306814699,36.43393841255659,35.03919651132422,59.430166351077,64.68775467044446,79.26681460705436,0.0,0.03,0.17,1.0,0.0
bbox_expand_8x__bbox_midpoint__object_depth,leave_one_out,weather__distance_range,light_rain,,far,60,130.0,14.719601443879744,82.56059795260315,47.43940204739686,45.1201276246667,0.35870749470124286,0.3646761875122535,49.59137018140136,-10.350633829855925,-47.43940204739686,-45.1201276246667,66.93401392639419,69.79923377367359,70.44781410923696,0.0,0.0,0.0,0.0,1.0
bbox_expand_8x__bbox_midpoint__object_depth,leave_one_out,weather__distance_range,light_rain,,mid,80,85.0,11.180339887498949,79.95480909272969,10.593768524452681,10.697078185343294,0.12345877106542624,0.12409431073951478,12.403774671038502,-0.23082900871917,-5.045190907270304,-6.430214237250901,18.47946423171686,21.163570488667666,26.192181954418714,0.2625,0.4625,0.925,0.3375,0.6625
bbox_expand_8x__bbox_midpoint__object_depth,leave_one_out,weather__distance_range,light_rain,,near,100,40.0,14.142135623730951,74.02467184150082,34.17533271976847,35.279853062892386,1.1212605632610195,0.8722125048188742,37.54143629439033,-6.046797195228838,34.02467184150082,35.279853062892386,53.9925860920492,64.07995647056364,73.20996335173189,0.01,0.05,0.19,0.98,0.02
bbox_expand_8x__bbox_midpoint__object_depth,leave_one_out,time_of_day__distance_range,,10AM,far,60,130.0,14.719601443879744,81.15692201089253,48.84307798910745,45.51357248456027,0.36866287433151274,0.36729972764993946,51.57192640534478,-11.275370429961376,-48.84307798910745,-45.51357248456027,69.8158567228979,76.00963942717205,93.07795614159285,0.0,0.0,0.0,0.0,1.0
bbox_expand_8x__bbox_midpoint__object_depth,leave_one_out,time_of_day__distance_range,,10AM,mid,80,85.0,11.180339887498949,77.50901082761837,11.450350948523312,10.75187290609179,0.1314516935276243,0.1262099147103034,13.966323544151484,-0.5604655467193607,-7.490989172381634,-7.744491761409172,20.800944426995866,26.43610036413777,34.01460165021081,0.275,0.4625,0.8375,0.275,0.725
bbox_expand_8x__bbox_midpoint__object_depth,leave_one_out,time_of_day__distance_range,,10AM,near,100,40.0,14.142135623730951,73.2227948802395,33.22279488023948,31.728036475096197,1.0611915107254282,0.710671896652603,36.72480027615198,-5.743554776616263,33.22279488023948,31.728036475096197,54.37221489265706,60.65262076213185,79.26681460705436,0.0,0.03,0.2,1.0,0.0
bbox_expand_8x__bbox_midpoint__object_depth,leave_one_out,time_of_day__distance_range,,8PM,far,60,130.0,14.719601443879744,80.62484963725267,49.37515036274734,45.28706794946006,0.3725788185514622,0.36665812964086564,52.00588845159837,-11.48282661680043,-49.37515036274734,-45.28706794946006,69.70266724632067,73.9919044209302,96.70882863723088,0.0,0.0,0.0,0.0,1.0
bbox_expand_8x__bbox_midpoint__object_depth,leave_one_out,time_of_day__distance_range,,8PM,mid,80,85.0,11.180339887498949,78.15744577179774,12.795238199708711,12.441650437071715,0.1475006934531903,0.14237343748352627,15.37751667516922,-0.8917441527608594,-6.842554228202263,-7.907897240615064,23.85949351670558,26.66171522106107,36.95392039959756,0.225,0.3875,0.8,0.325,0.675
bbox_expand_8x__bbox_midpoint__object_depth,leave_one_out,time_of_day__distance_range,,8PM,near,100,40.0,14.142135623730951,77.23581537381793,37.386476252085565,37.66311840598748,1.2299118227142272,1.0159992464490202,40.846223143461565,-7.342069725427276,37.23581537381792,37.66311840598748,59.430166351077,64.66545191712353,70.98351176354775,0.01,0.05,0.16,0.98,0.02
bbox_expand_8x__bbox_midpoint__object_depth_percentile_5_95,leave_one_out,weather,clear_sky,,,240,77.5,38.37859646556485,77.51283678264711,32.62719572816527,31.132231419945676,0.6654210977064302,0.34281514692668763,38.40922608448445,-0.0015968192876090193,0.012836782647116251,-0.2985093795874647,63.30712587702987,68.691619742323,80.86253550567591,0.075,0.14583333333333334,0.31666666666666665,0.49583333333333335,0.5041666666666667
bbox_expand_8x__bbox_midpoint__object_depth_percentile_5_95,leave_one_out,weather,light_rain,,,240,77.5,38.37859646556485,77.50722827276323,31.550409824541898,30.845152849827393,0.6403373647691484,0.3587624648270211,37.595198075469355,0.04040808939149665,0.007228272763218986,2.4109553400794326,59.543449912977906,69.57394466537264,84.72378033592446,0.0875,0.19583333333333333,0.3333333333333333,0.5208333333333334,0.4791666666666667
bbox_expand_8x__bbox_midpoint__object_depth_percentile_5_95,leave_one_out,time_of_day,,10AM,,240,77.5,38.37859646556485,76.24485545978685,31.630282424019594,31.265671614320937,0.6347097112137694,0.3450122286045454,37.65333089325106,0.037438193590955904,-1.2551445402131491,-1.6739035548150696,61.639150661147646,68.05589489368649,84.72378033592446,0.09583333333333334,0.1875,0.3333333333333333,0.49166666666666664,0.5083333333333333
bbox_expand_8x__bbox_midpoint__object_depth_percentile_5_95,leave_one_out,time_of_day,,8PM,,240,77.5,38.37859646556485,78.77520959562348,32.54732312868757,30.453921719163418,0.6710487512618093,0.3585142205670373,38.352239040063374,0.0013730765129317257,1.2752095956234806,4.5280315155889355,63.30712587702987,70.02074392689781,80.711158348973,0.06666666666666667,0.15416666666666667,0.31666666666666665,0.525,0.475
bbox_expand_8x__bbox_midpoint__object_depth_percentile_5_95,leave_one_out,distance_range,,,far,120,130.0,14.719601443879744,79.41122035958033,50.58877964041967,46.73671051093899,0.3817754541826839,0.3738936840875119,52.936272300308644,-11.933456577165034,-50.58877964041967,-46.73671051093899,72.3633728019588,75.72872841376406,84.72378033592446,0.0,0.0,0.0,0.0,1.0
bbox_expand_8x__bbox_midpoint__object_depth_percentile_5_95,leave_one_out,distance_range,,,mid,160,85.0,11.180339887498949,76.60092689673672,11.954068182052492,10.285912208322749,0.13390106306431812,0.12861080421351273,14.67384128062846,-0.7225729434326074,-8.399073103263277,-9.109536328152537,22.38910844544026,27.15855179730341,34.281514692668765,0.24375,0.48125,0.78125,0.275,0.725
bbox_expand_8x__bbox_midpoint__object_depth_percentile_5_95,leave_one_out,distance_range,,,near,200,40.0,14.142135623730951,77.09660433335482,37.09660433335482,36.49556260526448,1.2307240320096295,0.9452391304264018,40.15961193433849,-7.063972153583315,37.09660433335482,36.49556260526448,57.3089219039197,62.50295844063246,72.58704469205193,0.0,0.025,0.155,1.0,0.0
bbox_expand_8x__bbox_midpoint__object_depth_percentile_5_95,leave_one_out,weather__distance_range,clear_sky,,far,60,130.0,14.719601443879744,79.89364010743424,50.106359892565784,46.334605444592945,0.3778500031163025,0.3706768435567436,52.59183915625198,-11.765699442324982,-50.106359892565784,-46.334605444592945,73.09254676835577,77.406550549514,80.86253550567591,0.0,0.0,0.0,0.0,1.0
bbox_expand_8x__bbox_midpoint__object_depth_percentile_5_95,leave_one_out,weather__distance_range,clear_sky,,mid,80,85.0,11.180339887498949,75.36862654803011,13.052163545735905,11.400935135659907,0.14657400566801138,0.13795698224906533,15.793773828594427,-0.9955463339903541,-9.631373451969903,-9.946241707357387,25.6576125036875,31.662429404872178,34.281514692668765,0.225,0.425,0.75,0.2375,0.7625
bbox_expand_8x__bbox_midpoint__object_depth_percentile_5_95,leave_one_out,weather__distance_range,clear_sky,,near,100,40.0,14.142135623730951,77.79972297546847,37.79972297546847,36.33765720788924,1.253041428091242,1.078831075525775,41.00669695647791,-7.407745976402074,37.79972297546847,36.33765720788924,59.15342262686878,63.84399779627952,72.58704469205193,0.0,0.01,0.16,1.0,0.0
bbox_expand_8x__bbox_midpoint__object_depth_percentile_5_95,leave_one_out,weather__distance_range,light_rain,,far,60,130.0,14.719601443879744,78.92880061172647,51.07119938827355,46.792648889251,0.38570090524906525,0.374341191114008,53.27847880962604,-12.101213712005096,-51.07119938827355,-46.792648889251,71.76734611467464,73.18043695286673,84.72378033592446,0.0,0.0,0.0,0.0,1.0
bbox_expand_8x__bbox_midpoint__object_depth_percentile_5_95,leave_one_out,weather__distance_range,light_rain,,mid,80,85.0,11.180339887498949,77.83322724544334,10.855972818369077,8.862449251823094,0.12122812046062488,0.11576781274228369,13.461052860358194,-0.4495995528748602,-7.166772754556646,-5.72108644769142,21.59285147896923,22.170986544875042,34.281514692668765,0.2625,0.5375,0.8125,0.3125,0.6875
bbox_expand_8x__bbox_midpoint__object_depth_percentile_5_95,leave_one_out,weather__distance_range,light_rain,,near,100,40.0,14.142135623730951,76.39348569124118,36.39348569124117,36.783755698841205,1.2084066359280172,0.9232683072037642,39.294270144041505,-6.720198330764557,36.39348569124117,36.783755698841205,55.21703967718918,58.25889178667548,69.55103468191771,0.0,0.04,0.15,1.0,0.0
bbox_expand_8x__bbox_midpoint__object_depth_percentile_5_95,leave_one_out,time_of_day__distance_range,,10AM,far,60,130.0,14.719601443879744,78.67456825580409,51.32543174419591,48.05308779830946,0.38798396386443096,0.3844247023864757,53.570572612640305,-12.245259615597698,-51.32543174419591,-48.05308779830946,71.78875204774816,77.27276681793987,84.72378033592446,0.0,0.0,0.0,0.0,1.0
bbox_expand_8x__bbox_midpoint__object_depth_percentile_5_95,leave_one_out,time_of_day__distance_range,,10AM,mid,80,85.0,11.180339887498949,75.29854477532805,11.96667805173244,9.79973768499891,0.13257543416256587,0.12178519060220946,15.11477060145408,-0.8276503226766443,-9.701455224671943,-9.17994467150936,23.162898353503753,34.281514692668765,34.281514692668765,0.2875,0.5125,0.7625,0.225,0.775
bbox_expand_8x__bbox_midpoint__object_depth_percentile_5_95,leave_one_out,time_of_day__distance_range,,10AM,near,100,40.0,14.142135623730951,75.54407632974353,35.54407632974354,36.33765720788924,1.1844525812643354,0.8920013761614175,38.70409801765966,-6.490036016803033,35.54407632974354,36.33765720788924,54.914283642029005,59.017075423040225,69.55103468191771,0.0,0.04,0.19,1.0,0.0
bbox_expand_8x__bbox_midpoint__object_depth_percentile_5_95,leave_one_out,time_of_day__distance_range,,8PM,far,60,130.0,14.719601443879744,80.14787246335659,49.852127536643415,45.214733882609956,0.3755669445009368,0.36366850166675324,52.29427884633922,-11.621653538732374,-49.852127536643415,-45.214733882609956,72.65466210575055,74.90633917801095,80.711158348973,0.0,0.0,0.0,0.0,1.0
bbox_expand_8x__bbox_midpoint__object_depth_percentile_5_95,leave_one_out,time_of_day__distance_range,,8PM,mid,80,85.0,11.180339887498949,77.90330901814539,11.941458312372541,10.885173479014504,0.13522669196607037,0.1294854485163823,14.219245603180614,-0.61749556418857,-7.096690981854609,-9.012589068898748,21.794590900324202,25.647325941843516,31.52458281077763,0.2,0.45,0.8,0.325,0.675
bbox_expand_8x__bbox_midpoint__object_depth_percentile_5_95,leave_one_out,time_of_day__distance_range,,8PM,near,100,40.0,14.142135623730951,78.64913233696609,38.6491323369661,39.11470119440647,1.2769954827549241,1.052102981007427,41.564187205726995,-7.637908290363599,38.6491323369661,39.11470119440647,58.263648449886404,63.28932224158159,72.58704469205193,0.0,0.01,0.12,1.0,0.0
bbox_expand_8x__bbox_midpoint__object_minus_ring,leave_one_out,weather,clear_sky,,,240,77.5,38.37859646556485,76.12471620211048,31.632047852877424,30.980745431026456,0.6191263548390185,0.3501187064259892,37.34513472265331,0.053131029734794,-1.3752837978895325,1.284836418884705,64.14120816720892,66.9581605858833,80.65074011050174,0.08333333333333333,0.15,0.3458333333333333,0.5208333333333334,0.4791666666666667
bbox_expand_8x__bbox_midpoint__object_minus_ring,leave_one_out,weather,light_rain,,,240,77.5,38.37859646556485,78.86031142392355,30.876888299973665,31.001119911184823,0.6256986343931058,0.33490660494332036,36.61603615200739,0.08974205138210223,1.3603114239235368,2.977200991978499,63.86946873097652,66.25921154521541,83.30982551222917,0.0875,0.16666666666666666,0.36666666666666664,0.5333333333333333,0.4666666666666667
bbox_expand_8x__bbox_midpoint__object_minus_ring,leave_one_out,time_of_day,,10AM,,240,77.5,38.37859646556485,75.41772771896176,31.08459657518965,30.160885901182574,0.595610515204958,0.362066158429702,36.885480983237386,0.0762962099928034,-2.082272281038244,0.6338794267609345,63.99173473337104,66.81819123877936,83.30982551222917,0.09166666666666666,0.1625,0.3416666666666667,0.5125,0.4875
bbox_expand_8x__bbox_midpoint__object_minus_ring,leave_one_out,time_of_day,,8PM,,240,77.5,38.37859646556485,79.56729990707225,31.42433957766144,31.102157674999013,0.6492144740271664,0.3291373793572271,37.07903024046707,0.06657687112409294,2.067299907072252,2.977200991978499,64.32482102652335,66.17082190518136,80.65074011050174,0.07916666666666666,0.15416666666666667,0.37083333333333335,0.5416666666666666,0.4583333333333333
bbox_expand_8x__bbox_midpoint__object_minus_ring,leave_one_out,distance_range,,,far,120,130.0,14.719601443879744,81.46891234927767,48.53108765072232,42.07845610517531,0.36607798647323087,0.3366276488414025,50.880649425702074,-10.948494550682447,-48.53108765072232,-42.07845610517531,67.56823235276927,68.6433462427191,83.30982551222917,0.0,0.0,0.0,0.0,1.0
bbox_expand_8x__bbox_midpoint__object_minus_ring,leave_one_out,distance_range,,,mid,160,85.0,11.180339887498949,77.12570351947603,13.054287806913681,11.762149388451,0.15231177459653253,0.1559026111045798,16.245533666112653,-1.111338912774397,-7.874296480523969,-8.106225458499786,23.78427270364214,32.140931833970015,63.10156462412683,0.2,0.4125,0.8625,0.34375,0.65625
bbox_expand_8x__bbox_midpoint__object_minus_ring,leave_one_out,distance_range,,,near,200,40.0,14.142135623730951,75.40012292609337,35.44864054745697,34.958082089337296,1.1522937755173848,0.9159347003745619,38.961951263504865,-6.590168231298641,35.40012292609338,34.958082089337296,56.677844596416705,62.79831205739537,79.33312334798647,0.045,0.05,0.165,0.99,0.01
bbox_expand_8x__bbox_midpoint__object_minus_ring,leave_one_out,weather__distance_range,clear_sky,,far,60,130.0,14.719601443879744,81.09768462217981,48.90231537782018,42.551682177326384,0.3690559656810504,0.34041345741861107,51.1857663758981,-11.092227751483172,-48.90231537782018,-42.551682177326384,67.69242099610966,68.68074828290449,80.65074011050174,0.0,0.0,0.0,0.0,1.0
bbox_expand_8x__bbox_midpoint__object_minus_ring,leave_one_out,weather__distance_range,clear_sky,,mid,80,85.0,11.180339887498949,74.76881576323086,15.346903508947483,13.332635600087052,0.17934205701530836,0.1680307055493,19.24377425116084,-1.9625827794371276,-10.231184236769138,-9.98596739270856,32.14316036048228,39.55759481528749,63.10156462412683,0.1625,0.3625,0.8,0.325,0.675
bbox_expand_8x__bbox_midpoint__object_minus_ring,leave_one_out,weather__distance_range,clear_sky,,near,100,40.0,14.142135623730951,74.22565550117253,34.298002813055724,32.234196635959805,1.1209960265927674,0.8739520522334324,38.45690996753351,-6.394669621254891,34.225655501172554,32.234196635959805,59.721125489299986,64.00830345336819,73.6044425369564,0.07,0.07,0.19,0.99,0.01
bbox_expand_8x__bbox_midpoint__object_minus_ring,leave_one_out,weather__distance_range,light_rain,,far,60,130.0,14.719601443879744,81.84014007637553,48.15985992362449,42.07845610517531,0.3631000072654114,0.3366276488414025,50.57369170304234,-10.804761349881726,-48.15985992362449,-42.07845610517531,67.08776883294784,68.32319122452114,83.30982551222917,0.0,0.0,0.0,0.0,1.0
bbox_expand_8x__bbox_midpoint__object_minus_ring,leave_one_out,weather__distance_range,light_rain,,mid,80,85.0,11.180339887498949,79.4825912757212,10.761672104879878,10.456509479289814,0.1252814921777567,0.1440579657894577,12.55037373005116,-0.26009504611166623,-5.5174087242788,-6.207932297995335,18.55120400038236,21.063073993911296,26.531087154423716,0.2375,0.4625,0.925,0.3625,0.6375
bbox_expand_8x__bbox_midpoint__object_minus_ring,leave_one_out,weather__distance_range,light_rain,,near,100,40.0,14.142135623730951,76.57459035101421,36.59927828185821,37.201515919126265,1.1835915244420019,0.9790587161248565,39.46052924465761,-6.785666841342392,36.574590351014216,37.201515919126265,55.00013038197898,61.17665330652761,79.33312334798647,0.02,0.03,0.14,0.99,0.01
bbox_expand_8x__bbox_midpoint__object_minus_ring,leave_one_out,time_of_day__distance_range,,10AM,far,60,130.0,14.719601443879744,80.17638684504853,49.823613154951495,42.689103267986596,0.3768718729107795,0.3415128261438928,52.09879417419974,-11.5274662511029,-49.823613154951495,-42.689103267986596,68.11194622473951,68.79569267155944,83.30982551222917,0.0,0.0,0.0,0.0,1.0
bbox_expand_8x__bbox_midpoint__object_minus_ring,leave_one_out,time_of_day__distance_range,,10AM,mid,80,85.0,11.180339887498949,74.5189789457315,14.28416578198797,11.629387244915549,0.16623796693241755,0.1562263859119098,18.475925859306095,-1.7308786908686051,-10.481021054268501,-8.94737299430058,29.717729071496475,35.277880375507635,63.10156462412683,0.2125,0.4125,0.8,0.2875,0.7125
bbox_expand_8x__bbox_midpoint__object_minus_ring,leave_one_out,time_of_day__distance_range,,10AM,near,100,40.0,14.142135623730951,73.2815312618939,33.2815312618939,31.61977736978335,1.0703517391994972,0.8266574385391394,36.927420921927414,-5.818172079726012,33.2815312618939,31.61977736978335,54.367523024224056,61.98163245083164,79.33312334798647,0.05,0.06,0.18,1.0,0.0
bbox_expand_8x__bbox_midpoint__object_minus_ring,leave_one_out,time_of_day__distance_range,,8PM,far,60,130.0,14.719601443879744,82.76143785350683,47.23856214649319,41.180465441771524,0.3552841000356824,0.3294437235341722,49.63261646897901,-10.369522850261996,-47.23856214649319,-41.180465441771524,67.19517014973435,67.69760391524437,80.65074011050174,0.0,0.0,0.0,0.0,1.0
bbox_expand_8x__bbox_midpoint__object_minus_ring,leave_one_out,time_of_day__distance_range,,8PM,mid,80,85.0,11.180339887498949,79.73242809322058,11.824409831839393,11.957974589057464,0.13838558226064754,0.15449344522389297,13.655580977571901,-0.49179913468018865,-5.267571906779437,-6.8568031323907945,18.451126897190868,23.777340134954645,39.43750129184463,0.1875,0.4125,0.925,0.4,0.6
bbox_expand_8x__bbox_midpoint__object_minus_ring,leave_one_out,time_of_day__distance_range,,8PM,near,100,40.0,14.142135623730951,77.51871459029286,37.615749833020026,39.16234864499426,1.2342358118352719,0.9874472316477464,40.89538942930185,-7.362164382871269,37.51871459029286,39.16234864499426,59.721125489299986,64.01837311697811,73.6044425369564,0.04,0.04,0.15,0.98,0.02
bbox_expand_8x__bbox_midpoint__object_minus_ring_normalized,leave_one_out,weather,clear_sky,,,240,77.5,38.37859646556485,77.52823139583377,32.526501509953945,30.468268943906025,0.6623991001540513,0.3568184022606308,38.35830635476986,0.0010570864567731597,0.028231395833783306,-0.4887233072826689,58.20093781074901,72.08321890447361,73.38523941432564,0.08333333333333333,0.1625,0.3333333333333333,0.5,0.5
bbox_expand_8x__bbox_midpoint__object_minus_ring_normalized,leave_one_out,weather,light_rain,,,240,77.5,38.37859646556485,76.58194910593605,33.246116684230074,31.915024399620712,0.6885147363498071,0.3553212272597221,41.1653764636933,-0.15049836677630157,-0.9180508940639432,-1.7719754762049575,58.199336987639576,72.07546399509391,236.13466971443034,0.0875,0.16666666666666666,0.3333333333333333,0.49583333333333335,0.5041666666666667
bbox_expand_8x__bbox_midpoint__object_minus_ring_normalized,leave_one_out,time_of_day,,10AM,,240,77.5,38.37859646556485,76.27020099144326,33.28333739035762,31.77135086507034,0.6875911471760888,0.35708264375978993,41.16997710969824,-0.15075554073872244,-1.2297990085567487,-1.9127119048621992,58.15158509116521,72.10523344499283,236.13466971443034,0.0875,0.1625,0.3333333333333333,0.49583333333333335,0.5041666666666667
bbox_expand_8x__bbox_midpoint__object_minus_ring_normalized,leave_one_out,time_of_day,,8PM,,240,77.5,38.37859646556485,77.8399795103266,32.4892808038264,30.60552871496811,0.6633226893277696,0.3497969874785034,38.35336843865079,0.0013142604191945795,0.33997951032659063,2.888527254555541,58.22031779340252,72.06807603079976,73.38523941432564,0.08333333333333333,0.16666666666666666,0.3333333333333333,0.5,0.5
bbox_expand_8x__bbox_midpoint__object_minus_ring_normalized,leave_one_out,distance_range,,,far,120,130.0,14.719601443879744,77.78248385371414,52.21751614628587,47.051228987049655,0.39427963214521866,0.3764098318963972,54.252387207470925,-12.584560850966254,-52.21751614628587,-47.051228987049655,72.1590741911306,72.23025483472388,73.38523941432564,0.0,0.0,0.0,0.0,1.0
bbox_expand_8x__bbox_midpoint__object_minus_ring_normalized,leave_one_out,distance_range,,,mid,160,85.0,11.180339887498949,77.4810844232509,11.196783371013002,11.539340992686498,0.1250212057238383,0.12821489991873886,13.423415301331753,-0.4415046268162195,-7.518915576749097,-11.539340992686498,22.085965818565484,22.476245046837416,25.81077419045718,0.25625,0.49375,0.75,0.25,0.75
bbox_expand_8x__bbox_midpoint__object_minus_ring_normalized,leave_one_out,distance_range,,,near,200,40.0,14.142135623730951,76.2778587512946,38.63920544843891,37.992989423760676,1.2845118599384284,0.9498247355940169,43.46255963076187,-8.444970448287656,36.27785875129461,37.9780872412871,57.90292078344774,58.1490916165361,236.13466971443034,0.0,0.0,0.2,0.995,0.005
bbox_expand_8x__bbox_midpoint__object_minus_ring_normalized,leave_one_out,weather__distance_range,clear_sky,,far,60,130.0,14.719601443879744,77.79037907642508,52.20962092357492,47.02527365597825,0.3942142927339081,0.376202189247826,54.24536918981758,-12.581046516336665,-52.20962092357492,-47.02527365597825,72.17113149093957,72.2382444223398,73.38523941432564,0.0,0.0,0.0,0.0,1.0
bbox_expand_8x__bbox_midpoint__object_minus_ring_normalized,leave_one_out,weather__distance_range,clear_sky,,mid,80,85.0,11.180339887498949,77.18654902241212,11.36692797941022,11.70507804030337,0.12684501586473895,0.13005642267003745,13.611520233230609,-0.48218786447716977,-7.813450977587882,-11.70507804030337,22.195451727783066,22.897480982764712,25.81077419045718,0.25,0.4875,0.75,0.25,0.75
bbox_expand_8x__bbox_midpoint__object_minus_ring_normalized,leave_one_out,weather__distance_range,clear_sky,,near,100,40.0,14.142135623730951,77.64428868621634,37.64428868621634,38.0499614990204,1.2517532520375874,0.9512490374755099,40.21825910956146,-7.087541829019116,37.64428868621634,38.0499614990204,58.01485890345892,58.14929320359468,58.521666423080674,0.0,0.0,0.2,1.0,0.0
bbox_expand_8x__bbox_midpoint__object_minus_ring_normalized,leave_one_out,weather__distance_range,light_rain,,far,60,130.0,14.719601443879744,77.7745886310032,52.2254113689968,47.06417500792319,0.3943449715565292,0.3765134000633855,54.25940431740013,-12.588075185595848,-52.2254113689968,-47.06417500792319,72.13087606570973,72.20504800085635,73.32477085753835,0.0,0.0,0.0,0.0,1.0
bbox_expand_8x__bbox_midpoint__object_minus_ring_normalized,leave_one_out,weather__distance_range,light_rain,,mid,80,85.0,11.180339887498949,77.7756198240897,11.02663876261578,9.84285591936807,0.12319739558293763,0.12222499873399204,13.232636685272086,-0.40082138915526877,-7.224380175910314,-7.602263150136693,22.03159225519226,22.086533812897613,23.24958691013542,0.2625,0.5,0.75,0.25,0.75
bbox_expand_8x__bbox_midpoint__object_minus_ring_normalized,leave_one_out,weather__distance_range,light_rain,,near,100,40.0,14.142135623730951,74.91142881637286,39.634122210661474,37.93261853049382,1.3172704678392693,0.9483154632623454,46.48096183935137,-9.802399067556193,34.91142881637287,37.87383393189623,57.679649380992686,58.117524013638175,236.13466971443034,0.0,0.0,0.2,0.99,0.01
bbox_expand_8x__bbox_midpoint__object_minus_ring_normalized,leave_one_out,time_of_day__distance_range,,10AM,far,60,130.0,14.719601443879744,77.66500513625415,52.33499486374588,47.064863822363655,0.3952521986644253,0.37651891057890924,54.34835982372607,-12.632665610134781,-52.33499486374588,-47.064863822363655,72.1590741911306,72.20527980967562,73.32477085753835,0.0,0.0,0.0,0.0,1.0
bbox_expand_8x__bbox_midpoint__object_minus_ring_normalized,leave_one_out,time_of_day__distance_range,,10AM,mid,80,85.0,11.180339887498949,77.1177343439421,11.251284502205653,11.539340992686498,0.12525779767370615,0.12821489991873886,13.55168202550194,-0.46918468576249883,-7.882265656057899,-11.539340992686498,22.30022261939392,23.252435513536295,25.81077419045718,0.2625,0.4875,0.75,0.25,0.75
bbox_expand_8x__bbox_midpoint__object_minus_ring_normalized,leave_one_out,time_of_day__distance_range,,10AM,near,100,40.0,14.142135623730951,74.75529182255764,39.47798521684625,37.99334709464101,1.3128611958849927,0.9498336773660252,46.35467439878759,-9.743779193088068,34.755291822557645,37.91928673329871,57.58065211498302,58.084645083223535,236.13466971443034,0.0,0.0,0.2,0.99,0.01
bbox_expand_8x__bbox_midpoint__object_minus_ring_normalized,leave_one_out,time_of_day__distance_range,,8PM,far,60,130.0,14.719601443879744,77.89996257117417,52.10003742882586,47.02553840040994,0.3933070656260121,0.3762043072032795,54.15624451427101,-12.536456091797731,-52.10003742882586,-47.02553840040994,72.15281058565097,72.2338400547737,73.38523941432564,0.0,0.0,0.0,0.0,1.0
bbox_expand_8x__bbox_midpoint__object_minus_ring_normalized,leave_one_out,time_of_day__distance_range,,8PM,mid,80,85.0,11.180339887498949,77.84443450255971,11.142282239820348,10.199797681463522,0.12478461377397039,0.12692025668186657,13.29391104918874,-0.4138245678699397,-7.155565497440295,-7.6384309056501465,22.01699354734442,22.091667224556737,22.87595056195481,0.25,0.5,0.75,0.25,0.75
bbox_expand_8x__bbox_midpoint__object_minus_ring_normalized,leave_one_out,time_of_day__distance_range,,8PM,near,100,40.0,14.142135623730951,77.80042568003155,37.800425680031566,37.992989423760676,1.256162523991864,0.9498247355940169,40.3637503299365,-7.146161703487245,37.800425680031566,37.992989423760676,58.02597106593674,58.20146338892239,58.521666423080674,0.0,0.0,0.2,1.0,0.0
bbox_expand_8x__inner50_median__object_depth,leave_one_out,weather,clear_sky,,,240,77.5,38.37859646556485,77.02626596768405,32.70633781394534,29.71383969411233,0.6464770816167545,0.3670829691492733,38.75651454923665,-0.019791176241148678,-0.4737340323159553,-0.032002499731426326,62.58787328408101,69.20583389694364,94.67567788768909,0.07916666666666666,0.1375,0.325,0.5,0.5
bbox_expand_8x__inner50_median__object_depth,leave_one_out,weather,light_rain,,,240,77.5,38.37859646556485,77.99553016430153,30.359731267814865,28.070970793447145,0.6168905047259884,0.3457682167666464,36.182354014314534,0.11117663908310038,0.495530164301537,2.419459560054996,60.48857084954492,66.13900019875014,71.58231593847302,0.09583333333333334,0.17083333333333334,0.37916666666666665,0.5166666666666667,0.48333333333333334
bbox_expand_8x__inner50_median__object_depth,leave_one_out,time_of_day,,10AM,,240,77.5,38.37859646556485,76.81430458612566,30.693044181260476,28.9856210669713,0.6038205592710864,0.35233711755723285,36.62413662742999,0.08933925858806757,-0.685695413874339,0.5371964902248223,58.93097700875993,66.38084920997682,91.33173440369607,0.08333333333333333,0.15833333333333333,0.36666666666666664,0.5041666666666667,0.49583333333333335
bbox_expand_8x__inner50_median__object_depth,leave_one_out,time_of_day,,8PM,,240,77.5,38.37859646556485,78.20749154585992,32.37302490049973,30.128011061433227,0.6595470270716566,0.3567634345651389,38.33931113514843,0.002046204253884354,0.7074915458599246,1.2333887808243489,62.992590113655346,67.93997869100733,94.67567788768909,0.09166666666666666,0.15,0.3375,0.5125,0.4875
bbox_expand_8x__inner50_median__object_depth,leave_one_out,distance_range,,,far,120,130.0,14.719601443879744,79.8193939226254,50.1806060773746,45.82260338362622,0.3788573421556078,0.37420571435757766,52.6777031778289,-11.8074172865759,-50.1806060773746,-45.82260338362622,70.91068792739094,76.09989830131236,94.67567788768909,0.0,0.0,0.0,0.0,1.0
bbox_expand_8x__inner50_median__object_depth,leave_one_out,distance_range,,,mid,160,85.0,11.180339887498949,77.6651018797684,11.915017859011998,11.365773944280953,0.13600721181753322,0.13921175301528937,14.412582448203535,-0.661780262610117,-7.334898120231604,-8.440445843953192,22.271860735060397,26.324239782636372,36.19654097929116,0.25,0.425,0.84375,0.2875,0.7125
bbox_expand_8x__inner50_median__object_depth,leave_one_out,distance_range,,,near,200,40.0,14.142135623730951,76.00243750099274,36.03890496447788,34.426710471999776,1.1799209288639,0.9486052610231817,39.27255938834355,-6.7116696045548565,36.00243750099275,34.426710471999776,56.3626561552608,62.98481204441047,75.94173877479078,0.01,0.03,0.17,0.99,0.01
bbox_expand_8x__inner50_median__object_depth,leave_one_out,weather__distance_range,clear_sky,,far,60,130.0,14.719601443879744,78.41479981400802,51.585200185991994,45.88537114365916,0.388804060560629,0.3863079174282246,54.46444075968217,-12.690962956607365,-51.585200185991994,-45.88537114365916,76.22688529552137,81.7488371148612,94.67567788768909,0.0,0.0,0.0,0.0,1.0
bbox_expand_8x__inner50_median__object_depth,leave_one_out,weather__distance_range,clear_sky,,mid,80,85.0,11.180339887498949,75.99921471780371,13.161629977599612,11.80193886729942,0.14908707894694495,0.14493351587515063,16.138418105174463,-1.0835883114993834,-9.000785282196276,-10.106874547936691,25.53778329614509,30.473920135487585,36.19654097929116,0.2375,0.3875,0.7625,0.25,0.75
bbox_expand_8x__inner50_median__object_depth,leave_one_out,weather__distance_range,clear_sky,,near,100,40.0,14.142135623730951,77.01478665979391,37.014786659793934,34.14707853887169,1.1989928963862773,1.045590547938838,40.20917547654472,-7.083888962517825,37.014786659793934,34.14707853887169,58.04343852774348,63.019078301839734,75.94173877479078,0.0,0.02,0.17,1.0,0.0
bbox_expand_8x__inner50_median__object_depth,leave_one_out,weather__distance_range,light_rain,,far,60,130.0,14.719601443879744,81.22398803124278,48.77601196875721,45.82260338362622,0.3689106237505866,0.3665808270690098,50.82819608168248,-10.923871616544442,-48.77601196875721,-45.82260338362622,68.43108244692505,70.8920639975535,71.58231593847302,0.0,0.0,0.0,0.0,1.0
bbox_expand_8x__inner50_median__object_depth,leave_one_out,weather__distance_range,light_rain,,mid,80,85.0,11.180339887498949,79.33098904173306,10.668405740424387,10.528104744661306,0.1229273446881215,0.12953244428464733,12.449760106729219,-0.23997221372085087,-5.669010958266935,-6.81741662794542,18.504636467689828,20.49506715374921,26.627004716228527,0.2625,0.4625,0.925,0.325,0.675
bbox_expand_8x__inner50_median__object_depth,leave_one_out,weather__distance_range,light_rain,,near,100,40.0,14.142135623730951,74.99008834219157,35.063023269161846,34.92721622921613,1.160848961341523,0.8962050745370899,38.31305324975259,-6.339450246591889,34.99008834219157,34.92721622921613,55.18544855171369,62.6006913226427,70.62811598967778,0.02,0.04,0.17,0.98,0.02
bbox_expand_8x__inner50_median__object_depth,leave_one_out,time_of_day__distance_range,,10AM,far,60,130.0,14.719601443879744,80.09168986141039,49.908310138589634,46.10012439326747,0.37683313224209974,0.37890344806120874,52.43539845633549,-11.689866205883094,-49.908310138589634,-46.10012439326747,70.91068792739094,76.1260568149881,91.33173440369607,0.0,0.0,0.0,0.0,1.0
bbox_expand_8x__inner50_median__object_depth,leave_one_out,time_of_day__distance_range,,10AM,mid,80,85.0,11.180339887498949,77.29059303110942,11.564346608629432,10.55967850508025,0.1320609041785777,0.13690779466283698,13.852821385792769,-0.5352052827734197,-7.7094069688905735,-8.651414393205272,20.967257029725946,25.755748052554708,33.13839882994651,0.25,0.4375,0.8625,0.2625,0.7375
bbox_expand_8x__inner50_median__object_depth,leave_one_out,time_of_day__distance_range,,10AM,near,100,40.0,14.142135623730951,74.46684266496781,34.46684266496782,32.096794615307175,1.117420739562485,0.8113830234327761,37.62954405582185,-6.079912929245188,34.46684266496782,32.096794615307175,53.89393909088957,58.71105158336774,75.94173877479078,0.0,0.03,0.19,1.0,0.0
bbox_expand_8x__inner50_median__object_depth,leave_one_out,time_of_day__distance_range,,8PM,far,60,130.0,14.719601443879744,79.54709798384042,50.452902016159584,45.78650396187064,0.3808815520691159,0.3727764837347558,52.91889844760774,-11.92496836726871,-50.452902016159584,-45.78650396187064,70.91167466827774,74.66993300126875,94.67567788768909,0.0,0.0,0.0,0.0,1.0
bbox_expand_8x__inner50_median__object_depth,leave_one_out,time_of_day__distance_range,,8PM,mid,80,85.0,11.180339887498949,78.03961072842735,12.265689109394566,12.026487011052183,0.1399535194564888,0.13998224810439397,14.951401449558226,-0.7883552424468143,-6.960389271572637,-7.898133967467643,23.386284551749615,26.33169577531868,36.19654097929116,0.25,0.4125,0.825,0.3125,0.6875
bbox_expand_8x__inner50_median__object_depth,leave_one_out,time_of_day__distance_range,,8PM,near,100,40.0,14.142135623730951,77.53803233701768,37.61096726398795,39.71245334310561,1.2424211181653153,1.0284090357239013,40.849544134211655,-7.343426279864529,37.538032337017675,39.71245334310561,58.27250273470373,63.134470765249006,69.11787064192887,0.02,0.03,0.15,0.98,0.02
bbox_expand_8x__inner50_median__object_depth_percentile_5_95,leave_one_out,weather,clear_sky,,,240,77.5,38.37859646556485,77.52608344717436,32.67530673792369,31.645994625323837,0.6667874124082528,0.3510675811365169,38.49502172403735,-0.00607640002315657,0.026083447174361632,-0.7202726712104592,63.27453947032016,68.63498697746205,79.24862861385856,0.08333333333333333,0.14583333333333334,0.32083333333333336,0.4875,0.5125
bbox_expand_8x__inner50_median__object_depth_percentile_5_95,leave_one_out,weather,light_rain,,,240,77.5,38.37859646556485,77.49097595656504,32.00718113873574,31.649701134874476,0.651365544956996,0.35882153915678816,38.02628675076974,0.018275428083666334,-0.00902404343495391,2.7885883993256613,59.252838746183855,70.88578943823795,82.54720108199868,0.0875,0.2,0.3416666666666667,0.5125,0.4875
bbox_expand_8x__inner50_median__object_depth_percentile_5_95,leave_one_out,time_of_day,,10AM,,240,77.5,38.37859646556485,76.60637918745105,32.04370199555898,31.75448335366071,0.6478551609767103,0.3595672268420311,38.0485516463844,0.01712546598862963,-0.8936208125489524,-1.71457632827925,61.21910058754914,68.92270424898216,82.54720108199868,0.09583333333333334,0.17916666666666667,0.3416666666666667,0.48333333333333334,0.5166666666666667
bbox_expand_8x__inner50_median__object_depth_percentile_5_95,leave_one_out,time_of_day,,8PM,,240,77.5,38.37859646556485,78.41068021628834,32.63878588110044,29.794723862888162,0.6702977963885388,0.3532268192445215,38.4730152080428,-0.0049264379281197535,0.9106802162883564,3.7878433101800653,62.129567507173554,70.59486807114047,78.67260998458285,0.075,0.16666666666666666,0.32083333333333336,0.5166666666666667,0.48333333333333334
bbox_expand_8x__inner50_median__object_depth_percentile_5_95,leave_one_out,distance_range,,,far,120,130.0,14.719601443879744,78.54477588142211,51.455224118577895,47.135081790181744,0.38842218443066007,0.37840774564819374,53.65543929725977,-12.287259228531974,-51.455224118577895,-47.135081790181744,73.01853012067953,75.63884265784877,82.54720108199868,0.0,0.0,0.0,0.0,1.0
bbox_expand_8x__inner50_median__object_depth_percentile_5_95,leave_one_out,distance_range,,,mid,160,85.0,11.180339887498949,76.79194625086105,11.607252782374234,9.982543032252572,0.1293284693858074,0.12325783431270293,14.210632837252204,-0.6155366850815251,-8.208053749138958,-8.71823707700662,22.417908262377903,26.08826899445335,32.02681061092407,0.25625,0.5,0.79375,0.25,0.75
bbox_expand_8x__inner50_median__object_depth_percentile_5_95,leave_one_out,distance_range,,,near,200,40.0,14.142135623730951,77.46004875494518,37.460048754945184,37.64020550619569,1.2452674626712565,0.9410051376548922,40.30559328040886,-7.122704248428699,37.460048754945184,37.64020550619569,57.25594481731033,61.14670497082112,68.4196754038402,0.0,0.015,0.16,1.0,0.0
bbox_expand_8x__inner50_median__object_depth_percentile_5_95,leave_one_out,weather__distance_range,clear_sky,,far,60,130.0,14.719601443879744,78.91545191579108,51.084548084208905,46.740022286179794,0.38541800051257746,0.3766628453976489,53.374510880908915,-12.148484977428911,-51.084548084208905,-46.740022286179794,73.3252878057614,76.80535683559437,79.24862861385856,0.0,0.0,0.0,0.0,1.0
bbox_expand_8x__inner50_median__object_depth_percentile_5_95,leave_one_out,weather__distance_range,clear_sky,,mid,80,85.0,11.180339887498949,75.97763813197234,12.298485877906995,11.0208249418489,0.13713757734150306,0.1333332277681607,15.007470228086934,-0.8017933011753255,-9.022361868027648,-10.335526392730692,23.891282811842956,29.936664660938202,32.02681061092407,0.25,0.425,0.7625,0.2125,0.7875
bbox_expand_8x__inner50_median__object_depth_percentile_5_95,leave_one_out,weather__distance_range,clear_sky,,near,100,40.0,14.142135623730951,77.93121861816593,37.93121861816592,38.70173604858046,1.2593289275990576,1.0405406422025405,40.82888312088107,-7.334988484492836,37.93121861816592,38.70173604858046,58.54817191923425,62.1015079896995,68.4196754038402,0.0,0.01,0.16,1.0,0.0
bbox_expand_8x__inner50_median__object_depth_percentile_5_95,leave_one_out,weather__distance_range,light_rain,,far,60,130.0,14.719601443879744,78.17409984705311,51.82590015294689,47.20151220679759,0.3914263683487426,0.3784934223127867,53.934904473704144,-12.426033479635038,-51.82590015294689,-47.20151220679759,72.36352173348985,73.46936957228387,82.54720108199868,0.0,0.0,0.0,0.0,1.0
bbox_expand_8x__inner50_median__object_depth_percentile_5_95,leave_one_out,weather__distance_range,light_rain,,mid,80,85.0,11.180339887498949,77.60625436974973,10.916019686841475,8.98798034578531,0.12151936143011173,0.11195447331593447,13.366376046762472,-0.42928006898772475,-7.393745630250268,-6.951334756049498,22.19943841388483,22.450452357933695,31.605667934941522,0.2625,0.575,0.825,0.2875,0.7125
bbox_expand_8x__inner50_median__object_depth_percentile_5_95,leave_one_out,weather__distance_range,light_rain,,near,100,40.0,14.142135623730951,76.98887889172445,36.988878891724454,36.81927620295729,1.2312059977434557,0.9204819050739323,39.77541957632769,-6.910420012364559,36.988878891724454,36.81927620295729,56.37851392865933,58.75912194064708,66.13781877588808,0.0,0.02,0.16,1.0,0.0
bbox_expand_8x__inner50_median__object_depth_percentile_5_95,leave_one_out,time_of_day__distance_range,,10AM,far,60,130.0,14.719601443879744,78.0541430187607,51.9458569812393,47.293093334547194,0.392562101523091,0.38601612694565446,54.067275802361685,-12.492016827793748,-51.9458569812393,-47.293093334547194,72.43179491715668,76.63816565607367,82.54720108199868,0.0,0.0,0.0,0.0,1.0
bbox_expand_8x__inner50_median__object_depth_percentile_5_95,leave_one_out,time_of_day__distance_range,,10AM,mid,80,85.0,11.180339887498949,75.74889500120946,11.64207795367433,9.982543032252572,0.1285291860232262,0.12245361046498779,14.543922228105751,-0.6922053902175085,-9.251104998790536,-9.537358402641445,23.08514608922506,31.082739422919335,32.02681061092407,0.2875,0.5,0.7875,0.2,0.8
bbox_expand_8x__inner50_median__object_depth_percentile_5_95,leave_one_out,time_of_day__distance_range,,10AM,near,100,40.0,14.142135623730951,76.42370823765852,36.42370823765852,36.81927620295729,1.216491776611669,0.9204819050739323,39.38627617705508,-6.756393755476283,36.42370823765852,36.81927620295729,56.64487268239711,60.77034897326348,66.13781877588808,0.0,0.03,0.19,1.0,0.0
bbox_expand_8x__inner50_median__object_depth_percentile_5_95,leave_one_out,time_of_day__distance_range,,8PM,far,60,130.0,14.719601443879744,79.03540874408351,50.96459125591649,46.38523878385034,0.38428226733822907,0.37108191027080273,53.24041716285861,-12.0825016292702,-50.96459125591649,-46.38523878385034,73.14076791374436,75.03019636870363,78.67260998458285,0.0,0.0,0.0,0.0,1.0
bbox_expand_8x__inner50_median__object_depth_percentile_5_95,leave_one_out,time_of_day__distance_range,,8PM,mid,80,85.0,11.180339887498949,77.83499750051263,11.572427611074136,9.778841030643228,0.1301277527483886,0.12436737751408843,13.869336591675633,-0.5388679799455414,-7.1650024994873815,-7.77319994695079,22.207876835118842,23.432260245979776,29.877793492058373,0.225,0.5,0.8,0.3,0.7
bbox_expand_8x__inner50_median__object_depth_percentile_5_95,leave_one_out,time_of_day__distance_range,,8PM,near,100,40.0,14.142135623730951,78.49638927223185,38.49638927223185,40.020607742965616,1.2740431487308446,1.0341595097867176,41.204404476660294,-7.489014741381114,38.49638927223185,40.020607742965616,58.31203193438733,61.533766517734506,68.4196754038402,0.0,0.0,0.13,1.0,0.0
bbox_expand_8x__inner50_median__object_minus_ring,leave_one_out,weather,clear_sky,,,240,77.5,38.37859646556485,76.48298499764662,32.08635644269312,31.365455983221914,0.6377494455249588,0.35103910716202325,37.75180608416673,0.03239681180207421,-1.017015002353376,1.1808850021689707,61.619191172425545,68.86657551192157,79.60533107907975,0.0625,0.14166666666666666,0.325,0.5333333333333333,0.4666666666666667
bbox_expand_8x__inner50_median__object_minus_ring,leave_one_out,weather,light_rain,,,240,77.5,38.37859646556485,78.50717006943758,31.75862162448798,31.9310006518729,0.6489571097624504,0.34829805357431765,37.59629699162385,0.04035199039385462,1.0071700694375825,1.7080105687160838,61.6191715035628,68.74708609836861,76.23513553271187,0.075,0.16666666666666666,0.35833333333333334,0.5375,0.4625
bbox_expand_8x__inner50_median__object_minus_ring,leave_one_out,time_of_day,,10AM,,240,77.5,38.37859646556485,75.92502064932984,31.996823617459054,31.354730084100403,0.6296093268040792,0.35233601921037133,37.68321123844758,0.03590987774271315,-1.5749793506701697,0.7492361168908701,61.404608382731034,68.78245033887632,76.23513553271187,0.0625,0.1625,0.32083333333333336,0.5125,0.4875
bbox_expand_8x__inner50_median__object_minus_ring,leave_one_out,time_of_day,,8PM,,240,77.5,38.37859646556485,79.06513441775438,31.84815444972205,31.773613725245042,0.65709722848333,0.34794091775944674,37.665050124186095,0.03683892445321568,1.5651344177543762,2.135022955162654,61.85084930019271,68.64274984141595,79.60533107907975,0.075,0.14583333333333334,0.3625,0.5583333333333333,0.44166666666666665
bbox_expand_8x__inner50_median__object_minus_ring,leave_one_out,distance_range,,,far,120,130.0,14.719601443879744,79.77177835343055,50.22822164656946,43.934419531268965,0.3791474048242391,0.3514753562501517,52.4194301955332,-11.682138440112515,-50.22822164656946,-43.934419531268965,69.40329789281911,70.25578516964035,79.60533107907975,0.0,0.0,0.0,0.0,1.0
bbox_expand_8x__inner50_median__object_minus_ring,leave_one_out,distance_range,,,mid,160,85.0,11.180339887498949,77.0089264279525,12.448828458243652,10.551461403400218,0.1432144702550217,0.1445152809122473,15.2885825185876,-0.8699260434212985,-7.99107357204749,-8.666149930613493,21.323696952792595,26.87928551503381,56.53723422003397,0.1875,0.41875,0.86875,0.35625,0.64375
bbox_expand_8x__inner50_median__object_minus_ring,leave_one_out,distance_range,,,near,200,40.0,14.142135623730951,76.51797792608072,36.51797792608072,36.33923373328725,1.2019878472463301,0.962266675680961,39.63263668445413,-6.853729452809694,36.51797792608072,36.33923373328725,59.84406160131509,61.21102938807245,74.16320335884899,0.015,0.035,0.125,1.0,0.0
bbox_expand_8x__inner50_median__object_minus_ring,leave_one_out,weather__distance_range,clear_sky,,far,60,130.0,14.719601443879744,79.57190206672773,50.42809793327227,44.33592533318991,0.380732998565725,0.3546874026655193,52.577619644783425,-11.758797326976225,-50.42809793327227,-44.33592533318991,69.51047021469337,70.26878563435551,79.60533107907975,0.0,0.0,0.0,0.0,1.0
bbox_expand_8x__inner50_median__object_minus_ring,leave_one_out,weather__distance_range,clear_sky,,mid,80,85.0,11.180339887498949,75.38341775098154,14.051385186212622,11.117676508743337,0.16221824770545895,0.14667312552555428,17.490032543830665,-1.447209907074046,-9.61658224901846,-9.495282995676313,26.890078457222717,34.18441114578713,56.53723422003397,0.175,0.3625,0.775,0.35,0.65
bbox_expand_8x__inner50_median__object_minus_ring,leave_one_out,weather__distance_range,clear_sky,,near,100,40.0,14.142135623730951,75.50928855353004,35.50928855353003,32.87910582096424,1.1723842719560986,0.9483059091842025,38.95013000062199,-6.5855631353267645,35.50928855353003,32.87910582096424,59.951292048899006,61.22152054431085,69.7126173742672,0.01,0.05,0.16,1.0,0.0
bbox_expand_8x__inner50_median__object_minus_ring,leave_one_out,weather__distance_range,light_rain,,far,60,130.0,14.719601443879744,79.97165464013334,50.028345359866655,43.72450510173339,0.3775618110827532,0.34979604081386717,52.26076192074931,-11.605479553248806,-50.028345359866655,-43.72450510173339,68.884605717728,70.17499665729078,76.23513553271187,0.0,0.0,0.0,0.0,1.0
bbox_expand_8x__inner50_median__object_minus_ring,leave_one_out,weather__distance_range,light_rain,,mid,80,85.0,11.180339887498949,78.63443510492348,10.846271730274683,10.393670372526849,0.12421069280458448,0.13387506699875806,12.71142291291848,-0.29264217976855145,-6.365564895076522,-8.276940734786699,19.12728759281947,19.6579637194593,26.41953043857069,0.2,0.475,0.9625,0.3625,0.6375
bbox_expand_8x__inner50_median__object_minus_ring,leave_one_out,weather__distance_range,light_rain,,near,100,40.0,14.142135623730951,77.5266672986314,37.5266672986314,38.216775548565295,1.2315914225365612,0.969489116629946,40.30358735966967,-7.121895770292625,37.5266672986314,38.216775548565295,58.12851857152123,60.89691272804908,74.16320335884899,0.02,0.02,0.09,1.0,0.0
bbox_expand_8x__inner50_median__object_minus_ring,leave_one_out,time_of_day__distance_range,,10AM,far,60,130.0,14.719601443879744,78.78043267867231,51.21956732132767,44.402635895149224,0.38745516540575425,0.3552210871611938,53.31987340853903,-12.12157953985828,-51.21956732132767,-44.402635895149224,69.79218691146666,70.30960056167116,76.23513553271187,0.0,0.0,0.0,0.0,1.0
bbox_expand_8x__inner50_median__object_minus_ring,leave_one_out,time_of_day__distance_range,,10AM,mid,80,85.0,11.180339887498949,74.77112493418562,13.657182856581773,10.856214591021761,0.15730294334952682,0.143709824623172,17.052130762609963,-1.3262013083611923,-10.228875065814375,-9.364367751138651,26.73265106714336,30.323325536948584,56.53723422003397,0.175,0.4375,0.8,0.2875,0.7125
bbox_expand_8x__inner50_median__object_minus_ring,leave_one_out,time_of_day__distance_range,,10AM,near,100,40.0,14.142135623730951,75.13489000383971,35.13489000383971,32.58627656269334,1.1527469304067162,0.9483059091842025,38.335794124575195,-6.34816555580907,35.13489000383971,32.58627656269334,59.549518542699616,60.66490029306394,74.16320335884899,0.01,0.04,0.13,1.0,0.0
bbox_expand_8x__inner50_median__object_minus_ring,leave_one_out,time_of_day__distance_range,,8PM,far,60,130.0,14.719601443879744,80.76312402818876,49.23687597181125,43.55957860532279,0.37083964424272403,0.34847662884258235,51.503246730144404,-11.242697340366757,-49.23687597181125,-43.55957860532279,68.9862118774176,69.49940210697493,79.60533107907975,0.0,0.0,0.0,0.0,1.0
bbox_expand_8x__inner50_median__object_minus_ring,leave_one_out,time_of_day__distance_range,,8PM,mid,80,85.0,11.180339887498949,79.24672792171938,11.240474059905532,10.393670372526849,0.12912599716051665,0.14503434486949213,13.293093970561394,-0.4136507784814052,-5.753272078280604,-8.257234479553382,19.408630470963544,20.671029927829682,34.93820756362635,0.2,0.4,0.9375,0.425,0.575
bbox_expand_8x__inner50_median__object_minus_ring,leave_one_out,time_of_day__distance_range,,8PM,near,100,40.0,14.142135623730951,77.90106584832172,37.901065848321736,38.644245450697376,1.2512287640859439,0.9869414113419679,40.88836839447209,-7.35929334981032,37.901065848321736,38.644245450697376,59.88188455559251,61.60642761778186,69.7126173742672,0.02,0.03,0.12,1.0,0.0
bbox_expand_8x__inner50_median__object_minus_ring_normalized,leave_one_out,weather,clear_sky,,,240,77.5,38.37859646556485,77.52849335298494,32.541973716062294,30.636690000373036,0.6626529883191064,0.3568799555826395,38.388538764165325,-0.0005181839532608645,0.028493352984939217,-0.1718075619046644,58.07523017472024,72.2071170661609,73.30943398627952,0.08333333333333333,0.1625,0.3333333333333333,0.5,0.5
bbox_expand_8x__inner50_median__object_minus_ring_normalized,leave_one_out,weather,light_rain,,,240,77.5,38.37859646556485,76.83962526313789,33.0006290272201,31.912328203288645,0.6796204939069471,0.35712020601915545,39.77327720367782,-0.07400073291355991,-0.6603747368621006,-1.9162479316497993,58.077192671882415,72.19993019603382,167.0788711500427,0.0875,0.16666666666666666,0.3333333333333333,0.49583333333333335,0.5041666666666667
bbox_expand_8x__inner50_median__object_minus_ring_normalized,leave_one_out,time_of_day,,10AM,,240,77.5,38.37859646556485,76.57302574476934,33.032148697320764,31.797892679331362,0.6789023098955506,0.3571918082783617,39.77708617754733,-0.07420645076731702,-0.9269742552306677,-2.0407262518362046,58.05256605287281,72.20866495272256,167.0788711500427,0.0875,0.1625,0.3333333333333333,0.49583333333333335,0.5041666666666667
bbox_expand_8x__inner50_median__object_minus_ring_normalized,leave_one_out,time_of_day,,8PM,,240,77.5,38.37859646556485,77.7950928713535,32.51045404596163,30.74845520892913,0.6633711723305028,0.3499869048624459,38.38459200242194,-0.00031246609950397186,0.29509287135350254,2.8214346107824113,58.09218478832989,72.19893950286325,73.30943398627952,0.08333333333333333,0.16666666666666666,0.3333333333333333,0.5,0.5
bbox_expand_8x__inner50_median__object_minus_ring_normalized,leave_one_out,distance_range,,,far,120,130.0,14.719601443879744,77.70059728569814,52.29940271430187,47.161100364334295,0.3949118940608146,0.37728880291467437,54.332516428200435,-12.624718498864633,-52.29940271430187,-47.161100364334295,72.24587326779957,72.29809365928283,73.30943398627952,0.0,0.0,0.0,0.0,1.0
bbox_expand_8x__inner50_median__object_minus_ring_normalized,leave_one_out,distance_range,,,mid,160,85.0,11.180339887498949,77.48079198588853,11.204928215799521,11.747734621718685,0.12509453890369598,0.13053038468576317,13.428584310545054,-0.4426150126833339,-7.519208014111479,-11.747734621718685,22.149485915532903,22.33355177270948,25.525169703080962,0.25625,0.49375,0.75,0.25,0.75
bbox_expand_8x__inner50_median__object_minus_ring_normalized,leave_one_out,distance_range,,,near,200,40.0,14.142135623730951,76.6367503792177,38.30753909071814,37.95028063428474,1.2737054111118185,0.9487570158571185,41.8477870315907,-7.756186397206852,36.63675037921771,37.923655943189914,57.985826361637464,58.06553338347093,167.0788711500427,0.0,0.0,0.2,0.995,0.005
bbox_expand_8x__inner50_median__object_minus_ring_normalized,leave_one_out,weather__distance_range,clear_sky,,far,60,130.0,14.719601443879744,77.709626347997,52.29037365200299,47.14947814259256,0.3948364065922825,0.37719582514074046,54.324930611027916,-12.62091424258307,-52.29037365200299,-47.14947814259256,72.26165081154275,72.30004406592536,73.30943398627952,0.0,0.0,0.0,0.0,1.0
bbox_expand_8x__inner50_median__object_minus_ring_normalized,leave_one_out,weather__distance_range,clear_sky,,mid,80,85.0,11.180339887498949,77.23523148444492,11.340112095672486,11.87880484310039,0.1265251215236664,0.13198672047889323,13.581228408936182,-0.47559812076556196,-7.764768515555085,-11.87880484310039,22.208738411155235,22.817727580587782,25.525169703080962,0.25,0.4875,0.75,0.25,0.75
bbox_expand_8x__inner50_median__object_minus_ring_normalized,leave_one_out,weather__distance_range,clear_sky,,near,100,40.0,14.142135623730951,77.65442305080973,37.65442305080972,37.98350045288201,1.2522452307915526,0.9495875113220503,40.231245527107674,-7.092765583312106,37.65442305080972,37.98350045288201,58.000232736682904,58.06553338347093,58.37553958369065,0.0,0.0,0.2,1.0,0.0
bbox_expand_8x__inner50_median__object_minus_ring_normalized,leave_one_out,weather__distance_range,light_rain,,far,60,130.0,14.719601443879744,77.69156822339923,52.30843177660075,47.170040423115715,0.3949873815293467,0.37736032338492576,54.340101186401384,-12.62852275514619,-52.30843177660075,-47.170040423115715,72.22543953539565,72.29272833599605,73.23072434706476,0.0,0.0,0.0,0.0,1.0
bbox_expand_8x__inner50_median__object_minus_ring_normalized,leave_one_out,weather__distance_range,light_rain,,mid,80,85.0,11.180339887498949,77.72635248733214,11.069744335926558,9.878012469963501,0.12366395628372553,0.12241657647697886,13.274185024894681,-0.40963190460110566,-7.273647512667873,-7.662812550630676,22.119491003140347,22.153527758970622,23.17829076378554,0.2625,0.5,0.75,0.25,0.75
bbox_expand_8x__inner50_median__object_minus_ring_normalized,leave_one_out,weather__distance_range,light_rain,,near,100,40.0,14.142135623730951,75.6190777076257,38.96065513062655,37.909801898265805,1.295165591432085,0.9477450474566451,43.4041638811338,-8.419607211101598,35.6190777076257,37.897795979709315,57.95917386438702,58.05030231122085,167.0788711500427,0.0,0.0,0.2,0.99,0.01
bbox_expand_8x__inner50_median__object_minus_ring_normalized,leave_one_out,time_of_day__distance_range,,10AM,far,60,130.0,14.719601443879744,77.60313831748202,52.39686168251797,47.17249050397048,0.3957212245332595,0.37737992403176385,54.4113112784056,-12.664265207856376,-52.39686168251797,-47.17249050397048,72.25113537281548,72.28722237097537,73.23072434706476,0.0,0.0,0.0,0.0,1.0
bbox_expand_8x__inner50_median__object_minus_ring_normalized,leave_one_out,time_of_day__distance_range,,10AM,mid,80,85.0,11.180339887498949,77.15610598246856,11.261210537594817,11.747734621718685,0.12541834960429332,0.13053038468576317,13.532428682639528,-0.46501300840579995,-7.84389401753145,-11.747734621718685,22.237069875851258,23.17840603343405,25.525169703080962,0.2625,0.4875,0.75,0.25,0.75
bbox_expand_8x__inner50_median__object_minus_ring_normalized,leave_one_out,time_of_day__distance_range,,10AM,near,100,40.0,14.142135623730951,75.48849401098235,38.8300714339832,37.94672542972448,1.2915981293459313,0.948668135743112,43.295080847603884,-8.372320128002784,35.48849401098235,37.909801898265805,57.97571600161156,58.04904874903038,167.0788711500427,0.0,0.0,0.2,0.99,0.01
bbox_expand_8x__inner50_median__object_minus_ring_normalized,leave_one_out,time_of_day__distance_range,,8PM,far,60,130.0,14.719601443879744,77.79805625391423,52.20194374608575,47.1458053814433,0.39410256358836976,0.37716644305154645,54.25360714096153,-12.585171789872886,-52.20194374608575,-47.1458053814433,72.22615003367382,72.30004406592536,73.30943398627952,0.0,0.0,0.0,0.0,1.0
bbox_expand_8x__inner50_median__object_minus_ring_normalized,leave_one_out,time_of_day__distance_range,,8PM,mid,80,85.0,11.180339887498949,77.8054779893085,11.148645894004225,10.139897081837134,0.12477072820309862,0.1258498136128845,13.323930618256327,-0.42021701696086744,-7.194522010691507,-7.678127250733887,22.11782334273529,22.150790837098103,22.79862923447368,0.25,0.5,0.75,0.25,0.75
bbox_expand_8x__inner50_median__object_minus_ring_normalized,leave_one_out,time_of_day__distance_range,,8PM,near,100,40.0,14.142135623730951,77.78500674745308,37.785006747453075,37.95028063428474,1.2558126928777058,0.9487570158571185,40.34861253230629,-7.14005266641092,37.785006747453075,37.95028063428474,57.99494585482335,58.07485163755412,58.37553958369065,0.0,0.0,0.2,1.0,0.0
bbox_only__bbox_mean__object_depth,leave_one_out,weather,clear_sky,,,240,77.5,38.37859646556485,77.76400859420932,30.92174337341938,29.448248739304468,0.6360854730197718,0.3353883602433214,37.5445749401516,0.042990591839326076,0.2640085942093075,1.6041385383569562,62.11177875018058,70.06704283368526,85.87577281187275,0.0875,0.175,0.4,0.5208333333333334,0.4791666666666667
bbox_only__bbox_mean__object_depth,leave_one_out,weather,light_rain,,,240,77.5,38.37859646556485,77.28940076463087,31.752846032043042,30.409468205891322,0.6281575453223722,0.36248577326729947,37.60546594412872,0.03988385705797459,-0.21059923536914577,5.503430492231402,60.68299405808737,71.66164962154767,86.74234303686913,0.0625,0.15,0.35,0.5291666666666667,0.4708333333333333
bbox_only__bbox_mean__object_depth,leave_one_out,time_of_day,,10AM,,240,77.5,38.37859646556485,74.64448475694877,31.64800545360307,30.409468205891322,0.6195457923554035,0.3635609529351803,38.209714878570274,0.008781457809356907,-2.8555152430512254,-0.9203107799082346,61.58185740411208,71.02219742001614,86.74234303686913,0.07083333333333333,0.18333333333333332,0.3875,0.49166666666666664,0.5083333333333333
bbox_only__bbox_mean__object_depth,leave_one_out,time_of_day,,8PM,,240,77.5,38.37859646556485,80.40892460189139,31.026583951859344,29.978918421963506,0.6446972259867407,0.3386845769050224,36.92944442054402,0.07409299108794332,2.9089246018913855,6.898052610273858,61.62422244962057,70.70207717544253,77.32773109961563,0.07916666666666666,0.14166666666666666,0.3625,0.5583333333333333,0.44166666666666665
bbox_only__bbox_mean__object_depth,leave_one_out,distance_range,,,far,120,130.0,14.719601443879744,79.16741908776712,50.83258091223289,47.278894484075295,0.3839745749362694,0.38011518194186145,53.27673464705562,-12.100355944551278,-50.83258091223289,-47.278894484075295,73.17176538826229,77.70671205937226,86.74234303686913,0.0,0.0,0.0,0.0,1.0
bbox_only__bbox_mean__object_depth,leave_one_out,distance_range,,,mid,160,85.0,11.180339887498949,79.05411320682026,11.737011908404316,10.957912512981444,0.13475777526610805,0.13237320204613207,14.06103949284094,-0.5817026529538609,-5.9458867931797315,-7.37985323431721,21.16393931696706,27.45508152786391,37.37888701197799,0.2,0.43125,0.875,0.325,0.675
bbox_only__bbox_mean__object_depth,leave_one_out,distance_range,,,near,200,40.0,14.142135623730951,75.3203492124917,35.32034921249171,33.89357418411366,1.178900656835925,0.8569010175958492,39.08072253025741,-6.636514367434845,35.32034921249171,33.89357418411366,57.131024811394596,62.01078166552732,85.87577281187275,0.02,0.045,0.2,1.0,0.0
bbox_only__bbox_mean__object_depth,leave_one_out,weather__distance_range,clear_sky,,far,60,130.0,14.719601443879744,80.37605151145301,49.62394848854698,47.553205192791005,0.37452364358032797,0.38177504767180925,52.14729909467931,-11.550803705553578,-49.62394848854698,-47.553205192791005,70.68380620504439,73.65207788057195,82.33435378458125,0.0,0.0,0.0,0.0,1.0
bbox_only__bbox_mean__object_depth,leave_one_out,weather__distance_range,clear_sky,,mid,80,85.0,11.180339887498949,78.6816509596276,11.218932564437356,10.624334868543102,0.12853582466984065,0.12927183220330207,13.884818841219284,-0.5423055540278241,-6.318349040372388,-7.244302234640081,20.656625731376845,28.108567238477814,37.37888701197799,0.225,0.45,0.8875,0.3125,0.6875
bbox_only__bbox_mean__object_depth,leave_one_out,weather__distance_range,clear_sky,,near,100,40.0,14.142135623730951,75.46266895152843,35.46266895152843,34.51778499049952,1.1990622893633829,0.8687071668143297,39.96489985879153,-6.985966103616176,35.46266895152843,34.51778499049952,58.67239754568444,69.90108789546187,85.87577281187275,0.03,0.06,0.25,1.0,0.0
bbox_only__bbox_mean__object_depth,leave_one_out,weather__distance_range,light_rain,,far,60,130.0,14.719601443879744,77.9587866640812,52.04121333591881,46.329696766293175,0.3934255062922108,0.378338472107506,54.382718821658905,-12.649908183548984,-52.04121333591881,-46.329696766293175,74.09095062941346,77.91367906965264,86.74234303686913,0.0,0.0,0.0,0.0,1.0
bbox_only__bbox_mean__object_depth,leave_one_out,weather__distance_range,light_rain,,mid,80,85.0,11.180339887498949,79.42657545401292,12.255091252371278,11.443458349081723,0.14097972586237542,0.13640075530146917,14.235078819064798,-0.6210997518798977,-5.573424545987075,-7.499743523042923,21.163939316967067,23.346553311906025,34.06335277433584,0.175,0.4125,0.8625,0.3375,0.6625
bbox_only__bbox_mean__object_depth,leave_one_out,weather__distance_range,light_rain,,near,100,40.0,14.142135623730951,75.17802947345498,35.17802947345499,33.22513379299622,1.1587390243084668,0.839951728672132,38.17607269286225,-6.287062631253512,35.17802947345499,33.22513379299622,53.92230584977901,59.16628277483261,77.32773109961563,0.01,0.03,0.15,1.0,0.0
bbox_only__bbox_mean__object_depth,leave_one_out,time_of_day__distance_range,,10AM,far,60,130.0,14.719601443879744,75.62874542984878,54.37125457015122,48.86380020289256,0.4119593613517659,0.4029309159863715,56.407823503063625,-13.685427164705125,-54.37125457015122,-48.86380020289256,77.70779123098981,81.46879044211197,86.74234303686913,0.0,0.0,0.0,0.0,1.0
bbox_only__bbox_mean__object_depth,leave_one_out,time_of_day__distance_range,,10AM,mid,80,85.0,11.180339887498949,75.63524511667433,12.588925351410378,10.965653338327947,0.14101549413769554,0.12658476978832686,15.481357019263939,-0.9173793212633028,-9.364754883325668,-10.060988797790621,27.48815285553022,31.608806505853178,37.37888701197799,0.175,0.4625,0.8125,0.225,0.775
bbox_only__bbox_mean__object_depth,leave_one_out,time_of_day__distance_range,,10AM,near,100,40.0,14.142135623730951,73.26132006542832,33.26132006542833,31.722469772242093,1.1269218895317525,0.8362835916775462,37.45816443855632,-6.015570415529626,33.26132006542833,31.722469772242093,55.765315979753005,61.80704885439097,85.87577281187275,0.03,0.07,0.28,1.0,0.0
bbox_only__bbox_mean__object_depth,leave_one_out,time_of_day__distance_range,,8PM,far,60,130.0,14.719601443879744,82.70609274568545,47.29390725431457,41.439097559885994,0.35598978852077284,0.34026339412203654,49.949758327270985,-10.515284724397432,-47.29390725431457,-41.439097559885994,71.5591102442648,73.15693386093275,74.45268869729468,0.0,0.0,0.0,0.0,1.0
bbox_only__bbox_mean__object_depth,leave_one_out,time_of_day__distance_range,,8PM,mid,80,85.0,11.180339887498949,82.4729812969662,10.885098465398254,10.957912512981444,0.12850005639452053,0.13377020887590962,12.480114105269728,-0.24602598464441905,-2.527018703033795,-2.8851681896204653,18.525326539199472,20.561723992982692,25.751987319113027,0.225,0.4,0.9375,0.425,0.575
bbox_only__bbox_mean__object_depth,leave_one_out,time_of_day__distance_range,,8PM,near,100,40.0,14.142135623730951,77.37937835955509,37.37937835955509,34.72962678358121,1.2308794241400975,0.8878489869945743,40.63854898822068,-7.25745831934006,37.37937835955509,34.72962678358121,57.93089604461482,69.17206619161234,77.32773109961563,0.01,0.02,0.12,1.0,0.0
bbox_only__bbox_mean__object_depth_percentile_5_95,leave_one_out,weather,clear_sky,,,240,77.5,38.37859646556485,78.29038860563156,31.936338688280873,32.66458245144165,0.6472755847988529,0.35952233330755773,37.97772734252244,0.020781143466154228,0.7903886056315684,1.527182943508123,60.60822597200852,69.20290056310216,76.00788157758191,0.11666666666666667,0.18333333333333332,0.3333333333333333,0.5125,0.4875
bbox_only__bbox_mean__object_depth_percentile_5_95,leave_one_out,weather,light_rain,,,240,77.5,38.37859646556485,76.77344330301123,32.29323150453755,31.66932808344555,0.6371162222057034,0.3726523776792362,37.92510721917155,0.023492781271406193,-0.726556696988761,0.3215469477287769,60.39072412611015,71.64077173638894,78.92227603735273,0.075,0.15,0.31666666666666665,0.5,0.5
bbox_only__bbox_mean__object_depth_percentile_5_95,leave_one_out,time_of_day,,10AM,,240,77.5,38.37859646556485,77.24645016999267,31.579653586113082,31.210181771571904,0.6305476068435208,0.3557277124327084,37.493756655684045,0.04557954976702594,-0.25354983000733,-0.7224389102411095,60.31047317147759,69.15974007021848,77.33818721552092,0.09583333333333334,0.17916666666666667,0.3416666666666667,0.49166666666666664,0.5083333333333333
bbox_only__bbox_mean__object_depth_percentile_5_95,leave_one_out,time_of_day,,8PM,,240,77.5,38.37859646556485,77.81738173865013,32.64991660670534,33.25235959126218,0.6538442001610355,0.37149567288626606,38.403642321178125,-0.001305625029465629,0.3173817386501355,2.403440210748819,61.477434433704744,72.08404866963197,78.92227603735273,0.09583333333333334,0.15416666666666667,0.30833333333333335,0.5208333333333334,0.4791666666666667
bbox_only__bbox_mean__object_depth_percentile_5_95,leave_one_out,distance_range,,,far,120,130.0,14.719601443879744,78.59223450037776,51.40776549962224,46.925936690099455,0.3880887732385069,0.3754074935207956,53.64847543156955,-12.283810382146406,-51.40776549962224,-46.925936690099455,73.70975110258111,74.86054526543583,78.92227603735273,0.0,0.0,0.0,0.0,1.0
bbox_only__bbox_mean__object_depth_percentile_5_95,leave_one_out,distance_range,,,mid,160,85.0,11.180339887498949,77.7734866298368,11.910445806666846,11.139249707655487,0.13481716893896376,0.13370474909928298,14.432391307383027,-0.6663513507954013,-7.226513370163216,-6.90580945279531,23.312874775304937,25.44861179418923,34.356279887163055,0.26875,0.45625,0.8125,0.26875,0.73125
bbox_only__bbox_mean__object_depth_percentile_5_95,leave_one_out,distance_range,,,near,200,40.0,14.142135623730951,76.70246828627529,36.70246828627529,37.96874843230587,1.2005631693111924,0.9434989870166646,39.53751829930388,-6.816076766338946,36.70246828627529,37.96874843230587,55.550319309771155,59.587190269470966,66.56861648633365,0.015,0.035,0.13,1.0,0.0
bbox_only__bbox_mean__object_depth_percentile_5_95,leave_one_out,weather__distance_range,clear_sky,,far,60,130.0,14.719601443879744,79.4412692929105,50.55873070708949,45.39889129535372,0.3816013764537749,0.3673677330715413,52.820253162032095,-11.876826818928437,-50.55873070708949,-45.39889129535372,74.64391001551881,74.86054526543583,76.00788157758191,0.0,0.0,0.0,0.0,1.0
bbox_only__bbox_mean__object_depth_percentile_5_95,leave_one_out,weather__distance_range,clear_sky,,mid,80,85.0,11.180339887498949,78.42706166467595,11.026815851989621,9.433938381278296,0.12446133732394933,0.11855332205164568,13.923555094127105,-0.5509230916735426,-6.572938335324065,-5.444186572439079,22.824570108393367,25.09383320249894,34.356279887163055,0.3375,0.5125,0.8375,0.2875,0.7125
bbox_only__bbox_mean__object_depth_percentile_5_95,leave_one_out,weather__distance_range,clear_sky,,near,100,40.0,14.142135623730951,77.49052174602869,37.490521746028705,39.389266309937284,1.2249315077858227,0.9847316577484322,40.403698620535884,-7.162294311095467,37.490521746028705,39.389266309937284,57.83469320996617,60.54689936839068,66.56861648633365,0.01,0.03,0.13,1.0,0.0
bbox_only__bbox_mean__object_depth_percentile_5_95,leave_one_out,weather__distance_range,light_rain,,far,60,130.0,14.719601443879744,77.74319970784498,52.256800292155,47.965668152266474,0.39457617002323886,0.3837253452181318,54.4641045842331,-12.690793945364373,-52.256800292155,-47.965668152266474,72.9366391785589,74.1760775308275,78.92227603735273,0.0,0.0,0.0,0.0,1.0
bbox_only__bbox_mean__object_depth_percentile_5_95,leave_one_out,weather__distance_range,light_rain,,mid,80,85.0,11.180339887498949,77.11991159499765,12.794075761344066,12.418931202065409,0.1451730005539782,0.14379971482750054,14.923888609864973,-0.78177960991726,-7.880088405002366,-9.233299928031414,23.739757795174633,26.040136950211224,28.999300235589146,0.2,0.4,0.7875,0.25,0.75
bbox_only__bbox_mean__object_depth_percentile_5_95,leave_one_out,weather__distance_range,light_rain,,near,100,40.0,14.142135623730951,75.91441482652186,35.91441482652187,34.62199126068826,1.1761948308365622,0.849682638013606,38.651931960983326,-6.469859221582421,35.91441482652187,34.62199126068826,55.24248644987864,57.12294625163534,63.32324321697371,0.02,0.04,0.13,1.0,0.0
bbox_only__bbox_mean__object_depth_percentile_5_95,leave_one_out,time_of_day__distance_range,,10AM,far,60,130.0,14.719601443879744,79.14183063089848,50.85816936910153,44.50203296594505,0.38404060911429333,0.36669381972357334,53.11872033107966,-12.022762075129794,-50.85816936910153,-44.50203296594505,72.67847890060736,74.86215746831199,77.33818721552092,0.0,0.0,0.0,0.0,1.0
bbox_only__bbox_mean__object_depth_percentile_5_95,leave_one_out,time_of_day__distance_range,,10AM,mid,80,85.0,11.180339887498949,77.42170744609828,11.634063640807238,10.892288336728967,0.1311274319495158,0.1215657548353871,14.37107417827563,-0.6522221843000047,-7.578292553901724,-7.094749451256455,22.853938654086495,27.41674431996712,34.356279887163055,0.2625,0.475,0.85,0.225,0.775
bbox_only__bbox_mean__object_depth_percentile_5_95,leave_one_out,time_of_day__distance_range,,10AM,near,100,40.0,14.142135623730951,75.96901607256468,35.969016072564706,36.686551864894454,1.1779879453962612,0.8496199409596898,38.931927814798605,-6.578475016883448,35.969016072564706,36.686551864894454,55.584180100792196,59.568851070030256,66.56861648633365,0.02,0.05,0.14,1.0,0.0
bbox_only__bbox_mean__object_depth_percentile_5_95,leave_one_out,time_of_day__distance_range,,8PM,far,60,130.0,14.719601443879744,78.04263836985703,51.957361630142955,47.59424161783387,0.39213693736272043,0.380753932942671,54.17305033549419,-12.54485868916302,-51.957361630142955,-47.59424161783387,74.04465134032466,74.67869884829678,78.92227603735273,0.0,0.0,0.0,0.0,1.0
bbox_only__bbox_mean__object_depth_percentile_5_95,leave_one_out,time_of_day__distance_range,,8PM,mid,80,85.0,11.180339887498949,78.1252658135753,12.18682797252645,12.303454503875102,0.13850690592841172,0.14183031931460688,14.493449025727099,-0.6804805172907982,-6.874734186424708,-6.433303646581145,23.840415728835403,25.09383320249894,27.465409819746995,0.275,0.4375,0.775,0.3125,0.6875
bbox_only__bbox_mean__object_depth_percentile_5_95,leave_one_out,time_of_day__distance_range,,8PM,near,100,40.0,14.142135623730951,77.43592049998587,37.43592049998587,38.79664489083804,1.2231383932261235,0.9863266067740725,40.13397193349904,-7.053678515794443,37.43592049998587,38.79664489083804,55.472413281042286,59.64423513805077,64.53659713830325,0.01,0.02,0.12,1.0,0.0
bbox_only__bbox_mean__object_minus_ring,leave_one_out,weather,clear_sky,,,240,77.5,38.37859646556485,77.5,32.567849686847595,32.5678496868476,0.6621463077984818,0.35378052101297996,38.45871879639066,-0.0041797237634075834,-1.8947806286936005e-15,2.505219206680586,57.62004175365344,72.65135699373695,72.65135699373695,0.08333333333333333,0.16666666666666666,0.3333333333333333,0.5,0.5
bbox_only__bbox_mean__object_minus_ring,leave_one_out,weather,light_rain,,,240,77.5,38.37859646556485,77.5,32.567849686847595,32.5678496868476,0.6621463077984818,0.35378052101297996,38.45871879639066,-0.0041797237634075834,-1.8947806286936005e-15,2.505219206680586,57.62004175365344,72.65135699373695,72.65135699373695,0.08333333333333333,0.16666666666666666,0.3333333333333333,0.5,0.5
bbox_only__bbox_mean__object_minus_ring,leave_one_out,time_of_day,,10AM,,240,77.5,38.37859646556485,77.5,32.567849686847595,32.5678496868476,0.6621463077984818,0.35378052101297996,38.45871879639066,-0.0041797237634075834,-1.8947806286936005e-15,2.505219206680586,57.62004175365344,72.65135699373695,72.65135699373695,0.08333333333333333,0.16666666666666666,0.3333333333333333,0.5,0.5
bbox_only__bbox_mean__object_minus_ring,leave_one_out,time_of_day,,8PM,,240,77.5,38.37859646556485,77.5,32.567849686847595,32.5678496868476,0.6621463077984818,0.35378052101297996,38.45871879639066,-0.0041797237634075834,-1.8947806286936005e-15,2.505219206680586,57.62004175365344,72.65135699373695,72.65135699373695,0.08333333333333333,0.16666666666666666,0.3333333333333333,0.5,0.5
bbox_only__bbox_mean__object_minus_ring,leave_one_out,distance_range,,,far,120,130.0,14.719601443879744,77.39039665970773,52.60960334029228,47.59916492693111,0.397301140661402,0.38079331941544886,54.638289112168984,-12.778504478945989,-52.60960334029228,-47.59916492693111,72.65135699373695,72.65135699373695,72.65135699373695,0.0,0.0,0.0,0.0,1.0
bbox_only__bbox_mean__object_minus_ring,leave_one_out,distance_range,,,mid,160,85.0,11.180339887498949,77.48434237995825,11.27348643006263,10.020876826722336,0.12583258773237893,0.12327269112237793,13.491018305973705,-0.4560605994569411,-7.515657620041753,-7.51565762004175,22.546972860125265,22.546972860125265,22.546972860125265,0.25,0.5,0.75,0.25,0.75
bbox_only__bbox_mean__object_minus_ring,leave_one_out,distance_range,,,near,200,40.0,14.142135623730951,77.57828810020875,37.578288100208766,37.578288100208766,1.250104384133612,0.9394572025052191,40.161719102834404,-7.064818406474869,37.578288100208766,37.578288100208766,57.62004175365344,57.62004175365344,57.62004175365344,0.0,0.0,0.2,1.0,0.0
bbox_only__bbox_mean__object_minus_ring,leave_one_out,weather__distance_range,clear_sky,,far,60,130.0,14.719601443879744,77.39039665970772,52.60960334029228,47.59916492693111,0.3973011406614021,0.38079331941544886,54.63828911216899,-12.77850447894599,-52.60960334029228,-47.59916492693111,72.65135699373695,72.65135699373695,72.65135699373695,0.0,0.0,0.0,0.0,1.0
bbox_only__bbox_mean__object_minus_ring,leave_one_out,weather__distance_range,clear_sky,,mid,80,85.0,11.180339887498949,77.48434237995824,11.27348643006263,10.020876826722336,0.12583258773237893,0.12327269112237793,13.491018305973705,-0.45606059945694133,-7.515657620041753,-7.51565762004175,22.546972860125265,22.546972860125265,22.546972860125265,0.25,0.5,0.75,0.25,0.75
bbox_only__bbox_mean__object_minus_ring,leave_one_out,weather__distance_range,clear_sky,,near,100,40.0,14.142135623730951,77.57828810020875,37.578288100208766,37.578288100208766,1.2501043841336117,0.9394572025052191,40.1617191028344,-7.064818406474867,37.578288100208766,37.578288100208766,57.62004175365344,57.62004175365344,57.62004175365344,0.0,0.0,0.2,1.0,0.0
bbox_only__bbox_mean__object_minus_ring,leave_one_out,weather__distance_range,light_rain,,far,60,130.0,14.719601443879744,77.39039665970772,52.60960334029228,47.59916492693111,0.3973011406614021,0.38079331941544886,54.63828911216899,-12.77850447894599,-52.60960334029228,-47.59916492693111,72.65135699373695,72.65135699373695,72.65135699373695,0.0,0.0,0.0,0.0,1.0
bbox_only__bbox_mean__object_minus_ring,leave_one_out,weather__distance_range,light_rain,,mid,80,85.0,11.180339887498949,77.48434237995824,11.27348643006263,10.020876826722336,0.12583258773237893,0.12327269112237793,13.491018305973705,-0.45606059945694133,-7.515657620041753,-7.51565762004175,22.546972860125265,22.546972860125265,22.546972860125265,0.25,0.5,0.75,0.25,0.75
bbox_only__bbox_mean__object_minus_ring,leave_one_out,weather__distance_range,light_rain,,near,100,40.0,14.142135623730951,77.57828810020875,37.578288100208766,37.578288100208766,1.2501043841336117,0.9394572025052191,40.1617191028344,-7.064818406474867,37.578288100208766,37.578288100208766,57.62004175365344,57.62004175365344,57.62004175365344,0.0,0.0,0.2,1.0,0.0
bbox_only__bbox_mean__object_minus_ring,leave_one_out,time_of_day__distance_range,,10AM,far,60,130.0,14.719601443879744,77.39039665970772,52.60960334029228,47.59916492693111,0.3973011406614021,0.38079331941544886,54.63828911216899,-12.77850447894599,-52.60960334029228,-47.59916492693111,72.65135699373695,72.65135699373695,72.65135699373695,0.0,0.0,0.0,0.0,1.0
bbox_only__bbox_mean__object_minus_ring,leave_one_out,time_of_day__distance_range,,10AM,mid,80,85.0,11.180339887498949,77.48434237995824,11.27348643006263,10.020876826722336,0.12583258773237893,0.12327269112237793,13.491018305973705,-0.45606059945694133,-7.515657620041753,-7.51565762004175,22.546972860125265,22.546972860125265,22.546972860125265,0.25,0.5,0.75,0.25,0.75
bbox_only__bbox_mean__object_minus_ring,leave_one_out,time_of_day__distance_range,,10AM,near,100,40.0,14.142135623730951,77.57828810020875,37.578288100208766,37.578288100208766,1.2501043841336117,0.9394572025052191,40.1617191028344,-7.064818406474867,37.578288100208766,37.578288100208766,57.62004175365344,57.62004175365344,57.62004175365344,0.0,0.0,0.2,1.0,0.0
bbox_only__bbox_mean__object_minus_ring,leave_one_out,time_of_day__distance_range,,8PM,far,60,130.0,14.719601443879744,77.39039665970772,52.60960334029228,47.59916492693111,0.3973011406614021,0.38079331941544886,54.63828911216899,-12.77850447894599,-52.60960334029228,-47.59916492693111,72.65135699373695,72.65135699373695,72.65135699373695,0.0,0.0,0.0,0.0,1.0
bbox_only__bbox_mean__object_minus_ring,leave_one_out,time_of_day__distance_range,,8PM,mid,80,85.0,11.180339887498949,77.48434237995824,11.27348643006263,10.020876826722336,0.12583258773237893,0.12327269112237793,13.491018305973705,-0.45606059945694133,-7.515657620041753,-7.51565762004175,22.546972860125265,22.546972860125265,22.546972860125265,0.25,0.5,0.75,0.25,0.75
bbox_only__bbox_mean__object_minus_ring,leave_one_out,time_of_day__distance_range,,8PM,near,100,40.0,14.142135623730951,77.57828810020875,37.578288100208766,37.578288100208766,1.2501043841336117,0.9394572025052191,40.1617191028344,-7.064818406474867,37.578288100208766,37.578288100208766,57.62004175365344,57.62004175365344,57.62004175365344,0.0,0.0,0.2,1.0,0.0
bbox_only__bbox_mean__object_minus_ring_normalized,leave_one_out,weather,clear_sky,,,240,77.5,38.37859646556485,77.5,32.567849686847595,32.5678496868476,0.6621463077984818,0.35378052101297996,38.45871879639066,-0.0041797237634075834,-1.8947806286936005e-15,2.505219206680586,57.62004175365344,72.65135699373695,72.65135699373695,0.08333333333333333,0.16666666666666666,0.3333333333333333,0.5,0.5
bbox_only__bbox_mean__object_minus_ring_normalized,leave_one_out,weather,light_rain,,,240,77.5,38.37859646556485,77.5,32.567849686847595,32.5678496868476,0.6621463077984818,0.35378052101297996,38.45871879639066,-0.0041797237634075834,-1.8947806286936005e-15,2.505219206680586,57.62004175365344,72.65135699373695,72.65135699373695,0.08333333333333333,0.16666666666666666,0.3333333333333333,0.5,0.5
bbox_only__bbox_mean__object_minus_ring_normalized,leave_one_out,time_of_day,,10AM,,240,77.5,38.37859646556485,77.5,32.567849686847595,32.5678496868476,0.6621463077984818,0.35378052101297996,38.45871879639066,-0.0041797237634075834,-1.8947806286936005e-15,2.505219206680586,57.62004175365344,72.65135699373695,72.65135699373695,0.08333333333333333,0.16666666666666666,0.3333333333333333,0.5,0.5
bbox_only__bbox_mean__object_minus_ring_normalized,leave_one_out,time_of_day,,8PM,,240,77.5,38.37859646556485,77.5,32.567849686847595,32.5678496868476,0.6621463077984818,0.35378052101297996,38.45871879639066,-0.0041797237634075834,-1.8947806286936005e-15,2.505219206680586,57.62004175365344,72.65135699373695,72.65135699373695,0.08333333333333333,0.16666666666666666,0.3333333333333333,0.5,0.5
bbox_only__bbox_mean__object_minus_ring_normalized,leave_one_out,distance_range,,,far,120,130.0,14.719601443879744,77.39039665970773,52.60960334029228,47.59916492693111,0.397301140661402,0.38079331941544886,54.638289112168984,-12.778504478945989,-52.60960334029228,-47.59916492693111,72.65135699373695,72.65135699373695,72.65135699373695,0.0,0.0,0.0,0.0,1.0
bbox_only__bbox_mean__object_minus_ring_normalized,leave_one_out,distance_range,,,mid,160,85.0,11.180339887498949,77.48434237995825,11.27348643006263,10.020876826722336,0.12583258773237893,0.12327269112237793,13.491018305973705,-0.4560605994569411,-7.515657620041753,-7.51565762004175,22.546972860125265,22.546972860125265,22.546972860125265,0.25,0.5,0.75,0.25,0.75
bbox_only__bbox_mean__object_minus_ring_normalized,leave_one_out,distance_range,,,near,200,40.0,14.142135623730951,77.57828810020875,37.578288100208766,37.578288100208766,1.250104384133612,0.9394572025052191,40.161719102834404,-7.064818406474869,37.578288100208766,37.578288100208766,57.62004175365344,57.62004175365344,57.62004175365344,0.0,0.0,0.2,1.0,0.0
bbox_only__bbox_mean__object_minus_ring_normalized,leave_one_out,weather__distance_range,clear_sky,,far,60,130.0,14.719601443879744,77.39039665970772,52.60960334029228,47.59916492693111,0.3973011406614021,0.38079331941544886,54.63828911216899,-12.77850447894599,-52.60960334029228,-47.59916492693111,72.65135699373695,72.65135699373695,72.65135699373695,0.0,0.0,0.0,0.0,1.0
bbox_only__bbox_mean__object_minus_ring_normalized,leave_one_out,weather__distance_range,clear_sky,,mid,80,85.0,11.180339887498949,77.48434237995824,11.27348643006263,10.020876826722336,0.12583258773237893,0.12327269112237793,13.491018305973705,-0.45606059945694133,-7.515657620041753,-7.51565762004175,22.546972860125265,22.546972860125265,22.546972860125265,0.25,0.5,0.75,0.25,0.75
bbox_only__bbox_mean__object_minus_ring_normalized,leave_one_out,weather__distance_range,clear_sky,,near,100,40.0,14.142135623730951,77.57828810020875,37.578288100208766,37.578288100208766,1.2501043841336117,0.9394572025052191,40.1617191028344,-7.064818406474867,37.578288100208766,37.578288100208766,57.62004175365344,57.62004175365344,57.62004175365344,0.0,0.0,0.2,1.0,0.0
bbox_only__bbox_mean__object_minus_ring_normalized,leave_one_out,weather__distance_range,light_rain,,far,60,130.0,14.719601443879744,77.39039665970772,52.60960334029228,47.59916492693111,0.3973011406614021,0.38079331941544886,54.63828911216899,-12.77850447894599,-52.60960334029228,-47.59916492693111,72.65135699373695,72.65135699373695,72.65135699373695,0.0,0.0,0.0,0.0,1.0
bbox_only__bbox_mean__object_minus_ring_normalized,leave_one_out,weather__distance_range,light_rain,,mid,80,85.0,11.180339887498949,77.48434237995824,11.27348643006263,10.020876826722336,0.12583258773237893,0.12327269112237793,13.491018305973705,-0.45606059945694133,-7.515657620041753,-7.51565762004175,22.546972860125265,22.546972860125265,22.546972860125265,0.25,0.5,0.75,0.25,0.75
bbox_only__bbox_mean__object_minus_ring_normalized,leave_one_out,weather__distance_range,light_rain,,near,100,40.0,14.142135623730951,77.57828810020875,37.578288100208766,37.578288100208766,1.2501043841336117,0.9394572025052191,40.1617191028344,-7.064818406474867,37.578288100208766,37.578288100208766,57.62004175365344,57.62004175365344,57.62004175365344,0.0,0.0,0.2,1.0,0.0
bbox_only__bbox_mean__object_minus_ring_normalized,leave_one_out,time_of_day__distance_range,,10AM,far,60,130.0,14.719601443879744,77.39039665970772,52.60960334029228,47.59916492693111,0.3973011406614021,0.38079331941544886,54.63828911216899,-12.77850447894599,-52.60960334029228,-47.59916492693111,72.65135699373695,72.65135699373695,72.65135699373695,0.0,0.0,0.0,0.0,1.0
bbox_only__bbox_mean__object_minus_ring_normalized,leave_one_out,time_of_day__distance_range,,10AM,mid,80,85.0,11.180339887498949,77.48434237995824,11.27348643006263,10.020876826722336,0.12583258773237893,0.12327269112237793,13.491018305973705,-0.45606059945694133,-7.515657620041753,-7.51565762004175,22.546972860125265,22.546972860125265,22.546972860125265,0.25,0.5,0.75,0.25,0.75
bbox_only__bbox_mean__object_minus_ring_normalized,leave_one_out,time_of_day__distance_range,,10AM,near,100,40.0,14.142135623730951,77.57828810020875,37.578288100208766,37.578288100208766,1.2501043841336117,0.9394572025052191,40.1617191028344,-7.064818406474867,37.578288100208766,37.578288100208766,57.62004175365344,57.62004175365344,57.62004175365344,0.0,0.0,0.2,1.0,0.0
bbox_only__bbox_mean__object_minus_ring_normalized,leave_one_out,time_of_day__distance_range,,8PM,far,60,130.0,14.719601443879744,77.39039665970772,52.60960334029228,47.59916492693111,0.3973011406614021,0.38079331941544886,54.63828911216899,-12.77850447894599,-52.60960334029228,-47.59916492693111,72.65135699373695,72.65135699373695,72.65135699373695,0.0,0.0,0.0,0.0,1.0
bbox_only__bbox_mean__object_minus_ring_normalized,leave_one_out,time_of_day__distance_range,,8PM,mid,80,85.0,11.180339887498949,77.48434237995824,11.27348643006263,10.020876826722336,0.12583258773237893,0.12327269112237793,13.491018305973705,-0.45606059945694133,-7.515657620041753,-7.51565762004175,22.546972860125265,22.546972860125265,22.546972860125265,0.25,0.5,0.75,0.25,0.75
bbox_only__bbox_mean__object_minus_ring_normalized,leave_one_out,time_of_day__distance_range,,8PM,near,100,40.0,14.142135623730951,77.57828810020875,37.578288100208766,37.578288100208766,1.2501043841336117,0.9394572025052191,40.1617191028344,-7.064818406474867,37.578288100208766,37.578288100208766,57.62004175365344,57.62004175365344,57.62004175365344,0.0,0.0,0.2,1.0,0.0
bbox_only__bbox_midpoint__object_depth,leave_one_out,weather,clear_sky,,,240,77.5,38.37859646556485,72.48322845369422,26.161618254708465,22.784837837100454,0.4734182024488408,0.27257370588470553,32.32682404288885,0.29050734753048046,-5.016771546305779,-7.201663364769473,57.15482341311694,63.55768885225904,81.25753225276618,0.10416666666666667,0.2375,0.45416666666666666,0.4166666666666667,0.5833333333333334
bbox_only__bbox_midpoint__object_depth,leave_one_out,weather,light_rain,,,240,77.5,38.37859646556485,82.51431217970789,24.761891097824925,21.06095295232265,0.48809308459992035,0.2813920722131684,30.12204605771733,0.3839857479808244,5.014312179707889,7.817619238976292,50.1125805699356,56.280575889437955,87.49184698165959,0.1125,0.2375,0.475,0.5791666666666667,0.42083333333333334
bbox_only__bbox_midpoint__object_depth,leave_one_out,time_of_day,,10AM,,240,77.5,38.37859646556485,73.23802150490891,25.691921052786437,21.50176507005088,0.4621029173089732,0.28884399675994843,31.772708483164774,0.31462177922070445,-4.261978495091072,-6.4615787702230065,52.99151060181175,61.444027404823565,81.25753225276618,0.11666666666666667,0.2375,0.475,0.42083333333333334,0.5791666666666667
bbox_only__bbox_midpoint__object_depth,leave_one_out,time_of_day,,8PM,,240,77.5,38.37859646556485,81.75951912849318,25.23158829974695,21.449902621148567,0.4994083697397881,0.2544194005433904,30.705963704905436,0.3598713162906003,4.259519128493182,7.183594743316974,51.868276530267224,59.43398766703414,87.49184698165959,0.1,0.2375,0.45416666666666666,0.575,0.425
bbox_only__bbox_midpoint__object_depth,leave_one_out,distance_range,,,far,120,130.0,14.719601443879744,94.18028360085447,36.66311663135298,34.14105596338677,0.2748674506789278,0.26994808221410027,40.37817467345698,-6.524909184431706,-35.81971639914554,-34.14105596338677,59.29725999835396,63.51690900193794,81.25753225276618,0.016666666666666666,0.058333333333333334,0.15833333333333333,0.03333333333333333,0.9666666666666667
bbox_only__bbox_midpoint__object_depth,leave_one_out,distance_range,,,mid,160,85.0,11.180339887498949,80.81987511108758,14.26655067976424,12.69528937795235,0.1695182058928389,0.1400925266043377,17.462128709110107,-1.4394075124282195,-4.180124888912419,-6.120931001896295,28.024476064205743,36.58535886002685,45.326875648805725,0.16875,0.4,0.76875,0.39375,0.60625
bbox_only__bbox_midpoint__object_depth,leave_one_out,distance_range,,,near,200,40.0,14.142135623730951,64.83297851069979,27.697100700416897,26.952844259426506,0.8532785093368856,0.6098849887654543,33.47617822369849,-4.603272542324125,24.83297851069979,26.380697421728748,55.156327921192364,63.06442402764362,87.49184698165959,0.115,0.215,0.405,0.86,0.14
bbox_only__bbox_midpoint__object_depth,leave_one_out,weather__distance_range,clear_sky,,far,60,130.0,14.719601443879744,88.91370536093613,41.086294639063865,38.62115919779695,0.31003732765060626,0.2938594853577088,44.0607912680154,-7.960092279216719,-41.086294639063865,-38.62115919779695,62.40461959887748,66.42287592858216,81.25753225276618,0.0,0.016666666666666666,0.03333333333333333,0.0,1.0
bbox_only__bbox_midpoint__object_depth,leave_one_out,weather__distance_range,clear_sky,,mid,80,85.0,11.180339887498949,74.02723719632175,15.707692687352392,14.529895951868568,0.18396145917684378,0.18253870498892172,18.979574716256984,-1.8817940512798508,-10.972762803678252,-12.293915978543467,29.93387533118857,38.358012687824434,45.326875648805725,0.15,0.325,0.725,0.2625,0.7375
bbox_only__bbox_midpoint__object_depth,leave_one_out,weather__distance_range,clear_sky,,near,100,40.0,14.142135623730951,61.38973531524705,25.56995287798009,21.747272720746437,0.8030121219453791,0.5276715405326182,32.481766039635126,-4.2753256252679686,21.38973531524704,18.300633497294612,58.07070778135637,66.72239412216511,81.00189204858378,0.13,0.3,0.49,0.79,0.21
bbox_only__bbox_midpoint__object_depth,leave_one_out,weather__distance_range,light_rain,,far,60,130.0,14.719601443879744,99.44686184077275,32.239938623642104,30.79734669864986,0.2396975737072493,0.23675733388232378,36.32410567043302,-5.089726089646696,-30.55313815922722,-30.79734669864986,55.97287085307836,58.25602988282274,64.0953449620475,0.03333333333333333,0.1,0.2833333333333333,0.06666666666666667,0.9333333333333333
bbox_only__bbox_midpoint__object_depth,leave_one_out,weather__distance_range,light_rain,,mid,80,85.0,11.180339887498949,87.61251302585342,12.825408672176092,10.528185869224501,0.15507495260883397,0.1249760175534928,15.79960827669704,-0.9970209735765885,2.612513025853412,2.256712929992588,26.604383696593477,32.85360471462752,38.39507165382065,0.1875,0.475,0.8125,0.525,0.475
bbox_only__bbox_midpoint__object_depth,leave_one_out,weather__distance_range,light_rain,,near,100,40.0,14.142135623730951,68.27622170615253,29.824248522853686,28.934756477942365,0.9035448967283922,0.6856533882804328,34.44189152581572,-4.931219459380284,28.276221706152537,28.517537073837666,52.03080613721262,58.02214525292316,87.49184698165959,0.1,0.13,0.32,0.93,0.07
bbox_only__bbox_midpoint__object_depth,leave_one_out,time_of_day__distance_range,,10AM,far,60,130.0,14.719601443879744,91.66253528482686,38.67449009356623,36.691899496967196,0.2899530897676451,0.2857569587318032,42.589692808510385,-7.371762770107452,-38.33746471517315,-36.691899496967196,59.70430594641077,66.42287592858216,81.25753225276618,0.016666666666666666,0.05,0.16666666666666666,0.016666666666666666,0.9833333333333333
bbox_only__bbox_midpoint__object_depth,leave_one_out,time_of_day__distance_range,,10AM,mid,80,85.0,11.180339887498949,74.84364576890776,15.797680460574338,12.960675928849042,0.1856581529957443,0.1531658615864265,19.507032187077073,-2.0441944379812873,-10.156354231092239,-10.500526464035538,34.859656113808164,38.358012687824434,45.326875648805725,0.1625,0.3375,0.7125,0.2375,0.7625
bbox_only__bbox_midpoint__object_depth,leave_one_out,time_of_day__distance_range,,10AM,near,100,40.0,14.142135623730951,60.8988138257591,25.817772102088256,21.63168342369535,0.786548625284353,0.5523045804049369,32.09460089396209,-4.150317032713561,20.898813825759103,18.288332292796603,52.94018123116925,63.15982305749475,81.00189204858378,0.14,0.27,0.47,0.81,0.19
bbox_only__bbox_midpoint__object_depth,leave_one_out,time_of_day__distance_range,,8PM,far,60,130.0,14.719601443879744,96.69803191688203,34.651743169139735,31.6484151374126,0.25978181159021047,0.2535929190008034,38.03829710169902,-5.678055598755959,-33.30196808311794,-31.6484151374126,58.61793207838329,60.526306097442585,64.0953449620475,0.016666666666666666,0.06666666666666667,0.15,0.05,0.95
bbox_only__bbox_midpoint__object_depth,leave_one_out,time_of_day__distance_range,,8PM,mid,80,85.0,11.180339887498949,86.7961044532674,12.73542089895414,11.445154654679442,0.15337825878993347,0.12991846517740413,15.143565411071263,-0.8346205868751517,1.7961044532673989,2.256712929992588,22.87552637460609,24.657721014937863,38.39507165382065,0.175,0.4625,0.825,0.55,0.45
bbox_only__bbox_midpoint__object_depth,leave_one_out,time_of_day__distance_range,,8PM,near,100,40.0,14.142135623730951,68.76714319564049,29.576429298745524,28.945873181004565,0.9200083933894182,0.6957105244085234,34.802954046846914,-5.056228051934689,28.767143195640482,28.945873181004565,56.100856603802086,61.11958102148907,87.49184698165959,0.09,0.16,0.34,0.91,0.09
bbox_only__bbox_midpoint__object_depth_percentile_5_95,leave_one_out,weather,clear_sky,,,240,77.5,38.37859646556485,73.03812787379859,28.51265493491631,25.255754684012942,0.5534126473790708,0.2838857911382754,34.98596402860097,0.16898375399565901,-4.461872126201411,-6.726508202765402,55.69271406428009,66.64707394205443,93.96323467874952,0.08333333333333333,0.17916666666666667,0.3958333333333333,0.4166666666666667,0.5833333333333334
bbox_only__bbox_midpoint__object_depth_percentile_5_95,leave_one_out,weather,light_rain,,,240,77.5,38.37859646556485,81.96765692181543,25.130803617578795,23.415588128216363,0.5088188542476321,0.27708615315406626,30.658861016674653,0.36183371394188,4.467656921815431,9.553224691380024,48.99283481941445,59.715857321647896,83.3794169626454,0.1375,0.23333333333333334,0.42916666666666664,0.575,0.425
bbox_only__bbox_midpoint__object_depth_percentile_5_95,leave_one_out,time_of_day,,10AM,,240,77.5,38.37859646556485,70.85795169601177,28.275312664089288,27.36089964761222,0.5162990349715121,0.3333144623583579,34.633659709667945,0.1856359480271047,-6.642048303988228,-5.045239646544708,55.69271406428009,65.73055079592012,90.82514262502016,0.09583333333333334,0.19166666666666668,0.39166666666666666,0.42916666666666664,0.5708333333333333
bbox_only__bbox_midpoint__object_depth_percentile_5_95,leave_one_out,time_of_day,,8PM,,240,77.5,38.37859646556485,84.14783309960224,25.36814588840582,23.23202139151548,0.5459324666551908,0.2608165107126754,31.056288460877877,0.3451815199104341,6.647833099602248,9.553224691380024,49.14172130298219,59.93754232766182,93.96323467874952,0.125,0.22083333333333333,0.43333333333333335,0.5625,0.4375
bbox_only__bbox_midpoint__object_depth_percentile_5_95,leave_one_out,distance_range,,,far,120,130.0,14.719601443879744,92.53175904781789,37.46824095218209,36.678023606482796,0.28020760322611665,0.2633643107981927,44.08348178668299,-7.9693232297083565,-37.46824095218209,-36.678023606482796,65.84151536733535,82.95537575530992,90.82514262502016,0.1,0.125,0.25833333333333336,0.0,1.0
bbox_only__bbox_midpoint__object_depth_percentile_5_95,leave_one_out,distance_range,,,mid,160,85.0,11.180339887498949,79.13117594703544,18.26236694684042,18.39237218459205,0.2158002180958151,0.20874520464872953,21.27788777483622,-2.6219880652681966,-5.868824052964548,-10.522448771900045,31.78902256656055,40.635958966820056,44.04007204249167,0.125,0.21875,0.53125,0.36875,0.63125
bbox_only__bbox_midpoint__object_depth_percentile_5_95,leave_one_out,distance_range,,,near,200,40.0,14.142135623730951,67.18294556841772,27.281312134212534,29.62889815466005,0.9339130655397214,0.642693711321661,32.68897825003855,-4.342846495157469,27.18294556841772,29.62889815466005,48.103617902907125,64.20874833087713,93.96323467874952,0.105,0.245,0.41,0.895,0.105
bbox_only__bbox_midpoint__object_depth_percentile_5_95,leave_one_out,weather__distance_range,clear_sky,,far,60,130.0,14.719601443879744,86.20056144084054,43.79943855915945,39.9836917968529,0.33121139644300457,0.2843357649269094,49.25637263081477,-10.197801129595437,-43.79943855915945,-39.9836917968529,77.02715638206897,85.06540420167862,90.82514262502016,0.03333333333333333,0.03333333333333333,0.15,0.0,1.0
bbox_only__bbox_midpoint__object_depth_percentile_5_95,leave_one_out,weather__distance_range,clear_sky,,mid,80,85.0,11.180339887498949,71.14289761276099,19.21832695093995,18.615217802706994,0.22381985613616276,0.21175812317204673,21.959115235082912,-2.857621935261204,-13.857102387239005,-16.868443832237794,34.39455870372639,40.635958966820056,40.63595896682008,0.0625,0.1625,0.525,0.1625,0.8375
bbox_only__bbox_midpoint__object_depth_percentile_5_95,leave_one_out,weather__distance_range,clear_sky,,near,100,40.0,14.142135623730951,66.65685194240349,26.776047147551502,29.049291845472,0.9504076309350369,0.6229491521590624,33.10839907412948,-4.48083044625909,26.65685194240348,29.049291845472,49.155772444861086,64.31388225385842,93.96323467874952,0.13,0.28,0.44,0.87,0.13
bbox_only__bbox_midpoint__object_depth_percentile_5_95,leave_one_out,weather__distance_range,light_rain,,far,60,130.0,14.719601443879744,98.86295665479527,31.13704334520475,28.896124945615618,0.2292038100092288,0.23790941072960747,38.216704307513794,-5.740845329821276,-31.13704334520475,-28.896124945615618,60.38036133060163,66.84538616393075,83.3794169626454,0.16666666666666666,0.21666666666666667,0.36666666666666664,0.0,1.0
bbox_only__bbox_midpoint__object_depth_percentile_5_95,leave_one_out,weather__distance_range,light_rain,,mid,80,85.0,11.180339887498949,87.11945428130991,17.30640694274089,17.44336591282238,0.20778058005546743,0.19289153717214746,20.57411661309906,-2.3863541952751905,2.1194542813099075,2.799314893131921,30.668918846134165,36.318540283954654,44.04007204249167,0.1875,0.275,0.5375,0.575,0.425
bbox_only__bbox_midpoint__object_depth_percentile_5_95,leave_one_out,weather__distance_range,light_rain,,near,100,40.0,14.142135623730951,67.70903919443197,27.78657712087355,29.62889815466005,0.9174185001444056,0.7113321551825861,32.26410557897382,-4.204862544055847,27.70903919443195,29.62889815466005,46.06810882087644,59.93754232766189,69.18204314526974,0.08,0.21,0.38,0.92,0.08
bbox_only__bbox_midpoint__object_depth_percentile_5_95,leave_one_out,time_of_day__distance_range,,10AM,far,60,130.0,14.719601443879744,83.09489043068035,46.905109569319656,49.810911983564466,0.35382035423545005,0.34926283959298204,52.34833050389882,-11.647758645594266,-46.905109569319656,-49.810911983564466,82.80246900176236,85.06540420167862,90.82514262502016,0.03333333333333333,0.08333333333333333,0.13333333333333333,0.0,1.0
bbox_only__bbox_midpoint__object_depth_percentile_5_95,leave_one_out,time_of_day__distance_range,,10AM,mid,80,85.0,11.180339887498949,70.06279697902104,19.323947218202612,20.560285503540044,0.2221240502621729,0.23959606783652554,22.561972974554468,-3.0723409960362096,-14.937203020978952,-17.157031245102,36.724935336649025,40.635958966820056,40.63595896682008,0.125,0.1875,0.4875,0.175,0.825
bbox_only__bbox_midpoint__object_depth_percentile_5_95,leave_one_out,time_of_day__distance_range,,10AM,near,100,40.0,14.142135623730951,64.15191222880321,24.258526877660405,21.113421901916492,0.8491262311806205,0.5182269767234151,28.76341774186978,-3.1366710009665457,24.15191222880321,21.113421901916492,39.713116321076825,45.59217564224749,77.02032920512373,0.11,0.26,0.47,0.89,0.11
bbox_only__bbox_midpoint__object_depth_percentile_5_95,leave_one_out,time_of_day__distance_range,,8PM,far,60,130.0,14.719601443879744,101.96862766495548,28.03137233504454,25.40622015503221,0.2065948522167832,0.2091606034948557,33.85792412904544,-4.29088781382245,-28.03137233504454,-25.40622015503221,54.10882598502708,59.837771912128204,82.93305779702911,0.16666666666666666,0.16666666666666666,0.38333333333333336,0.0,1.0
bbox_only__bbox_midpoint__object_depth_percentile_5_95,leave_one_out,time_of_day__distance_range,,8PM,mid,80,85.0,11.180339887498949,88.19955491504986,17.200786675478227,16.868443832237794,0.20947638592945733,0.1940144245168023,19.9111624927457,-2.1716351345001845,3.1995549150498555,3.5238286311085076,30.598122235180092,34.05062520145779,44.04007204249167,0.125,0.25,0.575,0.5625,0.4375
bbox_only__bbox_midpoint__object_depth_percentile_5_95,leave_one_out,time_of_day__distance_range,,8PM,near,100,40.0,14.142135623730951,70.21397890803223,30.304097390764653,29.628898154660057,1.018699899898822,0.820160899331978,36.19121990026971,-5.5490219893483905,30.21397890803223,29.628898154660057,56.41347858326923,68.532745180462,93.96323467874952,0.1,0.23,0.35,0.9,0.1
bbox_only__bbox_midpoint__object_minus_ring,leave_one_out,weather,clear_sky,,,240,77.5,38.37859646556485,77.5,32.567849686847595,32.5678496868476,0.6621463077984818,0.35378052101297996,38.45871879639066,-0.0041797237634075834,-1.8947806286936005e-15,2.505219206680586,57.62004175365344,72.65135699373695,72.65135699373695,0.08333333333333333,0.16666666666666666,0.3333333333333333,0.5,0.5
bbox_only__bbox_midpoint__object_minus_ring,leave_one_out,weather,light_rain,,,240,77.5,38.37859646556485,77.5,32.567849686847595,32.5678496868476,0.6621463077984818,0.35378052101297996,38.45871879639066,-0.0041797237634075834,-1.8947806286936005e-15,2.505219206680586,57.62004175365344,72.65135699373695,72.65135699373695,0.08333333333333333,0.16666666666666666,0.3333333333333333,0.5,0.5
bbox_only__bbox_midpoint__object_minus_ring,leave_one_out,time_of_day,,10AM,,240,77.5,38.37859646556485,77.5,32.567849686847595,32.5678496868476,0.6621463077984818,0.35378052101297996,38.45871879639066,-0.0041797237634075834,-1.8947806286936005e-15,2.505219206680586,57.62004175365344,72.65135699373695,72.65135699373695,0.08333333333333333,0.16666666666666666,0.3333333333333333,0.5,0.5
bbox_only__bbox_midpoint__object_minus_ring,leave_one_out,time_of_day,,8PM,,240,77.5,38.37859646556485,77.5,32.567849686847595,32.5678496868476,0.6621463077984818,0.35378052101297996,38.45871879639066,-0.0041797237634075834,-1.8947806286936005e-15,2.505219206680586,57.62004175365344,72.65135699373695,72.65135699373695,0.08333333333333333,0.16666666666666666,0.3333333333333333,0.5,0.5
bbox_only__bbox_midpoint__object_minus_ring,leave_one_out,distance_range,,,far,120,130.0,14.719601443879744,77.39039665970773,52.60960334029228,47.59916492693111,0.397301140661402,0.38079331941544886,54.638289112168984,-12.778504478945989,-52.60960334029228,-47.59916492693111,72.65135699373695,72.65135699373695,72.65135699373695,0.0,0.0,0.0,0.0,1.0
bbox_only__bbox_midpoint__object_minus_ring,leave_one_out,distance_range,,,mid,160,85.0,11.180339887498949,77.48434237995825,11.27348643006263,10.020876826722336,0.12583258773237893,0.12327269112237793,13.491018305973705,-0.4560605994569411,-7.515657620041753,-7.51565762004175,22.546972860125265,22.546972860125265,22.546972860125265,0.25,0.5,0.75,0.25,0.75
bbox_only__bbox_midpoint__object_minus_ring,leave_one_out,distance_range,,,near,200,40.0,14.142135623730951,77.57828810020875,37.578288100208766,37.578288100208766,1.250104384133612,0.9394572025052191,40.161719102834404,-7.064818406474869,37.578288100208766,37.578288100208766,57.62004175365344,57.62004175365344,57.62004175365344,0.0,0.0,0.2,1.0,0.0
bbox_only__bbox_midpoint__object_minus_ring,leave_one_out,weather__distance_range,clear_sky,,far,60,130.0,14.719601443879744,77.39039665970772,52.60960334029228,47.59916492693111,0.3973011406614021,0.38079331941544886,54.63828911216899,-12.77850447894599,-52.60960334029228,-47.59916492693111,72.65135699373695,72.65135699373695,72.65135699373695,0.0,0.0,0.0,0.0,1.0
bbox_only__bbox_midpoint__object_minus_ring,leave_one_out,weather__distance_range,clear_sky,,mid,80,85.0,11.180339887498949,77.48434237995824,11.27348643006263,10.020876826722336,0.12583258773237893,0.12327269112237793,13.491018305973705,-0.45606059945694133,-7.515657620041753,-7.51565762004175,22.546972860125265,22.546972860125265,22.546972860125265,0.25,0.5,0.75,0.25,0.75
bbox_only__bbox_midpoint__object_minus_ring,leave_one_out,weather__distance_range,clear_sky,,near,100,40.0,14.142135623730951,77.57828810020875,37.578288100208766,37.578288100208766,1.2501043841336117,0.9394572025052191,40.1617191028344,-7.064818406474867,37.578288100208766,37.578288100208766,57.62004175365344,57.62004175365344,57.62004175365344,0.0,0.0,0.2,1.0,0.0
bbox_only__bbox_midpoint__object_minus_ring,leave_one_out,weather__distance_range,light_rain,,far,60,130.0,14.719601443879744,77.39039665970772,52.60960334029228,47.59916492693111,0.3973011406614021,0.38079331941544886,54.63828911216899,-12.77850447894599,-52.60960334029228,-47.59916492693111,72.65135699373695,72.65135699373695,72.65135699373695,0.0,0.0,0.0,0.0,1.0
bbox_only__bbox_midpoint__object_minus_ring,leave_one_out,weather__distance_range,light_rain,,mid,80,85.0,11.180339887498949,77.48434237995824,11.27348643006263,10.020876826722336,0.12583258773237893,0.12327269112237793,13.491018305973705,-0.45606059945694133,-7.515657620041753,-7.51565762004175,22.546972860125265,22.546972860125265,22.546972860125265,0.25,0.5,0.75,0.25,0.75
bbox_only__bbox_midpoint__object_minus_ring,leave_one_out,weather__distance_range,light_rain,,near,100,40.0,14.142135623730951,77.57828810020875,37.578288100208766,37.578288100208766,1.2501043841336117,0.9394572025052191,40.1617191028344,-7.064818406474867,37.578288100208766,37.578288100208766,57.62004175365344,57.62004175365344,57.62004175365344,0.0,0.0,0.2,1.0,0.0
bbox_only__bbox_midpoint__object_minus_ring,leave_one_out,time_of_day__distance_range,,10AM,far,60,130.0,14.719601443879744,77.39039665970772,52.60960334029228,47.59916492693111,0.3973011406614021,0.38079331941544886,54.63828911216899,-12.77850447894599,-52.60960334029228,-47.59916492693111,72.65135699373695,72.65135699373695,72.65135699373695,0.0,0.0,0.0,0.0,1.0
bbox_only__bbox_midpoint__object_minus_ring,leave_one_out,time_of_day__distance_range,,10AM,mid,80,85.0,11.180339887498949,77.48434237995824,11.27348643006263,10.020876826722336,0.12583258773237893,0.12327269112237793,13.491018305973705,-0.45606059945694133,-7.515657620041753,-7.51565762004175,22.546972860125265,22.546972860125265,22.546972860125265,0.25,0.5,0.75,0.25,0.75
bbox_only__bbox_midpoint__object_minus_ring,leave_one_out,time_of_day__distance_range,,10AM,near,100,40.0,14.142135623730951,77.57828810020875,37.578288100208766,37.578288100208766,1.2501043841336117,0.9394572025052191,40.1617191028344,-7.064818406474867,37.578288100208766,37.578288100208766,57.62004175365344,57.62004175365344,57.62004175365344,0.0,0.0,0.2,1.0,0.0
bbox_only__bbox_midpoint__object_minus_ring,leave_one_out,time_of_day__distance_range,,8PM,far,60,130.0,14.719601443879744,77.39039665970772,52.60960334029228,47.59916492693111,0.3973011406614021,0.38079331941544886,54.63828911216899,-12.77850447894599,-52.60960334029228,-47.59916492693111,72.65135699373695,72.65135699373695,72.65135699373695,0.0,0.0,0.0,0.0,1.0
bbox_only__bbox_midpoint__object_minus_ring,leave_one_out,time_of_day__distance_range,,8PM,mid,80,85.0,11.180339887498949,77.48434237995824,11.27348643006263,10.020876826722336,0.12583258773237893,0.12327269112237793,13.491018305973705,-0.45606059945694133,-7.515657620041753,-7.51565762004175,22.546972860125265,22.546972860125265,22.546972860125265,0.25,0.5,0.75,0.25,0.75
bbox_only__bbox_midpoint__object_minus_ring,leave_one_out,time_of_day__distance_range,,8PM,near,100,40.0,14.142135623730951,77.57828810020875,37.578288100208766,37.578288100208766,1.2501043841336117,0.9394572025052191,40.1617191028344,-7.064818406474867,37.578288100208766,37.578288100208766,57.62004175365344,57.62004175365344,57.62004175365344,0.0,0.0,0.2,1.0,0.0
bbox_only__bbox_midpoint__object_minus_ring_normalized,leave_one_out,weather,clear_sky,,,240,77.5,38.37859646556485,77.5,32.567849686847595,32.5678496868476,0.6621463077984818,0.35378052101297996,38.45871879639066,-0.0041797237634075834,-1.8947806286936005e-15,2.505219206680586,57.62004175365344,72.65135699373695,72.65135699373695,0.08333333333333333,0.16666666666666666,0.3333333333333333,0.5,0.5
bbox_only__bbox_midpoint__object_minus_ring_normalized,leave_one_out,weather,light_rain,,,240,77.5,38.37859646556485,77.5,32.567849686847595,32.5678496868476,0.6621463077984818,0.35378052101297996,38.45871879639066,-0.0041797237634075834,-1.8947806286936005e-15,2.505219206680586,57.62004175365344,72.65135699373695,72.65135699373695,0.08333333333333333,0.16666666666666666,0.3333333333333333,0.5,0.5
bbox_only__bbox_midpoint__object_minus_ring_normalized,leave_one_out,time_of_day,,10AM,,240,77.5,38.37859646556485,77.5,32.567849686847595,32.5678496868476,0.6621463077984818,0.35378052101297996,38.45871879639066,-0.0041797237634075834,-1.8947806286936005e-15,2.505219206680586,57.62004175365344,72.65135699373695,72.65135699373695,0.08333333333333333,0.16666666666666666,0.3333333333333333,0.5,0.5
bbox_only__bbox_midpoint__object_minus_ring_normalized,leave_one_out,time_of_day,,8PM,,240,77.5,38.37859646556485,77.5,32.567849686847595,32.5678496868476,0.6621463077984818,0.35378052101297996,38.45871879639066,-0.0041797237634075834,-1.8947806286936005e-15,2.505219206680586,57.62004175365344,72.65135699373695,72.65135699373695,0.08333333333333333,0.16666666666666666,0.3333333333333333,0.5,0.5
bbox_only__bbox_midpoint__object_minus_ring_normalized,leave_one_out,distance_range,,,far,120,130.0,14.719601443879744,77.39039665970773,52.60960334029228,47.59916492693111,0.397301140661402,0.38079331941544886,54.638289112168984,-12.778504478945989,-52.60960334029228,-47.59916492693111,72.65135699373695,72.65135699373695,72.65135699373695,0.0,0.0,0.0,0.0,1.0
bbox_only__bbox_midpoint__object_minus_ring_normalized,leave_one_out,distance_range,,,mid,160,85.0,11.180339887498949,77.48434237995825,11.27348643006263,10.020876826722336,0.12583258773237893,0.12327269112237793,13.491018305973705,-0.4560605994569411,-7.515657620041753,-7.51565762004175,22.546972860125265,22.546972860125265,22.546972860125265,0.25,0.5,0.75,0.25,0.75
bbox_only__bbox_midpoint__object_minus_ring_normalized,leave_one_out,distance_range,,,near,200,40.0,14.142135623730951,77.57828810020875,37.578288100208766,37.578288100208766,1.250104384133612,0.9394572025052191,40.161719102834404,-7.064818406474869,37.578288100208766,37.578288100208766,57.62004175365344,57.62004175365344,57.62004175365344,0.0,0.0,0.2,1.0,0.0
bbox_only__bbox_midpoint__object_minus_ring_normalized,leave_one_out,weather__distance_range,clear_sky,,far,60,130.0,14.719601443879744,77.39039665970772,52.60960334029228,47.59916492693111,0.3973011406614021,0.38079331941544886,54.63828911216899,-12.77850447894599,-52.60960334029228,-47.59916492693111,72.65135699373695,72.65135699373695,72.65135699373695,0.0,0.0,0.0,0.0,1.0
bbox_only__bbox_midpoint__object_minus_ring_normalized,leave_one_out,weather__distance_range,clear_sky,,mid,80,85.0,11.180339887498949,77.48434237995824,11.27348643006263,10.020876826722336,0.12583258773237893,0.12327269112237793,13.491018305973705,-0.45606059945694133,-7.515657620041753,-7.51565762004175,22.546972860125265,22.546972860125265,22.546972860125265,0.25,0.5,0.75,0.25,0.75
bbox_only__bbox_midpoint__object_minus_ring_normalized,leave_one_out,weather__distance_range,clear_sky,,near,100,40.0,14.142135623730951,77.57828810020875,37.578288100208766,37.578288100208766,1.2501043841336117,0.9394572025052191,40.1617191028344,-7.064818406474867,37.578288100208766,37.578288100208766,57.62004175365344,57.62004175365344,57.62004175365344,0.0,0.0,0.2,1.0,0.0
bbox_only__bbox_midpoint__object_minus_ring_normalized,leave_one_out,weather__distance_range,light_rain,,far,60,130.0,14.719601443879744,77.39039665970772,52.60960334029228,47.59916492693111,0.3973011406614021,0.38079331941544886,54.63828911216899,-12.77850447894599,-52.60960334029228,-47.59916492693111,72.65135699373695,72.65135699373695,72.65135699373695,0.0,0.0,0.0,0.0,1.0
bbox_only__bbox_midpoint__object_minus_ring_normalized,leave_one_out,weather__distance_range,light_rain,,mid,80,85.0,11.180339887498949,77.48434237995824,11.27348643006263,10.020876826722336,0.12583258773237893,0.12327269112237793,13.491018305973705,-0.45606059945694133,-7.515657620041753,-7.51565762004175,22.546972860125265,22.546972860125265,22.546972860125265,0.25,0.5,0.75,0.25,0.75
bbox_only__bbox_midpoint__object_minus_ring_normalized,leave_one_out,weather__distance_range,light_rain,,near,100,40.0,14.142135623730951,77.57828810020875,37.578288100208766,37.578288100208766,1.2501043841336117,0.9394572025052191,40.1617191028344,-7.064818406474867,37.578288100208766,37.578288100208766,57.62004175365344,57.62004175365344,57.62004175365344,0.0,0.0,0.2,1.0,0.0
bbox_only__bbox_midpoint__object_minus_ring_normalized,leave_one_out,time_of_day__distance_range,,10AM,far,60,130.0,14.719601443879744,77.39039665970772,52.60960334029228,47.59916492693111,0.3973011406614021,0.38079331941544886,54.63828911216899,-12.77850447894599,-52.60960334029228,-47.59916492693111,72.65135699373695,72.65135699373695,72.65135699373695,0.0,0.0,0.0,0.0,1.0
bbox_only__bbox_midpoint__object_minus_ring_normalized,leave_one_out,time_of_day__distance_range,,10AM,mid,80,85.0,11.180339887498949,77.48434237995824,11.27348643006263,10.020876826722336,0.12583258773237893,0.12327269112237793,13.491018305973705,-0.45606059945694133,-7.515657620041753,-7.51565762004175,22.546972860125265,22.546972860125265,22.546972860125265,0.25,0.5,0.75,0.25,0.75
bbox_only__bbox_midpoint__object_minus_ring_normalized,leave_one_out,time_of_day__distance_range,,10AM,near,100,40.0,14.142135623730951,77.57828810020875,37.578288100208766,37.578288100208766,1.2501043841336117,0.9394572025052191,40.1617191028344,-7.064818406474867,37.578288100208766,37.578288100208766,57.62004175365344,57.62004175365344,57.62004175365344,0.0,0.0,0.2,1.0,0.0
bbox_only__bbox_midpoint__object_minus_ring_normalized,leave_one_out,time_of_day__distance_range,,8PM,far,60,130.0,14.719601443879744,77.39039665970772,52.60960334029228,47.59916492693111,0.3973011406614021,0.38079331941544886,54.63828911216899,-12.77850447894599,-52.60960334029228,-47.59916492693111,72.65135699373695,72.65135699373695,72.65135699373695,0.0,0.0,0.0,0.0,1.0
bbox_only__bbox_midpoint__object_minus_ring_normalized,leave_one_out,time_of_day__distance_range,,8PM,mid,80,85.0,11.180339887498949,77.48434237995824,11.27348643006263,10.020876826722336,0.12583258773237893,0.12327269112237793,13.491018305973705,-0.45606059945694133,-7.515657620041753,-7.51565762004175,22.546972860125265,22.546972860125265,22.546972860125265,0.25,0.5,0.75,0.25,0.75
bbox_only__bbox_midpoint__object_minus_ring_normalized,leave_one_out,time_of_day__distance_range,,8PM,near,100,40.0,14.142135623730951,77.57828810020875,37.578288100208766,37.578288100208766,1.2501043841336117,0.9394572025052191,40.1617191028344,-7.064818406474867,37.578288100208766,37.578288100208766,57.62004175365344,57.62004175365344,57.62004175365344,0.0,0.0,0.2,1.0,0.0
bbox_only__inner50_median__object_depth,leave_one_out,weather,clear_sky,,,240,77.5,38.37859646556485,73.81048340552027,29.45910253752176,25.340781269933146,0.5544619975298442,0.3149415651345301,35.94207490182328,0.12294240571545667,-3.689516594479733,-4.149006811911498,58.83908230458169,68.61416897028603,93.25499053652501,0.0875,0.1875,0.4166666666666667,0.4708333333333333,0.5291666666666667
bbox_only__inner50_median__object_depth,leave_one_out,weather,light_rain,,,240,77.5,38.37859646556485,81.21187298205547,28.21159280757802,25.450611542731075,0.5943959275009658,0.3053420622081981,34.60229644620109,0.18711021034176156,3.711872982055479,5.976097710595411,56.33936974243129,65.75326841510362,89.9510045025892,0.1,0.225,0.42083333333333334,0.5708333333333333,0.42916666666666664
bbox_only__inner50_median__object_depth,leave_one_out,time_of_day,,10AM,,240,77.5,38.37859646556485,76.52392608860495,28.71051039415936,24.62296534644733,0.5766008476469134,0.3071183551671186,35.687233809244766,0.13533556529174362,-0.9760739113950365,-1.0814144710836828,59.7238979704693,68.61416897028603,93.25499053652501,0.1125,0.19583333333333333,0.4375,0.48333333333333334,0.5166666666666667
bbox_only__inner50_median__object_depth,leave_one_out,time_of_day,,8PM,,240,77.5,38.37859646556485,78.49843029897079,28.960184950940416,26.35248986198613,0.5722570773838965,0.3147691625987211,34.865068630985846,0.1747170507654746,0.9984302989707866,5.829392849952697,56.1422161494176,67.16225606156543,78.74354912879605,0.075,0.21666666666666667,0.4,0.5583333333333333,0.44166666666666665
bbox_only__inner50_median__object_depth,leave_one_out,distance_range,,,far,120,130.0,14.719601443879744,85.94221784011617,44.22876636148145,41.859677639173796,0.3323876349763722,0.3316416188267982,47.53705568583615,-9.429715368976709,-44.05778215988383,-41.859677639173796,68.36098645158741,73.37977227841283,87.23209380351109,0.025,0.041666666666666664,0.075,0.016666666666666666,0.9833333333333333
bbox_only__inner50_median__object_depth,leave_one_out,distance_range,,,mid,160,85.0,11.180339887498949,78.32481277509562,12.52059898210953,11.376689962916451,0.14355632517696534,0.1264604241668768,15.24722897074987,-0.8598239302917934,-6.675187224904374,-7.53686778013104,24.925066685264145,27.840228518424414,45.147140770387836,0.2,0.45625,0.80625,0.35625,0.64375
bbox_only__inner50_median__object_depth,leave_one_out,distance_range,,,near,200,40.0,14.142135623730951,71.80164674094469,32.651095411543245,30.732044912587106,1.0643518689095766,0.7056861449577965,38.01495245456339,-6.2256830506135765,31.80164674094469,30.732044912587106,57.91139309690224,69.54380948088675,93.25499053652501,0.05,0.105,0.315,0.955,0.045
bbox_only__inner50_median__object_depth,leave_one_out,weather__distance_range,clear_sky,,far,60,130.0,14.719601443879744,81.80734991082538,48.19265008917463,45.048640706415526,0.3641847425175537,0.3590072079534157,50.611056059980164,-10.822210748491331,-48.19265008917463,-45.048640706415526,68.77856024816538,73.77969067021215,87.23209380351109,0.0,0.0,0.03333333333333333,0.0,1.0
bbox_only__inner50_median__object_depth,leave_one_out,weather__distance_range,clear_sky,,mid,80,85.0,11.180339887498949,73.84307740234897,14.372184479507505,12.383969666876531,0.16210660114801195,0.14807517171199108,17.442986139039917,-1.4340621235739088,-11.156922597651036,-11.642927071509803,26.172160475709102,33.410372687136665,45.147140770387836,0.175,0.4,0.7125,0.25,0.75
bbox_only__inner50_median__object_depth,leave_one_out,weather__distance_range,clear_sky,,near,100,40.0,14.142135623730951,68.98628830487425,30.288508452941446,26.231132864924525,0.9825126676426844,0.6536112555681072,36.33324904456793,-5.6005249306729805,28.986288304874247,26.231132864924525,57.973334596925,65.42864836363536,93.25499053652501,0.07,0.13,0.41,0.93,0.07
bbox_only__inner50_median__object_depth,leave_one_out,weather__distance_range,light_rain,,far,60,130.0,14.719601443879744,90.07708576940698,40.26488263378827,39.54225759860014,0.30059052743519066,0.3097790579851378,44.25002068982702,-8.037219989462088,-39.92291423059303,-39.54225759860014,65.82631446677647,68.5521118236284,78.74354912879605,0.05,0.08333333333333333,0.11666666666666667,0.03333333333333333,0.9666666666666667
bbox_only__inner50_median__object_depth,leave_one_out,weather__distance_range,light_rain,,mid,80,85.0,11.180339887498949,82.80654814784228,10.669013484711552,9.870017297358146,0.12500604920591876,0.11144788322917473,12.676680051425517,-0.28558573700967727,-2.193451852157714,-1.5955485632189763,19.5689283546775,23.466210415547252,29.320961145684095,0.225,0.5125,0.9,0.4625,0.5375
bbox_only__inner50_median__object_depth,leave_one_out,weather__distance_range,light_rain,,near,100,40.0,14.142135623730951,74.61700517701513,35.013682370145034,34.23173375937796,1.1461910701764686,0.851338492312235,39.62534837841598,-6.85084117055417,34.61700517701514,34.23173375937796,56.33936974243132,72.18638998226636,89.9510045025892,0.03,0.08,0.22,0.98,0.02
bbox_only__inner50_median__object_depth,leave_one_out,time_of_day__distance_range,,10AM,far,60,130.0,14.719601443879744,86.49145333839573,43.508546661604264,40.65675354468234,0.32610982645074904,0.32154011011195405,46.84531145567702,-9.128384024827927,-43.508546661604264,-40.65675354468234,68.18068726677865,68.87974862215961,87.23209380351109,0.016666666666666666,0.03333333333333333,0.08333333333333333,0.0,1.0
bbox_only__inner50_median__object_depth,leave_one_out,time_of_day__distance_range,,10AM,mid,80,85.0,11.180339887498949,76.31945857934701,13.347110770003013,12.226468858516277,0.15265273116718653,0.1410857783870818,16.474118689587918,-1.1711726927890393,-8.680541420652975,-10.758312902647305,25.495289728281886,33.410372687136665,45.147140770387836,0.2,0.3875,0.7875,0.3,0.7
bbox_only__inner50_median__object_depth,leave_one_out,time_of_day__distance_range,,10AM,near,100,40.0,14.142135623730951,70.70698374613684,32.12240833301749,28.510054036767073,1.0660539535483937,0.6185253970656823,39.02283413832409,-6.613907920935762,30.70698374613685,28.510054036767073,61.19966875411217,76.27936241470198,93.25499053652501,0.1,0.14,0.37,0.92,0.08
bbox_only__inner50_median__object_depth,leave_one_out,time_of_day__distance_range,,8PM,far,60,130.0,14.719601443879744,85.39298234183664,44.94898606135862,43.65421619207287,0.33866544350199523,0.3402671902020529,48.21887722850036,-9.731046713125494,-44.607017658163386,-43.65421619207287,68.59389007556567,73.7696176481389,78.74354912879605,0.03333333333333333,0.05,0.06666666666666667,0.03333333333333333,0.9666666666666667
bbox_only__inner50_median__object_depth,leave_one_out,time_of_day__distance_range,,8PM,mid,80,85.0,11.180339887498949,80.33016697084422,11.694087194216042,9.662765454979898,0.13445991918674413,0.11457970360901851,13.912562523644533,-0.5484751677945467,-4.669833029155773,-5.360438294650891,21.95491280050725,25.999122006885724,30.626242727599532,0.2,0.525,0.825,0.4125,0.5875
bbox_only__inner50_median__object_depth,leave_one_out,time_of_day__distance_range,,8PM,near,100,40.0,14.142135623730951,72.89630973575254,33.179782490068995,34.151565217492355,1.062649784270759,0.8567867723547917,36.979611085816984,-5.8374581802913905,32.89630973575253,34.151565217492355,54.22586724833378,59.00195523284906,77.34302129643817,0.0,0.07,0.26,0.99,0.01
bbox_only__inner50_median__object_depth_percentile_5_95,leave_one_out,weather,clear_sky,,,240,77.5,38.37859646556485,72.88912165367695,28.59518895327961,25.264547910978294,0.5547739183478284,0.30333793880011806,35.671851613090745,0.13608079377219917,-4.610878346323068,-3.429067437542674,60.761565512831496,69.04289453364451,100.97363089146334,0.11666666666666667,0.24166666666666667,0.3875,0.4583333333333333,0.5416666666666666
bbox_only__inner50_median__object_depth_percentile_5_95,leave_one_out,weather,light_rain,,,240,77.5,38.37859646556485,82.10227588651726,26.074422629182507,22.588682741151054,0.5482343554180983,0.2801932859259392,32.01192338878481,0.30426258169204323,4.602275886517276,6.079085744382198,52.25741147158226,59.5718407768154,74.86710135946242,0.10416666666666667,0.25416666666666665,0.45,0.5875,0.4125
bbox_only__inner50_median__object_depth_percentile_5_95,leave_one_out,time_of_day,,10AM,,240,77.5,38.37859646556485,71.56963275002487,28.614925775256356,24.34392386188909,0.5493142105051212,0.31283685361460967,36.07241756855273,0.11656963446221347,-5.930367249975112,-3.9095067702125874,60.80564050098599,70.21373031224361,100.97363089146334,0.12916666666666668,0.2791666666666667,0.4041666666666667,0.4375,0.5625
bbox_only__inner50_median__object_depth_percentile_5_95,leave_one_out,time_of_day,,8PM,,240,77.5,38.37859646556485,83.42176479016932,26.054685807205765,22.957007065204856,0.5536940632608054,0.27918245348336257,31.5598625997605,0.32377374100202894,5.9217647901693224,7.267488114256327,50.972878813450365,58.85747565246353,87.34766721694481,0.09166666666666666,0.21666666666666667,0.43333333333333335,0.6083333333333333,0.39166666666666666
bbox_only__inner50_median__object_depth_percentile_5_95,leave_one_out,distance_range,,,far,120,130.0,14.719601443879744,89.66673381230876,40.33326618769125,40.84565202898348,0.3027199615449129,0.30131232056230783,45.39387963033156,-8.510481421044757,-40.33326618769125,-40.84565202898348,68.7324265056034,73.38039536374336,100.97363089146334,0.0,0.05,0.19166666666666668,0.0,1.0
bbox_only__inner50_median__object_depth_percentile_5_95,leave_one_out,distance_range,,,mid,160,85.0,11.180339887498949,79.58916554910245,15.546914695439096,12.944052439400714,0.1833639030750262,0.15921195282411432,19.1071988225175,-1.9206803747457135,-5.410834450897552,-5.856813682652842,32.817223761735846,37.108535280462796,51.83471538996214,0.16875,0.4,0.66875,0.3875,0.6125
bbox_only__inner50_median__object_depth_percentile_5_95,leave_one_out,distance_range,,,near,200,40.0,14.142135623730951,68.51830432156584,28.966042429988512,28.287809165230332,0.9952868291321434,0.7262145671995607,35.04657560527936,-5.14131230828281,28.518304321565843,28.287809165230332,55.841090904642165,66.85603328602653,87.34766721694481,0.13,0.245,0.355,0.945,0.055
bbox_only__inner50_median__object_depth_percentile_5_95,leave_one_out,weather__distance_range,clear_sky,,far,60,130.0,14.719601443879744,84.13975661441373,45.86024338558629,43.22244868970693,0.34677165315666864,0.3214969135091665,50.52777897220443,-10.783337451679742,-45.86024338558629,-43.22244868970693,73.39803046929966,83.84507273995402,100.97363089146334,0.0,0.03333333333333333,0.08333333333333333,0.0,1.0
bbox_only__inner50_median__object_depth_percentile_5_95,leave_one_out,weather__distance_range,clear_sky,,mid,80,85.0,11.180339887498949,72.35884122622247,17.25464019268871,13.020809703743339,0.19937786397320445,0.16445624516624233,21.24039317333688,-2.6092344172634876,-12.641158773777523,-12.002348380944753,37.00307063596341,38.41307940836232,51.83471538996214,0.15,0.3625,0.6,0.225,0.775
bbox_only__inner50_median__object_depth_percentile_5_95,leave_one_out,weather__distance_range,clear_sky,,near,100,40.0,14.142135623730951,66.56296501919843,27.308595302368325,25.309583953029637,0.9638921209622233,0.6574683108000448,34.07634199221742,-4.805985417852803,26.562965019198426,25.309583953029637,56.049888164244244,66.85603328602653,87.34766721694481,0.16,0.27,0.4,0.92,0.08
bbox_only__inner50_median__object_depth_percentile_5_95,leave_one_out,weather__distance_range,light_rain,,far,60,130.0,14.719601443879744,95.19371101020378,34.80628898979622,34.7944817729158,0.2586682699331571,0.27353585838635364,39.59990111000427,-6.237625390409771,-34.80628898979622,-34.7944817729158,59.61710422507772,67.98221082239513,71.96571221113611,0.0,0.06666666666666667,0.3,0.0,1.0
bbox_only__inner50_median__object_depth_percentile_5_95,leave_one_out,weather__distance_range,light_rain,,mid,80,85.0,11.180339887498949,86.81948987198243,13.839189198189478,12.694318047152777,0.167349942176848,0.15367142464799066,16.703765788842123,-1.2321263322279394,1.8194898719824202,3.2369849557733303,26.34587448425869,31.928910921037033,38.53616562698994,0.1875,0.4375,0.7375,0.55,0.45
bbox_only__inner50_median__object_depth_percentile_5_95,leave_one_out,weather__distance_range,light_rain,,near,100,40.0,14.142135623730951,70.47364362393324,30.623489557608703,32.6815789981901,1.0266815373020635,0.7990952650574852,35.99066323010126,-5.4766391987128165,30.473643623933253,32.6815789981901,55.84109090464218,60.03785179174575,74.86710135946242,0.1,0.22,0.31,0.97,0.03
bbox_only__inner50_median__object_depth_percentile_5_95,leave_one_out,time_of_day__distance_range,,10AM,far,60,130.0,14.719601443879744,82.385089949508,47.61491005049199,46.97078957819826,0.3598214466274206,0.3587779430627984,52.1874665649255,-11.570146152916386,-47.61491005049199,-46.97078957819826,73.39803046929966,83.84507273995402,100.97363089146334,0.0,0.05,0.11666666666666667,0.0,1.0
bbox_only__inner50_median__object_depth_percentile_5_95,leave_one_out,time_of_day__distance_range,,10AM,mid,80,85.0,11.180339887498949,70.96325659449451,17.657031479746628,14.816847370906501,0.20150343711738672,0.17227110924755457,21.536314713445837,-2.710502811492669,-14.03674340550549,-12.730897039048706,37.11149760562794,38.549558640648655,51.83471538996214,0.1625,0.375,0.575,0.1625,0.8375
bbox_only__inner50_median__object_depth_percentile_5_95,leave_one_out,time_of_day__distance_range,,10AM,near,100,40.0,14.142135623730951,65.5654593547593,25.98125064652275,22.797070932433684,0.9412584875419292,0.5598578219187229,33.43287395883995,-4.588785305738392,25.565459354759323,22.797070932433684,59.66376504847659,68.94705094113286,80.12373753806703,0.18,0.34,0.44,0.92,0.08
bbox_only__inner50_median__object_depth_percentile_5_95,leave_one_out,time_of_day__distance_range,,8PM,far,60,130.0,14.719601443879744,96.9483776751095,33.05162232489051,30.85932455605075,0.24561847646240514,0.24687459644840604,37.385517908955656,-5.450816689173127,-33.05162232489051,-30.85932455605075,60.724829805499276,67.19469289270974,71.96571221113611,0.0,0.05,0.26666666666666666,0.0,1.0
bbox_only__inner50_median__object_depth_percentile_5_95,leave_one_out,time_of_day__distance_range,,8PM,mid,80,85.0,11.180339887498949,88.21507450371038,13.436797911131567,12.089798907935872,0.16522436903266566,0.1459706758731414,16.320454719456954,-1.1308579379987584,3.2150745037103876,4.062354693546872,27.364263690460124,31.99873683950379,37.05432179563056,0.175,0.425,0.7625,0.6125,0.3875
bbox_only__inner50_median__object_depth_percentile_5_95,leave_one_out,time_of_day__distance_range,,8PM,near,100,40.0,14.142135623730951,71.47114928837236,31.950834213454282,33.2076769610068,1.0493151707223576,0.825770099792644,36.589176844600445,-5.693839310827227,31.47114928837237,33.2076769610068,55.24149529107594,58.85747565246354,87.34766721694481,0.08,0.15,0.27,0.97,0.03
bbox_only__inner50_median__object_minus_ring,leave_one_out,weather,clear_sky,,,240,77.5,38.37859646556485,77.5,32.567849686847595,32.5678496868476,0.6621463077984818,0.35378052101297996,38.45871879639066,-0.0041797237634075834,-1.8947806286936005e-15,2.505219206680586,57.62004175365344,72.65135699373695,72.65135699373695,0.08333333333333333,0.16666666666666666,0.3333333333333333,0.5,0.5
bbox_only__inner50_median__object_minus_ring,leave_one_out,weather,light_rain,,,240,77.5,38.37859646556485,77.5,32.567849686847595,32.5678496868476,0.6621463077984818,0.35378052101297996,38.45871879639066,-0.0041797237634075834,-1.8947806286936005e-15,2.505219206680586,57.62004175365344,72.65135699373695,72.65135699373695,0.08333333333333333,0.16666666666666666,0.3333333333333333,0.5,0.5
bbox_only__inner50_median__object_minus_ring,leave_one_out,time_of_day,,10AM,,240,77.5,38.37859646556485,77.5,32.567849686847595,32.5678496868476,0.6621463077984818,0.35378052101297996,38.45871879639066,-0.0041797237634075834,-1.8947806286936005e-15,2.505219206680586,57.62004175365344,72.65135699373695,72.65135699373695,0.08333333333333333,0.16666666666666666,0.3333333333333333,0.5,0.5
bbox_only__inner50_median__object_minus_ring,leave_one_out,time_of_day,,8PM,,240,77.5,38.37859646556485,77.5,32.567849686847595,32.5678496868476,0.6621463077984818,0.35378052101297996,38.45871879639066,-0.0041797237634075834,-1.8947806286936005e-15,2.505219206680586,57.62004175365344,72.65135699373695,72.65135699373695,0.08333333333333333,0.16666666666666666,0.3333333333333333,0.5,0.5
bbox_only__inner50_median__object_minus_ring,leave_one_out,distance_range,,,far,120,130.0,14.719601443879744,77.39039665970773,52.60960334029228,47.59916492693111,0.397301140661402,0.38079331941544886,54.638289112168984,-12.778504478945989,-52.60960334029228,-47.59916492693111,72.65135699373695,72.65135699373695,72.65135699373695,0.0,0.0,0.0,0.0,1.0
bbox_only__inner50_median__object_minus_ring,leave_one_out,distance_range,,,mid,160,85.0,11.180339887498949,77.48434237995825,11.27348643006263,10.020876826722336,0.12583258773237893,0.12327269112237793,13.491018305973705,-0.4560605994569411,-7.515657620041753,-7.51565762004175,22.546972860125265,22.546972860125265,22.546972860125265,0.25,0.5,0.75,0.25,0.75
bbox_only__inner50_median__object_minus_ring,leave_one_out,distance_range,,,near,200,40.0,14.142135623730951,77.57828810020875,37.578288100208766,37.578288100208766,1.250104384133612,0.9394572025052191,40.161719102834404,-7.064818406474869,37.578288100208766,37.578288100208766,57.62004175365344,57.62004175365344,57.62004175365344,0.0,0.0,0.2,1.0,0.0
bbox_only__inner50_median__object_minus_ring,leave_one_out,weather__distance_range,clear_sky,,far,60,130.0,14.719601443879744,77.39039665970772,52.60960334029228,47.59916492693111,0.3973011406614021,0.38079331941544886,54.63828911216899,-12.77850447894599,-52.60960334029228,-47.59916492693111,72.65135699373695,72.65135699373695,72.65135699373695,0.0,0.0,0.0,0.0,1.0
bbox_only__inner50_median__object_minus_ring,leave_one_out,weather__distance_range,clear_sky,,mid,80,85.0,11.180339887498949,77.48434237995824,11.27348643006263,10.020876826722336,0.12583258773237893,0.12327269112237793,13.491018305973705,-0.45606059945694133,-7.515657620041753,-7.51565762004175,22.546972860125265,22.546972860125265,22.546972860125265,0.25,0.5,0.75,0.25,0.75
bbox_only__inner50_median__object_minus_ring,leave_one_out,weather__distance_range,clear_sky,,near,100,40.0,14.142135623730951,77.57828810020875,37.578288100208766,37.578288100208766,1.2501043841336117,0.9394572025052191,40.1617191028344,-7.064818406474867,37.578288100208766,37.578288100208766,57.62004175365344,57.62004175365344,57.62004175365344,0.0,0.0,0.2,1.0,0.0
bbox_only__inner50_median__object_minus_ring,leave_one_out,weather__distance_range,light_rain,,far,60,130.0,14.719601443879744,77.39039665970772,52.60960334029228,47.59916492693111,0.3973011406614021,0.38079331941544886,54.63828911216899,-12.77850447894599,-52.60960334029228,-47.59916492693111,72.65135699373695,72.65135699373695,72.65135699373695,0.0,0.0,0.0,0.0,1.0
bbox_only__inner50_median__object_minus_ring,leave_one_out,weather__distance_range,light_rain,,mid,80,85.0,11.180339887498949,77.48434237995824,11.27348643006263,10.020876826722336,0.12583258773237893,0.12327269112237793,13.491018305973705,-0.45606059945694133,-7.515657620041753,-7.51565762004175,22.546972860125265,22.546972860125265,22.546972860125265,0.25,0.5,0.75,0.25,0.75
bbox_only__inner50_median__object_minus_ring,leave_one_out,weather__distance_range,light_rain,,near,100,40.0,14.142135623730951,77.57828810020875,37.578288100208766,37.578288100208766,1.2501043841336117,0.9394572025052191,40.1617191028344,-7.064818406474867,37.578288100208766,37.578288100208766,57.62004175365344,57.62004175365344,57.62004175365344,0.0,0.0,0.2,1.0,0.0
bbox_only__inner50_median__object_minus_ring,leave_one_out,time_of_day__distance_range,,10AM,far,60,130.0,14.719601443879744,77.39039665970772,52.60960334029228,47.59916492693111,0.3973011406614021,0.38079331941544886,54.63828911216899,-12.77850447894599,-52.60960334029228,-47.59916492693111,72.65135699373695,72.65135699373695,72.65135699373695,0.0,0.0,0.0,0.0,1.0
bbox_only__inner50_median__object_minus_ring,leave_one_out,time_of_day__distance_range,,10AM,mid,80,85.0,11.180339887498949,77.48434237995824,11.27348643006263,10.020876826722336,0.12583258773237893,0.12327269112237793,13.491018305973705,-0.45606059945694133,-7.515657620041753,-7.51565762004175,22.546972860125265,22.546972860125265,22.546972860125265,0.25,0.5,0.75,0.25,0.75
bbox_only__inner50_median__object_minus_ring,leave_one_out,time_of_day__distance_range,,10AM,near,100,40.0,14.142135623730951,77.57828810020875,37.578288100208766,37.578288100208766,1.2501043841336117,0.9394572025052191,40.1617191028344,-7.064818406474867,37.578288100208766,37.578288100208766,57.62004175365344,57.62004175365344,57.62004175365344,0.0,0.0,0.2,1.0,0.0
bbox_only__inner50_median__object_minus_ring,leave_one_out,time_of_day__distance_range,,8PM,far,60,130.0,14.719601443879744,77.39039665970772,52.60960334029228,47.59916492693111,0.3973011406614021,0.38079331941544886,54.63828911216899,-12.77850447894599,-52.60960334029228,-47.59916492693111,72.65135699373695,72.65135699373695,72.65135699373695,0.0,0.0,0.0,0.0,1.0
bbox_only__inner50_median__object_minus_ring,leave_one_out,time_of_day__distance_range,,8PM,mid,80,85.0,11.180339887498949,77.48434237995824,11.27348643006263,10.020876826722336,0.12583258773237893,0.12327269112237793,13.491018305973705,-0.45606059945694133,-7.515657620041753,-7.51565762004175,22.546972860125265,22.546972860125265,22.546972860125265,0.25,0.5,0.75,0.25,0.75
bbox_only__inner50_median__object_minus_ring,leave_one_out,time_of_day__distance_range,,8PM,near,100,40.0,14.142135623730951,77.57828810020875,37.578288100208766,37.578288100208766,1.2501043841336117,0.9394572025052191,40.1617191028344,-7.064818406474867,37.578288100208766,37.578288100208766,57.62004175365344,57.62004175365344,57.62004175365344,0.0,0.0,0.2,1.0,0.0
bbox_only__inner50_median__object_minus_ring_normalized,leave_one_out,weather,clear_sky,,,240,77.5,38.37859646556485,77.5,32.567849686847595,32.5678496868476,0.6621463077984818,0.35378052101297996,38.45871879639066,-0.0041797237634075834,-1.8947806286936005e-15,2.505219206680586,57.62004175365344,72.65135699373695,72.65135699373695,0.08333333333333333,0.16666666666666666,0.3333333333333333,0.5,0.5
bbox_only__inner50_median__object_minus_ring_normalized,leave_one_out,weather,light_rain,,,240,77.5,38.37859646556485,77.5,32.567849686847595,32.5678496868476,0.6621463077984818,0.35378052101297996,38.45871879639066,-0.0041797237634075834,-1.8947806286936005e-15,2.505219206680586,57.62004175365344,72.65135699373695,72.65135699373695,0.08333333333333333,0.16666666666666666,0.3333333333333333,0.5,0.5
bbox_only__inner50_median__object_minus_ring_normalized,leave_one_out,time_of_day,,10AM,,240,77.5,38.37859646556485,77.5,32.567849686847595,32.5678496868476,0.6621463077984818,0.35378052101297996,38.45871879639066,-0.0041797237634075834,-1.8947806286936005e-15,2.505219206680586,57.62004175365344,72.65135699373695,72.65135699373695,0.08333333333333333,0.16666666666666666,0.3333333333333333,0.5,0.5
bbox_only__inner50_median__object_minus_ring_normalized,leave_one_out,time_of_day,,8PM,,240,77.5,38.37859646556485,77.5,32.567849686847595,32.5678496868476,0.6621463077984818,0.35378052101297996,38.45871879639066,-0.0041797237634075834,-1.8947806286936005e-15,2.505219206680586,57.62004175365344,72.65135699373695,72.65135699373695,0.08333333333333333,0.16666666666666666,0.3333333333333333,0.5,0.5
bbox_only__inner50_median__object_minus_ring_normalized,leave_one_out,distance_range,,,far,120,130.0,14.719601443879744,77.39039665970773,52.60960334029228,47.59916492693111,0.397301140661402,0.38079331941544886,54.638289112168984,-12.778504478945989,-52.60960334029228,-47.59916492693111,72.65135699373695,72.65135699373695,72.65135699373695,0.0,0.0,0.0,0.0,1.0
bbox_only__inner50_median__object_minus_ring_normalized,leave_one_out,distance_range,,,mid,160,85.0,11.180339887498949,77.48434237995825,11.27348643006263,10.020876826722336,0.12583258773237893,0.12327269112237793,13.491018305973705,-0.4560605994569411,-7.515657620041753,-7.51565762004175,22.546972860125265,22.546972860125265,22.546972860125265,0.25,0.5,0.75,0.25,0.75
bbox_only__inner50_median__object_minus_ring_normalized,leave_one_out,distance_range,,,near,200,40.0,14.142135623730951,77.57828810020875,37.578288100208766,37.578288100208766,1.250104384133612,0.9394572025052191,40.161719102834404,-7.064818406474869,37.578288100208766,37.578288100208766,57.62004175365344,57.62004175365344,57.62004175365344,0.0,0.0,0.2,1.0,0.0
bbox_only__inner50_median__object_minus_ring_normalized,leave_one_out,weather__distance_range,clear_sky,,far,60,130.0,14.719601443879744,77.39039665970772,52.60960334029228,47.59916492693111,0.3973011406614021,0.38079331941544886,54.63828911216899,-12.77850447894599,-52.60960334029228,-47.59916492693111,72.65135699373695,72.65135699373695,72.65135699373695,0.0,0.0,0.0,0.0,1.0
bbox_only__inner50_median__object_minus_ring_normalized,leave_one_out,weather__distance_range,clear_sky,,mid,80,85.0,11.180339887498949,77.48434237995824,11.27348643006263,10.020876826722336,0.12583258773237893,0.12327269112237793,13.491018305973705,-0.45606059945694133,-7.515657620041753,-7.51565762004175,22.546972860125265,22.546972860125265,22.546972860125265,0.25,0.5,0.75,0.25,0.75
bbox_only__inner50_median__object_minus_ring_normalized,leave_one_out,weather__distance_range,clear_sky,,near,100,40.0,14.142135623730951,77.57828810020875,37.578288100208766,37.578288100208766,1.2501043841336117,0.9394572025052191,40.1617191028344,-7.064818406474867,37.578288100208766,37.578288100208766,57.62004175365344,57.62004175365344,57.62004175365344,0.0,0.0,0.2,1.0,0.0
bbox_only__inner50_median__object_minus_ring_normalized,leave_one_out,weather__distance_range,light_rain,,far,60,130.0,14.719601443879744,77.39039665970772,52.60960334029228,47.59916492693111,0.3973011406614021,0.38079331941544886,54.63828911216899,-12.77850447894599,-52.60960334029228,-47.59916492693111,72.65135699373695,72.65135699373695,72.65135699373695,0.0,0.0,0.0,0.0,1.0
bbox_only__inner50_median__object_minus_ring_normalized,leave_one_out,weather__distance_range,light_rain,,mid,80,85.0,11.180339887498949,77.48434237995824,11.27348643006263,10.020876826722336,0.12583258773237893,0.12327269112237793,13.491018305973705,-0.45606059945694133,-7.515657620041753,-7.51565762004175,22.546972860125265,22.546972860125265,22.546972860125265,0.25,0.5,0.75,0.25,0.75
bbox_only__inner50_median__object_minus_ring_normalized,leave_one_out,weather__distance_range,light_rain,,near,100,40.0,14.142135623730951,77.57828810020875,37.578288100208766,37.578288100208766,1.2501043841336117,0.9394572025052191,40.1617191028344,-7.064818406474867,37.578288100208766,37.578288100208766,57.62004175365344,57.62004175365344,57.62004175365344,0.0,0.0,0.2,1.0,0.0
bbox_only__inner50_median__object_minus_ring_normalized,leave_one_out,time_of_day__distance_range,,10AM,far,60,130.0,14.719601443879744,77.39039665970772,52.60960334029228,47.59916492693111,0.3973011406614021,0.38079331941544886,54.63828911216899,-12.77850447894599,-52.60960334029228,-47.59916492693111,72.65135699373695,72.65135699373695,72.65135699373695,0.0,0.0,0.0,0.0,1.0
bbox_only__inner50_median__object_minus_ring_normalized,leave_one_out,time_of_day__distance_range,,10AM,mid,80,85.0,11.180339887498949,77.48434237995824,11.27348643006263,10.020876826722336,0.12583258773237893,0.12327269112237793,13.491018305973705,-0.45606059945694133,-7.515657620041753,-7.51565762004175,22.546972860125265,22.546972860125265,22.546972860125265,0.25,0.5,0.75,0.25,0.75
bbox_only__inner50_median__object_minus_ring_normalized,leave_one_out,time_of_day__distance_range,,10AM,near,100,40.0,14.142135623730951,77.57828810020875,37.578288100208766,37.578288100208766,1.2501043841336117,0.9394572025052191,40.1617191028344,-7.064818406474867,37.578288100208766,37.578288100208766,57.62004175365344,57.62004175365344,57.62004175365344,0.0,0.0,0.2,1.0,0.0
bbox_only__inner50_median__object_minus_ring_normalized,leave_one_out,time_of_day__distance_range,,8PM,far,60,130.0,14.719601443879744,77.39039665970772,52.60960334029228,47.59916492693111,0.3973011406614021,0.38079331941544886,54.63828911216899,-12.77850447894599,-52.60960334029228,-47.59916492693111,72.65135699373695,72.65135699373695,72.65135699373695,0.0,0.0,0.0,0.0,1.0
bbox_only__inner50_median__object_minus_ring_normalized,leave_one_out,time_of_day__distance_range,,8PM,mid,80,85.0,11.180339887498949,77.48434237995824,11.27348643006263,10.020876826722336,0.12583258773237893,0.12327269112237793,13.491018305973705,-0.45606059945694133,-7.515657620041753,-7.51565762004175,22.546972860125265,22.546972860125265,22.546972860125265,0.25,0.5,0.75,0.25,0.75
bbox_only__inner50_median__object_minus_ring_normalized,leave_one_out,time_of_day__distance_range,,8PM,near,100,40.0,14.142135623730951,77.57828810020875,37.578288100208766,37.578288100208766,1.2501043841336117,0.9394572025052191,40.1617191028344,-7.064818406474867,37.578288100208766,37.578288100208766,57.62004175365344,57.62004175365344,57.62004175365344,0.0,0.0,0.2,1.0,0.0
full_image__bbox_mean__object_depth,leave_one_out,weather,clear_sky,,,240,77.5,38.37859646556485,77.36661753823837,32.84808921686527,31.02631503221781,0.6639109201445599,0.3563270665487467,38.55634156039695,-0.009284169406728271,-0.13338246176161875,1.7793231713436128,59.54099047545421,71.81502767282733,76.70290504373463,0.0875,0.14583333333333334,0.3375,0.5166666666666667,0.48333333333333334
full_image__bbox_mean__object_depth,leave_one_out,weather,light_rain,,,240,77.5,38.37859646556485,77.63931089939436,32.49945650437305,32.06109215154773,0.6616435745153948,0.3573436027003949,38.39133605858285,-0.0006640006990963343,0.1393108993943618,2.6774433002487044,59.29218114314297,71.29465615440795,77.12398504661735,0.08333333333333333,0.16666666666666666,0.32916666666666666,0.5125,0.4875
full_image__bbox_mean__object_depth,leave_one_out,time_of_day,,10AM,,240,77.5,38.37859646556485,77.5148148952788,32.665753697310656,31.02631503221781,0.6608383995039863,0.35623954325551377,38.51227958414196,-0.006978678653771109,0.01481489527881384,1.7793231713436128,58.52998550441946,71.79002175057477,77.12398504661735,0.09583333333333334,0.15833333333333333,0.3375,0.5166666666666667,0.48333333333333334
full_image__bbox_mean__object_depth,leave_one_out,time_of_day,,8PM,,240,77.5,38.37859646556485,77.49111354235393,32.68179202392766,32.37252423056961,0.6647160951559684,0.3573436027003949,38.435536683099926,-0.0029694914520532745,-0.008886457646065082,2.5189549053118085,60.17062487171996,71.48105978702677,75.40436921171727,0.075,0.15416666666666667,0.32916666666666666,0.5125,0.4875
full_image__bbox_mean__object_depth,leave_one_out,distance_range,,,far,120,130.0,14.719601443879744,77.56300227964181,52.436997720358185,47.292765571824035,0.3959446092825602,0.37834212457459226,54.51104071084477,-12.714401043289426,-52.436997720358185,-47.292765571824035,73.43233365766505,74.25047300182554,77.12398504661735,0.0,0.0,0.0,0.0,1.0
full_image__bbox_mean__object_depth,leave_one_out,distance_range,,,mid,160,85.0,11.180339887498949,77.363065290241,11.71999463511207,10.605870288822828,0.1312252298712066,0.128488354473495,14.041365673825801,-0.5772795998887483,-7.6369347097590055,-8.031258937792053,23.45950837433442,24.55230414532846,27.266057692847838,0.25625,0.46875,0.7875,0.29375,0.70625
full_image__bbox_mean__object_depth,leave_one_out,distance_range,,,near,200,40.0,14.142135623730951,77.57886052518141,37.57886052518142,38.24487150972271,1.2481184441254445,0.9561217877430677,40.149511765967276,-7.059916475227723,37.57886052518142,38.24487150972271,57.43207268125813,58.98599492040899,60.59469836125723,0.0,0.0,0.17,1.0,0.0
full_image__bbox_mean__object_depth,leave_one_out,weather__distance_range,clear_sky,,far,60,130.0,14.719601443879744,77.387453505239,52.61254649476101,47.547350862155845,0.39737210705567894,0.3803788068972468,54.65800987656221,-12.78845250922941,-52.61254649476101,-47.547350862155845,72.77699604809055,74.11173352741429,76.70290504373463,0.0,0.0,0.0,0.0,1.0
full_image__bbox_mean__object_depth,leave_one_out,weather__distance_range,clear_sky,,mid,80,85.0,11.180339887498949,77.06208580453718,12.087681098276331,10.819314934933118,0.13543894155447905,0.13892715451724777,14.40932750519451,-0.6610297532156402,-7.9379141954628265,-8.031258937792053,24.20574893010152,25.2291867896134,27.266057692847838,0.2625,0.4375,0.8,0.3,0.7
full_image__bbox_mean__object_depth,leave_one_out,weather__distance_range,clear_sky,,near,100,40.0,14.142135623730951,77.597741344999,37.59774134499898,38.28124833528444,1.2466117908699532,0.9570312083821109,40.115056242406,-7.046088686656983,37.59774134499898,38.28124833528444,57.09025170048516,58.99483205864,60.59469836125723,0.0,0.0,0.17,1.0,0.0
full_image__bbox_mean__object_depth,leave_one_out,weather__distance_range,light_rain,,far,60,130.0,14.719601443879744,77.7385510540446,52.26144894595537,47.05888802986783,0.39451711150944146,0.37647110423894264,54.36367422362454,-12.640349577349445,-52.26144894595537,-47.05888802986783,73.61789558193374,74.93730591392743,77.12398504661735,0.0,0.0,0.0,0.0,1.0
full_image__bbox_mean__object_depth,leave_one_out,weather__distance_range,light_rain,,mid,80,85.0,11.180339887498949,77.6640447759448,11.352308171947811,10.074141683295245,0.12701151818793416,0.1270235377779201,13.663498117986915,-0.4935294465618558,-7.335955224055186,-8.046696067604877,22.392840000722238,23.590610287086424,26.76282143073007,0.25,0.5,0.775,0.2875,0.7125
full_image__bbox_mean__object_depth,leave_one_out,weather__distance_range,light_rain,,near,100,40.0,14.142135623730951,77.55997970536384,37.55997970536385,38.23400456405416,1.249625097380935,0.955850114101354,40.183937745816955,-7.0737442637984635,37.55997970536385,38.23400456405416,57.7032711302807,58.5213918378957,60.5366894578997,0.0,0.0,0.17,1.0,0.0
full_image__bbox_mean__object_depth,leave_one_out,time_of_day__distance_range,,10AM,far,60,130.0,14.719601443879744,77.19200216841682,52.80799783158319,48.01573789191073,0.3988336346948574,0.38412590313528583,54.86937961957507,-12.895302245401721,-52.80799783158319,-48.01573789191073,73.97671508712837,74.98321036646237,77.12398504661735,0.0,0.0,0.0,0.0,1.0
full_image__bbox_mean__object_depth,leave_one_out,time_of_day__distance_range,,10AM,mid,80,85.0,11.180339887498949,77.67789645299911,11.418716111719863,10.572275508746685,0.12801926668314337,0.1263971984081244,13.685673905445814,-0.4983813619696036,-7.322103547000902,-7.781594898610734,23.064926838312175,24.475721653151552,27.216590774705793,0.2875,0.475,0.8125,0.3,0.7
full_image__bbox_mean__object_depth,leave_one_out,time_of_day__distance_range,,10AM,near,100,40.0,14.142135623730951,77.57803728521979,37.578037285219786,38.03974941345663,1.2442965646461381,0.9509937353364157,40.043004394549335,-7.0172110047094876,37.578037285219786,38.03974941345663,56.97611179000039,58.42408540227358,60.233354822223674,0.0,0.0,0.16,1.0,0.0
full_image__bbox_mean__object_depth,leave_one_out,time_of_day__distance_range,,8PM,far,60,130.0,14.719601443879744,77.93400239086681,52.06599760913319,46.40037792068142,0.393055583870263,0.3712030233654514,54.150330552284835,-12.533499841177132,-52.06599760913319,-46.40037792068142,72.47843269285066,73.6127627962157,75.40436921171727,0.0,0.0,0.0,0.0,1.0
full_image__bbox_mean__object_depth,leave_one_out,time_of_day__distance_range,,8PM,mid,80,85.0,11.180339887498949,77.04823412748287,12.02127315850428,10.652465999922107,0.13443119305926984,0.13284794454355617,14.388267085580061,-0.6561778378078924,-7.951765872517112,-8.712087199244941,23.98855197969761,24.819640876199987,27.266057692847838,0.225,0.4625,0.7625,0.2875,0.7125
full_image__bbox_mean__object_depth,leave_one_out,time_of_day__distance_range,,8PM,near,100,40.0,14.142135623730951,77.57968376514305,37.579683765143045,38.45384550480992,1.2519403236047506,0.961346137620248,40.25573734449777,-7.102621945745961,37.579683765143045,38.45384550480992,57.7032711302807,60.15580648673597,60.59469836125723,0.0,0.0,0.18,1.0,0.0
full_image__bbox_mean__object_depth_percentile_5_95,leave_one_out,weather,clear_sky,,,240,77.5,38.37859646556485,77.57988315424777,32.80050144167394,31.894041298330045,0.6639730176463995,0.3532090776524383,38.3900419105486,-0.0005965383153681003,0.07988315424776905,2.0720946843605645,59.704469700364335,70.75302806765689,76.6997524384972,0.0875,0.14583333333333334,0.32916666666666666,0.5208333333333334,0.4791666666666667
full_image__bbox_mean__object_depth_percentile_5_95,leave_one_out,weather,light_rain,,,240,77.5,38.37859646556485,77.42566745027737,32.589883755078844,31.962016902437725,0.6616333240706856,0.35819288384139825,38.47972251546509,-0.0052768621446275255,-0.07433254972261996,1.753471271359686,59.91397851542185,71.56408393146309,78.30309286267847,0.075,0.1625,0.32916666666666666,0.5208333333333334,0.4791666666666667
full_image__bbox_mean__object_depth_percentile_5_95,leave_one_out,time_of_day,,10AM,,240,77.5,38.37859646556485,77.4978223593696,32.76153147260208,31.894041298330038,0.662026435234862,0.3580314254189827,38.58059705980668,-0.010554434732331863,-0.002177640630405146,2.0187025034255583,59.072870054654324,71.49547801941479,78.30309286267847,0.09166666666666666,0.1625,0.3375,0.5166666666666667,0.48333333333333334
full_image__bbox_mean__object_depth_percentile_5_95,leave_one_out,time_of_day,,8PM,,240,77.5,38.37859646556485,77.50772824515555,32.628853724150694,32.70584372202504,0.6635799064822231,0.35444904214006145,38.28866533675084,0.0046810342723361265,0.007728245155552334,1.8068634522946923,61.055442130327734,70.7115780128152,75.3294397026931,0.07083333333333333,0.14583333333333334,0.32083333333333336,0.525,0.475
full_image__bbox_mean__object_depth_percentile_5_95,leave_one_out,distance_range,,,far,120,130.0,14.719601443879744,77.80750883041101,52.19249116958899,46.62846224932565,0.39399943164576995,0.3734199481248176,54.309774069791935,-12.613314890054667,-52.19249116958899,-46.62846224932565,73.25074827253836,74.07004393047455,78.30309286267847,0.0,0.0,0.0,0.0,1.0
full_image__bbox_mean__object_depth_percentile_5_95,leave_one_out,distance_range,,,mid,160,85.0,11.180339887498949,77.17193685052362,11.960451984481589,10.724509157370946,0.13392069861023748,0.12951592718693422,14.329814137324878,-0.6427485856822073,-7.828063149476387,-8.080000200826717,24.20757792487521,25.44644323795324,28.397846459452936,0.24375,0.4625,0.8,0.3125,0.6875
full_image__bbox_mean__object_depth_percentile_5_95,leave_one_out,distance_range,,,near,200,40.0,14.142135623730951,77.58460594676468,37.584605946764675,38.4655820330829,1.24719139218485,0.9616395508270725,40.141941171768394,-7.056877205188572,37.584605946764675,38.4655820330829,57.395575645004456,59.48126343140822,62.10378032678685,0.0,0.0,0.15,1.0,0.0
full_image__bbox_mean__object_depth_percentile_5_95,leave_one_out,weather__distance_range,clear_sky,,far,60,130.0,14.719601443879744,78.00294442860879,51.997055571391215,46.25415516351006,0.39267879761312,0.3700332413080805,54.04618713403731,-12.48149389412637,-51.997055571391215,-46.25415516351006,72.79532167228726,73.24861047568224,76.6997524384972,0.0,0.0,0.0,0.0,1.0
full_image__bbox_mean__object_depth_percentile_5_95,leave_one_out,weather__distance_range,clear_sky,,mid,80,85.0,11.180339887498949,77.01192671984818,12.17819822503986,11.668270479141427,0.1364256491975909,0.13847546805029226,14.567467604476066,-0.6976888992596775,-7.9880732801518235,-8.080000200826717,24.75878685171066,25.487556415253966,28.397846459452936,0.2625,0.4375,0.8,0.3125,0.6875
full_image__bbox_mean__object_depth_percentile_5_95,leave_one_out,weather__distance_range,clear_sky,,near,100,40.0,14.142135623730951,77.78041153715084,37.78041153715083,38.48147926770497,1.248787444425414,0.9620369816926242,40.183898103375064,-7.07372833391215,37.78041153715083,38.48147926770497,57.6241686795094,59.48126343140822,62.10378032678685,0.0,0.0,0.15,1.0,0.0
full_image__bbox_mean__object_depth_percentile_5_95,leave_one_out,weather__distance_range,light_rain,,far,60,130.0,14.719601443879744,77.61207323221325,52.38792676778676,46.68281108566032,0.39532006567841976,0.3735869710509843,54.57208787737839,-12.745135885982966,-52.38792676778676,-46.68281108566032,73.97062821513335,75.25821176746084,78.30309286267847,0.0,0.0,0.0,0.0,1.0
full_image__bbox_mean__object_depth_percentile_5_95,leave_one_out,weather__distance_range,light_rain,,mid,80,85.0,11.180339887498949,77.33194698119905,11.742705743923315,10.127932549031094,0.131415748022884,0.12642018026548402,14.088152256882097,-0.5878082721047371,-7.668053018800947,-8.316054048027254,23.49254247217194,24.809703285001312,27.70147034256985,0.225,0.4875,0.8,0.3125,0.6875
full_image__bbox_mean__object_depth_percentile_5_95,leave_one_out,weather__distance_range,light_rain,,near,100,40.0,14.142135623730951,77.38880035637854,37.388800356378525,38.36565745077538,1.2455953399442863,0.9591414362693845,40.09994034026733,-7.040026076464997,37.388800356378525,38.36565745077538,57.21384957362602,58.96859370952616,61.24550721385434,0.0,0.0,0.15,1.0,0.0
full_image__bbox_mean__object_depth_percentile_5_95,leave_one_out,time_of_day__distance_range,,10AM,far,60,130.0,14.719601443879744,77.13520656522515,52.86479343477484,48.73605144377968,0.3992776285363764,0.38988841155023746,54.940492331020245,-12.931343219576435,-52.86479343477484,-48.73605144377968,73.5707565244385,75.3070315358009,78.30309286267847,0.0,0.0,0.0,0.0,1.0
full_image__bbox_mean__object_depth_percentile_5_95,leave_one_out,time_of_day__distance_range,,10AM,mid,80,85.0,11.180339887498949,77.59729801123592,11.59123519877112,10.429734239507987,0.13012691072351137,0.12866602612374556,13.850016223257414,-0.5345835950759488,-7.402701988764081,-7.683115125654929,23.498720979131807,24.80720832190535,28.397846459452936,0.275,0.4875,0.825,0.3,0.7
full_image__bbox_mean__object_depth_percentile_5_95,leave_one_out,time_of_day__distance_range,,10AM,near,100,40.0,14.142135623730951,77.63581131436321,37.6358113143632,38.318031144401516,1.2451953388630337,0.9579507786100379,40.09709401847298,-7.038884743631309,37.6358113143632,38.318031144401516,57.13367258133341,58.92609800871174,61.24550721385434,0.0,0.0,0.15,1.0,0.0
full_image__bbox_mean__object_depth_percentile_5_95,leave_one_out,time_of_day__distance_range,,8PM,far,60,130.0,14.719601443879744,78.47981109559687,51.52018890440313,45.84040809019292,0.38872123475516346,0.36917226289569116,53.671644482434075,-12.295286560532906,-51.52018890440313,-45.84040809019292,72.56762212691812,73.96810823796604,75.3294397026931,0.0,0.0,0.0,0.0,1.0
full_image__bbox_mean__object_depth_percentile_5_95,leave_one_out,time_of_day__distance_range,,8PM,mid,80,85.0,11.180339887498949,76.74657568981131,12.329668770192056,10.724509157370946,0.13771448649696358,0.13063498611429836,14.79405951847086,-0.750913576288466,-8.25342431018869,-8.970703027491176,24.75878685171066,25.943661512014977,28.220938116836223,0.2125,0.4375,0.775,0.325,0.675
full_image__bbox_mean__object_depth_percentile_5_95,leave_one_out,time_of_day__distance_range,,8PM,near,100,40.0,14.142135623730951,77.53340057916617,37.53340057916616,38.652238629444334,1.2491874455066665,0.9663059657361084,40.18673827706309,-7.07486966674584,37.53340057916616,38.652238629444334,57.94312890010912,60.38708361388959,62.10378032678685,0.0,0.0,0.15,1.0,0.0
full_image__bbox_mean__object_minus_ring,leave_one_out,weather,clear_sky,,,240,77.5,38.37859646556485,77.16859882473578,31.966442486674502,31.04980645005559,0.6385184636960985,0.3321506346487406,37.94604143609328,0.022414442543904012,-0.33140117526421403,-1.5896760874301634,58.184790231346135,72.12445085231805,74.15205110460717,0.0875,0.17083333333333334,0.3333333333333333,0.49583333333333335,0.5041666666666667
full_image__bbox_mean__object_minus_ring,leave_one_out,weather,light_rain,,,240,77.5,38.37859646556485,77.93078528427326,32.502735935631385,35.881612406987635,0.6593005801664836,0.3599912464453938,38.45118567538322,-0.0037863738678107772,0.43078528427326435,1.0845300682059218,58.61264013427347,72.08892791501734,72.47068049579522,0.09583333333333334,0.16666666666666666,0.3333333333333333,0.5041666666666667,0.49583333333333335
full_image__bbox_mean__object_minus_ring,leave_one_out,time_of_day,,10AM,,240,77.5,38.37859646556485,77.43905849103508,32.21564400772159,30.52425044239901,0.6436498109459738,0.3511347308030567,38.15009132187967,0.011872497062907716,-0.060941508964901914,0.08487311775324002,58.26353183151136,72.13071991771271,72.47068049579522,0.1,0.16666666666666666,0.32916666666666666,0.5,0.5
full_image__bbox_mean__object_minus_ring,leave_one_out,time_of_day,,8PM,,240,77.5,38.37859646556485,77.66032561797395,32.253534414584294,33.96037511798466,0.6541692329166083,0.33449624461773375,38.24874210539146,0.006755571613185518,0.16032561797395223,-0.5900191369774817,58.309708063546225,72.09576443904646,74.15205110460717,0.08333333333333333,0.17083333333333334,0.3375,0.5,0.5
full_image__bbox_mean__object_minus_ring,leave_one_out,distance_range,,,far,120,130.0,14.719601443879744,77.87448067372172,52.125519326278294,47.109134744081295,0.39354122157945093,0.37687307795265035,54.17443777857351,-12.545552501344002,-52.125519326278294,-47.109134744081295,72.18657057603588,72.25156453801293,74.15205110460717,0.0,0.0,0.0,0.0,1.0
full_image__bbox_mean__object_minus_ring,leave_one_out,distance_range,,,mid,160,85.0,11.180339887498949,77.80600334702471,11.142133844548164,10.923473270463447,0.12477167083654148,0.12921358842642344,13.382905734353761,-0.4328173271567901,-7.193996652975281,-9.251114831653396,22.052696561085817,22.152323134623064,26.04481631670283,0.25625,0.48125,0.75625,0.25625,0.74375
full_image__bbox_mean__object_minus_ring,leave_one_out,distance_range,,,near,200,40.0,14.142135623730951,77.14976984895806,37.173995435361554,37.929259573866915,1.2214407830181948,0.9487239834627534,39.9733827781013,-6.989356653623029,37.14976984895806,37.929259573866915,57.46393256737785,58.202663436260465,65.2264889778407,0.015,0.02,0.195,0.995,0.005
full_image__bbox_mean__object_minus_ring,leave_one_out,weather__distance_range,clear_sky,,far,60,130.0,14.719601443879744,77.86116282982871,52.13883717017129,47.11463007538149,0.39356539179641253,0.376917040603052,54.21186238067457,-12.56427395129784,-52.13883717017129,-47.11463007538149,72.17405328704209,72.27517291934133,74.15205110460717,0.0,0.0,0.0,0.0,1.0
full_image__bbox_mean__object_minus_ring,leave_one_out,weather__distance_range,clear_sky,,mid,80,85.0,11.180339887498949,77.74065714088673,11.36536840543722,10.580703707269528,0.12750552444221083,0.1300253553899398,13.61227056847368,-0.4823512802346781,-7.259342859113277,-9.251114831653396,22.072447965387372,22.162658140228825,26.04481631670283,0.2375,0.475,0.7375,0.25,0.75
full_image__bbox_mean__object_minus_ring,leave_one_out,weather__distance_range,clear_sky,,near,100,40.0,14.142135623730951,76.29541376875926,36.34386494156626,37.79572700977589,1.1943006582390203,0.9474654279222632,39.295982032710576,-6.720871019575563,36.295413768759275,37.79572700977589,57.19245830623107,58.07057104565459,65.2264889778407,0.02,0.03,0.21,0.99,0.01
full_image__bbox_mean__object_minus_ring,leave_one_out,weather__distance_range,light_rain,,far,60,130.0,14.719601443879744,77.88779851761471,52.112201482385316,47.109134744081295,0.3935170513624894,0.37687307795265035,54.13698730505668,-12.52683105139016,-52.112201482385316,-47.109134744081295,72.18750298130591,72.24738738810004,72.47068049579522,0.0,0.0,0.0,0.0,1.0
full_image__bbox_mean__object_minus_ring,leave_one_out,weather__distance_range,light_rain,,mid,80,85.0,11.180339887498949,77.87134955316272,10.91889928365911,11.325069840352377,0.12203781723087218,0.12583410933724865,13.149540743305932,-0.3832833740789017,-7.128650446837287,-7.928277512590107,22.050482972799017,22.07336321599836,24.833142253196854,0.275,0.4875,0.775,0.2625,0.7375
full_image__bbox_mean__object_minus_ring,leave_one_out,weather__distance_range,light_rain,,near,100,40.0,14.142135623730951,78.00412592915686,38.00412592915686,38.03675831739486,1.2485809077973693,0.9506676326148561,40.6394938149345,-7.257842287670497,38.00412592915686,38.03675831739486,57.49601322030229,58.23611711316928,63.017854130697444,0.01,0.01,0.18,1.0,0.0
full_image__bbox_mean__object_minus_ring,leave_one_out,time_of_day__distance_range,,10AM,far,60,130.0,14.719601443879744,77.85714207715377,52.142857922846225,47.120910848963526,0.3937591157658083,0.3769672867917082,54.1655870574713,-12.541126867448474,-52.142857922846225,-47.120910848963526,72.18239693405059,72.24846658859903,72.47068049579522,0.0,0.0,0.0,0.0,1.0
full_image__bbox_mean__object_minus_ring,leave_one_out,time_of_day__distance_range,,10AM,mid,80,85.0,11.180339887498949,77.60929086140804,11.224760527198189,10.986883902313409,0.12542989656081555,0.12779589878700845,13.581620399285722,-0.47568330136235226,-7.390709138591961,-7.691696565020756,22.05424955264842,22.185303016487808,26.04481631670283,0.275,0.475,0.75,0.25,0.75
full_image__bbox_mean__object_minus_ring,leave_one_out,time_of_day__distance_range,,10AM,near,100,40.0,14.142135623730951,77.05202244306554,37.052022443065546,37.81660491946035,1.2081601595621998,0.9461271692343773,39.813514037046325,-6.925579499890424,37.052022443065546,37.81660491946035,56.49145338991963,58.23313158810387,64.64747325813916,0.02,0.02,0.19,1.0,0.0
full_image__bbox_mean__object_minus_ring,leave_one_out,time_of_day__distance_range,,8PM,far,60,130.0,14.719601443879744,77.89181927028964,52.10818072971037,47.101638849367596,0.3933233273930936,0.3768131107949408,54.183287053929874,-12.549978135239527,-52.10818072971037,-47.101638849367596,72.18750298130591,72.25306354828402,74.15205110460717,0.0,0.0,0.0,0.0,1.0
full_image__bbox_mean__object_minus_ring,leave_one_out,time_of_day__distance_range,,8PM,mid,80,85.0,11.180339887498949,78.0027158326414,11.059507161898141,10.783546533341365,0.1241134451122674,0.12921358842642344,13.181195663478464,-0.38995135295122774,-6.997284167358602,-9.251114831653396,22.050811026906477,22.10723825904309,22.563888360195264,0.2375,0.4875,0.7625,0.2625,0.7375
full_image__bbox_mean__object_minus_ring,leave_one_out,time_of_day__distance_range,,8PM,near,100,40.0,14.142135623730951,77.24751725485058,37.29596842765758,38.36065709773351,1.2347214064741896,0.954630140024274,40.13261468520495,-7.053133807355639,37.24751725485059,38.36065709773351,57.88986563348323,58.1779257599527,65.2264889778407,0.01,0.02,0.2,0.99,0.01
full_image__bbox_mean__object_minus_ring_normalized,leave_one_out,weather,clear_sky,,,240,77.5,38.37859646556485,77.12549883112855,32.155279163416346,29.10861397348659,0.6468491057525835,0.3272605309264278,37.997420145316575,0.019765360543336885,-0.374501168871465,-1.9375669051128526,58.033441965759344,72.24554675491564,72.98484992174093,0.07916666666666666,0.16666666666666666,0.3333333333333333,0.49583333333333335,0.5041666666666667
full_image__bbox_mean__object_minus_ring_normalized,leave_one_out,weather,light_rain,,,240,77.5,38.37859646556485,77.88891459858736,32.56880093726985,36.34004761269437,0.6592060059738858,0.35722174139501245,38.46293088260585,-0.004399695895976219,0.38891459858734073,0.756240099069565,59.454639048317574,72.23021824333628,72.39086245305438,0.09166666666666666,0.1625,0.3375,0.5,0.5
full_image__bbox_mean__object_minus_ring_normalized,leave_one_out,time_of_day,,10AM,,240,77.5,38.37859646556485,77.6544513314828,32.44585912100422,30.761492147267496,0.6526112863625071,0.35722174139501245,38.29654503890441,0.004271324299744972,0.1544513314828104,0.4019175998477351,58.394299804996024,72.24595874709605,72.39086245305438,0.09166666666666666,0.1625,0.3333333333333333,0.5,0.5
full_image__bbox_mean__object_minus_ring_normalized,leave_one_out,time_of_day,,8PM,,240,77.5,38.37859646556485,77.35996209823307,32.278220979681976,30.719079192663393,0.6534438253639622,0.32653319387656077,38.16511008582304,0.011094340347615472,-0.14003790176693276,-1.5832444058910227,58.11676020647955,72.23953444704608,72.98484992174093,0.07916666666666666,0.16666666666666666,0.3375,0.49583333333333335,0.5041666666666667
full_image__bbox_mean__object_minus_ring_normalized,leave_one_out,distance_range,,,far,120,130.0,14.719601443879744,77.77415504335603,52.225844956643975,47.20944158616255,0.3943284005616858,0.3776755326893004,54.26463303659679,-12.590694147368517,-52.225844956643975,-47.20944158616255,72.27689295482953,72.30978950539495,72.98484992174093,0.0,0.0,0.0,0.0,1.0
full_image__bbox_mean__object_minus_ring_normalized,leave_one_out,distance_range,,,mid,160,85.0,11.180339887498949,77.80180974407867,11.170338512274283,10.879516818188769,0.12506991712382684,0.12992055208634115,13.38924661910854,-0.4341754002184759,-7.198190255921316,-8.257203569053843,22.15607749590568,22.192527754150355,24.862690947864806,0.25625,0.49375,0.75,0.25,0.75
full_image__bbox_mean__object_minus_ring_normalized,leave_one_out,distance_range,,,near,200,40.0,14.142135623730951,77.1113552943825,37.39711833701762,37.89629902511424,1.23061316003569,0.9484103334622742,39.97040665987819,-6.988167042780176,37.11135529438249,37.89629902511424,57.84925270862945,58.08210522348299,61.443593439007486,0.0,0.0,0.205,0.995,0.005
full_image__bbox_mean__object_minus_ring_normalized,leave_one_out,weather__distance_range,clear_sky,,far,60,130.0,14.719601443879744,77.768042605728,52.231957394271994,47.20807720464456,0.39434433396153923,0.3776646176371565,54.279896847429946,-12.59834093123524,-52.231957394271994,-47.20807720464456,72.26467738364423,72.31314947031481,72.98484992174093,0.0,0.0,0.0,0.0,1.0
full_image__bbox_mean__object_minus_ring_normalized,leave_one_out,weather__distance_range,clear_sky,,mid,80,85.0,11.180339887498949,77.72564804275513,11.252645341622753,9.952185163801055,0.12598982574710813,0.12914932502164658,13.455683824136404,-0.44844341740100857,-7.274351957244873,-8.257203569053843,22.15871533250771,22.195577421722742,22.516698421028906,0.2375,0.5,0.7375,0.25,0.75
full_image__bbox_mean__object_minus_ring_normalized,leave_one_out,weather__distance_range,clear_sky,,near,100,40.0,14.142135623730951,76.25985319706759,36.83137928233783,37.84502230322136,1.2150393928315903,0.9480058537997542,39.40178660516071,-6.76250393839311,36.259853197067585,37.84502230322136,57.70802902131444,58.002965587022366,61.065423337753245,0.0,0.0,0.21,0.99,0.01
full_image__bbox_mean__object_minus_ring_normalized,leave_one_out,weather__distance_range,light_rain,,far,60,130.0,14.719601443879744,77.78026748098405,52.21973251901595,47.213406344765154,0.3943124671618322,0.3777072507581212,54.24936493107905,-12.583047363501796,-52.21973251901595,-47.213406344765154,72.27764646080058,72.30407458641199,72.39086245305438,0.0,0.0,0.0,0.0,1.0
full_image__bbox_mean__object_minus_ring_normalized,leave_one_out,weather__distance_range,light_rain,,mid,80,85.0,11.180339887498949,77.87797144540225,11.088031682925813,11.784145991460143,0.12415000850054554,0.13093495546066825,13.322478105798968,-0.41990738303594277,-7.122028554597757,-7.758828711734388,22.154974729815727,22.16185471243415,24.862690947864806,0.275,0.4875,0.7625,0.25,0.75
full_image__bbox_mean__object_minus_ring_normalized,leave_one_out,weather__distance_range,light_rain,,near,100,40.0,14.142135623730951,77.96285739169741,37.96285739169741,37.93414149523044,1.2461869272397899,0.9486546358132641,40.53105018912597,-7.213830147167242,37.96285739169741,37.93414149523044,57.92764994329479,58.28671452615359,61.443593439007486,0.0,0.0,0.2,1.0,0.0
full_image__bbox_mean__object_minus_ring_normalized,leave_one_out,time_of_day__distance_range,,10AM,far,60,130.0,14.719601443879744,77.7712996529066,52.22870034709339,47.22071913954969,0.39437913416886333,0.37776575311639754,54.25885595686559,-12.587800537297946,-52.22870034709339,-47.22071913954969,72.26986533005474,72.30422372492163,72.39086245305438,0.0,0.0,0.0,0.0,1.0
full_image__bbox_mean__object_minus_ring_normalized,leave_one_out,time_of_day__distance_range,,10AM,mid,80,85.0,11.180339887498949,77.73264469626687,11.263817544191005,11.623439251948191,0.1261092464435538,0.13120977660056354,13.546443601736305,-0.4680490740401799,-7.267355303733119,-7.689418275911876,22.155082345232955,22.19450652995781,24.862690947864806,0.275,0.4875,0.75,0.25,0.75
full_image__bbox_mean__object_minus_ring_normalized,leave_one_out,time_of_day__distance_range,,10AM,near,100,40.0,14.142135623730951,77.52178764680127,37.52178764680128,37.88207860630336,1.228752209613856,0.9473065724636015,40.08343662097413,-7.0334094567382515,37.52178764680128,37.88207860630336,57.256719467916994,58.09281343760341,61.443593439007486,0.0,0.0,0.2,1.0,0.0
full_image__bbox_mean__object_minus_ring_normalized,leave_one_out,time_of_day__distance_range,,8PM,far,60,130.0,14.719601443879744,77.77701043380543,52.22298956619455,47.20583787473727,0.39427766695450805,0.37764670299789815,54.27040950135844,-12.59358775743909,-52.22298956619455,-47.20583787473727,72.27689295482953,72.31042642249825,72.98484992174093,0.0,0.0,0.0,0.0,1.0
full_image__bbox_mean__object_minus_ring_normalized,leave_one_out,time_of_day__distance_range,,8PM,mid,80,85.0,11.180339887498949,77.87097479189049,11.07685948035756,9.952185163801055,0.12403058780409988,0.12520192462961582,13.230182001756305,-0.40030172639677186,-7.1290252081095105,-8.257203569053843,22.156147158655884,22.175793759251,22.356073280790568,0.2375,0.5,0.75,0.25,0.75
full_image__bbox_mean__object_minus_ring_normalized,leave_one_out,time_of_day__distance_range,,8PM,near,100,40.0,14.142135623730951,76.7009229419637,37.27244902723397,37.94618543253057,1.2324741104575243,0.95211634651136,39.85705616028886,-6.942924628822101,36.70092294196371,37.94618543253057,57.925663276638595,58.030025528161104,61.065423337753245,0.0,0.0,0.21,0.99,0.01
full_image__bbox_midpoint__object_depth,leave_one_out,weather,clear_sky,,,240,77.5,38.37859646556485,77.2974551368925,32.90831949120302,32.4172676196161,0.662263105347402,0.35698963935107353,38.52177390222374,-0.0074752347886029025,-0.20254486310751454,2.1989411828229493,59.52377156573398,71.42218709093491,78.11037102243561,0.075,0.15,0.3333333333333333,0.5166666666666667,0.48333333333333334
full_image__bbox_midpoint__object_depth,leave_one_out,weather,light_rain,,,240,77.5,38.37859646556485,77.70590127312597,32.44191119893146,31.82792433043064,0.6601962635971166,0.35543193371696524,38.30984230285104,0.0035797336785414746,0.20590127312596754,2.8320922626985023,58.8020798634496,70.67594009033986,78.65742089533155,0.09166666666666666,0.16666666666666666,0.325,0.5208333333333334,0.4791666666666667
full_image__bbox_midpoint__object_depth,leave_one_out,time_of_day,,10AM,,240,77.5,38.37859646556485,77.50293271282862,32.65314910590636,32.4172676196161,0.6580171524332654,0.3595065428428831,38.45946327778535,-0.004218601832183477,0.002932712828610799,2.1989411828229493,58.310181315017644,71.34698158501598,78.65742089533155,0.0875,0.15833333333333333,0.32916666666666666,0.5166666666666667,0.48333333333333334
full_image__bbox_midpoint__object_depth,leave_one_out,time_of_day,,8PM,,240,77.5,38.37859646556485,77.50042369718986,32.69708158422811,32.25906172797453,0.6644422165112532,0.3516857982039739,38.37239588855562,0.00032310072212216046,0.00042369718984218706,2.6067821762241508,60.913667241251055,70.94740727793906,76.40210745182223,0.07916666666666666,0.15833333333333333,0.32916666666666666,0.5208333333333334,0.4791666666666667
full_image__bbox_midpoint__object_depth,leave_one_out,distance_range,,,far,120,130.0,14.719601443879744,77.72026033716939,52.279739662830615,47.122857656954906,0.39471897252996657,0.3779015900889725,54.394315674219506,-12.655730358461424,-52.279739662830615,-47.122857656954906,73.63902522468135,74.81101086172899,78.65742089533155,0.0,0.0,0.0,0.0,1.0
full_image__bbox_midpoint__object_depth,leave_one_out,distance_range,,,mid,160,85.0,11.180339887498949,77.36634362476784,11.96704555069594,10.679503664817616,0.1343079005178637,0.1314825715625022,14.31728646128434,-0.6398775329158071,-7.633656375232162,-7.872549208792677,23.77363717716108,25.29104104002974,29.034182067831267,0.25,0.475,0.79375,0.30625,0.69375
full_image__bbox_midpoint__object_depth,leave_one_out,distance_range,,,near,200,40.0,14.142135623730951,77.47879658990624,37.47879658990624,38.65294924840931,1.2426735388011512,0.9663237312102326,40.033143747655735,-7.013262991602337,37.47879658990624,38.65294924840931,57.09284836855842,58.68641500732452,61.44982397882319,0.0,0.0,0.155,1.0,0.0
full_image__bbox_midpoint__object_depth,leave_one_out,weather__distance_range,clear_sky,,far,60,130.0,14.719601443879744,77.47208761510463,52.52791238489538,47.481406413577034,0.396735218319591,0.3798512513086163,54.60152615850123,-12.759969194634587,-52.52791238489538,-47.481406413577034,72.773927031091,74.62601312686716,78.11037102243561,0.0,0.0,0.0,0.0,1.0
full_image__bbox_midpoint__object_depth,leave_one_out,weather__distance_range,clear_sky,,mid,80,85.0,11.180339887498949,76.9392435991563,12.47996808474483,11.396868540163588,0.14017885908524208,0.14427145762925891,14.855153495814161,-0.7654046830735977,-8.06075640084369,-7.872549208792677,24.810824600820162,26.230012868853493,29.034182067831267,0.225,0.45,0.8,0.3,0.7
full_image__bbox_midpoint__object_depth,leave_one_out,weather__distance_range,clear_sky,,near,100,40.0,14.142135623730951,77.47924488015414,37.47924488015415,38.956802051245006,1.2392472345738164,0.9739200512811252,39.951076222898614,-6.980442456839276,37.47924488015415,38.956802051245006,56.71266054228763,59.11820119969485,61.44982397882319,0.0,0.0,0.16,1.0,0.0
full_image__bbox_midpoint__object_depth,leave_one_out,weather__distance_range,light_rain,,far,60,130.0,14.719601443879744,77.96843305923417,52.03156694076586,46.7942368188212,0.3927027267403422,0.3765148934077596,54.18631281509925,-12.55149152228826,-52.03156694076586,-46.7942368188212,73.93275471509817,75.72322963865281,78.65742089533155,0.0,0.0,0.0,0.0,1.0
full_image__bbox_midpoint__object_depth,leave_one_out,weather__distance_range,light_rain,,mid,80,85.0,11.180339887498949,77.79344365037937,11.45412301664705,10.000003387451713,0.12843694195048533,0.12598273876499044,13.758408259851572,-0.514350382758016,-7.2065563496206355,-8.212715920630004,22.28014899853152,23.96231631067293,28.35158195738404,0.275,0.5,0.7875,0.3125,0.6875
full_image__bbox_midpoint__object_depth,leave_one_out,weather__distance_range,light_rain,,near,100,40.0,14.142135623730951,77.47834829965834,37.47834829965834,38.52514040731523,1.246099843028486,0.9631285101828807,40.11504337867628,-7.046083526365399,37.47834829965834,38.52514040731523,57.252700904520125,58.29048959095612,61.17892205326602,0.0,0.0,0.15,1.0,0.0
full_image__bbox_midpoint__object_depth,leave_one_out,time_of_day__distance_range,,10AM,far,60,130.0,14.719601443879744,77.20560609708849,52.79439390291148,48.134198658836,0.3987277581192774,0.38507358927068797,54.8920730398555,-12.906798535136142,-52.79439390291148,-48.134198658836,74.44132768577208,75.80878644413941,78.65742089533155,0.0,0.0,0.0,0.0,1.0
full_image__bbox_midpoint__object_depth,leave_one_out,time_of_day__distance_range,,10AM,mid,80,85.0,11.180339887498949,77.78985172809853,11.54891005296453,10.476155325398587,0.12984473659078996,0.12662364601458992,13.840985715852346,-0.5325830846914297,-7.210148271901481,-7.8369886522967676,23.22549240209785,25.200228172638596,28.955831059899992,0.2625,0.475,0.8125,0.3,0.7
full_image__bbox_midpoint__object_depth,leave_one_out,time_of_day__distance_range,,10AM,near,100,40.0,14.142135623730951,77.45179347005674,37.45179347005675,38.52514040731523,1.2361287216956387,0.9631285101828807,39.85938583871969,-6.943853197199638,37.45179347005675,38.52514040731523,56.65704032928845,58.2093401012209,60.0391075013701,0.0,0.0,0.14,1.0,0.0
full_image__bbox_midpoint__object_depth,leave_one_out,time_of_day__distance_range,,8PM,far,60,130.0,14.719601443879744,78.23491457725027,51.76508542274975,45.85392751086998,0.39071018694065585,0.37435389455056955,53.891961114070185,-12.404662181786705,-51.76508542274975,-45.85392751086998,72.35848757731047,73.92488571419942,76.40210745182223,0.0,0.0,0.0,0.0,1.0
full_image__bbox_midpoint__object_depth,leave_one_out,time_of_day__distance_range,,8PM,mid,80,85.0,11.180339887498949,76.94283552143716,12.385181048427347,11.05421889375355,0.13877106444493748,0.13470396070693097,14.778244064926085,-0.7471719811401842,-8.057164478562843,-9.15086259599564,24.519956838738477,25.663929214201048,29.034182067831267,0.2375,0.475,0.775,0.3125,0.6875
full_image__bbox_midpoint__object_depth,leave_one_out,time_of_day__distance_range,,8PM,near,100,40.0,14.142135623730951,77.50579970975572,37.505799709755735,38.79354728758914,1.249218355906664,0.9698386821897286,40.20615073842568,-7.082672786005038,37.505799709755735,38.79354728758914,57.27016453453512,60.24838333643485,61.44982397882319,0.0,0.0,0.17,1.0,0.0
full_image__bbox_midpoint__object_depth_percentile_5_95,leave_one_out,weather,clear_sky,,,240,77.5,38.37859646556485,77.58027176050537,32.792179719128235,32.64405598696023,0.6601754271325608,0.3571997754509879,38.21800932307158,0.00835106990548029,0.08027176050536582,2.399752035305603,60.12031177587432,69.6801145756237,78.31483263472097,0.075,0.14583333333333334,0.31666666666666665,0.5208333333333334,0.4791666666666667
full_image__bbox_midpoint__object_depth_percentile_5_95,leave_one_out,weather,light_rain,,,240,77.5,38.37859646556485,77.42756382864106,32.55043185113559,31.424997013937414,0.6594099427176464,0.36090042897728325,38.42027609098956,-0.0021732038978425905,-0.07243617135892842,3.0347800625748675,60.62878177177259,70.94606190758614,80.52269583706621,0.075,0.16666666666666666,0.31666666666666665,0.5291666666666667,0.4708333333333333
full_image__bbox_midpoint__object_depth_percentile_5_95,leave_one_out,time_of_day,,10AM,,240,77.5,38.37859646556485,77.48567465012245,32.756453014883775,31.424997013937414,0.6584167343134817,0.362122541067035,38.53783190875956,-0.008315352686488309,-0.014325349877549343,2.766492284246432,59.37746143312463,70.87319854224893,80.52269583706621,0.07916666666666666,0.15833333333333333,0.325,0.5166666666666667,0.48333333333333334
full_image__bbox_midpoint__object_depth_percentile_5_95,leave_one_out,time_of_day,,8PM,,240,77.5,38.37859646556485,77.52216093902399,32.586158555380045,31.880523186011857,0.6611686355367254,0.34817572258590146,38.099466706221015,0.014493218694125898,0.022160939023986734,2.868362086567501,62.25110416754832,69.67121017140703,76.36009204112584,0.07083333333333333,0.15416666666666667,0.30833333333333335,0.5333333333333333,0.4666666666666667
full_image__bbox_midpoint__object_depth_percentile_5_95,leave_one_out,distance_range,,,far,120,130.0,14.719601443879744,78.15869282006965,51.84130717993037,46.060257881301446,0.3912418931563001,0.3748837738121096,54.0447474898116,-12.4807756826346,-51.84130717993037,-46.060257881301446,73.4146422934142,74.59262624435388,80.52269583706621,0.0,0.0,0.0,0.0,1.0
full_image__bbox_midpoint__object_depth_percentile_5_95,leave_one_out,distance_range,,,mid,160,85.0,11.180339887498949,77.13541245828137,12.375615660061907,10.672421544417887,0.13902425238962382,0.13044670794187313,14.817650724104682,-0.7565021838524804,-7.86458754171862,-8.267256196637163,24.860604100205297,26.666589919428347,30.874317797959208,0.225,0.4625,0.78125,0.325,0.675
full_image__bbox_midpoint__object_depth_percentile_5_95,leave_one_out,distance_range,,,near,200,40.0,14.142135623730951,77.40585704830885,37.405857048308846,38.67878890989632,1.2375379060147695,0.9755269979359543,39.94908715732756,-6.9796478235187704,37.405857048308846,38.67878890989632,56.922389038479,59.63745007472613,64.1556402690467,0.0,0.005,0.135,1.0,0.0
full_image__bbox_midpoint__object_depth_percentile_5_95,leave_one_out,weather__distance_range,clear_sky,,far,60,130.0,14.719601443879744,78.44111426515907,51.55888573484093,45.51264106748323,0.3893386372093293,0.3643001314749271,53.65659476607835,-12.287831516420674,-51.55888573484093,-45.51264106748323,72.67981490499683,73.41038446859139,78.31483263472097,0.0,0.0,0.0,0.0,1.0
full_image__bbox_midpoint__object_depth_percentile_5_95,leave_one_out,weather__distance_range,clear_sky,,mid,80,85.0,11.180339887498949,76.89038860244719,12.68778387605442,12.35598867033427,0.14259851638522292,0.14357722721051505,15.199616588356674,-0.848226755464379,-8.1096113975528,-8.059183111560266,25.654408463831558,26.72165781325235,30.874317797959208,0.225,0.4375,0.7875,0.3125,0.6875
full_image__bbox_midpoint__object_depth_percentile_5_95,leave_one_out,weather__distance_range,clear_sky,,near,100,40.0,14.142135623730951,77.61567278415968,37.615672784159685,38.52900902872038,1.23673902968437,0.992979348610407,39.915387950050054,-6.966190976015006,37.615672784159685,38.52900902872038,57.51050045796983,59.63745007472614,64.1556402690467,0.0,0.0,0.13,1.0,0.0
full_image__bbox_midpoint__object_depth_percentile_5_95,leave_one_out,weather__distance_range,light_rain,,far,60,130.0,14.719601443879744,77.8762713749802,52.12372862501981,46.139747746147336,0.39314514910327103,0.3842977205075944,54.430132285195185,-12.673719848848526,-52.12372862501981,-46.139747746147336,74.4537572425537,76.2972816432279,80.52269583706621,0.0,0.0,0.0,0.0,1.0
full_image__bbox_midpoint__object_depth_percentile_5_95,leave_one_out,weather__distance_range,light_rain,,mid,80,85.0,11.180339887498949,77.38043631411556,12.063447444069396,10.12113333591909,0.13544998839402472,0.1247433279991586,14.425574564989523,-0.6647776122405813,-7.619563685884441,-8.267256196637163,23.851959826695676,25.729177085458844,29.90129404561185,0.225,0.4875,0.775,0.3375,0.6625
full_image__bbox_midpoint__object_depth_percentile_5_95,leave_one_out,weather__distance_range,light_rain,,near,100,40.0,14.142135623730951,77.19604131245801,37.196041312458014,38.68425008571965,1.2383367823451688,0.9671062521429912,39.98275796145768,-6.993104671022536,37.196041312458014,38.68425008571965,56.68745539201971,59.41192520257631,62.91443716394798,0.0,0.01,0.14,1.0,0.0
full_image__bbox_midpoint__object_depth_percentile_5_95,leave_one_out,time_of_day__distance_range,,10AM,far,60,130.0,14.719601443879744,77.18182058695427,52.81817941304575,49.144101690397385,0.3989124049426506,0.3931528135231791,54.96046294852098,-12.94147301930345,-52.81817941304575,-49.144101690397385,73.87786990441612,76.36730126280217,80.52269583706621,0.0,0.0,0.0,0.0,1.0
full_image__bbox_midpoint__object_depth_percentile_5_95,leave_one_out,time_of_day__distance_range,,10AM,mid,80,85.0,11.180339887498949,77.71855010439954,11.803616079114908,10.5654069442691,0.1330227768981756,0.13044670794187313,14.166179800208413,-0.6054452010546629,-7.281449895600469,-7.450979617607551,23.892042613256496,25.72187346139307,30.874317797959208,0.2375,0.475,0.8125,0.3,0.7
full_image__bbox_midpoint__object_depth_percentile_5_95,leave_one_out,time_of_day__distance_range,,10AM,near,100,40.0,14.142135623730951,77.4816867246017,37.4816867246017,38.68425008571965,1.234434497868225,0.9671062521429912,39.8930916216307,-6.957293795659107,37.4816867246017,38.68425008571965,55.654322823442136,59.30277533366898,62.91443716394798,0.0,0.0,0.13,1.0,0.0
full_image__bbox_midpoint__object_depth_percentile_5_95,leave_one_out,time_of_day__distance_range,,8PM,far,60,130.0,14.719601443879744,79.13556505318502,50.864434946814995,45.13299293084937,0.38357138136994967,0.36663717680207975,53.113246699474566,-12.02007834596575,-50.864434946814995,-45.13299293084937,72.42298850319989,74.45023500651585,76.36009204112584,0.0,0.0,0.0,0.0,1.0
full_image__bbox_midpoint__object_depth_percentile_5_95,leave_one_out,time_of_day__distance_range,,8PM,mid,80,85.0,11.180339887498949,76.55227481216323,12.947615241008908,10.957687704343847,0.14502572788107204,0.13104763788401103,15.441661045084729,-0.9075591666502976,-8.447725187836772,-9.731750183589781,25.654408463831558,27.363871652029587,30.635427758623862,0.2125,0.45,0.75,0.35,0.65
full_image__bbox_midpoint__object_depth_percentile_5_95,leave_one_out,time_of_day__distance_range,,8PM,near,100,40.0,14.142135623730951,77.33002737201599,37.33002737201599,38.58459982463268,1.2406413141613137,0.979169678017771,40.005004315406424,-7.002001851378434,37.33002737201599,38.58459982463268,57.8989235801333,61.2500285265524,64.1556402690467,0.0,0.01,0.14,1.0,0.0
full_image__bbox_midpoint__object_minus_ring,leave_one_out,weather,clear_sky,,,240,77.5,38.37859646556485,76.90569062203134,30.687730169503627,29.376584618934203,0.5951677887769365,0.3356556147732944,36.93972355489455,0.07357747577118112,-0.5943093779686497,-0.5550751111710284,58.520946887800704,70.75090499345691,85.91066225468117,0.10833333333333334,0.19583333333333333,0.3416666666666667,0.4875,0.5125
full_image__bbox_midpoint__object_minus_ring,leave_one_out,weather,light_rain,,,240,77.5,38.37859646556485,78.06273106129242,31.749235496521454,31.677615725623752,0.6424476176000102,0.35236632499811055,37.51753549669117,0.04436856368057829,0.5627310612924267,0.8893172542556584,59.38706078591617,70.83414744773924,71.34053389579961,0.0875,0.17083333333333334,0.3375,0.5041666666666667,0.49583333333333335
full_image__bbox_midpoint__object_minus_ring,leave_one_out,time_of_day,,10AM,,240,77.5,38.37859646556485,76.90959581902074,31.331891761600893,30.171422257361094,0.6184377315277807,0.3464705778923577,37.26564731609567,0.0571574744751604,-0.5904041809792716,-0.5666283491070843,59.38706078591617,70.80103109926637,85.91066225468117,0.09583333333333334,0.175,0.3375,0.48333333333333334,0.5166666666666667
full_image__bbox_midpoint__object_minus_ring,leave_one_out,time_of_day,,8PM,,240,77.5,38.37859646556485,78.05882586430305,31.10507390442418,29.495503707563138,0.619177674849166,0.3356556147732944,37.19381905868076,0.060788564976599235,0.5588258643030467,2.44195345595487,59.36232845669627,70.72382827948304,72.56359333284976,0.1,0.19166666666666668,0.3416666666666667,0.5083333333333333,0.49166666666666664
full_image__bbox_midpoint__object_minus_ring,leave_one_out,distance_range,,,far,120,130.0,14.719601443879744,79.35928058985527,50.64071941014473,45.77020247310287,0.3819346948511651,0.366161619784823,52.76056660598342,-11.847741793466522,-50.64071941014473,-45.77020247310287,70.8450273191954,70.94939448150448,72.56359333284976,0.0,0.0,0.0,0.0,1.0
full_image__bbox_midpoint__object_minus_ring,leave_one_out,distance_range,,,mid,160,85.0,11.180339887498949,79.109255523479,10.497122903701651,9.833153809751074,0.11829145114984044,0.1198145396308383,13.073591972856109,-0.3673504565818215,-5.890744476520994,-3.3392109727611796,20.731315495671865,20.875940396266788,49.57665981032404,0.2625,0.5125,0.75625,0.275,0.725
full_image__bbox_midpoint__object_minus_ring,leave_one_out,distance_range,,,near,200,40.0,14.142135623730951,75.05913324729218,36.14222883018193,37.90709020765534,1.1613445098217645,0.9647636294793924,38.981904731043926,-6.5979444823009255,35.059133247292166,37.662621279656925,56.63621850518089,59.26406717335383,85.91066225468117,0.025,0.03,0.21,0.97,0.03
full_image__bbox_midpoint__object_minus_ring,leave_one_out,weather__distance_range,clear_sky,,far,60,130.0,14.719601443879744,79.3811712218312,50.61882877816881,45.7869493010016,0.3817271942195839,0.3662955944080128,52.75233200117606,-11.84373168413371,-50.61882877816881,-45.7869493010016,70.82206740922555,70.9511531119382,72.56359333284976,0.0,0.0,0.0,0.0,1.0
full_image__bbox_midpoint__object_minus_ring,leave_one_out,weather__distance_range,clear_sky,,mid,80,85.0,11.180339887498949,78.80825604456282,10.696328555371576,9.833153809751074,0.12059406833182158,0.11935867560290822,13.595640383012846,-0.47873149939367754,-6.191743955437175,-4.656156905676802,20.741855747643424,20.87712696382976,49.57665981032404,0.2625,0.5125,0.7375,0.2625,0.7375
full_image__bbox_midpoint__object_minus_ring,leave_one_out,weather__distance_range,clear_sky,,near,100,40.0,14.142135623730951,73.89834992412626,34.722192295610164,32.78349700715608,1.1028911218674402,0.9301053729483986,38.17519291728759,-6.286726771360621,33.898349924126265,32.78349700715608,56.16650863709203,58.017576405069875,85.91066225468117,0.05,0.06,0.23,0.96,0.04
full_image__bbox_midpoint__object_minus_ring,leave_one_out,weather__distance_range,light_rain,,far,60,130.0,14.719601443879744,79.33738995787934,50.662610042120654,45.75513953559917,0.3821421954827463,0.36604111628479336,52.76879992577548,-11.851751902799334,-50.662610042120654,-45.75513953559917,70.85121670313629,70.94460080653613,71.34053389579961,0.0,0.0,0.0,0.0,1.0
full_image__bbox_midpoint__object_minus_ring,leave_one_out,weather__distance_range,light_rain,,mid,80,85.0,11.180339887498949,79.41025500239519,10.297917252031727,9.848156213093851,0.11598883396785928,0.12037077434494721,12.52981151978136,-0.2559694137699655,-5.589744997604813,-2.564196348669455,20.71330708437769,20.83184985765893,23.90600650568787,0.2625,0.5125,0.775,0.2875,0.7125
full_image__bbox_midpoint__object_minus_ring,leave_one_out,weather__distance_range,light_rain,,near,100,40.0,14.142135623730951,76.21991657045808,37.5622653647537,38.95763658722886,1.2197978977760893,0.9739409146807216,39.77225714802023,-6.909162193241231,36.219916570458075,38.778548182998684,57.618410814180386,59.36476219780122,62.601408289810834,0.0,0.0,0.19,0.98,0.02
full_image__bbox_midpoint__object_minus_ring,leave_one_out,time_of_day__distance_range,,10AM,far,60,130.0,14.719601443879744,79.41571473096964,50.58428526903036,45.75454394932588,0.3814911396355113,0.366036351594607,52.707372119698,-11.82184804198916,-50.58428526903036,-45.75454394932588,70.84339122316143,70.94463441953148,71.34053389579961,0.0,0.0,0.0,0.0,1.0
full_image__bbox_midpoint__object_minus_ring,leave_one_out,time_of_day__distance_range,,10AM,mid,80,85.0,11.180339887498949,78.38150781587203,10.66189869116833,9.697542745135074,0.1194914346704481,0.11884671370177843,13.666108071185604,-0.49410007850659454,-6.618492184127976,-6.346670704986337,20.74752105468633,21.16734414173129,49.57665981032404,0.2875,0.5125,0.7375,0.25,0.75
full_image__bbox_midpoint__object_minus_ring,leave_one_out,time_of_day__distance_range,,10AM,near,100,40.0,14.142135623730951,74.22839487437034,36.31645011348927,36.770712612412524,1.1597627241490087,0.9475633212746022,38.944808054746616,-6.583490372105285,34.22839487437035,35.867463794483534,54.7204412178216,58.15610838484485,85.91066225468117,0.0,0.01,0.22,0.96,0.04
full_image__bbox_midpoint__object_minus_ring,leave_one_out,time_of_day__distance_range,,8PM,far,60,130.0,14.719601443879744,79.3028464487409,50.697153551259106,45.78936741137748,0.38237825006681886,0.36631493929101977,52.8137075142856,-11.873635544943882,-50.697153551259106,-45.78936741137748,70.84505514789525,70.95256466275005,72.56359333284976,0.0,0.0,0.0,0.0,1.0
full_image__bbox_midpoint__object_minus_ring,leave_one_out,time_of_day__distance_range,,8PM,mid,80,85.0,11.180339887498949,79.83700323108599,10.33234711623497,9.927279902369754,0.11709146762923277,0.1204229916197675,12.452915495261784,-0.2406008346570485,-5.162996768914011,-2.044238347446438,20.708675881768418,20.766755202988655,21.219104225848355,0.2375,0.5125,0.775,0.3,0.7
full_image__bbox_midpoint__object_minus_ring,leave_one_out,time_of_day__distance_range,,8PM,near,100,40.0,14.142135623730951,75.889871620214,35.968007546874595,38.90357392551176,1.162926295494521,0.9755508068824872,39.018966138268105,-6.6123985924965645,35.88987162021399,38.90357392551176,57.618410814180386,59.26406717335383,67.03258493548782,0.05,0.05,0.2,0.98,0.02
full_image__bbox_midpoint__object_minus_ring_normalized,leave_one_out,weather,clear_sky,,,240,77.5,38.37859646556485,76.6433355683492,32.44703724472318,28.69040140149349,0.6692527145323492,0.3494173561610662,39.270856104474724,-0.04703828402491195,-0.8566644316508056,-1.3236508099036328,58.285303596162116,71.84385804934108,175.65040023945164,0.08333333333333333,0.16666666666666666,0.3375,0.49583333333333335,0.5041666666666667
full_image__bbox_midpoint__object_minus_ring_normalized,leave_one_out,weather,light_rain,,,240,77.5,38.37859646556485,77.88239955667977,32.11992773999899,30.596929284155905,0.6491046777918226,0.34642330710346186,38.03221469038627,0.017969321014562945,0.38239955667976727,-0.6716857776584675,58.40613708922955,71.85784836041762,71.95918592883666,0.0875,0.17083333333333334,0.3375,0.5,0.5
full_image__bbox_midpoint__object_minus_ring_normalized,leave_one_out,time_of_day,,10AM,,240,77.5,38.37859646556485,77.57936298742288,31.972615821981922,30.630339237710913,0.6407095699295152,0.34864604831386425,37.80955846697502,0.029434085566549806,0.07936298742288651,-1.562328072046391,58.14250423939627,71.8462090991472,71.95918592883666,0.0875,0.16666666666666666,0.3375,0.49583333333333335,0.5041666666666667
full_image__bbox_midpoint__object_minus_ring_normalized,leave_one_out,time_of_day,,8PM,,240,77.5,38.37859646556485,76.94637213760606,32.59434916274025,28.93186885600685,0.6776478223946566,0.3471946149506637,39.485272975710714,-0.05850304857689892,-0.5536278623939268,-0.498768239587406,58.42175904250398,71.84385804934108,175.65040023945164,0.08333333333333333,0.17083333333333334,0.3375,0.5,0.5
full_image__bbox_midpoint__object_minus_ring_normalized,leave_one_out,distance_range,,,far,120,130.0,14.719601443879744,78.21347365877085,51.786526341229155,46.802708311402014,0.3908890194395867,0.3744216664912161,53.84716245504342,-12.382385712891557,-51.786526341229155,-46.802708311402014,71.86011383562015,71.88221108751564,72.07948413912465,0.0,0.0,0.0,0.0,1.0
full_image__bbox_midpoint__object_minus_ring_normalized,leave_one_out,distance_range,,,mid,160,85.0,11.180339887498949,78.20913374662601,10.86988756944791,9.735653541246187,0.12179075825187376,0.12523071153887821,13.12618468807912,-0.37837379572450147,-6.790866253373989,-4.70521649620958,21.753277998507173,21.783348400805995,24.080142270984453,0.25,0.5,0.74375,0.25625,0.74375
full_image__bbox_midpoint__object_minus_ring_normalized,leave_one_out,distance_range,,,near,200,40.0,14.142135623730951,75.93549095747144,37.712532121370785,38.26067921775951,1.2500628525237552,0.9567170325682464,41.33801966558678,-7.544159349362195,35.93549095747144,38.24490944029694,57.62117266809082,58.3877835320625,175.65040023945164,0.005,0.005,0.215,0.99,0.01
full_image__bbox_midpoint__object_minus_ring_normalized,leave_one_out,weather__distance_range,clear_sky,,far,60,130.0,14.719601443879744,78.21626900934957,51.783730990650405,46.80664301195167,0.39086107256498903,0.37445314409561337,53.84627949874679,-12.381946842417653,-51.783730990650405,-46.80664301195167,71.85378372621526,71.8809813799153,72.07948413912465,0.0,0.0,0.0,0.0,1.0
full_image__bbox_midpoint__object_minus_ring_normalized,leave_one_out,weather__distance_range,clear_sky,,mid,80,85.0,11.180339887498949,78.12126985441591,10.96551839157596,9.967987932935031,0.12287567003823788,0.1265174959392899,13.233616374423569,-0.40102881876329266,-6.878730145584077,-6.4368450512960536,21.755537470601023,21.785932010016456,24.080142270984453,0.25,0.5,0.7375,0.25,0.75
full_image__bbox_midpoint__object_minus_ring_normalized,leave_one_out,weather__distance_range,clear_sky,,near,100,40.0,14.142135623730951,74.51722807489557,38.0302360796846,38.25291152526728,1.273389335308054,0.9570646570646446,42.67932008171451,-8.107621813187198,34.51722807489557,38.20677264530707,57.345004452355575,58.218910737097424,175.65040023945164,0.0,0.0,0.22,0.99,0.01
full_image__bbox_midpoint__object_minus_ring_normalized,leave_one_out,weather__distance_range,light_rain,,far,60,130.0,14.719601443879744,78.21067830819212,51.789321691807906,46.79964505252892,0.39091696631418454,0.3743971604202314,53.84804539686205,-12.382824583365458,-51.789321691807906,-46.79964505252892,71.86417845271438,71.88334599317083,71.95918592883666,0.0,0.0,0.0,0.0,1.0
full_image__bbox_midpoint__object_minus_ring_normalized,leave_one_out,weather__distance_range,light_rain,,mid,80,85.0,11.180339887498949,78.2969976388361,10.774256747319857,9.416943268610282,0.12070584646550966,0.12388736095449429,13.017866437543205,-0.3557187726857105,-6.703002361163901,-4.70521649620958,21.74981789102917,21.771814330734955,23.22513582304255,0.25,0.5,0.75,0.2625,0.7375
full_image__bbox_midpoint__object_minus_ring_normalized,leave_one_out,weather__distance_range,light_rain,,near,100,40.0,14.142135623730951,77.3537538400473,37.394828163056964,38.26067921775951,1.2267363697394558,0.9565169804439877,39.95171306849606,-6.9806968855371965,37.35375384004731,38.26067921775951,57.745337001684284,58.39885532962314,59.05407404450595,0.01,0.01,0.21,0.99,0.01
full_image__bbox_midpoint__object_minus_ring_normalized,leave_one_out,time_of_day__distance_range,,10AM,far,60,130.0,14.719601443879744,78.22830537815153,51.77169462184848,46.78934681760962,0.3907682453463894,0.3743147745408769,53.8346849771608,-12.376184491954502,-51.77169462184848,-46.78934681760962,71.86036490050844,71.8779432828506,71.95918592883666,0.0,0.0,0.0,0.0,1.0
full_image__bbox_midpoint__object_minus_ring_normalized,leave_one_out,time_of_day__distance_range,,10AM,mid,80,85.0,11.180339887498949,78.01245064848467,10.983324315626993,10.715341593882187,0.12292482079227218,0.1280440833243267,13.275019941715687,-0.40980923562359317,-6.987549351515315,-6.905197831964493,21.759102431587873,21.953372676457413,24.080142270984453,0.25,0.4875,0.7375,0.25,0.75
full_image__bbox_midpoint__object_minus_ring_normalized,leave_one_out,time_of_day__distance_range,,10AM,near,100,40.0,14.142135623730951,76.84352742413627,36.88460174714592,38.14820638818579,1.204902163989185,0.9537051597046449,39.38357017851228,-6.755328000029009,36.84352742413627,38.14820638818579,56.63757485198584,57.86145547988261,59.05407404450595,0.01,0.01,0.22,0.99,0.01
full_image__bbox_midpoint__object_minus_ring_normalized,leave_one_out,time_of_day__distance_range,,8PM,far,60,130.0,14.719601443879744,78.19864193939019,51.80135806060983,46.80709715869597,0.3910097935327841,0.3744567772695677,53.8596370423115,-12.388586933828613,-51.80135806060983,-46.80709715869597,71.86000356750327,71.88334599317083,72.07948413912465,0.0,0.0,0.0,0.0,1.0
full_image__bbox_midpoint__object_minus_ring_normalized,leave_one_out,time_of_day__distance_range,,8PM,mid,80,85.0,11.180339887498949,78.40581684476733,10.756450823268825,8.883606696376347,0.12065669571147537,0.12388736095449429,12.975642353200717,-0.34693835582541,-6.5941831552326615,-4.489268175301177,21.746597977623637,21.759789957051243,21.844986748277037,0.25,0.5125,0.75,0.2625,0.7375
full_image__bbox_midpoint__object_minus_ring_normalized,leave_one_out,time_of_day__distance_range,,8PM,near,100,40.0,14.142135623730951,75.0274544908066,38.54046249559564,38.3317082904204,1.295223541058325,0.9587464023022191,43.20414493702053,-8.332990698695383,35.027454490806605,38.32422294567312,58.09699767456244,58.399926399132966,175.65040023945164,0.0,0.0,0.21,0.99,0.01
full_image__inner50_median__object_depth,leave_one_out,weather,clear_sky,,,240,77.5,38.37859646556485,77.31636703506634,32.89506844431717,32.02909163114748,0.6627113986005523,0.35750301221586955,38.53117523385778,-0.00796704830704753,-0.18363296493366002,1.811612212413607,59.386185560076484,71.5367254829271,77.72646348058144,0.07916666666666666,0.14166666666666666,0.3333333333333333,0.5166666666666667,0.48333333333333334
full_image__inner50_median__object_depth,leave_one_out,weather,light_rain,,,240,77.5,38.37859646556485,77.68727611443046,32.4609519638566,31.88851240557196,0.660710688647081,0.3558416387805798,38.336201941491694,0.0022080593162105977,0.18727611443045664,2.7782820820619634,58.7560945915941,70.85363108975623,78.24108770909163,0.09166666666666666,0.16666666666666666,0.32916666666666666,0.5166666666666667,0.48333333333333334
full_image__inner50_median__object_depth,leave_one_out,time_of_day,,10AM,,240,77.5,38.37859646556485,77.50255763869534,32.65652702373293,32.02909163114748,0.6587144682226261,0.35750301221586955,38.47045213900587,-0.004792546158670419,0.002557638695331358,1.811612212413607,58.41131841459719,71.48049091736588,78.24108770909163,0.09166666666666666,0.15833333333333333,0.3333333333333333,0.5166666666666667,0.48333333333333334
full_image__inner50_median__object_depth,leave_one_out,time_of_day,,8PM,,240,77.5,38.37859646556485,77.50108551080147,32.69949338444084,32.28713233517051,0.6647076190250072,0.35208851802363683,38.39713734670262,-0.0009664428321665142,0.0010855108014614719,2.5701007954156054,60.65040195344274,71.09846318546263,76.12793857066939,0.07916666666666666,0.15,0.32916666666666666,0.5166666666666667,0.48333333333333334
full_image__inner50_median__object_depth,leave_one_out,distance_range,,,far,120,130.0,14.719601443879744,77.6722243482324,52.32777565176761,47.174732009099316,0.39509258520856316,0.3773978560727945,54.430023289896965,-12.673665086178737,-52.32777565176761,-47.174732009099316,73.5915563404061,74.66334198832203,78.24108770909163,0.0,0.0,0.0,0.0,1.0
full_image__inner50_median__object_depth,leave_one_out,distance_range,,,mid,160,85.0,11.180339887498949,77.36247219971189,11.899374610075942,10.513759399978142,0.13345808492515182,0.13197293815386008,14.238422886606635,-0.6218614903827488,-7.637527800288112,-8.143082717753906,23.69309033246783,25.096238903952663,28.54999362807058,0.25625,0.4625,0.79375,0.3,0.7
full_image__inner50_median__object_depth,leave_one_out,distance_range,,,near,200,40.0,14.142135623730951,77.51105941068721,37.51105941068721,38.517029499063796,1.2442844856319006,0.9629257374765949,40.06764783213252,-7.027082013998969,37.51105941068721,38.517029499063796,57.25279332836962,58.65117228330101,61.19745333325939,0.0,0.0,0.16,1.0,0.0
full_image__inner50_median__object_depth,leave_one_out,weather__distance_range,clear_sky,,far,60,130.0,14.719601443879744,77.44372844021473,52.55627155978528,47.50493924993174,0.39694935872056436,0.3800395139994539,54.62101590006931,-12.769794052102883,-52.55627155978528,-47.50493924993174,72.78031920830128,74.48961363698696,77.72646348058144,0.0,0.0,0.0,0.0,1.0
full_image__inner50_median__object_depth,leave_one_out,weather__distance_range,clear_sky,,mid,80,85.0,11.180339887498949,76.97293074758124,12.374627635655841,11.235732933420856,0.1389067119073574,0.14340345267592275,14.72955715342519,-0.7356788314881537,-8.027069252418753,-8.143082717753906,24.652257615760206,25.956887153814606,28.54999362807058,0.2375,0.425,0.8,0.3,0.7
full_image__inner50_median__object_depth,leave_one_out,weather__distance_range,clear_sky,,near,100,40.0,14.142135623730951,77.51469922196537,37.51469922196539,38.688188381912305,1.241212371883101,0.9672047095478076,39.994029627473445,-6.997612029216119,37.51469922196539,38.688188381912305,56.88918136388447,58.97189447453529,61.19745333325939,0.0,0.0,0.16,1.0,0.0
full_image__inner50_median__object_depth,leave_one_out,weather__distance_range,light_rain,,far,60,130.0,14.719601443879744,77.90072025625007,52.09927974374994,46.872394290883136,0.39323581169656197,0.3749791543270651,54.2383581307715,-12.577536120254589,-52.09927974374994,-46.872394290883136,73.85122389846448,75.5285377973544,78.24108770909163,0.0,0.0,0.0,0.0,1.0
full_image__inner50_median__object_depth,leave_one_out,weather__distance_range,light_rain,,mid,80,85.0,11.180339887498949,77.75201365184253,11.424121584496044,10.161137030762788,0.12800945794294627,0.12541376303770987,13.72973119400624,-0.508044149277344,-7.247986348157468,-8.170460296700568,22.317285832136907,23.86384753730084,27.917882040202755,0.275,0.5,0.7875,0.3,0.7
full_image__inner50_median__object_depth,leave_one_out,weather__distance_range,light_rain,,near,100,40.0,14.142135623730951,77.50741959940903,37.50741959940903,38.436235148057186,1.2473565993807005,0.9609058787014296,40.14113102238606,-7.056551998781822,37.50741959940903,38.436235148057186,57.595441814697416,58.39887664716273,60.94698208564728,0.0,0.0,0.16,1.0,0.0
full_image__inner50_median__object_depth,leave_one_out,time_of_day__distance_range,,10AM,far,60,130.0,14.719601443879744,77.1979556184615,52.802044381538494,48.10597788945429,0.398786706192655,0.38484782311563426,54.88849282433055,-12.904984513199626,-52.802044381538494,-48.10597788945429,74.31721456190067,75.58549056878178,78.24108770909163,0.0,0.0,0.0,0.0,1.0
full_image__inner50_median__object_depth,leave_one_out,time_of_day__distance_range,,10AM,mid,80,85.0,11.180339887498949,77.75657932837666,11.515420911181716,10.34349706245068,0.12936826243595584,0.12532735314367582,13.794758419658102,-0.5223628788538248,-7.243420671623331,-7.826121601885049,23.186653105182923,25.007931694398334,28.480308133862877,0.275,0.475,0.8125,0.3,0.7
full_image__inner50_median__object_depth,leave_one_out,time_of_day__distance_range,,10AM,near,100,40.0,14.142135623730951,77.48210149909056,37.48210149909056,38.33163332528625,1.2381480900699449,0.9582908331321562,39.90059368066554,-6.960286880347834,37.48210149909056,38.33163332528625,56.745167948538466,58.15890723458638,59.843513860183464,0.0,0.0,0.15,1.0,0.0
full_image__inner50_median__object_depth,leave_one_out,time_of_day__distance_range,,8PM,far,60,130.0,14.719601443879744,78.14649307800327,51.853506921996726,46.01173804568523,0.3913984642244714,0.37380415474566253,53.967659076069495,-12.442345659157843,-51.853506921996726,-46.01173804568523,72.39875329661804,73.84417643419867,76.12793857066939,0.0,0.0,0.0,0.0,1.0
full_image__inner50_median__object_depth,leave_one_out,time_of_day__distance_range,,8PM,mid,80,85.0,11.180339887498949,76.9683650710471,12.28332830897017,11.071569536428825,0.13754790741434783,0.13355778012976616,14.668674539267654,-0.7213601019116729,-8.031634928952892,-9.027514366030907,24.381420257658302,25.437958948472293,28.54999362807058,0.2375,0.45,0.775,0.3,0.7
full_image__inner50_median__object_depth,leave_one_out,time_of_day__distance_range,,8PM,near,100,40.0,14.142135623730951,77.54001732228386,37.54001732228386,38.688188381912305,1.2504208811938566,0.9672047095478076,40.23400837015896,-7.093877147650108,37.54001732228386,38.688188381912305,57.71227265112513,60.033356112300105,61.19745333325939,0.0,0.0,0.17,1.0,0.0
full_image__inner50_median__object_depth_percentile_5_95,leave_one_out,weather,clear_sky,,,240,77.5,38.37859646556485,77.58274741561375,32.80115341704675,33.04550045804509,0.6610966825083577,0.35526609393134667,38.26023138163313,0.006158774284964252,0.08274741561374034,2.7373198538356576,60.17732990772127,69.94959411199929,77.93890822614941,0.075,0.15,0.32916666666666666,0.5208333333333334,0.4791666666666667
full_image__inner50_median__object_depth_percentile_5_95,leave_one_out,weather,light_rain,,,240,77.5,38.37859646556485,77.42572408177845,32.56379927332949,31.765895180281348,0.6601006050935925,0.3599523708371519,38.43952721155625,-0.003177766731297327,-0.07427591822154984,2.57979888627235,60.50620199523286,71.09740588397456,80.00653352267027,0.07083333333333333,0.1625,0.325,0.525,0.475
full_image__inner50_median__object_depth_percentile_5_95,leave_one_out,time_of_day,,10AM,,240,77.5,38.37859646556485,77.48326142973085,32.75733207177043,31.899531724912414,0.6591652312961565,0.3621803028765318,38.54350243496012,-0.008612105201998066,-0.01673857026916039,2.7373198538356576,59.482275786085424,71.02278847853063,80.00653352267027,0.07916666666666666,0.15416666666666667,0.3333333333333333,0.5166666666666667,0.48333333333333334
full_image__inner50_median__object_depth_percentile_5_95,leave_one_out,time_of_day,,8PM,,240,77.5,38.37859646556485,77.52521006766135,32.60762061860581,32.049135485961216,0.6620320563057938,0.3508392548236503,38.155484241066866,0.011593112755664992,0.025210067661350876,2.57979888627235,61.97207595095652,69.924837899143,76.12653892331548,0.06666666666666667,0.15833333333333333,0.32083333333333336,0.5291666666666667,0.4708333333333333
full_image__inner50_median__object_depth_percentile_5_95,leave_one_out,distance_range,,,far,120,130.0,14.719601443879744,78.06956340182394,51.93043659817605,46.19880085804729,0.39194057227560497,0.3755041587573007,54.11124073324624,-12.513967878575356,-51.93043659817605,-46.19880085804729,73.38459188883837,74.47727045992234,80.00653352267027,0.0,0.0,0.0,0.0,1.0
full_image__inner50_median__object_depth_percentile_5_95,leave_one_out,distance_range,,,mid,160,85.0,11.180339887498949,77.13670681833852,12.27577371055051,10.604845677555375,0.1377834284525544,0.12984613534389938,14.69647330401729,-0.7278906206055431,-7.863293181661467,-8.522031938862277,24.713998936825227,26.36573740933603,30.297445400869663,0.21875,0.4625,0.8,0.31875,0.68125
full_image__inner50_median__object_depth_percentile_5_95,leave_one_out,distance_range,,,near,200,40.0,14.142135623730951,77.45906230110543,37.45906230110543,38.7871120050785,1.2400456589949336,0.9731841065748326,40.00157725482263,-7.000630914367715,37.45906230110543,38.7871120050785,57.027540895563384,59.52179424172337,63.66471947316545,0.0,0.005,0.145,1.0,0.0
full_image__inner50_median__object_depth_percentile_5_95,leave_one_out,weather__distance_range,clear_sky,,far,60,130.0,14.719601443879744,78.33109922265815,51.66890077734184,45.69658677332096,0.3901780387053326,0.3655726941865677,53.75303956218279,-12.335642748493486,-51.66890077734184,-45.69658677332096,72.72431623909895,73.3811463866702,77.93890822614941,0.0,0.0,0.0,0.0,1.0
full_image__inner50_median__object_depth_percentile_5_95,leave_one_out,weather__distance_range,clear_sky,,mid,80,85.0,11.180339887498949,76.91970406745472,12.571570905740977,11.964142320866557,0.14119333982379284,0.14350998858330677,15.045390895823285,-0.8109102976649774,-8.080295932545273,-8.053566615675521,25.45022154719116,26.41744931813035,30.297445400869663,0.225,0.45,0.8125,0.3125,0.6875
full_image__inner50_median__object_depth_percentile_5_95,leave_one_out,weather__distance_range,clear_sky,,near,100,40.0,14.142135623730951,77.66417100991431,37.664171009914305,38.83076530083262,1.2395705429378245,0.9882032391565536,39.98129745058307,-6.992520729160002,37.664171009914305,38.83076530083262,57.555090035502744,59.52179424172338,63.66471947316545,0.0,0.0,0.14,1.0,0.0
full_image__inner50_median__object_depth_percentile_5_95,leave_one_out,weather__distance_range,light_rain,,far,60,130.0,14.719601443879744,77.80802758098973,52.19197241901028,46.27310059159612,0.39370310584587737,0.3823472241190331,54.46708625591298,-12.692293008657224,-52.19197241901028,-46.27310059159612,74.34592154731274,76.03520258345151,80.00653352267027,0.0,0.0,0.0,0.0,1.0
full_image__inner50_median__object_depth_percentile_5_95,leave_one_out,weather__distance_range,light_rain,,mid,80,85.0,11.180339887498949,77.35370956922233,11.979976515360045,10.25680292866764,0.13437351708131598,0.12531467295019214,14.339067889624612,-0.6448709435461093,-7.646290430777663,-8.522031938862277,23.779528172694153,25.523494060893384,29.389438845030824,0.2125,0.475,0.7875,0.325,0.675
full_image__inner50_median__object_depth_percentile_5_95,leave_one_out,weather__distance_range,light_rain,,near,100,40.0,14.142135623730951,77.25395359229657,37.25395359229657,38.626980118379635,1.2405207750520426,0.9656745029594909,40.02184678291452,-7.008741099575428,37.25395359229657,38.626980118379635,56.89368544112031,59.53066090371858,62.52507348237528,0.0,0.01,0.15,1.0,0.0
full_image__inner50_median__object_depth_percentile_5_95,leave_one_out,time_of_day__distance_range,,10AM,far,60,130.0,14.719601443879744,77.16489967573261,52.835100324267394,49.05400984653665,0.3990442576612659,0.3924320787722932,54.959296797138116,-12.940881405088842,-52.835100324267394,-49.05400984653665,73.8145581212194,76.10011999368079,80.00653352267027,0.0,0.0,0.0,0.0,1.0
full_image__inner50_median__object_depth_percentile_5_95,leave_one_out,time_of_day__distance_range,,10AM,mid,80,85.0,11.180339887498949,77.68131937060316,11.750880810320833,10.367611397766034,0.13229233275621693,0.12984613534389938,14.082967831901227,-0.5866398636349179,-7.318680629396846,-7.1125396198793425,23.821951642051648,25.515670569785016,30.297445400869663,0.2375,0.4625,0.825,0.3,0.7
full_image__inner50_median__object_depth_percentile_5_95,leave_one_out,time_of_day__distance_range,,10AM,near,100,40.0,14.142135623730951,77.51583212943191,37.51583212943192,38.626980118379635,1.236736134309042,0.9656745029594909,39.930755350531776,-6.972326114320109,37.51583212943192,38.626980118379635,55.835285102291934,59.16936161151392,62.52507348237528,0.0,0.0,0.14,1.0,0.0
full_image__inner50_median__object_depth_percentile_5_95,leave_one_out,time_of_day__distance_range,,8PM,far,60,130.0,14.719601443879744,78.97422712791527,51.02577287208472,45.13044801167816,0.3848368868899439,0.36788576206042284,53.24968021450212,-12.08705435206187,-51.02577287208472,-45.13044801167816,72.45843478839956,74.342607127357,76.12653892331548,0.0,0.0,0.0,0.0,1.0
full_image__inner50_median__object_depth_percentile_5_95,leave_one_out,time_of_day__distance_range,,8PM,mid,80,85.0,11.180339887498949,76.59209426607391,12.800666610780189,11.053028638844609,0.14327452414889189,0.1296437629179693,15.285374453935406,-0.8691413775761687,-8.407905733926091,-9.483221639206086,25.45022154719116,27.040697184533077,30.07180199321779,0.2,0.4625,0.775,0.3375,0.6625
full_image__inner50_median__object_depth_percentile_5_95,leave_one_out,time_of_day__distance_range,,8PM,near,100,40.0,14.142135623730951,77.40229247277894,37.40229247277894,38.83076530083262,1.243355183680825,0.9761305822665862,40.07227399191446,-7.02893571441532,37.40229247277894,38.83076530083262,58.034380896795376,60.96640963012877,63.66471947316545,0.0,0.01,0.15,1.0,0.0
full_image__inner50_median__object_minus_ring,leave_one_out,weather,clear_sky,,,240,77.5,38.37859646556485,76.97732433944,31.11607957085664,28.939133784811126,0.6068899362781759,0.3458128680364313,37.15019684326315,0.0629903532719438,-0.5226756605599898,-0.6690821354259455,58.26221785389456,71.30028396968528,73.24644413819388,0.09166666666666666,0.175,0.3375,0.49583333333333335,0.5041666666666667
full_image__inner50_median__object_minus_ring,leave_one_out,weather,light_rain,,,240,77.5,38.37859646556485,77.97790699501336,32.12879163689589,35.02387726141514,0.6539394047581119,0.3587847912098952,37.95688442942314,0.021855677111003224,0.47790699501335515,0.6896220481529411,59.24370867089848,71.27996825832649,71.6739076960874,0.09166666666666666,0.175,0.3333333333333333,0.5,0.5
full_image__inner50_median__object_minus_ring,leave_one_out,time_of_day,,10AM,,240,77.5,38.37859646556485,76.90792693966416,31.640298472191976,30.964516853241683,0.6271642508829451,0.35426747942972014,37.50478197761803,0.04501815817460009,-0.5920730603358171,-1.1261787139777226,59.24370867089848,71.2789513734831,71.54891780206871,0.09583333333333334,0.17083333333333334,0.3333333333333333,0.48333333333333334,0.5166666666666667
full_image__inner50_median__object_minus_ring,leave_one_out,time_of_day,,8PM,,240,77.5,38.37859646556485,78.04730439478917,31.604572735560552,29.700079736662573,0.6336650901533425,0.3458128680364313,37.60656232485392,0.03982787220834694,0.5473043947891844,5.034044693572369,58.9514391303712,71.30130085452866,73.24644413819388,0.0875,0.17916666666666667,0.3375,0.5125,0.4875
full_image__inner50_median__object_minus_ring,leave_one_out,distance_range,,,far,120,130.0,14.719601443879744,78.80670124285011,51.19329875714989,46.278546823392404,0.3862258464707064,0.3702283745871392,53.29397178341783,-12.108834285161857,-51.19329875714989,-46.278546823392404,71.35947389291296,71.43226165959432,73.24644413819388,0.0,0.0,0.0,0.0,1.0
full_image__inner50_median__object_minus_ring,leave_one_out,distance_range,,,mid,160,85.0,11.180339887498949,78.66150075886947,10.671093518069574,9.758142284657758,0.11981434910612303,0.12442883279707906,13.11229113798441,-0.375457431098116,-6.338499241130533,-2.9439186341646675,21.246588102094258,21.359815957219798,41.2643645952366,0.2625,0.50625,0.75,0.26875,0.73125
full_image__inner50_median__object_minus_ring,leave_one_out,distance_range,,,near,200,40.0,14.142135623730951,75.73305624853839,36.64099138055744,38.09318645446387,1.1854082220762228,0.9628501442354747,39.2853718464938,-6.716702205586441,35.733056248538404,38.03309514195891,56.85692590640935,58.9477391724414,66.0622320423857,0.01,0.015,0.205,0.98,0.02
full_image__inner50_median__object_minus_ring,leave_one_out,weather__distance_range,clear_sky,,far,60,130.0,14.719601443879744,78.80866637397637,51.191333626023656,46.289511647077006,0.3861727677289389,0.37031609317661607,53.30495975797655,-12.114240314459227,-51.191333626023656,-46.289511647077006,71.35947389291296,71.48668224696172,73.24644413819388,0.0,0.0,0.0,0.0,1.0
full_image__inner50_median__object_minus_ring,leave_one_out,weather__distance_range,clear_sky,,mid,80,85.0,11.180339887498949,78.5088536053744,10.88100571026096,10.051499750316516,0.12237431589431216,0.12451293207022987,13.48667164303129,-0.45512249605555444,-6.491146394625604,-4.692886652524209,21.246390456068386,21.3028863816049,41.2643645952366,0.25,0.4875,0.7375,0.2625,0.7375
full_image__inner50_median__object_minus_ring,leave_one_out,weather__distance_range,clear_sky,,near,100,40.0,14.142135623730951,74.6532957059707,35.25898622623298,34.37258203377114,1.1269327337148092,0.9581761518889484,38.235658889293695,-6.30982805349212,34.653295705970706,34.37258203377114,56.48993703896267,57.94253245224556,66.0622320423857,0.02,0.03,0.22,0.98,0.02
full_image__inner50_median__object_minus_ring,leave_one_out,weather__distance_range,light_rain,,far,60,130.0,14.719601443879744,78.8047361117239,51.19526388827612,46.278546823392404,0.38627892521247403,0.3702283745871392,53.28298154292769,-12.103428255864491,-51.19526388827612,-46.278546823392404,71.34828262584195,71.41860283184974,71.6739076960874,0.0,0.0,0.0,0.0,1.0
full_image__inner50_median__object_minus_ring,leave_one_out,weather__distance_range,light_rain,,mid,80,85.0,11.180339887498949,78.81414791236455,10.461181325878186,9.325538024276028,0.11725438231793395,0.12439091650936177,12.726902441976396,-0.29579236614067783,-6.185852087635461,-2.775776570670999,21.246588102094258,21.377926612018864,24.294815900058495,0.275,0.525,0.7625,0.275,0.725
full_image__inner50_median__object_minus_ring,leave_one_out,weather__distance_range,light_rain,,near,100,40.0,14.142135623730951,76.8128167911061,38.022996534881905,38.60190101649105,1.243883710437637,0.9650475254122762,40.307756964834354,-7.123576357680761,36.812816791106094,38.54479947766576,57.84608530891587,59.02284459787359,63.17754913147613,0.0,0.0,0.19,0.98,0.02
full_image__inner50_median__object_minus_ring,leave_one_out,time_of_day__distance_range,,10AM,far,60,130.0,14.719601443879744,78.86756476964109,51.132435230358915,46.27210207379287,0.3857681288322589,0.37017681659034296,53.22967489193551,-12.077222872774538,-51.132435230358915,-46.27210207379287,71.35344583660583,71.41860283184974,71.54891780206871,0.0,0.0,0.0,0.0,1.0
full_image__inner50_median__object_minus_ring,leave_one_out,time_of_day__distance_range,,10AM,mid,80,85.0,11.180339887498949,78.10352624523416,10.832150167231575,9.871546940705208,0.121127822098657,0.12424766542997581,13.529028521111401,-0.46427690180036585,-6.896473754765845,-6.675531156865354,21.28035067884387,21.639181554063057,41.2643645952366,0.275,0.5,0.7375,0.25,0.75
full_image__inner50_median__object_minus_ring,leave_one_out,time_of_day__distance_range,,10AM,near,100,40.0,14.142135623730951,74.77566479722208,36.591535061260146,37.74883322455783,1.1768310671407876,0.9581761518889484,39.10746919978411,-6.646970736060314,34.775664797222056,37.57948926946098,54.75013220319743,59.02248335959622,63.17754913147613,0.01,0.01,0.21,0.96,0.04
full_image__inner50_median__object_minus_ring,leave_one_out,time_of_day__distance_range,,8PM,far,60,130.0,14.719601443879744,78.74583771605914,51.25416228394087,46.289841281390764,0.3866835641091539,0.3703187302511261,53.3581911968755,-12.140445697549179,-51.25416228394087,-46.289841281390764,71.36724738636664,71.44552356646103,73.24644413819388,0.0,0.0,0.0,0.0,1.0
full_image__inner50_median__object_minus_ring,leave_one_out,time_of_day__distance_range,,8PM,mid,80,85.0,11.180339887498949,79.21947527250477,10.51003686890757,9.740963979203656,0.1185008761135891,0.12497202933286368,12.681866780938966,-0.286637960395866,-5.78052472749522,-2.012840234297691,21.245881736670327,21.253394386320682,21.93000015028302,0.25,0.5125,0.7625,0.2875,0.7125
full_image__inner50_median__object_minus_ring,leave_one_out,time_of_day__distance_range,,8PM,near,100,40.0,14.142135623730951,76.69044769985474,36.69044769985474,38.56442504507817,1.1939853770116584,0.9699720711002424,39.462472489981074,-6.7864336751125665,36.69044769985474,38.56442504507817,57.883127207736685,58.878031738459136,66.0622320423857,0.01,0.02,0.2,1.0,0.0
full_image__inner50_median__object_minus_ring_normalized,leave_one_out,weather,clear_sky,,,240,77.5,38.37859646556485,76.77355633015038,32.50997515903785,30.265543538945877,0.6683262934181791,0.3492413788693105,38.963212615288064,-0.030697779216391385,-0.7264436698496107,-1.6171383081907464,58.14888481027746,72.02460298250463,148.472189033353,0.08333333333333333,0.16666666666666666,0.3333333333333333,0.49583333333333335,0.5041666666666667
full_image__inner50_median__object_minus_ring_normalized,leave_one_out,weather,light_rain,,,240,77.5,38.37859646556485,77.82168318997695,32.22757298796901,29.873847135661627,0.6519709367511392,0.3481556333445628,38.15798191181392,0.011463705630109122,0.3216831899769545,1.9686773628029925,58.3151116626932,72.01911526401871,72.10081097438788,0.0875,0.175,0.3375,0.5,0.5
full_image__inner50_median__object_minus_ring_normalized,leave_one_out,time_of_day,,10AM,,240,77.5,38.37859646556485,77.5594448005685,32.087895930118165,30.182477596436733,0.6440112105702706,0.3486610296573659,37.93439117938884,0.023014630279449944,0.05944480056848723,1.2587207090808832,58.28185778870324,72.01889746304865,72.06604455398274,0.0875,0.17083333333333334,0.3333333333333333,0.5,0.5
full_image__inner50_median__object_minus_ring_normalized,leave_one_out,time_of_day,,8PM,,240,77.5,38.37859646556485,77.03579471955887,32.649652216888704,29.873847135661627,0.6762860195990477,0.3487359825565074,39.18093269353816,-0.042248703865731985,-0.4642052804411454,-0.9071816544686371,58.270043002373946,72.02873114735097,148.472189033353,0.08333333333333333,0.17083333333333334,0.3375,0.49583333333333335,0.5041666666666667
full_image__inner50_median__object_minus_ring_normalized,leave_one_out,distance_range,,,far,120,130.0,14.719601443879744,78.0301478395523,51.9698521604477,46.97710108821292,0.3923147564826729,0.37581680870570333,54.024045467973984,-12.470449947964864,-51.9698521604477,-46.97710108821292,72.03414323893895,72.05032060127606,72.26627336803583,0.0,0.0,0.0,0.0,1.0
full_image__inner50_median__object_minus_ring_normalized,leave_one_out,distance_range,,,mid,160,85.0,11.180339887498949,78.04317649308803,10.945958829818844,8.610639802306821,0.12250564774668285,0.12220591294489741,13.18809773516208,-0.39140737497749734,-6.956823506911976,-5.121991504118178,21.928086399609022,21.951440007953618,23.3025471967418,0.25,0.50625,0.74375,0.25,0.75
full_image__inner50_median__object_minus_ring_normalized,leave_one_out,distance_range,,,near,200,40.0,14.142135623730951,76.26165752595101,37.74637941628455,38.13589203745468,1.2509633041162318,0.953397300936367,40.971904939001455,-7.393484971652859,36.261657525951016,38.127658881259435,57.815841769508985,58.2453089473187,148.472189033353,0.005,0.005,0.21,0.995,0.005
full_image__inner50_median__object_minus_ring_normalized,leave_one_out,weather__distance_range,clear_sky,,far,60,130.0,14.719601443879744,78.03031305798018,51.96968694201983,46.97870307026058,0.39230815470942687,0.37582962456208463,54.025485454977776,-12.471168055289303,-51.96968694201983,-46.97870307026058,72.03414323893895,72.06192654118966,72.26627336803583,0.0,0.0,0.0,0.0,1.0
full_image__inner50_median__object_minus_ring_normalized,leave_one_out,weather__distance_range,clear_sky,,mid,80,85.0,11.180339887498949,78.00576718352688,11.04868853132572,9.830231821061908,0.12375934024070741,0.12300914003295459,13.278359086909768,-0.4105185603273538,-6.994232816473108,-6.554945238202592,21.924327031638526,21.94009707112065,22.124521214714818,0.25,0.5,0.7375,0.25,0.75
full_image__inner50_median__object_minus_ring_normalized,leave_one_out,weather__distance_range,clear_sky,,near,100,40.0,14.142135623730951,75.03373361075133,38.00317739141838,38.14634755599286,1.2695907391854078,0.9536586888998215,41.84749629678696,-7.756064731547992,35.03373361075133,38.127609723843946,57.49864696743346,58.11610377714109,148.472189033353,0.0,0.0,0.21,0.99,0.01
full_image__inner50_median__object_minus_ring_normalized,leave_one_out,weather__distance_range,light_rain,,far,60,130.0,14.719601443879744,78.02998262112442,51.97001737887558,46.97710108821292,0.39232135825591885,0.37581680870570333,54.02260544258695,-12.469731840640423,-51.97001737887558,-46.97710108821292,72.0346126663462,72.04897976384837,72.10081097438788,0.0,0.0,0.0,0.0,1.0
full_image__inner50_median__object_minus_ring_normalized,leave_one_out,weather__distance_range,light_rain,,mid,80,85.0,11.180339887498949,78.08058580264915,10.843229128311966,8.264631521056877,0.1212519552526583,0.11806616458652683,13.097214348992502,-0.37229618962764066,-6.919414197350844,-5.121991504118178,21.928161802338355,21.95200208811936,23.3025471967418,0.25,0.5125,0.75,0.25,0.75
full_image__inner50_median__object_minus_ring_normalized,leave_one_out,weather__distance_range,light_rain,,near,100,40.0,14.142135623730951,77.4895814411507,37.48958144115071,38.127658881259435,1.2323358690470558,0.9531914720314858,40.07718855348444,-7.030905211757721,37.48958144115071,38.127658881259435,57.84681891311831,58.28115175798677,59.15298903553676,0.01,0.01,0.21,1.0,0.0
full_image__inner50_median__object_minus_ring_normalized,leave_one_out,time_of_day__distance_range,,10AM,far,60,130.0,14.719601443879744,78.04323715912116,51.95676284087885,46.97583674629515,0.3922118839452255,0.3758066939703612,54.01178112565109,-12.464334617070337,-51.95676284087885,-46.97583674629515,72.03414323893895,72.04735029162474,72.06604455398274,0.0,0.0,0.0,0.0,1.0
full_image__inner50_median__object_minus_ring_normalized,leave_one_out,time_of_day__distance_range,,10AM,mid,80,85.0,11.180339887498949,77.88334407072358,11.033553198054335,10.030184978007348,0.12336993869284738,0.12502836106992288,13.294731892649743,-0.4139991687795057,-7.116655929276424,-7.064012439162674,21.92896278628018,21.965441344714364,23.3025471967418,0.25,0.5,0.7375,0.25,0.75
full_image__inner50_median__object_minus_ring_normalized,leave_one_out,time_of_day__distance_range,,10AM,near,100,40.0,14.142135623730951,77.01004996931282,37.01004996931282,38.08937402216382,1.211603824047236,0.9522343505540954,39.52062581570603,-6.809399324325251,37.01004996931282,38.08937402216382,57.173063791513705,57.92605326892956,59.15298903553676,0.01,0.01,0.21,1.0,0.0
full_image__inner50_median__object_minus_ring_normalized,leave_one_out,time_of_day__distance_range,,8PM,far,60,130.0,14.719601443879744,78.01705851998344,51.98294148001657,46.97932401799425,0.39241762902012023,0.375834592143954,54.036307026722326,-12.476565278859388,-51.98294148001657,-46.97932401799425,72.03413112051578,72.06559615085436,72.26627336803583,0.0,0.0,0.0,0.0,1.0
full_image__inner50_median__object_minus_ring_normalized,leave_one_out,time_of_day__distance_range,,8PM,mid,80,85.0,11.180339887498949,78.20300891545246,10.858364461583353,8.514541667294118,0.12164135680051832,0.12083308244471594,13.080594315509371,-0.3688155811754885,-6.796991084547528,-4.8669446344103875,21.92792992939841,21.934057677074303,22.05258397840231,0.25,0.5125,0.75,0.25,0.75
full_image__inner50_median__object_minus_ring_normalized,leave_one_out,time_of_day__distance_range,,8PM,near,100,40.0,14.142135623730951,75.5132650825892,38.48270886325628,38.190667052345255,1.2903227841852276,0.9547666763086313,42.373507334136185,-7.977570618980465,35.513265082589214,38.18206210926459,58.117349461756746,58.2453089473187,148.472189033353,0.0,0.0,0.21,0.99,0.01
