sample_id,drone_type,distance_m,true_distance_m,image_path,label_path,weather,time_of_day,bbox_width_px__jitter_median,bbox_width_px__jitter_std,bbox_height_px__jitter_median,bbox_height_px__jitter_std,bbox_width_norm__jitter_median,bbox_width_norm__jitter_std,bbox_height_norm__jitter_median,bbox_height_norm__jitter_std,bbox_area_ratio__jitter_median,bbox_area_ratio__jitter_std,bbox_aspect_ratio__jitter_median,bbox_aspect_ratio__jitter_std,bbox_center_x_norm__jitter_median,bbox_center_x_norm__jitter_std,bbox_center_y_norm__jitter_median,bbox_center_y_norm__jitter_std,bbox_only__inner50_median__object_depth__jitter_median,weather=clear_sky,weather=light_rain,time_of_day=10AM,time_of_day=8PM
Kongsberg::IMG_0033_JPG.rf.36b9b4f4d4e258808482b33e99f9bae9.jpg,Kongsberg,4.0,4.0,C:\Users\depthlev\Desktop\Z_Drone_Final_Project_GA\nenrus-Dataset-of-Drone-Distance-Estimation-a5aac8f\prepared_by_drone_type\Kongsberg\distance_04m\images\IMG_0033_JPG.rf.36b9b4f4d4e258808482b33e99f9bae9.jpg,C:\Users\depthlev\Desktop\Z_Drone_Final_Project_GA\nenrus-Dataset-of-Drone-Distance-Estimation-a5aac8f\prepared_by_drone_type\Kongsberg\distance_04m\labels\IMG_0033_JPG.rf.36b9b4f4d4e258808482b33e99f9bae9.txt,unknown,unknown,166.0,7.48331477,53.0,2.13808994,0.08645833,0.00389756,0.04907407,0.00197971,0.00424286,0.00036264,3.13207547,0.01495792,0.39322917,0.00361916,0.30694444,0.00197971,1.61767602,0.0,0.0,0.0,0.0
Kongsberg::IMG_0034_JPG.rf.010c059c1711023a83313856c8edfafe.jpg,Kongsberg,4.0,4.0,C:\Users\depthlev\Desktop\Z_Drone_Final_Project_GA\nenrus-Dataset-of-Drone-Distance-Estimation-a5aac8f\prepared_by_drone_type\Kongsberg\distance_04m\images\IMG_0034_JPG.rf.010c059c1711023a83313856c8edfafe.jpg,C:\Users\depthlev\Desktop\Z_Drone_Final_Project_GA\nenrus-Dataset-of-Drone-Distance-Estimation-a5aac8f\prepared_by_drone_type\Kongsberg\distance_04m\labels\IMG_0034_JPG.rf.010c059c1711023a83313856c8edfafe.txt,unknown,unknown,200.0,8.55235974,67.0,3.2071349,0.10416667,0.00445435,0.06203704,0.00296957,0.00646219,0.00058604,2.98507463,0.01540861,0.38020833,0.00445435,0.27916667,0.00247464,1.75833797,0.0,0.0,0.0,0.0
Kongsberg::IMG_0035_JPG.rf.4e05d0752bcc24d21560103c6d3fd792.jpg,Kongsberg,4.0,4.0,C:\Users\depthlev\Desktop\Z_Drone_Final_Project_GA\nenrus-Dataset-of-Drone-Distance-Estimation-a5aac8f\prepared_by_drone_type\Kongsberg\distance_04m\images\IMG_0035_JPG.rf.4e05d0752bcc24d21560103c6d3fd792.jpg,C:\Users\depthlev\Desktop\Z_Drone_Final_Project_GA\nenrus-Dataset-of-Drone-Distance-Estimation-a5aac8f\prepared_by_drone_type\Kongsberg\distance_04m\labels\IMG_0035_JPG.rf.4e05d0752bcc24d21560103c6d3fd792.txt,unknown,unknown,177.0,7.48331477,62.0,2.13808994,0.0921875,0.00389756,0.05740741,0.00197971,0.00529225,0.00040644,2.85483871,0.02237477,0.40286458,0.00389756,0.27685185,0.00247464,3.1118207,0.0,0.0,0.0,0.0
Kongsberg::IMG_0036_JPG.rf.e3e8d34316575b5ccbab20535a19a2a3.jpg,Kongsberg,4.0,4.0,C:\Users\depthlev\Desktop\Z_Drone_Final_Project_GA\nenrus-Dataset-of-Drone-Distance-Estimation-a5aac8f\prepared_by_drone_type\Kongsberg\distance_04m\images\IMG_0036_JPG.rf.e3e8d34316575b5ccbab20535a19a2a3.jpg,C:\Users\depthlev\Desktop\Z_Drone_Final_Project_GA\nenrus-Dataset-of-Drone-Distance-Estimation-a5aac8f\prepared_by_drone_type\Kongsberg\distance_04m\labels\IMG_0036_JPG.rf.e3e8d34316575b5ccbab20535a19a2a3.txt,unknown,unknown,170.0,7.48331477,60.0,2.13808994,0.08854167,0.00389756,0.05555556,0.00197971,0.00491898,0.00039201,2.83333333,0.02390046,0.4140625,0.00389756,0.28518519,0.00247464,2.04871273,0.0,0.0,0.0,0.0
Kongsberg::IMG_0037_JPG.rf.8b2903bda4198baa826e80dbf2ea63ca.jpg,Kongsberg,4.0,4.0,C:\Users\depthlev\Desktop\Z_Drone_Final_Project_GA\nenrus-Dataset-of-Drone-Distance-Estimation-a5aac8f\prepared_by_drone_type\Kongsberg\distance_04m\images\IMG_0037_JPG.rf.8b2903bda4198baa826e80dbf2ea63ca.jpg,C:\Users\depthlev\Desktop\Z_Drone_Final_Project_GA\nenrus-Dataset-of-Drone-Distance-Estimation-a5aac8f\prepared_by_drone_type\Kongsberg\distance_04m\labels\IMG_0037_JPG.rf.8b2903bda4198baa826e80dbf2ea63ca.txt,unknown,unknown,173.0,7.48331477,57.0,2.13808994,0.09010417,0.00389756,0.05277778,0.00197971,0.0047555,0.00038428,3.03508772,0.01755612,0.40703125,0.00389756,0.29027778,0.00247464,1.8166666,0.0,0.0,0.0,0.0
Kongsberg::IMG_0038_JPG.rf.19efc51c9cf6d065a4cfdd143394ae6d.jpg,Kongsberg,4.0,4.0,C:\Users\depthlev\Desktop\Z_Drone_Final_Project_GA\nenrus-Dataset-of-Drone-Distance-Estimation-a5aac8f\prepared_by_drone_type\Kongsberg\distance_04m\images\IMG_0038_JPG.rf.19efc51c9cf6d065a4cfdd143394ae6d.jpg,C:\Users\depthlev\Desktop\Z_Drone_Final_Project_GA\nenrus-Dataset-of-Drone-Distance-Estimation-a5aac8f\prepared_by_drone_type\Kongsberg\distance_04m\labels\IMG_0038_JPG.rf.19efc51c9cf6d065a4cfdd143394ae6d.txt,unknown,unknown,166.0,7.48331477,56.0,2.13808994,0.08645833,0.00389756,0.05185185,0.00197971,0.00448302,0.00037346,2.96428571,0.02059598,0.40364583,0.00361916,0.2962963,0.00197971,1.62145782,0.0,0.0,0.0,0.0
Kongsberg::IMG_0039_JPG.rf.b9a8b7aa0f1324071b8e50c727735bd8.jpg,Kongsberg,4.0,4.0,C:\Users\depthlev\Desktop\Z_Drone_Final_Project_GA\nenrus-Dataset-of-Drone-Distance-Estimation-a5aac8f\prepared_by_drone_type\Kongsberg\distance_04m\images\IMG_0039_JPG.rf.b9a8b7aa0f1324071b8e50c727735bd8.jpg,C:\Users\depthlev\Desktop\Z_Drone_Final_Project_GA\nenrus-Dataset-of-Drone-Distance-Estimation-a5aac8f\prepared_by_drone_type\Kongsberg\distance_04m\labels\IMG_0039_JPG.rf.b9a8b7aa0f1324071b8e50c727735bd8.txt,unknown,unknown,205.0,8.55235974,55.0,2.13808994,0.10677083,0.00445435,0.05092593,0.00197971,0.0054374,0.00043844,3.72727273,0.01067859,0.40130208,0.00445435,0.31898148,0.00197971,1.17901301,0.0,0.0,0.0,0.0
Kongsberg::IMG_0040_JPG.rf.c8e820cb03d9ff213ed7776f8eed2edc.jpg,Kongsberg,4.0,4.0,C:\Users\depthlev\Desktop\Z_Drone_Final_Project_GA\nenrus-Dataset-of-Drone-Distance-Estimation-a5aac8f\prepared_by_drone_type\Kongsberg\distance_04m\images\IMG_0040_JPG.rf.c8e820cb03d9ff213ed7776f8eed2edc.jpg,C:\Users\depthlev\Desktop\Z_Drone_Final_Project_GA\nenrus-Dataset-of-Drone-Distance-Estimation-a5aac8f\prepared_by_drone_type\Kongsberg\distance_04m\labels\IMG_0040_JPG.rf.c8e820cb03d9ff213ed7776f8eed2edc.txt,unknown,unknown,168.0,7.48331477,60.0,2.13808994,0.0875,0.00389756,0.05555556,0.00197971,0.00486111,0.00038995,2.8,0.02509548,0.38333333,0.00361916,0.31296296,0.00247464,1.8098321,0.0,0.0,0.0,0.0
Kongsberg::IMG_0041_JPG.rf.e7d605394f23f1d66309b0dd75382ac1.jpg,Kongsberg,4.0,4.0,C:\Users\depthlev\Desktop\Z_Drone_Final_Project_GA\nenrus-Dataset-of-Drone-Distance-Estimation-a5aac8f\prepared_by_drone_type\Kongsberg\distance_04m\images\IMG_0041_JPG.rf.e7d605394f23f1d66309b0dd75382ac1.jpg,C:\Users\depthlev\Desktop\Z_Drone_Final_Project_GA\nenrus-Dataset-of-Drone-Distance-Estimation-a5aac8f\prepared_by_drone_type\Kongsberg\distance_04m\labels\IMG_0041_JPG.rf.e7d605394f23f1d66309b0dd75382ac1.txt,unknown,unknown,175.0,7.48331477,58.0,2.13808994,0.09114583,0.00389756,0.0537037,0.00197971,0.00489487,0.00038995,3.01724138,0.01791163,0.37786458,0.00389756,0.31574074,0.00247464,1.28486061,0.0,0.0,0.0,0.0
Kongsberg::IMG_0042_JPG.rf.e72a73da615bcbe2e46b1ddf0ae5fd42.jpg,Kongsberg,4.0,4.0,C:\Users\depthlev\Desktop\Z_Drone_Final_Project_GA\nenrus-Dataset-of-Drone-Distance-Estimation-a5aac8f\prepared_by_drone_type\Kongsberg\distance_04m\images\IMG_0042_JPG.rf.e72a73da615bcbe2e46b1ddf0ae5fd42.jpg,C:\Users\depthlev\Desktop\Z_Drone_Final_Project_GA\nenrus-Dataset-of-Drone-Distance-Estimation-a5aac8f\prepared_by_drone_type\Kongsberg\distance_04m\labels\IMG_0042_JPG.rf.e72a73da615bcbe2e46b1ddf0ae5fd42.txt,unknown,unknown,162.0,6.41426981,53.0,2.13808994,0.084375,0.00334077,0.04907407,0.00197971,0.00414063,0.00033115,3.05660377,0.00230122,0.39114583,0.00361916,0.3162037,0.00197971,1.32803535,0.0,0.0,0.0,0.0
Kongsberg::IMG_0043_JPG.rf.a6b0b466a614e0230c506ef8a458bb4d.jpg,Kongsberg,4.0,4.0,C:\Users\depthlev\Desktop\Z_Drone_Final_Project_GA\nenrus-Dataset-of-Drone-Distance-Estimation-a5aac8f\prepared_by_drone_type\Kongsberg\distance_04m\images\IMG_0043_JPG.rf.a6b0b466a614e0230c506ef8a458bb4d.jpg,C:\Users\depthlev\Desktop\Z_Drone_Final_Project_GA\nenrus-Dataset-of-Drone-Distance-Estimation-a5aac8f\prepared_by_drone_type\Kongsberg\distance_04m\labels\IMG_0043_JPG.rf.a6b0b466a614e0230c506ef8a458bb4d.txt,unknown,unknown,180.0,7.48331477,56.0,2.13808994,0.09375,0.00389756,0.05185185,0.00197971,0.00486111,0.00038789,3.21428571,0.01098452,0.396875,0.00389756,0.31481481,0.00197971,1.25093365,0.0,0.0,0.0,0.0
Kongsberg::IMG_0044_JPG.rf.a0b97094e914c482b05f7b3ccb102c0c.jpg,Kongsberg,4.0,4.0,C:\Users\depthlev\Desktop\Z_Drone_Final_Project_GA\nenrus-Dataset-of-Drone-Distance-Estimation-a5aac8f\prepared_by_drone_type\Kongsberg\distance_04m\images\IMG_0044_JPG.rf.a0b97094e914c482b05f7b3ccb102c0c.jpg,C:\Users\depthlev\Desktop\Z_Drone_Final_Project_GA\nenrus-Dataset-of-Drone-Distance-Estimation-a5aac8f\prepared_by_drone_type\Kongsberg\distance_04m\labels\IMG_0044_JPG.rf.a0b97094e914c482b05f7b3ccb102c0c.txt,unknown,unknown,147.0,6.41426981,53.0,2.13808994,0.0765625,0.00334077,0.04907407,0.00197971,0.00375723,0.00031569,2.77358491,0.00920488,0.39505208,0.00334077,0.32268519,0.00197971,1.94057429,0.0,0.0,0.0,0.0
Kongsberg::IMG_0045_JPG.rf.c6c7966fcfee6b8c81d1e38a4ff7191a.jpg,Kongsberg,4.0,4.0,C:\Users\depthlev\Desktop\Z_Drone_Final_Project_GA\nenrus-Dataset-of-Drone-Distance-Estimation-a5aac8f\prepared_by_drone_type\Kongsberg\distance_04m\images\IMG_0045_JPG.rf.c6c7966fcfee6b8c81d1e38a4ff7191a.jpg,C:\Users\depthlev\Desktop\Z_Drone_Final_Project_GA\nenrus-Dataset-of-Drone-Distance-Estimation-a5aac8f\prepared_by_drone_type\Kongsberg\distance_04m\labels\IMG_0045_JPG.rf.c6c7966fcfee6b8c81d1e38a4ff7191a.txt,unknown,unknown,150.0,6.41426981,66.0,3.2071349,0.078125,0.00334077,0.06111111,0.00296957,0.00477431,0.00043644,2.27272727,0.01340245,0.3890625,0.00334077,0.31944444,0.00247464,3.38404942,0.0,0.0,0.0,0.0
Kongsberg::IMG_0046_JPG.rf.3be911b71da4382905db902b0a140ed3.jpg,Kongsberg,4.0,4.0,C:\Users\depthlev\Desktop\Z_Drone_Final_Project_GA\nenrus-Dataset-of-Drone-Distance-Estimation-a5aac8f\prepared_by_drone_type\Kongsberg\distance_04m\images\IMG_0046_JPG.rf.3be911b71da4382905db902b0a140ed3.jpg,C:\Users\depthlev\Desktop\Z_Drone_Final_Project_GA\nenrus-Dataset-of-Drone-Distance-Estimation-a5aac8f\prepared_by_drone_type\Kongsberg\distance_04m\labels\IMG_0046_JPG.rf.3be911b71da4382905db902b0a140ed3.txt,unknown,unknown,140.0,6.41426981,45.0,2.13808994,0.07291667,0.00334077,0.04166667,0.00197971,0.00303819,0.00028375,3.11111111,0.00533627,0.390625,0.00306237,0.32916667,0.00197971,1.36237502,0.0,0.0,0.0,0.0
Kongsberg::IMG_0047_JPG.rf.21a1f69c2697bb73240394d9da957973.jpg,Kongsberg,4.0,4.0,C:\Users\depthlev\Desktop\Z_Drone_Final_Project_GA\nenrus-Dataset-of-Drone-Distance-Estimation-a5aac8f\prepared_by_drone_type\Kongsberg\distance_04m\images\IMG_0047_JPG.rf.21a1f69c2697bb73240394d9da957973.jpg,C:\Users\depthlev\Desktop\Z_Drone_Final_Project_GA\nenrus-Dataset-of-Drone-Distance-Estimation-a5aac8f\prepared_by_drone_type\Kongsberg\distance_04m\labels\IMG_0047_JPG.rf.21a1f69c2697bb73240394d9da957973.txt,unknown,unknown,160.0,6.41426981,44.0,2.13808994,0.08333333,0.00334077,0.04074074,0.00197971,0.00339506,0.00030126,3.63636364,0.03127237,0.39166667,0.00361916,0.33333333,0.00197971,1.43892324,0.0,0.0,0.0,0.0
Kongsberg::IMG_0048_JPG.rf.22864aab7fbf31fdd950d3bfb4c3ae87.jpg,Kongsberg,4.0,4.0,C:\Users\depthlev\Desktop\Z_Drone_Final_Project_GA\nenrus-Dataset-of-Drone-Distance-Estimation-a5aac8f\prepared_by_drone_type\Kongsberg\distance_04m\images\IMG_0048_JPG.rf.22864aab7fbf31fdd950d3bfb4c3ae87.jpg,C:\Users\depthlev\Desktop\Z_Drone_Final_Project_GA\nenrus-Dataset-of-Drone-Distance-Estimation-a5aac8f\prepared_by_drone_type\Kongsberg\distance_04m\labels\IMG_0048_JPG.rf.22864aab7fbf31fdd950d3bfb4c3ae87.txt,unknown,unknown,192.0,8.55235974,40.0,2.13808994,0.1,0.00445435,0.03703704,0.00197971,0.0037037,0.00036322,4.8,0.04334772,0.38854167,0.00417596,0.33333333,0.00148478,1.94651103,0.0,0.0,0.0,0.0
Kongsberg::IMG_0049_JPG.rf.cb0f4c41b4737f1e84748118d466c3a3.jpg,Kongsberg,4.0,4.0,C:\Users\depthlev\Desktop\Z_Drone_Final_Project_GA\nenrus-Dataset-of-Drone-Distance-Estimation-a5aac8f\prepared_by_drone_type\Kongsberg\distance_04m\images\IMG_0049_JPG.rf.cb0f4c41b4737f1e84748118d466c3a3.jpg,C:\Users\depthlev\Desktop\Z_Drone_Final_Project_GA\nenrus-Dataset-of-Drone-Distance-Estimation-a5aac8f\prepared_by_drone_type\Kongsberg\distance_04m\labels\IMG_0049_JPG.rf.cb0f4c41b4737f1e84748118d466c3a3.txt,unknown,unknown,176.0,7.48331477,50.0,2.13808994,0.09166667,0.00389756,0.0462963,0.00197971,0.00424383,0.00036212,3.52,0.00086271,0.38541667,0.00389756,0.3287037,0.00197971,2.12059736,0.0,0.0,0.0,0.0
Kongsberg::IMG_0050_JPG.rf.9053193aff44a5c99f102d1bbb7f0c7e.jpg,Kongsberg,4.0,4.0,C:\Users\depthlev\Desktop\Z_Drone_Final_Project_GA\nenrus-Dataset-of-Drone-Distance-Estimation-a5aac8f\prepared_by_drone_type\Kongsberg\distance_04m\images\IMG_0050_JPG.rf.9053193aff44a5c99f102d1bbb7f0c7e.jpg,C:\Users\depthlev\Desktop\Z_Drone_Final_Project_GA\nenrus-Dataset-of-Drone-Distance-Estimation-a5aac8f\prepared_by_drone_type\Kongsberg\distance_04m\labels\IMG_0050_JPG.rf.9053193aff44a5c99f102d1bbb7f0c7e.txt,unknown,unknown,167.0,7.48331477,42.0,2.13808994,0.08697917,0.00389756,0.03888889,0.00197971,0.00338252,0.000324,3.97619048,0.02454239,0.38463542,0.00361916,0.33240741,0.00148478,1.69605875,0.0,0.0,0.0,0.0
Kongsberg::IMG_0051_JPG.rf.968205f4e7d2edbfbbb8a2fa20620954.jpg,Kongsberg,9.0,9.0,C:\Users\depthlev\Desktop\Z_Drone_Final_Project_GA\nenrus-Dataset-of-Drone-Distance-Estimation-a5aac8f\prepared_by_drone_type\Kongsberg\distance_09m\images\IMG_0051_JPG.rf.968205f4e7d2edbfbbb8a2fa20620954.jpg,C:\Users\depthlev\Desktop\Z_Drone_Final_Project_GA\nenrus-Dataset-of-Drone-Distance-Estimation-a5aac8f\prepared_by_drone_type\Kongsberg\distance_09m\labels\IMG_0051_JPG.rf.968205f4e7d2edbfbbb8a2fa20620954.txt,unknown,unknown,80.0,3.2071349,30.0,1.06904497,0.04166667,0.00167038,0.02777778,0.00098986,0.00115741,8.768e-05,2.66666667,0.01195023,0.48229167,0.00167038,0.40648148,0.00098986,2.53599262,0.0,0.0,0.0,0.0
Kongsberg::IMG_0052_JPG.rf.805d01ce1c69af5bc63781002f342e11.jpg,Kongsberg,9.0,9.0,C:\Users\depthlev\Desktop\Z_Drone_Final_Project_GA\nenrus-Dataset-of-Drone-Distance-Estimation-a5aac8f\prepared_by_drone_type\Kongsberg\distance_09m\images\IMG_0052_JPG.rf.805d01ce1c69af5bc63781002f342e11.jpg,C:\Users\depthlev\Desktop\Z_Drone_Final_Project_GA\nenrus-Dataset-of-Drone-Distance-Estimation-a5aac8f\prepared_by_drone_type\Kongsberg\distance_09m\labels\IMG_0052_JPG.rf.805d01ce1c69af5bc63781002f342e11.txt,unknown,unknown,84.0,3.2071349,25.0,1.06904497,0.04375,0.00167038,0.02314815,0.00098986,0.00101273,8.201e-05,3.36,0.01552878,0.48333333,0.00194878,0.40509259,0.00098986,3.29977679,0.0,0.0,0.0,0.0
Kongsberg::IMG_0053_JPG.rf.ab799d0bae7a664cefe889b731ba6d10.jpg,Kongsberg,9.0,9.0,C:\Users\depthlev\Desktop\Z_Drone_Final_Project_GA\nenrus-Dataset-of-Drone-Distance-Estimation-a5aac8f\prepared_by_drone_type\Kongsberg\distance_09m\images\IMG_0053_JPG.rf.ab799d0bae7a664cefe889b731ba6d10.jpg,C:\Users\depthlev\Desktop\Z_Drone_Final_Project_GA\nenrus-Dataset-of-Drone-Distance-Estimation-a5aac8f\prepared_by_drone_type\Kongsberg\distance_09m\labels\IMG_0053_JPG.rf.ab799d0bae7a664cefe889b731ba6d10.txt,unknown,unknown,91.0,4.27617987,25.0,1.06904497,0.04739583,0.00222718,0.02314815,0.00098986,0.00109713,9.853e-05,3.64,0.01552878,0.48932292,0.00194878,0.40416667,0.00098986,2.45455527,0.0,0.0,0.0,0.0
Kongsberg::IMG_0054_JPG.rf.a43558943255b7964bae105733215973.jpg,Kongsberg,9.0,9.0,C:\Users\depthlev\Desktop\Z_Drone_Final_Project_GA\nenrus-Dataset-of-Drone-Distance-Estimation-a5aac8f\prepared_by_drone_type\Kongsberg\distance_09m\images\IMG_0054_JPG.rf.a43558943255b7964bae105733215973.jpg,C:\Users\depthlev\Desktop\Z_Drone_Final_Project_GA\nenrus-Dataset-of-Drone-Distance-Estimation-a5aac8f\prepared_by_drone_type\Kongsberg\distance_09m\labels\IMG_0054_JPG.rf.a43558943255b7964bae105733215973.txt,unknown,unknown,71.0,3.2071349,28.0,1.06904497,0.03697917,0.00167038,0.02592593,0.00098986,0.00095872,7.995e-05,2.53571429,0.01784985,0.49609375,0.00167038,0.4037037,0.00098986,2.90412998,0.0,0.0,0.0,0.0
Kongsberg::IMG_0055_JPG.rf.84ac77b268ed9c30adede31068f45e75.jpg,Kongsberg,9.0,9.0,C:\Users\depthlev\Desktop\Z_Drone_Final_Project_GA\nenrus-Dataset-of-Drone-Distance-Estimation-a5aac8f\prepared_by_drone_type\Kongsberg\distance_09m\images\IMG_0055_JPG.rf.84ac77b268ed9c30adede31068f45e75.jpg,C:\Users\depthlev\Desktop\Z_Drone_Final_Project_GA\nenrus-Dataset-of-Drone-Distance-Estimation-a5aac8f\prepared_by_drone_type\Kongsberg\distance_09m\labels\IMG_0055_JPG.rf.84ac77b268ed9c30adede31068f45e75.txt,unknown,unknown,76.0,3.2071349,28.0,1.06904497,0.03958333,0.00167038,0.02592593,0.00098986,0.00102623,8.253e-05,2.71428571,0.01098452,0.50520833,0.00167038,0.42592593,0.00098986,2.69887352,0.0,0.0,0.0,0.0
Kongsberg::IMG_0056_JPG.rf.bee414f355266ead8404214128f933d8.jpg,Kongsberg,9.0,9.0,C:\Users\depthlev\Desktop\Z_Drone_Final_Project_GA\nenrus-Dataset-of-Drone-Distance-Estimation-a5aac8f\prepared_by_drone_type\Kongsberg\distance_09m\images\IMG_0056_JPG.rf.bee414f355266ead8404214128f933d8.jpg,C:\Users\depthlev\Desktop\Z_Drone_Final_Project_GA\nenrus-Dataset-of-Drone-Distance-Estimation-a5aac8f\prepared_by_drone_type\Kongsberg\distance_09m\labels\IMG_0056_JPG.rf.bee414f355266ead8404214128f933d8.txt,unknown,unknown,82.0,3.2071349,30.0,1.06904497,0.04270833,0.00167038,0.02777778,0.00098986,0.00118634,8.871e-05,2.73333333,0.00956018,0.5015625,0.00194878,0.43055556,0.00098986,2.6675334,0.0,0.0,0.0,0.0
Kongsberg::IMG_0057_JPG.rf.74acf3fd4676290911d4992591ac9bea.jpg,Kongsberg,9.0,9.0,C:\Users\depthlev\Desktop\Z_Drone_Final_Project_GA\nenrus-Dataset-of-Drone-Distance-Estimation-a5aac8f\prepared_by_drone_type\Kongsberg\distance_09m\images\IMG_0057_JPG.rf.74acf3fd4676290911d4992591ac9bea.jpg,C:\Users\depthlev\Desktop\Z_Drone_Final_Project_GA\nenrus-Dataset-of-Drone-Distance-Estimation-a5aac8f\prepared_by_drone_type\Kongsberg\distance_09m\labels\IMG_0057_JPG.rf.74acf3fd4676290911d4992591ac9bea.txt,unknown,unknown,74.0,3.2071349,28.0,1.06904497,0.03854167,0.00167038,0.02592593,0.00098986,0.00099923,8.15e-05,2.64285714,0.01373066,0.50052083,0.00167038,0.43518519,0.00098986,2.69840956,0.0,0.0,0.0,0.0
Kongsberg::IMG_0058_JPG.rf.c36857e0c45ad4f4287e699295ded295.jpg,Kongsberg,9.0,9.0,C:\Users\depthlev\Desktop\Z_Drone_Final_Project_GA\nenrus-Dataset-of-Drone-Distance-Estimation-a5aac8f\prepared_by_drone_type\Kongsberg\distance_09m\images\IMG_0058_JPG.rf.c36857e0c45ad4f4287e699295ded295.jpg,C:\Users\depthlev\Desktop\Z_Drone_Final_Project_GA\nenrus-Dataset-of-Drone-Distance-Estimation-a5aac8f\prepared_by_drone_type\Kongsberg\distance_09m\labels\IMG_0058_JPG.rf.c36857e0c45ad4f4287e699295ded295.txt,unknown,unknown,72.0,3.2071349,26.0,1.06904497,0.0375,0.00167038,0.02407407,0.00098986,0.00090278,7.738e-05,2.76923077,0.00956519,0.4875,0.00167038,0.44259259,0.00098986,3.11093068,0.0,0.0,0.0,0.0
Kongsberg::IMG_0059_JPG.rf.f8ff31b2afa0988f5b6c5b649c2fd8f7.jpg,Kongsberg,9.0,9.0,C:\Users\depthlev\Desktop\Z_Drone_Final_Project_GA\nenrus-Dataset-of-Drone-Distance-Estimation-a5aac8f\prepared_by_drone_type\Kongsberg\distance_09m\images\IMG_0059_JPG.rf.f8ff31b2afa0988f5b6c5b649c2fd8f7.jpg,C:\Users\depthlev\Desktop\Z_Drone_Final_Project_GA\nenrus-Dataset-of-Drone-Distance-Estimation-a5aac8f\prepared_by_drone_type\Kongsberg\distance_09m\labels\IMG_0059_JPG.rf.f8ff31b2afa0988f5b6c5b649c2fd8f7.txt,unknown,unknown,85.0,3.2071349,32.0,1.06904497,0.04427083,0.00167038,0.02962963,0.00098986,0.00131173,9.335e-05,2.65625,0.01154499,0.49348958,0.00194878,0.44074074,0.00148478,2.9805727,0.0,0.0,0.0,0.0
Kongsberg::IMG_0060_JPG.rf.43581f332d814b5abf381f56af86eb81.jpg,Kongsberg,9.0,9.0,C:\Users\depthlev\Desktop\Z_Drone_Final_Project_GA\nenrus-Dataset-of-Drone-Distance-Estimation-a5aac8f\prepared_by_drone_type\Kongsberg\distance_09m\images\IMG_0060_JPG.rf.43581f332d814b5abf381f56af86eb81.jpg,C:\Users\depthlev\Desktop\Z_Drone_Final_Project_GA\nenrus-Dataset-of-Drone-Distance-Estimation-a5aac8f\prepared_by_drone_type\Kongsberg\distance_09m\labels\IMG_0060_JPG.rf.43581f332d814b5abf381f56af86eb81.txt,unknown,unknown,84.0,3.2071349,32.0,1.06904497,0.04375,0.00167038,0.02962963,0.00098986,0.0012963,9.284e-05,2.625,0.01259453,0.49583333,0.00194878,0.43888889,0.00148478,2.64062929,0.0,0.0,0.0,0.0
Kongsberg::IMG_0061_JPG.rf.ec97b3fc6bec836df87120740d803ed1.jpg,Kongsberg,9.0,9.0,C:\Users\depthlev\Desktop\Z_Drone_Final_Project_GA\nenrus-Dataset-of-Drone-Distance-Estimation-a5aac8f\prepared_by_drone_type\Kongsberg\distance_09m\images\IMG_0061_JPG.rf.ec97b3fc6bec836df87120740d803ed1.jpg,C:\Users\depthlev\Desktop\Z_Drone_Final_Project_GA\nenrus-Dataset-of-Drone-Distance-Estimation-a5aac8f\prepared_by_drone_type\Kongsberg\distance_09m\labels\IMG_0061_JPG.rf.ec97b3fc6bec836df87120740d803ed1.txt,unknown,unknown,82.0,3.2071349,27.0,1.06904497,0.04270833,0.00167038,0.025,0.00098986,0.00106771,8.408e-05,3.03703704,0.00147743,0.49427083,0.00194878,0.43194444,0.00098986,2.80158615,0.0,0.0,0.0,0.0
Kongsberg::IMG_0062_JPG.rf.50831e1ced2a971ecb88542cd401972b.jpg,Kongsberg,9.0,9.0,C:\Users\depthlev\Desktop\Z_Drone_Final_Project_GA\nenrus-Dataset-of-Drone-Distance-Estimation-a5aac8f\prepared_by_drone_type\Kongsberg\distance_09m\images\IMG_0062_JPG.rf.50831e1ced2a971ecb88542cd401972b.jpg,C:\Users\depthlev\Desktop\Z_Drone_Final_Project_GA\nenrus-Dataset-of-Drone-Distance-Estimation-a5aac8f\prepared_by_drone_type\Kongsberg\distance_09m\labels\IMG_0062_JPG.rf.50831e1ced2a971ecb88542cd401972b.txt,unknown,unknown,80.0,3.2071349,30.0,1.06904497,0.04166667,0.00167038,0.02777778,0.00098986,0.00115741,8.768e-05,2.66666667,0.01195023,0.48854167,0.00167038,0.42685185,0.00098986,2.87029314,0.0,0.0,0.0,0.0
Kongsberg::IMG_0063_JPG.rf.b0ce0160156adf246ec13b85f0128fcf.jpg,Kongsberg,9.0,9.0,C:\Users\depthlev\Desktop\Z_Drone_Final_Project_GA\nenrus-Dataset-of-Drone-Distance-Estimation-a5aac8f\prepared_by_drone_type\Kongsberg\distance_09m\images\IMG_0063_JPG.rf.b0ce0160156adf246ec13b85f0128fcf.jpg,C:\Users\depthlev\Desktop\Z_Drone_Final_Project_GA\nenrus-Dataset-of-Drone-Distance-Estimation-a5aac8f\prepared_by_drone_type\Kongsberg\distance_09m\labels\IMG_0063_JPG.rf.b0ce0160156adf246ec13b85f0128fcf.txt,unknown,unknown,76.0,3.2071349,30.0,1.06904497,0.03958333,0.00167038,0.02777778,0.00098986,0.00109954,8.562e-05,2.53333333,0.01673032,0.48854167,0.00167038,0.425,0.00098986,2.8360846,0.0,0.0,0.0,0.0
Kongsberg::IMG_0064_JPG.rf.b9c70850a104466714ea1a76354c4447.jpg,Kongsberg,9.0,9.0,C:\Users\depthlev\Desktop\Z_Drone_Final_Project_GA\nenrus-Dataset-of-Drone-Distance-Estimation-a5aac8f\prepared_by_drone_type\Kongsberg\distance_09m\images\IMG_0064_JPG.rf.b9c70850a104466714ea1a76354c4447.jpg,C:\Users\depthlev\Desktop\Z_Drone_Final_Project_GA\nenrus-Dataset-of-Drone-Distance-Estimation-a5aac8f\prepared_by_drone_type\Kongsberg\distance_09m\labels\IMG_0064_JPG.rf.b9c70850a104466714ea1a76354c4447.txt,unknown,unknown,76.0,3.2071349,25.0,1.06904497,0.03958333,0.00167038,0.02314815,0.00098986,0.00091628,7.789e-05,3.04,0.00172542,0.48697917,0.00167038,0.42083333,0.00098986,3.24946451,0.0,0.0,0.0,0.0
Kongsberg::IMG_0065_JPG.rf.d3e4222cfcaaa5e0b939000e4b3ccd59.jpg,Kongsberg,9.0,9.0,C:\Users\depthlev\Desktop\Z_Drone_Final_Project_GA\nenrus-Dataset-of-Drone-Distance-Estimation-a5aac8f\prepared_by_drone_type\Kongsberg\distance_09m\images\IMG_0065_JPG.rf.d3e4222cfcaaa5e0b939000e4b3ccd59.jpg,C:\Users\depthlev\Desktop\Z_Drone_Final_Project_GA\nenrus-Dataset-of-Drone-Distance-Estimation-a5aac8f\prepared_by_drone_type\Kongsberg\distance_09m\labels\IMG_0065_JPG.rf.d3e4222cfcaaa5e0b939000e4b3ccd59.txt,unknown,unknown,80.0,3.2071349,25.0,1.06904497,0.04166667,0.00167038,0.02314815,0.00098986,0.00096451,7.995e-05,3.2,0.0086271,0.48854167,0.00167038,0.42546296,0.00098986,2.96319628,0.0,0.0,0.0,0.0
Kongsberg::IMG_0066_JPG.rf.cc24428ae066c61be44da2aadb6d518d.jpg,Kongsberg,9.0,9.0,C:\Users\depthlev\Desktop\Z_Drone_Final_Project_GA\nenrus-Dataset-of-Drone-Distance-Estimation-a5aac8f\prepared_by_drone_type\Kongsberg\distance_09m\images\IMG_0066_JPG.rf.cc24428ae066c61be44da2aadb6d518d.jpg,C:\Users\depthlev\Desktop\Z_Drone_Final_Project_GA\nenrus-Dataset-of-Drone-Distance-Estimation-a5aac8f\prepared_by_drone_type\Kongsberg\distance_09m\labels\IMG_0066_JPG.rf.cc24428ae066c61be44da2aadb6d518d.txt,unknown,unknown,82.0,3.2071349,28.0,1.06904497,0.04270833,0.00167038,0.02592593,0.00098986,0.00110725,8.562e-05,2.92857143,0.00274613,0.4859375,0.00194878,0.42592593,0.00098986,2.73723078,0.0,0.0,0.0,0.0
Kongsberg::IMG_0067_JPG.rf.80939eec3c961de833af9d6cbf79b04c.jpg,Kongsberg,9.0,9.0,C:\Users\depthlev\Desktop\Z_Drone_Final_Project_GA\nenrus-Dataset-of-Drone-Distance-Estimation-a5aac8f\prepared_by_drone_type\Kongsberg\distance_09m\images\IMG_0067_JPG.rf.80939eec3c961de833af9d6cbf79b04c.jpg,C:\Users\depthlev\Desktop\Z_Drone_Final_Project_GA\nenrus-Dataset-of-Drone-Distance-Estimation-a5aac8f\prepared_by_drone_type\Kongsberg\distance_09m\labels\IMG_0067_JPG.rf.80939eec3c961de833af9d6cbf79b04c.txt,unknown,unknown,74.0,3.2071349,28.0,1.06904497,0.03854167,0.00167038,0.02592593,0.00098986,0.00099923,8.15e-05,2.64285714,0.01373066,0.4828125,0.00167038,0.42592593,0.00098986,2.91833949,0.0,0.0,0.0,0.0
Kongsberg::IMG_0068_JPG.rf.d0361a1b7bfae6ea9b8202a4bf68383c.jpg,Kongsberg,9.0,9.0,C:\Users\depthlev\Desktop\Z_Drone_Final_Project_GA\nenrus-Dataset-of-Drone-Distance-Estimation-a5aac8f\prepared_by_drone_type\Kongsberg\distance_09m\images\IMG_0068_JPG.rf.d0361a1b7bfae6ea9b8202a4bf68383c.jpg,C:\Users\depthlev\Desktop\Z_Drone_Final_Project_GA\nenrus-Dataset-of-Drone-Distance-Estimation-a5aac8f\prepared_by_drone_type\Kongsberg\distance_09m\labels\IMG_0068_JPG.rf.d0361a1b7bfae6ea9b8202a4bf68383c.txt,unknown,unknown,79.0,3.2071349,26.0,1.06904497,0.04114583,0.00167038,0.02407407,0.00098986,0.00099055,8.098e-05,3.03846154,0.0015942,0.48307292,0.00167038,0.42314815,0.00098986,3.20211434,0.0,0.0,0.0,0.0
Kongsberg::IMG_0069_JPG.rf.ce8a141c62f9fa57d0dcc39e8a558f99.jpg,Kongsberg,9.0,9.0,C:\Users\depthlev\Desktop\Z_Drone_Final_Project_GA\nenrus-Dataset-of-Drone-Distance-Estimation-a5aac8f\prepared_by_drone_type\Kongsberg\distance_09m\images\IMG_0069_JPG.rf.ce8a141c62f9fa57d0dcc39e8a558f99.jpg,C:\Users\depthlev\Desktop\Z_Drone_Final_Project_GA\nenrus-Dataset-of-Drone-Distance-Estimation-a5aac8f\prepared_by_drone_type\Kongsberg\distance_09m\labels\IMG_0069_JPG.rf.ce8a141c62f9fa57d0dcc39e8a558f99.txt,unknown,unknown,84.0,3.2071349,28.0,1.06904497,0.04375,0.00167038,0.02592593,0.00098986,0.00113426,8.665e-05,3.0,0.0,0.484375,0.00194878,0.42407407,0.00098986,3.03771114,0.0,0.0,0.0,0.0
Kongsberg::IMG_0070_JPG.rf.8814c55e46cae1f0136e2b738a56009a.jpg,Kongsberg,9.0,9.0,C:\Users\depthlev\Desktop\Z_Drone_Final_Project_GA\nenrus-Dataset-of-Drone-Distance-Estimation-a5aac8f\prepared_by_drone_type\Kongsberg\distance_09m\images\IMG_0070_JPG.rf.8814c55e46cae1f0136e2b738a56009a.jpg,C:\Users\depthlev\Desktop\Z_Drone_Final_Project_GA\nenrus-Dataset-of-Drone-Distance-Estimation-a5aac8f\prepared_by_drone_type\Kongsberg\distance_09m\labels\IMG_0070_JPG.rf.8814c55e46cae1f0136e2b738a56009a.txt,unknown,unknown,78.0,3.2071349,35.0,1.06904497,0.040625,0.00167038,0.03240741,0.00098986,0.00131655,9.438e-05,2.22857143,0.02366737,0.48489583,0.00167038,0.42361111,0.00148478,3.00154591,0.0,0.0,0.0,0.0
Kongsberg::IMG_0071_JPG.rf.28d7546d6da0909371f03b0fc6fc4bd4.jpg,Kongsberg,9.0,9.0,C:\Users\depthlev\Desktop\Z_Drone_Final_Project_GA\nenrus-Dataset-of-Drone-Distance-Estimation-a5aac8f\prepared_by_drone_type\Kongsberg\distance_09m\images\IMG_0071_JPG.rf.28d7546d6da0909371f03b0fc6fc4bd4.jpg,C:\Users\depthlev\Desktop\Z_Drone_Final_Project_GA\nenrus-Dataset-of-Drone-Distance-Estimation-a5aac8f\prepared_by_drone_type\Kongsberg\distance_09m\labels\IMG_0071_JPG.rf.28d7546d6da0909371f03b0fc6fc4bd4.txt,unknown,unknown,78.0,3.2071349,30.0,1.06904497,0.040625,0.00167038,0.02777778,0.00098986,0.00112847,8.665e-05,2.6,0.01434027,0.48489583,0.00167038,0.4212963,0.00098986,3.093081,0.0,0.0,0.0,0.0
Kongsberg::IMG_0072_JPG.rf.3074c33c68fe9485de6740ec12edfc71.jpg,Kongsberg,9.0,9.0,C:\Users\depthlev\Desktop\Z_Drone_Final_Project_GA\nenrus-Dataset-of-Drone-Distance-Estimation-a5aac8f\prepared_by_drone_type\Kongsberg\distance_09m\images\IMG_0072_JPG.rf.3074c33c68fe9485de6740ec12edfc71.jpg,C:\Users\depthlev\Desktop\Z_Drone_Final_Project_GA\nenrus-Dataset-of-Drone-Distance-Estimation-a5aac8f\prepared_by_drone_type\Kongsberg\distance_09m\labels\IMG_0072_JPG.rf.3074c33c68fe9485de6740ec12edfc71.txt,unknown,unknown,76.0,3.2071349,28.0,1.06904497,0.03958333,0.00167038,0.02592593,0.00098986,0.00102623,8.253e-05,2.71428571,0.01098452,0.48020833,0.00167038,0.41666667,0.00098986,2.9991107,0.0,0.0,0.0,0.0
Kongsberg::IMG_0073_JPG.rf.251f6e2ba953685eb771b0468b551d19.jpg,Kongsberg,9.0,9.0,C:\Users\depthlev\Desktop\Z_Drone_Final_Project_GA\nenrus-Dataset-of-Drone-Distance-Estimation-a5aac8f\prepared_by_drone_type\Kongsberg\distance_09m\images\IMG_0073_JPG.rf.251f6e2ba953685eb771b0468b551d19.jpg,C:\Users\depthlev\Desktop\Z_Drone_Final_Project_GA\nenrus-Dataset-of-Drone-Distance-Estimation-a5aac8f\prepared_by_drone_type\Kongsberg\distance_09m\labels\IMG_0073_JPG.rf.251f6e2ba953685eb771b0468b551d19.txt,unknown,unknown,88.0,4.27617987,30.0,1.06904497,0.04583333,0.00222718,0.02777778,0.00098986,0.00127315,0.00010729,2.93333333,0.03824073,0.48229167,0.00194878,0.41759259,0.00098986,2.49312925,0.0,0.0,0.0,0.0
Kongsberg::IMG_0074_JPG.rf.6e27e61e6be7f6e9c321c78c7df90c26.jpg,Kongsberg,9.0,9.0,C:\Users\depthlev\Desktop\Z_Drone_Final_Project_GA\nenrus-Dataset-of-Drone-Distance-Estimation-a5aac8f\prepared_by_drone_type\Kongsberg\distance_09m\images\IMG_0074_JPG.rf.6e27e61e6be7f6e9c321c78c7df90c26.jpg,C:\Users\depthlev\Desktop\Z_Drone_Final_Project_GA\nenrus-Dataset-of-Drone-Distance-Estimation-a5aac8f\prepared_by_drone_type\Kongsberg\distance_09m\labels\IMG_0074_JPG.rf.6e27e61e6be7f6e9c321c78c7df90c26.txt,unknown,unknown,78.0,3.2071349,28.0,1.06904497,0.040625,0.00167038,0.02592593,0.00098986,0.00105324,8.356e-05,2.78571429,0.00823839,0.48489583,0.00167038,0.41666667,0.00098986,2.85343266,0.0,0.0,0.0,0.0
Kongsberg::IMG_0075_JPG.rf.7f3d0e9f55a4d045240aea735d6eb7ce.jpg,Kongsberg,9.0,9.0,C:\Users\depthlev\Desktop\Z_Drone_Final_Project_GA\nenrus-Dataset-of-Drone-Distance-Estimation-a5aac8f\prepared_by_drone_type\Kongsberg\distance_09m\images\IMG_0075_JPG.rf.7f3d0e9f55a4d045240aea735d6eb7ce.jpg,C:\Users\depthlev\Desktop\Z_Drone_Final_Project_GA\nenrus-Dataset-of-Drone-Distance-Estimation-a5aac8f\prepared_by_drone_type\Kongsberg\distance_09m\labels\IMG_0075_JPG.rf.7f3d0e9f55a4d045240aea735d6eb7ce.txt,unknown,unknown,76.0,3.2071349,25.0,1.06904497,0.03958333,0.00167038,0.02314815,0.00098986,0.00091628,7.789e-05,3.04,0.00172542,0.4875,0.00167038,0.4162037,0.00098986,2.81552649,0.0,0.0,0.0,0.0
Kongsberg::IMG_0076_JPG.rf.59052ba8ff163c75d84bb1ea06a17f3c.jpg,Kongsberg,9.0,9.0,C:\Users\depthlev\Desktop\Z_Drone_Final_Project_GA\nenrus-Dataset-of-Drone-Distance-Estimation-a5aac8f\prepared_by_drone_type\Kongsberg\distance_09m\images\IMG_0076_JPG.rf.59052ba8ff163c75d84bb1ea06a17f3c.jpg,C:\Users\depthlev\Desktop\Z_Drone_Final_Project_GA\nenrus-Dataset-of-Drone-Distance-Estimation-a5aac8f\prepared_by_drone_type\Kongsberg\distance_09m\labels\IMG_0076_JPG.rf.59052ba8ff163c75d84bb1ea06a17f3c.txt,unknown,unknown,72.0,3.2071349,28.0,1.06904497,0.0375,0.00167038,0.02592593,0.00098986,0.00097222,8.047e-05,2.57142857,0.01647679,0.4875,0.00167038,0.41481481,0.00098986,3.01516533,0.0,0.0,0.0,0.0
Kongsberg::IMG_0077_JPG.rf.c89043b8779e6616895857fdf887998f.jpg,Kongsberg,15.0,15.0,C:\Users\depthlev\Desktop\Z_Drone_Final_Project_GA\nenrus-Dataset-of-Drone-Distance-Estimation-a5aac8f\prepared_by_drone_type\Kongsberg\distance_15m\images\IMG_0077_JPG.rf.c89043b8779e6616895857fdf887998f.jpg,C:\Users\depthlev\Desktop\Z_Drone_Final_Project_GA\nenrus-Dataset-of-Drone-Distance-Estimation-a5aac8f\prepared_by_drone_type\Kongsberg\distance_15m\labels\IMG_0077_JPG.rf.c89043b8779e6616895857fdf887998f.txt,unknown,unknown,43.0,2.13808994,14.0,1.06904497,0.02239583,0.00111359,0.01296296,0.00098986,0.00029032,3.665e-05,3.07142857,0.08412568,0.48932292,0.00083519,0.41111111,0.00049493,3.35104227,0.0,0.0,0.0,0.0
Kongsberg::IMG_0078_JPG.rf.34c9cab1aaae4f1dc5179a6b68940a6e.jpg,Kongsberg,15.0,15.0,C:\Users\depthlev\Desktop\Z_Drone_Final_Project_GA\nenrus-Dataset-of-Drone-Distance-Estimation-a5aac8f\prepared_by_drone_type\Kongsberg\distance_15m\images\IMG_0078_JPG.rf.34c9cab1aaae4f1dc5179a6b68940a6e.jpg,C:\Users\depthlev\Desktop\Z_Drone_Final_Project_GA\nenrus-Dataset-of-Drone-Distance-Estimation-a5aac8f\prepared_by_drone_type\Kongsberg\distance_15m\labels\IMG_0078_JPG.rf.34c9cab1aaae4f1dc5179a6b68940a6e.txt,unknown,unknown,41.0,2.13808994,15.0,1.06904497,0.02135417,0.00111359,0.01388889,0.00098986,0.00029659,3.665e-05,2.73333333,0.05354716,0.48880208,0.00083519,0.41064815,0.00049493,2.6849699,0.0,0.0,0.0,0.0
Kongsberg::IMG_0079_JPG.rf.13a8c2dd69a8778ee09ea4725824a83d.jpg,Kongsberg,15.0,15.0,C:\Users\depthlev\Desktop\Z_Drone_Final_Project_GA\nenrus-Dataset-of-Drone-Distance-Estimation-a5aac8f\prepared_by_drone_type\Kongsberg\distance_15m\images\IMG_0079_JPG.rf.13a8c2dd69a8778ee09ea4725824a83d.jpg,C:\Users\depthlev\Desktop\Z_Drone_Final_Project_GA\nenrus-Dataset-of-Drone-Distance-Estimation-a5aac8f\prepared_by_drone_type\Kongsberg\distance_15m\labels\IMG_0079_JPG.rf.13a8c2dd69a8778ee09ea4725824a83d.txt,unknown,unknown,47.0,2.13808994,14.0,1.06904497,0.02447917,0.00111359,0.01296296,0.00098986,0.00031732,3.871e-05,3.35714286,0.10655919,0.49036458,0.00111359,0.41296296,0.00049493,3.59333563,0.0,0.0,0.0,0.0
Kongsberg::IMG_0080_JPG.rf.aaf58f49ddb62438a1f6270ba28aa6a0.jpg,Kongsberg,15.0,15.0,C:\Users\depthlev\Desktop\Z_Drone_Final_Project_GA\nenrus-Dataset-of-Drone-Distance-Estimation-a5aac8f\prepared_by_drone_type\Kongsberg\distance_15m\images\IMG_0080_JPG.rf.aaf58f49ddb62438a1f6270ba28aa6a0.jpg,C:\Users\depthlev\Desktop\Z_Drone_Final_Project_GA\nenrus-Dataset-of-Drone-Distance-Estimation-a5aac8f\prepared_by_drone_type\Kongsberg\distance_15m\labels\IMG_0080_JPG.rf.aaf58f49ddb62438a1f6270ba28aa6a0.txt,unknown,unknown,36.0,1.06904497,16.0,1.06904497,0.01875,0.00055679,0.01481481,0.00098986,0.00027778,2.682e-05,2.25,0.08531699,0.49166667,0.00083519,0.41481481,0.00049493,2.69683504,0.0,0.0,0.0,0.0
Kongsberg::IMG_0081_JPG.rf.2e0fbff5e00539e31186e862afe16ada.jpg,Kongsberg,15.0,15.0,C:\Users\depthlev\Desktop\Z_Drone_Final_Project_GA\nenrus-Dataset-of-Drone-Distance-Estimation-a5aac8f\prepared_by_drone_type\Kongsberg\distance_15m\images\IMG_0081_JPG.rf.2e0fbff5e00539e31186e862afe16ada.jpg,C:\Users\depthlev\Desktop\Z_Drone_Final_Project_GA\nenrus-Dataset-of-Drone-Distance-Estimation-a5aac8f\prepared_by_drone_type\Kongsberg\distance_15m\labels\IMG_0081_JPG.rf.2e0fbff5e00539e31186e862afe16ada.txt,unknown,unknown,37.0,1.06904497,15.0,1.06904497,0.01927083,0.00055679,0.01388889,0.00098986,0.00026765,2.682e-05,2.46666667,0.10709432,0.49192708,0.00083519,0.41435185,0.00049493,2.54640245,0.0,0.0,0.0,0.0
Kongsberg::IMG_0082_JPG.rf.803f884538025482d7d180a592dc3fff.jpg,Kongsberg,15.0,15.0,C:\Users\depthlev\Desktop\Z_Drone_Final_Project_GA\nenrus-Dataset-of-Drone-Distance-Estimation-a5aac8f\prepared_by_drone_type\Kongsberg\distance_15m\images\IMG_0082_JPG.rf.803f884538025482d7d180a592dc3fff.jpg,C:\Users\depthlev\Desktop\Z_Drone_Final_Project_GA\nenrus-Dataset-of-Drone-Distance-Estimation-a5aac8f\prepared_by_drone_type\Kongsberg\distance_15m\labels\IMG_0082_JPG.rf.803f884538025482d7d180a592dc3fff.txt,unknown,unknown,40.0,2.13808994,16.0,1.06904497,0.02083333,0.00111359,0.01481481,0.00098986,0.00030864,3.716e-05,2.5,0.0341268,0.49114583,0.00083519,0.41574074,0.00049493,3.09999776,0.0,0.0,0.0,0.0
Kongsberg::IMG_0083_JPG.rf.7156f53546043e7bd5f5948deed002b0.jpg,Kongsberg,15.0,15.0,C:\Users\depthlev\Desktop\Z_Drone_Final_Project_GA\nenrus-Dataset-of-Drone-Distance-Estimation-a5aac8f\prepared_by_drone_type\Kongsberg\distance_15m\images\IMG_0083_JPG.rf.7156f53546043e7bd5f5948deed002b0.jpg,C:\Users\depthlev\Desktop\Z_Drone_Final_Project_GA\nenrus-Dataset-of-Drone-Distance-Estimation-a5aac8f\prepared_by_drone_type\Kongsberg\distance_15m\labels\IMG_0083_JPG.rf.7156f53546043e7bd5f5948deed002b0.txt,unknown,unknown,35.0,1.06904497,16.0,1.06904497,0.01822917,0.00055679,0.01481481,0.00098986,0.00027006,2.631e-05,2.1875,0.08105114,0.48984375,0.00083519,0.41574074,0.00049493,2.40307045,0.0,0.0,0.0,0.0
Kongsberg::IMG_0084_JPG.rf.8f7fefedac32a4ca2042764cdf760b8e.jpg,Kongsberg,15.0,15.0,C:\Users\depthlev\Desktop\Z_Drone_Final_Project_GA\nenrus-Dataset-of-Drone-Distance-Estimation-a5aac8f\prepared_by_drone_type\Kongsberg\distance_15m\images\IMG_0084_JPG.rf.8f7fefedac32a4ca2042764cdf760b8e.jpg,C:\Users\depthlev\Desktop\Z_Drone_Final_Project_GA\nenrus-Dataset-of-Drone-Distance-Estimation-a5aac8f\prepared_by_drone_type\Kongsberg\distance_15m\labels\IMG_0084_JPG.rf.8f7fefedac32a4ca2042764cdf760b8e.txt,unknown,unknown,43.0,2.13808994,17.0,1.06904497,0.02239583,0.00111359,0.01574074,0.00098986,0.00035253,3.974e-05,2.52941176,0.03392578,0.48880208,0.00083519,0.41712963,0.00049493,2.57544804,0.0,0.0,0.0,0.0
Kongsberg::IMG_0085_JPG.rf.6d613088aa442ffa680b6e2c662f1752.jpg,Kongsberg,15.0,15.0,C:\Users\depthlev\Desktop\Z_Drone_Final_Project_GA\nenrus-Dataset-of-Drone-Distance-Estimation-a5aac8f\prepared_by_drone_type\Kongsberg\distance_15m\images\IMG_0085_JPG.rf.6d613088aa442ffa680b6e2c662f1752.jpg,C:\Users\depthlev\Desktop\Z_Drone_Final_Project_GA\nenrus-Dataset-of-Drone-Distance-Estimation-a5aac8f\prepared_by_drone_type\Kongsberg\distance_15m\labels\IMG_0085_JPG.rf.6d613088aa442ffa680b6e2c662f1752.txt,unknown,unknown,47.0,2.13808994,16.0,1.06904497,0.02447917,0.00111359,0.01481481,0.00098986,0.00036265,4.077e-05,2.9375,0.06398774,0.49088542,0.00111359,0.41759259,0.00049493,2.87564087,0.0,0.0,0.0,0.0
Kongsberg::IMG_0086_JPG.rf.b68e21eabaac4c63c7c44b4122260813.jpg,Kongsberg,15.0,15.0,C:\Users\depthlev\Desktop\Z_Drone_Final_Project_GA\nenrus-Dataset-of-Drone-Distance-Estimation-a5aac8f\prepared_by_drone_type\Kongsberg\distance_15m\images\IMG_0086_JPG.rf.b68e21eabaac4c63c7c44b4122260813.jpg,C:\Users\depthlev\Desktop\Z_Drone_Final_Project_GA\nenrus-Dataset-of-Drone-Distance-Estimation-a5aac8f\prepared_by_drone_type\Kongsberg\distance_15m\labels\IMG_0086_JPG.rf.b68e21eabaac4c63c7c44b4122260813.txt,unknown,unknown,40.0,2.13808994,16.0,1.06904497,0.02083333,0.00111359,0.01481481,0.00098986,0.00030864,3.716e-05,2.5,0.0341268,0.4890625,0.00083519,0.41574074,0.00049493,3.13707638,0.0,0.0,0.0,0.0
Kongsberg::IMG_0087_JPG.rf.5a0267ccc58381a2c98f2bc725ac2f8b.jpg,Kongsberg,15.0,15.0,C:\Users\depthlev\Desktop\Z_Drone_Final_Project_GA\nenrus-Dataset-of-Drone-Distance-Estimation-a5aac8f\prepared_by_drone_type\Kongsberg\distance_15m\images\IMG_0087_JPG.rf.5a0267ccc58381a2c98f2bc725ac2f8b.jpg,C:\Users\depthlev\Desktop\Z_Drone_Final_Project_GA\nenrus-Dataset-of-Drone-Distance-Estimation-a5aac8f\prepared_by_drone_type\Kongsberg\distance_15m\labels\IMG_0087_JPG.rf.5a0267ccc58381a2c98f2bc725ac2f8b.txt,unknown,unknown,47.0,2.13808994,14.0,1.06904497,0.02447917,0.00111359,0.01296296,0.00098986,0.00031732,3.871e-05,3.35714286,0.10655919,0.48723958,0.00111359,0.41666667,0.00049493,2.87485075,0.0,0.0,0.0,0.0
Kongsberg::IMG_0088_JPG.rf.d130e60ad4ab1265edd1bc7c5bcc8635.jpg,Kongsberg,15.0,15.0,C:\Users\depthlev\Desktop\Z_Drone_Final_Project_GA\nenrus-Dataset-of-Drone-Distance-Estimation-a5aac8f\prepared_by_drone_type\Kongsberg\distance_15m\images\IMG_0088_JPG.rf.d130e60ad4ab1265edd1bc7c5bcc8635.jpg,C:\Users\depthlev\Desktop\Z_Drone_Final_Project_GA\nenrus-Dataset-of-Drone-Distance-Estimation-a5aac8f\prepared_by_drone_type\Kongsberg\distance_15m\labels\IMG_0088_JPG.rf.d130e60ad4ab1265edd1bc7c5bcc8635.txt,unknown,unknown,45.0,2.13808994,13.0,1.06904497,0.0234375,0.00111359,0.01203704,0.00098986,0.00028212,3.665e-05,3.46153846,0.12413838,0.48776042,0.00111359,0.41805556,0.00049493,2.43094301,0.0,0.0,0.0,0.0
Kongsberg::IMG_0089_JPG.rf.87924169d6826f4e6a10c96425380b10.jpg,Kongsberg,15.0,15.0,C:\Users\depthlev\Desktop\Z_Drone_Final_Project_GA\nenrus-Dataset-of-Drone-Distance-Estimation-a5aac8f\prepared_by_drone_type\Kongsberg\distance_15m\images\IMG_0089_JPG.rf.87924169d6826f4e6a10c96425380b10.jpg,C:\Users\depthlev\Desktop\Z_Drone_Final_Project_GA\nenrus-Dataset-of-Drone-Distance-Estimation-a5aac8f\prepared_by_drone_type\Kongsberg\distance_15m\labels\IMG_0089_JPG.rf.87924169d6826f4e6a10c96425380b10.txt,unknown,unknown,36.0,1.06904497,14.0,1.06904497,0.01875,0.00055679,0.01296296,0.00098986,0.00024306,2.579e-05,2.57142857,0.12338432,0.4875,0.00083519,0.41759259,0.00049493,2.26537323,0.0,0.0,0.0,0.0
Kongsberg::IMG_0090_JPG.rf.31bd1afe3c8717339f1fbd5e4ec94a4b.jpg,Kongsberg,15.0,15.0,C:\Users\depthlev\Desktop\Z_Drone_Final_Project_GA\nenrus-Dataset-of-Drone-Distance-Estimation-a5aac8f\prepared_by_drone_type\Kongsberg\distance_15m\images\IMG_0090_JPG.rf.31bd1afe3c8717339f1fbd5e4ec94a4b.jpg,C:\Users\depthlev\Desktop\Z_Drone_Final_Project_GA\nenrus-Dataset-of-Drone-Distance-Estimation-a5aac8f\prepared_by_drone_type\Kongsberg\distance_15m\labels\IMG_0090_JPG.rf.31bd1afe3c8717339f1fbd5e4ec94a4b.txt,unknown,unknown,37.0,1.06904497,14.0,1.06904497,0.01927083,0.00055679,0.01296296,0.00098986,0.00024981,2.631e-05,2.64285714,0.1289927,0.48567708,0.00083519,0.41666667,0.00049493,3.18257093,0.0,0.0,0.0,0.0
Kongsberg::IMG_0091_JPG.rf.531ac573919242f0dd3f3936e81a754e.jpg,Kongsberg,15.0,15.0,C:\Users\depthlev\Desktop\Z_Drone_Final_Project_GA\nenrus-Dataset-of-Drone-Distance-Estimation-a5aac8f\prepared_by_drone_type\Kongsberg\distance_15m\images\IMG_0091_JPG.rf.531ac573919242f0dd3f3936e81a754e.jpg,C:\Users\depthlev\Desktop\Z_Drone_Final_Project_GA\nenrus-Dataset-of-Drone-Distance-Estimation-a5aac8f\prepared_by_drone_type\Kongsberg\distance_15m\labels\IMG_0091_JPG.rf.531ac573919242f0dd3f3936e81a754e.txt,unknown,unknown,40.0,2.13808994,15.0,1.06904497,0.02083333,0.00111359,0.01388889,0.00098986,0.00028935,3.613e-05,2.66666667,0.04867924,0.48489583,0.00083519,0.41805556,0.00049493,3.00672197,0.0,0.0,0.0,0.0
Kongsberg::IMG_0092_JPG.rf.87fe0b9808dd7abc2cdecba59d2528c5.jpg,Kongsberg,15.0,15.0,C:\Users\depthlev\Desktop\Z_Drone_Final_Project_GA\nenrus-Dataset-of-Drone-Distance-Estimation-a5aac8f\prepared_by_drone_type\Kongsberg\distance_15m\images\IMG_0092_JPG.rf.87fe0b9808dd7abc2cdecba59d2528c5.jpg,C:\Users\depthlev\Desktop\Z_Drone_Final_Project_GA\nenrus-Dataset-of-Drone-Distance-Estimation-a5aac8f\prepared_by_drone_type\Kongsberg\distance_15m\labels\IMG_0092_JPG.rf.87fe0b9808dd7abc2cdecba59d2528c5.txt,unknown,unknown,40.0,2.13808994,14.0,1.06904497,0.02083333,0.00111359,0.01296296,0.00098986,0.00027006,3.51e-05,2.85714286,0.06730054,0.4859375,0.00083519,0.41666667,0.00049493,2.51618361,0.0,0.0,0.0,0.0
Kongsberg::IMG_0093_JPG.rf.c98166d741b9dac789e2433e74e7e702.jpg,Kongsberg,20.0,20.0,C:\Users\depthlev\Desktop\Z_Drone_Final_Project_GA\nenrus-Dataset-of-Drone-Distance-Estimation-a5aac8f\prepared_by_drone_type\Kongsberg\distance_20m\images\IMG_0093_JPG.rf.c98166d741b9dac789e2433e74e7e702.jpg,C:\Users\depthlev\Desktop\Z_Drone_Final_Project_GA\nenrus-Dataset-of-Drone-Distance-Estimation-a5aac8f\prepared_by_drone_type\Kongsberg\distance_20m\labels\IMG_0093_JPG.rf.c98166d741b9dac789e2433e74e7e702.txt,unknown,unknown,35.0,1.06904497,12.0,0.0,0.01822917,0.00055679,0.01111111,0.0,0.00020255,6.19e-06,2.91666667,0.08908708,0.43776042,0.00083519,0.40185185,0.00049493,2.58198357,0.0,0.0,0.0,0.0
Kongsberg::IMG_0094_JPG.rf.b3fa341b8e69581e7366e1a1fe97ef28.jpg,Kongsberg,20.0,20.0,C:\Users\depthlev\Desktop\Z_Drone_Final_Project_GA\nenrus-Dataset-of-Drone-Distance-Estimation-a5aac8f\prepared_by_drone_type\Kongsberg\distance_20m\images\IMG_0094_JPG.rf.b3fa341b8e69581e7366e1a1fe97ef28.jpg,C:\Users\depthlev\Desktop\Z_Drone_Final_Project_GA\nenrus-Dataset-of-Drone-Distance-Estimation-a5aac8f\prepared_by_drone_type\Kongsberg\distance_20m\labels\IMG_0094_JPG.rf.b3fa341b8e69581e7366e1a1fe97ef28.txt,unknown,unknown,37.0,1.06904497,13.0,1.06904497,0.01927083,0.00055679,0.01203704,0.00098986,0.00023196,2.579e-05,2.84615385,0.15680637,0.43723958,0.00083519,0.40231481,0.00049493,2.63244033,0.0,0.0,0.0,0.0
Kongsberg::IMG_0095_JPG.rf.5644f464b772feaa6b24be466f35cee5.jpg,Kongsberg,20.0,20.0,C:\Users\depthlev\Desktop\Z_Drone_Final_Project_GA\nenrus-Dataset-of-Drone-Distance-Estimation-a5aac8f\prepared_by_drone_type\Kongsberg\distance_20m\images\IMG_0095_JPG.rf.5644f464b772feaa6b24be466f35cee5.jpg,C:\Users\depthlev\Desktop\Z_Drone_Final_Project_GA\nenrus-Dataset-of-Drone-Distance-Estimation-a5aac8f\prepared_by_drone_type\Kongsberg\distance_20m\labels\IMG_0095_JPG.rf.5644f464b772feaa6b24be466f35cee5.txt,unknown,unknown,33.0,1.06904497,14.0,1.06904497,0.0171875,0.00055679,0.01296296,0.00098986,0.0002228,2.425e-05,2.35714286,0.10655919,0.43671875,0.00083519,0.40277778,0.00049493,3.09974146,0.0,0.0,0.0,0.0
Kongsberg::IMG_0096_JPG.rf.3cb113c142f24c31a735f5195f952072.jpg,Kongsberg,20.0,20.0,C:\Users\depthlev\Desktop\Z_Drone_Final_Project_GA\nenrus-Dataset-of-Drone-Distance-Estimation-a5aac8f\prepared_by_drone_type\Kongsberg\distance_20m\images\IMG_0096_JPG.rf.3cb113c142f24c31a735f5195f952072.jpg,C:\Users\depthlev\Desktop\Z_Drone_Final_Project_GA\nenrus-Dataset-of-Drone-Distance-Estimation-a5aac8f\prepared_by_drone_type\Kongsberg\distance_20m\labels\IMG_0096_JPG.rf.3cb113c142f24c31a735f5195f952072.txt,unknown,unknown,32.0,1.06904497,13.0,1.06904497,0.01666667,0.00055679,0.01203704,0.00098986,0.00020062,2.322e-05,2.46153846,0.12413838,0.43697917,0.00083519,0.40324074,0.00049493,2.89794397,0.0,0.0,0.0,0.0
Kongsberg::IMG_0097_JPG.rf.78b1bcf44e327338451ac62662097a39.jpg,Kongsberg,20.0,20.0,C:\Users\depthlev\Desktop\Z_Drone_Final_Project_GA\nenrus-Dataset-of-Drone-Distance-Estimation-a5aac8f\prepared_by_drone_type\Kongsberg\distance_20m\images\IMG_0097_JPG.rf.78b1bcf44e327338451ac62662097a39.jpg,C:\Users\depthlev\Desktop\Z_Drone_Final_Project_GA\nenrus-Dataset-of-Drone-Distance-Estimation-a5aac8f\prepared_by_drone_type\Kongsberg\distance_20m\labels\IMG_0097_JPG.rf.78b1bcf44e327338451ac62662097a39.txt,unknown,unknown,34.0,1.06904497,14.0,1.06904497,0.01770833,0.00055679,0.01296296,0.00098986,0.00022955,2.476e-05,2.42857143,0.11216757,0.43645833,0.00083519,0.40462963,0.00049493,1.58694816,0.0,0.0,0.0,0.0
Kongsberg::IMG_0098_JPG.rf.76d89984d71200822065b2d530497f59.jpg,Kongsberg,20.0,20.0,C:\Users\depthlev\Desktop\Z_Drone_Final_Project_GA\nenrus-Dataset-of-Drone-Distance-Estimation-a5aac8f\prepared_by_drone_type\Kongsberg\distance_20m\images\IMG_0098_JPG.rf.76d89984d71200822065b2d530497f59.jpg,C:\Users\depthlev\Desktop\Z_Drone_Final_Project_GA\nenrus-Dataset-of-Drone-Distance-Estimation-a5aac8f\prepared_by_drone_type\Kongsberg\distance_20m\labels\IMG_0098_JPG.rf.76d89984d71200822065b2d530497f59.txt,unknown,unknown,33.0,1.06904497,11.0,0.0,0.0171875,0.00055679,0.01018519,0.0,0.00017506,5.67e-06,3.0,0.09718591,0.43828125,0.00083519,0.40416667,0.00049493,1.56854284,0.0,0.0,0.0,0.0
Kongsberg::IMG_0099_JPG.rf.02d0595db6052ebcd30335ad45c656cf.jpg,Kongsberg,20.0,20.0,C:\Users\depthlev\Desktop\Z_Drone_Final_Project_GA\nenrus-Dataset-of-Drone-Distance-Estimation-a5aac8f\prepared_by_drone_type\Kongsberg\distance_20m\images\IMG_0099_JPG.rf.02d0595db6052ebcd30335ad45c656cf.jpg,C:\Users\depthlev\Desktop\Z_Drone_Final_Project_GA\nenrus-Dataset-of-Drone-Distance-Estimation-a5aac8f\prepared_by_drone_type\Kongsberg\distance_20m\labels\IMG_0099_JPG.rf.02d0595db6052ebcd30335ad45c656cf.txt,unknown,unknown,33.0,1.06904497,11.0,0.0,0.0171875,0.00055679,0.01018519,0.0,0.00017506,5.67e-06,3.0,0.09718591,0.43776042,0.00083519,0.40324074,0.00049493,1.87235808,0.0,0.0,0.0,0.0
Kongsberg::IMG_0100_JPG.rf.c48e03d60459d3eff6649699ba1e5ebe.jpg,Kongsberg,20.0,20.0,C:\Users\depthlev\Desktop\Z_Drone_Final_Project_GA\nenrus-Dataset-of-Drone-Distance-Estimation-a5aac8f\prepared_by_drone_type\Kongsberg\distance_20m\images\IMG_0100_JPG.rf.c48e03d60459d3eff6649699ba1e5ebe.jpg,C:\Users\depthlev\Desktop\Z_Drone_Final_Project_GA\nenrus-Dataset-of-Drone-Distance-Estimation-a5aac8f\prepared_by_drone_type\Kongsberg\distance_20m\labels\IMG_0100_JPG.rf.c48e03d60459d3eff6649699ba1e5ebe.txt,unknown,unknown,30.0,1.06904497,13.0,1.06904497,0.015625,0.00055679,0.01203704,0.00098986,0.00018808,2.219e-05,2.30769231,0.11107118,0.43645833,0.00055679,0.40231481,0.00049493,2.30861926,0.0,0.0,0.0,0.0
Kongsberg::IMG_0101_JPG.rf.52dae0728b1c28f69b4ca1ffb8b9b067.jpg,Kongsberg,20.0,20.0,C:\Users\depthlev\Desktop\Z_Drone_Final_Project_GA\nenrus-Dataset-of-Drone-Distance-Estimation-a5aac8f\prepared_by_drone_type\Kongsberg\distance_20m\images\IMG_0101_JPG.rf.52dae0728b1c28f69b4ca1ffb8b9b067.jpg,C:\Users\depthlev\Desktop\Z_Drone_Final_Project_GA\nenrus-Dataset-of-Drone-Distance-Estimation-a5aac8f\prepared_by_drone_type\Kongsberg\distance_20m\labels\IMG_0101_JPG.rf.52dae0728b1c28f69b4ca1ffb8b9b067.txt,unknown,unknown,30.0,1.06904497,10.0,0.0,0.015625,0.00055679,0.00925926,0.0,0.00014468,5.16e-06,3.0,0.1069045,0.4390625,0.00055679,0.40092593,0.00049493,2.44368815,0.0,0.0,0.0,0.0
Kongsberg::IMG_0102_JPG.rf.3514e05d4800006bf798430bc597099c.jpg,Kongsberg,20.0,20.0,C:\Users\depthlev\Desktop\Z_Drone_Final_Project_GA\nenrus-Dataset-of-Drone-Distance-Estimation-a5aac8f\prepared_by_drone_type\Kongsberg\distance_20m\images\IMG_0102_JPG.rf.3514e05d4800006bf798430bc597099c.jpg,C:\Users\depthlev\Desktop\Z_Drone_Final_Project_GA\nenrus-Dataset-of-Drone-Distance-Estimation-a5aac8f\prepared_by_drone_type\Kongsberg\distance_20m\labels\IMG_0102_JPG.rf.3514e05d4800006bf798430bc597099c.txt,unknown,unknown,32.0,1.06904497,12.0,0.0,0.01666667,0.00055679,0.01111111,0.0,0.00018519,6.19e-06,2.66666667,0.08908708,0.44010417,0.00083519,0.4,0.00049493,1.11751449,0.0,0.0,0.0,0.0
Kongsberg::IMG_0103_JPG.rf.5fa1c7e0abf337d7e4fe4ab430a18e25.jpg,Kongsberg,20.0,20.0,C:\Users\depthlev\Desktop\Z_Drone_Final_Project_GA\nenrus-Dataset-of-Drone-Distance-Estimation-a5aac8f\prepared_by_drone_type\Kongsberg\distance_20m\images\IMG_0103_JPG.rf.5fa1c7e0abf337d7e4fe4ab430a18e25.jpg,C:\Users\depthlev\Desktop\Z_Drone_Final_Project_GA\nenrus-Dataset-of-Drone-Distance-Estimation-a5aac8f\prepared_by_drone_type\Kongsberg\distance_20m\labels\IMG_0103_JPG.rf.5fa1c7e0abf337d7e4fe4ab430a18e25.txt,unknown,unknown,32.0,1.06904497,12.0,0.0,0.01666667,0.00055679,0.01111111,0.0,0.00018519,6.19e-06,2.66666667,0.08908708,0.43854167,0.00083519,0.4,0.00049493,2.28988504,0.0,0.0,0.0,0.0
Kongsberg::IMG_0104_JPG.rf.742de988a14a759c0af3955c80329754.jpg,Kongsberg,20.0,20.0,C:\Users\depthlev\Desktop\Z_Drone_Final_Project_GA\nenrus-Dataset-of-Drone-Distance-Estimation-a5aac8f\prepared_by_drone_type\Kongsberg\distance_20m\images\IMG_0104_JPG.rf.742de988a14a759c0af3955c80329754.jpg,C:\Users\depthlev\Desktop\Z_Drone_Final_Project_GA\nenrus-Dataset-of-Drone-Distance-Estimation-a5aac8f\prepared_by_drone_type\Kongsberg\distance_20m\labels\IMG_0104_JPG.rf.742de988a14a759c0af3955c80329754.txt,unknown,unknown,29.0,1.06904497,13.0,1.06904497,0.01510417,0.00055679,0.01203704,0.00098986,0.00018181,2.167e-05,2.23076923,0.10453758,0.44088542,0.00055679,0.39861111,0.00049493,2.16988921,0.0,0.0,0.0,0.0
Kongsberg::IMG_0105_JPG.rf.a58a6112cdd2765aaf4441e1af03f4eb.jpg,Kongsberg,20.0,20.0,C:\Users\depthlev\Desktop\Z_Drone_Final_Project_GA\nenrus-Dataset-of-Drone-Distance-Estimation-a5aac8f\prepared_by_drone_type\Kongsberg\distance_20m\images\IMG_0105_JPG.rf.a58a6112cdd2765aaf4441e1af03f4eb.jpg,C:\Users\depthlev\Desktop\Z_Drone_Final_Project_GA\nenrus-Dataset-of-Drone-Distance-Estimation-a5aac8f\prepared_by_drone_type\Kongsberg\distance_20m\labels\IMG_0105_JPG.rf.a58a6112cdd2765aaf4441e1af03f4eb.txt,unknown,unknown,36.0,1.06904497,13.0,1.06904497,0.01875,0.00055679,0.01203704,0.00098986,0.00022569,2.528e-05,2.76923077,0.15027278,0.44114583,0.00083519,0.39768519,0.00049493,1.83749962,0.0,0.0,0.0,0.0
Kongsberg::IMG_0106_JPG.rf.9a7b58800fa82ce84b7699274c351a15.jpg,Kongsberg,20.0,20.0,C:\Users\depthlev\Desktop\Z_Drone_Final_Project_GA\nenrus-Dataset-of-Drone-Distance-Estimation-a5aac8f\prepared_by_drone_type\Kongsberg\distance_20m\images\IMG_0106_JPG.rf.9a7b58800fa82ce84b7699274c351a15.jpg,C:\Users\depthlev\Desktop\Z_Drone_Final_Project_GA\nenrus-Dataset-of-Drone-Distance-Estimation-a5aac8f\prepared_by_drone_type\Kongsberg\distance_20m\labels\IMG_0106_JPG.rf.9a7b58800fa82ce84b7699274c351a15.txt,unknown,unknown,34.0,1.06904497,13.0,1.06904497,0.01770833,0.00055679,0.01203704,0.00098986,0.00021316,2.425e-05,2.61538462,0.13720558,0.44270833,0.00083519,0.39861111,0.00049493,2.06797266,0.0,0.0,0.0,0.0
Kongsberg::IMG_0107_JPG.rf.aee44c37841c86cababc66783150ffc0.jpg,Kongsberg,20.0,20.0,C:\Users\depthlev\Desktop\Z_Drone_Final_Project_GA\nenrus-Dataset-of-Drone-Distance-Estimation-a5aac8f\prepared_by_drone_type\Kongsberg\distance_20m\images\IMG_0107_JPG.rf.aee44c37841c86cababc66783150ffc0.jpg,C:\Users\depthlev\Desktop\Z_Drone_Final_Project_GA\nenrus-Dataset-of-Drone-Distance-Estimation-a5aac8f\prepared_by_drone_type\Kongsberg\distance_20m\labels\IMG_0107_JPG.rf.aee44c37841c86cababc66783150ffc0.txt,unknown,unknown,32.0,1.06904497,11.0,0.0,0.01666667,0.00055679,0.01018519,0.0,0.00016975,5.67e-06,2.90909091,0.09718591,0.44166667,0.00083519,0.39953704,0.00049493,2.34551287,0.0,0.0,0.0,0.0
Kongsberg::IMG_0108_JPG.rf.9ec7f12646d1299f9fc29aadc8c8aff5.jpg,Kongsberg,20.0,20.0,C:\Users\depthlev\Desktop\Z_Drone_Final_Project_GA\nenrus-Dataset-of-Drone-Distance-Estimation-a5aac8f\prepared_by_drone_type\Kongsberg\distance_20m\images\IMG_0108_JPG.rf.9ec7f12646d1299f9fc29aadc8c8aff5.jpg,C:\Users\depthlev\Desktop\Z_Drone_Final_Project_GA\nenrus-Dataset-of-Drone-Distance-Estimation-a5aac8f\prepared_by_drone_type\Kongsberg\distance_20m\labels\IMG_0108_JPG.rf.9ec7f12646d1299f9fc29aadc8c8aff5.txt,unknown,unknown,33.0,1.06904497,13.0,1.06904497,0.0171875,0.00055679,0.01203704,0.00098986,0.00020689,2.373e-05,2.53846154,0.13067198,0.43932292,0.00083519,0.39953704,0.00049493,2.90327907,0.0,0.0,0.0,0.0
Kongsberg::IMG_0109_JPG.rf.596395705bd8b957d434279292973086.jpg,Kongsberg,20.0,20.0,C:\Users\depthlev\Desktop\Z_Drone_Final_Project_GA\nenrus-Dataset-of-Drone-Distance-Estimation-a5aac8f\prepared_by_drone_type\Kongsberg\distance_20m\images\IMG_0109_JPG.rf.596395705bd8b957d434279292973086.jpg,C:\Users\depthlev\Desktop\Z_Drone_Final_Project_GA\nenrus-Dataset-of-Drone-Distance-Estimation-a5aac8f\prepared_by_drone_type\Kongsberg\distance_20m\labels\IMG_0109_JPG.rf.596395705bd8b957d434279292973086.txt,unknown,unknown,33.0,1.06904497,12.0,0.0,0.0171875,0.00055679,0.01111111,0.0,0.00019097,6.19e-06,2.75,0.08908708,0.43776042,0.00083519,0.39814815,0.00049493,2.69199896,0.0,0.0,0.0,0.0
Kongsberg::IMG_0110_JPG.rf.a72ffd6641822ec6de3fb021bd371a7c.jpg,Kongsberg,20.0,20.0,C:\Users\depthlev\Desktop\Z_Drone_Final_Project_GA\nenrus-Dataset-of-Drone-Distance-Estimation-a5aac8f\prepared_by_drone_type\Kongsberg\distance_20m\images\IMG_0110_JPG.rf.a72ffd6641822ec6de3fb021bd371a7c.jpg,C:\Users\depthlev\Desktop\Z_Drone_Final_Project_GA\nenrus-Dataset-of-Drone-Distance-Estimation-a5aac8f\prepared_by_drone_type\Kongsberg\distance_20m\labels\IMG_0110_JPG.rf.a72ffd6641822ec6de3fb021bd371a7c.txt,unknown,unknown,37.0,1.06904497,13.0,1.06904497,0.01927083,0.00055679,0.01203704,0.00098986,0.00023196,2.579e-05,2.84615385,0.15680637,0.43776042,0.00083519,0.40231481,0.00049493,1.75094438,0.0,0.0,0.0,0.0
Kongsberg::IMG_0111_JPG.rf.b8747e32b793a2c0ecfd21ed1cfb2aa3.jpg,Kongsberg,20.0,20.0,C:\Users\depthlev\Desktop\Z_Drone_Final_Project_GA\nenrus-Dataset-of-Drone-Distance-Estimation-a5aac8f\prepared_by_drone_type\Kongsberg\distance_20m\images\IMG_0111_JPG.rf.b8747e32b793a2c0ecfd21ed1cfb2aa3.jpg,C:\Users\depthlev\Desktop\Z_Drone_Final_Project_GA\nenrus-Dataset-of-Drone-Distance-Estimation-a5aac8f\prepared_by_drone_type\Kongsberg\distance_20m\labels\IMG_0111_JPG.rf.b8747e32b793a2c0ecfd21ed1cfb2aa3.txt,unknown,unknown,36.0,1.06904497,12.0,0.0,0.01875,0.00055679,0.01111111,0.0,0.00020833,6.19e-06,3.0,0.08908708,0.4390625,0.00083519,0.40092593,0.00049493,1.89947486,0.0,0.0,0.0,0.0
Kongsberg::IMG_0112_JPG.rf.4cbc5ffc71e0ed51264f62d34bfa3501.jpg,Kongsberg,20.0,20.0,C:\Users\depthlev\Desktop\Z_Drone_Final_Project_GA\nenrus-Dataset-of-Drone-Distance-Estimation-a5aac8f\prepared_by_drone_type\Kongsberg\distance_20m\images\IMG_0112_JPG.rf.4cbc5ffc71e0ed51264f62d34bfa3501.jpg,C:\Users\depthlev\Desktop\Z_Drone_Final_Project_GA\nenrus-Dataset-of-Drone-Distance-Estimation-a5aac8f\prepared_by_drone_type\Kongsberg\distance_20m\labels\IMG_0112_JPG.rf.4cbc5ffc71e0ed51264f62d34bfa3501.txt,unknown,unknown,37.0,1.06904497,13.0,1.06904497,0.01927083,0.00055679,0.01203704,0.00098986,0.00023196,2.579e-05,2.84615385,0.15680637,0.43932292,0.00083519,0.39953704,0.00049493,2.68050575,0.0,0.0,0.0,0.0
Kongsberg::IMG_0113_JPG.rf.4cec5f776ae570d12766bb9256b17978.jpg,Kongsberg,20.0,20.0,C:\Users\depthlev\Desktop\Z_Drone_Final_Project_GA\nenrus-Dataset-of-Drone-Distance-Estimation-a5aac8f\prepared_by_drone_type\Kongsberg\distance_20m\images\IMG_0113_JPG.rf.4cec5f776ae570d12766bb9256b17978.jpg,C:\Users\depthlev\Desktop\Z_Drone_Final_Project_GA\nenrus-Dataset-of-Drone-Distance-Estimation-a5aac8f\prepared_by_drone_type\Kongsberg\distance_20m\labels\IMG_0113_JPG.rf.4cec5f776ae570d12766bb9256b17978.txt,unknown,unknown,35.0,1.06904497,12.0,0.0,0.01822917,0.00055679,0.01111111,0.0,0.00020255,6.19e-06,2.91666667,0.08908708,0.43723958,0.00083519,0.4,0.00049493,1.8861078,0.0,0.0,0.0,0.0
Kongsberg::IMG_0114_JPG.rf.c25bf8d8413ca87764096f0fe8d475a6.jpg,Kongsberg,20.0,20.0,C:\Users\depthlev\Desktop\Z_Drone_Final_Project_GA\nenrus-Dataset-of-Drone-Distance-Estimation-a5aac8f\prepared_by_drone_type\Kongsberg\distance_20m\images\IMG_0114_JPG.rf.c25bf8d8413ca87764096f0fe8d475a6.jpg,C:\Users\depthlev\Desktop\Z_Drone_Final_Project_GA\nenrus-Dataset-of-Drone-Distance-Estimation-a5aac8f\prepared_by_drone_type\Kongsberg\distance_20m\labels\IMG_0114_JPG.rf.c25bf8d8413ca87764096f0fe8d475a6.txt,unknown,unknown,30.0,1.06904497,13.0,1.06904497,0.015625,0.00055679,0.01203704,0.00098986,0.00018808,2.219e-05,2.30769231,0.11107118,0.4359375,0.00055679,0.39953704,0.00049493,2.44669104,0.0,0.0,0.0,0.0
Kongsberg::IMG_0115_JPG.rf.bbeaa08f235c20fee7008b6c660862be.jpg,Kongsberg,20.0,20.0,C:\Users\depthlev\Desktop\Z_Drone_Final_Project_GA\nenrus-Dataset-of-Drone-Distance-Estimation-a5aac8f\prepared_by_drone_type\Kongsberg\distance_20m\images\IMG_0115_JPG.rf.bbeaa08f235c20fee7008b6c660862be.jpg,C:\Users\depthlev\Desktop\Z_Drone_Final_Project_GA\nenrus-Dataset-of-Drone-Distance-Estimation-a5aac8f\prepared_by_drone_type\Kongsberg\distance_20m\labels\IMG_0115_JPG.rf.bbeaa08f235c20fee7008b6c660862be.txt,unknown,unknown,31.0,1.06904497,13.0,1.06904497,0.01614583,0.00055679,0.01203704,0.00098986,0.00019435,2.27e-05,2.38461538,0.11760478,0.43619792,0.00055679,0.39861111,0.00049493,2.28076982,0.0,0.0,0.0,0.0
Kongsberg::IMG_0116_JPG.rf.bd9d898b09be252c207d750aa8d52c1b.jpg,Kongsberg,20.0,20.0,C:\Users\depthlev\Desktop\Z_Drone_Final_Project_GA\nenrus-Dataset-of-Drone-Distance-Estimation-a5aac8f\prepared_by_drone_type\Kongsberg\distance_20m\images\IMG_0116_JPG.rf.bd9d898b09be252c207d750aa8d52c1b.jpg,C:\Users\depthlev\Desktop\Z_Drone_Final_Project_GA\nenrus-Dataset-of-Drone-Distance-Estimation-a5aac8f\prepared_by_drone_type\Kongsberg\distance_20m\labels\IMG_0116_JPG.rf.bd9d898b09be252c207d750aa8d52c1b.txt,unknown,unknown,29.0,1.06904497,13.0,1.06904497,0.01510417,0.00055679,0.01203704,0.00098986,0.00018181,2.167e-05,2.23076923,0.10453758,0.43619792,0.00055679,0.39675926,0.00049493,2.63412714,0.0,0.0,0.0,0.0
Kongsberg::IMG_0117_JPG.rf.7062c02f6aac529cba97d222dabad738.jpg,Kongsberg,20.0,20.0,C:\Users\depthlev\Desktop\Z_Drone_Final_Project_GA\nenrus-Dataset-of-Drone-Distance-Estimation-a5aac8f\prepared_by_drone_type\Kongsberg\distance_20m\images\IMG_0117_JPG.rf.7062c02f6aac529cba97d222dabad738.jpg,C:\Users\depthlev\Desktop\Z_Drone_Final_Project_GA\nenrus-Dataset-of-Drone-Distance-Estimation-a5aac8f\prepared_by_drone_type\Kongsberg\distance_20m\labels\IMG_0117_JPG.rf.7062c02f6aac529cba97d222dabad738.txt,unknown,unknown,35.0,1.06904497,12.0,0.0,0.01822917,0.00055679,0.01111111,0.0,0.00020255,6.19e-06,2.91666667,0.08908708,0.44036458,0.00083519,0.4,0.00049493,2.46201944,0.0,0.0,0.0,0.0
Kongsberg::IMG_0118_JPG.rf.aee79fac7ed6ae7a94f493563d3c0699.jpg,Kongsberg,25.0,25.0,C:\Users\depthlev\Desktop\Z_Drone_Final_Project_GA\nenrus-Dataset-of-Drone-Distance-Estimation-a5aac8f\prepared_by_drone_type\Kongsberg\distance_25m\images\IMG_0118_JPG.rf.aee79fac7ed6ae7a94f493563d3c0699.jpg,C:\Users\depthlev\Desktop\Z_Drone_Final_Project_GA\nenrus-Dataset-of-Drone-Distance-Estimation-a5aac8f\prepared_by_drone_type\Kongsberg\distance_25m\labels\IMG_0118_JPG.rf.aee79fac7ed6ae7a94f493563d3c0699.txt,unknown,unknown,32.0,1.06904497,12.0,0.0,0.01666667,0.00055679,0.01111111,0.0,0.00018519,6.19e-06,2.66666667,0.08908708,0.434375,0.00083519,0.41759259,0.00049493,1.90655208,0.0,0.0,0.0,0.0
Kongsberg::IMG_0119_JPG.rf.c71a3b61e1c0b33b7665a1a7a8f4163d.jpg,Kongsberg,25.0,25.0,C:\Users\depthlev\Desktop\Z_Drone_Final_Project_GA\nenrus-Dataset-of-Drone-Distance-Estimation-a5aac8f\prepared_by_drone_type\Kongsberg\distance_25m\images\IMG_0119_JPG.rf.c71a3b61e1c0b33b7665a1a7a8f4163d.jpg,C:\Users\depthlev\Desktop\Z_Drone_Final_Project_GA\nenrus-Dataset-of-Drone-Distance-Estimation-a5aac8f\prepared_by_drone_type\Kongsberg\distance_25m\labels\IMG_0119_JPG.rf.c71a3b61e1c0b33b7665a1a7a8f4163d.txt,unknown,unknown,28.0,1.06904497,11.0,0.0,0.01458333,0.00055679,0.01018519,0.0,0.00014853,5.67e-06,2.54545455,0.09718591,0.43489583,0.00055679,0.4162037,0.00049493,1.67907953,0.0,0.0,0.0,0.0
Kongsberg::IMG_0120_JPG.rf.906190994e5f08727938b0e15b8677ae.jpg,Kongsberg,25.0,25.0,C:\Users\depthlev\Desktop\Z_Drone_Final_Project_GA\nenrus-Dataset-of-Drone-Distance-Estimation-a5aac8f\prepared_by_drone_type\Kongsberg\distance_25m\images\IMG_0120_JPG.rf.906190994e5f08727938b0e15b8677ae.jpg,C:\Users\depthlev\Desktop\Z_Drone_Final_Project_GA\nenrus-Dataset-of-Drone-Distance-Estimation-a5aac8f\prepared_by_drone_type\Kongsberg\distance_25m\labels\IMG_0120_JPG.rf.906190994e5f08727938b0e15b8677ae.txt,unknown,unknown,31.0,1.06904497,12.0,0.0,0.01614583,0.00055679,0.01111111,0.0,0.0001794,6.19e-06,2.58333333,0.08908708,0.43567708,0.00055679,0.41481481,0.00049493,1.95066833,0.0,0.0,0.0,0.0
Kongsberg::IMG_0121_JPG.rf.7feec2f96f52c9f7a7e5f3476f6501ff.jpg,Kongsberg,25.0,25.0,C:\Users\depthlev\Desktop\Z_Drone_Final_Project_GA\nenrus-Dataset-of-Drone-Distance-Estimation-a5aac8f\prepared_by_drone_type\Kongsberg\distance_25m\images\IMG_0121_JPG.rf.7feec2f96f52c9f7a7e5f3476f6501ff.jpg,C:\Users\depthlev\Desktop\Z_Drone_Final_Project_GA\nenrus-Dataset-of-Drone-Distance-Estimation-a5aac8f\prepared_by_drone_type\Kongsberg\distance_25m\labels\IMG_0121_JPG.rf.7feec2f96f52c9f7a7e5f3476f6501ff.txt,unknown,unknown,30.0,1.06904497,12.0,0.0,0.015625,0.00055679,0.01111111,0.0,0.00017361,6.19e-06,2.5,0.08908708,0.43541667,0.00055679,0.41574074,0.00049493,1.0541898,0.0,0.0,0.0,0.0
Kongsberg::IMG_0122_JPG.rf.b9ca4b54c4d9e161158b246b6388ca85.jpg,Kongsberg,25.0,25.0,C:\Users\depthlev\Desktop\Z_Drone_Final_Project_GA\nenrus-Dataset-of-Drone-Distance-Estimation-a5aac8f\prepared_by_drone_type\Kongsberg\distance_25m\images\IMG_0122_JPG.rf.b9ca4b54c4d9e161158b246b6388ca85.jpg,C:\Users\depthlev\Desktop\Z_Drone_Final_Project_GA\nenrus-Dataset-of-Drone-Distance-Estimation-a5aac8f\prepared_by_drone_type\Kongsberg\distance_25m\labels\IMG_0122_JPG.rf.b9ca4b54c4d9e161158b246b6388ca85.txt,unknown,unknown,24.0,1.06904497,10.0,0.0,0.0125,0.00055679,0.00925926,0.0,0.00011574,5.16e-06,2.4,0.1069045,0.43802083,0.00055679,0.41481481,0.00049493,2.27301359,0.0,0.0,0.0,0.0
Kongsberg::IMG_0123_JPG.rf.35cf456e5371594f6be34155a7a40c3f.jpg,Kongsberg,25.0,25.0,C:\Users\depthlev\Desktop\Z_Drone_Final_Project_GA\nenrus-Dataset-of-Drone-Distance-Estimation-a5aac8f\prepared_by_drone_type\Kongsberg\distance_25m\images\IMG_0123_JPG.rf.35cf456e5371594f6be34155a7a40c3f.jpg,C:\Users\depthlev\Desktop\Z_Drone_Final_Project_GA\nenrus-Dataset-of-Drone-Distance-Estimation-a5aac8f\prepared_by_drone_type\Kongsberg\distance_25m\labels\IMG_0123_JPG.rf.35cf456e5371594f6be34155a7a40c3f.txt,unknown,unknown,29.0,1.06904497,11.0,0.0,0.01510417,0.00055679,0.01018519,0.0,0.00015384,5.67e-06,2.63636364,0.09718591,0.43411458,0.00055679,0.41527778,0.00049493,2.12109685,0.0,0.0,0.0,0.0
Kongsberg::IMG_0124_JPG.rf.bc8c3cdd6285a2d614f4a1e451bc1f0d.jpg,Kongsberg,25.0,25.0,C:\Users\depthlev\Desktop\Z_Drone_Final_Project_GA\nenrus-Dataset-of-Drone-Distance-Estimation-a5aac8f\prepared_by_drone_type\Kongsberg\distance_25m\images\IMG_0124_JPG.rf.bc8c3cdd6285a2d614f4a1e451bc1f0d.jpg,C:\Users\depthlev\Desktop\Z_Drone_Final_Project_GA\nenrus-Dataset-of-Drone-Distance-Estimation-a5aac8f\prepared_by_drone_type\Kongsberg\distance_25m\labels\IMG_0124_JPG.rf.bc8c3cdd6285a2d614f4a1e451bc1f0d.txt,unknown,unknown,27.0,1.06904497,11.0,0.0,0.0140625,0.00055679,0.01018519,0.0,0.00014323,5.67e-06,2.45454545,0.09718591,0.43411458,0.00055679,0.4162037,0.00049493,2.18006372,0.0,0.0,0.0,0.0
Kongsberg::IMG_0125_JPG.rf.59fa58c09e52fdc007c140654c9b65c1.jpg,Kongsberg,25.0,25.0,C:\Users\depthlev\Desktop\Z_Drone_Final_Project_GA\nenrus-Dataset-of-Drone-Distance-Estimation-a5aac8f\prepared_by_drone_type\Kongsberg\distance_25m\images\IMG_0125_JPG.rf.59fa58c09e52fdc007c140654c9b65c1.jpg,C:\Users\depthlev\Desktop\Z_Drone_Final_Project_GA\nenrus-Dataset-of-Drone-Distance-Estimation-a5aac8f\prepared_by_drone_type\Kongsberg\distance_25m\labels\IMG_0125_JPG.rf.59fa58c09e52fdc007c140654c9b65c1.txt,unknown,unknown,29.0,1.06904497,10.0,0.0,0.01510417,0.00055679,0.00925926,0.0,0.00013985,5.16e-06,2.9,0.1069045,0.43359375,0.00055679,0.41481481,0.00049493,1.83833098,0.0,0.0,0.0,0.0
Kongsberg::IMG_0126_JPG.rf.87a566a5afa6ca6a2912d3801a6a2d57.jpg,Kongsberg,25.0,25.0,C:\Users\depthlev\Desktop\Z_Drone_Final_Project_GA\nenrus-Dataset-of-Drone-Distance-Estimation-a5aac8f\prepared_by_drone_type\Kongsberg\distance_25m\images\IMG_0126_JPG.rf.87a566a5afa6ca6a2912d3801a6a2d57.jpg,C:\Users\depthlev\Desktop\Z_Drone_Final_Project_GA\nenrus-Dataset-of-Drone-Distance-Estimation-a5aac8f\prepared_by_drone_type\Kongsberg\distance_25m\labels\IMG_0126_JPG.rf.87a566a5afa6ca6a2912d3801a6a2d57.txt,unknown,unknown,27.0,1.06904497,10.0,0.0,0.0140625,0.00055679,0.00925926,0.0,0.00013021,5.16e-06,2.7,0.1069045,0.43203125,0.00055679,0.41481481,0.00049493,2.00901937,0.0,0.0,0.0,0.0
Kongsberg::IMG_0127_JPG.rf.ce5e03cd0129df003c22f135dcd28403.jpg,Kongsberg,25.0,25.0,C:\Users\depthlev\Desktop\Z_Drone_Final_Project_GA\nenrus-Dataset-of-Drone-Distance-Estimation-a5aac8f\prepared_by_drone_type\Kongsberg\distance_25m\images\IMG_0127_JPG.rf.ce5e03cd0129df003c22f135dcd28403.jpg,C:\Users\depthlev\Desktop\Z_Drone_Final_Project_GA\nenrus-Dataset-of-Drone-Distance-Estimation-a5aac8f\prepared_by_drone_type\Kongsberg\distance_25m\labels\IMG_0127_JPG.rf.ce5e03cd0129df003c22f135dcd28403.txt,unknown,unknown,30.0,1.06904497,10.0,0.0,0.015625,0.00055679,0.00925926,0.0,0.00014468,5.16e-06,3.0,0.1069045,0.43333333,0.00055679,0.41666667,0.00049493,1.81377435,0.0,0.0,0.0,0.0
Kongsberg::IMG_0128_JPG.rf.d2b0762197354c484ab0b8e557d22ad2.jpg,Kongsberg,25.0,25.0,C:\Users\depthlev\Desktop\Z_Drone_Final_Project_GA\nenrus-Dataset-of-Drone-Distance-Estimation-a5aac8f\prepared_by_drone_type\Kongsberg\distance_25m\images\IMG_0128_JPG.rf.d2b0762197354c484ab0b8e557d22ad2.jpg,C:\Users\depthlev\Desktop\Z_Drone_Final_Project_GA\nenrus-Dataset-of-Drone-Distance-Estimation-a5aac8f\prepared_by_drone_type\Kongsberg\distance_25m\labels\IMG_0128_JPG.rf.d2b0762197354c484ab0b8e557d22ad2.txt,unknown,unknown,28.0,1.06904497,12.0,0.0,0.01458333,0.00055679,0.01111111,0.0,0.00016204,6.19e-06,2.33333333,0.08908708,0.43385417,0.00055679,0.41574074,0.00049493,2.61211205,0.0,0.0,0.0,0.0
Kongsberg::IMG_0129_JPG.rf.3209cbcedc70f95b44880bfd41c9d3b7.jpg,Kongsberg,25.0,25.0,C:\Users\depthlev\Desktop\Z_Drone_Final_Project_GA\nenrus-Dataset-of-Drone-Distance-Estimation-a5aac8f\prepared_by_drone_type\Kongsberg\distance_25m\images\IMG_0129_JPG.rf.3209cbcedc70f95b44880bfd41c9d3b7.jpg,C:\Users\depthlev\Desktop\Z_Drone_Final_Project_GA\nenrus-Dataset-of-Drone-Distance-Estimation-a5aac8f\prepared_by_drone_type\Kongsberg\distance_25m\labels\IMG_0129_JPG.rf.3209cbcedc70f95b44880bfd41c9d3b7.txt,unknown,unknown,30.0,1.06904497,11.0,0.0,0.015625,0.00055679,0.01018519,0.0,0.00015914,5.67e-06,2.72727273,0.09718591,0.43333333,0.00055679,0.41527778,0.00049493,2.05613089,0.0,0.0,0.0,0.0
Kongsberg::IMG_0130_JPG.rf.a6047ea965280ae3a3d5fbd68133f55a.jpg,Kongsberg,25.0,25.0,C:\Users\depthlev\Desktop\Z_Drone_Final_Project_GA\nenrus-Dataset-of-Drone-Distance-Estimation-a5aac8f\prepared_by_drone_type\Kongsberg\distance_25m\images\IMG_0130_JPG.rf.a6047ea965280ae3a3d5fbd68133f55a.jpg,C:\Users\depthlev\Desktop\Z_Drone_Final_Project_GA\nenrus-Dataset-of-Drone-Distance-Estimation-a5aac8f\prepared_by_drone_type\Kongsberg\distance_25m\labels\IMG_0130_JPG.rf.a6047ea965280ae3a3d5fbd68133f55a.txt,unknown,unknown,29.0,1.06904497,10.0,0.0,0.01510417,0.00055679,0.00925926,0.0,0.00013985,5.16e-06,2.9,0.1069045,0.43307292,0.00055679,0.41481481,0.00049493,1.89071941,0.0,0.0,0.0,0.0
Kongsberg::IMG_0131_JPG.rf.ecb6a11919bd13e3c9c86d8ea518bdb3.jpg,Kongsberg,25.0,25.0,C:\Users\depthlev\Desktop\Z_Drone_Final_Project_GA\nenrus-Dataset-of-Drone-Distance-Estimation-a5aac8f\prepared_by_drone_type\Kongsberg\distance_25m\images\IMG_0131_JPG.rf.ecb6a11919bd13e3c9c86d8ea518bdb3.jpg,C:\Users\depthlev\Desktop\Z_Drone_Final_Project_GA\nenrus-Dataset-of-Drone-Distance-Estimation-a5aac8f\prepared_by_drone_type\Kongsberg\distance_25m\labels\IMG_0131_JPG.rf.ecb6a11919bd13e3c9c86d8ea518bdb3.txt,unknown,unknown,28.0,1.06904497,11.0,0.0,0.01458333,0.00055679,0.01018519,0.0,0.00014853,5.67e-06,2.54545455,0.09718591,0.43385417,0.00055679,0.41435185,0.00049493,2.1102972,0.0,0.0,0.0,0.0
Kongsberg::IMG_0132_JPG.rf.77c0d689e3452015fe77d54a92384549.jpg,Kongsberg,25.0,25.0,C:\Users\depthlev\Desktop\Z_Drone_Final_Project_GA\nenrus-Dataset-of-Drone-Distance-Estimation-a5aac8f\prepared_by_drone_type\Kongsberg\distance_25m\images\IMG_0132_JPG.rf.77c0d689e3452015fe77d54a92384549.jpg,C:\Users\depthlev\Desktop\Z_Drone_Final_Project_GA\nenrus-Dataset-of-Drone-Distance-Estimation-a5aac8f\prepared_by_drone_type\Kongsberg\distance_25m\labels\IMG_0132_JPG.rf.77c0d689e3452015fe77d54a92384549.txt,unknown,unknown,31.0,1.06904497,11.0,0.0,0.01614583,0.00055679,0.01018519,0.0,0.00016445,5.67e-06,2.81818182,0.09718591,0.43515625,0.00055679,0.41527778,0.00049493,2.20478272,0.0,0.0,0.0,0.0
Kongsberg::IMG_0133_JPG.rf.9d7535deecf925a0879f5e42458195a6.jpg,Kongsberg,25.0,25.0,C:\Users\depthlev\Desktop\Z_Drone_Final_Project_GA\nenrus-Dataset-of-Drone-Distance-Estimation-a5aac8f\prepared_by_drone_type\Kongsberg\distance_25m\images\IMG_0133_JPG.rf.9d7535deecf925a0879f5e42458195a6.jpg,C:\Users\depthlev\Desktop\Z_Drone_Final_Project_GA\nenrus-Dataset-of-Drone-Distance-Estimation-a5aac8f\prepared_by_drone_type\Kongsberg\distance_25m\labels\IMG_0133_JPG.rf.9d7535deecf925a0879f5e42458195a6.txt,unknown,unknown,28.0,1.06904497,10.0,0.0,0.01458333,0.00055679,0.00925926,0.0,0.00013503,5.16e-06,2.8,0.1069045,0.43697917,0.00055679,0.41481481,0.00049493,1.96456122,0.0,0.0,0.0,0.0
Kongsberg::IMG_0134_JPG.rf.69396bfca175f3d630b2de7375aca544.jpg,Kongsberg,30.0,30.0,C:\Users\depthlev\Desktop\Z_Drone_Final_Project_GA\nenrus-Dataset-of-Drone-Distance-Estimation-a5aac8f\prepared_by_drone_type\Kongsberg\distance_30m\images\IMG_0134_JPG.rf.69396bfca175f3d630b2de7375aca544.jpg,C:\Users\depthlev\Desktop\Z_Drone_Final_Project_GA\nenrus-Dataset-of-Drone-Distance-Estimation-a5aac8f\prepared_by_drone_type\Kongsberg\distance_30m\labels\IMG_0134_JPG.rf.69396bfca175f3d630b2de7375aca544.txt,unknown,unknown,28.0,1.06904497,10.0,0.0,0.01458333,0.00055679,0.00925926,0.0,0.00013503,5.16e-06,2.8,0.1069045,0.3640625,0.00055679,0.40740741,0.00049493,2.57251167,0.0,0.0,0.0,0.0
Kongsberg::IMG_0135_JPG.rf.36ff40e91a42c842dc54b416b574328f.jpg,Kongsberg,30.0,30.0,C:\Users\depthlev\Desktop\Z_Drone_Final_Project_GA\nenrus-Dataset-of-Drone-Distance-Estimation-a5aac8f\prepared_by_drone_type\Kongsberg\distance_30m\images\IMG_0135_JPG.rf.36ff40e91a42c842dc54b416b574328f.jpg,C:\Users\depthlev\Desktop\Z_Drone_Final_Project_GA\nenrus-Dataset-of-Drone-Distance-Estimation-a5aac8f\prepared_by_drone_type\Kongsberg\distance_30m\labels\IMG_0135_JPG.rf.36ff40e91a42c842dc54b416b574328f.txt,unknown,unknown,25.0,1.06904497,9.0,0.0,0.01302083,0.00055679,0.00833333,0.0,0.00010851,4.64e-06,2.77777778,0.11878277,0.37890625,0.00055679,0.40787037,0.00049493,3.08891058,0.0,0.0,0.0,0.0
Kongsberg::IMG_0136_JPG.rf.26ca001c196cc04014a257a419964072.jpg,Kongsberg,30.0,30.0,C:\Users\depthlev\Desktop\Z_Drone_Final_Project_GA\nenrus-Dataset-of-Drone-Distance-Estimation-a5aac8f\prepared_by_drone_type\Kongsberg\distance_30m\images\IMG_0136_JPG.rf.26ca001c196cc04014a257a419964072.jpg,C:\Users\depthlev\Desktop\Z_Drone_Final_Project_GA\nenrus-Dataset-of-Drone-Distance-Estimation-a5aac8f\prepared_by_drone_type\Kongsberg\distance_30m\labels\IMG_0136_JPG.rf.26ca001c196cc04014a257a419964072.txt,unknown,unknown,25.0,1.06904497,10.0,0.0,0.01302083,0.00055679,0.00925926,0.0,0.00012056,5.16e-06,2.5,0.1069045,0.38307292,0.00055679,0.40740741,0.00049493,2.25494194,0.0,0.0,0.0,0.0
Kongsberg::IMG_0137_JPG.rf.99c22acb19af79d646fcd5a0921ba8a8.jpg,Kongsberg,30.0,30.0,C:\Users\depthlev\Desktop\Z_Drone_Final_Project_GA\nenrus-Dataset-of-Drone-Distance-Estimation-a5aac8f\prepared_by_drone_type\Kongsberg\distance_30m\images\IMG_0137_JPG.rf.99c22acb19af79d646fcd5a0921ba8a8.jpg,C:\Users\depthlev\Desktop\Z_Drone_Final_Project_GA\nenrus-Dataset-of-Drone-Distance-Estimation-a5aac8f\prepared_by_drone_type\Kongsberg\distance_30m\labels\IMG_0137_JPG.rf.99c22acb19af79d646fcd5a0921ba8a8.txt,unknown,unknown,25.0,1.06904497,11.0,0.0,0.01302083,0.00055679,0.01018519,0.0,0.00013262,5.67e-06,2.27272727,0.09718591,0.38255208,0.00055679,0.40787037,0.00049493,2.97221947,0.0,0.0,0.0,0.0
Kongsberg::IMG_0138_JPG.rf.bb685c839d0d4725402917a83cdc7137.jpg,Kongsberg,30.0,30.0,C:\Users\depthlev\Desktop\Z_Drone_Final_Project_GA\nenrus-Dataset-of-Drone-Distance-Estimation-a5aac8f\prepared_by_drone_type\Kongsberg\distance_30m\images\IMG_0138_JPG.rf.bb685c839d0d4725402917a83cdc7137.jpg,C:\Users\depthlev\Desktop\Z_Drone_Final_Project_GA\nenrus-Dataset-of-Drone-Distance-Estimation-a5aac8f\prepared_by_drone_type\Kongsberg\distance_30m\labels\IMG_0138_JPG.rf.bb685c839d0d4725402917a83cdc7137.txt,unknown,unknown,26.0,1.06904497,9.0,0.0,0.01354167,0.00055679,0.00833333,0.0,0.00011285,4.64e-06,2.88888889,0.11878277,0.38333333,0.00055679,0.40787037,0.00049493,2.06143689,0.0,0.0,0.0,0.0
Kongsberg::IMG_0139_JPG.rf.76a57781d2ac12e54b6dfd3f20527ff3.jpg,Kongsberg,30.0,30.0,C:\Users\depthlev\Desktop\Z_Drone_Final_Project_GA\nenrus-Dataset-of-Drone-Distance-Estimation-a5aac8f\prepared_by_drone_type\Kongsberg\distance_30m\images\IMG_0139_JPG.rf.76a57781d2ac12e54b6dfd3f20527ff3.jpg,C:\Users\depthlev\Desktop\Z_Drone_Final_Project_GA\nenrus-Dataset-of-Drone-Distance-Estimation-a5aac8f\prepared_by_drone_type\Kongsberg\distance_30m\labels\IMG_0139_JPG.rf.76a57781d2ac12e54b6dfd3f20527ff3.txt,unknown,unknown,23.0,1.06904497,10.0,0.0,0.01197917,0.00055679,0.00925926,0.0,0.00011092,5.16e-06,2.3,0.1069045,0.38411458,0.00055679,0.40740741,0.00049493,2.66983843,0.0,0.0,0.0,0.0
Kongsberg::IMG_0140_JPG.rf.1cf056c4b1dca7be20df4e0bc0823a1d.jpg,Kongsberg,30.0,30.0,C:\Users\depthlev\Desktop\Z_Drone_Final_Project_GA\nenrus-Dataset-of-Drone-Distance-Estimation-a5aac8f\prepared_by_drone_type\Kongsberg\distance_30m\images\IMG_0140_JPG.rf.1cf056c4b1dca7be20df4e0bc0823a1d.jpg,C:\Users\depthlev\Desktop\Z_Drone_Final_Project_GA\nenrus-Dataset-of-Drone-Distance-Estimation-a5aac8f\prepared_by_drone_type\Kongsberg\distance_30m\labels\IMG_0140_JPG.rf.1cf056c4b1dca7be20df4e0bc0823a1d.txt,unknown,unknown,23.0,1.06904497,10.0,0.0,0.01197917,0.00055679,0.00925926,0.0,0.00011092,5.16e-06,2.3,0.1069045,0.38359375,0.00055679,0.40740741,0.00049493,2.1293745,0.0,0.0,0.0,0.0
Kongsberg::IMG_0141_JPG.rf.95f8358a237bf7eeaf3031fa5e1c1c14.jpg,Kongsberg,30.0,30.0,C:\Users\depthlev\Desktop\Z_Drone_Final_Project_GA\nenrus-Dataset-of-Drone-Distance-Estimation-a5aac8f\prepared_by_drone_type\Kongsberg\distance_30m\images\IMG_0141_JPG.rf.95f8358a237bf7eeaf3031fa5e1c1c14.jpg,C:\Users\depthlev\Desktop\Z_Drone_Final_Project_GA\nenrus-Dataset-of-Drone-Distance-Estimation-a5aac8f\prepared_by_drone_type\Kongsberg\distance_30m\labels\IMG_0141_JPG.rf.95f8358a237bf7eeaf3031fa5e1c1c14.txt,unknown,unknown,23.0,1.06904497,9.0,0.0,0.01197917,0.00055679,0.00833333,0.0,9.983e-05,4.64e-06,2.55555556,0.11878277,0.38411458,0.00055679,0.40787037,0.00049493,2.13859773,0.0,0.0,0.0,0.0
Kongsberg::IMG_0142_JPG.rf.6b9dce550394996a92e1d5d768c62fd5.jpg,Kongsberg,30.0,30.0,C:\Users\depthlev\Desktop\Z_Drone_Final_Project_GA\nenrus-Dataset-of-Drone-Distance-Estimation-a5aac8f\prepared_by_drone_type\Kongsberg\distance_30m\images\IMG_0142_JPG.rf.6b9dce550394996a92e1d5d768c62fd5.jpg,C:\Users\depthlev\Desktop\Z_Drone_Final_Project_GA\nenrus-Dataset-of-Drone-Distance-Estimation-a5aac8f\prepared_by_drone_type\Kongsberg\distance_30m\labels\IMG_0142_JPG.rf.6b9dce550394996a92e1d5d768c62fd5.txt,unknown,unknown,24.0,1.06904497,10.0,0.0,0.0125,0.00055679,0.00925926,0.0,0.00011574,5.16e-06,2.4,0.1069045,0.3828125,0.00055679,0.40925926,0.00049493,2.00683022,0.0,0.0,0.0,0.0
Kongsberg::IMG_0143_JPG.rf.7f4e2054c0f93db02366b8ab91ef0e96.jpg,Kongsberg,30.0,30.0,C:\Users\depthlev\Desktop\Z_Drone_Final_Project_GA\nenrus-Dataset-of-Drone-Distance-Estimation-a5aac8f\prepared_by_drone_type\Kongsberg\distance_30m\images\IMG_0143_JPG.rf.7f4e2054c0f93db02366b8ab91ef0e96.jpg,C:\Users\depthlev\Desktop\Z_Drone_Final_Project_GA\nenrus-Dataset-of-Drone-Distance-Estimation-a5aac8f\prepared_by_drone_type\Kongsberg\distance_30m\labels\IMG_0143_JPG.rf.7f4e2054c0f93db02366b8ab91ef0e96.txt,unknown,unknown,27.0,1.06904497,10.0,0.0,0.0140625,0.00055679,0.00925926,0.0,0.00013021,5.16e-06,2.7,0.1069045,0.38255208,0.00055679,0.41018519,0.00049493,2.31557894,0.0,0.0,0.0,0.0
Kongsberg::IMG_0144_JPG.rf.52dd3cf116ee3d4267079995412f53db.jpg,Kongsberg,30.0,30.0,C:\Users\depthlev\Desktop\Z_Drone_Final_Project_GA\nenrus-Dataset-of-Drone-Distance-Estimation-a5aac8f\prepared_by_drone_type\Kongsberg\distance_30m\images\IMG_0144_JPG.rf.52dd3cf116ee3d4267079995412f53db.jpg,C:\Users\depthlev\Desktop\Z_Drone_Final_Project_GA\nenrus-Dataset-of-Drone-Distance-Estimation-a5aac8f\prepared_by_drone_type\Kongsberg\distance_30m\labels\IMG_0144_JPG.rf.52dd3cf116ee3d4267079995412f53db.txt,unknown,unknown,22.0,1.06904497,11.0,0.0,0.01145833,0.00055679,0.01018519,0.0,0.00011671,5.67e-06,2.0,0.09718591,0.38333333,0.00055679,0.40972222,0.00049493,2.55957961,0.0,0.0,0.0,0.0
Kongsberg::IMG_0145_JPG.rf.5c160666bdb582befed1ebff1e2cc5af.jpg,Kongsberg,30.0,30.0,C:\Users\depthlev\Desktop\Z_Drone_Final_Project_GA\nenrus-Dataset-of-Drone-Distance-Estimation-a5aac8f\prepared_by_drone_type\Kongsberg\distance_30m\images\IMG_0145_JPG.rf.5c160666bdb582befed1ebff1e2cc5af.jpg,C:\Users\depthlev\Desktop\Z_Drone_Final_Project_GA\nenrus-Dataset-of-Drone-Distance-Estimation-a5aac8f\prepared_by_drone_type\Kongsberg\distance_30m\labels\IMG_0145_JPG.rf.5c160666bdb582befed1ebff1e2cc5af.txt,unknown,unknown,25.0,1.06904497,10.0,0.0,0.01302083,0.00055679,0.00925926,0.0,0.00012056,5.16e-06,2.5,0.1069045,0.38411458,0.00055679,0.41111111,0.00049493,2.299757,0.0,0.0,0.0,0.0
Kongsberg::IMG_0146_JPG.rf.48913bc4e92125f7b577f27b2145ebac.jpg,Kongsberg,30.0,30.0,C:\Users\depthlev\Desktop\Z_Drone_Final_Project_GA\nenrus-Dataset-of-Drone-Distance-Estimation-a5aac8f\prepared_by_drone_type\Kongsberg\distance_30m\images\IMG_0146_JPG.rf.48913bc4e92125f7b577f27b2145ebac.jpg,C:\Users\depthlev\Desktop\Z_Drone_Final_Project_GA\nenrus-Dataset-of-Drone-Distance-Estimation-a5aac8f\prepared_by_drone_type\Kongsberg\distance_30m\labels\IMG_0146_JPG.rf.48913bc4e92125f7b577f27b2145ebac.txt,unknown,unknown,26.0,1.06904497,10.0,0.0,0.01354167,0.00055679,0.00925926,0.0,0.00012539,5.16e-06,2.6,0.1069045,0.38229167,0.00055679,0.41203704,0.00049493,2.43766832,0.0,0.0,0.0,0.0
Kongsberg::IMG_0147_JPG.rf.e5f0059fa526705f5690a8bce003e245.jpg,Kongsberg,30.0,30.0,C:\Users\depthlev\Desktop\Z_Drone_Final_Project_GA\nenrus-Dataset-of-Drone-Distance-Estimation-a5aac8f\prepared_by_drone_type\Kongsberg\distance_30m\images\IMG_0147_JPG.rf.e5f0059fa526705f5690a8bce003e245.jpg,C:\Users\depthlev\Desktop\Z_Drone_Final_Project_GA\nenrus-Dataset-of-Drone-Distance-Estimation-a5aac8f\prepared_by_drone_type\Kongsberg\distance_30m\labels\IMG_0147_JPG.rf.e5f0059fa526705f5690a8bce003e245.txt,unknown,unknown,19.0,1.06904497,9.0,0.0,0.00989583,0.00055679,0.00833333,0.0,8.247e-05,4.64e-06,2.11111111,0.11878277,0.38151042,0.00055679,0.41157407,0.00049493,2.16413927,0.0,0.0,0.0,0.0
Kongsberg::IMG_0148_JPG.rf.46e25afcb6588e5502bcace3e54c5f99.jpg,Kongsberg,30.0,30.0,C:\Users\depthlev\Desktop\Z_Drone_Final_Project_GA\nenrus-Dataset-of-Drone-Distance-Estimation-a5aac8f\prepared_by_drone_type\Kongsberg\distance_30m\images\IMG_0148_JPG.rf.46e25afcb6588e5502bcace3e54c5f99.jpg,C:\Users\depthlev\Desktop\Z_Drone_Final_Project_GA\nenrus-Dataset-of-Drone-Distance-Estimation-a5aac8f\prepared_by_drone_type\Kongsberg\distance_30m\labels\IMG_0148_JPG.rf.46e25afcb6588e5502bcace3e54c5f99.txt,unknown,unknown,20.0,1.06904497,10.0,0.0,0.01041667,0.00055679,0.00925926,0.0,9.645e-05,5.16e-06,2.0,0.1069045,0.38177083,0.00055679,0.41203704,0.00049493,2.11525488,0.0,0.0,0.0,0.0
Kongsberg::IMG_0149_JPG.rf.4430f4b947e47fc7b3372bd355b279a4.jpg,Kongsberg,30.0,30.0,C:\Users\depthlev\Desktop\Z_Drone_Final_Project_GA\nenrus-Dataset-of-Drone-Distance-Estimation-a5aac8f\prepared_by_drone_type\Kongsberg\distance_30m\images\IMG_0149_JPG.rf.4430f4b947e47fc7b3372bd355b279a4.jpg,C:\Users\depthlev\Desktop\Z_Drone_Final_Project_GA\nenrus-Dataset-of-Drone-Distance-Estimation-a5aac8f\prepared_by_drone_type\Kongsberg\distance_30m\labels\IMG_0149_JPG.rf.4430f4b947e47fc7b3372bd355b279a4.txt,unknown,unknown,24.0,1.06904497,10.0,0.0,0.0125,0.00055679,0.00925926,0.0,0.00011574,5.16e-06,2.4,0.1069045,0.38177083,0.00055679,0.41111111,0.00049493,1.96356654,0.0,0.0,0.0,0.0
Kongsberg::IMG_0150_JPG.rf.09f162c6bf041fefab20358359429d9e.jpg,Kongsberg,30.0,30.0,C:\Users\depthlev\Desktop\Z_Drone_Final_Project_GA\nenrus-Dataset-of-Drone-Distance-Estimation-a5aac8f\prepared_by_drone_type\Kongsberg\distance_30m\images\IMG_0150_JPG.rf.09f162c6bf041fefab20358359429d9e.jpg,C:\Users\depthlev\Desktop\Z_Drone_Final_Project_GA\nenrus-Dataset-of-Drone-Distance-Estimation-a5aac8f\prepared_by_drone_type\Kongsberg\distance_30m\labels\IMG_0150_JPG.rf.09f162c6bf041fefab20358359429d9e.txt,unknown,unknown,23.0,1.06904497,9.0,0.0,0.01197917,0.00055679,0.00833333,0.0,9.983e-05,4.64e-06,2.55555556,0.11878277,0.38098958,0.00055679,0.41157407,0.00049493,2.21483016,0.0,0.0,0.0,0.0
Kongsberg::IMG_0151_JPG.rf.4854113728fdfa402c2672704c77fbfd.jpg,Kongsberg,30.0,30.0,C:\Users\depthlev\Desktop\Z_Drone_Final_Project_GA\nenrus-Dataset-of-Drone-Distance-Estimation-a5aac8f\prepared_by_drone_type\Kongsberg\distance_30m\images\IMG_0151_JPG.rf.4854113728fdfa402c2672704c77fbfd.jpg,C:\Users\depthlev\Desktop\Z_Drone_Final_Project_GA\nenrus-Dataset-of-Drone-Distance-Estimation-a5aac8f\prepared_by_drone_type\Kongsberg\distance_30m\labels\IMG_0151_JPG.rf.4854113728fdfa402c2672704c77fbfd.txt,unknown,unknown,22.0,1.06904497,10.0,0.0,0.01145833,0.00055679,0.00925926,0.0,0.0001061,5.16e-06,2.2,0.1069045,0.38125,0.00055679,0.41111111,0.00049493,2.6417191,0.0,0.0,0.0,0.0
Kongsberg::IMG_0152_JPG.rf.9212d14f205804bc7f6ca901a3c3efd4.jpg,Kongsberg,30.0,30.0,C:\Users\depthlev\Desktop\Z_Drone_Final_Project_GA\nenrus-Dataset-of-Drone-Distance-Estimation-a5aac8f\prepared_by_drone_type\Kongsberg\distance_30m\images\IMG_0152_JPG.rf.9212d14f205804bc7f6ca901a3c3efd4.jpg,C:\Users\depthlev\Desktop\Z_Drone_Final_Project_GA\nenrus-Dataset-of-Drone-Distance-Estimation-a5aac8f\prepared_by_drone_type\Kongsberg\distance_30m\labels\IMG_0152_JPG.rf.9212d14f205804bc7f6ca901a3c3efd4.txt,unknown,unknown,24.0,1.06904497,9.0,0.0,0.0125,0.00055679,0.00833333,0.0,0.00010417,4.64e-06,2.66666667,0.11878277,0.38697917,0.00055679,0.4087963,0.00049493,2.71474266,0.0,0.0,0.0,0.0
Kongsberg::IMG_0153_JPG.rf.e401fea903062cef51654d2f8c30c0d4.jpg,Kongsberg,35.0,35.0,C:\Users\depthlev\Desktop\Z_Drone_Final_Project_GA\nenrus-Dataset-of-Drone-Distance-Estimation-a5aac8f\prepared_by_drone_type\Kongsberg\distance_35m\images\IMG_0153_JPG.rf.e401fea903062cef51654d2f8c30c0d4.jpg,C:\Users\depthlev\Desktop\Z_Drone_Final_Project_GA\nenrus-Dataset-of-Drone-Distance-Estimation-a5aac8f\prepared_by_drone_type\Kongsberg\distance_35m\labels\IMG_0153_JPG.rf.e401fea903062cef51654d2f8c30c0d4.txt,unknown,unknown,21.0,1.06904497,9.0,0.0,0.0109375,0.00055679,0.00833333,0.0,9.115e-05,4.64e-06,2.33333333,0.11878277,0.34765625,0.00055679,0.40601852,0.00049493,2.32739377,0.0,0.0,0.0,0.0
Kongsberg::IMG_0154_JPG.rf.fff72e73cdefbdf5aeab802ca0029801.jpg,Kongsberg,35.0,35.0,C:\Users\depthlev\Desktop\Z_Drone_Final_Project_GA\nenrus-Dataset-of-Drone-Distance-Estimation-a5aac8f\prepared_by_drone_type\Kongsberg\distance_35m\images\IMG_0154_JPG.rf.fff72e73cdefbdf5aeab802ca0029801.jpg,C:\Users\depthlev\Desktop\Z_Drone_Final_Project_GA\nenrus-Dataset-of-Drone-Distance-Estimation-a5aac8f\prepared_by_drone_type\Kongsberg\distance_35m\labels\IMG_0154_JPG.rf.fff72e73cdefbdf5aeab802ca0029801.txt,unknown,unknown,22.0,1.06904497,8.0,0.0,0.01145833,0.00055679,0.00740741,0.0,8.488e-05,4.12e-06,2.75,0.13363062,0.3484375,0.00055679,0.40555556,0.00049493,1.64863336,0.0,0.0,0.0,0.0
Kongsberg::IMG_0155_JPG.rf.e0e07bf635f3c884398cc8c6563ccdf7.jpg,Kongsberg,35.0,35.0,C:\Users\depthlev\Desktop\Z_Drone_Final_Project_GA\nenrus-Dataset-of-Drone-Distance-Estimation-a5aac8f\prepared_by_drone_type\Kongsberg\distance_35m\images\IMG_0155_JPG.rf.e0e07bf635f3c884398cc8c6563ccdf7.jpg,C:\Users\depthlev\Desktop\Z_Drone_Final_Project_GA\nenrus-Dataset-of-Drone-Distance-Estimation-a5aac8f\prepared_by_drone_type\Kongsberg\distance_35m\labels\IMG_0155_JPG.rf.e0e07bf635f3c884398cc8c6563ccdf7.txt,unknown,unknown,20.0,1.06904497,8.0,0.0,0.01041667,0.00055679,0.00740741,0.0,7.716e-05,4.12e-06,2.5,0.13363062,0.34791667,0.00055679,0.40462963,0.00049493,2.06447792,0.0,0.0,0.0,0.0
Kongsberg::IMG_0156_JPG.rf.99422a9b623b9b42070cb8180f490870.jpg,Kongsberg,35.0,35.0,C:\Users\depthlev\Desktop\Z_Drone_Final_Project_GA\nenrus-Dataset-of-Drone-Distance-Estimation-a5aac8f\prepared_by_drone_type\Kongsberg\distance_35m\images\IMG_0156_JPG.rf.99422a9b623b9b42070cb8180f490870.jpg,C:\Users\depthlev\Desktop\Z_Drone_Final_Project_GA\nenrus-Dataset-of-Drone-Distance-Estimation-a5aac8f\prepared_by_drone_type\Kongsberg\distance_35m\labels\IMG_0156_JPG.rf.99422a9b623b9b42070cb8180f490870.txt,unknown,unknown,18.0,1.06904497,9.0,0.0,0.009375,0.00055679,0.00833333,0.0,7.813e-05,4.64e-06,2.0,0.11878277,0.34791667,0.0002784,0.40509259,0.00049493,2.03679991,0.0,0.0,0.0,0.0
Kongsberg::IMG_0157_JPG.rf.cac567969c98c942b45977e4f342f823.jpg,Kongsberg,35.0,35.0,C:\Users\depthlev\Desktop\Z_Drone_Final_Project_GA\nenrus-Dataset-of-Drone-Distance-Estimation-a5aac8f\prepared_by_drone_type\Kongsberg\distance_35m\images\IMG_0157_JPG.rf.cac567969c98c942b45977e4f342f823.jpg,C:\Users\depthlev\Desktop\Z_Drone_Final_Project_GA\nenrus-Dataset-of-Drone-Distance-Estimation-a5aac8f\prepared_by_drone_type\Kongsberg\distance_35m\labels\IMG_0157_JPG.rf.cac567969c98c942b45977e4f342f823.txt,unknown,unknown,19.0,1.06904497,9.0,0.0,0.00989583,0.00055679,0.00833333,0.0,8.247e-05,4.64e-06,2.11111111,0.11878277,0.34921875,0.00055679,0.40509259,0.00049493,2.05268621,0.0,0.0,0.0,0.0
Kongsberg::IMG_0158_JPG.rf.81fe0b189b2c2f274805fcf5875144ad.jpg,Kongsberg,35.0,35.0,C:\Users\depthlev\Desktop\Z_Drone_Final_Project_GA\nenrus-Dataset-of-Drone-Distance-Estimation-a5aac8f\prepared_by_drone_type\Kongsberg\distance_35m\images\IMG_0158_JPG.rf.81fe0b189b2c2f274805fcf5875144ad.jpg,C:\Users\depthlev\Desktop\Z_Drone_Final_Project_GA\nenrus-Dataset-of-Drone-Distance-Estimation-a5aac8f\prepared_by_drone_type\Kongsberg\distance_35m\labels\IMG_0158_JPG.rf.81fe0b189b2c2f274805fcf5875144ad.txt,unknown,unknown,20.0,1.06904497,9.0,0.0,0.01041667,0.00055679,0.00833333,0.0,8.681e-05,4.64e-06,2.22222222,0.11878277,0.346875,0.00055679,0.40324074,0.00049493,2.4761343,0.0,0.0,0.0,0.0
Kongsberg::IMG_0159_JPG.rf.2b0b4682b0badc7032772c144abeb491.jpg,Kongsberg,35.0,35.0,C:\Users\depthlev\Desktop\Z_Drone_Final_Project_GA\nenrus-Dataset-of-Drone-Distance-Estimation-a5aac8f\prepared_by_drone_type\Kongsberg\distance_35m\images\IMG_0159_JPG.rf.2b0b4682b0badc7032772c144abeb491.jpg,C:\Users\depthlev\Desktop\Z_Drone_Final_Project_GA\nenrus-Dataset-of-Drone-Distance-Estimation-a5aac8f\prepared_by_drone_type\Kongsberg\distance_35m\labels\IMG_0159_JPG.rf.2b0b4682b0badc7032772c144abeb491.txt,unknown,unknown,20.0,1.06904497,9.0,0.0,0.01041667,0.00055679,0.00833333,0.0,8.681e-05,4.64e-06,2.22222222,0.11878277,0.346875,0.00055679,0.40416667,0.00049493,2.24786687,0.0,0.0,0.0,0.0
Kongsberg::IMG_0160_JPG.rf.794313a293a445c11cc21ed4d9c0ae0a.jpg,Kongsberg,35.0,35.0,C:\Users\depthlev\Desktop\Z_Drone_Final_Project_GA\nenrus-Dataset-of-Drone-Distance-Estimation-a5aac8f\prepared_by_drone_type\Kongsberg\distance_35m\images\IMG_0160_JPG.rf.794313a293a445c11cc21ed4d9c0ae0a.jpg,C:\Users\depthlev\Desktop\Z_Drone_Final_Project_GA\nenrus-Dataset-of-Drone-Distance-Estimation-a5aac8f\prepared_by_drone_type\Kongsberg\distance_35m\labels\IMG_0160_JPG.rf.794313a293a445c11cc21ed4d9c0ae0a.txt,unknown,unknown,20.0,1.06904497,9.0,0.0,0.01041667,0.00055679,0.00833333,0.0,8.681e-05,4.64e-06,2.22222222,0.11878277,0.34791667,0.00055679,0.40509259,0.00049493,2.06912899,0.0,0.0,0.0,0.0
Kongsberg::IMG_0161_JPG.rf.397adb3ea0cecd4c42dd571a6336d67b.jpg,Kongsberg,35.0,35.0,C:\Users\depthlev\Desktop\Z_Drone_Final_Project_GA\nenrus-Dataset-of-Drone-Distance-Estimation-a5aac8f\prepared_by_drone_type\Kongsberg\distance_35m\images\IMG_0161_JPG.rf.397adb3ea0cecd4c42dd571a6336d67b.jpg,C:\Users\depthlev\Desktop\Z_Drone_Final_Project_GA\nenrus-Dataset-of-Drone-Distance-Estimation-a5aac8f\prepared_by_drone_type\Kongsberg\distance_35m\labels\IMG_0161_JPG.rf.397adb3ea0cecd4c42dd571a6336d67b.txt,unknown,unknown,22.0,1.06904497,9.0,0.0,0.01145833,0.00055679,0.00833333,0.0,9.549e-05,4.64e-06,2.44444444,0.11878277,0.3484375,0.00055679,0.40509259,0.00049493,1.9014982,0.0,0.0,0.0,0.0
Kongsberg::IMG_0162_JPG.rf.ddf130d69ce86bf4ffa60e5e797a1f40.jpg,Kongsberg,35.0,35.0,C:\Users\depthlev\Desktop\Z_Drone_Final_Project_GA\nenrus-Dataset-of-Drone-Distance-Estimation-a5aac8f\prepared_by_drone_type\Kongsberg\distance_35m\images\IMG_0162_JPG.rf.ddf130d69ce86bf4ffa60e5e797a1f40.jpg,C:\Users\depthlev\Desktop\Z_Drone_Final_Project_GA\nenrus-Dataset-of-Drone-Distance-Estimation-a5aac8f\prepared_by_drone_type\Kongsberg\distance_35m\labels\IMG_0162_JPG.rf.ddf130d69ce86bf4ffa60e5e797a1f40.txt,unknown,unknown,21.0,1.06904497,8.0,0.0,0.0109375,0.00055679,0.00740741,0.0,8.102e-05,4.12e-06,2.625,0.13363062,0.34921875,0.00055679,0.40555556,0.00049493,1.94233918,0.0,0.0,0.0,0.0
Kongsberg::IMG_0163_JPG.rf.0d886d2d3a4c58ac49912420ea738cce.jpg,Kongsberg,35.0,35.0,C:\Users\depthlev\Desktop\Z_Drone_Final_Project_GA\nenrus-Dataset-of-Drone-Distance-Estimation-a5aac8f\prepared_by_drone_type\Kongsberg\distance_35m\images\IMG_0163_JPG.rf.0d886d2d3a4c58ac49912420ea738cce.jpg,C:\Users\depthlev\Desktop\Z_Drone_Final_Project_GA\nenrus-Dataset-of-Drone-Distance-Estimation-a5aac8f\prepared_by_drone_type\Kongsberg\distance_35m\labels\IMG_0163_JPG.rf.0d886d2d3a4c58ac49912420ea738cce.txt,unknown,unknown,20.0,1.06904497,9.0,0.0,0.01041667,0.00055679,0.00833333,0.0,8.681e-05,4.64e-06,2.22222222,0.11878277,0.35,0.00055679,0.40601852,0.00049493,2.22257113,0.0,0.0,0.0,0.0
Kongsberg::IMG_0164_JPG.rf.5c43861aa766100d2ba758e08d3b3688.jpg,Kongsberg,35.0,35.0,C:\Users\depthlev\Desktop\Z_Drone_Final_Project_GA\nenrus-Dataset-of-Drone-Distance-Estimation-a5aac8f\prepared_by_drone_type\Kongsberg\distance_35m\images\IMG_0164_JPG.rf.5c43861aa766100d2ba758e08d3b3688.jpg,C:\Users\depthlev\Desktop\Z_Drone_Final_Project_GA\nenrus-Dataset-of-Drone-Distance-Estimation-a5aac8f\prepared_by_drone_type\Kongsberg\distance_35m\labels\IMG_0164_JPG.rf.5c43861aa766100d2ba758e08d3b3688.txt,unknown,unknown,20.0,1.06904497,8.0,0.0,0.01041667,0.00055679,0.00740741,0.0,7.716e-05,4.12e-06,2.5,0.13363062,0.35,0.00055679,0.40555556,0.00049493,2.34019041,0.0,0.0,0.0,0.0
Kongsberg::IMG_0165_JPG.rf.a2cfe8e29f6fd40009ffdd910d6c835f.jpg,Kongsberg,35.0,35.0,C:\Users\depthlev\Desktop\Z_Drone_Final_Project_GA\nenrus-Dataset-of-Drone-Distance-Estimation-a5aac8f\prepared_by_drone_type\Kongsberg\distance_35m\images\IMG_0165_JPG.rf.a2cfe8e29f6fd40009ffdd910d6c835f.jpg,C:\Users\depthlev\Desktop\Z_Drone_Final_Project_GA\nenrus-Dataset-of-Drone-Distance-Estimation-a5aac8f\prepared_by_drone_type\Kongsberg\distance_35m\labels\IMG_0165_JPG.rf.a2cfe8e29f6fd40009ffdd910d6c835f.txt,unknown,unknown,23.0,1.06904497,9.0,0.0,0.01197917,0.00055679,0.00833333,0.0,9.983e-05,4.64e-06,2.55555556,0.11878277,0.35026042,0.00055679,0.40509259,0.00049493,2.15668583,0.0,0.0,0.0,0.0
Kongsberg::IMG_0166_JPG.rf.bcc580fb7aa7c18b54374b1f340758ed.jpg,Kongsberg,35.0,35.0,C:\Users\depthlev\Desktop\Z_Drone_Final_Project_GA\nenrus-Dataset-of-Drone-Distance-Estimation-a5aac8f\prepared_by_drone_type\Kongsberg\distance_35m\images\IMG_0166_JPG.rf.bcc580fb7aa7c18b54374b1f340758ed.jpg,C:\Users\depthlev\Desktop\Z_Drone_Final_Project_GA\nenrus-Dataset-of-Drone-Distance-Estimation-a5aac8f\prepared_by_drone_type\Kongsberg\distance_35m\labels\IMG_0166_JPG.rf.bcc580fb7aa7c18b54374b1f340758ed.txt,unknown,unknown,21.0,1.06904497,9.0,0.0,0.0109375,0.00055679,0.00833333,0.0,9.115e-05,4.64e-06,2.33333333,0.11878277,0.34973958,0.00055679,0.40601852,0.00049493,1.92462242,0.0,0.0,0.0,0.0
Kongsberg::IMG_0167_JPG.rf.29a212563013904f347fb88bf95d2ead.jpg,Kongsberg,35.0,35.0,C:\Users\depthlev\Desktop\Z_Drone_Final_Project_GA\nenrus-Dataset-of-Drone-Distance-Estimation-a5aac8f\prepared_by_drone_type\Kongsberg\distance_35m\images\IMG_0167_JPG.rf.29a212563013904f347fb88bf95d2ead.jpg,C:\Users\depthlev\Desktop\Z_Drone_Final_Project_GA\nenrus-Dataset-of-Drone-Distance-Estimation-a5aac8f\prepared_by_drone_type\Kongsberg\distance_35m\labels\IMG_0167_JPG.rf.29a212563013904f347fb88bf95d2ead.txt,unknown,unknown,16.0,1.06904497,8.0,0.0,0.00833333,0.00055679,0.00740741,0.0,6.173e-05,4.12e-06,2.0,0.13363062,0.34895833,0.0002784,0.40462963,0.00049493,2.33059335,0.0,0.0,0.0,0.0
Kongsberg::IMG_0168_JPG.rf.6f45db9bc4c4eab34c02335519a4416f.jpg,Kongsberg,35.0,35.0,C:\Users\depthlev\Desktop\Z_Drone_Final_Project_GA\nenrus-Dataset-of-Drone-Distance-Estimation-a5aac8f\prepared_by_drone_type\Kongsberg\distance_35m\images\IMG_0168_JPG.rf.6f45db9bc4c4eab34c02335519a4416f.jpg,C:\Users\depthlev\Desktop\Z_Drone_Final_Project_GA\nenrus-Dataset-of-Drone-Distance-Estimation-a5aac8f\prepared_by_drone_type\Kongsberg\distance_35m\labels\IMG_0168_JPG.rf.6f45db9bc4c4eab34c02335519a4416f.txt,unknown,unknown,16.0,1.06904497,10.0,0.0,0.00833333,0.00055679,0.00925926,0.0,7.716e-05,5.16e-06,1.6,0.1069045,0.34739583,0.0002784,0.4037037,0.00049493,2.20624924,0.0,0.0,0.0,0.0
Kongsberg::IMG_0169_JPG.rf.19935043e529383b160bdff06b60cbff.jpg,Kongsberg,35.0,35.0,C:\Users\depthlev\Desktop\Z_Drone_Final_Project_GA\nenrus-Dataset-of-Drone-Distance-Estimation-a5aac8f\prepared_by_drone_type\Kongsberg\distance_35m\images\IMG_0169_JPG.rf.19935043e529383b160bdff06b60cbff.jpg,C:\Users\depthlev\Desktop\Z_Drone_Final_Project_GA\nenrus-Dataset-of-Drone-Distance-Estimation-a5aac8f\prepared_by_drone_type\Kongsberg\distance_35m\labels\IMG_0169_JPG.rf.19935043e529383b160bdff06b60cbff.txt,unknown,unknown,15.0,1.06904497,8.0,0.0,0.0078125,0.00055679,0.00740741,0.0,5.787e-05,4.12e-06,1.875,0.13363062,0.34557292,0.0002784,0.40462963,0.00049493,2.41117167,0.0,0.0,0.0,0.0
Kongsberg::IMG_0170_JPG.rf.2254d31ed76c5970074ca80a1b817509.jpg,Kongsberg,35.0,35.0,C:\Users\depthlev\Desktop\Z_Drone_Final_Project_GA\nenrus-Dataset-of-Drone-Distance-Estimation-a5aac8f\prepared_by_drone_type\Kongsberg\distance_35m\images\IMG_0170_JPG.rf.2254d31ed76c5970074ca80a1b817509.jpg,C:\Users\depthlev\Desktop\Z_Drone_Final_Project_GA\nenrus-Dataset-of-Drone-Distance-Estimation-a5aac8f\prepared_by_drone_type\Kongsberg\distance_35m\labels\IMG_0170_JPG.rf.2254d31ed76c5970074ca80a1b817509.txt,unknown,unknown,20.0,1.06904497,9.0,0.0,0.01041667,0.00055679,0.00833333,0.0,8.681e-05,4.64e-06,2.22222222,0.11878277,0.34479167,0.00055679,0.40416667,0.00049493,2.40641165,0.0,0.0,0.0,0.0
Kongsberg::IMG_0171_JPG.rf.2036c7a561d641d334f5feee90c30304.jpg,Kongsberg,35.0,35.0,C:\Users\depthlev\Desktop\Z_Drone_Final_Project_GA\nenrus-Dataset-of-Drone-Distance-Estimation-a5aac8f\prepared_by_drone_type\Kongsberg\distance_35m\images\IMG_0171_JPG.rf.2036c7a561d641d334f5feee90c30304.jpg,C:\Users\depthlev\Desktop\Z_Drone_Final_Project_GA\nenrus-Dataset-of-Drone-Distance-Estimation-a5aac8f\prepared_by_drone_type\Kongsberg\distance_35m\labels\IMG_0171_JPG.rf.2036c7a561d641d334f5feee90c30304.txt,unknown,unknown,22.0,1.06904497,10.0,0.0,0.01145833,0.00055679,0.00925926,0.0,0.0001061,5.16e-06,2.2,0.1069045,0.34427083,0.00055679,0.40462963,0.00049493,2.24392438,0.0,0.0,0.0,0.0
Kongsberg::IMG_0172_JPG.rf.4cd5c964764eca837a16a5463c213ea8.jpg,Kongsberg,35.0,35.0,C:\Users\depthlev\Desktop\Z_Drone_Final_Project_GA\nenrus-Dataset-of-Drone-Distance-Estimation-a5aac8f\prepared_by_drone_type\Kongsberg\distance_35m\images\IMG_0172_JPG.rf.4cd5c964764eca837a16a5463c213ea8.jpg,C:\Users\depthlev\Desktop\Z_Drone_Final_Project_GA\nenrus-Dataset-of-Drone-Distance-Estimation-a5aac8f\prepared_by_drone_type\Kongsberg\distance_35m\labels\IMG_0172_JPG.rf.4cd5c964764eca837a16a5463c213ea8.txt,unknown,unknown,21.0,1.06904497,10.0,0.0,0.0109375,0.00055679,0.00925926,0.0,0.00010127,5.16e-06,2.1,0.1069045,0.34453125,0.00055679,0.40462963,0.00049493,2.1530416,0.0,0.0,0.0,0.0
Kongsberg::IMG_0173_JPG.rf.76e939603c6d985dd53ce334da6d3c4e.jpg,Kongsberg,35.0,35.0,C:\Users\depthlev\Desktop\Z_Drone_Final_Project_GA\nenrus-Dataset-of-Drone-Distance-Estimation-a5aac8f\prepared_by_drone_type\Kongsberg\distance_35m\images\IMG_0173_JPG.rf.76e939603c6d985dd53ce334da6d3c4e.jpg,C:\Users\depthlev\Desktop\Z_Drone_Final_Project_GA\nenrus-Dataset-of-Drone-Distance-Estimation-a5aac8f\prepared_by_drone_type\Kongsberg\distance_35m\labels\IMG_0173_JPG.rf.76e939603c6d985dd53ce334da6d3c4e.txt,unknown,unknown,19.0,1.06904497,8.0,0.0,0.00989583,0.00055679,0.00740741,0.0,7.33e-05,4.12e-06,2.375,0.13363062,0.34557292,0.00055679,0.40462963,0.00049493,2.3337245,0.0,0.0,0.0,0.0
Kongsberg::IMG_0174_JPG.rf.241589774853b23117a6473fb6da07a5.jpg,Kongsberg,40.0,40.0,C:\Users\depthlev\Desktop\Z_Drone_Final_Project_GA\nenrus-Dataset-of-Drone-Distance-Estimation-a5aac8f\prepared_by_drone_type\Kongsberg\distance_40m\images\IMG_0174_JPG.rf.241589774853b23117a6473fb6da07a5.jpg,C:\Users\depthlev\Desktop\Z_Drone_Final_Project_GA\nenrus-Dataset-of-Drone-Distance-Estimation-a5aac8f\prepared_by_drone_type\Kongsberg\distance_40m\labels\IMG_0174_JPG.rf.241589774853b23117a6473fb6da07a5.txt,unknown,unknown,20.0,1.06904497,8.0,0.0,0.01041667,0.00055679,0.00740741,0.0,7.716e-05,4.12e-06,2.5,0.13363062,0.3515625,0.00055679,0.41666667,0.00049493,2.29808331,0.0,0.0,0.0,0.0
Kongsberg::IMG_0175_JPG.rf.392fba76996bbd40c0e5677173563441.jpg,Kongsberg,40.0,40.0,C:\Users\depthlev\Desktop\Z_Drone_Final_Project_GA\nenrus-Dataset-of-Drone-Distance-Estimation-a5aac8f\prepared_by_drone_type\Kongsberg\distance_40m\images\IMG_0175_JPG.rf.392fba76996bbd40c0e5677173563441.jpg,C:\Users\depthlev\Desktop\Z_Drone_Final_Project_GA\nenrus-Dataset-of-Drone-Distance-Estimation-a5aac8f\prepared_by_drone_type\Kongsberg\distance_40m\labels\IMG_0175_JPG.rf.392fba76996bbd40c0e5677173563441.txt,unknown,unknown,21.0,1.06904497,9.0,0.0,0.0109375,0.00055679,0.00833333,0.0,9.115e-05,4.64e-06,2.33333333,0.11878277,0.35026042,0.00055679,0.41712963,0.00049493,2.20172358,0.0,0.0,0.0,0.0
Kongsberg::IMG_0176_JPG.rf.9557cf5c5ede354bec2336681c995266.jpg,Kongsberg,40.0,40.0,C:\Users\depthlev\Desktop\Z_Drone_Final_Project_GA\nenrus-Dataset-of-Drone-Distance-Estimation-a5aac8f\prepared_by_drone_type\Kongsberg\distance_40m\images\IMG_0176_JPG.rf.9557cf5c5ede354bec2336681c995266.jpg,C:\Users\depthlev\Desktop\Z_Drone_Final_Project_GA\nenrus-Dataset-of-Drone-Distance-Estimation-a5aac8f\prepared_by_drone_type\Kongsberg\distance_40m\labels\IMG_0176_JPG.rf.9557cf5c5ede354bec2336681c995266.txt,unknown,unknown,21.0,1.06904497,8.0,0.0,0.0109375,0.00055679,0.00740741,0.0,8.102e-05,4.12e-06,2.625,0.13363062,0.34973958,0.00055679,0.41851852,0.00049493,2.1931932,0.0,0.0,0.0,0.0
Kongsberg::IMG_0177_JPG.rf.0cb9b88de6b9e56fa04875986a2a0a9f.jpg,Kongsberg,40.0,40.0,C:\Users\depthlev\Desktop\Z_Drone_Final_Project_GA\nenrus-Dataset-of-Drone-Distance-Estimation-a5aac8f\prepared_by_drone_type\Kongsberg\distance_40m\images\IMG_0177_JPG.rf.0cb9b88de6b9e56fa04875986a2a0a9f.jpg,C:\Users\depthlev\Desktop\Z_Drone_Final_Project_GA\nenrus-Dataset-of-Drone-Distance-Estimation-a5aac8f\prepared_by_drone_type\Kongsberg\distance_40m\labels\IMG_0177_JPG.rf.0cb9b88de6b9e56fa04875986a2a0a9f.txt,unknown,unknown,19.0,1.06904497,8.0,0.0,0.00989583,0.00055679,0.00740741,0.0,7.33e-05,4.12e-06,2.375,0.13363062,0.35078125,0.00055679,0.41574074,0.00049493,2.09396362,0.0,0.0,0.0,0.0
Kongsberg::IMG_0178_JPG.rf.a66291856669257d03a6a1731b1e6f03.jpg,Kongsberg,40.0,40.0,C:\Users\depthlev\Desktop\Z_Drone_Final_Project_GA\nenrus-Dataset-of-Drone-Distance-Estimation-a5aac8f\prepared_by_drone_type\Kongsberg\distance_40m\images\IMG_0178_JPG.rf.a66291856669257d03a6a1731b1e6f03.jpg,C:\Users\depthlev\Desktop\Z_Drone_Final_Project_GA\nenrus-Dataset-of-Drone-Distance-Estimation-a5aac8f\prepared_by_drone_type\Kongsberg\distance_40m\labels\IMG_0178_JPG.rf.a66291856669257d03a6a1731b1e6f03.txt,unknown,unknown,20.0,1.06904497,8.0,0.0,0.01041667,0.00055679,0.00740741,0.0,7.716e-05,4.12e-06,2.5,0.13363062,0.35104167,0.00055679,0.41666667,0.00049493,2.10874248,0.0,0.0,0.0,0.0
Kongsberg::IMG_0179_JPG.rf.343598019d875d045f6861cad8b1fcd7.jpg,Kongsberg,40.0,40.0,C:\Users\depthlev\Desktop\Z_Drone_Final_Project_GA\nenrus-Dataset-of-Drone-Distance-Estimation-a5aac8f\prepared_by_drone_type\Kongsberg\distance_40m\images\IMG_0179_JPG.rf.343598019d875d045f6861cad8b1fcd7.jpg,C:\Users\depthlev\Desktop\Z_Drone_Final_Project_GA\nenrus-Dataset-of-Drone-Distance-Estimation-a5aac8f\prepared_by_drone_type\Kongsberg\distance_40m\labels\IMG_0179_JPG.rf.343598019d875d045f6861cad8b1fcd7.txt,unknown,unknown,19.0,1.06904497,8.0,0.0,0.00989583,0.00055679,0.00740741,0.0,7.33e-05,4.12e-06,2.375,0.13363062,0.35182292,0.00055679,0.41666667,0.00049493,2.54593015,0.0,0.0,0.0,0.0
Kongsberg::IMG_0180_JPG.rf.9d4c2397cbb3c4288cfe031e9bfb6d8c.jpg,Kongsberg,40.0,40.0,C:\Users\depthlev\Desktop\Z_Drone_Final_Project_GA\nenrus-Dataset-of-Drone-Distance-Estimation-a5aac8f\prepared_by_drone_type\Kongsberg\distance_40m\images\IMG_0180_JPG.rf.9d4c2397cbb3c4288cfe031e9bfb6d8c.jpg,C:\Users\depthlev\Desktop\Z_Drone_Final_Project_GA\nenrus-Dataset-of-Drone-Distance-Estimation-a5aac8f\prepared_by_drone_type\Kongsberg\distance_40m\labels\IMG_0180_JPG.rf.9d4c2397cbb3c4288cfe031e9bfb6d8c.txt,unknown,unknown,18.0,1.06904497,9.0,0.0,0.009375,0.00055679,0.00833333,0.0,7.813e-05,4.64e-06,2.0,0.11878277,0.3515625,0.0002784,0.41805556,0.00049493,2.11851406,0.0,0.0,0.0,0.0
Kongsberg::IMG_0181_JPG.rf.0f8e3230a6804a97ca139d9e4e85aa27.jpg,Kongsberg,40.0,40.0,C:\Users\depthlev\Desktop\Z_Drone_Final_Project_GA\nenrus-Dataset-of-Drone-Distance-Estimation-a5aac8f\prepared_by_drone_type\Kongsberg\distance_40m\images\IMG_0181_JPG.rf.0f8e3230a6804a97ca139d9e4e85aa27.jpg,C:\Users\depthlev\Desktop\Z_Drone_Final_Project_GA\nenrus-Dataset-of-Drone-Distance-Estimation-a5aac8f\prepared_by_drone_type\Kongsberg\distance_40m\labels\IMG_0181_JPG.rf.0f8e3230a6804a97ca139d9e4e85aa27.txt,unknown,unknown,20.0,1.06904497,9.0,0.0,0.01041667,0.00055679,0.00833333,0.0,8.681e-05,4.64e-06,2.22222222,0.11878277,0.35052083,0.00055679,0.41712963,0.00049493,2.87090135,0.0,0.0,0.0,0.0
Kongsberg::IMG_0182_JPG.rf.23ecc92e9d5bd1f30f8103522d589341.jpg,Kongsberg,40.0,40.0,C:\Users\depthlev\Desktop\Z_Drone_Final_Project_GA\nenrus-Dataset-of-Drone-Distance-Estimation-a5aac8f\prepared_by_drone_type\Kongsberg\distance_40m\images\IMG_0182_JPG.rf.23ecc92e9d5bd1f30f8103522d589341.jpg,C:\Users\depthlev\Desktop\Z_Drone_Final_Project_GA\nenrus-Dataset-of-Drone-Distance-Estimation-a5aac8f\prepared_by_drone_type\Kongsberg\distance_40m\labels\IMG_0182_JPG.rf.23ecc92e9d5bd1f30f8103522d589341.txt,unknown,unknown,17.0,1.06904497,8.0,0.0,0.00885417,0.00055679,0.00740741,0.0,6.559e-05,4.12e-06,2.125,0.13363062,0.35078125,0.0002784,0.41851852,0.00049493,2.05871868,0.0,0.0,0.0,0.0
Kongsberg::IMG_0183_JPG.rf.58c7acf885af68ef8c80eadb8df2325f.jpg,Kongsberg,40.0,40.0,C:\Users\depthlev\Desktop\Z_Drone_Final_Project_GA\nenrus-Dataset-of-Drone-Distance-Estimation-a5aac8f\prepared_by_drone_type\Kongsberg\distance_40m\images\IMG_0183_JPG.rf.58c7acf885af68ef8c80eadb8df2325f.jpg,C:\Users\depthlev\Desktop\Z_Drone_Final_Project_GA\nenrus-Dataset-of-Drone-Distance-Estimation-a5aac8f\prepared_by_drone_type\Kongsberg\distance_40m\labels\IMG_0183_JPG.rf.58c7acf885af68ef8c80eadb8df2325f.txt,unknown,unknown,19.0,1.06904497,9.0,0.0,0.00989583,0.00055679,0.00833333,0.0,8.247e-05,4.64e-06,2.11111111,0.11878277,0.35078125,0.00055679,0.41805556,0.00049493,2.19320798,0.0,0.0,0.0,0.0
Kongsberg::IMG_0184_JPG.rf.ff783af367d1a7addcccb19fb4ef4c98.jpg,Kongsberg,40.0,40.0,C:\Users\depthlev\Desktop\Z_Drone_Final_Project_GA\nenrus-Dataset-of-Drone-Distance-Estimation-a5aac8f\prepared_by_drone_type\Kongsberg\distance_40m\images\IMG_0184_JPG.rf.ff783af367d1a7addcccb19fb4ef4c98.jpg,C:\Users\depthlev\Desktop\Z_Drone_Final_Project_GA\nenrus-Dataset-of-Drone-Distance-Estimation-a5aac8f\prepared_by_drone_type\Kongsberg\distance_40m\labels\IMG_0184_JPG.rf.ff783af367d1a7addcccb19fb4ef4c98.txt,unknown,unknown,21.0,1.06904497,8.0,0.0,0.0109375,0.00055679,0.00740741,0.0,8.102e-05,4.12e-06,2.625,0.13363062,0.35026042,0.00055679,0.41851852,0.00049493,2.2940712,0.0,0.0,0.0,0.0
Kongsberg::IMG_0185_JPG.rf.ff2ddc151aedb14e03f6f8f01f65f16e.jpg,Kongsberg,40.0,40.0,C:\Users\depthlev\Desktop\Z_Drone_Final_Project_GA\nenrus-Dataset-of-Drone-Distance-Estimation-a5aac8f\prepared_by_drone_type\Kongsberg\distance_40m\images\IMG_0185_JPG.rf.ff2ddc151aedb14e03f6f8f01f65f16e.jpg,C:\Users\depthlev\Desktop\Z_Drone_Final_Project_GA\nenrus-Dataset-of-Drone-Distance-Estimation-a5aac8f\prepared_by_drone_type\Kongsberg\distance_40m\labels\IMG_0185_JPG.rf.ff2ddc151aedb14e03f6f8f01f65f16e.txt,unknown,unknown,22.0,1.06904497,8.0,0.0,0.01145833,0.00055679,0.00740741,0.0,8.488e-05,4.12e-06,2.75,0.13363062,0.35052083,0.00055679,0.41851852,0.00049493,1.97800255,0.0,0.0,0.0,0.0
Kongsberg::IMG_0186_JPG.rf.abd80a23aa62290ea7414e4acfe8bdd5.jpg,Kongsberg,40.0,40.0,C:\Users\depthlev\Desktop\Z_Drone_Final_Project_GA\nenrus-Dataset-of-Drone-Distance-Estimation-a5aac8f\prepared_by_drone_type\Kongsberg\distance_40m\images\IMG_0186_JPG.rf.abd80a23aa62290ea7414e4acfe8bdd5.jpg,C:\Users\depthlev\Desktop\Z_Drone_Final_Project_GA\nenrus-Dataset-of-Drone-Distance-Estimation-a5aac8f\prepared_by_drone_type\Kongsberg\distance_40m\labels\IMG_0186_JPG.rf.abd80a23aa62290ea7414e4acfe8bdd5.txt,unknown,unknown,18.0,1.06904497,8.0,0.0,0.009375,0.00055679,0.00740741,0.0,6.944e-05,4.12e-06,2.25,0.13363062,0.35052083,0.0002784,0.41851852,0.00049493,2.31218529,0.0,0.0,0.0,0.0
Kongsberg::IMG_0187_JPG.rf.355c808dcff4059866b05a8fd32d233e.jpg,Kongsberg,40.0,40.0,C:\Users\depthlev\Desktop\Z_Drone_Final_Project_GA\nenrus-Dataset-of-Drone-Distance-Estimation-a5aac8f\prepared_by_drone_type\Kongsberg\distance_40m\images\IMG_0187_JPG.rf.355c808dcff4059866b05a8fd32d233e.jpg,C:\Users\depthlev\Desktop\Z_Drone_Final_Project_GA\nenrus-Dataset-of-Drone-Distance-Estimation-a5aac8f\prepared_by_drone_type\Kongsberg\distance_40m\labels\IMG_0187_JPG.rf.355c808dcff4059866b05a8fd32d233e.txt,unknown,unknown,21.0,1.06904497,9.0,0.0,0.0109375,0.00055679,0.00833333,0.0,9.115e-05,4.64e-06,2.33333333,0.11878277,0.35026042,0.00055679,0.41805556,0.00049493,2.33903837,0.0,0.0,0.0,0.0
Kongsberg::IMG_0188_JPG.rf.47400ae27e860120b216cdea46f2299a.jpg,Kongsberg,40.0,40.0,C:\Users\depthlev\Desktop\Z_Drone_Final_Project_GA\nenrus-Dataset-of-Drone-Distance-Estimation-a5aac8f\prepared_by_drone_type\Kongsberg\distance_40m\images\IMG_0188_JPG.rf.47400ae27e860120b216cdea46f2299a.jpg,C:\Users\depthlev\Desktop\Z_Drone_Final_Project_GA\nenrus-Dataset-of-Drone-Distance-Estimation-a5aac8f\prepared_by_drone_type\Kongsberg\distance_40m\labels\IMG_0188_JPG.rf.47400ae27e860120b216cdea46f2299a.txt,unknown,unknown,22.0,1.06904497,11.0,0.0,0.01145833,0.00055679,0.01018519,0.0,0.00011671,5.67e-06,2.0,0.09718591,0.34947917,0.00055679,0.41805556,0.00049493,1.88790572,0.0,0.0,0.0,0.0
Kongsberg::IMG_0189_JPG.rf.ee3e8631baa2b8be48c06a5c182137d6.jpg,Kongsberg,40.0,40.0,C:\Users\depthlev\Desktop\Z_Drone_Final_Project_GA\nenrus-Dataset-of-Drone-Distance-Estimation-a5aac8f\prepared_by_drone_type\Kongsberg\distance_40m\images\IMG_0189_JPG.rf.ee3e8631baa2b8be48c06a5c182137d6.jpg,C:\Users\depthlev\Desktop\Z_Drone_Final_Project_GA\nenrus-Dataset-of-Drone-Distance-Estimation-a5aac8f\prepared_by_drone_type\Kongsberg\distance_40m\labels\IMG_0189_JPG.rf.ee3e8631baa2b8be48c06a5c182137d6.txt,unknown,unknown,18.0,1.06904497,8.0,0.0,0.009375,0.00055679,0.00740741,0.0,6.944e-05,4.12e-06,2.25,0.13363062,0.34947917,0.0002784,0.41666667,0.00049493,2.25848389,0.0,0.0,0.0,0.0
Kongsberg::IMG_0190_JPG.rf.d67d5e41ea5199d1b844567794414889.jpg,Kongsberg,40.0,40.0,C:\Users\depthlev\Desktop\Z_Drone_Final_Project_GA\nenrus-Dataset-of-Drone-Distance-Estimation-a5aac8f\prepared_by_drone_type\Kongsberg\distance_40m\images\IMG_0190_JPG.rf.d67d5e41ea5199d1b844567794414889.jpg,C:\Users\depthlev\Desktop\Z_Drone_Final_Project_GA\nenrus-Dataset-of-Drone-Distance-Estimation-a5aac8f\prepared_by_drone_type\Kongsberg\distance_40m\labels\IMG_0190_JPG.rf.d67d5e41ea5199d1b844567794414889.txt,unknown,unknown,22.0,1.06904497,9.0,0.0,0.01145833,0.00055679,0.00833333,0.0,9.549e-05,4.64e-06,2.44444444,0.11878277,0.34947917,0.00055679,0.41712963,0.00049493,2.18227959,0.0,0.0,0.0,0.0
Kongsberg::IMG_0191_JPG.rf.1d378220d0002f8e0257814d686416e7.jpg,Kongsberg,40.0,40.0,C:\Users\depthlev\Desktop\Z_Drone_Final_Project_GA\nenrus-Dataset-of-Drone-Distance-Estimation-a5aac8f\prepared_by_drone_type\Kongsberg\distance_40m\images\IMG_0191_JPG.rf.1d378220d0002f8e0257814d686416e7.jpg,C:\Users\depthlev\Desktop\Z_Drone_Final_Project_GA\nenrus-Dataset-of-Drone-Distance-Estimation-a5aac8f\prepared_by_drone_type\Kongsberg\distance_40m\labels\IMG_0191_JPG.rf.1d378220d0002f8e0257814d686416e7.txt,unknown,unknown,19.0,1.06904497,10.0,0.0,0.00989583,0.00055679,0.00925926,0.0,9.163e-05,5.16e-06,1.9,0.1069045,0.35026042,0.00055679,0.41759259,0.00049493,2.19104934,0.0,0.0,0.0,0.0
Kongsberg::IMG_0192_JPG.rf.68439342a78ba4ba76be21a6bdd8c978.jpg,Kongsberg,40.0,40.0,C:\Users\depthlev\Desktop\Z_Drone_Final_Project_GA\nenrus-Dataset-of-Drone-Distance-Estimation-a5aac8f\prepared_by_drone_type\Kongsberg\distance_40m\images\IMG_0192_JPG.rf.68439342a78ba4ba76be21a6bdd8c978.jpg,C:\Users\depthlev\Desktop\Z_Drone_Final_Project_GA\nenrus-Dataset-of-Drone-Distance-Estimation-a5aac8f\prepared_by_drone_type\Kongsberg\distance_40m\labels\IMG_0192_JPG.rf.68439342a78ba4ba76be21a6bdd8c978.txt,unknown,unknown,18.0,1.06904497,8.0,0.0,0.009375,0.00055679,0.00740741,0.0,6.944e-05,4.12e-06,2.25,0.13363062,0.35052083,0.0002784,0.41666667,0.00049493,1.75213933,0.0,0.0,0.0,0.0
Kongsberg::IMG_0193_JPG.rf.81f5e255470801f3930df7c93ece482e.jpg,Kongsberg,40.0,40.0,C:\Users\depthlev\Desktop\Z_Drone_Final_Project_GA\nenrus-Dataset-of-Drone-Distance-Estimation-a5aac8f\prepared_by_drone_type\Kongsberg\distance_40m\images\IMG_0193_JPG.rf.81f5e255470801f3930df7c93ece482e.jpg,C:\Users\depthlev\Desktop\Z_Drone_Final_Project_GA\nenrus-Dataset-of-Drone-Distance-Estimation-a5aac8f\prepared_by_drone_type\Kongsberg\distance_40m\labels\IMG_0193_JPG.rf.81f5e255470801f3930df7c93ece482e.txt,unknown,unknown,18.0,1.06904497,8.0,0.0,0.009375,0.00055679,0.00740741,0.0,6.944e-05,4.12e-06,2.25,0.13363062,0.35208333,0.0002784,0.41666667,0.00049493,2.39491796,0.0,0.0,0.0,0.0
Kongsberg::IMG_0194_JPG.rf.1a2eaf8bda619f02424647a3e74c8005.jpg,Kongsberg,40.0,40.0,C:\Users\depthlev\Desktop\Z_Drone_Final_Project_GA\nenrus-Dataset-of-Drone-Distance-Estimation-a5aac8f\prepared_by_drone_type\Kongsberg\distance_40m\images\IMG_0194_JPG.rf.1a2eaf8bda619f02424647a3e74c8005.jpg,C:\Users\depthlev\Desktop\Z_Drone_Final_Project_GA\nenrus-Dataset-of-Drone-Distance-Estimation-a5aac8f\prepared_by_drone_type\Kongsberg\distance_40m\labels\IMG_0194_JPG.rf.1a2eaf8bda619f02424647a3e74c8005.txt,unknown,unknown,22.0,1.06904497,9.0,0.0,0.01145833,0.00055679,0.00833333,0.0,9.549e-05,4.64e-06,2.44444444,0.11878277,0.35260417,0.00055679,0.41712963,0.00049493,2.68271828,0.0,0.0,0.0,0.0
Kongsberg::IMG_0195_JPG.rf.6d348a2e6e72a13c8ec6b5285a481b1b.jpg,Kongsberg,45.0,45.0,C:\Users\depthlev\Desktop\Z_Drone_Final_Project_GA\nenrus-Dataset-of-Drone-Distance-Estimation-a5aac8f\prepared_by_drone_type\Kongsberg\distance_45m\images\IMG_0195_JPG.rf.6d348a2e6e72a13c8ec6b5285a481b1b.jpg,C:\Users\depthlev\Desktop\Z_Drone_Final_Project_GA\nenrus-Dataset-of-Drone-Distance-Estimation-a5aac8f\prepared_by_drone_type\Kongsberg\distance_45m\labels\IMG_0195_JPG.rf.6d348a2e6e72a13c8ec6b5285a481b1b.txt,unknown,unknown,18.0,1.06904497,7.0,0.0,0.009375,0.00055679,0.00648148,0.0,6.076e-05,3.61e-06,2.57142857,0.15272071,0.34947917,0.0002784,0.42175926,0.00049493,2.28707933,0.0,0.0,0.0,0.0
Kongsberg::IMG_0196_JPG.rf.64673dbfcf530655140c40224f4cb9aa.jpg,Kongsberg,45.0,45.0,C:\Users\depthlev\Desktop\Z_Drone_Final_Project_GA\nenrus-Dataset-of-Drone-Distance-Estimation-a5aac8f\prepared_by_drone_type\Kongsberg\distance_45m\images\IMG_0196_JPG.rf.64673dbfcf530655140c40224f4cb9aa.jpg,C:\Users\depthlev\Desktop\Z_Drone_Final_Project_GA\nenrus-Dataset-of-Drone-Distance-Estimation-a5aac8f\prepared_by_drone_type\Kongsberg\distance_45m\labels\IMG_0196_JPG.rf.64673dbfcf530655140c40224f4cb9aa.txt,unknown,unknown,17.0,1.06904497,7.0,0.0,0.00885417,0.00055679,0.00648148,0.0,5.739e-05,3.61e-06,2.42857143,0.15272071,0.34869792,0.0002784,0.42083333,0.00049493,2.165066,0.0,0.0,0.0,0.0
Kongsberg::IMG_0197_JPG.rf.f08d5e010ab70249a3cef4428f7aec90.jpg,Kongsberg,45.0,45.0,C:\Users\depthlev\Desktop\Z_Drone_Final_Project_GA\nenrus-Dataset-of-Drone-Distance-Estimation-a5aac8f\prepared_by_drone_type\Kongsberg\distance_45m\images\IMG_0197_JPG.rf.f08d5e010ab70249a3cef4428f7aec90.jpg,C:\Users\depthlev\Desktop\Z_Drone_Final_Project_GA\nenrus-Dataset-of-Drone-Distance-Estimation-a5aac8f\prepared_by_drone_type\Kongsberg\distance_45m\labels\IMG_0197_JPG.rf.f08d5e010ab70249a3cef4428f7aec90.txt,unknown,unknown,17.0,1.06904497,7.0,0.0,0.00885417,0.00055679,0.00648148,0.0,5.739e-05,3.61e-06,2.42857143,0.15272071,0.34973958,0.0002784,0.42083333,0.00049493,2.54752254,0.0,0.0,0.0,0.0
Kongsberg::IMG_0198_JPG.rf.58508947bc4cb1fc7a3980e7f2fc854b.jpg,Kongsberg,45.0,45.0,C:\Users\depthlev\Desktop\Z_Drone_Final_Project_GA\nenrus-Dataset-of-Drone-Distance-Estimation-a5aac8f\prepared_by_drone_type\Kongsberg\distance_45m\images\IMG_0198_JPG.rf.58508947bc4cb1fc7a3980e7f2fc854b.jpg,C:\Users\depthlev\Desktop\Z_Drone_Final_Project_GA\nenrus-Dataset-of-Drone-Distance-Estimation-a5aac8f\prepared_by_drone_type\Kongsberg\distance_45m\labels\IMG_0198_JPG.rf.58508947bc4cb1fc7a3980e7f2fc854b.txt,unknown,unknown,16.0,1.06904497,7.0,0.0,0.00833333,0.00055679,0.00648148,0.0,5.401e-05,3.61e-06,2.28571429,0.15272071,0.35,0.0002784,0.42175926,0.00049493,1.84871328,0.0,0.0,0.0,0.0
Kongsberg::IMG_0199_JPG.rf.c6690ed51ee4417684cfd0de66332d53.jpg,Kongsberg,45.0,45.0,C:\Users\depthlev\Desktop\Z_Drone_Final_Project_GA\nenrus-Dataset-of-Drone-Distance-Estimation-a5aac8f\prepared_by_drone_type\Kongsberg\distance_45m\images\IMG_0199_JPG.rf.c6690ed51ee4417684cfd0de66332d53.jpg,C:\Users\depthlev\Desktop\Z_Drone_Final_Project_GA\nenrus-Dataset-of-Drone-Distance-Estimation-a5aac8f\prepared_by_drone_type\Kongsberg\distance_45m\labels\IMG_0199_JPG.rf.c6690ed51ee4417684cfd0de66332d53.txt,unknown,unknown,18.0,1.06904497,7.0,0.0,0.009375,0.00055679,0.00648148,0.0,6.076e-05,3.61e-06,2.57142857,0.15272071,0.35052083,0.0002784,0.42268519,0.00049493,2.37039089,0.0,0.0,0.0,0.0
Kongsberg::IMG_0200_JPG.rf.b120620b0dae1c223b9d046e82e2c790.jpg,Kongsberg,45.0,45.0,C:\Users\depthlev\Desktop\Z_Drone_Final_Project_GA\nenrus-Dataset-of-Drone-Distance-Estimation-a5aac8f\prepared_by_drone_type\Kongsberg\distance_45m\images\IMG_0200_JPG.rf.b120620b0dae1c223b9d046e82e2c790.jpg,C:\Users\depthlev\Desktop\Z_Drone_Final_Project_GA\nenrus-Dataset-of-Drone-Distance-Estimation-a5aac8f\prepared_by_drone_type\Kongsberg\distance_45m\labels\IMG_0200_JPG.rf.b120620b0dae1c223b9d046e82e2c790.txt,unknown,unknown,15.0,1.06904497,8.0,0.0,0.0078125,0.00055679,0.00740741,0.0,5.787e-05,4.12e-06,1.875,0.13363062,0.35026042,0.0002784,0.42222222,0.00049493,1.98161364,0.0,0.0,0.0,0.0
Kongsberg::IMG_0201_JPG.rf.530f2321570650a62098cb43273db3f6.jpg,Kongsberg,45.0,45.0,C:\Users\depthlev\Desktop\Z_Drone_Final_Project_GA\nenrus-Dataset-of-Drone-Distance-Estimation-a5aac8f\prepared_by_drone_type\Kongsberg\distance_45m\images\IMG_0201_JPG.rf.530f2321570650a62098cb43273db3f6.jpg,C:\Users\depthlev\Desktop\Z_Drone_Final_Project_GA\nenrus-Dataset-of-Drone-Distance-Estimation-a5aac8f\prepared_by_drone_type\Kongsberg\distance_45m\labels\IMG_0201_JPG.rf.530f2321570650a62098cb43273db3f6.txt,unknown,unknown,14.0,1.06904497,7.0,0.0,0.00729167,0.00055679,0.00648148,0.0,4.726e-05,3.61e-06,2.0,0.15272071,0.34947917,0.0002784,0.42175926,0.00049493,1.78036559,0.0,0.0,0.0,0.0
Kongsberg::IMG_0202_JPG.rf.085302b208fb41f24710afbbec4cd5ff.jpg,Kongsberg,45.0,45.0,C:\Users\depthlev\Desktop\Z_Drone_Final_Project_GA\nenrus-Dataset-of-Drone-Distance-Estimation-a5aac8f\prepared_by_drone_type\Kongsberg\distance_45m\images\IMG_0202_JPG.rf.085302b208fb41f24710afbbec4cd5ff.jpg,C:\Users\depthlev\Desktop\Z_Drone_Final_Project_GA\nenrus-Dataset-of-Drone-Distance-Estimation-a5aac8f\prepared_by_drone_type\Kongsberg\distance_45m\labels\IMG_0202_JPG.rf.085302b208fb41f24710afbbec4cd5ff.txt,unknown,unknown,15.0,1.06904497,8.0,0.0,0.0078125,0.00055679,0.00740741,0.0,5.787e-05,4.12e-06,1.875,0.13363062,0.35026042,0.0002784,0.42222222,0.00049493,1.94958305,0.0,0.0,0.0,0.0
Kongsberg::IMG_0203_JPG.rf.0a604b9d6ce5aacf588e96920e7d33c0.jpg,Kongsberg,45.0,45.0,C:\Users\depthlev\Desktop\Z_Drone_Final_Project_GA\nenrus-Dataset-of-Drone-Distance-Estimation-a5aac8f\prepared_by_drone_type\Kongsberg\distance_45m\images\IMG_0203_JPG.rf.0a604b9d6ce5aacf588e96920e7d33c0.jpg,C:\Users\depthlev\Desktop\Z_Drone_Final_Project_GA\nenrus-Dataset-of-Drone-Distance-Estimation-a5aac8f\prepared_by_drone_type\Kongsberg\distance_45m\labels\IMG_0203_JPG.rf.0a604b9d6ce5aacf588e96920e7d33c0.txt,unknown,unknown,18.0,1.06904497,7.0,0.0,0.009375,0.00055679,0.00648148,0.0,6.076e-05,3.61e-06,2.57142857,0.15272071,0.34947917,0.0002784,0.42361111,0.00049493,1.94318819,0.0,0.0,0.0,0.0
Kongsberg::IMG_0204_JPG.rf.5a5abdc24e1cb278e41c73cc2779a1d4.jpg,Kongsberg,45.0,45.0,C:\Users\depthlev\Desktop\Z_Drone_Final_Project_GA\nenrus-Dataset-of-Drone-Distance-Estimation-a5aac8f\prepared_by_drone_type\Kongsberg\distance_45m\images\IMG_0204_JPG.rf.5a5abdc24e1cb278e41c73cc2779a1d4.jpg,C:\Users\depthlev\Desktop\Z_Drone_Final_Project_GA\nenrus-Dataset-of-Drone-Distance-Estimation-a5aac8f\prepared_by_drone_type\Kongsberg\distance_45m\labels\IMG_0204_JPG.rf.5a5abdc24e1cb278e41c73cc2779a1d4.txt,unknown,unknown,18.0,1.06904497,7.0,0.0,0.009375,0.00055679,0.00648148,0.0,6.076e-05,3.61e-06,2.57142857,0.15272071,0.34895833,0.0002784,0.42361111,0.00049493,1.77783775,0.0,0.0,0.0,0.0
Kongsberg::IMG_0205_JPG.rf.547a24705d5e2a86ec40803021d45842.jpg,Kongsberg,45.0,45.0,C:\Users\depthlev\Desktop\Z_Drone_Final_Project_GA\nenrus-Dataset-of-Drone-Distance-Estimation-a5aac8f\prepared_by_drone_type\Kongsberg\distance_45m\images\IMG_0205_JPG.rf.547a24705d5e2a86ec40803021d45842.jpg,C:\Users\depthlev\Desktop\Z_Drone_Final_Project_GA\nenrus-Dataset-of-Drone-Distance-Estimation-a5aac8f\prepared_by_drone_type\Kongsberg\distance_45m\labels\IMG_0205_JPG.rf.547a24705d5e2a86ec40803021d45842.txt,unknown,unknown,18.0,1.06904497,7.0,0.0,0.009375,0.00055679,0.00648148,0.0,6.076e-05,3.61e-06,2.57142857,0.15272071,0.3484375,0.0002784,0.42268519,0.00049493,2.16935349,0.0,0.0,0.0,0.0
Kongsberg::IMG_0206_JPG.rf.82c44b6b958e6fd7a830bb6a3eedd0e2.jpg,Kongsberg,45.0,45.0,C:\Users\depthlev\Desktop\Z_Drone_Final_Project_GA\nenrus-Dataset-of-Drone-Distance-Estimation-a5aac8f\prepared_by_drone_type\Kongsberg\distance_45m\images\IMG_0206_JPG.rf.82c44b6b958e6fd7a830bb6a3eedd0e2.jpg,C:\Users\depthlev\Desktop\Z_Drone_Final_Project_GA\nenrus-Dataset-of-Drone-Distance-Estimation-a5aac8f\prepared_by_drone_type\Kongsberg\distance_45m\labels\IMG_0206_JPG.rf.82c44b6b958e6fd7a830bb6a3eedd0e2.txt,unknown,unknown,14.0,1.06904497,7.0,0.0,0.00729167,0.00055679,0.00648148,0.0,4.726e-05,3.61e-06,2.0,0.15272071,0.3484375,0.0002784,0.42268519,0.00049493,2.0192349,0.0,0.0,0.0,0.0
Kongsberg::IMG_0207_JPG.rf.2a700d0b1eed96900602bdb28aeb5c5e.jpg,Kongsberg,45.0,45.0,C:\Users\depthlev\Desktop\Z_Drone_Final_Project_GA\nenrus-Dataset-of-Drone-Distance-Estimation-a5aac8f\prepared_by_drone_type\Kongsberg\distance_45m\images\IMG_0207_JPG.rf.2a700d0b1eed96900602bdb28aeb5c5e.jpg,C:\Users\depthlev\Desktop\Z_Drone_Final_Project_GA\nenrus-Dataset-of-Drone-Distance-Estimation-a5aac8f\prepared_by_drone_type\Kongsberg\distance_45m\labels\IMG_0207_JPG.rf.2a700d0b1eed96900602bdb28aeb5c5e.txt,unknown,unknown,17.0,1.06904497,7.0,0.0,0.00885417,0.00055679,0.00648148,0.0,5.739e-05,3.61e-06,2.42857143,0.15272071,0.34817708,0.0002784,0.42268519,0.00049493,2.16747713,0.0,0.0,0.0,0.0
Kongsberg::IMG_0208_JPG.rf.2f2732b9b4aae9004f5f77e9dc4d087e.jpg,Kongsberg,45.0,45.0,C:\Users\depthlev\Desktop\Z_Drone_Final_Project_GA\nenrus-Dataset-of-Drone-Distance-Estimation-a5aac8f\prepared_by_drone_type\Kongsberg\distance_45m\images\IMG_0208_JPG.rf.2f2732b9b4aae9004f5f77e9dc4d087e.jpg,C:\Users\depthlev\Desktop\Z_Drone_Final_Project_GA\nenrus-Dataset-of-Drone-Distance-Estimation-a5aac8f\prepared_by_drone_type\Kongsberg\distance_45m\labels\IMG_0208_JPG.rf.2f2732b9b4aae9004f5f77e9dc4d087e.txt,unknown,unknown,15.0,1.06904497,7.0,0.0,0.0078125,0.00055679,0.00648148,0.0,5.064e-05,3.61e-06,2.14285714,0.15272071,0.34921875,0.0002784,0.42268519,0.00049493,2.10237861,0.0,0.0,0.0,0.0
Kongsberg::IMG_0209_JPG.rf.6a4115bd40712b1bfe17108b6620f8b6.jpg,Kongsberg,45.0,45.0,C:\Users\depthlev\Desktop\Z_Drone_Final_Project_GA\nenrus-Dataset-of-Drone-Distance-Estimation-a5aac8f\prepared_by_drone_type\Kongsberg\distance_45m\images\IMG_0209_JPG.rf.6a4115bd40712b1bfe17108b6620f8b6.jpg,C:\Users\depthlev\Desktop\Z_Drone_Final_Project_GA\nenrus-Dataset-of-Drone-Distance-Estimation-a5aac8f\prepared_by_drone_type\Kongsberg\distance_45m\labels\IMG_0209_JPG.rf.6a4115bd40712b1bfe17108b6620f8b6.txt,unknown,unknown,15.0,1.06904497,5.0,0.0,0.0078125,0.00055679,0.00462963,0.0,3.617e-05,2.58e-06,3.0,0.21380899,0.34869792,0.0002784,0.42175926,0.0,2.33872199,0.0,0.0,0.0,0.0
Kongsberg::IMG_0210_JPG.rf.8cb93dada39624dd2d48b85e184a8559.jpg,Kongsberg,45.0,45.0,C:\Users\depthlev\Desktop\Z_Drone_Final_Project_GA\nenrus-Dataset-of-Drone-Distance-Estimation-a5aac8f\prepared_by_drone_type\Kongsberg\distance_45m\images\IMG_0210_JPG.rf.8cb93dada39624dd2d48b85e184a8559.jpg,C:\Users\depthlev\Desktop\Z_Drone_Final_Project_GA\nenrus-Dataset-of-Drone-Distance-Estimation-a5aac8f\prepared_by_drone_type\Kongsberg\distance_45m\labels\IMG_0210_JPG.rf.8cb93dada39624dd2d48b85e184a8559.txt,unknown,unknown,15.0,1.06904497,7.0,0.0,0.0078125,0.00055679,0.00648148,0.0,5.064e-05,3.61e-06,2.14285714,0.15272071,0.34921875,0.0002784,0.42083333,0.00049493,1.95058954,0.0,0.0,0.0,0.0
Kongsberg::IMG_0211_JPG.rf.2275fd9c119150146b80402d638a3eef.jpg,Kongsberg,45.0,45.0,C:\Users\depthlev\Desktop\Z_Drone_Final_Project_GA\nenrus-Dataset-of-Drone-Distance-Estimation-a5aac8f\prepared_by_drone_type\Kongsberg\distance_45m\images\IMG_0211_JPG.rf.2275fd9c119150146b80402d638a3eef.jpg,C:\Users\depthlev\Desktop\Z_Drone_Final_Project_GA\nenrus-Dataset-of-Drone-Distance-Estimation-a5aac8f\prepared_by_drone_type\Kongsberg\distance_45m\labels\IMG_0211_JPG.rf.2275fd9c119150146b80402d638a3eef.txt,unknown,unknown,16.0,1.06904497,7.0,0.0,0.00833333,0.00055679,0.00648148,0.0,5.401e-05,3.61e-06,2.28571429,0.15272071,0.34895833,0.0002784,0.41990741,0.00049493,2.69292569,0.0,0.0,0.0,0.0
Kongsberg::IMG_0212_JPG.rf.644f92293701f3c482ac38302d6de31f.jpg,Kongsberg,45.0,45.0,C:\Users\depthlev\Desktop\Z_Drone_Final_Project_GA\nenrus-Dataset-of-Drone-Distance-Estimation-a5aac8f\prepared_by_drone_type\Kongsberg\distance_45m\images\IMG_0212_JPG.rf.644f92293701f3c482ac38302d6de31f.jpg,C:\Users\depthlev\Desktop\Z_Drone_Final_Project_GA\nenrus-Dataset-of-Drone-Distance-Estimation-a5aac8f\prepared_by_drone_type\Kongsberg\distance_45m\labels\IMG_0212_JPG.rf.644f92293701f3c482ac38302d6de31f.txt,unknown,unknown,19.0,1.06904497,7.0,0.0,0.00989583,0.00055679,0.00648148,0.0,6.414e-05,3.61e-06,2.71428571,0.15272071,0.34869792,0.00055679,0.42083333,0.00049493,2.01138067,0.0,0.0,0.0,0.0
Kongsberg::IMG_0213_JPG.rf.2fa35fcdb3c44508b3ac8ac4be2033af.jpg,Kongsberg,45.0,45.0,C:\Users\depthlev\Desktop\Z_Drone_Final_Project_GA\nenrus-Dataset-of-Drone-Distance-Estimation-a5aac8f\prepared_by_drone_type\Kongsberg\distance_45m\images\IMG_0213_JPG.rf.2fa35fcdb3c44508b3ac8ac4be2033af.jpg,C:\Users\depthlev\Desktop\Z_Drone_Final_Project_GA\nenrus-Dataset-of-Drone-Distance-Estimation-a5aac8f\prepared_by_drone_type\Kongsberg\distance_45m\labels\IMG_0213_JPG.rf.2fa35fcdb3c44508b3ac8ac4be2033af.txt,unknown,unknown,17.0,1.06904497,7.0,0.0,0.00885417,0.00055679,0.00648148,0.0,5.739e-05,3.61e-06,2.42857143,0.15272071,0.34869792,0.0002784,0.41990741,0.00049493,2.08414507,0.0,0.0,0.0,0.0
Kongsberg::IMG_0214_JPG.rf.52be59f1ebd44fc6dafa834328cb9b82.jpg,Kongsberg,45.0,45.0,C:\Users\depthlev\Desktop\Z_Drone_Final_Project_GA\nenrus-Dataset-of-Drone-Distance-Estimation-a5aac8f\prepared_by_drone_type\Kongsberg\distance_45m\images\IMG_0214_JPG.rf.52be59f1ebd44fc6dafa834328cb9b82.jpg,C:\Users\depthlev\Desktop\Z_Drone_Final_Project_GA\nenrus-Dataset-of-Drone-Distance-Estimation-a5aac8f\prepared_by_drone_type\Kongsberg\distance_45m\labels\IMG_0214_JPG.rf.52be59f1ebd44fc6dafa834328cb9b82.txt,unknown,unknown,18.0,1.06904497,7.0,0.0,0.009375,0.00055679,0.00648148,0.0,6.076e-05,3.61e-06,2.57142857,0.15272071,0.3484375,0.0002784,0.42083333,0.00049493,1.92602015,0.0,0.0,0.0,0.0
Kongsberg::IMG_0215_JPG.rf.f68244ede14d41e44d5314374e89995b.jpg,Kongsberg,50.0,50.0,C:\Users\depthlev\Desktop\Z_Drone_Final_Project_GA\nenrus-Dataset-of-Drone-Distance-Estimation-a5aac8f\prepared_by_drone_type\Kongsberg\distance_50m\images\IMG_0215_JPG.rf.f68244ede14d41e44d5314374e89995b.jpg,C:\Users\depthlev\Desktop\Z_Drone_Final_Project_GA\nenrus-Dataset-of-Drone-Distance-Estimation-a5aac8f\prepared_by_drone_type\Kongsberg\distance_50m\labels\IMG_0215_JPG.rf.f68244ede14d41e44d5314374e89995b.txt,unknown,unknown,13.0,1.06904497,7.0,0.0,0.00677083,0.00055679,0.00648148,0.0,4.389e-05,3.61e-06,1.85714286,0.15272071,0.35859375,0.0002784,0.42546296,0.00049493,1.55220592,0.0,0.0,0.0,0.0
Kongsberg::IMG_0216_JPG.rf.b5deee780fc7a5d6faa75a23e18ee4df.jpg,Kongsberg,50.0,50.0,C:\Users\depthlev\Desktop\Z_Drone_Final_Project_GA\nenrus-Dataset-of-Drone-Distance-Estimation-a5aac8f\prepared_by_drone_type\Kongsberg\distance_50m\images\IMG_0216_JPG.rf.b5deee780fc7a5d6faa75a23e18ee4df.jpg,C:\Users\depthlev\Desktop\Z_Drone_Final_Project_GA\nenrus-Dataset-of-Drone-Distance-Estimation-a5aac8f\prepared_by_drone_type\Kongsberg\distance_50m\labels\IMG_0216_JPG.rf.b5deee780fc7a5d6faa75a23e18ee4df.txt,unknown,unknown,15.0,1.06904497,8.0,0.0,0.0078125,0.00055679,0.00740741,0.0,5.787e-05,4.12e-06,1.875,0.13363062,0.35911458,0.0002784,0.42592593,0.00049493,1.75196075,0.0,0.0,0.0,0.0
Kongsberg::IMG_0217_JPG.rf.caa068f03be5e8c1dc60b2cb06851bbd.jpg,Kongsberg,50.0,50.0,C:\Users\depthlev\Desktop\Z_Drone_Final_Project_GA\nenrus-Dataset-of-Drone-Distance-Estimation-a5aac8f\prepared_by_drone_type\Kongsberg\distance_50m\images\IMG_0217_JPG.rf.caa068f03be5e8c1dc60b2cb06851bbd.jpg,C:\Users\depthlev\Desktop\Z_Drone_Final_Project_GA\nenrus-Dataset-of-Drone-Distance-Estimation-a5aac8f\prepared_by_drone_type\Kongsberg\distance_50m\labels\IMG_0217_JPG.rf.caa068f03be5e8c1dc60b2cb06851bbd.txt,unknown,unknown,14.0,1.06904497,7.0,0.0,0.00729167,0.00055679,0.00648148,0.0,4.726e-05,3.61e-06,2.0,0.15272071,0.35833333,0.0002784,0.42638889,0.00049493,2.26130247,0.0,0.0,0.0,0.0
Kongsberg::IMG_0218_JPG.rf.2cc2b3209555c8e7f7b892185e49bf02.jpg,Kongsberg,50.0,50.0,C:\Users\depthlev\Desktop\Z_Drone_Final_Project_GA\nenrus-Dataset-of-Drone-Distance-Estimation-a5aac8f\prepared_by_drone_type\Kongsberg\distance_50m\images\IMG_0218_JPG.rf.2cc2b3209555c8e7f7b892185e49bf02.jpg,C:\Users\depthlev\Desktop\Z_Drone_Final_Project_GA\nenrus-Dataset-of-Drone-Distance-Estimation-a5aac8f\prepared_by_drone_type\Kongsberg\distance_50m\labels\IMG_0218_JPG.rf.2cc2b3209555c8e7f7b892185e49bf02.txt,unknown,unknown,16.0,1.06904497,7.0,0.0,0.00833333,0.00055679,0.00648148,0.0,5.401e-05,3.61e-06,2.28571429,0.15272071,0.35833333,0.0002784,0.42638889,0.00049493,1.46424937,0.0,0.0,0.0,0.0
Kongsberg::IMG_0219_JPG.rf.546de3698875d5f4c473e6c0777cbfb1.jpg,Kongsberg,50.0,50.0,C:\Users\depthlev\Desktop\Z_Drone_Final_Project_GA\nenrus-Dataset-of-Drone-Distance-Estimation-a5aac8f\prepared_by_drone_type\Kongsberg\distance_50m\images\IMG_0219_JPG.rf.546de3698875d5f4c473e6c0777cbfb1.jpg,C:\Users\depthlev\Desktop\Z_Drone_Final_Project_GA\nenrus-Dataset-of-Drone-Distance-Estimation-a5aac8f\prepared_by_drone_type\Kongsberg\distance_50m\labels\IMG_0219_JPG.rf.546de3698875d5f4c473e6c0777cbfb1.txt,unknown,unknown,19.0,1.06904497,7.0,0.0,0.00989583,0.00055679,0.00648148,0.0,6.414e-05,3.61e-06,2.71428571,0.15272071,0.35807292,0.00055679,0.42638889,0.00049493,2.43651867,0.0,0.0,0.0,0.0
Kongsberg::IMG_0220_JPG.rf.329415ec8722314f5f61a414a5843e7f.jpg,Kongsberg,50.0,50.0,C:\Users\depthlev\Desktop\Z_Drone_Final_Project_GA\nenrus-Dataset-of-Drone-Distance-Estimation-a5aac8f\prepared_by_drone_type\Kongsberg\distance_50m\images\IMG_0220_JPG.rf.329415ec8722314f5f61a414a5843e7f.jpg,C:\Users\depthlev\Desktop\Z_Drone_Final_Project_GA\nenrus-Dataset-of-Drone-Distance-Estimation-a5aac8f\prepared_by_drone_type\Kongsberg\distance_50m\labels\IMG_0220_JPG.rf.329415ec8722314f5f61a414a5843e7f.txt,unknown,unknown,15.0,1.06904497,6.0,0.0,0.0078125,0.00055679,0.00555556,0.0,4.34e-05,3.09e-06,2.5,0.17817416,0.35807292,0.0002784,0.42777778,0.0,2.54971886,0.0,0.0,0.0,0.0
Kongsberg::IMG_0221_JPG.rf.2daf44202deb82df6fbf13c9a8be8a29.jpg,Kongsberg,50.0,50.0,C:\Users\depthlev\Desktop\Z_Drone_Final_Project_GA\nenrus-Dataset-of-Drone-Distance-Estimation-a5aac8f\prepared_by_drone_type\Kongsberg\distance_50m\images\IMG_0221_JPG.rf.2daf44202deb82df6fbf13c9a8be8a29.jpg,C:\Users\depthlev\Desktop\Z_Drone_Final_Project_GA\nenrus-Dataset-of-Drone-Distance-Estimation-a5aac8f\prepared_by_drone_type\Kongsberg\distance_50m\labels\IMG_0221_JPG.rf.2daf44202deb82df6fbf13c9a8be8a29.txt,unknown,unknown,13.0,1.06904497,5.0,0.0,0.00677083,0.00055679,0.00462963,0.0,3.135e-05,2.58e-06,2.6,0.21380899,0.35755208,0.0002784,0.42731481,0.0,2.13773894,0.0,0.0,0.0,0.0
Kongsberg::IMG_0222_JPG.rf.396f6ee9a5e9f3f538759359cc4bcd47.jpg,Kongsberg,50.0,50.0,C:\Users\depthlev\Desktop\Z_Drone_Final_Project_GA\nenrus-Dataset-of-Drone-Distance-Estimation-a5aac8f\prepared_by_drone_type\Kongsberg\distance_50m\images\IMG_0222_JPG.rf.396f6ee9a5e9f3f538759359cc4bcd47.jpg,C:\Users\depthlev\Desktop\Z_Drone_Final_Project_GA\nenrus-Dataset-of-Drone-Distance-Estimation-a5aac8f\prepared_by_drone_type\Kongsberg\distance_50m\labels\IMG_0222_JPG.rf.396f6ee9a5e9f3f538759359cc4bcd47.txt,unknown,unknown,15.0,1.06904497,7.0,0.0,0.0078125,0.00055679,0.00648148,0.0,5.064e-05,3.61e-06,2.14285714,0.15272071,0.35703125,0.0002784,0.42731481,0.00049493,2.4332912,0.0,0.0,0.0,0.0
Kongsberg::IMG_0223_JPG.rf.20182408a5881913acdb91d12e4d5ae1.jpg,Kongsberg,50.0,50.0,C:\Users\depthlev\Desktop\Z_Drone_Final_Project_GA\nenrus-Dataset-of-Drone-Distance-Estimation-a5aac8f\prepared_by_drone_type\Kongsberg\distance_50m\images\IMG_0223_JPG.rf.20182408a5881913acdb91d12e4d5ae1.jpg,C:\Users\depthlev\Desktop\Z_Drone_Final_Project_GA\nenrus-Dataset-of-Drone-Distance-Estimation-a5aac8f\prepared_by_drone_type\Kongsberg\distance_50m\labels\IMG_0223_JPG.rf.20182408a5881913acdb91d12e4d5ae1.txt,unknown,unknown,14.0,1.06904497,7.0,0.0,0.00729167,0.00055679,0.00648148,0.0,4.726e-05,3.61e-06,2.0,0.15272071,0.3578125,0.0002784,0.42731481,0.00049493,2.3397913,0.0,0.0,0.0,0.0
Kongsberg::IMG_0224_JPG.rf.59675994950ef126c57cf9658ceec9b0.jpg,Kongsberg,50.0,50.0,C:\Users\depthlev\Desktop\Z_Drone_Final_Project_GA\nenrus-Dataset-of-Drone-Distance-Estimation-a5aac8f\prepared_by_drone_type\Kongsberg\distance_50m\images\IMG_0224_JPG.rf.59675994950ef126c57cf9658ceec9b0.jpg,C:\Users\depthlev\Desktop\Z_Drone_Final_Project_GA\nenrus-Dataset-of-Drone-Distance-Estimation-a5aac8f\prepared_by_drone_type\Kongsberg\distance_50m\labels\IMG_0224_JPG.rf.59675994950ef126c57cf9658ceec9b0.txt,unknown,unknown,19.0,1.06904497,7.0,0.0,0.00989583,0.00055679,0.00648148,0.0,6.414e-05,3.61e-06,2.71428571,0.15272071,0.35807292,0.00055679,0.42638889,0.00049493,2.58620477,0.0,0.0,0.0,0.0
Kongsberg::IMG_0225_JPG.rf.07177264cbf230436ba76a79e77940e4.jpg,Kongsberg,50.0,50.0,C:\Users\depthlev\Desktop\Z_Drone_Final_Project_GA\nenrus-Dataset-of-Drone-Distance-Estimation-a5aac8f\prepared_by_drone_type\Kongsberg\distance_50m\images\IMG_0225_JPG.rf.07177264cbf230436ba76a79e77940e4.jpg,C:\Users\depthlev\Desktop\Z_Drone_Final_Project_GA\nenrus-Dataset-of-Drone-Distance-Estimation-a5aac8f\prepared_by_drone_type\Kongsberg\distance_50m\labels\IMG_0225_JPG.rf.07177264cbf230436ba76a79e77940e4.txt,unknown,unknown,15.0,1.06904497,7.0,0.0,0.0078125,0.00055679,0.00648148,0.0,5.064e-05,3.61e-06,2.14285714,0.15272071,0.35859375,0.0002784,0.42731481,0.00049493,2.15291977,0.0,0.0,0.0,0.0
Kongsberg::IMG_0226_JPG.rf.9793c3b3012352130ca931c70c86d0d5.jpg,Kongsberg,50.0,50.0,C:\Users\depthlev\Desktop\Z_Drone_Final_Project_GA\nenrus-Dataset-of-Drone-Distance-Estimation-a5aac8f\prepared_by_drone_type\Kongsberg\distance_50m\images\IMG_0226_JPG.rf.9793c3b3012352130ca931c70c86d0d5.jpg,C:\Users\depthlev\Desktop\Z_Drone_Final_Project_GA\nenrus-Dataset-of-Drone-Distance-Estimation-a5aac8f\prepared_by_drone_type\Kongsberg\distance_50m\labels\IMG_0226_JPG.rf.9793c3b3012352130ca931c70c86d0d5.txt,unknown,unknown,16.0,1.06904497,8.0,0.0,0.00833333,0.00055679,0.00740741,0.0,6.173e-05,4.12e-06,2.0,0.13363062,0.35885417,0.0002784,0.42685185,0.00049493,2.15570259,0.0,0.0,0.0,0.0
Kongsberg::IMG_0227_JPG.rf.b453ddbde33d62af6d85590f6903aed9.jpg,Kongsberg,50.0,50.0,C:\Users\depthlev\Desktop\Z_Drone_Final_Project_GA\nenrus-Dataset-of-Drone-Distance-Estimation-a5aac8f\prepared_by_drone_type\Kongsberg\distance_50m\images\IMG_0227_JPG.rf.b453ddbde33d62af6d85590f6903aed9.jpg,C:\Users\depthlev\Desktop\Z_Drone_Final_Project_GA\nenrus-Dataset-of-Drone-Distance-Estimation-a5aac8f\prepared_by_drone_type\Kongsberg\distance_50m\labels\IMG_0227_JPG.rf.b453ddbde33d62af6d85590f6903aed9.txt,unknown,unknown,19.0,1.06904497,7.0,0.0,0.00989583,0.00055679,0.00648148,0.0,6.414e-05,3.61e-06,2.71428571,0.15272071,0.35859375,0.00055679,0.42638889,0.00049493,2.34933138,0.0,0.0,0.0,0.0
Kongsberg::IMG_0228_JPG.rf.c68a8f49e3fa70326deb9a68650f9112.jpg,Kongsberg,50.0,50.0,C:\Users\depthlev\Desktop\Z_Drone_Final_Project_GA\nenrus-Dataset-of-Drone-Distance-Estimation-a5aac8f\prepared_by_drone_type\Kongsberg\distance_50m\images\IMG_0228_JPG.rf.c68a8f49e3fa70326deb9a68650f9112.jpg,C:\Users\depthlev\Desktop\Z_Drone_Final_Project_GA\nenrus-Dataset-of-Drone-Distance-Estimation-a5aac8f\prepared_by_drone_type\Kongsberg\distance_50m\labels\IMG_0228_JPG.rf.c68a8f49e3fa70326deb9a68650f9112.txt,unknown,unknown,18.0,1.06904497,9.0,0.0,0.009375,0.00055679,0.00833333,0.0,7.813e-05,4.64e-06,2.0,0.11878277,0.35885417,0.0002784,0.42638889,0.00049493,2.54050326,0.0,0.0,0.0,0.0
Kongsberg::IMG_0229_JPG.rf.4ef7a63f143c9d019f52975da6a27bc1.jpg,Kongsberg,50.0,50.0,C:\Users\depthlev\Desktop\Z_Drone_Final_Project_GA\nenrus-Dataset-of-Drone-Distance-Estimation-a5aac8f\prepared_by_drone_type\Kongsberg\distance_50m\images\IMG_0229_JPG.rf.4ef7a63f143c9d019f52975da6a27bc1.jpg,C:\Users\depthlev\Desktop\Z_Drone_Final_Project_GA\nenrus-Dataset-of-Drone-Distance-Estimation-a5aac8f\prepared_by_drone_type\Kongsberg\distance_50m\labels\IMG_0229_JPG.rf.4ef7a63f143c9d019f52975da6a27bc1.txt,unknown,unknown,18.0,1.06904497,7.0,0.0,0.009375,0.00055679,0.00648148,0.0,6.076e-05,3.61e-06,2.57142857,0.15272071,0.3578125,0.0002784,0.42638889,0.00049493,1.95524669,0.0,0.0,0.0,0.0
Kongsberg::IMG_0230_JPG.rf.dcd7f4730316296ee855d01bc0e17059.jpg,Kongsberg,50.0,50.0,C:\Users\depthlev\Desktop\Z_Drone_Final_Project_GA\nenrus-Dataset-of-Drone-Distance-Estimation-a5aac8f\prepared_by_drone_type\Kongsberg\distance_50m\images\IMG_0230_JPG.rf.dcd7f4730316296ee855d01bc0e17059.jpg,C:\Users\depthlev\Desktop\Z_Drone_Final_Project_GA\nenrus-Dataset-of-Drone-Distance-Estimation-a5aac8f\prepared_by_drone_type\Kongsberg\distance_50m\labels\IMG_0230_JPG.rf.dcd7f4730316296ee855d01bc0e17059.txt,unknown,unknown,20.0,1.06904497,7.0,0.0,0.01041667,0.00055679,0.00648148,0.0,6.752e-05,3.61e-06,2.85714286,0.15272071,0.3578125,0.00055679,0.42638889,0.00049493,2.24479818,0.0,0.0,0.0,0.0
Kongsberg::IMG_0231_JPG.rf.688e7245bf4e1961ff9463e31cc7f37f.jpg,Kongsberg,50.0,50.0,C:\Users\depthlev\Desktop\Z_Drone_Final_Project_GA\nenrus-Dataset-of-Drone-Distance-Estimation-a5aac8f\prepared_by_drone_type\Kongsberg\distance_50m\images\IMG_0231_JPG.rf.688e7245bf4e1961ff9463e31cc7f37f.jpg,C:\Users\depthlev\Desktop\Z_Drone_Final_Project_GA\nenrus-Dataset-of-Drone-Distance-Estimation-a5aac8f\prepared_by_drone_type\Kongsberg\distance_50m\labels\IMG_0231_JPG.rf.688e7245bf4e1961ff9463e31cc7f37f.txt,unknown,unknown,18.0,1.06904497,7.0,0.0,0.009375,0.00055679,0.00648148,0.0,6.076e-05,3.61e-06,2.57142857,0.15272071,0.35885417,0.0002784,0.42731481,0.00049493,1.80503678,0.0,0.0,0.0,0.0
Kongsberg::IMG_0232_JPG.rf.eea9a6def54ee80c6d986cb7f11bea89.jpg,Kongsberg,50.0,50.0,C:\Users\depthlev\Desktop\Z_Drone_Final_Project_GA\nenrus-Dataset-of-Drone-Distance-Estimation-a5aac8f\prepared_by_drone_type\Kongsberg\distance_50m\images\IMG_0232_JPG.rf.eea9a6def54ee80c6d986cb7f11bea89.jpg,C:\Users\depthlev\Desktop\Z_Drone_Final_Project_GA\nenrus-Dataset-of-Drone-Distance-Estimation-a5aac8f\prepared_by_drone_type\Kongsberg\distance_50m\labels\IMG_0232_JPG.rf.eea9a6def54ee80c6d986cb7f11bea89.txt,unknown,unknown,15.0,1.06904497,7.0,0.0,0.0078125,0.00055679,0.00648148,0.0,5.064e-05,3.61e-06,2.14285714,0.15272071,0.35859375,0.0002784,0.42731481,0.00049493,1.84891748,0.0,0.0,0.0,0.0
Kongsberg::IMG_0233_JPG.rf.8e4796a9e76628a13c76d764daf14d67.jpg,Kongsberg,50.0,50.0,C:\Users\depthlev\Desktop\Z_Drone_Final_Project_GA\nenrus-Dataset-of-Drone-Distance-Estimation-a5aac8f\prepared_by_drone_type\Kongsberg\distance_50m\images\IMG_0233_JPG.rf.8e4796a9e76628a13c76d764daf14d67.jpg,C:\Users\depthlev\Desktop\Z_Drone_Final_Project_GA\nenrus-Dataset-of-Drone-Distance-Estimation-a5aac8f\prepared_by_drone_type\Kongsberg\distance_50m\labels\IMG_0233_JPG.rf.8e4796a9e76628a13c76d764daf14d67.txt,unknown,unknown,17.0,1.06904497,7.0,0.0,0.00885417,0.00055679,0.00648148,0.0,5.739e-05,3.61e-06,2.42857143,0.15272071,0.35859375,0.0002784,0.42731481,0.00049493,2.10690379,0.0,0.0,0.0,0.0
Kongsberg::IMG_0234_JPG.rf.d83ff82cf1b2ee0a4325dd0ffa791e3b.jpg,Kongsberg,50.0,50.0,C:\Users\depthlev\Desktop\Z_Drone_Final_Project_GA\nenrus-Dataset-of-Drone-Distance-Estimation-a5aac8f\prepared_by_drone_type\Kongsberg\distance_50m\images\IMG_0234_JPG.rf.d83ff82cf1b2ee0a4325dd0ffa791e3b.jpg,C:\Users\depthlev\Desktop\Z_Drone_Final_Project_GA\nenrus-Dataset-of-Drone-Distance-Estimation-a5aac8f\prepared_by_drone_type\Kongsberg\distance_50m\labels\IMG_0234_JPG.rf.d83ff82cf1b2ee0a4325dd0ffa791e3b.txt,unknown,unknown,19.0,1.06904497,6.0,0.0,0.00989583,0.00055679,0.00555556,0.0,5.498e-05,3.09e-06,3.16666667,0.17817416,0.35807292,0.00055679,0.42685185,0.0,2.59182882,0.0,0.0,0.0,0.0
Kongsberg::IMG_0235_JPG.rf.1b66e734269e76c12271b0954eda8d1e.jpg,Kongsberg,50.0,50.0,C:\Users\depthlev\Desktop\Z_Drone_Final_Project_GA\nenrus-Dataset-of-Drone-Distance-Estimation-a5aac8f\prepared_by_drone_type\Kongsberg\distance_50m\images\IMG_0235_JPG.rf.1b66e734269e76c12271b0954eda8d1e.jpg,C:\Users\depthlev\Desktop\Z_Drone_Final_Project_GA\nenrus-Dataset-of-Drone-Distance-Estimation-a5aac8f\prepared_by_drone_type\Kongsberg\distance_50m\labels\IMG_0235_JPG.rf.1b66e734269e76c12271b0954eda8d1e.txt,unknown,unknown,18.0,1.06904497,7.0,0.0,0.009375,0.00055679,0.00648148,0.0,6.076e-05,3.61e-06,2.57142857,0.15272071,0.35833333,0.0002784,0.43194444,0.00049493,2.67433929,0.0,0.0,0.0,0.0
Vestfold::IMG_0253_JPG.rf.630479c4135a1db0e7590eb5694859c4.jpg,Vestfold,5.0,5.0,C:\Users\depthlev\Desktop\Z_Drone_Final_Project_GA\nenrus-Dataset-of-Drone-Distance-Estimation-a5aac8f\prepared_by_drone_type\Vestfold\distance_05m\images\IMG_0253_JPG.rf.630479c4135a1db0e7590eb5694859c4.jpg,C:\Users\depthlev\Desktop\Z_Drone_Final_Project_GA\nenrus-Dataset-of-Drone-Distance-Estimation-a5aac8f\prepared_by_drone_type\Vestfold\distance_05m\labels\IMG_0253_JPG.rf.630479c4135a1db0e7590eb5694859c4.txt,unknown,unknown,153.0,6.41426981,64.0,3.2071349,0.0796875,0.00334077,0.05925926,0.00296957,0.00472222,0.00043489,2.390625,0.01981026,0.38619792,0.00334077,0.18518519,0.00247464,2.14277935,0.0,0.0,0.0,0.0
Vestfold::IMG_0254_JPG.rf.fb2d57f10ccd02877f30e9fbec08ea44.jpg,Vestfold,5.0,5.0,C:\Users\depthlev\Desktop\Z_Drone_Final_Project_GA\nenrus-Dataset-of-Drone-Distance-Estimation-a5aac8f\prepared_by_drone_type\Vestfold\distance_05m\images\IMG_0254_JPG.rf.fb2d57f10ccd02877f30e9fbec08ea44.jpg,C:\Users\depthlev\Desktop\Z_Drone_Final_Project_GA\nenrus-Dataset-of-Drone-Distance-Estimation-a5aac8f\prepared_by_drone_type\Vestfold\distance_05m\labels\IMG_0254_JPG.rf.fb2d57f10ccd02877f30e9fbec08ea44.txt,unknown,unknown,166.0,7.48331477,70.0,3.2071349,0.08645833,0.00389756,0.06481481,0.00296957,0.00560378,0.00050969,2.37142857,0.00176291,0.37760417,0.00361916,0.15092593,0.00296957,3.08442283,0.0,0.0,0.0,0.0
Vestfold::IMG_0255_JPG.rf.0feba18e2b792fe233b6346d6e22cee6.jpg,Vestfold,5.0,5.0,C:\Users\depthlev\Desktop\Z_Drone_Final_Project_GA\nenrus-Dataset-of-Drone-Distance-Estimation-a5aac8f\prepared_by_drone_type\Vestfold\distance_05m\images\IMG_0255_JPG.rf.0feba18e2b792fe233b6346d6e22cee6.jpg,C:\Users\depthlev\Desktop\Z_Drone_Final_Project_GA\nenrus-Dataset-of-Drone-Distance-Estimation-a5aac8f\prepared_by_drone_type\Vestfold\distance_05m\labels\IMG_0255_JPG.rf.0feba18e2b792fe233b6346d6e22cee6.txt,unknown,unknown,156.0,6.41426981,78.0,3.2071349,0.08125,0.00334077,0.07222222,0.00296957,0.00586806,0.00048281,2.0,0.0,0.359375,0.00334077,0.11203704,0.00296957,3.41415882,0.0,0.0,0.0,0.0
Vestfold::IMG_0256_JPG.rf.1399336ce6f6ace25612374b3fb32c1d.jpg,Vestfold,5.0,5.0,C:\Users\depthlev\Desktop\Z_Drone_Final_Project_GA\nenrus-Dataset-of-Drone-Distance-Estimation-a5aac8f\prepared_by_drone_type\Vestfold\distance_05m\images\IMG_0256_JPG.rf.1399336ce6f6ace25612374b3fb32c1d.jpg,C:\Users\depthlev\Desktop\Z_Drone_Final_Project_GA\nenrus-Dataset-of-Drone-Distance-Estimation-a5aac8f\prepared_by_drone_type\Vestfold\distance_05m\labels\IMG_0256_JPG.rf.1399336ce6f6ace25612374b3fb32c1d.txt,unknown,unknown,137.0,5.34522484,82.0,3.2071349,0.07135417,0.00278397,0.07592593,0.00296957,0.00541763,0.00042347,1.67073171,0.00016015,0.36119792,0.00306237,0.09351852,0.0034645,3.31040239,0.0,0.0,0.0,0.0
Vestfold::IMG_0257_JPG.rf.6ec97ce071878785825c063350a928d2.jpg,Vestfold,5.0,5.0,C:\Users\depthlev\Desktop\Z_Drone_Final_Project_GA\nenrus-Dataset-of-Drone-Distance-Estimation-a5aac8f\prepared_by_drone_type\Vestfold\distance_05m\images\IMG_0257_JPG.rf.6ec97ce071878785825c063350a928d2.jpg,C:\Users\depthlev\Desktop\Z_Drone_Final_Project_GA\nenrus-Dataset-of-Drone-Distance-Estimation-a5aac8f\prepared_by_drone_type\Vestfold\distance_05m\labels\IMG_0257_JPG.rf.6ec97ce071878785825c063350a928d2.txt,unknown,unknown,145.0,6.41426981,73.0,3.2071349,0.07552083,0.00334077,0.06759259,0.00296957,0.00510465,0.00045035,1.98630137,0.00060738,0.36848958,0.00334077,0.10046296,0.00296957,3.53975749,0.0,0.0,0.0,0.0
Vestfold::IMG_0258_JPG.rf.def70fa704f52db0c6c4588bb52dab76.jpg,Vestfold,5.0,5.0,C:\Users\depthlev\Desktop\Z_Drone_Final_Project_GA\nenrus-Dataset-of-Drone-Distance-Estimation-a5aac8f\prepared_by_drone_type\Vestfold\distance_05m\images\IMG_0258_JPG.rf.def70fa704f52db0c6c4588bb52dab76.jpg,C:\Users\depthlev\Desktop\Z_Drone_Final_Project_GA\nenrus-Dataset-of-Drone-Distance-Estimation-a5aac8f\prepared_by_drone_type\Vestfold\distance_05m\labels\IMG_0258_JPG.rf.def70fa704f52db0c6c4588bb52dab76.txt,unknown,unknown,145.0,6.41426981,75.0,3.2071349,0.07552083,0.00334077,0.06944444,0.00296957,0.0052445,0.00045653,1.93333333,0.0028757,0.37109375,0.00334077,0.10416667,0.00296957,3.6655879,0.0,0.0,0.0,0.0
Vestfold::IMG_0259_JPG.rf.aa777a07db9d190e41b7e305b6f4f419.jpg,Vestfold,10.0,10.0,C:\Users\depthlev\Desktop\Z_Drone_Final_Project_GA\nenrus-Dataset-of-Drone-Distance-Estimation-a5aac8f\prepared_by_drone_type\Vestfold\distance_10m\images\IMG_0259_JPG.rf.aa777a07db9d190e41b7e305b6f4f419.jpg,C:\Users\depthlev\Desktop\Z_Drone_Final_Project_GA\nenrus-Dataset-of-Drone-Distance-Estimation-a5aac8f\prepared_by_drone_type\Vestfold\distance_10m\labels\IMG_0259_JPG.rf.aa777a07db9d190e41b7e305b6f4f419.txt,unknown,unknown,145.0,6.41426981,65.0,3.2071349,0.07552083,0.00334077,0.06018519,0.00296957,0.00454524,0.00042562,2.23076923,0.01151903,0.37630208,0.00334077,0.21990741,0.00247464,3.52668929,0.0,0.0,0.0,0.0
Vestfold::IMG_0260_JPG.rf.ac6bdb8cd60417c3140b329fa8390a63.jpg,Vestfold,10.0,10.0,C:\Users\depthlev\Desktop\Z_Drone_Final_Project_GA\nenrus-Dataset-of-Drone-Distance-Estimation-a5aac8f\prepared_by_drone_type\Vestfold\distance_10m\images\IMG_0260_JPG.rf.ac6bdb8cd60417c3140b329fa8390a63.jpg,C:\Users\depthlev\Desktop\Z_Drone_Final_Project_GA\nenrus-Dataset-of-Drone-Distance-Estimation-a5aac8f\prepared_by_drone_type\Vestfold\distance_10m\labels\IMG_0260_JPG.rf.ac6bdb8cd60417c3140b329fa8390a63.txt,unknown,unknown,146.0,6.41426981,70.0,3.2071349,0.07604167,0.00334077,0.06481481,0.00296957,0.00492863,0.00044262,2.08571429,0.00396654,0.37239583,0.00334077,0.22222222,0.00296957,3.59199214,0.0,0.0,0.0,0.0
Vestfold::IMG_0261_JPG.rf.5dadb98bc5f28f2d346e3ce85b1bd87e.jpg,Vestfold,10.0,10.0,C:\Users\depthlev\Desktop\Z_Drone_Final_Project_GA\nenrus-Dataset-of-Drone-Distance-Estimation-a5aac8f\prepared_by_drone_type\Vestfold\distance_10m\images\IMG_0261_JPG.rf.5dadb98bc5f28f2d346e3ce85b1bd87e.jpg,C:\Users\depthlev\Desktop\Z_Drone_Final_Project_GA\nenrus-Dataset-of-Drone-Distance-Estimation-a5aac8f\prepared_by_drone_type\Vestfold\distance_10m\labels\IMG_0261_JPG.rf.5dadb98bc5f28f2d346e3ce85b1bd87e.txt,unknown,unknown,143.0,6.41426981,63.0,3.2071349,0.07447917,0.00334077,0.05833333,0.00296957,0.00434462,0.00041634,2.26984127,0.01390735,0.37317708,0.00306237,0.28101852,0.00247464,3.29083276,0.0,0.0,0.0,0.0
Vestfold::IMG_0262_JPG.rf.3b6f1361693539f9ce23171caa873630.jpg,Vestfold,10.0,10.0,C:\Users\depthlev\Desktop\Z_Drone_Final_Project_GA\nenrus-Dataset-of-Drone-Distance-Estimation-a5aac8f\prepared_by_drone_type\Vestfold\distance_10m\images\IMG_0262_JPG.rf.3b6f1361693539f9ce23171caa873630.jpg,C:\Users\depthlev\Desktop\Z_Drone_Final_Project_GA\nenrus-Dataset-of-Drone-Distance-Estimation-a5aac8f\prepared_by_drone_type\Vestfold\distance_10m\labels\IMG_0262_JPG.rf.3b6f1361693539f9ce23171caa873630.txt,unknown,unknown,147.0,6.41426981,70.0,3.2071349,0.0765625,0.00334077,0.06481481,0.00296957,0.00496238,0.00044417,2.1,0.00462763,0.37057292,0.00334077,0.28981481,0.00296957,3.25786924,0.0,0.0,0.0,0.0
Vestfold::IMG_0263_JPG.rf.2776858f0993b17c3ee18347a9c7341f.jpg,Vestfold,10.0,10.0,C:\Users\depthlev\Desktop\Z_Drone_Final_Project_GA\nenrus-Dataset-of-Drone-Distance-Estimation-a5aac8f\prepared_by_drone_type\Vestfold\distance_10m\images\IMG_0263_JPG.rf.2776858f0993b17c3ee18347a9c7341f.jpg,C:\Users\depthlev\Desktop\Z_Drone_Final_Project_GA\nenrus-Dataset-of-Drone-Distance-Estimation-a5aac8f\prepared_by_drone_type\Vestfold\distance_10m\labels\IMG_0263_JPG.rf.2776858f0993b17c3ee18347a9c7341f.txt,unknown,unknown,147.0,6.41426981,62.0,2.13808994,0.0765625,0.00334077,0.05740741,0.00197971,0.00439525,0.00034352,2.37096774,0.02181541,0.37057292,0.00334077,0.29537037,0.00247464,3.33326244,0.0,0.0,0.0,0.0
Vestfold::IMG_0264_JPG.rf.f54d207e13e0b4633fd8d3d31d899fe0.jpg,Vestfold,10.0,10.0,C:\Users\depthlev\Desktop\Z_Drone_Final_Project_GA\nenrus-Dataset-of-Drone-Distance-Estimation-a5aac8f\prepared_by_drone_type\Vestfold\distance_10m\images\IMG_0264_JPG.rf.f54d207e13e0b4633fd8d3d31d899fe0.jpg,C:\Users\depthlev\Desktop\Z_Drone_Final_Project_GA\nenrus-Dataset-of-Drone-Distance-Estimation-a5aac8f\prepared_by_drone_type\Vestfold\distance_10m\labels\IMG_0264_JPG.rf.f54d207e13e0b4633fd8d3d31d899fe0.txt,unknown,unknown,157.0,6.41426981,57.0,2.13808994,0.08177083,0.00334077,0.05277778,0.00197971,0.00431568,0.00033836,2.75438596,0.00927493,0.36796875,0.00361916,0.29027778,0.00247464,2.5365169,0.0,0.0,0.0,0.0
Vestfold::IMG_0265_JPG.rf.57beac5d9a90fab56433457faff920c4.jpg,Vestfold,10.0,10.0,C:\Users\depthlev\Desktop\Z_Drone_Final_Project_GA\nenrus-Dataset-of-Drone-Distance-Estimation-a5aac8f\prepared_by_drone_type\Vestfold\distance_10m\images\IMG_0265_JPG.rf.57beac5d9a90fab56433457faff920c4.jpg,C:\Users\depthlev\Desktop\Z_Drone_Final_Project_GA\nenrus-Dataset-of-Drone-Distance-Estimation-a5aac8f\prepared_by_drone_type\Vestfold\distance_10m\labels\IMG_0265_JPG.rf.57beac5d9a90fab56433457faff920c4.txt,unknown,unknown,186.0,7.48331477,60.0,2.13808994,0.096875,0.00389756,0.05555556,0.00197971,0.00538194,0.0004085,3.1,0.01434027,0.3671875,0.00417596,0.29166667,0.00247464,1.79548168,0.0,0.0,0.0,0.0
Vestfold::IMG_0266_JPG.rf.d061653732cd4ac0a7d558f8cfdb4013.jpg,Vestfold,10.0,10.0,C:\Users\depthlev\Desktop\Z_Drone_Final_Project_GA\nenrus-Dataset-of-Drone-Distance-Estimation-a5aac8f\prepared_by_drone_type\Vestfold\distance_10m\images\IMG_0266_JPG.rf.d061653732cd4ac0a7d558f8cfdb4013.jpg,C:\Users\depthlev\Desktop\Z_Drone_Final_Project_GA\nenrus-Dataset-of-Drone-Distance-Estimation-a5aac8f\prepared_by_drone_type\Vestfold\distance_10m\labels\IMG_0266_JPG.rf.d061653732cd4ac0a7d558f8cfdb4013.txt,unknown,unknown,178.0,7.48331477,66.0,3.2071349,0.09270833,0.00389756,0.06111111,0.00296957,0.00566551,0.00051381,2.6969697,0.01786993,0.3703125,0.00389756,0.29166667,0.00247464,2.45928574,0.0,0.0,0.0,0.0
Vestfold::IMG_0267_JPG.rf.cb74729cb5b714705c266663c2397aba.jpg,Vestfold,10.0,10.0,C:\Users\depthlev\Desktop\Z_Drone_Final_Project_GA\nenrus-Dataset-of-Drone-Distance-Estimation-a5aac8f\prepared_by_drone_type\Vestfold\distance_10m\images\IMG_0267_JPG.rf.cb74729cb5b714705c266663c2397aba.jpg,C:\Users\depthlev\Desktop\Z_Drone_Final_Project_GA\nenrus-Dataset-of-Drone-Distance-Estimation-a5aac8f\prepared_by_drone_type\Vestfold\distance_10m\labels\IMG_0267_JPG.rf.cb74729cb5b714705c266663c2397aba.txt,unknown,unknown,147.0,6.41426981,58.0,2.13808994,0.0765625,0.00334077,0.0537037,0.00197971,0.00411169,0.00033115,2.53448276,0.01727193,0.36901042,0.00334077,0.28796296,0.00247464,1.96822858,0.0,0.0,0.0,0.0
Vestfold::IMG_0268_JPG.rf.319439b44c77d4360d28fbb07d989fcb.jpg,Vestfold,10.0,10.0,C:\Users\depthlev\Desktop\Z_Drone_Final_Project_GA\nenrus-Dataset-of-Drone-Distance-Estimation-a5aac8f\prepared_by_drone_type\Vestfold\distance_10m\images\IMG_0268_JPG.rf.319439b44c77d4360d28fbb07d989fcb.jpg,C:\Users\depthlev\Desktop\Z_Drone_Final_Project_GA\nenrus-Dataset-of-Drone-Distance-Estimation-a5aac8f\prepared_by_drone_type\Vestfold\distance_10m\labels\IMG_0268_JPG.rf.319439b44c77d4360d28fbb07d989fcb.txt,unknown,unknown,155.0,6.41426981,52.0,2.13808994,0.08072917,0.00334077,0.04814815,0.00197971,0.00388696,0.00032084,2.98076923,0.0007971,0.37005208,0.00334077,0.28148148,0.00197971,1.77964377,0.0,0.0,0.0,0.0
Vestfold::IMG_0269_JPG.rf.90edcf1bde3c5088da9eea3326fb37ff.jpg,Vestfold,10.0,10.0,C:\Users\depthlev\Desktop\Z_Drone_Final_Project_GA\nenrus-Dataset-of-Drone-Distance-Estimation-a5aac8f\prepared_by_drone_type\Vestfold\distance_10m\images\IMG_0269_JPG.rf.90edcf1bde3c5088da9eea3326fb37ff.jpg,C:\Users\depthlev\Desktop\Z_Drone_Final_Project_GA\nenrus-Dataset-of-Drone-Distance-Estimation-a5aac8f\prepared_by_drone_type\Vestfold\distance_10m\labels\IMG_0269_JPG.rf.90edcf1bde3c5088da9eea3326fb37ff.txt,unknown,unknown,177.0,7.48331477,62.0,2.13808994,0.0921875,0.00389756,0.05740741,0.00197971,0.00529225,0.00040644,2.85483871,0.02237477,0.37317708,0.00389756,0.23981481,0.00247464,1.75896335,0.0,0.0,0.0,0.0
Vestfold::IMG_0270_JPG.rf.573634869e57274a839575baf8490fd6.jpg,Vestfold,10.0,10.0,C:\Users\depthlev\Desktop\Z_Drone_Final_Project_GA\nenrus-Dataset-of-Drone-Distance-Estimation-a5aac8f\prepared_by_drone_type\Vestfold\distance_10m\images\IMG_0270_JPG.rf.573634869e57274a839575baf8490fd6.jpg,C:\Users\depthlev\Desktop\Z_Drone_Final_Project_GA\nenrus-Dataset-of-Drone-Distance-Estimation-a5aac8f\prepared_by_drone_type\Vestfold\distance_10m\labels\IMG_0270_JPG.rf.573634869e57274a839575baf8490fd6.txt,unknown,unknown,177.0,7.48331477,65.0,3.2071349,0.0921875,0.00389756,0.06018519,0.00296957,0.00554832,0.00050866,2.72307692,0.01945435,0.37421875,0.00389756,0.23842593,0.00247464,3.08432293,0.0,0.0,0.0,0.0
Vestfold::IMG_0271_JPG.rf.f6a06cbc3af12ae187cacf00e469b0bc.jpg,Vestfold,10.0,10.0,C:\Users\depthlev\Desktop\Z_Drone_Final_Project_GA\nenrus-Dataset-of-Drone-Distance-Estimation-a5aac8f\prepared_by_drone_type\Vestfold\distance_10m\images\IMG_0271_JPG.rf.f6a06cbc3af12ae187cacf00e469b0bc.jpg,C:\Users\depthlev\Desktop\Z_Drone_Final_Project_GA\nenrus-Dataset-of-Drone-Distance-Estimation-a5aac8f\prepared_by_drone_type\Vestfold\distance_10m\labels\IMG_0271_JPG.rf.f6a06cbc3af12ae187cacf00e469b0bc.txt,unknown,unknown,164.0,7.48331477,68.0,3.2071349,0.08541667,0.00389756,0.06296296,0.00296957,0.00537809,0.00049939,2.41176471,0.00373849,0.36979167,0.00361916,0.23518519,0.00247464,3.34976244,0.0,0.0,0.0,0.0
Vestfold::IMG_0272_JPG.rf.26547caf2af0764f788b29148bbab480.jpg,Vestfold,10.0,10.0,C:\Users\depthlev\Desktop\Z_Drone_Final_Project_GA\nenrus-Dataset-of-Drone-Distance-Estimation-a5aac8f\prepared_by_drone_type\Vestfold\distance_10m\images\IMG_0272_JPG.rf.26547caf2af0764f788b29148bbab480.jpg,C:\Users\depthlev\Desktop\Z_Drone_Final_Project_GA\nenrus-Dataset-of-Drone-Distance-Estimation-a5aac8f\prepared_by_drone_type\Vestfold\distance_10m\labels\IMG_0272_JPG.rf.26547caf2af0764f788b29148bbab480.txt,unknown,unknown,147.0,6.41426981,67.0,3.2071349,0.0765625,0.00334077,0.06203704,0.00296957,0.00474971,0.00043489,2.19402985,0.00938962,0.36901042,0.00334077,0.23287037,0.00247464,3.37139344,0.0,0.0,0.0,0.0
Vestfold::IMG_0273_JPG.rf.433512bf32f488686edc4e33f219a0a2.jpg,Vestfold,10.0,10.0,C:\Users\depthlev\Desktop\Z_Drone_Final_Project_GA\nenrus-Dataset-of-Drone-Distance-Estimation-a5aac8f\prepared_by_drone_type\Vestfold\distance_10m\images\IMG_0273_JPG.rf.433512bf32f488686edc4e33f219a0a2.jpg,C:\Users\depthlev\Desktop\Z_Drone_Final_Project_GA\nenrus-Dataset-of-Drone-Distance-Estimation-a5aac8f\prepared_by_drone_type\Vestfold\distance_10m\labels\IMG_0273_JPG.rf.433512bf32f488686edc4e33f219a0a2.txt,unknown,unknown,170.0,7.48331477,75.0,3.2071349,0.08854167,0.00389756,0.06944444,0.00296957,0.00614873,0.00053391,2.26666667,0.0028757,0.36614583,0.00389756,0.2337963,0.00296957,3.28095841,0.0,0.0,0.0,0.0
Vestfold::IMG_0274_JPG.rf.8fe2d97388de6eacdec50d05eba401c7.jpg,Vestfold,10.0,10.0,C:\Users\depthlev\Desktop\Z_Drone_Final_Project_GA\nenrus-Dataset-of-Drone-Distance-Estimation-a5aac8f\prepared_by_drone_type\Vestfold\distance_10m\images\IMG_0274_JPG.rf.8fe2d97388de6eacdec50d05eba401c7.jpg,C:\Users\depthlev\Desktop\Z_Drone_Final_Project_GA\nenrus-Dataset-of-Drone-Distance-Estimation-a5aac8f\prepared_by_drone_type\Vestfold\distance_10m\labels\IMG_0274_JPG.rf.8fe2d97388de6eacdec50d05eba401c7.txt,unknown,unknown,192.0,8.55235974,70.0,3.2071349,0.1,0.00445435,0.06481481,0.00296957,0.00648148,0.00058604,2.74285714,0.00352581,0.36145833,0.00417596,0.23425926,0.00296957,1.67926097,0.0,0.0,0.0,0.0
Vestfold::IMG_0275_JPG.rf.2af45c75d9129cd18767f1cf8c4b1f19.jpg,Vestfold,10.0,10.0,C:\Users\depthlev\Desktop\Z_Drone_Final_Project_GA\nenrus-Dataset-of-Drone-Distance-Estimation-a5aac8f\prepared_by_drone_type\Vestfold\distance_10m\images\IMG_0275_JPG.rf.2af45c75d9129cd18767f1cf8c4b1f19.jpg,C:\Users\depthlev\Desktop\Z_Drone_Final_Project_GA\nenrus-Dataset-of-Drone-Distance-Estimation-a5aac8f\prepared_by_drone_type\Vestfold\distance_10m\labels\IMG_0275_JPG.rf.2af45c75d9129cd18767f1cf8c4b1f19.txt,unknown,unknown,177.0,7.48331477,67.0,3.2071349,0.0921875,0.00389756,0.06203704,0.00296957,0.00571904,0.00051587,2.64179104,0.0149271,0.36015625,0.00389756,0.23287037,0.00247464,1.8599112,0.0,0.0,0.0,0.0
Vestfold::IMG_0276_JPG.rf.1d96fc58574fcf17dcf1eee19c52c524.jpg,Vestfold,10.0,10.0,C:\Users\depthlev\Desktop\Z_Drone_Final_Project_GA\nenrus-Dataset-of-Drone-Distance-Estimation-a5aac8f\prepared_by_drone_type\Vestfold\distance_10m\images\IMG_0276_JPG.rf.1d96fc58574fcf17dcf1eee19c52c524.jpg,C:\Users\depthlev\Desktop\Z_Drone_Final_Project_GA\nenrus-Dataset-of-Drone-Distance-Estimation-a5aac8f\prepared_by_drone_type\Vestfold\distance_10m\labels\IMG_0276_JPG.rf.1d96fc58574fcf17dcf1eee19c52c524.txt,unknown,unknown,176.0,7.48331477,70.0,3.2071349,0.09166667,0.00389756,0.06481481,0.00296957,0.00594136,0.00052515,2.51428571,0.0083738,0.36458333,0.00389756,0.23148148,0.00296957,1.5149343,0.0,0.0,0.0,0.0
Vestfold::IMG_0277_JPG.rf.86567f2aac79d1a7378658082858af46.jpg,Vestfold,10.0,10.0,C:\Users\depthlev\Desktop\Z_Drone_Final_Project_GA\nenrus-Dataset-of-Drone-Distance-Estimation-a5aac8f\prepared_by_drone_type\Vestfold\distance_10m\images\IMG_0277_JPG.rf.86567f2aac79d1a7378658082858af46.jpg,C:\Users\depthlev\Desktop\Z_Drone_Final_Project_GA\nenrus-Dataset-of-Drone-Distance-Estimation-a5aac8f\prepared_by_drone_type\Vestfold\distance_10m\labels\IMG_0277_JPG.rf.86567f2aac79d1a7378658082858af46.txt,unknown,unknown,177.0,7.48331477,67.0,3.2071349,0.0921875,0.00389756,0.06203704,0.00296957,0.00571904,0.00051587,2.64179104,0.0149271,0.36640625,0.00389756,0.23287037,0.00247464,1.90575385,0.0,0.0,0.0,0.0
Vestfold::IMG_0278_JPG.rf.ae317bcdb46dd28026492ecd9cfd9771.jpg,Vestfold,15.0,15.0,C:\Users\depthlev\Desktop\Z_Drone_Final_Project_GA\nenrus-Dataset-of-Drone-Distance-Estimation-a5aac8f\prepared_by_drone_type\Vestfold\distance_15m\images\IMG_0278_JPG.rf.ae317bcdb46dd28026492ecd9cfd9771.jpg,C:\Users\depthlev\Desktop\Z_Drone_Final_Project_GA\nenrus-Dataset-of-Drone-Distance-Estimation-a5aac8f\prepared_by_drone_type\Vestfold\distance_15m\labels\IMG_0278_JPG.rf.ae317bcdb46dd28026492ecd9cfd9771.txt,unknown,unknown,72.0,3.2071349,32.0,1.06904497,0.0375,0.00167038,0.02962963,0.00098986,0.00111111,8.665e-05,2.25,0.02518907,0.36145833,0.00167038,0.39259259,0.00148478,2.39095116,0.0,0.0,0.0,0.0
Vestfold::IMG_0279_JPG.rf.0c147fc76a51fa8ee6dcc2cecd054a3d.jpg,Vestfold,15.0,15.0,C:\Users\depthlev\Desktop\Z_Drone_Final_Project_GA\nenrus-Dataset-of-Drone-Distance-Estimation-a5aac8f\prepared_by_drone_type\Vestfold\distance_15m\images\IMG_0279_JPG.rf.0c147fc76a51fa8ee6dcc2cecd054a3d.jpg,C:\Users\depthlev\Desktop\Z_Drone_Final_Project_GA\nenrus-Dataset-of-Drone-Distance-Estimation-a5aac8f\prepared_by_drone_type\Vestfold\distance_15m\labels\IMG_0279_JPG.rf.0c147fc76a51fa8ee6dcc2cecd054a3d.txt,unknown,unknown,70.0,3.2071349,29.0,1.06904497,0.03645833,0.00167038,0.02685185,0.00098986,0.00097897,8.098e-05,2.4137931,0.02174983,0.40989583,0.00167038,0.39768519,0.00098986,1.89484203,0.0,0.0,0.0,0.0
Vestfold::IMG_0280_JPG.rf.eb69952e501a981b5100c82c9c5636be.jpg,Vestfold,15.0,15.0,C:\Users\depthlev\Desktop\Z_Drone_Final_Project_GA\nenrus-Dataset-of-Drone-Distance-Estimation-a5aac8f\prepared_by_drone_type\Vestfold\distance_15m\images\IMG_0280_JPG.rf.eb69952e501a981b5100c82c9c5636be.jpg,C:\Users\depthlev\Desktop\Z_Drone_Final_Project_GA\nenrus-Dataset-of-Drone-Distance-Estimation-a5aac8f\prepared_by_drone_type\Vestfold\distance_15m\labels\IMG_0280_JPG.rf.eb69952e501a981b5100c82c9c5636be.txt,unknown,unknown,76.0,3.2071349,37.0,1.06904497,0.03958333,0.00167038,0.03425926,0.00098986,0.0013561,9.644e-05,2.05405405,0.02744,0.453125,0.00167038,0.39953704,0.00148478,1.910748,0.0,0.0,0.0,0.0
Vestfold::IMG_0281_JPG.rf.a82cb9331739f55eefba3c0dd5395b19.jpg,Vestfold,15.0,15.0,C:\Users\depthlev\Desktop\Z_Drone_Final_Project_GA\nenrus-Dataset-of-Drone-Distance-Estimation-a5aac8f\prepared_by_drone_type\Vestfold\distance_15m\images\IMG_0281_JPG.rf.a82cb9331739f55eefba3c0dd5395b19.jpg,C:\Users\depthlev\Desktop\Z_Drone_Final_Project_GA\nenrus-Dataset-of-Drone-Distance-Estimation-a5aac8f\prepared_by_drone_type\Vestfold\distance_15m\labels\IMG_0281_JPG.rf.a82cb9331739f55eefba3c0dd5395b19.txt,unknown,unknown,77.0,3.2071349,37.0,1.06904497,0.04010417,0.00167038,0.03425926,0.00098986,0.00137394,9.696e-05,2.08108108,0.026656,0.39244792,0.00167038,0.39212963,0.00148478,1.55128109,0.0,0.0,0.0,0.0
Vestfold::IMG_0282_JPG.rf.2f133a8dfcb95faf21cbfabefe03eb3e.jpg,Vestfold,15.0,15.0,C:\Users\depthlev\Desktop\Z_Drone_Final_Project_GA\nenrus-Dataset-of-Drone-Distance-Estimation-a5aac8f\prepared_by_drone_type\Vestfold\distance_15m\images\IMG_0282_JPG.rf.2f133a8dfcb95faf21cbfabefe03eb3e.jpg,C:\Users\depthlev\Desktop\Z_Drone_Final_Project_GA\nenrus-Dataset-of-Drone-Distance-Estimation-a5aac8f\prepared_by_drone_type\Vestfold\distance_15m\labels\IMG_0282_JPG.rf.2f133a8dfcb95faf21cbfabefe03eb3e.txt,unknown,unknown,80.0,3.2071349,37.0,1.06904497,0.04166667,0.00167038,0.03425926,0.00098986,0.00142747,9.85e-05,2.16216216,0.024304,0.390625,0.00167038,0.3875,0.00148478,1.03346729,0.0,0.0,0.0,0.0
Vestfold::IMG_0283_JPG.rf.ef1b24f11cd81270c8dfaa10c3abc917.jpg,Vestfold,15.0,15.0,C:\Users\depthlev\Desktop\Z_Drone_Final_Project_GA\nenrus-Dataset-of-Drone-Distance-Estimation-a5aac8f\prepared_by_drone_type\Vestfold\distance_15m\images\IMG_0283_JPG.rf.ef1b24f11cd81270c8dfaa10c3abc917.jpg,C:\Users\depthlev\Desktop\Z_Drone_Final_Project_GA\nenrus-Dataset-of-Drone-Distance-Estimation-a5aac8f\prepared_by_drone_type\Vestfold\distance_15m\labels\IMG_0283_JPG.rf.ef1b24f11cd81270c8dfaa10c3abc917.txt,unknown,unknown,74.0,3.2071349,37.0,1.06904497,0.03854167,0.00167038,0.03425926,0.00098986,0.00132041,9.541e-05,2.0,0.029008,0.38802083,0.00167038,0.3875,0.00148478,1.66120267,0.0,0.0,0.0,0.0
Vestfold::IMG_0284_JPG.rf.4484a90adb55b75dde894a6bb580fb34.jpg,Vestfold,15.0,15.0,C:\Users\depthlev\Desktop\Z_Drone_Final_Project_GA\nenrus-Dataset-of-Drone-Distance-Estimation-a5aac8f\prepared_by_drone_type\Vestfold\distance_15m\images\IMG_0284_JPG.rf.4484a90adb55b75dde894a6bb580fb34.jpg,C:\Users\depthlev\Desktop\Z_Drone_Final_Project_GA\nenrus-Dataset-of-Drone-Distance-Estimation-a5aac8f\prepared_by_drone_type\Vestfold\distance_15m\labels\IMG_0284_JPG.rf.4484a90adb55b75dde894a6bb580fb34.txt,unknown,unknown,81.0,3.2071349,38.0,2.13808994,0.0421875,0.00167038,0.03518519,0.00197971,0.00148438,0.00014239,2.13157895,0.03607621,0.39036458,0.00167038,0.38888889,0.00148478,1.80615115,0.0,0.0,0.0,0.0
Vestfold::IMG_0285_JPG.rf.19abdcde875e9760f4b463de8c98d983.jpg,Vestfold,15.0,15.0,C:\Users\depthlev\Desktop\Z_Drone_Final_Project_GA\nenrus-Dataset-of-Drone-Distance-Estimation-a5aac8f\prepared_by_drone_type\Vestfold\distance_15m\images\IMG_0285_JPG.rf.19abdcde875e9760f4b463de8c98d983.jpg,C:\Users\depthlev\Desktop\Z_Drone_Final_Project_GA\nenrus-Dataset-of-Drone-Distance-Estimation-a5aac8f\prepared_by_drone_type\Vestfold\distance_15m\labels\IMG_0285_JPG.rf.19abdcde875e9760f4b463de8c98d983.txt,unknown,unknown,84.0,3.2071349,35.0,1.06904497,0.04375,0.00167038,0.03240741,0.00098986,0.00141782,9.747e-05,2.4,0.01840795,0.38958333,0.00194878,0.39212963,0.00148478,1.81865644,0.0,0.0,0.0,0.0
Vestfold::IMG_0286_JPG.rf.708327ea47cbd90368d68ed78839e2cc.jpg,Vestfold,15.0,15.0,C:\Users\depthlev\Desktop\Z_Drone_Final_Project_GA\nenrus-Dataset-of-Drone-Distance-Estimation-a5aac8f\prepared_by_drone_type\Vestfold\distance_15m\images\IMG_0286_JPG.rf.708327ea47cbd90368d68ed78839e2cc.jpg,C:\Users\depthlev\Desktop\Z_Drone_Final_Project_GA\nenrus-Dataset-of-Drone-Distance-Estimation-a5aac8f\prepared_by_drone_type\Vestfold\distance_15m\labels\IMG_0286_JPG.rf.708327ea47cbd90368d68ed78839e2cc.txt,unknown,unknown,78.0,3.2071349,34.0,1.06904497,0.040625,0.00167038,0.03148148,0.00098986,0.00127894,9.284e-05,2.29411765,0.02229928,0.38802083,0.00167038,0.39259259,0.00148478,1.78469133,0.0,0.0,0.0,0.0
Vestfold::IMG_0287_JPG.rf.044c2876a668f0c73a925bf210c7df72.jpg,Vestfold,15.0,15.0,C:\Users\depthlev\Desktop\Z_Drone_Final_Project_GA\nenrus-Dataset-of-Drone-Distance-Estimation-a5aac8f\prepared_by_drone_type\Vestfold\distance_15m\images\IMG_0287_JPG.rf.044c2876a668f0c73a925bf210c7df72.jpg,C:\Users\depthlev\Desktop\Z_Drone_Final_Project_GA\nenrus-Dataset-of-Drone-Distance-Estimation-a5aac8f\prepared_by_drone_type\Vestfold\distance_15m\labels\IMG_0287_JPG.rf.044c2876a668f0c73a925bf210c7df72.txt,unknown,unknown,80.0,3.2071349,35.0,1.06904497,0.04166667,0.00167038,0.03240741,0.00098986,0.00135031,9.541e-05,2.28571429,0.02191423,0.38645833,0.00167038,0.39398148,0.00148478,1.92332268,0.0,0.0,0.0,0.0
Vestfold::IMG_0288_JPG.rf.df13b783989367bb66ba77c0699978b0.jpg,Vestfold,15.0,15.0,C:\Users\depthlev\Desktop\Z_Drone_Final_Project_GA\nenrus-Dataset-of-Drone-Distance-Estimation-a5aac8f\prepared_by_drone_type\Vestfold\distance_15m\images\IMG_0288_JPG.rf.df13b783989367bb66ba77c0699978b0.jpg,C:\Users\depthlev\Desktop\Z_Drone_Final_Project_GA\nenrus-Dataset-of-Drone-Distance-Estimation-a5aac8f\prepared_by_drone_type\Vestfold\distance_15m\labels\IMG_0288_JPG.rf.df13b783989367bb66ba77c0699978b0.txt,unknown,unknown,78.0,3.2071349,30.0,1.06904497,0.040625,0.00167038,0.02777778,0.00098986,0.00112847,8.665e-05,2.6,0.01434027,0.38645833,0.00167038,0.38888889,0.00098986,2.11677599,0.0,0.0,0.0,0.0
Vestfold::IMG_0289_JPG.rf.00f6b8fcad598f52188e3b377a5911a2.jpg,Vestfold,15.0,15.0,C:\Users\depthlev\Desktop\Z_Drone_Final_Project_GA\nenrus-Dataset-of-Drone-Distance-Estimation-a5aac8f\prepared_by_drone_type\Vestfold\distance_15m\images\IMG_0289_JPG.rf.00f6b8fcad598f52188e3b377a5911a2.jpg,C:\Users\depthlev\Desktop\Z_Drone_Final_Project_GA\nenrus-Dataset-of-Drone-Distance-Estimation-a5aac8f\prepared_by_drone_type\Vestfold\distance_15m\labels\IMG_0289_JPG.rf.00f6b8fcad598f52188e3b377a5911a2.txt,unknown,unknown,78.0,3.2071349,30.0,1.06904497,0.040625,0.00167038,0.02777778,0.00098986,0.00112847,8.665e-05,2.6,0.01434027,0.3875,0.00167038,0.39166667,0.00098986,2.22398567,0.0,0.0,0.0,0.0
Vestfold::IMG_0290_JPG.rf.cd8f0e99c3adf3e2ad0b4237a4037771.jpg,Vestfold,15.0,15.0,C:\Users\depthlev\Desktop\Z_Drone_Final_Project_GA\nenrus-Dataset-of-Drone-Distance-Estimation-a5aac8f\prepared_by_drone_type\Vestfold\distance_15m\images\IMG_0290_JPG.rf.cd8f0e99c3adf3e2ad0b4237a4037771.jpg,C:\Users\depthlev\Desktop\Z_Drone_Final_Project_GA\nenrus-Dataset-of-Drone-Distance-Estimation-a5aac8f\prepared_by_drone_type\Vestfold\distance_15m\labels\IMG_0290_JPG.rf.cd8f0e99c3adf3e2ad0b4237a4037771.txt,unknown,unknown,70.0,3.2071349,29.0,1.06904497,0.03645833,0.00167038,0.02685185,0.00098986,0.00097897,8.098e-05,2.4137931,0.02174983,0.3859375,0.00167038,0.39027778,0.00098986,2.19505811,0.0,0.0,0.0,0.0
Vestfold::IMG_0291_JPG.rf.c8a8834c5b0850c624554267b72f716a.jpg,Vestfold,15.0,15.0,C:\Users\depthlev\Desktop\Z_Drone_Final_Project_GA\nenrus-Dataset-of-Drone-Distance-Estimation-a5aac8f\prepared_by_drone_type\Vestfold\distance_15m\images\IMG_0291_JPG.rf.c8a8834c5b0850c624554267b72f716a.jpg,C:\Users\depthlev\Desktop\Z_Drone_Final_Project_GA\nenrus-Dataset-of-Drone-Distance-Estimation-a5aac8f\prepared_by_drone_type\Vestfold\distance_15m\labels\IMG_0291_JPG.rf.c8a8834c5b0850c624554267b72f716a.txt,unknown,unknown,80.0,3.2071349,32.0,1.06904497,0.04166667,0.00167038,0.02962963,0.00098986,0.00123457,9.077e-05,2.5,0.01679271,0.38541667,0.00167038,0.39259259,0.00148478,2.19601393,0.0,0.0,0.0,0.0
Vestfold::IMG_0292_JPG.rf.4e6375e3dc0e63f578119a661c6bc113.jpg,Vestfold,15.0,15.0,C:\Users\depthlev\Desktop\Z_Drone_Final_Project_GA\nenrus-Dataset-of-Drone-Distance-Estimation-a5aac8f\prepared_by_drone_type\Vestfold\distance_15m\images\IMG_0292_JPG.rf.4e6375e3dc0e63f578119a661c6bc113.jpg,C:\Users\depthlev\Desktop\Z_Drone_Final_Project_GA\nenrus-Dataset-of-Drone-Distance-Estimation-a5aac8f\prepared_by_drone_type\Vestfold\distance_15m\labels\IMG_0292_JPG.rf.4e6375e3dc0e63f578119a661c6bc113.txt,unknown,unknown,70.0,3.2071349,35.0,1.06904497,0.03645833,0.00167038,0.03240741,0.00098986,0.00118152,9.026e-05,2.0,0.03067992,0.38697917,0.00167038,0.39583333,0.00148478,2.14071131,0.0,0.0,0.0,0.0
Vestfold::IMG_0293_JPG.rf.57be0d01188a0c769c40268966dcd24e.jpg,Vestfold,15.0,15.0,C:\Users\depthlev\Desktop\Z_Drone_Final_Project_GA\nenrus-Dataset-of-Drone-Distance-Estimation-a5aac8f\prepared_by_drone_type\Vestfold\distance_15m\images\IMG_0293_JPG.rf.57be0d01188a0c769c40268966dcd24e.jpg,C:\Users\depthlev\Desktop\Z_Drone_Final_Project_GA\nenrus-Dataset-of-Drone-Distance-Estimation-a5aac8f\prepared_by_drone_type\Vestfold\distance_15m\labels\IMG_0293_JPG.rf.57be0d01188a0c769c40268966dcd24e.txt,unknown,unknown,70.0,3.2071349,36.0,1.06904497,0.03645833,0.00167038,0.03333333,0.00098986,0.00121528,9.181e-05,1.94444444,0.03147714,0.38802083,0.00167038,0.39814815,0.00148478,2.46050453,0.0,0.0,0.0,0.0
Vestfold::IMG_0294_JPG.rf.33793ae30a3e1d26677f76b43e0d6a90.jpg,Vestfold,15.0,15.0,C:\Users\depthlev\Desktop\Z_Drone_Final_Project_GA\nenrus-Dataset-of-Drone-Distance-Estimation-a5aac8f\prepared_by_drone_type\Vestfold\distance_15m\images\IMG_0294_JPG.rf.33793ae30a3e1d26677f76b43e0d6a90.jpg,C:\Users\depthlev\Desktop\Z_Drone_Final_Project_GA\nenrus-Dataset-of-Drone-Distance-Estimation-a5aac8f\prepared_by_drone_type\Vestfold\distance_15m\labels\IMG_0294_JPG.rf.33793ae30a3e1d26677f76b43e0d6a90.txt,unknown,unknown,66.0,3.2071349,33.0,1.06904497,0.034375,0.00167038,0.03055556,0.00098986,0.00105035,8.511e-05,2.0,0.03255736,0.3828125,0.00139199,0.39953704,0.00148478,1.92314279,0.0,0.0,0.0,0.0
Vestfold::IMG_0295_JPG.rf.6e352b64f61a84031eec34a4554ca8e7.jpg,Vestfold,15.0,15.0,C:\Users\depthlev\Desktop\Z_Drone_Final_Project_GA\nenrus-Dataset-of-Drone-Distance-Estimation-a5aac8f\prepared_by_drone_type\Vestfold\distance_15m\images\IMG_0295_JPG.rf.6e352b64f61a84031eec34a4554ca8e7.jpg,C:\Users\depthlev\Desktop\Z_Drone_Final_Project_GA\nenrus-Dataset-of-Drone-Distance-Estimation-a5aac8f\prepared_by_drone_type\Vestfold\distance_15m\labels\IMG_0295_JPG.rf.6e352b64f61a84031eec34a4554ca8e7.txt,unknown,unknown,90.0,4.27617987,37.0,1.06904497,0.046875,0.00222718,0.03425926,0.00098986,0.0016059,0.00012275,2.43243243,0.045472,0.3921875,0.00194878,0.40138889,0.00148478,1.9330368,0.0,0.0,0.0,0.0
Vestfold::IMG_0296_JPG.rf.59453881b624223e5acccb97eac6ec1e.jpg,Vestfold,15.0,15.0,C:\Users\depthlev\Desktop\Z_Drone_Final_Project_GA\nenrus-Dataset-of-Drone-Distance-Estimation-a5aac8f\prepared_by_drone_type\Vestfold\distance_15m\images\IMG_0296_JPG.rf.59453881b624223e5acccb97eac6ec1e.jpg,C:\Users\depthlev\Desktop\Z_Drone_Final_Project_GA\nenrus-Dataset-of-Drone-Distance-Estimation-a5aac8f\prepared_by_drone_type\Vestfold\distance_15m\labels\IMG_0296_JPG.rf.59453881b624223e5acccb97eac6ec1e.txt,unknown,unknown,78.0,3.2071349,32.0,1.06904497,0.040625,0.00167038,0.02962963,0.00098986,0.0012037,8.974e-05,2.4375,0.0188918,0.390625,0.00167038,0.40277778,0.00148478,1.78033447,0.0,0.0,0.0,0.0
Vestfold::IMG_0297_JPG.rf.af5c8aa185bd3b90ff042acf6591a0b4.jpg,Vestfold,15.0,15.0,C:\Users\depthlev\Desktop\Z_Drone_Final_Project_GA\nenrus-Dataset-of-Drone-Distance-Estimation-a5aac8f\prepared_by_drone_type\Vestfold\distance_15m\images\IMG_0297_JPG.rf.af5c8aa185bd3b90ff042acf6591a0b4.jpg,C:\Users\depthlev\Desktop\Z_Drone_Final_Project_GA\nenrus-Dataset-of-Drone-Distance-Estimation-a5aac8f\prepared_by_drone_type\Vestfold\distance_15m\labels\IMG_0297_JPG.rf.af5c8aa185bd3b90ff042acf6591a0b4.txt,unknown,unknown,92.0,4.27617987,41.0,2.13808994,0.04791667,0.00222718,0.03796296,0.00197971,0.00181906,0.00017955,2.24390244,0.01288496,0.39270833,0.00194878,0.40046296,0.00148478,1.5423255,0.0,0.0,0.0,0.0
Vestfold::IMG_0298_JPG.rf.f9383137fe293b7c5ec19d4c6ec9658a.jpg,Vestfold,15.0,15.0,C:\Users\depthlev\Desktop\Z_Drone_Final_Project_GA\nenrus-Dataset-of-Drone-Distance-Estimation-a5aac8f\prepared_by_drone_type\Vestfold\distance_15m\images\IMG_0298_JPG.rf.f9383137fe293b7c5ec19d4c6ec9658a.jpg,C:\Users\depthlev\Desktop\Z_Drone_Final_Project_GA\nenrus-Dataset-of-Drone-Distance-Estimation-a5aac8f\prepared_by_drone_type\Vestfold\distance_15m\labels\IMG_0298_JPG.rf.f9383137fe293b7c5ec19d4c6ec9658a.txt,unknown,unknown,74.0,3.2071349,43.0,2.13808994,0.03854167,0.00167038,0.03981481,0.00197971,0.00153453,0.0001429,1.72093023,0.0111154,0.38802083,0.00167038,0.40416667,0.00148478,2.06206512,0.0,0.0,0.0,0.0
Vestfold::IMG_0299_JPG.rf.de3156b49214807e247e4b2fc42f6f25.jpg,Vestfold,15.0,15.0,C:\Users\depthlev\Desktop\Z_Drone_Final_Project_GA\nenrus-Dataset-of-Drone-Distance-Estimation-a5aac8f\prepared_by_drone_type\Vestfold\distance_15m\images\IMG_0299_JPG.rf.de3156b49214807e247e4b2fc42f6f25.jpg,C:\Users\depthlev\Desktop\Z_Drone_Final_Project_GA\nenrus-Dataset-of-Drone-Distance-Estimation-a5aac8f\prepared_by_drone_type\Vestfold\distance_15m\labels\IMG_0299_JPG.rf.de3156b49214807e247e4b2fc42f6f25.txt,unknown,unknown,84.0,3.2071349,31.0,1.06904497,0.04375,0.00167038,0.0287037,0.00098986,0.00125579,9.129e-05,2.70967742,0.01006865,0.39166667,0.00194878,0.39675926,0.00098986,2.0893538,0.0,0.0,0.0,0.0
Vestfold::IMG_0300_JPG.rf.0f0533ccc94fa3b672dc12539c366ca4.jpg,Vestfold,15.0,15.0,C:\Users\depthlev\Desktop\Z_Drone_Final_Project_GA\nenrus-Dataset-of-Drone-Distance-Estimation-a5aac8f\prepared_by_drone_type\Vestfold\distance_15m\images\IMG_0300_JPG.rf.0f0533ccc94fa3b672dc12539c366ca4.jpg,C:\Users\depthlev\Desktop\Z_Drone_Final_Project_GA\nenrus-Dataset-of-Drone-Distance-Estimation-a5aac8f\prepared_by_drone_type\Vestfold\distance_15m\labels\IMG_0300_JPG.rf.0f0533ccc94fa3b672dc12539c366ca4.txt,unknown,unknown,70.0,3.2071349,28.0,1.06904497,0.03645833,0.00167038,0.02592593,0.00098986,0.00094522,7.944e-05,2.5,0.01922292,0.38854167,0.00167038,0.39814815,0.00098986,2.21250725,0.0,0.0,0.0,0.0
Vestfold::IMG_0301_JPG.rf.b0bfb23bce15c7417de2d672de5521dd.jpg,Vestfold,15.0,15.0,C:\Users\depthlev\Desktop\Z_Drone_Final_Project_GA\nenrus-Dataset-of-Drone-Distance-Estimation-a5aac8f\prepared_by_drone_type\Vestfold\distance_15m\images\IMG_0301_JPG.rf.b0bfb23bce15c7417de2d672de5521dd.jpg,C:\Users\depthlev\Desktop\Z_Drone_Final_Project_GA\nenrus-Dataset-of-Drone-Distance-Estimation-a5aac8f\prepared_by_drone_type\Vestfold\distance_15m\labels\IMG_0301_JPG.rf.b0bfb23bce15c7417de2d672de5521dd.txt,unknown,unknown,75.0,3.2071349,30.0,1.06904497,0.0390625,0.00167038,0.02777778,0.00098986,0.00108507,8.511e-05,2.5,0.01792534,0.38671875,0.00167038,0.39166667,0.00098986,2.80369282,0.0,0.0,0.0,0.0
Vestfold::IMG_0302_JPG.rf.20faf7a2369e3c463a50470367c4d44f.jpg,Vestfold,15.0,15.0,C:\Users\depthlev\Desktop\Z_Drone_Final_Project_GA\nenrus-Dataset-of-Drone-Distance-Estimation-a5aac8f\prepared_by_drone_type\Vestfold\distance_15m\images\IMG_0302_JPG.rf.20faf7a2369e3c463a50470367c4d44f.jpg,C:\Users\depthlev\Desktop\Z_Drone_Final_Project_GA\nenrus-Dataset-of-Drone-Distance-Estimation-a5aac8f\prepared_by_drone_type\Vestfold\distance_15m\labels\IMG_0302_JPG.rf.20faf7a2369e3c463a50470367c4d44f.txt,unknown,unknown,74.0,3.2071349,41.0,2.13808994,0.03854167,0.00167038,0.03796296,0.00197971,0.00146316,0.00013981,1.80487805,0.0161062,0.38802083,0.00167038,0.39583333,0.00148478,1.71579099,0.0,0.0,0.0,0.0
Vestfold::IMG_0303_JPG.rf.fce29f7171a8ed2ef25dd75c9695b8df.jpg,Vestfold,15.0,15.0,C:\Users\depthlev\Desktop\Z_Drone_Final_Project_GA\nenrus-Dataset-of-Drone-Distance-Estimation-a5aac8f\prepared_by_drone_type\Vestfold\distance_15m\images\IMG_0303_JPG.rf.fce29f7171a8ed2ef25dd75c9695b8df.jpg,C:\Users\depthlev\Desktop\Z_Drone_Final_Project_GA\nenrus-Dataset-of-Drone-Distance-Estimation-a5aac8f\prepared_by_drone_type\Vestfold\distance_15m\labels\IMG_0303_JPG.rf.fce29f7171a8ed2ef25dd75c9695b8df.txt,unknown,unknown,83.0,3.2071349,33.0,1.06904497,0.04322917,0.00167038,0.03055556,0.00098986,0.00132089,9.387e-05,2.51515152,0.01578539,0.38776042,0.00194878,0.39490741,0.00148478,1.34713221,0.0,0.0,0.0,0.0
Vestfold::IMG_0304_JPG.rf.e45c76579843e367c2750ee6326c9ad1.jpg,Vestfold,15.0,15.0,C:\Users\depthlev\Desktop\Z_Drone_Final_Project_GA\nenrus-Dataset-of-Drone-Distance-Estimation-a5aac8f\prepared_by_drone_type\Vestfold\distance_15m\images\IMG_0304_JPG.rf.e45c76579843e367c2750ee6326c9ad1.jpg,C:\Users\depthlev\Desktop\Z_Drone_Final_Project_GA\nenrus-Dataset-of-Drone-Distance-Estimation-a5aac8f\prepared_by_drone_type\Vestfold\distance_15m\labels\IMG_0304_JPG.rf.e45c76579843e367c2750ee6326c9ad1.txt,unknown,unknown,80.0,3.2071349,32.0,1.06904497,0.04166667,0.00167038,0.02962963,0.00098986,0.00123457,9.077e-05,2.5,0.01679271,0.38958333,0.00167038,0.39722222,0.00148478,1.66717982,0.0,0.0,0.0,0.0
Vestfold::IMG_0305_JPG.rf.082a56bdf862e85e7d252600a7f5b02a.jpg,Vestfold,15.0,15.0,C:\Users\depthlev\Desktop\Z_Drone_Final_Project_GA\nenrus-Dataset-of-Drone-Distance-Estimation-a5aac8f\prepared_by_drone_type\Vestfold\distance_15m\images\IMG_0305_JPG.rf.082a56bdf862e85e7d252600a7f5b02a.jpg,C:\Users\depthlev\Desktop\Z_Drone_Final_Project_GA\nenrus-Dataset-of-Drone-Distance-Estimation-a5aac8f\prepared_by_drone_type\Vestfold\distance_15m\labels\IMG_0305_JPG.rf.082a56bdf862e85e7d252600a7f5b02a.txt,unknown,unknown,88.0,4.27617987,40.0,2.13808994,0.04583333,0.00222718,0.03703704,0.00197971,0.00169753,0.00017337,2.2,0.01083693,0.3875,0.00194878,0.39814815,0.00148478,2.2678268,0.0,0.0,0.0,0.0
Vestfold::IMG_0306_JPG.rf.5402866588689f615a76ac329e8255f4.jpg,Vestfold,20.0,20.0,C:\Users\depthlev\Desktop\Z_Drone_Final_Project_GA\nenrus-Dataset-of-Drone-Distance-Estimation-a5aac8f\prepared_by_drone_type\Vestfold\distance_20m\images\IMG_0306_JPG.rf.5402866588689f615a76ac329e8255f4.jpg,C:\Users\depthlev\Desktop\Z_Drone_Final_Project_GA\nenrus-Dataset-of-Drone-Distance-Estimation-a5aac8f\prepared_by_drone_type\Vestfold\distance_20m\labels\IMG_0306_JPG.rf.5402866588689f615a76ac329e8255f4.txt,unknown,unknown,56.0,2.13808994,27.0,1.06904497,0.02916667,0.00111359,0.025,0.00098986,0.00072917,5.674e-05,2.07407407,0.00295486,0.40625,0.00111359,0.27453704,0.00098986,2.57855392,0.0,0.0,0.0,0.0
Vestfold::IMG_0307_JPG.rf.f545d66f1505028e95b39120f11ccb2e.jpg,Vestfold,20.0,20.0,C:\Users\depthlev\Desktop\Z_Drone_Final_Project_GA\nenrus-Dataset-of-Drone-Distance-Estimation-a5aac8f\prepared_by_drone_type\Vestfold\distance_20m\images\IMG_0307_JPG.rf.f545d66f1505028e95b39120f11ccb2e.jpg,C:\Users\depthlev\Desktop\Z_Drone_Final_Project_GA\nenrus-Dataset-of-Drone-Distance-Estimation-a5aac8f\prepared_by_drone_type\Vestfold\distance_20m\labels\IMG_0307_JPG.rf.f545d66f1505028e95b39120f11ccb2e.txt,unknown,unknown,58.0,2.13808994,25.0,1.06904497,0.03020833,0.00111359,0.02314815,0.00098986,0.00069927,5.571e-05,2.32,0.01380336,0.4046875,0.00139199,0.27175926,0.00098986,2.51148272,0.0,0.0,0.0,0.0
Vestfold::IMG_0308_JPG.rf.c9ec4be4629f60f28ac4d25f886216f0.jpg,Vestfold,20.0,20.0,C:\Users\depthlev\Desktop\Z_Drone_Final_Project_GA\nenrus-Dataset-of-Drone-Distance-Estimation-a5aac8f\prepared_by_drone_type\Vestfold\distance_20m\images\IMG_0308_JPG.rf.c9ec4be4629f60f28ac4d25f886216f0.jpg,C:\Users\depthlev\Desktop\Z_Drone_Final_Project_GA\nenrus-Dataset-of-Drone-Distance-Estimation-a5aac8f\prepared_by_drone_type\Vestfold\distance_20m\labels\IMG_0308_JPG.rf.c9ec4be4629f60f28ac4d25f886216f0.txt,unknown,unknown,57.0,2.13808994,24.0,1.06904497,0.0296875,0.00111359,0.02222222,0.00098986,0.00065972,5.416e-05,2.375,0.0168623,0.40234375,0.00139199,0.27037037,0.00098986,2.42990685,0.0,0.0,0.0,0.0
Vestfold::IMG_0309_JPG.rf.338a1c87e14d49ff4d9c48a58f4e3fac.jpg,Vestfold,20.0,20.0,C:\Users\depthlev\Desktop\Z_Drone_Final_Project_GA\nenrus-Dataset-of-Drone-Distance-Estimation-a5aac8f\prepared_by_drone_type\Vestfold\distance_20m\images\IMG_0309_JPG.rf.338a1c87e14d49ff4d9c48a58f4e3fac.jpg,C:\Users\depthlev\Desktop\Z_Drone_Final_Project_GA\nenrus-Dataset-of-Drone-Distance-Estimation-a5aac8f\prepared_by_drone_type\Vestfold\distance_20m\labels\IMG_0309_JPG.rf.338a1c87e14d49ff4d9c48a58f4e3fac.txt,unknown,unknown,61.0,2.13808994,25.0,1.06904497,0.03177083,0.00111359,0.02314815,0.00098986,0.00073544,5.725e-05,2.44,0.01897962,0.40130208,0.00139199,0.26712963,0.00098986,2.21437049,0.0,0.0,0.0,0.0
Vestfold::IMG_0310_JPG.rf.fec32bf364f4af91ec91a41e922e1148.jpg,Vestfold,20.0,20.0,C:\Users\depthlev\Desktop\Z_Drone_Final_Project_GA\nenrus-Dataset-of-Drone-Distance-Estimation-a5aac8f\prepared_by_drone_type\Vestfold\distance_20m\images\IMG_0310_JPG.rf.fec32bf364f4af91ec91a41e922e1148.jpg,C:\Users\depthlev\Desktop\Z_Drone_Final_Project_GA\nenrus-Dataset-of-Drone-Distance-Estimation-a5aac8f\prepared_by_drone_type\Vestfold\distance_20m\labels\IMG_0310_JPG.rf.fec32bf364f4af91ec91a41e922e1148.txt,unknown,unknown,59.0,2.13808994,29.0,1.06904497,0.03072917,0.00111359,0.02685185,0.00098986,0.00082514,6.034e-05,2.03448276,0.0012794,0.40078125,0.00139199,0.26712963,0.00098986,2.50558567,0.0,0.0,0.0,0.0
Vestfold::IMG_0311_JPG.rf.6dca22224e183a55dcbc56b112239907.jpg,Vestfold,20.0,20.0,C:\Users\depthlev\Desktop\Z_Drone_Final_Project_GA\nenrus-Dataset-of-Drone-Distance-Estimation-a5aac8f\prepared_by_drone_type\Vestfold\distance_20m\images\IMG_0311_JPG.rf.6dca22224e183a55dcbc56b112239907.jpg,C:\Users\depthlev\Desktop\Z_Drone_Final_Project_GA\nenrus-Dataset-of-Drone-Distance-Estimation-a5aac8f\prepared_by_drone_type\Vestfold\distance_20m\labels\IMG_0311_JPG.rf.6dca22224e183a55dcbc56b112239907.txt,unknown,unknown,58.0,2.13808994,26.0,1.06904497,0.03020833,0.00111359,0.02407407,0.00098986,0.00072724,5.674e-05,2.23076923,0.00956519,0.4,0.00139199,0.26851852,0.00098986,2.80931807,0.0,0.0,0.0,0.0
Vestfold::IMG_0312_JPG.rf.7a820b7b8092db365f804981f4572d1d.jpg,Vestfold,20.0,20.0,C:\Users\depthlev\Desktop\Z_Drone_Final_Project_GA\nenrus-Dataset-of-Drone-Distance-Estimation-a5aac8f\prepared_by_drone_type\Vestfold\distance_20m\images\IMG_0312_JPG.rf.7a820b7b8092db365f804981f4572d1d.jpg,C:\Users\depthlev\Desktop\Z_Drone_Final_Project_GA\nenrus-Dataset-of-Drone-Distance-Estimation-a5aac8f\prepared_by_drone_type\Vestfold\distance_20m\labels\IMG_0312_JPG.rf.7a820b7b8092db365f804981f4572d1d.txt,unknown,unknown,57.0,2.13808994,26.0,1.06904497,0.0296875,0.00111359,0.02407407,0.00098986,0.0007147,5.622e-05,2.19230769,0.007971,0.40026042,0.00139199,0.27222222,0.00098986,2.63936782,0.0,0.0,0.0,0.0
Vestfold::IMG_0313_JPG.rf.6ea396be15def2eae042df92b682bfd0.jpg,Vestfold,20.0,20.0,C:\Users\depthlev\Desktop\Z_Drone_Final_Project_GA\nenrus-Dataset-of-Drone-Distance-Estimation-a5aac8f\prepared_by_drone_type\Vestfold\distance_20m\images\IMG_0313_JPG.rf.6ea396be15def2eae042df92b682bfd0.jpg,C:\Users\depthlev\Desktop\Z_Drone_Final_Project_GA\nenrus-Dataset-of-Drone-Distance-Estimation-a5aac8f\prepared_by_drone_type\Vestfold\distance_20m\labels\IMG_0313_JPG.rf.6ea396be15def2eae042df92b682bfd0.txt,unknown,unknown,48.0,2.13808994,23.0,1.06904497,0.025,0.00111359,0.0212963,0.00098986,0.00053241,4.849e-05,2.08695652,0.00408354,0.3984375,0.00111359,0.27453704,0.00098986,3.015903,0.0,0.0,0.0,0.0
Vestfold::IMG_0314_JPG.rf.be264a2f6c1e1d52b5a42f35ab8e02b8.jpg,Vestfold,20.0,20.0,C:\Users\depthlev\Desktop\Z_Drone_Final_Project_GA\nenrus-Dataset-of-Drone-Distance-Estimation-a5aac8f\prepared_by_drone_type\Vestfold\distance_20m\images\IMG_0314_JPG.rf.be264a2f6c1e1d52b5a42f35ab8e02b8.jpg,C:\Users\depthlev\Desktop\Z_Drone_Final_Project_GA\nenrus-Dataset-of-Drone-Distance-Estimation-a5aac8f\prepared_by_drone_type\Vestfold\distance_20m\labels\IMG_0314_JPG.rf.be264a2f6c1e1d52b5a42f35ab8e02b8.txt,unknown,unknown,47.0,2.13808994,21.0,1.06904497,0.02447917,0.00111359,0.01944444,0.00098986,0.00047598,4.592e-05,2.23809524,0.01227119,0.39921875,0.00111359,0.27546296,0.00098986,3.08700323,0.0,0.0,0.0,0.0
Vestfold::IMG_0315_JPG.rf.af53b559b06dd5756e8630661b650e92.jpg,Vestfold,20.0,20.0,C:\Users\depthlev\Desktop\Z_Drone_Final_Project_GA\nenrus-Dataset-of-Drone-Distance-Estimation-a5aac8f\prepared_by_drone_type\Vestfold\distance_20m\images\IMG_0315_JPG.rf.af53b559b06dd5756e8630661b650e92.jpg,C:\Users\depthlev\Desktop\Z_Drone_Final_Project_GA\nenrus-Dataset-of-Drone-Distance-Estimation-a5aac8f\prepared_by_drone_type\Vestfold\distance_20m\labels\IMG_0315_JPG.rf.af53b559b06dd5756e8630661b650e92.txt,unknown,unknown,59.0,2.13808994,23.0,1.06904497,0.03072917,0.00111359,0.0212963,0.00098986,0.00065442,5.416e-05,2.56521739,0.02654298,0.39921875,0.00139199,0.27546296,0.00098986,2.49750638,0.0,0.0,0.0,0.0
Vestfold::IMG_0316_JPG.rf.a253fe761279c35b9842c93f745ca62f.jpg,Vestfold,20.0,20.0,C:\Users\depthlev\Desktop\Z_Drone_Final_Project_GA\nenrus-Dataset-of-Drone-Distance-Estimation-a5aac8f\prepared_by_drone_type\Vestfold\distance_20m\images\IMG_0316_JPG.rf.a253fe761279c35b9842c93f745ca62f.jpg,C:\Users\depthlev\Desktop\Z_Drone_Final_Project_GA\nenrus-Dataset-of-Drone-Distance-Estimation-a5aac8f\prepared_by_drone_type\Vestfold\distance_20m\labels\IMG_0316_JPG.rf.a253fe761279c35b9842c93f745ca62f.txt,unknown,unknown,61.0,2.13808994,23.0,1.06904497,0.03177083,0.00111359,0.0212963,0.00098986,0.0006766,5.519e-05,2.65217391,0.03062652,0.40026042,0.00139199,0.27453704,0.00098986,2.50216794,0.0,0.0,0.0,0.0
Vestfold::IMG_0317_JPG.rf.5e6fde7f280b73592aa4fe78aa54394c.jpg,Vestfold,20.0,20.0,C:\Users\depthlev\Desktop\Z_Drone_Final_Project_GA\nenrus-Dataset-of-Drone-Distance-Estimation-a5aac8f\prepared_by_drone_type\Vestfold\distance_20m\images\IMG_0317_JPG.rf.5e6fde7f280b73592aa4fe78aa54394c.jpg,C:\Users\depthlev\Desktop\Z_Drone_Final_Project_GA\nenrus-Dataset-of-Drone-Distance-Estimation-a5aac8f\prepared_by_drone_type\Vestfold\distance_20m\labels\IMG_0317_JPG.rf.5e6fde7f280b73592aa4fe78aa54394c.txt,unknown,unknown,57.0,2.13808994,23.0,1.06904497,0.0296875,0.00111359,0.0212963,0.00098986,0.00063223,5.313e-05,2.47826087,0.02245944,0.39921875,0.00139199,0.27453704,0.00098986,2.07574511,0.0,0.0,0.0,0.0
Vestfold::IMG_0318_JPG.rf.8d6e887766d40dd6c9a4168ab1730dd5.jpg,Vestfold,20.0,20.0,C:\Users\depthlev\Desktop\Z_Drone_Final_Project_GA\nenrus-Dataset-of-Drone-Distance-Estimation-a5aac8f\prepared_by_drone_type\Vestfold\distance_20m\images\IMG_0318_JPG.rf.8d6e887766d40dd6c9a4168ab1730dd5.jpg,C:\Users\depthlev\Desktop\Z_Drone_Final_Project_GA\nenrus-Dataset-of-Drone-Distance-Estimation-a5aac8f\prepared_by_drone_type\Vestfold\distance_20m\labels\IMG_0318_JPG.rf.8d6e887766d40dd6c9a4168ab1730dd5.txt,unknown,unknown,50.0,2.13808994,19.0,1.06904497,0.02604167,0.00111359,0.01759259,0.00098986,0.00045814,4.54e-05,2.63157895,0.03607621,0.39895833,0.00111359,0.27361111,0.00098986,2.15223217,0.0,0.0,0.0,0.0
Vestfold::IMG_0319_JPG.rf.ae449cb5dd86ec80419b26fa2e541cb5.jpg,Vestfold,20.0,20.0,C:\Users\depthlev\Desktop\Z_Drone_Final_Project_GA\nenrus-Dataset-of-Drone-Distance-Estimation-a5aac8f\prepared_by_drone_type\Vestfold\distance_20m\images\IMG_0319_JPG.rf.ae449cb5dd86ec80419b26fa2e541cb5.jpg,C:\Users\depthlev\Desktop\Z_Drone_Final_Project_GA\nenrus-Dataset-of-Drone-Distance-Estimation-a5aac8f\prepared_by_drone_type\Vestfold\distance_20m\labels\IMG_0319_JPG.rf.ae449cb5dd86ec80419b26fa2e541cb5.txt,unknown,unknown,57.0,2.13808994,20.0,1.06904497,0.0296875,0.00111359,0.01851852,0.00098986,0.00054977,5.004e-05,2.85,0.04605696,0.39713542,0.00139199,0.27407407,0.00098986,1.94717383,0.0,0.0,0.0,0.0
Vestfold::IMG_0320_JPG.rf.317f2ed5d308625040e1db67bcc82c06.jpg,Vestfold,20.0,20.0,C:\Users\depthlev\Desktop\Z_Drone_Final_Project_GA\nenrus-Dataset-of-Drone-Distance-Estimation-a5aac8f\prepared_by_drone_type\Vestfold\distance_20m\images\IMG_0320_JPG.rf.317f2ed5d308625040e1db67bcc82c06.jpg,C:\Users\depthlev\Desktop\Z_Drone_Final_Project_GA\nenrus-Dataset-of-Drone-Distance-Estimation-a5aac8f\prepared_by_drone_type\Vestfold\distance_20m\labels\IMG_0320_JPG.rf.317f2ed5d308625040e1db67bcc82c06.txt,unknown,unknown,61.0,2.13808994,23.0,1.06904497,0.03177083,0.00111359,0.0212963,0.00098986,0.0006766,5.519e-05,2.65217391,0.03062652,0.39869792,0.00139199,0.27453704,0.00098986,2.38926291,0.0,0.0,0.0,0.0
Vestfold::IMG_0321_JPG.rf.f5d31a9253b921dbbc74b9ffc51099d0.jpg,Vestfold,20.0,20.0,C:\Users\depthlev\Desktop\Z_Drone_Final_Project_GA\nenrus-Dataset-of-Drone-Distance-Estimation-a5aac8f\prepared_by_drone_type\Vestfold\distance_20m\images\IMG_0321_JPG.rf.f5d31a9253b921dbbc74b9ffc51099d0.jpg,C:\Users\depthlev\Desktop\Z_Drone_Final_Project_GA\nenrus-Dataset-of-Drone-Distance-Estimation-a5aac8f\prepared_by_drone_type\Vestfold\distance_20m\labels\IMG_0321_JPG.rf.f5d31a9253b921dbbc74b9ffc51099d0.txt,unknown,unknown,58.0,2.13808994,25.0,1.06904497,0.03020833,0.00111359,0.02314815,0.00098986,0.00069927,5.571e-05,2.32,0.01380336,0.4,0.00139199,0.27453704,0.00098986,2.70131874,0.0,0.0,0.0,0.0
Vestfold::IMG_0322_JPG.rf.0ae30fecbd3fefe4863d15e24c10f0f0.jpg,Vestfold,20.0,20.0,C:\Users\depthlev\Desktop\Z_Drone_Final_Project_GA\nenrus-Dataset-of-Drone-Distance-Estimation-a5aac8f\prepared_by_drone_type\Vestfold\distance_20m\images\IMG_0322_JPG.rf.0ae30fecbd3fefe4863d15e24c10f0f0.jpg,C:\Users\depthlev\Desktop\Z_Drone_Final_Project_GA\nenrus-Dataset-of-Drone-Distance-Estimation-a5aac8f\prepared_by_drone_type\Vestfold\distance_20m\labels\IMG_0322_JPG.rf.0ae30fecbd3fefe4863d15e24c10f0f0.txt,unknown,unknown,54.0,2.13808994,23.0,1.06904497,0.028125,0.00111359,0.0212963,0.00098986,0.00059896,5.158e-05,2.34782609,0.01633414,0.40260417,0.00111359,0.27453704,0.00098986,2.87583971,0.0,0.0,0.0,0.0
Vestfold::IMG_0323_JPG.rf.37da55bbed4ee8faa15a86cd370acf67.jpg,Vestfold,20.0,20.0,C:\Users\depthlev\Desktop\Z_Drone_Final_Project_GA\nenrus-Dataset-of-Drone-Distance-Estimation-a5aac8f\prepared_by_drone_type\Vestfold\distance_20m\images\IMG_0323_JPG.rf.37da55bbed4ee8faa15a86cd370acf67.jpg,C:\Users\depthlev\Desktop\Z_Drone_Final_Project_GA\nenrus-Dataset-of-Drone-Distance-Estimation-a5aac8f\prepared_by_drone_type\Vestfold\distance_20m\labels\IMG_0323_JPG.rf.37da55bbed4ee8faa15a86cd370acf67.txt,unknown,unknown,50.0,2.13808994,25.0,1.06904497,0.02604167,0.00111359,0.02314815,0.00098986,0.00060282,5.158e-05,2.0,0.0,0.40052083,0.00111359,0.27453704,0.00098986,3.04042196,0.0,0.0,0.0,0.0
Vestfold::IMG_0324_JPG.rf.05e147e5262b1d0e2bf04549d0822cde.jpg,Vestfold,20.0,20.0,C:\Users\depthlev\Desktop\Z_Drone_Final_Project_GA\nenrus-Dataset-of-Drone-Distance-Estimation-a5aac8f\prepared_by_drone_type\Vestfold\distance_20m\images\IMG_0324_JPG.rf.05e147e5262b1d0e2bf04549d0822cde.jpg,C:\Users\depthlev\Desktop\Z_Drone_Final_Project_GA\nenrus-Dataset-of-Drone-Distance-Estimation-a5aac8f\prepared_by_drone_type\Vestfold\distance_20m\labels\IMG_0324_JPG.rf.05e147e5262b1d0e2bf04549d0822cde.txt,unknown,unknown,59.0,2.13808994,24.0,1.06904497,0.03072917,0.00111359,0.02222222,0.00098986,0.00068287,5.519e-05,2.45833333,0.02060948,0.40026042,0.00139199,0.27407407,0.00098986,2.56571627,0.0,0.0,0.0,0.0
Vestfold::IMG_0325_JPG.rf.e7e37aa8495d00ff99d0d0f650e253f6.jpg,Vestfold,20.0,20.0,C:\Users\depthlev\Desktop\Z_Drone_Final_Project_GA\nenrus-Dataset-of-Drone-Distance-Estimation-a5aac8f\prepared_by_drone_type\Vestfold\distance_20m\images\IMG_0325_JPG.rf.e7e37aa8495d00ff99d0d0f650e253f6.jpg,C:\Users\depthlev\Desktop\Z_Drone_Final_Project_GA\nenrus-Dataset-of-Drone-Distance-Estimation-a5aac8f\prepared_by_drone_type\Vestfold\distance_20m\labels\IMG_0325_JPG.rf.e7e37aa8495d00ff99d0d0f650e253f6.txt,unknown,unknown,61.0,2.13808994,26.0,1.06904497,0.03177083,0.00111359,0.02407407,0.00098986,0.00076485,5.828e-05,2.34615385,0.01434779,0.39921875,0.00139199,0.27407407,0.00098986,2.03315043,0.0,0.0,0.0,0.0
Vestfold::IMG_0326_JPG.rf.2491fd8bcee2b1f9f69c4643233a3ca0.jpg,Vestfold,20.0,20.0,C:\Users\depthlev\Desktop\Z_Drone_Final_Project_GA\nenrus-Dataset-of-Drone-Distance-Estimation-a5aac8f\prepared_by_drone_type\Vestfold\distance_20m\images\IMG_0326_JPG.rf.2491fd8bcee2b1f9f69c4643233a3ca0.jpg,C:\Users\depthlev\Desktop\Z_Drone_Final_Project_GA\nenrus-Dataset-of-Drone-Distance-Estimation-a5aac8f\prepared_by_drone_type\Vestfold\distance_20m\labels\IMG_0326_JPG.rf.2491fd8bcee2b1f9f69c4643233a3ca0.txt,unknown,unknown,61.0,2.13808994,24.0,1.06904497,0.03177083,0.00111359,0.02222222,0.00098986,0.00070602,5.622e-05,2.54166667,0.02435666,0.39817708,0.00139199,0.2712963,0.00098986,2.28567362,0.0,0.0,0.0,0.0
Vestfold::IMG_0327_JPG.rf.ddba1db1c7698107af9bcfdfbb8809de.jpg,Vestfold,25.0,25.0,C:\Users\depthlev\Desktop\Z_Drone_Final_Project_GA\nenrus-Dataset-of-Drone-Distance-Estimation-a5aac8f\prepared_by_drone_type\Vestfold\distance_25m\images\IMG_0327_JPG.rf.ddba1db1c7698107af9bcfdfbb8809de.jpg,C:\Users\depthlev\Desktop\Z_Drone_Final_Project_GA\nenrus-Dataset-of-Drone-Distance-Estimation-a5aac8f\prepared_by_drone_type\Vestfold\distance_25m\labels\IMG_0327_JPG.rf.ddba1db1c7698107af9bcfdfbb8809de.txt,unknown,unknown,45.0,2.13808994,18.0,1.06904497,0.0234375,0.00111359,0.01666667,0.00098986,0.00039063,4.18e-05,2.5,0.03019917,0.38984375,0.00111359,0.25740741,0.00049493,2.49093699,0.0,0.0,0.0,0.0
Vestfold::IMG_0328_JPG.rf.234393ee88322f20e488d162130fbe14.jpg,Vestfold,25.0,25.0,C:\Users\depthlev\Desktop\Z_Drone_Final_Project_GA\nenrus-Dataset-of-Drone-Distance-Estimation-a5aac8f\prepared_by_drone_type\Vestfold\distance_25m\images\IMG_0328_JPG.rf.234393ee88322f20e488d162130fbe14.jpg,C:\Users\depthlev\Desktop\Z_Drone_Final_Project_GA\nenrus-Dataset-of-Drone-Distance-Estimation-a5aac8f\prepared_by_drone_type\Vestfold\distance_25m\labels\IMG_0328_JPG.rf.234393ee88322f20e488d162130fbe14.txt,unknown,unknown,42.0,2.13808994,17.0,1.06904497,0.021875,0.00111359,0.01574074,0.00098986,0.00034433,3.922e-05,2.47058824,0.03015625,0.39166667,0.00083519,0.25601852,0.00049493,2.3784523,0.0,0.0,0.0,0.0
Vestfold::IMG_0329_JPG.rf.0093c7265e877d9a070500b77d2f69aa.jpg,Vestfold,25.0,25.0,C:\Users\depthlev\Desktop\Z_Drone_Final_Project_GA\nenrus-Dataset-of-Drone-Distance-Estimation-a5aac8f\prepared_by_drone_type\Vestfold\distance_25m\images\IMG_0329_JPG.rf.0093c7265e877d9a070500b77d2f69aa.jpg,C:\Users\depthlev\Desktop\Z_Drone_Final_Project_GA\nenrus-Dataset-of-Drone-Distance-Estimation-a5aac8f\prepared_by_drone_type\Vestfold\distance_25m\labels\IMG_0329_JPG.rf.0093c7265e877d9a070500b77d2f69aa.txt,unknown,unknown,43.0,2.13808994,19.0,1.06904497,0.02239583,0.00111359,0.01759259,0.00098986,0.000394,4.18e-05,2.26315789,0.01503175,0.38828125,0.00083519,0.25509259,0.00098986,2.29928732,0.0,0.0,0.0,0.0
Vestfold::IMG_0330_JPG.rf.ff1a66cc9702fb319936a70c716a0e16.jpg,Vestfold,25.0,25.0,C:\Users\depthlev\Desktop\Z_Drone_Final_Project_GA\nenrus-Dataset-of-Drone-Distance-Estimation-a5aac8f\prepared_by_drone_type\Vestfold\distance_25m\images\IMG_0330_JPG.rf.ff1a66cc9702fb319936a70c716a0e16.jpg,C:\Users\depthlev\Desktop\Z_Drone_Final_Project_GA\nenrus-Dataset-of-Drone-Distance-Estimation-a5aac8f\prepared_by_drone_type\Vestfold\distance_25m\labels\IMG_0330_JPG.rf.ff1a66cc9702fb319936a70c716a0e16.txt,unknown,unknown,44.0,2.13808994,19.0,1.06904497,0.02291667,0.00111359,0.01759259,0.00098986,0.00040316,4.231e-05,2.31578947,0.0180381,0.38854167,0.00111359,0.25416667,0.00098986,2.2939043,0.0,0.0,0.0,0.0
Vestfold::IMG_0331_JPG.rf.693cd688374c5569ddd4afad1632eb14.jpg,Vestfold,25.0,25.0,C:\Users\depthlev\Desktop\Z_Drone_Final_Project_GA\nenrus-Dataset-of-Drone-Distance-Estimation-a5aac8f\prepared_by_drone_type\Vestfold\distance_25m\images\IMG_0331_JPG.rf.693cd688374c5569ddd4afad1632eb14.jpg,C:\Users\depthlev\Desktop\Z_Drone_Final_Project_GA\nenrus-Dataset-of-Drone-Distance-Estimation-a5aac8f\prepared_by_drone_type\Vestfold\distance_25m\labels\IMG_0331_JPG.rf.693cd688374c5569ddd4afad1632eb14.txt,unknown,unknown,47.0,2.13808994,19.0,1.06904497,0.02447917,0.00111359,0.01759259,0.00098986,0.00043065,4.386e-05,2.47368421,0.02705715,0.38932292,0.00111359,0.25509259,0.00098986,2.25522184,0.0,0.0,0.0,0.0
Vestfold::IMG_0332_JPG.rf.98f19b98a6f2ec7e104caf59e049bc13.jpg,Vestfold,25.0,25.0,C:\Users\depthlev\Desktop\Z_Drone_Final_Project_GA\nenrus-Dataset-of-Drone-Distance-Estimation-a5aac8f\prepared_by_drone_type\Vestfold\distance_25m\images\IMG_0332_JPG.rf.98f19b98a6f2ec7e104caf59e049bc13.jpg,C:\Users\depthlev\Desktop\Z_Drone_Final_Project_GA\nenrus-Dataset-of-Drone-Distance-Estimation-a5aac8f\prepared_by_drone_type\Vestfold\distance_25m\labels\IMG_0332_JPG.rf.98f19b98a6f2ec7e104caf59e049bc13.txt,unknown,unknown,48.0,2.13808994,18.0,1.06904497,0.025,0.00111359,0.01666667,0.00098986,0.00041667,4.334e-05,2.66666667,0.04026556,0.38802083,0.00111359,0.25462963,0.00049493,2.29509234,0.0,0.0,0.0,0.0
Vestfold::IMG_0333_JPG.rf.9e88fab8142a380705ddb118e2f280b2.jpg,Vestfold,25.0,25.0,C:\Users\depthlev\Desktop\Z_Drone_Final_Project_GA\nenrus-Dataset-of-Drone-Distance-Estimation-a5aac8f\prepared_by_drone_type\Vestfold\distance_25m\images\IMG_0333_JPG.rf.9e88fab8142a380705ddb118e2f280b2.jpg,C:\Users\depthlev\Desktop\Z_Drone_Final_Project_GA\nenrus-Dataset-of-Drone-Distance-Estimation-a5aac8f\prepared_by_drone_type\Vestfold\distance_25m\labels\IMG_0333_JPG.rf.9e88fab8142a380705ddb118e2f280b2.txt,unknown,unknown,49.0,2.13808994,19.0,1.06904497,0.02552083,0.00111359,0.01759259,0.00098986,0.00044898,4.489e-05,2.57894737,0.03306986,0.38723958,0.00111359,0.25416667,0.00098986,2.34886479,0.0,0.0,0.0,0.0
Vestfold::IMG_0334_JPG.rf.b281a84beeb0b3373d1ae07e54b8dcf2.jpg,Vestfold,25.0,25.0,C:\Users\depthlev\Desktop\Z_Drone_Final_Project_GA\nenrus-Dataset-of-Drone-Distance-Estimation-a5aac8f\prepared_by_drone_type\Vestfold\distance_25m\images\IMG_0334_JPG.rf.b281a84beeb0b3373d1ae07e54b8dcf2.jpg,C:\Users\depthlev\Desktop\Z_Drone_Final_Project_GA\nenrus-Dataset-of-Drone-Distance-Estimation-a5aac8f\prepared_by_drone_type\Vestfold\distance_25m\labels\IMG_0334_JPG.rf.b281a84beeb0b3373d1ae07e54b8dcf2.txt,unknown,unknown,44.0,2.13808994,17.0,1.06904497,0.02291667,0.00111359,0.01574074,0.00098986,0.00036073,4.025e-05,2.58823529,0.03769531,0.3875,0.00111359,0.25231481,0.00049493,2.59365606,0.0,0.0,0.0,0.0
Vestfold::IMG_0335_JPG.rf.117923d108806bc7f170092a23b63fc2.jpg,Vestfold,25.0,25.0,C:\Users\depthlev\Desktop\Z_Drone_Final_Project_GA\nenrus-Dataset-of-Drone-Distance-Estimation-a5aac8f\prepared_by_drone_type\Vestfold\distance_25m\images\IMG_0335_JPG.rf.117923d108806bc7f170092a23b63fc2.jpg,C:\Users\depthlev\Desktop\Z_Drone_Final_Project_GA\nenrus-Dataset-of-Drone-Distance-Estimation-a5aac8f\prepared_by_drone_type\Vestfold\distance_25m\labels\IMG_0335_JPG.rf.117923d108806bc7f170092a23b63fc2.txt,unknown,unknown,42.0,2.13808994,17.0,1.06904497,0.021875,0.00111359,0.01574074,0.00098986,0.00034433,3.922e-05,2.47058824,0.03015625,0.3890625,0.00083519,0.25138889,0.00049493,3.11851692,0.0,0.0,0.0,0.0
Vestfold::IMG_0336_JPG.rf.5cddb88809764aba416223e197cc5187.jpg,Vestfold,25.0,25.0,C:\Users\depthlev\Desktop\Z_Drone_Final_Project_GA\nenrus-Dataset-of-Drone-Distance-Estimation-a5aac8f\prepared_by_drone_type\Vestfold\distance_25m\images\IMG_0336_JPG.rf.5cddb88809764aba416223e197cc5187.jpg,C:\Users\depthlev\Desktop\Z_Drone_Final_Project_GA\nenrus-Dataset-of-Drone-Distance-Estimation-a5aac8f\prepared_by_drone_type\Vestfold\distance_25m\labels\IMG_0336_JPG.rf.5cddb88809764aba416223e197cc5187.txt,unknown,unknown,39.0,2.13808994,17.0,1.06904497,0.0203125,0.00111359,0.01574074,0.00098986,0.00031973,3.768e-05,2.29411765,0.01884766,0.38723958,0.00083519,0.24953704,0.00049493,2.97423768,0.0,0.0,0.0,0.0
Vestfold::IMG_0337_JPG.rf.f2ad22fefb57ce157d61e707e12a94cf.jpg,Vestfold,25.0,25.0,C:\Users\depthlev\Desktop\Z_Drone_Final_Project_GA\nenrus-Dataset-of-Drone-Distance-Estimation-a5aac8f\prepared_by_drone_type\Vestfold\distance_25m\images\IMG_0337_JPG.rf.f2ad22fefb57ce157d61e707e12a94cf.jpg,C:\Users\depthlev\Desktop\Z_Drone_Final_Project_GA\nenrus-Dataset-of-Drone-Distance-Estimation-a5aac8f\prepared_by_drone_type\Vestfold\distance_25m\labels\IMG_0337_JPG.rf.f2ad22fefb57ce157d61e707e12a94cf.txt,unknown,unknown,40.0,2.13808994,16.0,1.06904497,0.02083333,0.00111359,0.01481481,0.00098986,0.00030864,3.716e-05,2.5,0.0341268,0.38541667,0.00083519,0.24722222,0.00049493,2.99159622,0.0,0.0,0.0,0.0
Vestfold::IMG_0338_JPG.rf.cb487605236daaf81dddc31251ed9faa.jpg,Vestfold,25.0,25.0,C:\Users\depthlev\Desktop\Z_Drone_Final_Project_GA\nenrus-Dataset-of-Drone-Distance-Estimation-a5aac8f\prepared_by_drone_type\Vestfold\distance_25m\images\IMG_0338_JPG.rf.cb487605236daaf81dddc31251ed9faa.jpg,C:\Users\depthlev\Desktop\Z_Drone_Final_Project_GA\nenrus-Dataset-of-Drone-Distance-Estimation-a5aac8f\prepared_by_drone_type\Vestfold\distance_25m\labels\IMG_0338_JPG.rf.cb487605236daaf81dddc31251ed9faa.txt,unknown,unknown,42.0,2.13808994,16.0,1.06904497,0.021875,0.00111359,0.01481481,0.00098986,0.00032407,3.819e-05,2.625,0.04265849,0.38697917,0.00083519,0.24537037,0.00049493,2.50278759,0.0,0.0,0.0,0.0
Vestfold::IMG_0339_JPG.rf.e7f8a501a17e59f28e056be661a7e062.jpg,Vestfold,25.0,25.0,C:\Users\depthlev\Desktop\Z_Drone_Final_Project_GA\nenrus-Dataset-of-Drone-Distance-Estimation-a5aac8f\prepared_by_drone_type\Vestfold\distance_25m\images\IMG_0339_JPG.rf.e7f8a501a17e59f28e056be661a7e062.jpg,C:\Users\depthlev\Desktop\Z_Drone_Final_Project_GA\nenrus-Dataset-of-Drone-Distance-Estimation-a5aac8f\prepared_by_drone_type\Vestfold\distance_25m\labels\IMG_0339_JPG.rf.e7f8a501a17e59f28e056be661a7e062.txt,unknown,unknown,48.0,2.13808994,17.0,1.06904497,0.025,0.00111359,0.01574074,0.00098986,0.00039352,4.231e-05,2.82352941,0.05277344,0.38802083,0.00111359,0.2412037,0.00049493,2.11449003,0.0,0.0,0.0,0.0
Vestfold::IMG_0340_JPG.rf.dd25097a6a77db4d273193e83d8f7ccb.jpg,Vestfold,25.0,25.0,C:\Users\depthlev\Desktop\Z_Drone_Final_Project_GA\nenrus-Dataset-of-Drone-Distance-Estimation-a5aac8f\prepared_by_drone_type\Vestfold\distance_25m\images\IMG_0340_JPG.rf.dd25097a6a77db4d273193e83d8f7ccb.jpg,C:\Users\depthlev\Desktop\Z_Drone_Final_Project_GA\nenrus-Dataset-of-Drone-Distance-Estimation-a5aac8f\prepared_by_drone_type\Vestfold\distance_25m\labels\IMG_0340_JPG.rf.dd25097a6a77db4d273193e83d8f7ccb.txt,unknown,unknown,44.0,2.13808994,17.0,1.06904497,0.02291667,0.00111359,0.01574074,0.00098986,0.00036073,4.025e-05,2.58823529,0.03769531,0.38802083,0.00111359,0.23564815,0.00049493,2.34216452,0.0,0.0,0.0,0.0
Vestfold::IMG_0341_JPG.rf.7b64edcc4491a4a42a2c8e196ee35894.jpg,Vestfold,25.0,25.0,C:\Users\depthlev\Desktop\Z_Drone_Final_Project_GA\nenrus-Dataset-of-Drone-Distance-Estimation-a5aac8f\prepared_by_drone_type\Vestfold\distance_25m\images\IMG_0341_JPG.rf.7b64edcc4491a4a42a2c8e196ee35894.jpg,C:\Users\depthlev\Desktop\Z_Drone_Final_Project_GA\nenrus-Dataset-of-Drone-Distance-Estimation-a5aac8f\prepared_by_drone_type\Vestfold\distance_25m\labels\IMG_0341_JPG.rf.7b64edcc4491a4a42a2c8e196ee35894.txt,unknown,unknown,42.0,2.13808994,14.0,1.06904497,0.021875,0.00111359,0.01296296,0.00098986,0.00028356,3.613e-05,3.0,0.0785173,0.3890625,0.00083519,0.22685185,0.00049493,2.7301383,0.0,0.0,0.0,0.0
Vestfold::IMG_0342_JPG.rf.7499694a043b4e9d50fb269f6e5bf8c3.jpg,Vestfold,25.0,25.0,C:\Users\depthlev\Desktop\Z_Drone_Final_Project_GA\nenrus-Dataset-of-Drone-Distance-Estimation-a5aac8f\prepared_by_drone_type\Vestfold\distance_25m\images\IMG_0342_JPG.rf.7499694a043b4e9d50fb269f6e5bf8c3.jpg,C:\Users\depthlev\Desktop\Z_Drone_Final_Project_GA\nenrus-Dataset-of-Drone-Distance-Estimation-a5aac8f\prepared_by_drone_type\Vestfold\distance_25m\labels\IMG_0342_JPG.rf.7499694a043b4e9d50fb269f6e5bf8c3.txt,unknown,unknown,40.0,2.13808994,18.0,1.06904497,0.02083333,0.00111359,0.01666667,0.00098986,0.00034722,3.922e-05,2.22222222,0.01342185,0.38958333,0.00083519,0.22037037,0.00049493,2.24308205,0.0,0.0,0.0,0.0
Vestfold::IMG_0343_JPG.rf.c115b38b85c397566582b7ab70b13213.jpg,Vestfold,25.0,25.0,C:\Users\depthlev\Desktop\Z_Drone_Final_Project_GA\nenrus-Dataset-of-Drone-Distance-Estimation-a5aac8f\prepared_by_drone_type\Vestfold\distance_25m\images\IMG_0343_JPG.rf.c115b38b85c397566582b7ab70b13213.jpg,C:\Users\depthlev\Desktop\Z_Drone_Final_Project_GA\nenrus-Dataset-of-Drone-Distance-Estimation-a5aac8f\prepared_by_drone_type\Vestfold\distance_25m\labels\IMG_0343_JPG.rf.c115b38b85c397566582b7ab70b13213.txt,unknown,unknown,50.0,2.13808994,17.0,1.06904497,0.02604167,0.00111359,0.01574074,0.00098986,0.00040992,4.334e-05,2.94117647,0.0603125,0.3921875,0.00111359,0.21342593,0.00049493,2.3774693,0.0,0.0,0.0,0.0
Vestfold::IMG_0344_JPG.rf.c70462b9b98a39dfdb99a5e70f10e141.jpg,Vestfold,25.0,25.0,C:\Users\depthlev\Desktop\Z_Drone_Final_Project_GA\nenrus-Dataset-of-Drone-Distance-Estimation-a5aac8f\prepared_by_drone_type\Vestfold\distance_25m\images\IMG_0344_JPG.rf.c70462b9b98a39dfdb99a5e70f10e141.jpg,C:\Users\depthlev\Desktop\Z_Drone_Final_Project_GA\nenrus-Dataset-of-Drone-Distance-Estimation-a5aac8f\prepared_by_drone_type\Vestfold\distance_25m\labels\IMG_0344_JPG.rf.c70462b9b98a39dfdb99a5e70f10e141.txt,unknown,unknown,44.0,2.13808994,18.0,1.06904497,0.02291667,0.00111359,0.01666667,0.00098986,0.00038194,4.128e-05,2.44444444,0.02684371,0.39375,0.00111359,0.2037037,0.00049493,2.49904609,0.0,0.0,0.0,0.0
Vestfold::IMG_0345_JPG.rf.6eefead3da3bab4a656ef5cc491c4a81.jpg,Vestfold,25.0,25.0,C:\Users\depthlev\Desktop\Z_Drone_Final_Project_GA\nenrus-Dataset-of-Drone-Distance-Estimation-a5aac8f\prepared_by_drone_type\Vestfold\distance_25m\images\IMG_0345_JPG.rf.6eefead3da3bab4a656ef5cc491c4a81.jpg,C:\Users\depthlev\Desktop\Z_Drone_Final_Project_GA\nenrus-Dataset-of-Drone-Distance-Estimation-a5aac8f\prepared_by_drone_type\Vestfold\distance_25m\labels\IMG_0345_JPG.rf.6eefead3da3bab4a656ef5cc491c4a81.txt,unknown,unknown,42.0,2.13808994,18.0,1.06904497,0.021875,0.00111359,0.01666667,0.00098986,0.00036458,4.025e-05,2.33333333,0.02013278,0.3921875,0.00083519,0.18981481,0.00049493,2.74646974,0.0,0.0,0.0,0.0
Vestfold::IMG_0346_JPG.rf.4267ccceb80e531cd4303aa19323fc29.jpg,Vestfold,25.0,25.0,C:\Users\depthlev\Desktop\Z_Drone_Final_Project_GA\nenrus-Dataset-of-Drone-Distance-Estimation-a5aac8f\prepared_by_drone_type\Vestfold\distance_25m\images\IMG_0346_JPG.rf.4267ccceb80e531cd4303aa19323fc29.jpg,C:\Users\depthlev\Desktop\Z_Drone_Final_Project_GA\nenrus-Dataset-of-Drone-Distance-Estimation-a5aac8f\prepared_by_drone_type\Vestfold\distance_25m\labels\IMG_0346_JPG.rf.4267ccceb80e531cd4303aa19323fc29.txt,unknown,unknown,42.0,2.13808994,20.0,1.06904497,0.021875,0.00111359,0.01851852,0.00098986,0.00040509,4.231e-05,2.1,0.00541847,0.39270833,0.00083519,0.18055556,0.00098986,2.37225294,0.0,0.0,0.0,0.0
Vestfold::IMG_0347_JPG.rf.cce77ca0ab4c4066137f9a1a0989e428.jpg,Vestfold,25.0,25.0,C:\Users\depthlev\Desktop\Z_Drone_Final_Project_GA\nenrus-Dataset-of-Drone-Distance-Estimation-a5aac8f\prepared_by_drone_type\Vestfold\distance_25m\images\IMG_0347_JPG.rf.cce77ca0ab4c4066137f9a1a0989e428.jpg,C:\Users\depthlev\Desktop\Z_Drone_Final_Project_GA\nenrus-Dataset-of-Drone-Distance-Estimation-a5aac8f\prepared_by_drone_type\Vestfold\distance_25m\labels\IMG_0347_JPG.rf.cce77ca0ab4c4066137f9a1a0989e428.txt,unknown,unknown,45.0,2.13808994,19.0,1.06904497,0.0234375,0.00111359,0.01759259,0.00098986,0.00041233,4.283e-05,2.36842105,0.02104445,0.39401042,0.00111359,0.17361111,0.00098986,2.11637163,0.0,0.0,0.0,0.0
Vestfold::IMG_0348_JPG.rf.4d4c22e1c9d968b30ffcc38d67b46950.jpg,Vestfold,25.0,25.0,C:\Users\depthlev\Desktop\Z_Drone_Final_Project_GA\nenrus-Dataset-of-Drone-Distance-Estimation-a5aac8f\prepared_by_drone_type\Vestfold\distance_25m\images\IMG_0348_JPG.rf.4d4c22e1c9d968b30ffcc38d67b46950.jpg,C:\Users\depthlev\Desktop\Z_Drone_Final_Project_GA\nenrus-Dataset-of-Drone-Distance-Estimation-a5aac8f\prepared_by_drone_type\Vestfold\distance_25m\labels\IMG_0348_JPG.rf.4d4c22e1c9d968b30ffcc38d67b46950.txt,unknown,unknown,47.0,2.13808994,19.0,1.06904497,0.02447917,0.00111359,0.01759259,0.00098986,0.00043065,4.386e-05,2.47368421,0.02705715,0.39296875,0.00111359,0.16527778,0.00098986,2.27266669,0.0,0.0,0.0,0.0
Vestfold::IMG_0349_JPG.rf.0323b93851d56c26ac2768549f50f9b8.jpg,Vestfold,25.0,25.0,C:\Users\depthlev\Desktop\Z_Drone_Final_Project_GA\nenrus-Dataset-of-Drone-Distance-Estimation-a5aac8f\prepared_by_drone_type\Vestfold\distance_25m\images\IMG_0349_JPG.rf.0323b93851d56c26ac2768549f50f9b8.jpg,C:\Users\depthlev\Desktop\Z_Drone_Final_Project_GA\nenrus-Dataset-of-Drone-Distance-Estimation-a5aac8f\prepared_by_drone_type\Vestfold\distance_25m\labels\IMG_0349_JPG.rf.0323b93851d56c26ac2768549f50f9b8.txt,unknown,unknown,42.0,2.13808994,19.0,1.06904497,0.021875,0.00111359,0.01759259,0.00098986,0.00038484,4.128e-05,2.21052632,0.0120254,0.39375,0.00083519,0.15972222,0.00098986,2.21330285,0.0,0.0,0.0,0.0
Vestfold::IMG_0350_JPG.rf.fc7d52de2bc8e04a8e19ff0bcd3fab1b.jpg,Vestfold,25.0,25.0,C:\Users\depthlev\Desktop\Z_Drone_Final_Project_GA\nenrus-Dataset-of-Drone-Distance-Estimation-a5aac8f\prepared_by_drone_type\Vestfold\distance_25m\images\IMG_0350_JPG.rf.fc7d52de2bc8e04a8e19ff0bcd3fab1b.jpg,C:\Users\depthlev\Desktop\Z_Drone_Final_Project_GA\nenrus-Dataset-of-Drone-Distance-Estimation-a5aac8f\prepared_by_drone_type\Vestfold\distance_25m\labels\IMG_0350_JPG.rf.fc7d52de2bc8e04a8e19ff0bcd3fab1b.txt,unknown,unknown,43.0,2.13808994,18.0,1.06904497,0.02239583,0.00111359,0.01666667,0.00098986,0.00037326,4.077e-05,2.38888889,0.02348824,0.39348958,0.00083519,0.16018519,0.00049493,2.16209841,0.0,0.0,0.0,0.0
Vestfold::IMG_0351_JPG.rf.309c2d515eb067fccc6c6e9c127ba507.jpg,Vestfold,25.0,25.0,C:\Users\depthlev\Desktop\Z_Drone_Final_Project_GA\nenrus-Dataset-of-Drone-Distance-Estimation-a5aac8f\prepared_by_drone_type\Vestfold\distance_25m\images\IMG_0351_JPG.rf.309c2d515eb067fccc6c6e9c127ba507.jpg,C:\Users\depthlev\Desktop\Z_Drone_Final_Project_GA\nenrus-Dataset-of-Drone-Distance-Estimation-a5aac8f\prepared_by_drone_type\Vestfold\distance_25m\labels\IMG_0351_JPG.rf.309c2d515eb067fccc6c6e9c127ba507.txt,unknown,unknown,42.0,2.13808994,18.0,1.06904497,0.021875,0.00111359,0.01666667,0.00098986,0.00036458,4.025e-05,2.33333333,0.02013278,0.39375,0.00083519,0.16111111,0.00049493,2.59056711,0.0,0.0,0.0,0.0
Vestfold::IMG_0352_JPG.rf.9a22639fd361738f0e7740ed0e800c88.jpg,Vestfold,25.0,25.0,C:\Users\depthlev\Desktop\Z_Drone_Final_Project_GA\nenrus-Dataset-of-Drone-Distance-Estimation-a5aac8f\prepared_by_drone_type\Vestfold\distance_25m\images\IMG_0352_JPG.rf.9a22639fd361738f0e7740ed0e800c88.jpg,C:\Users\depthlev\Desktop\Z_Drone_Final_Project_GA\nenrus-Dataset-of-Drone-Distance-Estimation-a5aac8f\prepared_by_drone_type\Vestfold\distance_25m\labels\IMG_0352_JPG.rf.9a22639fd361738f0e7740ed0e800c88.txt,unknown,unknown,42.0,2.13808994,18.0,1.06904497,0.021875,0.00111359,0.01666667,0.00098986,0.00036458,4.025e-05,2.33333333,0.02013278,0.39479167,0.00083519,0.16203704,0.00049493,2.38562346,0.0,0.0,0.0,0.0
Vestfold::IMG_0387_JPG.rf.ae730b6f8b5da6d2cf66ec58fa5c9bc1.jpg,Vestfold,30.0,30.0,C:\Users\depthlev\Desktop\Z_Drone_Final_Project_GA\nenrus-Dataset-of-Drone-Distance-Estimation-a5aac8f\prepared_by_drone_type\Vestfold\distance_30m\images\IMG_0387_JPG.rf.ae730b6f8b5da6d2cf66ec58fa5c9bc1.jpg,C:\Users\depthlev\Desktop\Z_Drone_Final_Project_GA\nenrus-Dataset-of-Drone-Distance-Estimation-a5aac8f\prepared_by_drone_type\Vestfold\distance_30m\labels\IMG_0387_JPG.rf.ae730b6f8b5da6d2cf66ec58fa5c9bc1.txt,unknown,unknown,33.0,1.06904497,17.0,1.06904497,0.0171875,0.00055679,0.01574074,0.00098986,0.00027054,2.579e-05,1.94117647,0.0603125,0.38255208,0.00083519,0.25787037,0.00049493,1.99798727,0.0,0.0,0.0,0.0
Vestfold::IMG_0388_JPG.rf.61abec5dedfe20b54a11dfced15d7cc6.jpg,Vestfold,30.0,30.0,C:\Users\depthlev\Desktop\Z_Drone_Final_Project_GA\nenrus-Dataset-of-Drone-Distance-Estimation-a5aac8f\prepared_by_drone_type\Vestfold\distance_30m\images\IMG_0388_JPG.rf.61abec5dedfe20b54a11dfced15d7cc6.jpg,C:\Users\depthlev\Desktop\Z_Drone_Final_Project_GA\nenrus-Dataset-of-Drone-Distance-Estimation-a5aac8f\prepared_by_drone_type\Vestfold\distance_30m\labels\IMG_0388_JPG.rf.61abec5dedfe20b54a11dfced15d7cc6.txt,unknown,unknown,39.0,2.13808994,19.0,1.06904497,0.0203125,0.00111359,0.01759259,0.00098986,0.00035735,3.974e-05,2.05263158,0.00300635,0.38203125,0.00083519,0.25694444,0.00098986,1.86987746,0.0,0.0,0.0,0.0
Vestfold::IMG_0389_JPG.rf.0c939cba9372061c321be03fe3434b25.jpg,Vestfold,30.0,30.0,C:\Users\depthlev\Desktop\Z_Drone_Final_Project_GA\nenrus-Dataset-of-Drone-Distance-Estimation-a5aac8f\prepared_by_drone_type\Vestfold\distance_30m\images\IMG_0389_JPG.rf.0c939cba9372061c321be03fe3434b25.jpg,C:\Users\depthlev\Desktop\Z_Drone_Final_Project_GA\nenrus-Dataset-of-Drone-Distance-Estimation-a5aac8f\prepared_by_drone_type\Vestfold\distance_30m\labels\IMG_0389_JPG.rf.0c939cba9372061c321be03fe3434b25.txt,unknown,unknown,33.0,1.06904497,19.0,1.06904497,0.0171875,0.00055679,0.01759259,0.00098986,0.00030237,2.682e-05,1.73684211,0.04208891,0.38098958,0.00083519,0.25601852,0.00098986,2.28837442,0.0,0.0,0.0,0.0
Vestfold::IMG_0390_JPG.rf.14c900dd64330f999aafc9e6a4795fa2.jpg,Vestfold,30.0,30.0,C:\Users\depthlev\Desktop\Z_Drone_Final_Project_GA\nenrus-Dataset-of-Drone-Distance-Estimation-a5aac8f\prepared_by_drone_type\Vestfold\distance_30m\images\IMG_0390_JPG.rf.14c900dd64330f999aafc9e6a4795fa2.jpg,C:\Users\depthlev\Desktop\Z_Drone_Final_Project_GA\nenrus-Dataset-of-Drone-Distance-Estimation-a5aac8f\prepared_by_drone_type\Vestfold\distance_30m\labels\IMG_0390_JPG.rf.14c900dd64330f999aafc9e6a4795fa2.txt,unknown,unknown,37.0,1.06904497,21.0,1.06904497,0.01927083,0.00055679,0.01944444,0.00098986,0.00037471,2.991e-05,1.76190476,0.03926782,0.37994792,0.00083519,0.25509259,0.00098986,2.04179263,0.0,0.0,0.0,0.0
Vestfold::IMG_0391_JPG.rf.a9909e1517fe43a04facc87007bd0923.jpg,Vestfold,30.0,30.0,C:\Users\depthlev\Desktop\Z_Drone_Final_Project_GA\nenrus-Dataset-of-Drone-Distance-Estimation-a5aac8f\prepared_by_drone_type\Vestfold\distance_30m\images\IMG_0391_JPG.rf.a9909e1517fe43a04facc87007bd0923.jpg,C:\Users\depthlev\Desktop\Z_Drone_Final_Project_GA\nenrus-Dataset-of-Drone-Distance-Estimation-a5aac8f\prepared_by_drone_type\Vestfold\distance_30m\labels\IMG_0391_JPG.rf.a9909e1517fe43a04facc87007bd0923.txt,unknown,unknown,37.0,1.06904497,18.0,1.06904497,0.01927083,0.00055679,0.01666667,0.00098986,0.00032118,2.837e-05,2.05555556,0.0637538,0.38098958,0.00083519,0.25648148,0.00049493,2.32279968,0.0,0.0,0.0,0.0
Vestfold::IMG_0392_JPG.rf.f8acc3eb05d3bb689f6e1875987c3d12.jpg,Vestfold,30.0,30.0,C:\Users\depthlev\Desktop\Z_Drone_Final_Project_GA\nenrus-Dataset-of-Drone-Distance-Estimation-a5aac8f\prepared_by_drone_type\Vestfold\distance_30m\images\IMG_0392_JPG.rf.f8acc3eb05d3bb689f6e1875987c3d12.jpg,C:\Users\depthlev\Desktop\Z_Drone_Final_Project_GA\nenrus-Dataset-of-Drone-Distance-Estimation-a5aac8f\prepared_by_drone_type\Vestfold\distance_30m\labels\IMG_0392_JPG.rf.f8acc3eb05d3bb689f6e1875987c3d12.txt,unknown,unknown,32.0,1.06904497,15.0,1.06904497,0.01666667,0.00055679,0.01388889,0.00098986,0.00023148,2.425e-05,2.13333333,0.0827547,0.38020833,0.00083519,0.25601852,0.00049493,2.49835062,0.0,0.0,0.0,0.0
Vestfold::IMG_0393_JPG.rf.1ae4897b285f71f4ef5d6b251e6a6d4e.jpg,Vestfold,30.0,30.0,C:\Users\depthlev\Desktop\Z_Drone_Final_Project_GA\nenrus-Dataset-of-Drone-Distance-Estimation-a5aac8f\prepared_by_drone_type\Vestfold\distance_30m\images\IMG_0393_JPG.rf.1ae4897b285f71f4ef5d6b251e6a6d4e.jpg,C:\Users\depthlev\Desktop\Z_Drone_Final_Project_GA\nenrus-Dataset-of-Drone-Distance-Estimation-a5aac8f\prepared_by_drone_type\Vestfold\distance_30m\labels\IMG_0393_JPG.rf.1ae4897b285f71f4ef5d6b251e6a6d4e.txt,unknown,unknown,40.0,2.13808994,18.0,1.06904497,0.02083333,0.00111359,0.01666667,0.00098986,0.00034722,3.922e-05,2.22222222,0.01342185,0.38072917,0.00083519,0.25648148,0.00049493,1.87342525,0.0,0.0,0.0,0.0
Vestfold::IMG_0394_JPG.rf.f0e366593c2968c7476bf185a61e4c3c.jpg,Vestfold,30.0,30.0,C:\Users\depthlev\Desktop\Z_Drone_Final_Project_GA\nenrus-Dataset-of-Drone-Distance-Estimation-a5aac8f\prepared_by_drone_type\Vestfold\distance_30m\images\IMG_0394_JPG.rf.f0e366593c2968c7476bf185a61e4c3c.jpg,C:\Users\depthlev\Desktop\Z_Drone_Final_Project_GA\nenrus-Dataset-of-Drone-Distance-Estimation-a5aac8f\prepared_by_drone_type\Vestfold\distance_30m\labels\IMG_0394_JPG.rf.f0e366593c2968c7476bf185a61e4c3c.txt,unknown,unknown,36.0,1.06904497,16.0,1.06904497,0.01875,0.00055679,0.01481481,0.00098986,0.00027778,2.682e-05,2.25,0.08531699,0.3796875,0.00083519,0.25740741,0.00049493,2.85484838,0.0,0.0,0.0,0.0
Vestfold::IMG_0395_JPG.rf.571178702e3f5097e87f8a9226180751.jpg,Vestfold,30.0,30.0,C:\Users\depthlev\Desktop\Z_Drone_Final_Project_GA\nenrus-Dataset-of-Drone-Distance-Estimation-a5aac8f\prepared_by_drone_type\Vestfold\distance_30m\images\IMG_0395_JPG.rf.571178702e3f5097e87f8a9226180751.jpg,C:\Users\depthlev\Desktop\Z_Drone_Final_Project_GA\nenrus-Dataset-of-Drone-Distance-Estimation-a5aac8f\prepared_by_drone_type\Vestfold\distance_30m\labels\IMG_0395_JPG.rf.571178702e3f5097e87f8a9226180751.txt,unknown,unknown,32.0,1.06904497,14.0,1.06904497,0.01666667,0.00055679,0.01296296,0.00098986,0.00021605,2.373e-05,2.28571429,0.10095081,0.38020833,0.00083519,0.25648148,0.00049493,2.04975271,0.0,0.0,0.0,0.0
Vestfold::IMG_0396_JPG.rf.7c4ea0fd93c396387b9b619ef5c43c44.jpg,Vestfold,30.0,30.0,C:\Users\depthlev\Desktop\Z_Drone_Final_Project_GA\nenrus-Dataset-of-Drone-Distance-Estimation-a5aac8f\prepared_by_drone_type\Vestfold\distance_30m\images\IMG_0396_JPG.rf.7c4ea0fd93c396387b9b619ef5c43c44.jpg,C:\Users\depthlev\Desktop\Z_Drone_Final_Project_GA\nenrus-Dataset-of-Drone-Distance-Estimation-a5aac8f\prepared_by_drone_type\Vestfold\distance_30m\labels\IMG_0396_JPG.rf.7c4ea0fd93c396387b9b619ef5c43c44.txt,unknown,unknown,33.0,1.06904497,17.0,1.06904497,0.0171875,0.00055679,0.01574074,0.00098986,0.00027054,2.579e-05,1.94117647,0.0603125,0.38098958,0.00083519,0.25694444,0.00049493,1.9889195,0.0,0.0,0.0,0.0
Vestfold::IMG_0397_JPG.rf.771d7861fc58d2b4447fa103e4f3130d.jpg,Vestfold,30.0,30.0,C:\Users\depthlev\Desktop\Z_Drone_Final_Project_GA\nenrus-Dataset-of-Drone-Distance-Estimation-a5aac8f\prepared_by_drone_type\Vestfold\distance_30m\images\IMG_0397_JPG.rf.771d7861fc58d2b4447fa103e4f3130d.jpg,C:\Users\depthlev\Desktop\Z_Drone_Final_Project_GA\nenrus-Dataset-of-Drone-Distance-Estimation-a5aac8f\prepared_by_drone_type\Vestfold\distance_30m\labels\IMG_0397_JPG.rf.771d7861fc58d2b4447fa103e4f3130d.txt,unknown,unknown,40.0,2.13808994,17.0,1.06904497,0.02083333,0.00111359,0.01574074,0.00098986,0.00032793,3.819e-05,2.35294118,0.02261719,0.38020833,0.00083519,0.25787037,0.00049493,1.99637961,0.0,0.0,0.0,0.0
Vestfold::IMG_0398_JPG.rf.0f3ee32ae28792b9b607ae86d3e21973.jpg,Vestfold,30.0,30.0,C:\Users\depthlev\Desktop\Z_Drone_Final_Project_GA\nenrus-Dataset-of-Drone-Distance-Estimation-a5aac8f\prepared_by_drone_type\Vestfold\distance_30m\images\IMG_0398_JPG.rf.0f3ee32ae28792b9b607ae86d3e21973.jpg,C:\Users\depthlev\Desktop\Z_Drone_Final_Project_GA\nenrus-Dataset-of-Drone-Distance-Estimation-a5aac8f\prepared_by_drone_type\Vestfold\distance_30m\labels\IMG_0398_JPG.rf.0f3ee32ae28792b9b607ae86d3e21973.txt,unknown,unknown,40.0,2.13808994,18.0,1.06904497,0.02083333,0.00111359,0.01666667,0.00098986,0.00034722,3.922e-05,2.22222222,0.01342185,0.37916667,0.00083519,0.25740741,0.00049493,1.5785656,0.0,0.0,0.0,0.0
Vestfold::IMG_0399_JPG.rf.5f4f86c2cfac5855ac651943a21c5435.jpg,Vestfold,30.0,30.0,C:\Users\depthlev\Desktop\Z_Drone_Final_Project_GA\nenrus-Dataset-of-Drone-Distance-Estimation-a5aac8f\prepared_by_drone_type\Vestfold\distance_30m\images\IMG_0399_JPG.rf.5f4f86c2cfac5855ac651943a21c5435.jpg,C:\Users\depthlev\Desktop\Z_Drone_Final_Project_GA\nenrus-Dataset-of-Drone-Distance-Estimation-a5aac8f\prepared_by_drone_type\Vestfold\distance_30m\labels\IMG_0399_JPG.rf.5f4f86c2cfac5855ac651943a21c5435.txt,unknown,unknown,29.0,1.06904497,18.0,1.06904497,0.01510417,0.00055679,0.01666667,0.00098986,0.00025174,2.425e-05,1.61111111,0.0369101,0.38203125,0.00055679,0.25833333,0.00049493,1.98641086,0.0,0.0,0.0,0.0
Vestfold::IMG_0400_JPG.rf.160ee1ec01933a0bd09324697c330499.jpg,Vestfold,30.0,30.0,C:\Users\depthlev\Desktop\Z_Drone_Final_Project_GA\nenrus-Dataset-of-Drone-Distance-Estimation-a5aac8f\prepared_by_drone_type\Vestfold\distance_30m\images\IMG_0400_JPG.rf.160ee1ec01933a0bd09324697c330499.jpg,C:\Users\depthlev\Desktop\Z_Drone_Final_Project_GA\nenrus-Dataset-of-Drone-Distance-Estimation-a5aac8f\prepared_by_drone_type\Vestfold\distance_30m\labels\IMG_0400_JPG.rf.160ee1ec01933a0bd09324697c330499.txt,unknown,unknown,35.0,1.06904497,19.0,1.06904497,0.01822917,0.00055679,0.01759259,0.00098986,0.0003207,2.785e-05,1.84210526,0.04810161,0.37994792,0.00083519,0.25787037,0.00098986,2.21062899,0.0,0.0,0.0,0.0
Vestfold::IMG_0401_JPG.rf.f110c993d7eefd9d7b56684c10146d50.jpg,Vestfold,30.0,30.0,C:\Users\depthlev\Desktop\Z_Drone_Final_Project_GA\nenrus-Dataset-of-Drone-Distance-Estimation-a5aac8f\prepared_by_drone_type\Vestfold\distance_30m\images\IMG_0401_JPG.rf.f110c993d7eefd9d7b56684c10146d50.jpg,C:\Users\depthlev\Desktop\Z_Drone_Final_Project_GA\nenrus-Dataset-of-Drone-Distance-Estimation-a5aac8f\prepared_by_drone_type\Vestfold\distance_30m\labels\IMG_0401_JPG.rf.f110c993d7eefd9d7b56684c10146d50.txt,unknown,unknown,38.0,2.13808994,18.0,1.06904497,0.01979167,0.00111359,0.01666667,0.00098986,0.00032986,3.819e-05,2.11111111,0.00671093,0.37916667,0.00083519,0.25833333,0.00049493,1.79361832,0.0,0.0,0.0,0.0
Vestfold::IMG_0402_JPG.rf.80e97dcbae27d13fa4dc7c94e40226d9.jpg,Vestfold,30.0,30.0,C:\Users\depthlev\Desktop\Z_Drone_Final_Project_GA\nenrus-Dataset-of-Drone-Distance-Estimation-a5aac8f\prepared_by_drone_type\Vestfold\distance_30m\images\IMG_0402_JPG.rf.80e97dcbae27d13fa4dc7c94e40226d9.jpg,C:\Users\depthlev\Desktop\Z_Drone_Final_Project_GA\nenrus-Dataset-of-Drone-Distance-Estimation-a5aac8f\prepared_by_drone_type\Vestfold\distance_30m\labels\IMG_0402_JPG.rf.80e97dcbae27d13fa4dc7c94e40226d9.txt,unknown,unknown,36.0,1.06904497,20.0,1.06904497,0.01875,0.00055679,0.01851852,0.00098986,0.00034722,2.888e-05,1.8,0.04334772,0.37916667,0.00083519,0.25648148,0.00098986,2.00227237,0.0,0.0,0.0,0.0
Vestfold::IMG_0403_JPG.rf.53774881525555af8ec5bdd7b0d049d3.jpg,Vestfold,35.0,35.0,C:\Users\depthlev\Desktop\Z_Drone_Final_Project_GA\nenrus-Dataset-of-Drone-Distance-Estimation-a5aac8f\prepared_by_drone_type\Vestfold\distance_35m\images\IMG_0403_JPG.rf.53774881525555af8ec5bdd7b0d049d3.jpg,C:\Users\depthlev\Desktop\Z_Drone_Final_Project_GA\nenrus-Dataset-of-Drone-Distance-Estimation-a5aac8f\prepared_by_drone_type\Vestfold\distance_35m\labels\IMG_0403_JPG.rf.53774881525555af8ec5bdd7b0d049d3.txt,unknown,unknown,43.0,2.13808994,22.0,1.06904497,0.02239583,0.00111359,0.02037037,0.00098986,0.00045621,4.489e-05,1.95454545,0.00223374,0.37734375,0.00083519,0.30833333,0.00098986,2.23561645,0.0,0.0,0.0,0.0
Vestfold::IMG_0404_JPG.rf.a3cefdc2820acd955534222e3afe3074.jpg,Vestfold,35.0,35.0,C:\Users\depthlev\Desktop\Z_Drone_Final_Project_GA\nenrus-Dataset-of-Drone-Distance-Estimation-a5aac8f\prepared_by_drone_type\Vestfold\distance_35m\images\IMG_0404_JPG.rf.a3cefdc2820acd955534222e3afe3074.jpg,C:\Users\depthlev\Desktop\Z_Drone_Final_Project_GA\nenrus-Dataset-of-Drone-Distance-Estimation-a5aac8f\prepared_by_drone_type\Vestfold\distance_35m\labels\IMG_0404_JPG.rf.a3cefdc2820acd955534222e3afe3074.txt,unknown,unknown,38.0,2.13808994,18.0,1.06904497,0.01979167,0.00111359,0.01666667,0.00098986,0.00032986,3.819e-05,2.11111111,0.00671093,0.37708333,0.00083519,0.30833333,0.00049493,1.97192812,0.0,0.0,0.0,0.0
Vestfold::IMG_0405_JPG.rf.36779780e41a53b6d1d5dbb87b439897.jpg,Vestfold,35.0,35.0,C:\Users\depthlev\Desktop\Z_Drone_Final_Project_GA\nenrus-Dataset-of-Drone-Distance-Estimation-a5aac8f\prepared_by_drone_type\Vestfold\distance_35m\images\IMG_0405_JPG.rf.36779780e41a53b6d1d5dbb87b439897.jpg,C:\Users\depthlev\Desktop\Z_Drone_Final_Project_GA\nenrus-Dataset-of-Drone-Distance-Estimation-a5aac8f\prepared_by_drone_type\Vestfold\distance_35m\labels\IMG_0405_JPG.rf.36779780e41a53b6d1d5dbb87b439897.txt,unknown,unknown,36.0,1.06904497,16.0,1.06904497,0.01875,0.00055679,0.01481481,0.00098986,0.00027778,2.682e-05,2.25,0.08531699,0.37760417,0.00083519,0.30555556,0.00049493,1.66132689,0.0,0.0,0.0,0.0
Vestfold::IMG_0406_JPG.rf.b02f0d34e79944d9a065f730fce5f540.jpg,Vestfold,35.0,35.0,C:\Users\depthlev\Desktop\Z_Drone_Final_Project_GA\nenrus-Dataset-of-Drone-Distance-Estimation-a5aac8f\prepared_by_drone_type\Vestfold\distance_35m\images\IMG_0406_JPG.rf.b02f0d34e79944d9a065f730fce5f540.jpg,C:\Users\depthlev\Desktop\Z_Drone_Final_Project_GA\nenrus-Dataset-of-Drone-Distance-Estimation-a5aac8f\prepared_by_drone_type\Vestfold\distance_35m\labels\IMG_0406_JPG.rf.b02f0d34e79944d9a065f730fce5f540.txt,unknown,unknown,32.0,1.06904497,13.0,1.06904497,0.01666667,0.00055679,0.01203704,0.00098986,0.00020062,2.322e-05,2.46153846,0.12413838,0.37604167,0.00083519,0.30601852,0.00049493,1.87827611,0.0,0.0,0.0,0.0
Vestfold::IMG_0407_JPG.rf.df129eba2afdca25edfbff7e38fd0496.jpg,Vestfold,35.0,35.0,C:\Users\depthlev\Desktop\Z_Drone_Final_Project_GA\nenrus-Dataset-of-Drone-Distance-Estimation-a5aac8f\prepared_by_drone_type\Vestfold\distance_35m\images\IMG_0407_JPG.rf.df129eba2afdca25edfbff7e38fd0496.jpg,C:\Users\depthlev\Desktop\Z_Drone_Final_Project_GA\nenrus-Dataset-of-Drone-Distance-Estimation-a5aac8f\prepared_by_drone_type\Vestfold\distance_35m\labels\IMG_0407_JPG.rf.df129eba2afdca25edfbff7e38fd0496.txt,unknown,unknown,34.0,1.06904497,16.0,1.06904497,0.01770833,0.00055679,0.01481481,0.00098986,0.00026235,2.579e-05,2.125,0.07678529,0.375,0.00083519,0.30462963,0.00049493,1.89995432,0.0,0.0,0.0,0.0
Vestfold::IMG_0408_JPG.rf.c9e5b609d69ebdb3274de6aaa920b2c7.jpg,Vestfold,35.0,35.0,C:\Users\depthlev\Desktop\Z_Drone_Final_Project_GA\nenrus-Dataset-of-Drone-Distance-Estimation-a5aac8f\prepared_by_drone_type\Vestfold\distance_35m\images\IMG_0408_JPG.rf.c9e5b609d69ebdb3274de6aaa920b2c7.jpg,C:\Users\depthlev\Desktop\Z_Drone_Final_Project_GA\nenrus-Dataset-of-Drone-Distance-Estimation-a5aac8f\prepared_by_drone_type\Vestfold\distance_35m\labels\IMG_0408_JPG.rf.c9e5b609d69ebdb3274de6aaa920b2c7.txt,unknown,unknown,36.0,1.06904497,19.0,1.06904497,0.01875,0.00055679,0.01759259,0.00098986,0.00032986,2.837e-05,1.89473684,0.05110796,0.375,0.00083519,0.30509259,0.00098986,2.08465624,0.0,0.0,0.0,0.0
Vestfold::IMG_0409_JPG.rf.414c7fb7e7a27f2db4e3cd6bb4214043.jpg,Vestfold,35.0,35.0,C:\Users\depthlev\Desktop\Z_Drone_Final_Project_GA\nenrus-Dataset-of-Drone-Distance-Estimation-a5aac8f\prepared_by_drone_type\Vestfold\distance_35m\images\IMG_0409_JPG.rf.414c7fb7e7a27f2db4e3cd6bb4214043.jpg,C:\Users\depthlev\Desktop\Z_Drone_Final_Project_GA\nenrus-Dataset-of-Drone-Distance-Estimation-a5aac8f\prepared_by_drone_type\Vestfold\distance_35m\labels\IMG_0409_JPG.rf.414c7fb7e7a27f2db4e3cd6bb4214043.txt,unknown,unknown,38.0,2.13808994,20.0,1.06904497,0.01979167,0.00111359,0.01851852,0.00098986,0.00036651,4.025e-05,1.9,0.00541847,0.37447917,0.00083519,0.30555556,0.00098986,1.53895807,0.0,0.0,0.0,0.0
Vestfold::IMG_0410_JPG.rf.3ad772dc5a02d6b6bfdc91c25f3cd098.jpg,Vestfold,35.0,35.0,C:\Users\depthlev\Desktop\Z_Drone_Final_Project_GA\nenrus-Dataset-of-Drone-Distance-Estimation-a5aac8f\prepared_by_drone_type\Vestfold\distance_35m\images\IMG_0410_JPG.rf.3ad772dc5a02d6b6bfdc91c25f3cd098.jpg,C:\Users\depthlev\Desktop\Z_Drone_Final_Project_GA\nenrus-Dataset-of-Drone-Distance-Estimation-a5aac8f\prepared_by_drone_type\Vestfold\distance_35m\labels\IMG_0410_JPG.rf.3ad772dc5a02d6b6bfdc91c25f3cd098.txt,unknown,unknown,36.0,1.06904497,20.0,1.06904497,0.01875,0.00055679,0.01851852,0.00098986,0.00034722,2.888e-05,1.8,0.04334772,0.375,0.00083519,0.30648148,0.00098986,1.66036177,0.0,0.0,0.0,0.0
Vestfold::IMG_0411_JPG.rf.bc811216d40887d532f513509a15a165.jpg,Vestfold,35.0,35.0,C:\Users\depthlev\Desktop\Z_Drone_Final_Project_GA\nenrus-Dataset-of-Drone-Distance-Estimation-a5aac8f\prepared_by_drone_type\Vestfold\distance_35m\images\IMG_0411_JPG.rf.bc811216d40887d532f513509a15a165.jpg,C:\Users\depthlev\Desktop\Z_Drone_Final_Project_GA\nenrus-Dataset-of-Drone-Distance-Estimation-a5aac8f\prepared_by_drone_type\Vestfold\distance_35m\labels\IMG_0411_JPG.rf.bc811216d40887d532f513509a15a165.txt,unknown,unknown,30.0,1.06904497,14.0,1.06904497,0.015625,0.00055679,0.01296296,0.00098986,0.00020255,2.27e-05,2.14285714,0.08973405,0.37552083,0.00055679,0.30555556,0.00049493,2.21128893,0.0,0.0,0.0,0.0
Vestfold::IMG_0412_JPG.rf.7bff1482cd20dbedcc319641f378da86.jpg,Vestfold,35.0,35.0,C:\Users\depthlev\Desktop\Z_Drone_Final_Project_GA\nenrus-Dataset-of-Drone-Distance-Estimation-a5aac8f\prepared_by_drone_type\Vestfold\distance_35m\images\IMG_0412_JPG.rf.7bff1482cd20dbedcc319641f378da86.jpg,C:\Users\depthlev\Desktop\Z_Drone_Final_Project_GA\nenrus-Dataset-of-Drone-Distance-Estimation-a5aac8f\prepared_by_drone_type\Vestfold\distance_35m\labels\IMG_0412_JPG.rf.7bff1482cd20dbedcc319641f378da86.txt,unknown,unknown,32.0,1.06904497,17.0,1.06904497,0.01666667,0.00055679,0.01574074,0.00098986,0.00026235,2.528e-05,1.88235294,0.05654297,0.375,0.00083519,0.30601852,0.00049493,1.85301638,0.0,0.0,0.0,0.0
Vestfold::IMG_0413_JPG.rf.3e5d3e1785760d7e70cd93ba00e2ce7c.jpg,Vestfold,35.0,35.0,C:\Users\depthlev\Desktop\Z_Drone_Final_Project_GA\nenrus-Dataset-of-Drone-Distance-Estimation-a5aac8f\prepared_by_drone_type\Vestfold\distance_35m\images\IMG_0413_JPG.rf.3e5d3e1785760d7e70cd93ba00e2ce7c.jpg,C:\Users\depthlev\Desktop\Z_Drone_Final_Project_GA\nenrus-Dataset-of-Drone-Distance-Estimation-a5aac8f\prepared_by_drone_type\Vestfold\distance_35m\labels\IMG_0413_JPG.rf.3e5d3e1785760d7e70cd93ba00e2ce7c.txt,unknown,unknown,40.0,2.13808994,18.0,1.06904497,0.02083333,0.00111359,0.01666667,0.00098986,0.00034722,3.922e-05,2.22222222,0.01342185,0.375,0.00083519,0.30648148,0.00049493,0.8831203,0.0,0.0,0.0,0.0
Vestfold::IMG_0414_JPG.rf.061b315027a50d4aa94627ce0228fffe.jpg,Vestfold,35.0,35.0,C:\Users\depthlev\Desktop\Z_Drone_Final_Project_GA\nenrus-Dataset-of-Drone-Distance-Estimation-a5aac8f\prepared_by_drone_type\Vestfold\distance_35m\images\IMG_0414_JPG.rf.061b315027a50d4aa94627ce0228fffe.jpg,C:\Users\depthlev\Desktop\Z_Drone_Final_Project_GA\nenrus-Dataset-of-Drone-Distance-Estimation-a5aac8f\prepared_by_drone_type\Vestfold\distance_35m\labels\IMG_0414_JPG.rf.061b315027a50d4aa94627ce0228fffe.txt,unknown,unknown,36.0,1.06904497,17.0,1.06904497,0.01875,0.00055679,0.01574074,0.00098986,0.00029514,2.734e-05,2.11764706,0.07162109,0.375,0.00083519,0.30694444,0.00049493,1.53037,0.0,0.0,0.0,0.0
Vestfold::IMG_0415_JPG.rf.d62f645c09c8a97a2342439522a0cd91.jpg,Vestfold,35.0,35.0,C:\Users\depthlev\Desktop\Z_Drone_Final_Project_GA\nenrus-Dataset-of-Drone-Distance-Estimation-a5aac8f\prepared_by_drone_type\Vestfold\distance_35m\images\IMG_0415_JPG.rf.d62f645c09c8a97a2342439522a0cd91.jpg,C:\Users\depthlev\Desktop\Z_Drone_Final_Project_GA\nenrus-Dataset-of-Drone-Distance-Estimation-a5aac8f\prepared_by_drone_type\Vestfold\distance_35m\labels\IMG_0415_JPG.rf.d62f645c09c8a97a2342439522a0cd91.txt,unknown,unknown,35.0,1.06904497,18.0,1.06904497,0.01822917,0.00055679,0.01666667,0.00098986,0.00030382,2.734e-05,1.94444444,0.05704287,0.37578125,0.00083519,0.30833333,0.00049493,1.50367129,0.0,0.0,0.0,0.0
Vestfold::IMG_0416_JPG.rf.6e8de6cc82f946a227a008fe109f9daa.jpg,Vestfold,35.0,35.0,C:\Users\depthlev\Desktop\Z_Drone_Final_Project_GA\nenrus-Dataset-of-Drone-Distance-Estimation-a5aac8f\prepared_by_drone_type\Vestfold\distance_35m\images\IMG_0416_JPG.rf.6e8de6cc82f946a227a008fe109f9daa.jpg,C:\Users\depthlev\Desktop\Z_Drone_Final_Project_GA\nenrus-Dataset-of-Drone-Distance-Estimation-a5aac8f\prepared_by_drone_type\Vestfold\distance_35m\labels\IMG_0416_JPG.rf.6e8de6cc82f946a227a008fe109f9daa.txt,unknown,unknown,33.0,1.06904497,15.0,1.06904497,0.0171875,0.00055679,0.01388889,0.00098986,0.00023872,2.476e-05,2.2,0.08762263,0.37682292,0.00083519,0.30694444,0.00049493,1.93853056,0.0,0.0,0.0,0.0
Vestfold::IMG_0417_JPG.rf.22f596ead52e9d3923569a8173d9fa00.jpg,Vestfold,35.0,35.0,C:\Users\depthlev\Desktop\Z_Drone_Final_Project_GA\nenrus-Dataset-of-Drone-Distance-Estimation-a5aac8f\prepared_by_drone_type\Vestfold\distance_35m\images\IMG_0417_JPG.rf.22f596ead52e9d3923569a8173d9fa00.jpg,C:\Users\depthlev\Desktop\Z_Drone_Final_Project_GA\nenrus-Dataset-of-Drone-Distance-Estimation-a5aac8f\prepared_by_drone_type\Vestfold\distance_35m\labels\IMG_0417_JPG.rf.22f596ead52e9d3923569a8173d9fa00.txt,unknown,unknown,29.0,1.06904497,15.0,1.06904497,0.01510417,0.00055679,0.01388889,0.00098986,0.00020978,2.27e-05,1.93333333,0.06815093,0.37682292,0.00055679,0.3087963,0.00049493,1.80216789,0.0,0.0,0.0,0.0
Vestfold::IMG_0418_JPG.rf.84908ab50819db643b4dab216fe62b46.jpg,Vestfold,35.0,35.0,C:\Users\depthlev\Desktop\Z_Drone_Final_Project_GA\nenrus-Dataset-of-Drone-Distance-Estimation-a5aac8f\prepared_by_drone_type\Vestfold\distance_35m\images\IMG_0418_JPG.rf.84908ab50819db643b4dab216fe62b46.jpg,C:\Users\depthlev\Desktop\Z_Drone_Final_Project_GA\nenrus-Dataset-of-Drone-Distance-Estimation-a5aac8f\prepared_by_drone_type\Vestfold\distance_35m\labels\IMG_0418_JPG.rf.84908ab50819db643b4dab216fe62b46.txt,unknown,unknown,35.0,1.06904497,15.0,1.06904497,0.01822917,0.00055679,0.01388889,0.00098986,0.00025318,2.579e-05,2.33333333,0.09735847,0.37526042,0.00083519,0.30787037,0.00049493,1.92577684,0.0,0.0,0.0,0.0
Vestfold::IMG_0419_JPG.rf.aaf89b6ee3146eb37d569f32eac28d37.jpg,Vestfold,35.0,35.0,C:\Users\depthlev\Desktop\Z_Drone_Final_Project_GA\nenrus-Dataset-of-Drone-Distance-Estimation-a5aac8f\prepared_by_drone_type\Vestfold\distance_35m\images\IMG_0419_JPG.rf.aaf89b6ee3146eb37d569f32eac28d37.jpg,C:\Users\depthlev\Desktop\Z_Drone_Final_Project_GA\nenrus-Dataset-of-Drone-Distance-Estimation-a5aac8f\prepared_by_drone_type\Vestfold\distance_35m\labels\IMG_0419_JPG.rf.aaf89b6ee3146eb37d569f32eac28d37.txt,unknown,unknown,36.0,1.06904497,18.0,1.06904497,0.01875,0.00055679,0.01666667,0.00098986,0.0003125,2.785e-05,2.0,0.06039834,0.37395833,0.00083519,0.30740741,0.00049493,1.80186391,0.0,0.0,0.0,0.0
Vestfold::IMG_0420_JPG.rf.94e7255d55c4dc58069d1f24b95abca7.jpg,Vestfold,35.0,35.0,C:\Users\depthlev\Desktop\Z_Drone_Final_Project_GA\nenrus-Dataset-of-Drone-Distance-Estimation-a5aac8f\prepared_by_drone_type\Vestfold\distance_35m\images\IMG_0420_JPG.rf.94e7255d55c4dc58069d1f24b95abca7.jpg,C:\Users\depthlev\Desktop\Z_Drone_Final_Project_GA\nenrus-Dataset-of-Drone-Distance-Estimation-a5aac8f\prepared_by_drone_type\Vestfold\distance_35m\labels\IMG_0420_JPG.rf.94e7255d55c4dc58069d1f24b95abca7.txt,unknown,unknown,36.0,1.06904497,16.0,1.06904497,0.01875,0.00055679,0.01481481,0.00098986,0.00027778,2.682e-05,2.25,0.08531699,0.37291667,0.00083519,0.30833333,0.00049493,1.80195355,0.0,0.0,0.0,0.0
Vestfold::IMG_0421_JPG.rf.7acc932b306c77c890e4891d5e864ccc.jpg,Vestfold,35.0,35.0,C:\Users\depthlev\Desktop\Z_Drone_Final_Project_GA\nenrus-Dataset-of-Drone-Distance-Estimation-a5aac8f\prepared_by_drone_type\Vestfold\distance_35m\images\IMG_0421_JPG.rf.7acc932b306c77c890e4891d5e864ccc.jpg,C:\Users\depthlev\Desktop\Z_Drone_Final_Project_GA\nenrus-Dataset-of-Drone-Distance-Estimation-a5aac8f\prepared_by_drone_type\Vestfold\distance_35m\labels\IMG_0421_JPG.rf.7acc932b306c77c890e4891d5e864ccc.txt,unknown,unknown,37.0,1.06904497,16.0,1.06904497,0.01927083,0.00055679,0.01481481,0.00098986,0.00028549,2.734e-05,2.3125,0.08958284,0.37421875,0.00083519,0.30925926,0.00049493,1.65156126,0.0,0.0,0.0,0.0
Vestfold::IMG_0422_JPG.rf.62cd5d13f63c5ce44fcb72713e7e8345.jpg,Vestfold,35.0,35.0,C:\Users\depthlev\Desktop\Z_Drone_Final_Project_GA\nenrus-Dataset-of-Drone-Distance-Estimation-a5aac8f\prepared_by_drone_type\Vestfold\distance_35m\images\IMG_0422_JPG.rf.62cd5d13f63c5ce44fcb72713e7e8345.jpg,C:\Users\depthlev\Desktop\Z_Drone_Final_Project_GA\nenrus-Dataset-of-Drone-Distance-Estimation-a5aac8f\prepared_by_drone_type\Vestfold\distance_35m\labels\IMG_0422_JPG.rf.62cd5d13f63c5ce44fcb72713e7e8345.txt,unknown,unknown,31.0,1.06904497,15.0,1.06904497,0.01614583,0.00055679,0.01388889,0.00098986,0.00022425,2.373e-05,2.06666667,0.07788678,0.37421875,0.00055679,0.30972222,0.00049493,2.29796386,0.0,0.0,0.0,0.0
Vestfold::IMG_0423_JPG.rf.28ece9c5790fe721b79ebf3e7222bf5a.jpg,Vestfold,35.0,35.0,C:\Users\depthlev\Desktop\Z_Drone_Final_Project_GA\nenrus-Dataset-of-Drone-Distance-Estimation-a5aac8f\prepared_by_drone_type\Vestfold\distance_35m\images\IMG_0423_JPG.rf.28ece9c5790fe721b79ebf3e7222bf5a.jpg,C:\Users\depthlev\Desktop\Z_Drone_Final_Project_GA\nenrus-Dataset-of-Drone-Distance-Estimation-a5aac8f\prepared_by_drone_type\Vestfold\distance_35m\labels\IMG_0423_JPG.rf.28ece9c5790fe721b79ebf3e7222bf5a.txt,unknown,unknown,39.0,2.13808994,18.0,1.06904497,0.0203125,0.00111359,0.01666667,0.00098986,0.00033854,3.871e-05,2.16666667,0.01006639,0.37369792,0.00083519,0.31018519,0.00049493,2.16707039,0.0,0.0,0.0,0.0
Vestfold::IMG_0424_JPG.rf.bc78dc23a6bbf53c6ffa6d8219c10112.jpg,Vestfold,35.0,35.0,C:\Users\depthlev\Desktop\Z_Drone_Final_Project_GA\nenrus-Dataset-of-Drone-Distance-Estimation-a5aac8f\prepared_by_drone_type\Vestfold\distance_35m\images\IMG_0424_JPG.rf.bc78dc23a6bbf53c6ffa6d8219c10112.jpg,C:\Users\depthlev\Desktop\Z_Drone_Final_Project_GA\nenrus-Dataset-of-Drone-Distance-Estimation-a5aac8f\prepared_by_drone_type\Vestfold\distance_35m\labels\IMG_0424_JPG.rf.bc78dc23a6bbf53c6ffa6d8219c10112.txt,unknown,unknown,37.0,1.06904497,16.0,1.06904497,0.01927083,0.00055679,0.01481481,0.00098986,0.00028549,2.734e-05,2.3125,0.08958284,0.37421875,0.00083519,0.31018519,0.00049493,1.62894154,0.0,0.0,0.0,0.0
Vestfold::IMG_0425_JPG.rf.9de11f4385c9ebe76164e467730adef7.jpg,Vestfold,35.0,35.0,C:\Users\depthlev\Desktop\Z_Drone_Final_Project_GA\nenrus-Dataset-of-Drone-Distance-Estimation-a5aac8f\prepared_by_drone_type\Vestfold\distance_35m\images\IMG_0425_JPG.rf.9de11f4385c9ebe76164e467730adef7.jpg,C:\Users\depthlev\Desktop\Z_Drone_Final_Project_GA\nenrus-Dataset-of-Drone-Distance-Estimation-a5aac8f\prepared_by_drone_type\Vestfold\distance_35m\labels\IMG_0425_JPG.rf.9de11f4385c9ebe76164e467730adef7.txt,unknown,unknown,38.0,2.13808994,16.0,1.06904497,0.01979167,0.00111359,0.01481481,0.00098986,0.00029321,3.613e-05,2.375,0.0255951,0.37395833,0.00083519,0.31018519,0.00049493,1.7200501,0.0,0.0,0.0,0.0
Vestfold::IMG_0426_JPG.rf.cb76e6a78642aabec7d28730fc9854cc.jpg,Vestfold,35.0,35.0,C:\Users\depthlev\Desktop\Z_Drone_Final_Project_GA\nenrus-Dataset-of-Drone-Distance-Estimation-a5aac8f\prepared_by_drone_type\Vestfold\distance_35m\images\IMG_0426_JPG.rf.cb76e6a78642aabec7d28730fc9854cc.jpg,C:\Users\depthlev\Desktop\Z_Drone_Final_Project_GA\nenrus-Dataset-of-Drone-Distance-Estimation-a5aac8f\prepared_by_drone_type\Vestfold\distance_35m\labels\IMG_0426_JPG.rf.cb76e6a78642aabec7d28730fc9854cc.txt,unknown,unknown,35.0,1.06904497,15.0,1.06904497,0.01822917,0.00055679,0.01388889,0.00098986,0.00025318,2.579e-05,2.33333333,0.09735847,0.37421875,0.00083519,0.30972222,0.00049493,1.98480749,0.0,0.0,0.0,0.0
Vestfold::IMG_0427_JPG.rf.753c4e72134f9bb1c25499d931d7388e.jpg,Vestfold,35.0,35.0,C:\Users\depthlev\Desktop\Z_Drone_Final_Project_GA\nenrus-Dataset-of-Drone-Distance-Estimation-a5aac8f\prepared_by_drone_type\Vestfold\distance_35m\images\IMG_0427_JPG.rf.753c4e72134f9bb1c25499d931d7388e.jpg,C:\Users\depthlev\Desktop\Z_Drone_Final_Project_GA\nenrus-Dataset-of-Drone-Distance-Estimation-a5aac8f\prepared_by_drone_type\Vestfold\distance_35m\labels\IMG_0427_JPG.rf.753c4e72134f9bb1c25499d931d7388e.txt,unknown,unknown,38.0,2.13808994,18.0,1.06904497,0.01979167,0.00111359,0.01666667,0.00098986,0.00032986,3.819e-05,2.11111111,0.00671093,0.37395833,0.00083519,0.30833333,0.00049493,2.46615505,0.0,0.0,0.0,0.0
Vestfold::IMG_0428_JPG.rf.18355fb98bd1b4d37eb6c5f78aafd19a.jpg,Vestfold,35.0,35.0,C:\Users\depthlev\Desktop\Z_Drone_Final_Project_GA\nenrus-Dataset-of-Drone-Distance-Estimation-a5aac8f\prepared_by_drone_type\Vestfold\distance_35m\images\IMG_0428_JPG.rf.18355fb98bd1b4d37eb6c5f78aafd19a.jpg,C:\Users\depthlev\Desktop\Z_Drone_Final_Project_GA\nenrus-Dataset-of-Drone-Distance-Estimation-a5aac8f\prepared_by_drone_type\Vestfold\distance_35m\labels\IMG_0428_JPG.rf.18355fb98bd1b4d37eb6c5f78aafd19a.txt,unknown,unknown,36.0,1.06904497,16.0,1.06904497,0.01875,0.00055679,0.01481481,0.00098986,0.00027778,2.682e-05,2.25,0.08531699,0.37395833,0.00083519,0.30833333,0.00049493,2.25856209,0.0,0.0,0.0,0.0
Vestfold::IMG_0478_JPG.rf.f72d9deb12eb4d3f70f505cf8d2a667a.jpg,Vestfold,40.0,40.0,C:\Users\depthlev\Desktop\Z_Drone_Final_Project_GA\nenrus-Dataset-of-Drone-Distance-Estimation-a5aac8f\prepared_by_drone_type\Vestfold\distance_40m\images\IMG_0478_JPG.rf.f72d9deb12eb4d3f70f505cf8d2a667a.jpg,C:\Users\depthlev\Desktop\Z_Drone_Final_Project_GA\nenrus-Dataset-of-Drone-Distance-Estimation-a5aac8f\prepared_by_drone_type\Vestfold\distance_40m\labels\IMG_0478_JPG.rf.f72d9deb12eb4d3f70f505cf8d2a667a.txt,unknown,unknown,31.0,1.06904497,15.0,1.06904497,0.01614583,0.00055679,0.01388889,0.00098986,0.00022425,2.373e-05,2.06666667,0.07788678,0.37369792,0.00055679,0.29027778,0.00049493,1.85976398,0.0,0.0,0.0,0.0
Vestfold::IMG_0479_JPG.rf.10ef51d945426195c5f6b4c7d9204659.jpg,Vestfold,40.0,40.0,C:\Users\depthlev\Desktop\Z_Drone_Final_Project_GA\nenrus-Dataset-of-Drone-Distance-Estimation-a5aac8f\prepared_by_drone_type\Vestfold\distance_40m\images\IMG_0479_JPG.rf.10ef51d945426195c5f6b4c7d9204659.jpg,C:\Users\depthlev\Desktop\Z_Drone_Final_Project_GA\nenrus-Dataset-of-Drone-Distance-Estimation-a5aac8f\prepared_by_drone_type\Vestfold\distance_40m\labels\IMG_0479_JPG.rf.10ef51d945426195c5f6b4c7d9204659.txt,unknown,unknown,38.0,2.13808994,20.0,1.06904497,0.01979167,0.00111359,0.01851852,0.00098986,0.00036651,4.025e-05,1.9,0.00541847,0.37395833,0.00083519,0.29166667,0.00098986,1.56888485,0.0,0.0,0.0,0.0
Vestfold::IMG_0480_JPG.rf.f279b85e50259f4fd47b85c97523a72f.jpg,Vestfold,40.0,40.0,C:\Users\depthlev\Desktop\Z_Drone_Final_Project_GA\nenrus-Dataset-of-Drone-Distance-Estimation-a5aac8f\prepared_by_drone_type\Vestfold\distance_40m\images\IMG_0480_JPG.rf.f279b85e50259f4fd47b85c97523a72f.jpg,C:\Users\depthlev\Desktop\Z_Drone_Final_Project_GA\nenrus-Dataset-of-Drone-Distance-Estimation-a5aac8f\prepared_by_drone_type\Vestfold\distance_40m\labels\IMG_0480_JPG.rf.f279b85e50259f4fd47b85c97523a72f.txt,unknown,unknown,32.0,1.06904497,15.0,1.06904497,0.01666667,0.00055679,0.01388889,0.00098986,0.00023148,2.425e-05,2.13333333,0.0827547,0.37239583,0.00083519,0.29027778,0.00049493,1.71795344,0.0,0.0,0.0,0.0
Vestfold::IMG_0481_JPG.rf.c15fd649ca028add25f21064d39f5207.jpg,Vestfold,40.0,40.0,C:\Users\depthlev\Desktop\Z_Drone_Final_Project_GA\nenrus-Dataset-of-Drone-Distance-Estimation-a5aac8f\prepared_by_drone_type\Vestfold\distance_40m\images\IMG_0481_JPG.rf.c15fd649ca028add25f21064d39f5207.jpg,C:\Users\depthlev\Desktop\Z_Drone_Final_Project_GA\nenrus-Dataset-of-Drone-Distance-Estimation-a5aac8f\prepared_by_drone_type\Vestfold\distance_40m\labels\IMG_0481_JPG.rf.c15fd649ca028add25f21064d39f5207.txt,unknown,unknown,28.0,1.06904497,15.0,1.06904497,0.01458333,0.00055679,0.01388889,0.00098986,0.00020255,2.219e-05,1.86666667,0.06328301,0.371875,0.00055679,0.29027778,0.00049493,1.96706033,0.0,0.0,0.0,0.0
Vestfold::IMG_0482_JPG.rf.d2fddea33e20f5d0e4603fe55891f782.jpg,Vestfold,40.0,40.0,C:\Users\depthlev\Desktop\Z_Drone_Final_Project_GA\nenrus-Dataset-of-Drone-Distance-Estimation-a5aac8f\prepared_by_drone_type\Vestfold\distance_40m\images\IMG_0482_JPG.rf.d2fddea33e20f5d0e4603fe55891f782.jpg,C:\Users\depthlev\Desktop\Z_Drone_Final_Project_GA\nenrus-Dataset-of-Drone-Distance-Estimation-a5aac8f\prepared_by_drone_type\Vestfold\distance_40m\labels\IMG_0482_JPG.rf.d2fddea33e20f5d0e4603fe55891f782.txt,unknown,unknown,33.0,1.06904497,16.0,1.06904497,0.0171875,0.00055679,0.01481481,0.00098986,0.00025463,2.528e-05,2.0625,0.07251944,0.37265625,0.00083519,0.28981481,0.00049493,1.64303207,0.0,0.0,0.0,0.0
Vestfold::IMG_0483_JPG.rf.93736c65041feeadc9215139fa21fa53.jpg,Vestfold,40.0,40.0,C:\Users\depthlev\Desktop\Z_Drone_Final_Project_GA\nenrus-Dataset-of-Drone-Distance-Estimation-a5aac8f\prepared_by_drone_type\Vestfold\distance_40m\images\IMG_0483_JPG.rf.93736c65041feeadc9215139fa21fa53.jpg,C:\Users\depthlev\Desktop\Z_Drone_Final_Project_GA\nenrus-Dataset-of-Drone-Distance-Estimation-a5aac8f\prepared_by_drone_type\Vestfold\distance_40m\labels\IMG_0483_JPG.rf.93736c65041feeadc9215139fa21fa53.txt,unknown,unknown,31.0,1.06904497,18.0,1.06904497,0.01614583,0.00055679,0.01666667,0.00098986,0.0002691,2.528e-05,1.72222222,0.04362102,0.37265625,0.00055679,0.28981481,0.00049493,1.48858047,0.0,0.0,0.0,0.0
Vestfold::IMG_0484_JPG.rf.f141ec9c774ac37891f7a98cbf728465.jpg,Vestfold,40.0,40.0,C:\Users\depthlev\Desktop\Z_Drone_Final_Project_GA\nenrus-Dataset-of-Drone-Distance-Estimation-a5aac8f\prepared_by_drone_type\Vestfold\distance_40m\images\IMG_0484_JPG.rf.f141ec9c774ac37891f7a98cbf728465.jpg,C:\Users\depthlev\Desktop\Z_Drone_Final_Project_GA\nenrus-Dataset-of-Drone-Distance-Estimation-a5aac8f\prepared_by_drone_type\Vestfold\distance_40m\labels\IMG_0484_JPG.rf.f141ec9c774ac37891f7a98cbf728465.txt,unknown,unknown,28.0,1.06904497,16.0,1.06904497,0.01458333,0.00055679,0.01481481,0.00098986,0.00021605,2.27e-05,1.75,0.05119019,0.3734375,0.00055679,0.28888889,0.00049493,1.71460199,0.0,0.0,0.0,0.0
Vestfold::IMG_0485_JPG.rf.276ae43e858c087622f825e6066a175f.jpg,Vestfold,40.0,40.0,C:\Users\depthlev\Desktop\Z_Drone_Final_Project_GA\nenrus-Dataset-of-Drone-Distance-Estimation-a5aac8f\prepared_by_drone_type\Vestfold\distance_40m\images\IMG_0485_JPG.rf.276ae43e858c087622f825e6066a175f.jpg,C:\Users\depthlev\Desktop\Z_Drone_Final_Project_GA\nenrus-Dataset-of-Drone-Distance-Estimation-a5aac8f\prepared_by_drone_type\Vestfold\distance_40m\labels\IMG_0485_JPG.rf.276ae43e858c087622f825e6066a175f.txt,unknown,unknown,35.0,1.06904497,19.0,1.06904497,0.01822917,0.00055679,0.01759259,0.00098986,0.0003207,2.785e-05,1.84210526,0.04810161,0.37369792,0.00083519,0.28935185,0.00098986,1.74802673,0.0,0.0,0.0,0.0
Vestfold::IMG_0486_JPG.rf.d6377f079d8ec8596c9dd0951871b05a.jpg,Vestfold,40.0,40.0,C:\Users\depthlev\Desktop\Z_Drone_Final_Project_GA\nenrus-Dataset-of-Drone-Distance-Estimation-a5aac8f\prepared_by_drone_type\Vestfold\distance_40m\images\IMG_0486_JPG.rf.d6377f079d8ec8596c9dd0951871b05a.jpg,C:\Users\depthlev\Desktop\Z_Drone_Final_Project_GA\nenrus-Dataset-of-Drone-Distance-Estimation-a5aac8f\prepared_by_drone_type\Vestfold\distance_40m\labels\IMG_0486_JPG.rf.d6377f079d8ec8596c9dd0951871b05a.txt,unknown,unknown,35.0,1.06904497,17.0,1.06904497,0.01822917,0.00055679,0.01574074,0.00098986,0.00028694,2.682e-05,2.05882353,0.06785156,0.37473958,0.00083519,0.28935185,0.00049493,1.92766464,0.0,0.0,0.0,0.0
Vestfold::IMG_0487_JPG.rf.ce4f354309f4a649162bab31484510da.jpg,Vestfold,40.0,40.0,C:\Users\depthlev\Desktop\Z_Drone_Final_Project_GA\nenrus-Dataset-of-Drone-Distance-Estimation-a5aac8f\prepared_by_drone_type\Vestfold\distance_40m\images\IMG_0487_JPG.rf.ce4f354309f4a649162bab31484510da.jpg,C:\Users\depthlev\Desktop\Z_Drone_Final_Project_GA\nenrus-Dataset-of-Drone-Distance-Estimation-a5aac8f\prepared_by_drone_type\Vestfold\distance_40m\labels\IMG_0487_JPG.rf.ce4f354309f4a649162bab31484510da.txt,unknown,unknown,34.0,1.06904497,17.0,1.06904497,0.01770833,0.00055679,0.01574074,0.00098986,0.00027874,2.631e-05,2.0,0.06408203,0.37447917,0.00083519,0.28935185,0.00049493,1.59543979,0.0,0.0,0.0,0.0
Vestfold::IMG_0488_JPG.rf.f2e6c79b0fb90199a962d2d3680a11c4.jpg,Vestfold,40.0,40.0,C:\Users\depthlev\Desktop\Z_Drone_Final_Project_GA\nenrus-Dataset-of-Drone-Distance-Estimation-a5aac8f\prepared_by_drone_type\Vestfold\distance_40m\images\IMG_0488_JPG.rf.f2e6c79b0fb90199a962d2d3680a11c4.jpg,C:\Users\depthlev\Desktop\Z_Drone_Final_Project_GA\nenrus-Dataset-of-Drone-Distance-Estimation-a5aac8f\prepared_by_drone_type\Vestfold\distance_40m\labels\IMG_0488_JPG.rf.f2e6c79b0fb90199a962d2d3680a11c4.txt,unknown,unknown,30.0,1.06904497,17.0,1.06904497,0.015625,0.00055679,0.01574074,0.00098986,0.00024595,2.425e-05,1.76470588,0.04900391,0.3734375,0.00055679,0.28935185,0.00049493,1.58924222,0.0,0.0,0.0,0.0
Vestfold::IMG_0489_JPG.rf.57b0fb0553c3f2daf542d95a4212a3ec.jpg,Vestfold,40.0,40.0,C:\Users\depthlev\Desktop\Z_Drone_Final_Project_GA\nenrus-Dataset-of-Drone-Distance-Estimation-a5aac8f\prepared_by_drone_type\Vestfold\distance_40m\images\IMG_0489_JPG.rf.57b0fb0553c3f2daf542d95a4212a3ec.jpg,C:\Users\depthlev\Desktop\Z_Drone_Final_Project_GA\nenrus-Dataset-of-Drone-Distance-Estimation-a5aac8f\prepared_by_drone_type\Vestfold\distance_40m\labels\IMG_0489_JPG.rf.57b0fb0553c3f2daf542d95a4212a3ec.txt,unknown,unknown,34.0,1.06904497,17.0,1.06904497,0.01770833,0.00055679,0.01574074,0.00098986,0.00027874,2.631e-05,2.0,0.06408203,0.37447917,0.00083519,0.29027778,0.00049493,1.57373178,0.0,0.0,0.0,0.0
Vestfold::IMG_0490_JPG.rf.058fdd4f471202e7ae0b812c64bfee9a.jpg,Vestfold,40.0,40.0,C:\Users\depthlev\Desktop\Z_Drone_Final_Project_GA\nenrus-Dataset-of-Drone-Distance-Estimation-a5aac8f\prepared_by_drone_type\Vestfold\distance_40m\images\IMG_0490_JPG.rf.058fdd4f471202e7ae0b812c64bfee9a.jpg,C:\Users\depthlev\Desktop\Z_Drone_Final_Project_GA\nenrus-Dataset-of-Drone-Distance-Estimation-a5aac8f\prepared_by_drone_type\Vestfold\distance_40m\labels\IMG_0490_JPG.rf.058fdd4f471202e7ae0b812c64bfee9a.txt,unknown,unknown,32.0,1.06904497,14.0,1.06904497,0.01666667,0.00055679,0.01296296,0.00098986,0.00021605,2.373e-05,2.28571429,0.10095081,0.3734375,0.00083519,0.28981481,0.00049493,1.53175521,0.0,0.0,0.0,0.0
Vestfold::IMG_0491_JPG.rf.a8601c8c68f60a575357cb053ab1529c.jpg,Vestfold,40.0,40.0,C:\Users\depthlev\Desktop\Z_Drone_Final_Project_GA\nenrus-Dataset-of-Drone-Distance-Estimation-a5aac8f\prepared_by_drone_type\Vestfold\distance_40m\images\IMG_0491_JPG.rf.a8601c8c68f60a575357cb053ab1529c.jpg,C:\Users\depthlev\Desktop\Z_Drone_Final_Project_GA\nenrus-Dataset-of-Drone-Distance-Estimation-a5aac8f\prepared_by_drone_type\Vestfold\distance_40m\labels\IMG_0491_JPG.rf.a8601c8c68f60a575357cb053ab1529c.txt,unknown,unknown,33.0,1.06904497,15.0,1.06904497,0.0171875,0.00055679,0.01388889,0.00098986,0.00023872,2.476e-05,2.2,0.08762263,0.37421875,0.00083519,0.29027778,0.00049493,1.74961066,0.0,0.0,0.0,0.0
Vestfold::IMG_0492_JPG.rf.a5045e2f20dc8eacf88d7fe8b47ad87b.jpg,Vestfold,40.0,40.0,C:\Users\depthlev\Desktop\Z_Drone_Final_Project_GA\nenrus-Dataset-of-Drone-Distance-Estimation-a5aac8f\prepared_by_drone_type\Vestfold\distance_40m\images\IMG_0492_JPG.rf.a5045e2f20dc8eacf88d7fe8b47ad87b.jpg,C:\Users\depthlev\Desktop\Z_Drone_Final_Project_GA\nenrus-Dataset-of-Drone-Distance-Estimation-a5aac8f\prepared_by_drone_type\Vestfold\distance_40m\labels\IMG_0492_JPG.rf.a5045e2f20dc8eacf88d7fe8b47ad87b.txt,unknown,unknown,29.0,1.06904497,15.0,1.06904497,0.01510417,0.00055679,0.01388889,0.00098986,0.00020978,2.27e-05,1.93333333,0.06815093,0.37369792,0.00055679,0.29027778,0.00049493,1.89341736,0.0,0.0,0.0,0.0
Vestfold::IMG_0493_JPG.rf.d20107f86def813ede4ca6a0f27d8dc2.jpg,Vestfold,40.0,40.0,C:\Users\depthlev\Desktop\Z_Drone_Final_Project_GA\nenrus-Dataset-of-Drone-Distance-Estimation-a5aac8f\prepared_by_drone_type\Vestfold\distance_40m\images\IMG_0493_JPG.rf.d20107f86def813ede4ca6a0f27d8dc2.jpg,C:\Users\depthlev\Desktop\Z_Drone_Final_Project_GA\nenrus-Dataset-of-Drone-Distance-Estimation-a5aac8f\prepared_by_drone_type\Vestfold\distance_40m\labels\IMG_0493_JPG.rf.d20107f86def813ede4ca6a0f27d8dc2.txt,unknown,unknown,31.0,1.06904497,18.0,1.06904497,0.01614583,0.00055679,0.01666667,0.00098986,0.0002691,2.528e-05,1.72222222,0.04362102,0.37473958,0.00055679,0.29074074,0.00049493,1.72262359,0.0,0.0,0.0,0.0
Vestfold::IMG_0494_JPG.rf.054ea958012875fb72365ad4a8878b07.jpg,Vestfold,45.0,45.0,C:\Users\depthlev\Desktop\Z_Drone_Final_Project_GA\nenrus-Dataset-of-Drone-Distance-Estimation-a5aac8f\prepared_by_drone_type\Vestfold\distance_45m\images\IMG_0494_JPG.rf.054ea958012875fb72365ad4a8878b07.jpg,C:\Users\depthlev\Desktop\Z_Drone_Final_Project_GA\nenrus-Dataset-of-Drone-Distance-Estimation-a5aac8f\prepared_by_drone_type\Vestfold\distance_45m\labels\IMG_0494_JPG.rf.054ea958012875fb72365ad4a8878b07.txt,unknown,unknown,25.0,1.06904497,15.0,1.06904497,0.01302083,0.00055679,0.01388889,0.00098986,0.00018084,2.064e-05,1.66666667,0.04867924,0.37161458,0.00055679,0.22824074,0.00049493,2.30820608,0.0,0.0,0.0,0.0
Vestfold::IMG_0495_JPG.rf.c92bd45c014f4ff0580575ecab6e50c4.jpg,Vestfold,45.0,45.0,C:\Users\depthlev\Desktop\Z_Drone_Final_Project_GA\nenrus-Dataset-of-Drone-Distance-Estimation-a5aac8f\prepared_by_drone_type\Vestfold\distance_45m\images\IMG_0495_JPG.rf.c92bd45c014f4ff0580575ecab6e50c4.jpg,C:\Users\depthlev\Desktop\Z_Drone_Final_Project_GA\nenrus-Dataset-of-Drone-Distance-Estimation-a5aac8f\prepared_by_drone_type\Vestfold\distance_45m\labels\IMG_0495_JPG.rf.c92bd45c014f4ff0580575ecab6e50c4.txt,unknown,unknown,33.0,1.06904497,19.0,1.06904497,0.0171875,0.00055679,0.01759259,0.00098986,0.00030237,2.682e-05,1.73684211,0.04208891,0.37005208,0.00083519,0.22916667,0.00098986,1.81196117,0.0,0.0,0.0,0.0
Vestfold::IMG_0496_JPG.rf.17b468edf8499b2c6f6fcae4cfb5126f.jpg,Vestfold,45.0,45.0,C:\Users\depthlev\Desktop\Z_Drone_Final_Project_GA\nenrus-Dataset-of-Drone-Distance-Estimation-a5aac8f\prepared_by_drone_type\Vestfold\distance_45m\images\IMG_0496_JPG.rf.17b468edf8499b2c6f6fcae4cfb5126f.jpg,C:\Users\depthlev\Desktop\Z_Drone_Final_Project_GA\nenrus-Dataset-of-Drone-Distance-Estimation-a5aac8f\prepared_by_drone_type\Vestfold\distance_45m\labels\IMG_0496_JPG.rf.17b468edf8499b2c6f6fcae4cfb5126f.txt,unknown,unknown,32.0,1.06904497,17.0,1.06904497,0.01666667,0.00055679,0.01574074,0.00098986,0.00026235,2.528e-05,1.88235294,0.05654297,0.36927083,0.00083519,0.23009259,0.00049493,1.53559554,0.0,0.0,0.0,0.0
Vestfold::IMG_0497_JPG.rf.a46a395454a2b5c2489e54283b5da499.jpg,Vestfold,45.0,45.0,C:\Users\depthlev\Desktop\Z_Drone_Final_Project_GA\nenrus-Dataset-of-Drone-Distance-Estimation-a5aac8f\prepared_by_drone_type\Vestfold\distance_45m\images\IMG_0497_JPG.rf.a46a395454a2b5c2489e54283b5da499.jpg,C:\Users\depthlev\Desktop\Z_Drone_Final_Project_GA\nenrus-Dataset-of-Drone-Distance-Estimation-a5aac8f\prepared_by_drone_type\Vestfold\distance_45m\labels\IMG_0497_JPG.rf.a46a395454a2b5c2489e54283b5da499.txt,unknown,unknown,28.0,1.06904497,18.0,1.06904497,0.01458333,0.00055679,0.01666667,0.00098986,0.00024306,2.373e-05,1.55555556,0.03355463,0.36979167,0.00055679,0.22962963,0.00049493,1.53929949,0.0,0.0,0.0,0.0
Vestfold::IMG_0498_JPG.rf.ee0d5a99cceacac6ffcea2ae8ceb705b.jpg,Vestfold,45.0,45.0,C:\Users\depthlev\Desktop\Z_Drone_Final_Project_GA\nenrus-Dataset-of-Drone-Distance-Estimation-a5aac8f\prepared_by_drone_type\Vestfold\distance_45m\images\IMG_0498_JPG.rf.ee0d5a99cceacac6ffcea2ae8ceb705b.jpg,C:\Users\depthlev\Desktop\Z_Drone_Final_Project_GA\nenrus-Dataset-of-Drone-Distance-Estimation-a5aac8f\prepared_by_drone_type\Vestfold\distance_45m\labels\IMG_0498_JPG.rf.ee0d5a99cceacac6ffcea2ae8ceb705b.txt,unknown,unknown,24.0,1.06904497,15.0,1.06904497,0.0125,0.00055679,0.01388889,0.00098986,0.00017361,2.013e-05,1.6,0.04381131,0.36979167,0.00055679,0.23009259,0.00049493,1.88210654,0.0,0.0,0.0,0.0
Vestfold::IMG_0499_JPG.rf.e643c076a83e041f006b715510f98395.jpg,Vestfold,45.0,45.0,C:\Users\depthlev\Desktop\Z_Drone_Final_Project_GA\nenrus-Dataset-of-Drone-Distance-Estimation-a5aac8f\prepared_by_drone_type\Vestfold\distance_45m\images\IMG_0499_JPG.rf.e643c076a83e041f006b715510f98395.jpg,C:\Users\depthlev\Desktop\Z_Drone_Final_Project_GA\nenrus-Dataset-of-Drone-Distance-Estimation-a5aac8f\prepared_by_drone_type\Vestfold\distance_45m\labels\IMG_0499_JPG.rf.e643c076a83e041f006b715510f98395.txt,unknown,unknown,22.0,1.06904497,14.0,1.06904497,0.01145833,0.00055679,0.01296296,0.00098986,0.00014853,1.858e-05,1.57142857,0.04486703,0.36927083,0.00055679,0.22962963,0.00049493,2.28874207,0.0,0.0,0.0,0.0
Vestfold::IMG_0500_JPG.rf.c31e72753d3496050459797a051663c1.jpg,Vestfold,45.0,45.0,C:\Users\depthlev\Desktop\Z_Drone_Final_Project_GA\nenrus-Dataset-of-Drone-Distance-Estimation-a5aac8f\prepared_by_drone_type\Vestfold\distance_45m\images\IMG_0500_JPG.rf.c31e72753d3496050459797a051663c1.jpg,C:\Users\depthlev\Desktop\Z_Drone_Final_Project_GA\nenrus-Dataset-of-Drone-Distance-Estimation-a5aac8f\prepared_by_drone_type\Vestfold\distance_45m\labels\IMG_0500_JPG.rf.c31e72753d3496050459797a051663c1.txt,unknown,unknown,21.0,1.06904497,14.0,1.06904497,0.0109375,0.00055679,0.01296296,0.00098986,0.00014178,1.807e-05,1.5,0.03925865,0.36953125,0.00055679,0.2287037,0.00049493,2.26555538,0.0,0.0,0.0,0.0
Vestfold::IMG_0501_JPG.rf.e41bfe6cefc722913eb62896676f7794.jpg,Vestfold,45.0,45.0,C:\Users\depthlev\Desktop\Z_Drone_Final_Project_GA\nenrus-Dataset-of-Drone-Distance-Estimation-a5aac8f\prepared_by_drone_type\Vestfold\distance_45m\images\IMG_0501_JPG.rf.e41bfe6cefc722913eb62896676f7794.jpg,C:\Users\depthlev\Desktop\Z_Drone_Final_Project_GA\nenrus-Dataset-of-Drone-Distance-Estimation-a5aac8f\prepared_by_drone_type\Vestfold\distance_45m\labels\IMG_0501_JPG.rf.e41bfe6cefc722913eb62896676f7794.txt,unknown,unknown,24.0,1.06904497,13.0,1.06904497,0.0125,0.00055679,0.01203704,0.00098986,0.00015046,1.91e-05,1.84615385,0.07186959,0.36927083,0.00055679,0.22916667,0.00049493,2.13656902,0.0,0.0,0.0,0.0
Vestfold::IMG_0502_JPG.rf.fe32b5feb25c8bd69551fa717211dedf.jpg,Vestfold,45.0,45.0,C:\Users\depthlev\Desktop\Z_Drone_Final_Project_GA\nenrus-Dataset-of-Drone-Distance-Estimation-a5aac8f\prepared_by_drone_type\Vestfold\distance_45m\images\IMG_0502_JPG.rf.fe32b5feb25c8bd69551fa717211dedf.jpg,C:\Users\depthlev\Desktop\Z_Drone_Final_Project_GA\nenrus-Dataset-of-Drone-Distance-Estimation-a5aac8f\prepared_by_drone_type\Vestfold\distance_45m\labels\IMG_0502_JPG.rf.fe32b5feb25c8bd69551fa717211dedf.txt,unknown,unknown,25.0,1.06904497,12.0,0.0,0.01302083,0.00055679,0.01111111,0.0,0.00014468,6.19e-06,2.08333333,0.08908708,0.37057292,0.00055679,0.2287037,0.00049493,1.90714669,0.0,0.0,0.0,0.0
Vestfold::IMG_0503_JPG.rf.c8a484bfa7bb6f5730c3ce87ba0aaa87.jpg,Vestfold,45.0,45.0,C:\Users\depthlev\Desktop\Z_Drone_Final_Project_GA\nenrus-Dataset-of-Drone-Distance-Estimation-a5aac8f\prepared_by_drone_type\Vestfold\distance_45m\images\IMG_0503_JPG.rf.c8a484bfa7bb6f5730c3ce87ba0aaa87.jpg,C:\Users\depthlev\Desktop\Z_Drone_Final_Project_GA\nenrus-Dataset-of-Drone-Distance-Estimation-a5aac8f\prepared_by_drone_type\Vestfold\distance_45m\labels\IMG_0503_JPG.rf.c8a484bfa7bb6f5730c3ce87ba0aaa87.txt,unknown,unknown,25.0,1.06904497,14.0,1.06904497,0.01302083,0.00055679,0.01296296,0.00098986,0.00016879,2.013e-05,1.78571429,0.06169216,0.37057292,0.00055679,0.2287037,0.00049493,1.86281347,0.0,0.0,0.0,0.0
Vestfold::IMG_0504_JPG.rf.0d459e09d33ff7c1456d665511f3a1e2.jpg,Vestfold,45.0,45.0,C:\Users\depthlev\Desktop\Z_Drone_Final_Project_GA\nenrus-Dataset-of-Drone-Distance-Estimation-a5aac8f\prepared_by_drone_type\Vestfold\distance_45m\images\IMG_0504_JPG.rf.0d459e09d33ff7c1456d665511f3a1e2.jpg,C:\Users\depthlev\Desktop\Z_Drone_Final_Project_GA\nenrus-Dataset-of-Drone-Distance-Estimation-a5aac8f\prepared_by_drone_type\Vestfold\distance_45m\labels\IMG_0504_JPG.rf.0d459e09d33ff7c1456d665511f3a1e2.txt,unknown,unknown,21.0,1.06904497,14.0,1.06904497,0.0109375,0.00055679,0.01296296,0.00098986,0.00014178,1.807e-05,1.5,0.03925865,0.37057292,0.00055679,0.2287037,0.00049493,1.77844226,0.0,0.0,0.0,0.0
Vestfold::IMG_0505_JPG.rf.0ebd25a86c88ba4d7089a88546ed3e96.jpg,Vestfold,45.0,45.0,C:\Users\depthlev\Desktop\Z_Drone_Final_Project_GA\nenrus-Dataset-of-Drone-Distance-Estimation-a5aac8f\prepared_by_drone_type\Vestfold\distance_45m\images\IMG_0505_JPG.rf.0ebd25a86c88ba4d7089a88546ed3e96.jpg,C:\Users\depthlev\Desktop\Z_Drone_Final_Project_GA\nenrus-Dataset-of-Drone-Distance-Estimation-a5aac8f\prepared_by_drone_type\Vestfold\distance_45m\labels\IMG_0505_JPG.rf.0ebd25a86c88ba4d7089a88546ed3e96.txt,unknown,unknown,25.0,1.06904497,13.0,1.06904497,0.01302083,0.00055679,0.01203704,0.00098986,0.00015673,1.961e-05,1.92307692,0.07840319,0.37057292,0.00055679,0.22824074,0.00049493,2.09836721,0.0,0.0,0.0,0.0
Vestfold::IMG_0506_JPG.rf.59305b7da6f1551736b9a1f1bb74be9d.jpg,Vestfold,45.0,45.0,C:\Users\depthlev\Desktop\Z_Drone_Final_Project_GA\nenrus-Dataset-of-Drone-Distance-Estimation-a5aac8f\prepared_by_drone_type\Vestfold\distance_45m\images\IMG_0506_JPG.rf.59305b7da6f1551736b9a1f1bb74be9d.jpg,C:\Users\depthlev\Desktop\Z_Drone_Final_Project_GA\nenrus-Dataset-of-Drone-Distance-Estimation-a5aac8f\prepared_by_drone_type\Vestfold\distance_45m\labels\IMG_0506_JPG.rf.59305b7da6f1551736b9a1f1bb74be9d.txt,unknown,unknown,24.0,1.06904497,13.0,1.06904497,0.0125,0.00055679,0.01203704,0.00098986,0.00015046,1.91e-05,1.84615385,0.07186959,0.37083333,0.00055679,0.22824074,0.00049493,1.78493476,0.0,0.0,0.0,0.0
Vestfold::IMG_0507_JPG.rf.0c0023503c2d6d04d7830dfd1c379336.jpg,Vestfold,45.0,45.0,C:\Users\depthlev\Desktop\Z_Drone_Final_Project_GA\nenrus-Dataset-of-Drone-Distance-Estimation-a5aac8f\prepared_by_drone_type\Vestfold\distance_45m\images\IMG_0507_JPG.rf.0c0023503c2d6d04d7830dfd1c379336.jpg,C:\Users\depthlev\Desktop\Z_Drone_Final_Project_GA\nenrus-Dataset-of-Drone-Distance-Estimation-a5aac8f\prepared_by_drone_type\Vestfold\distance_45m\labels\IMG_0507_JPG.rf.0c0023503c2d6d04d7830dfd1c379336.txt,unknown,unknown,24.0,1.06904497,15.0,1.06904497,0.0125,0.00055679,0.01388889,0.00098986,0.00017361,2.013e-05,1.6,0.04381131,0.37083333,0.00055679,0.22916667,0.00049493,2.19936657,0.0,0.0,0.0,0.0
Vestfold::IMG_0508_JPG.rf.427399d8fee9133038c0659368b333fe.jpg,Vestfold,45.0,45.0,C:\Users\depthlev\Desktop\Z_Drone_Final_Project_GA\nenrus-Dataset-of-Drone-Distance-Estimation-a5aac8f\prepared_by_drone_type\Vestfold\distance_45m\images\IMG_0508_JPG.rf.427399d8fee9133038c0659368b333fe.jpg,C:\Users\depthlev\Desktop\Z_Drone_Final_Project_GA\nenrus-Dataset-of-Drone-Distance-Estimation-a5aac8f\prepared_by_drone_type\Vestfold\distance_45m\labels\IMG_0508_JPG.rf.427399d8fee9133038c0659368b333fe.txt,unknown,unknown,24.0,1.06904497,13.0,1.06904497,0.0125,0.00055679,0.01203704,0.00098986,0.00015046,1.91e-05,1.84615385,0.07186959,0.36875,0.00055679,0.22824074,0.00049493,1.91454828,0.0,0.0,0.0,0.0
Vestfold::IMG_0509_JPG.rf.ecc299d577ca7ebe3e64d885be72d06c.jpg,Vestfold,45.0,45.0,C:\Users\depthlev\Desktop\Z_Drone_Final_Project_GA\nenrus-Dataset-of-Drone-Distance-Estimation-a5aac8f\prepared_by_drone_type\Vestfold\distance_45m\images\IMG_0509_JPG.rf.ecc299d577ca7ebe3e64d885be72d06c.jpg,C:\Users\depthlev\Desktop\Z_Drone_Final_Project_GA\nenrus-Dataset-of-Drone-Distance-Estimation-a5aac8f\prepared_by_drone_type\Vestfold\distance_45m\labels\IMG_0509_JPG.rf.ecc299d577ca7ebe3e64d885be72d06c.txt,unknown,unknown,33.0,1.06904497,18.0,1.06904497,0.0171875,0.00055679,0.01666667,0.00098986,0.00028646,2.631e-05,1.83333333,0.05033195,0.36848958,0.00083519,0.22685185,0.00049493,1.96553051,0.0,0.0,0.0,0.0
Vestfold::IMG_0510_JPG.rf.5f799448cae8c5e661a67ccb41bd7e33.jpg,Vestfold,45.0,45.0,C:\Users\depthlev\Desktop\Z_Drone_Final_Project_GA\nenrus-Dataset-of-Drone-Distance-Estimation-a5aac8f\prepared_by_drone_type\Vestfold\distance_45m\images\IMG_0510_JPG.rf.5f799448cae8c5e661a67ccb41bd7e33.jpg,C:\Users\depthlev\Desktop\Z_Drone_Final_Project_GA\nenrus-Dataset-of-Drone-Distance-Estimation-a5aac8f\prepared_by_drone_type\Vestfold\distance_45m\labels\IMG_0510_JPG.rf.5f799448cae8c5e661a67ccb41bd7e33.txt,unknown,unknown,23.0,1.06904497,13.0,1.06904497,0.01197917,0.00055679,0.01203704,0.00098986,0.00014419,1.858e-05,1.76923077,0.06533599,0.36796875,0.00055679,0.22731481,0.00049493,2.34407163,0.0,0.0,0.0,0.0
Vestfold::IMG_0511_JPG.rf.f6c7564d6339f5a6e49f601a1731cc45.jpg,Vestfold,45.0,45.0,C:\Users\depthlev\Desktop\Z_Drone_Final_Project_GA\nenrus-Dataset-of-Drone-Distance-Estimation-a5aac8f\prepared_by_drone_type\Vestfold\distance_45m\images\IMG_0511_JPG.rf.f6c7564d6339f5a6e49f601a1731cc45.jpg,C:\Users\depthlev\Desktop\Z_Drone_Final_Project_GA\nenrus-Dataset-of-Drone-Distance-Estimation-a5aac8f\prepared_by_drone_type\Vestfold\distance_45m\labels\IMG_0511_JPG.rf.f6c7564d6339f5a6e49f601a1731cc45.txt,unknown,unknown,24.0,1.06904497,13.0,1.06904497,0.0125,0.00055679,0.01203704,0.00098986,0.00015046,1.91e-05,1.84615385,0.07186959,0.36979167,0.00055679,0.22638889,0.00049493,2.17189121,0.0,0.0,0.0,0.0
Vestfold::IMG_0512_JPG.rf.a00578c4c302ddecc5c3ef44044493fa.jpg,Vestfold,45.0,45.0,C:\Users\depthlev\Desktop\Z_Drone_Final_Project_GA\nenrus-Dataset-of-Drone-Distance-Estimation-a5aac8f\prepared_by_drone_type\Vestfold\distance_45m\images\IMG_0512_JPG.rf.a00578c4c302ddecc5c3ef44044493fa.jpg,C:\Users\depthlev\Desktop\Z_Drone_Final_Project_GA\nenrus-Dataset-of-Drone-Distance-Estimation-a5aac8f\prepared_by_drone_type\Vestfold\distance_45m\labels\IMG_0512_JPG.rf.a00578c4c302ddecc5c3ef44044493fa.txt,unknown,unknown,27.0,1.06904497,16.0,1.06904497,0.0140625,0.00055679,0.01481481,0.00098986,0.00020833,2.219e-05,1.6875,0.04692434,0.36953125,0.00055679,0.22777778,0.00049493,2.45211554,0.0,0.0,0.0,0.0
Vestfold::IMG_0543_JPG.rf.4a78a813d52c36f69c9a7d324caaa633.jpg,Vestfold,50.0,50.0,C:\Users\depthlev\Desktop\Z_Drone_Final_Project_GA\nenrus-Dataset-of-Drone-Distance-Estimation-a5aac8f\prepared_by_drone_type\Vestfold\distance_50m\images\IMG_0543_JPG.rf.4a78a813d52c36f69c9a7d324caaa633.jpg,C:\Users\depthlev\Desktop\Z_Drone_Final_Project_GA\nenrus-Dataset-of-Drone-Distance-Estimation-a5aac8f\prepared_by_drone_type\Vestfold\distance_50m\labels\IMG_0543_JPG.rf.4a78a813d52c36f69c9a7d324caaa633.txt,unknown,unknown,22.0,1.06904497,11.0,0.0,0.01145833,0.00055679,0.01018519,0.0,0.00011671,5.67e-06,2.0,0.09718591,0.37135417,0.00055679,0.26342593,0.00049493,2.39327717,0.0,0.0,0.0,0.0
Vestfold::IMG_0544_JPG.rf.1f1ef82dcfca4e345ccf554a32bb8303.jpg,Vestfold,50.0,50.0,C:\Users\depthlev\Desktop\Z_Drone_Final_Project_GA\nenrus-Dataset-of-Drone-Distance-Estimation-a5aac8f\prepared_by_drone_type\Vestfold\distance_50m\images\IMG_0544_JPG.rf.1f1ef82dcfca4e345ccf554a32bb8303.jpg,C:\Users\depthlev\Desktop\Z_Drone_Final_Project_GA\nenrus-Dataset-of-Drone-Distance-Estimation-a5aac8f\prepared_by_drone_type\Vestfold\distance_50m\labels\IMG_0544_JPG.rf.1f1ef82dcfca4e345ccf554a32bb8303.txt,unknown,unknown,22.0,1.06904497,12.0,0.0,0.01145833,0.00055679,0.01111111,0.0,0.00012731,6.19e-06,1.83333333,0.08908708,0.37083333,0.00055679,0.26388889,0.00049493,2.06831932,0.0,0.0,0.0,0.0
Vestfold::IMG_0545_JPG.rf.15cfccdf64554e27c272ce2e3f400084.jpg,Vestfold,50.0,50.0,C:\Users\depthlev\Desktop\Z_Drone_Final_Project_GA\nenrus-Dataset-of-Drone-Distance-Estimation-a5aac8f\prepared_by_drone_type\Vestfold\distance_50m\images\IMG_0545_JPG.rf.15cfccdf64554e27c272ce2e3f400084.jpg,C:\Users\depthlev\Desktop\Z_Drone_Final_Project_GA\nenrus-Dataset-of-Drone-Distance-Estimation-a5aac8f\prepared_by_drone_type\Vestfold\distance_50m\labels\IMG_0545_JPG.rf.15cfccdf64554e27c272ce2e3f400084.txt,unknown,unknown,25.0,1.06904497,14.0,1.06904497,0.01302083,0.00055679,0.01296296,0.00098986,0.00016879,2.013e-05,1.78571429,0.06169216,0.37109375,0.00055679,0.26296296,0.00049493,1.75027871,0.0,0.0,0.0,0.0
Vestfold::IMG_0546_JPG.rf.5975f74e67449b1cfd8d6d29af1470dd.jpg,Vestfold,50.0,50.0,C:\Users\depthlev\Desktop\Z_Drone_Final_Project_GA\nenrus-Dataset-of-Drone-Distance-Estimation-a5aac8f\prepared_by_drone_type\Vestfold\distance_50m\images\IMG_0546_JPG.rf.5975f74e67449b1cfd8d6d29af1470dd.jpg,C:\Users\depthlev\Desktop\Z_Drone_Final_Project_GA\nenrus-Dataset-of-Drone-Distance-Estimation-a5aac8f\prepared_by_drone_type\Vestfold\distance_50m\labels\IMG_0546_JPG.rf.5975f74e67449b1cfd8d6d29af1470dd.txt,unknown,unknown,22.0,1.06904497,14.0,1.06904497,0.01145833,0.00055679,0.01296296,0.00098986,0.00014853,1.858e-05,1.57142857,0.04486703,0.37083333,0.00055679,0.26203704,0.00049493,2.33908248,0.0,0.0,0.0,0.0
Vestfold::IMG_0547_JPG.rf.1bfac0eb07b169f31bd3c127eb2c737a.jpg,Vestfold,50.0,50.0,C:\Users\depthlev\Desktop\Z_Drone_Final_Project_GA\nenrus-Dataset-of-Drone-Distance-Estimation-a5aac8f\prepared_by_drone_type\Vestfold\distance_50m\images\IMG_0547_JPG.rf.1bfac0eb07b169f31bd3c127eb2c737a.jpg,C:\Users\depthlev\Desktop\Z_Drone_Final_Project_GA\nenrus-Dataset-of-Drone-Distance-Estimation-a5aac8f\prepared_by_drone_type\Vestfold\distance_50m\labels\IMG_0547_JPG.rf.1bfac0eb07b169f31bd3c127eb2c737a.txt,unknown,unknown,27.0,1.06904497,16.0,1.06904497,0.0140625,0.00055679,0.01481481,0.00098986,0.00020833,2.219e-05,1.6875,0.04692434,0.37109375,0.00055679,0.26203704,0.00049493,1.8706367,0.0,0.0,0.0,0.0
Vestfold::IMG_0548_JPG.rf.d5e91151a87c1b00df47439d95ebb7ca.jpg,Vestfold,50.0,50.0,C:\Users\depthlev\Desktop\Z_Drone_Final_Project_GA\nenrus-Dataset-of-Drone-Distance-Estimation-a5aac8f\prepared_by_drone_type\Vestfold\distance_50m\images\IMG_0548_JPG.rf.d5e91151a87c1b00df47439d95ebb7ca.jpg,C:\Users\depthlev\Desktop\Z_Drone_Final_Project_GA\nenrus-Dataset-of-Drone-Distance-Estimation-a5aac8f\prepared_by_drone_type\Vestfold\distance_50m\labels\IMG_0548_JPG.rf.d5e91151a87c1b00df47439d95ebb7ca.txt,unknown,unknown,26.0,1.06904497,18.0,1.06904497,0.01354167,0.00055679,0.01666667,0.00098986,0.00022569,2.27e-05,1.44444444,0.02684371,0.37083333,0.00055679,0.26296296,0.00049493,2.23006582,0.0,0.0,0.0,0.0
Vestfold::IMG_0549_JPG.rf.832eb31781f20221606e39a2911cec75.jpg,Vestfold,50.0,50.0,C:\Users\depthlev\Desktop\Z_Drone_Final_Project_GA\nenrus-Dataset-of-Drone-Distance-Estimation-a5aac8f\prepared_by_drone_type\Vestfold\distance_50m\images\IMG_0549_JPG.rf.832eb31781f20221606e39a2911cec75.jpg,C:\Users\depthlev\Desktop\Z_Drone_Final_Project_GA\nenrus-Dataset-of-Drone-Distance-Estimation-a5aac8f\prepared_by_drone_type\Vestfold\distance_50m\labels\IMG_0549_JPG.rf.832eb31781f20221606e39a2911cec75.txt,unknown,unknown,22.0,1.06904497,14.0,1.06904497,0.01145833,0.00055679,0.01296296,0.00098986,0.00014853,1.858e-05,1.57142857,0.04486703,0.37135417,0.00055679,0.26296296,0.00049493,2.006881,0.0,0.0,0.0,0.0
Vestfold::IMG_0550_JPG.rf.18c29f4076475f599fc8c05045c7480a.jpg,Vestfold,50.0,50.0,C:\Users\depthlev\Desktop\Z_Drone_Final_Project_GA\nenrus-Dataset-of-Drone-Distance-Estimation-a5aac8f\prepared_by_drone_type\Vestfold\distance_50m\images\IMG_0550_JPG.rf.18c29f4076475f599fc8c05045c7480a.jpg,C:\Users\depthlev\Desktop\Z_Drone_Final_Project_GA\nenrus-Dataset-of-Drone-Distance-Estimation-a5aac8f\prepared_by_drone_type\Vestfold\distance_50m\labels\IMG_0550_JPG.rf.18c29f4076475f599fc8c05045c7480a.txt,unknown,unknown,22.0,1.06904497,12.0,0.0,0.01145833,0.00055679,0.01111111,0.0,0.00012731,6.19e-06,1.83333333,0.08908708,0.37083333,0.00055679,0.26203704,0.00049493,1.7595737,0.0,0.0,0.0,0.0
Vestfold::IMG_0551_JPG.rf.12cfa4a4891f50e28e420d96d8d969e2.jpg,Vestfold,50.0,50.0,C:\Users\depthlev\Desktop\Z_Drone_Final_Project_GA\nenrus-Dataset-of-Drone-Distance-Estimation-a5aac8f\prepared_by_drone_type\Vestfold\distance_50m\images\IMG_0551_JPG.rf.12cfa4a4891f50e28e420d96d8d969e2.jpg,C:\Users\depthlev\Desktop\Z_Drone_Final_Project_GA\nenrus-Dataset-of-Drone-Distance-Estimation-a5aac8f\prepared_by_drone_type\Vestfold\distance_50m\labels\IMG_0551_JPG.rf.12cfa4a4891f50e28e420d96d8d969e2.txt,unknown,unknown,26.0,1.06904497,15.0,1.06904497,0.01354167,0.00055679,0.01388889,0.00098986,0.00018808,2.116e-05,1.73333333,0.05354716,0.37239583,0.00055679,0.2625,0.00049493,1.883201,0.0,0.0,0.0,0.0
Vestfold::IMG_0552_JPG.rf.97569f777fd2852639554319a4650d97.jpg,Vestfold,50.0,50.0,C:\Users\depthlev\Desktop\Z_Drone_Final_Project_GA\nenrus-Dataset-of-Drone-Distance-Estimation-a5aac8f\prepared_by_drone_type\Vestfold\distance_50m\images\IMG_0552_JPG.rf.97569f777fd2852639554319a4650d97.jpg,C:\Users\depthlev\Desktop\Z_Drone_Final_Project_GA\nenrus-Dataset-of-Drone-Distance-Estimation-a5aac8f\prepared_by_drone_type\Vestfold\distance_50m\labels\IMG_0552_JPG.rf.97569f777fd2852639554319a4650d97.txt,unknown,unknown,24.0,1.06904497,14.0,1.06904497,0.0125,0.00055679,0.01296296,0.00098986,0.00016204,1.961e-05,1.71428571,0.05608378,0.371875,0.00055679,0.26203704,0.00049493,2.09100413,0.0,0.0,0.0,0.0
Vestfold::IMG_0553_JPG.rf.ee1333770cef6cc1ba66a0c55a5a8990.jpg,Vestfold,50.0,50.0,C:\Users\depthlev\Desktop\Z_Drone_Final_Project_GA\nenrus-Dataset-of-Drone-Distance-Estimation-a5aac8f\prepared_by_drone_type\Vestfold\distance_50m\images\IMG_0553_JPG.rf.ee1333770cef6cc1ba66a0c55a5a8990.jpg,C:\Users\depthlev\Desktop\Z_Drone_Final_Project_GA\nenrus-Dataset-of-Drone-Distance-Estimation-a5aac8f\prepared_by_drone_type\Vestfold\distance_50m\labels\IMG_0553_JPG.rf.ee1333770cef6cc1ba66a0c55a5a8990.txt,unknown,unknown,23.0,1.06904497,12.0,0.0,0.01197917,0.00055679,0.01111111,0.0,0.0001331,6.19e-06,1.91666667,0.08908708,0.37109375,0.00055679,0.26296296,0.00049493,2.20128369,0.0,0.0,0.0,0.0
Vestfold::IMG_0554_JPG.rf.e40569828e85018b1eba6b89a2a3cff5.jpg,Vestfold,50.0,50.0,C:\Users\depthlev\Desktop\Z_Drone_Final_Project_GA\nenrus-Dataset-of-Drone-Distance-Estimation-a5aac8f\prepared_by_drone_type\Vestfold\distance_50m\images\IMG_0554_JPG.rf.e40569828e85018b1eba6b89a2a3cff5.jpg,C:\Users\depthlev\Desktop\Z_Drone_Final_Project_GA\nenrus-Dataset-of-Drone-Distance-Estimation-a5aac8f\prepared_by_drone_type\Vestfold\distance_50m\labels\IMG_0554_JPG.rf.e40569828e85018b1eba6b89a2a3cff5.txt,unknown,unknown,24.0,1.06904497,14.0,1.06904497,0.0125,0.00055679,0.01296296,0.00098986,0.00016204,1.961e-05,1.71428571,0.05608378,0.37135417,0.00055679,0.26203704,0.00049493,2.0840416,0.0,0.0,0.0,0.0
Vestfold::IMG_0555_JPG.rf.2de522bb192d859ec38373c0da7a3474.jpg,Vestfold,50.0,50.0,C:\Users\depthlev\Desktop\Z_Drone_Final_Project_GA\nenrus-Dataset-of-Drone-Distance-Estimation-a5aac8f\prepared_by_drone_type\Vestfold\distance_50m\images\IMG_0555_JPG.rf.2de522bb192d859ec38373c0da7a3474.jpg,C:\Users\depthlev\Desktop\Z_Drone_Final_Project_GA\nenrus-Dataset-of-Drone-Distance-Estimation-a5aac8f\prepared_by_drone_type\Vestfold\distance_50m\labels\IMG_0555_JPG.rf.2de522bb192d859ec38373c0da7a3474.txt,unknown,unknown,24.0,1.06904497,12.0,0.0,0.0125,0.00055679,0.01111111,0.0,0.00013889,6.19e-06,2.0,0.08908708,0.371875,0.00055679,0.26296296,0.00049493,2.15507841,0.0,0.0,0.0,0.0
Vestfold::IMG_0556_JPG.rf.bce3166af28b45f3dde4c9866dc71796.jpg,Vestfold,50.0,50.0,C:\Users\depthlev\Desktop\Z_Drone_Final_Project_GA\nenrus-Dataset-of-Drone-Distance-Estimation-a5aac8f\prepared_by_drone_type\Vestfold\distance_50m\images\IMG_0556_JPG.rf.bce3166af28b45f3dde4c9866dc71796.jpg,C:\Users\depthlev\Desktop\Z_Drone_Final_Project_GA\nenrus-Dataset-of-Drone-Distance-Estimation-a5aac8f\prepared_by_drone_type\Vestfold\distance_50m\labels\IMG_0556_JPG.rf.bce3166af28b45f3dde4c9866dc71796.txt,unknown,unknown,26.0,1.06904497,14.0,1.06904497,0.01354167,0.00055679,0.01296296,0.00098986,0.00017554,2.064e-05,1.85714286,0.06730054,0.37239583,0.00055679,0.26296296,0.00049493,2.14417696,0.0,0.0,0.0,0.0
Vestfold::IMG_0557_JPG.rf.a2d62596a88f301e35155ae570993c90.jpg,Vestfold,50.0,50.0,C:\Users\depthlev\Desktop\Z_Drone_Final_Project_GA\nenrus-Dataset-of-Drone-Distance-Estimation-a5aac8f\prepared_by_drone_type\Vestfold\distance_50m\images\IMG_0557_JPG.rf.a2d62596a88f301e35155ae570993c90.jpg,C:\Users\depthlev\Desktop\Z_Drone_Final_Project_GA\nenrus-Dataset-of-Drone-Distance-Estimation-a5aac8f\prepared_by_drone_type\Vestfold\distance_50m\labels\IMG_0557_JPG.rf.a2d62596a88f301e35155ae570993c90.txt,unknown,unknown,26.0,1.06904497,17.0,1.06904497,0.01354167,0.00055679,0.01574074,0.00098986,0.00021316,2.219e-05,1.52941176,0.03392578,0.371875,0.00055679,0.2625,0.00049493,2.20739222,0.0,0.0,0.0,0.0
Vestfold::IMG_0558_JPG.rf.1f8da87a464b4a16598399a9af440228.jpg,Vestfold,50.0,50.0,C:\Users\depthlev\Desktop\Z_Drone_Final_Project_GA\nenrus-Dataset-of-Drone-Distance-Estimation-a5aac8f\prepared_by_drone_type\Vestfold\distance_50m\images\IMG_0558_JPG.rf.1f8da87a464b4a16598399a9af440228.jpg,C:\Users\depthlev\Desktop\Z_Drone_Final_Project_GA\nenrus-Dataset-of-Drone-Distance-Estimation-a5aac8f\prepared_by_drone_type\Vestfold\distance_50m\labels\IMG_0558_JPG.rf.1f8da87a464b4a16598399a9af440228.txt,unknown,unknown,29.0,1.06904497,13.0,1.06904497,0.01510417,0.00055679,0.01203704,0.00098986,0.00018181,2.167e-05,2.23076923,0.10453758,0.37265625,0.00055679,0.26342593,0.00049493,1.89582551,0.0,0.0,0.0,0.0
Vestfold::IMG_0559_JPG.rf.d91dd43b5883820898b127d34df9cbe2.jpg,Vestfold,50.0,50.0,C:\Users\depthlev\Desktop\Z_Drone_Final_Project_GA\nenrus-Dataset-of-Drone-Distance-Estimation-a5aac8f\prepared_by_drone_type\Vestfold\distance_50m\images\IMG_0559_JPG.rf.d91dd43b5883820898b127d34df9cbe2.jpg,C:\Users\depthlev\Desktop\Z_Drone_Final_Project_GA\nenrus-Dataset-of-Drone-Distance-Estimation-a5aac8f\prepared_by_drone_type\Vestfold\distance_50m\labels\IMG_0559_JPG.rf.d91dd43b5883820898b127d34df9cbe2.txt,unknown,unknown,24.0,1.06904497,13.0,1.06904497,0.0125,0.00055679,0.01203704,0.00098986,0.00015046,1.91e-05,1.84615385,0.07186959,0.37239583,0.00055679,0.26342593,0.00049493,1.83336365,0.0,0.0,0.0,0.0
Vestfold::IMG_0560_JPG.rf.5efcddf831d839ecdb3dd729e7b3500f.jpg,Vestfold,50.0,50.0,C:\Users\depthlev\Desktop\Z_Drone_Final_Project_GA\nenrus-Dataset-of-Drone-Distance-Estimation-a5aac8f\prepared_by_drone_type\Vestfold\distance_50m\images\IMG_0560_JPG.rf.5efcddf831d839ecdb3dd729e7b3500f.jpg,C:\Users\depthlev\Desktop\Z_Drone_Final_Project_GA\nenrus-Dataset-of-Drone-Distance-Estimation-a5aac8f\prepared_by_drone_type\Vestfold\distance_50m\labels\IMG_0560_JPG.rf.5efcddf831d839ecdb3dd729e7b3500f.txt,unknown,unknown,27.0,1.06904497,15.0,1.06904497,0.0140625,0.00055679,0.01388889,0.00098986,0.00019531,2.167e-05,1.8,0.05841508,0.37213542,0.00055679,0.26342593,0.00049493,2.08122635,0.0,0.0,0.0,0.0
Vestfold::IMG_0561_JPG.rf.7cccc51502bcbd4dcd3ee1d51c2a5cdf.jpg,Vestfold,50.0,50.0,C:\Users\depthlev\Desktop\Z_Drone_Final_Project_GA\nenrus-Dataset-of-Drone-Distance-Estimation-a5aac8f\prepared_by_drone_type\Vestfold\distance_50m\images\IMG_0561_JPG.rf.7cccc51502bcbd4dcd3ee1d51c2a5cdf.jpg,C:\Users\depthlev\Desktop\Z_Drone_Final_Project_GA\nenrus-Dataset-of-Drone-Distance-Estimation-a5aac8f\prepared_by_drone_type\Vestfold\distance_50m\labels\IMG_0561_JPG.rf.7cccc51502bcbd4dcd3ee1d51c2a5cdf.txt,unknown,unknown,24.0,1.06904497,11.0,0.0,0.0125,0.00055679,0.01018519,0.0,0.00012731,5.67e-06,2.18181818,0.09718591,0.371875,0.00055679,0.26342593,0.00049493,2.34403229,0.0,0.0,0.0,0.0
Vestfold::IMG_0562_JPG.rf.acec7eb67abe514100685764a11dc137.jpg,Vestfold,50.0,50.0,C:\Users\depthlev\Desktop\Z_Drone_Final_Project_GA\nenrus-Dataset-of-Drone-Distance-Estimation-a5aac8f\prepared_by_drone_type\Vestfold\distance_50m\images\IMG_0562_JPG.rf.acec7eb67abe514100685764a11dc137.jpg,C:\Users\depthlev\Desktop\Z_Drone_Final_Project_GA\nenrus-Dataset-of-Drone-Distance-Estimation-a5aac8f\prepared_by_drone_type\Vestfold\distance_50m\labels\IMG_0562_JPG.rf.acec7eb67abe514100685764a11dc137.txt,unknown,unknown,22.0,1.06904497,12.0,0.0,0.01145833,0.00055679,0.01111111,0.0,0.00012731,6.19e-06,1.83333333,0.08908708,0.371875,0.00055679,0.26388889,0.00049493,2.42962265,0.0,0.0,0.0,0.0
Vestfold::IMG_0563_JPG.rf.09dc0cac284ff6bf589eb668de3870af.jpg,Vestfold,50.0,50.0,C:\Users\depthlev\Desktop\Z_Drone_Final_Project_GA\nenrus-Dataset-of-Drone-Distance-Estimation-a5aac8f\prepared_by_drone_type\Vestfold\distance_50m\images\IMG_0563_JPG.rf.09dc0cac284ff6bf589eb668de3870af.jpg,C:\Users\depthlev\Desktop\Z_Drone_Final_Project_GA\nenrus-Dataset-of-Drone-Distance-Estimation-a5aac8f\prepared_by_drone_type\Vestfold\distance_50m\labels\IMG_0563_JPG.rf.09dc0cac284ff6bf589eb668de3870af.txt,unknown,unknown,23.0,1.06904497,12.0,0.0,0.01197917,0.00055679,0.01111111,0.0,0.0001331,6.19e-06,1.91666667,0.08908708,0.37213542,0.00055679,0.26388889,0.00049493,2.29993153,0.0,0.0,0.0,0.0
Vestfold::IMG_0564_JPG.rf.72d6e7f54924b9ba6f25f0c3b2b42f19.jpg,Vestfold,55.0,55.0,C:\Users\depthlev\Desktop\Z_Drone_Final_Project_GA\nenrus-Dataset-of-Drone-Distance-Estimation-a5aac8f\prepared_by_drone_type\Vestfold\distance_55m\images\IMG_0564_JPG.rf.72d6e7f54924b9ba6f25f0c3b2b42f19.jpg,C:\Users\depthlev\Desktop\Z_Drone_Final_Project_GA\nenrus-Dataset-of-Drone-Distance-Estimation-a5aac8f\prepared_by_drone_type\Vestfold\distance_55m\labels\IMG_0564_JPG.rf.72d6e7f54924b9ba6f25f0c3b2b42f19.txt,unknown,unknown,24.0,1.06904497,15.0,1.06904497,0.0125,0.00055679,0.01388889,0.00098986,0.00017361,2.013e-05,1.6,0.04381131,0.37083333,0.00055679,0.29212963,0.00049493,1.97260594,0.0,0.0,0.0,0.0
Vestfold::IMG_0565_JPG.rf.131deea250c3b85f0d69d9ed66a1d66b.jpg,Vestfold,55.0,55.0,C:\Users\depthlev\Desktop\Z_Drone_Final_Project_GA\nenrus-Dataset-of-Drone-Distance-Estimation-a5aac8f\prepared_by_drone_type\Vestfold\distance_55m\images\IMG_0565_JPG.rf.131deea250c3b85f0d69d9ed66a1d66b.jpg,C:\Users\depthlev\Desktop\Z_Drone_Final_Project_GA\nenrus-Dataset-of-Drone-Distance-Estimation-a5aac8f\prepared_by_drone_type\Vestfold\distance_55m\labels\IMG_0565_JPG.rf.131deea250c3b85f0d69d9ed66a1d66b.txt,unknown,unknown,23.0,1.06904497,14.0,1.06904497,0.01197917,0.00055679,0.01296296,0.00098986,0.00015529,1.91e-05,1.64285714,0.05047541,0.37161458,0.00055679,0.29166667,0.00049493,1.95275521,0.0,0.0,0.0,0.0
Vestfold::IMG_0566_JPG.rf.94d70822b06b13506b557d4aec4d9c73.jpg,Vestfold,55.0,55.0,C:\Users\depthlev\Desktop\Z_Drone_Final_Project_GA\nenrus-Dataset-of-Drone-Distance-Estimation-a5aac8f\prepared_by_drone_type\Vestfold\distance_55m\images\IMG_0566_JPG.rf.94d70822b06b13506b557d4aec4d9c73.jpg,C:\Users\depthlev\Desktop\Z_Drone_Final_Project_GA\nenrus-Dataset-of-Drone-Distance-Estimation-a5aac8f\prepared_by_drone_type\Vestfold\distance_55m\labels\IMG_0566_JPG.rf.94d70822b06b13506b557d4aec4d9c73.txt,unknown,unknown,24.0,1.06904497,14.0,1.06904497,0.0125,0.00055679,0.01296296,0.00098986,0.00016204,1.961e-05,1.71428571,0.05608378,0.37083333,0.00055679,0.29166667,0.00049493,2.14783525,0.0,0.0,0.0,0.0
Vestfold::IMG_0567_JPG.rf.544c9ced18b2ef26bc3e7aec0fc426a2.jpg,Vestfold,55.0,55.0,C:\Users\depthlev\Desktop\Z_Drone_Final_Project_GA\nenrus-Dataset-of-Drone-Distance-Estimation-a5aac8f\prepared_by_drone_type\Vestfold\distance_55m\images\IMG_0567_JPG.rf.544c9ced18b2ef26bc3e7aec0fc426a2.jpg,C:\Users\depthlev\Desktop\Z_Drone_Final_Project_GA\nenrus-Dataset-of-Drone-Distance-Estimation-a5aac8f\prepared_by_drone_type\Vestfold\distance_55m\labels\IMG_0567_JPG.rf.544c9ced18b2ef26bc3e7aec0fc426a2.txt,unknown,unknown,25.0,1.06904497,15.0,1.06904497,0.01302083,0.00055679,0.01388889,0.00098986,0.00018084,2.064e-05,1.66666667,0.04867924,0.37109375,0.00055679,0.29212963,0.00049493,2.05941463,0.0,0.0,0.0,0.0
Vestfold::IMG_0568_JPG.rf.e971007b0df2c9dfaf7f3a72e2c0bf37.jpg,Vestfold,55.0,55.0,C:\Users\depthlev\Desktop\Z_Drone_Final_Project_GA\nenrus-Dataset-of-Drone-Distance-Estimation-a5aac8f\prepared_by_drone_type\Vestfold\distance_55m\images\IMG_0568_JPG.rf.e971007b0df2c9dfaf7f3a72e2c0bf37.jpg,C:\Users\depthlev\Desktop\Z_Drone_Final_Project_GA\nenrus-Dataset-of-Drone-Distance-Estimation-a5aac8f\prepared_by_drone_type\Vestfold\distance_55m\labels\IMG_0568_JPG.rf.e971007b0df2c9dfaf7f3a72e2c0bf37.txt,unknown,unknown,27.0,1.06904497,13.0,1.06904497,0.0140625,0.00055679,0.01203704,0.00098986,0.00016927,2.064e-05,2.07692308,0.09147038,0.37109375,0.00055679,0.29212963,0.00049493,2.32567382,0.0,0.0,0.0,0.0
Vestfold::IMG_0569_JPG.rf.730297134c4c29ac9b50d8584a5130a3.jpg,Vestfold,55.0,55.0,C:\Users\depthlev\Desktop\Z_Drone_Final_Project_GA\nenrus-Dataset-of-Drone-Distance-Estimation-a5aac8f\prepared_by_drone_type\Vestfold\distance_55m\images\IMG_0569_JPG.rf.730297134c4c29ac9b50d8584a5130a3.jpg,C:\Users\depthlev\Desktop\Z_Drone_Final_Project_GA\nenrus-Dataset-of-Drone-Distance-Estimation-a5aac8f\prepared_by_drone_type\Vestfold\distance_55m\labels\IMG_0569_JPG.rf.730297134c4c29ac9b50d8584a5130a3.txt,unknown,unknown,21.0,1.06904497,14.0,1.06904497,0.0109375,0.00055679,0.01296296,0.00098986,0.00014178,1.807e-05,1.5,0.03925865,0.37005208,0.00055679,0.29166667,0.00049493,1.85088027,0.0,0.0,0.0,0.0
Vestfold::IMG_0570_JPG.rf.c2ba28a678c1bcfd69dd791ddbfbaf89.jpg,Vestfold,55.0,55.0,C:\Users\depthlev\Desktop\Z_Drone_Final_Project_GA\nenrus-Dataset-of-Drone-Distance-Estimation-a5aac8f\prepared_by_drone_type\Vestfold\distance_55m\images\IMG_0570_JPG.rf.c2ba28a678c1bcfd69dd791ddbfbaf89.jpg,C:\Users\depthlev\Desktop\Z_Drone_Final_Project_GA\nenrus-Dataset-of-Drone-Distance-Estimation-a5aac8f\prepared_by_drone_type\Vestfold\distance_55m\labels\IMG_0570_JPG.rf.c2ba28a678c1bcfd69dd791ddbfbaf89.txt,unknown,unknown,21.0,1.06904497,12.0,0.0,0.0109375,0.00055679,0.01111111,0.0,0.00012153,6.19e-06,1.75,0.08908708,0.37057292,0.00055679,0.28981481,0.00049493,1.72890699,0.0,0.0,0.0,0.0
Vestfold::IMG_0571_JPG.rf.d927ee92cd559b3a366b5a70a57547bf.jpg,Vestfold,55.0,55.0,C:\Users\depthlev\Desktop\Z_Drone_Final_Project_GA\nenrus-Dataset-of-Drone-Distance-Estimation-a5aac8f\prepared_by_drone_type\Vestfold\distance_55m\images\IMG_0571_JPG.rf.d927ee92cd559b3a366b5a70a57547bf.jpg,C:\Users\depthlev\Desktop\Z_Drone_Final_Project_GA\nenrus-Dataset-of-Drone-Distance-Estimation-a5aac8f\prepared_by_drone_type\Vestfold\distance_55m\labels\IMG_0571_JPG.rf.d927ee92cd559b3a366b5a70a57547bf.txt,unknown,unknown,21.0,1.06904497,13.0,1.06904497,0.0109375,0.00055679,0.01203704,0.00098986,0.00013166,1.755e-05,1.61538462,0.05226879,0.37057292,0.00055679,0.29212963,0.00049493,1.99146974,0.0,0.0,0.0,0.0
Vestfold::IMG_0572_JPG.rf.d11fcbbfc5f69d7d82eca66fabf54742.jpg,Vestfold,55.0,55.0,C:\Users\depthlev\Desktop\Z_Drone_Final_Project_GA\nenrus-Dataset-of-Drone-Distance-Estimation-a5aac8f\prepared_by_drone_type\Vestfold\distance_55m\images\IMG_0572_JPG.rf.d11fcbbfc5f69d7d82eca66fabf54742.jpg,C:\Users\depthlev\Desktop\Z_Drone_Final_Project_GA\nenrus-Dataset-of-Drone-Distance-Estimation-a5aac8f\prepared_by_drone_type\Vestfold\distance_55m\labels\IMG_0572_JPG.rf.d11fcbbfc5f69d7d82eca66fabf54742.txt,unknown,unknown,24.0,1.06904497,13.0,1.06904497,0.0125,0.00055679,0.01203704,0.00098986,0.00015046,1.91e-05,1.84615385,0.07186959,0.37083333,0.00055679,0.29027778,0.00049493,1.69743276,0.0,0.0,0.0,0.0
Vestfold::IMG_0573_JPG.rf.6efdcfdf355327b51aaee3efa143154f.jpg,Vestfold,55.0,55.0,C:\Users\depthlev\Desktop\Z_Drone_Final_Project_GA\nenrus-Dataset-of-Drone-Distance-Estimation-a5aac8f\prepared_by_drone_type\Vestfold\distance_55m\images\IMG_0573_JPG.rf.6efdcfdf355327b51aaee3efa143154f.jpg,C:\Users\depthlev\Desktop\Z_Drone_Final_Project_GA\nenrus-Dataset-of-Drone-Distance-Estimation-a5aac8f\prepared_by_drone_type\Vestfold\distance_55m\labels\IMG_0573_JPG.rf.6efdcfdf355327b51aaee3efa143154f.txt,unknown,unknown,25.0,1.06904497,14.0,1.06904497,0.01302083,0.00055679,0.01296296,0.00098986,0.00016879,2.013e-05,1.78571429,0.06169216,0.37057292,0.00055679,0.29259259,0.00049493,2.19270039,0.0,0.0,0.0,0.0
Vestfold::IMG_0574_JPG.rf.2b6c9c2ea2322325250479e1eeb7bb5b.jpg,Vestfold,55.0,55.0,C:\Users\depthlev\Desktop\Z_Drone_Final_Project_GA\nenrus-Dataset-of-Drone-Distance-Estimation-a5aac8f\prepared_by_drone_type\Vestfold\distance_55m\images\IMG_0574_JPG.rf.2b6c9c2ea2322325250479e1eeb7bb5b.jpg,C:\Users\depthlev\Desktop\Z_Drone_Final_Project_GA\nenrus-Dataset-of-Drone-Distance-Estimation-a5aac8f\prepared_by_drone_type\Vestfold\distance_55m\labels\IMG_0574_JPG.rf.2b6c9c2ea2322325250479e1eeb7bb5b.txt,unknown,unknown,25.0,1.06904497,14.0,1.06904497,0.01302083,0.00055679,0.01296296,0.00098986,0.00016879,2.013e-05,1.78571429,0.06169216,0.37005208,0.00055679,0.29166667,0.00049493,2.27189732,0.0,0.0,0.0,0.0
Vestfold::IMG_0575_JPG.rf.61d14740cb947e552be4d781a52fe85f.jpg,Vestfold,55.0,55.0,C:\Users\depthlev\Desktop\Z_Drone_Final_Project_GA\nenrus-Dataset-of-Drone-Distance-Estimation-a5aac8f\prepared_by_drone_type\Vestfold\distance_55m\images\IMG_0575_JPG.rf.61d14740cb947e552be4d781a52fe85f.jpg,C:\Users\depthlev\Desktop\Z_Drone_Final_Project_GA\nenrus-Dataset-of-Drone-Distance-Estimation-a5aac8f\prepared_by_drone_type\Vestfold\distance_55m\labels\IMG_0575_JPG.rf.61d14740cb947e552be4d781a52fe85f.txt,unknown,unknown,22.0,1.06904497,14.0,1.06904497,0.01145833,0.00055679,0.01296296,0.00098986,0.00014853,1.858e-05,1.57142857,0.04486703,0.37083333,0.00055679,0.29074074,0.00049493,2.02118349,0.0,0.0,0.0,0.0
Vestfold::IMG_0576_JPG.rf.13c475f82e6735205f54d6abfa1352c9.jpg,Vestfold,55.0,55.0,C:\Users\depthlev\Desktop\Z_Drone_Final_Project_GA\nenrus-Dataset-of-Drone-Distance-Estimation-a5aac8f\prepared_by_drone_type\Vestfold\distance_55m\images\IMG_0576_JPG.rf.13c475f82e6735205f54d6abfa1352c9.jpg,C:\Users\depthlev\Desktop\Z_Drone_Final_Project_GA\nenrus-Dataset-of-Drone-Distance-Estimation-a5aac8f\prepared_by_drone_type\Vestfold\distance_55m\labels\IMG_0576_JPG.rf.13c475f82e6735205f54d6abfa1352c9.txt,unknown,unknown,21.0,1.06904497,14.0,1.06904497,0.0109375,0.00055679,0.01296296,0.00098986,0.00014178,1.807e-05,1.5,0.03925865,0.37005208,0.00055679,0.29166667,0.00049493,2.19784498,0.0,0.0,0.0,0.0
Vestfold::IMG_0577_JPG.rf.f4b608ddfbfd4cdf56cfa258102dd770.jpg,Vestfold,55.0,55.0,C:\Users\depthlev\Desktop\Z_Drone_Final_Project_GA\nenrus-Dataset-of-Drone-Distance-Estimation-a5aac8f\prepared_by_drone_type\Vestfold\distance_55m\images\IMG_0577_JPG.rf.f4b608ddfbfd4cdf56cfa258102dd770.jpg,C:\Users\depthlev\Desktop\Z_Drone_Final_Project_GA\nenrus-Dataset-of-Drone-Distance-Estimation-a5aac8f\prepared_by_drone_type\Vestfold\distance_55m\labels\IMG_0577_JPG.rf.f4b608ddfbfd4cdf56cfa258102dd770.txt,unknown,unknown,19.0,1.06904497,13.0,1.06904497,0.00989583,0.00055679,0.01203704,0.00098986,0.00011912,1.652e-05,1.46153846,0.03920159,0.37057292,0.00055679,0.29027778,0.00049493,2.21731687,0.0,0.0,0.0,0.0
Vestfold::IMG_0578_JPG.rf.1b47da0ec86cbab9fd31ec0002128fd2.jpg,Vestfold,55.0,55.0,C:\Users\depthlev\Desktop\Z_Drone_Final_Project_GA\nenrus-Dataset-of-Drone-Distance-Estimation-a5aac8f\prepared_by_drone_type\Vestfold\distance_55m\images\IMG_0578_JPG.rf.1b47da0ec86cbab9fd31ec0002128fd2.jpg,C:\Users\depthlev\Desktop\Z_Drone_Final_Project_GA\nenrus-Dataset-of-Drone-Distance-Estimation-a5aac8f\prepared_by_drone_type\Vestfold\distance_55m\labels\IMG_0578_JPG.rf.1b47da0ec86cbab9fd31ec0002128fd2.txt,unknown,unknown,23.0,1.06904497,13.0,1.06904497,0.01197917,0.00055679,0.01203704,0.00098986,0.00014419,1.858e-05,1.76923077,0.06533599,0.37057292,0.00055679,0.2912037,0.00049493,1.76719832,0.0,0.0,0.0,0.0
Vestfold::IMG_0579_JPG.rf.e8820c929cb082a69734bb5389a97167.jpg,Vestfold,55.0,55.0,C:\Users\depthlev\Desktop\Z_Drone_Final_Project_GA\nenrus-Dataset-of-Drone-Distance-Estimation-a5aac8f\prepared_by_drone_type\Vestfold\distance_55m\images\IMG_0579_JPG.rf.e8820c929cb082a69734bb5389a97167.jpg,C:\Users\depthlev\Desktop\Z_Drone_Final_Project_GA\nenrus-Dataset-of-Drone-Distance-Estimation-a5aac8f\prepared_by_drone_type\Vestfold\distance_55m\labels\IMG_0579_JPG.rf.e8820c929cb082a69734bb5389a97167.txt,unknown,unknown,22.0,1.06904497,12.0,0.0,0.01145833,0.00055679,0.01111111,0.0,0.00012731,6.19e-06,1.83333333,0.08908708,0.37135417,0.00055679,0.29074074,0.00049493,1.91916966,0.0,0.0,0.0,0.0
Vestfold::IMG_0580_JPG.rf.a09188c93f5ce81df36f6e9b2954723e.jpg,Vestfold,55.0,55.0,C:\Users\depthlev\Desktop\Z_Drone_Final_Project_GA\nenrus-Dataset-of-Drone-Distance-Estimation-a5aac8f\prepared_by_drone_type\Vestfold\distance_55m\images\IMG_0580_JPG.rf.a09188c93f5ce81df36f6e9b2954723e.jpg,C:\Users\depthlev\Desktop\Z_Drone_Final_Project_GA\nenrus-Dataset-of-Drone-Distance-Estimation-a5aac8f\prepared_by_drone_type\Vestfold\distance_55m\labels\IMG_0580_JPG.rf.a09188c93f5ce81df36f6e9b2954723e.txt,unknown,unknown,23.0,1.06904497,12.0,0.0,0.01197917,0.00055679,0.01111111,0.0,0.0001331,6.19e-06,1.91666667,0.08908708,0.36953125,0.00055679,0.28981481,0.00049493,1.69085383,0.0,0.0,0.0,0.0
Vestfold::IMG_0581_JPG.rf.725be81488fe2a02bf45bd14ba1f6ee8.jpg,Vestfold,55.0,55.0,C:\Users\depthlev\Desktop\Z_Drone_Final_Project_GA\nenrus-Dataset-of-Drone-Distance-Estimation-a5aac8f\prepared_by_drone_type\Vestfold\distance_55m\images\IMG_0581_JPG.rf.725be81488fe2a02bf45bd14ba1f6ee8.jpg,C:\Users\depthlev\Desktop\Z_Drone_Final_Project_GA\nenrus-Dataset-of-Drone-Distance-Estimation-a5aac8f\prepared_by_drone_type\Vestfold\distance_55m\labels\IMG_0581_JPG.rf.725be81488fe2a02bf45bd14ba1f6ee8.txt,unknown,unknown,23.0,1.06904497,13.0,1.06904497,0.01197917,0.00055679,0.01203704,0.00098986,0.00014419,1.858e-05,1.76923077,0.06533599,0.37005208,0.00055679,0.28935185,0.00049493,1.99882209,0.0,0.0,0.0,0.0
Vestfold::IMG_0582_JPG.rf.30688334f73de160498978d0987553cc.jpg,Vestfold,55.0,55.0,C:\Users\depthlev\Desktop\Z_Drone_Final_Project_GA\nenrus-Dataset-of-Drone-Distance-Estimation-a5aac8f\prepared_by_drone_type\Vestfold\distance_55m\images\IMG_0582_JPG.rf.30688334f73de160498978d0987553cc.jpg,C:\Users\depthlev\Desktop\Z_Drone_Final_Project_GA\nenrus-Dataset-of-Drone-Distance-Estimation-a5aac8f\prepared_by_drone_type\Vestfold\distance_55m\labels\IMG_0582_JPG.rf.30688334f73de160498978d0987553cc.txt,unknown,unknown,24.0,1.06904497,13.0,1.06904497,0.0125,0.00055679,0.01203704,0.00098986,0.00015046,1.91e-05,1.84615385,0.07186959,0.36979167,0.00055679,0.29027778,0.00049493,1.91023207,0.0,0.0,0.0,0.0
Vestfold::IMG_0583_JPG.rf.40a368976181ad22ee10076542dbf0fc.jpg,Vestfold,55.0,55.0,C:\Users\depthlev\Desktop\Z_Drone_Final_Project_GA\nenrus-Dataset-of-Drone-Distance-Estimation-a5aac8f\prepared_by_drone_type\Vestfold\distance_55m\images\IMG_0583_JPG.rf.40a368976181ad22ee10076542dbf0fc.jpg,C:\Users\depthlev\Desktop\Z_Drone_Final_Project_GA\nenrus-Dataset-of-Drone-Distance-Estimation-a5aac8f\prepared_by_drone_type\Vestfold\distance_55m\labels\IMG_0583_JPG.rf.40a368976181ad22ee10076542dbf0fc.txt,unknown,unknown,26.0,1.06904497,14.0,1.06904497,0.01354167,0.00055679,0.01296296,0.00098986,0.00017554,2.064e-05,1.85714286,0.06730054,0.36979167,0.00055679,0.29074074,0.00049493,2.02856374,0.0,0.0,0.0,0.0
Vestfold::IMG_0624_JPG.rf.371e5dad9d34692f3779c4330ce01e1b.jpg,Vestfold,60.0,60.0,C:\Users\depthlev\Desktop\Z_Drone_Final_Project_GA\nenrus-Dataset-of-Drone-Distance-Estimation-a5aac8f\prepared_by_drone_type\Vestfold\distance_60m\images\IMG_0624_JPG.rf.371e5dad9d34692f3779c4330ce01e1b.jpg,C:\Users\depthlev\Desktop\Z_Drone_Final_Project_GA\nenrus-Dataset-of-Drone-Distance-Estimation-a5aac8f\prepared_by_drone_type\Vestfold\distance_60m\labels\IMG_0624_JPG.rf.371e5dad9d34692f3779c4330ce01e1b.txt,unknown,unknown,23.0,1.06904497,13.0,1.06904497,0.01197917,0.00055679,0.01203704,0.00098986,0.00014419,1.858e-05,1.76923077,0.06533599,0.36953125,0.00055679,0.29305556,0.00049493,2.27515292,0.0,0.0,0.0,0.0
Vestfold::IMG_0625_JPG.rf.46ad123666ed3ce728cd7ed7c7c84141.jpg,Vestfold,60.0,60.0,C:\Users\depthlev\Desktop\Z_Drone_Final_Project_GA\nenrus-Dataset-of-Drone-Distance-Estimation-a5aac8f\prepared_by_drone_type\Vestfold\distance_60m\images\IMG_0625_JPG.rf.46ad123666ed3ce728cd7ed7c7c84141.jpg,C:\Users\depthlev\Desktop\Z_Drone_Final_Project_GA\nenrus-Dataset-of-Drone-Distance-Estimation-a5aac8f\prepared_by_drone_type\Vestfold\distance_60m\labels\IMG_0625_JPG.rf.46ad123666ed3ce728cd7ed7c7c84141.txt,unknown,unknown,26.0,1.06904497,12.0,0.0,0.01354167,0.00055679,0.01111111,0.0,0.00015046,6.19e-06,2.16666667,0.08908708,0.36979167,0.00055679,0.29351852,0.00049493,2.25302982,0.0,0.0,0.0,0.0
Vestfold::IMG_0626_JPG.rf.404e498daa563b866b8b5dbf0604899d.jpg,Vestfold,60.0,60.0,C:\Users\depthlev\Desktop\Z_Drone_Final_Project_GA\nenrus-Dataset-of-Drone-Distance-Estimation-a5aac8f\prepared_by_drone_type\Vestfold\distance_60m\images\IMG_0626_JPG.rf.404e498daa563b866b8b5dbf0604899d.jpg,C:\Users\depthlev\Desktop\Z_Drone_Final_Project_GA\nenrus-Dataset-of-Drone-Distance-Estimation-a5aac8f\prepared_by_drone_type\Vestfold\distance_60m\labels\IMG_0626_JPG.rf.404e498daa563b866b8b5dbf0604899d.txt,unknown,unknown,22.0,1.06904497,11.0,0.0,0.01145833,0.00055679,0.01018519,0.0,0.00011671,5.67e-06,2.0,0.09718591,0.36927083,0.00055679,0.29398148,0.00049493,2.19798541,0.0,0.0,0.0,0.0
Vestfold::IMG_0627_JPG.rf.f983edf611a1ba0a3314cbbb00bc5309.jpg,Vestfold,60.0,60.0,C:\Users\depthlev\Desktop\Z_Drone_Final_Project_GA\nenrus-Dataset-of-Drone-Distance-Estimation-a5aac8f\prepared_by_drone_type\Vestfold\distance_60m\images\IMG_0627_JPG.rf.f983edf611a1ba0a3314cbbb00bc5309.jpg,C:\Users\depthlev\Desktop\Z_Drone_Final_Project_GA\nenrus-Dataset-of-Drone-Distance-Estimation-a5aac8f\prepared_by_drone_type\Vestfold\distance_60m\labels\IMG_0627_JPG.rf.f983edf611a1ba0a3314cbbb00bc5309.txt,unknown,unknown,23.0,1.06904497,11.0,0.0,0.01197917,0.00055679,0.01018519,0.0,0.00012201,5.67e-06,2.09090909,0.09718591,0.36901042,0.00055679,0.29212963,0.00049493,2.36024737,0.0,0.0,0.0,0.0
Vestfold::IMG_0628_JPG.rf.f57a9d48d22773358b7db938e9d493a5.jpg,Vestfold,60.0,60.0,C:\Users\depthlev\Desktop\Z_Drone_Final_Project_GA\nenrus-Dataset-of-Drone-Distance-Estimation-a5aac8f\prepared_by_drone_type\Vestfold\distance_60m\images\IMG_0628_JPG.rf.f57a9d48d22773358b7db938e9d493a5.jpg,C:\Users\depthlev\Desktop\Z_Drone_Final_Project_GA\nenrus-Dataset-of-Drone-Distance-Estimation-a5aac8f\prepared_by_drone_type\Vestfold\distance_60m\labels\IMG_0628_JPG.rf.f57a9d48d22773358b7db938e9d493a5.txt,unknown,unknown,25.0,1.06904497,13.0,1.06904497,0.01302083,0.00055679,0.01203704,0.00098986,0.00015673,1.961e-05,1.92307692,0.07840319,0.37005208,0.00055679,0.29305556,0.00049493,2.42679095,0.0,0.0,0.0,0.0
Vestfold::IMG_0629_JPG.rf.a0d339b7cfeb589988608918e6f27989.jpg,Vestfold,60.0,60.0,C:\Users\depthlev\Desktop\Z_Drone_Final_Project_GA\nenrus-Dataset-of-Drone-Distance-Estimation-a5aac8f\prepared_by_drone_type\Vestfold\distance_60m\images\IMG_0629_JPG.rf.a0d339b7cfeb589988608918e6f27989.jpg,C:\Users\depthlev\Desktop\Z_Drone_Final_Project_GA\nenrus-Dataset-of-Drone-Distance-Estimation-a5aac8f\prepared_by_drone_type\Vestfold\distance_60m\labels\IMG_0629_JPG.rf.a0d339b7cfeb589988608918e6f27989.txt,unknown,unknown,24.0,1.06904497,13.0,1.06904497,0.0125,0.00055679,0.01203704,0.00098986,0.00015046,1.91e-05,1.84615385,0.07186959,0.36979167,0.00055679,0.29305556,0.00049493,2.31634402,0.0,0.0,0.0,0.0
Vestfold::IMG_0630_JPG.rf.0ed1a04242c1ff7a353716466b526f04.jpg,Vestfold,60.0,60.0,C:\Users\depthlev\Desktop\Z_Drone_Final_Project_GA\nenrus-Dataset-of-Drone-Distance-Estimation-a5aac8f\prepared_by_drone_type\Vestfold\distance_60m\images\IMG_0630_JPG.rf.0ed1a04242c1ff7a353716466b526f04.jpg,C:\Users\depthlev\Desktop\Z_Drone_Final_Project_GA\nenrus-Dataset-of-Drone-Distance-Estimation-a5aac8f\prepared_by_drone_type\Vestfold\distance_60m\labels\IMG_0630_JPG.rf.0ed1a04242c1ff7a353716466b526f04.txt,unknown,unknown,23.0,1.06904497,10.0,0.0,0.01197917,0.00055679,0.00925926,0.0,0.00011092,5.16e-06,2.3,0.1069045,0.36901042,0.00055679,0.29166667,0.00049493,2.31623268,0.0,0.0,0.0,0.0
Vestfold::IMG_0631_JPG.rf.9542dc73f0c6a7078ddd037bcb22b676.jpg,Vestfold,60.0,60.0,C:\Users\depthlev\Desktop\Z_Drone_Final_Project_GA\nenrus-Dataset-of-Drone-Distance-Estimation-a5aac8f\prepared_by_drone_type\Vestfold\distance_60m\images\IMG_0631_JPG.rf.9542dc73f0c6a7078ddd037bcb22b676.jpg,C:\Users\depthlev\Desktop\Z_Drone_Final_Project_GA\nenrus-Dataset-of-Drone-Distance-Estimation-a5aac8f\prepared_by_drone_type\Vestfold\distance_60m\labels\IMG_0631_JPG.rf.9542dc73f0c6a7078ddd037bcb22b676.txt,unknown,unknown,22.0,1.06904497,10.0,0.0,0.01145833,0.00055679,0.00925926,0.0,0.0001061,5.16e-06,2.2,0.1069045,0.36979167,0.00055679,0.29259259,0.00049493,2.23031187,0.0,0.0,0.0,0.0
Vestfold::IMG_0632_JPG.rf.16476745bdfe328e0784bd670bdbaaf6.jpg,Vestfold,60.0,60.0,C:\Users\depthlev\Desktop\Z_Drone_Final_Project_GA\nenrus-Dataset-of-Drone-Distance-Estimation-a5aac8f\prepared_by_drone_type\Vestfold\distance_60m\images\IMG_0632_JPG.rf.16476745bdfe328e0784bd670bdbaaf6.jpg,C:\Users\depthlev\Desktop\Z_Drone_Final_Project_GA\nenrus-Dataset-of-Drone-Distance-Estimation-a5aac8f\prepared_by_drone_type\Vestfold\distance_60m\labels\IMG_0632_JPG.rf.16476745bdfe328e0784bd670bdbaaf6.txt,unknown,unknown,23.0,1.06904497,12.0,0.0,0.01197917,0.00055679,0.01111111,0.0,0.0001331,6.19e-06,1.91666667,0.08908708,0.36953125,0.00055679,0.29259259,0.00049493,2.07678461,0.0,0.0,0.0,0.0
Vestfold::IMG_0633_JPG.rf.20a1f5351c8bc02f49efa5d6153d8d22.jpg,Vestfold,60.0,60.0,C:\Users\depthlev\Desktop\Z_Drone_Final_Project_GA\nenrus-Dataset-of-Drone-Distance-Estimation-a5aac8f\prepared_by_drone_type\Vestfold\distance_60m\images\IMG_0633_JPG.rf.20a1f5351c8bc02f49efa5d6153d8d22.jpg,C:\Users\depthlev\Desktop\Z_Drone_Final_Project_GA\nenrus-Dataset-of-Drone-Distance-Estimation-a5aac8f\prepared_by_drone_type\Vestfold\distance_60m\labels\IMG_0633_JPG.rf.20a1f5351c8bc02f49efa5d6153d8d22.txt,unknown,unknown,22.0,1.06904497,12.0,0.0,0.01145833,0.00055679,0.01111111,0.0,0.00012731,6.19e-06,1.83333333,0.08908708,0.3671875,0.00055679,0.28981481,0.00049493,2.45278883,0.0,0.0,0.0,0.0
Vestfold::IMG_0634_JPG.rf.b6c6e804c625408b4ed11014bf76d2ef.jpg,Vestfold,60.0,60.0,C:\Users\depthlev\Desktop\Z_Drone_Final_Project_GA\nenrus-Dataset-of-Drone-Distance-Estimation-a5aac8f\prepared_by_drone_type\Vestfold\distance_60m\images\IMG_0634_JPG.rf.b6c6e804c625408b4ed11014bf76d2ef.jpg,C:\Users\depthlev\Desktop\Z_Drone_Final_Project_GA\nenrus-Dataset-of-Drone-Distance-Estimation-a5aac8f\prepared_by_drone_type\Vestfold\distance_60m\labels\IMG_0634_JPG.rf.b6c6e804c625408b4ed11014bf76d2ef.txt,unknown,unknown,24.0,1.06904497,12.0,0.0,0.0125,0.00055679,0.01111111,0.0,0.00013889,6.19e-06,2.0,0.08908708,0.36927083,0.00055679,0.29166667,0.00049493,2.42669296,0.0,0.0,0.0,0.0
Vestfold::IMG_0635_JPG.rf.0f79e113ff30dd4a0412c313b90f52a8.jpg,Vestfold,60.0,60.0,C:\Users\depthlev\Desktop\Z_Drone_Final_Project_GA\nenrus-Dataset-of-Drone-Distance-Estimation-a5aac8f\prepared_by_drone_type\Vestfold\distance_60m\images\IMG_0635_JPG.rf.0f79e113ff30dd4a0412c313b90f52a8.jpg,C:\Users\depthlev\Desktop\Z_Drone_Final_Project_GA\nenrus-Dataset-of-Drone-Distance-Estimation-a5aac8f\prepared_by_drone_type\Vestfold\distance_60m\labels\IMG_0635_JPG.rf.0f79e113ff30dd4a0412c313b90f52a8.txt,unknown,unknown,20.0,1.06904497,12.0,0.0,0.01041667,0.00055679,0.01111111,0.0,0.00011574,6.19e-06,1.66666667,0.08908708,0.36979167,0.00055679,0.29259259,0.00049493,2.11194015,0.0,0.0,0.0,0.0
Vestfold::IMG_0636_JPG.rf.4c360d16c9769792357511c92b5ac472.jpg,Vestfold,60.0,60.0,C:\Users\depthlev\Desktop\Z_Drone_Final_Project_GA\nenrus-Dataset-of-Drone-Distance-Estimation-a5aac8f\prepared_by_drone_type\Vestfold\distance_60m\images\IMG_0636_JPG.rf.4c360d16c9769792357511c92b5ac472.jpg,C:\Users\depthlev\Desktop\Z_Drone_Final_Project_GA\nenrus-Dataset-of-Drone-Distance-Estimation-a5aac8f\prepared_by_drone_type\Vestfold\distance_60m\labels\IMG_0636_JPG.rf.4c360d16c9769792357511c92b5ac472.txt,unknown,unknown,23.0,1.06904497,12.0,0.0,0.01197917,0.00055679,0.01111111,0.0,0.0001331,6.19e-06,1.91666667,0.08908708,0.36901042,0.00055679,0.29259259,0.00049493,2.38015366,0.0,0.0,0.0,0.0
Vestfold::IMG_0637_JPG.rf.30a78286b991169d37100dc7d53b2584.jpg,Vestfold,65.0,65.0,C:\Users\depthlev\Desktop\Z_Drone_Final_Project_GA\nenrus-Dataset-of-Drone-Distance-Estimation-a5aac8f\prepared_by_drone_type\Vestfold\distance_65m\images\IMG_0637_JPG.rf.30a78286b991169d37100dc7d53b2584.jpg,C:\Users\depthlev\Desktop\Z_Drone_Final_Project_GA\nenrus-Dataset-of-Drone-Distance-Estimation-a5aac8f\prepared_by_drone_type\Vestfold\distance_65m\labels\IMG_0637_JPG.rf.30a78286b991169d37100dc7d53b2584.txt,unknown,unknown,18.0,1.06904497,12.0,0.0,0.009375,0.00055679,0.01111111,0.0,0.00010417,6.19e-06,1.5,0.08908708,0.36354167,0.0002784,0.23333333,0.00049493,2.12971711,0.0,0.0,0.0,0.0
Vestfold::IMG_0638_JPG.rf.545f00e69852841eeecd4b44314ee449.jpg,Vestfold,65.0,65.0,C:\Users\depthlev\Desktop\Z_Drone_Final_Project_GA\nenrus-Dataset-of-Drone-Distance-Estimation-a5aac8f\prepared_by_drone_type\Vestfold\distance_65m\images\IMG_0638_JPG.rf.545f00e69852841eeecd4b44314ee449.jpg,C:\Users\depthlev\Desktop\Z_Drone_Final_Project_GA\nenrus-Dataset-of-Drone-Distance-Estimation-a5aac8f\prepared_by_drone_type\Vestfold\distance_65m\labels\IMG_0638_JPG.rf.545f00e69852841eeecd4b44314ee449.txt,unknown,unknown,23.0,1.06904497,11.0,0.0,0.01197917,0.00055679,0.01018519,0.0,0.00012201,5.67e-06,2.09090909,0.09718591,0.36328125,0.00055679,0.2337963,0.00049493,2.40415192,0.0,0.0,0.0,0.0
Vestfold::IMG_0639_JPG.rf.f8090ff5f8c432371a1ed5d891d6ba6b.jpg,Vestfold,65.0,65.0,C:\Users\depthlev\Desktop\Z_Drone_Final_Project_GA\nenrus-Dataset-of-Drone-Distance-Estimation-a5aac8f\prepared_by_drone_type\Vestfold\distance_65m\images\IMG_0639_JPG.rf.f8090ff5f8c432371a1ed5d891d6ba6b.jpg,C:\Users\depthlev\Desktop\Z_Drone_Final_Project_GA\nenrus-Dataset-of-Drone-Distance-Estimation-a5aac8f\prepared_by_drone_type\Vestfold\distance_65m\labels\IMG_0639_JPG.rf.f8090ff5f8c432371a1ed5d891d6ba6b.txt,unknown,unknown,22.0,1.06904497,12.0,0.0,0.01145833,0.00055679,0.01111111,0.0,0.00012731,6.19e-06,1.83333333,0.08908708,0.36302083,0.00055679,0.23425926,0.00049493,2.18427539,0.0,0.0,0.0,0.0
Vestfold::IMG_0640_JPG.rf.13036052f59ad7d95edcc1c0196f8e1d.jpg,Vestfold,65.0,65.0,C:\Users\depthlev\Desktop\Z_Drone_Final_Project_GA\nenrus-Dataset-of-Drone-Distance-Estimation-a5aac8f\prepared_by_drone_type\Vestfold\distance_65m\images\IMG_0640_JPG.rf.13036052f59ad7d95edcc1c0196f8e1d.jpg,C:\Users\depthlev\Desktop\Z_Drone_Final_Project_GA\nenrus-Dataset-of-Drone-Distance-Estimation-a5aac8f\prepared_by_drone_type\Vestfold\distance_65m\labels\IMG_0640_JPG.rf.13036052f59ad7d95edcc1c0196f8e1d.txt,unknown,unknown,22.0,1.06904497,12.0,0.0,0.01145833,0.00055679,0.01111111,0.0,0.00012731,6.19e-06,1.83333333,0.08908708,0.36302083,0.00055679,0.23425926,0.00049493,1.99860954,0.0,0.0,0.0,0.0
Vestfold::IMG_0641_JPG.rf.b160b6a687499573c010a3bc015e567b.jpg,Vestfold,65.0,65.0,C:\Users\depthlev\Desktop\Z_Drone_Final_Project_GA\nenrus-Dataset-of-Drone-Distance-Estimation-a5aac8f\prepared_by_drone_type\Vestfold\distance_65m\images\IMG_0641_JPG.rf.b160b6a687499573c010a3bc015e567b.jpg,C:\Users\depthlev\Desktop\Z_Drone_Final_Project_GA\nenrus-Dataset-of-Drone-Distance-Estimation-a5aac8f\prepared_by_drone_type\Vestfold\distance_65m\labels\IMG_0641_JPG.rf.b160b6a687499573c010a3bc015e567b.txt,unknown,unknown,18.0,1.06904497,13.0,1.06904497,0.009375,0.00055679,0.01203704,0.00098986,0.00011285,1.601e-05,1.38461538,0.03266799,0.3640625,0.0002784,0.2337963,0.00049493,2.16120553,0.0,0.0,0.0,0.0
Vestfold::IMG_0642_JPG.rf.fc5d3e94b8a6899a59d5fd90a56a86d6.jpg,Vestfold,65.0,65.0,C:\Users\depthlev\Desktop\Z_Drone_Final_Project_GA\nenrus-Dataset-of-Drone-Distance-Estimation-a5aac8f\prepared_by_drone_type\Vestfold\distance_65m\images\IMG_0642_JPG.rf.fc5d3e94b8a6899a59d5fd90a56a86d6.jpg,C:\Users\depthlev\Desktop\Z_Drone_Final_Project_GA\nenrus-Dataset-of-Drone-Distance-Estimation-a5aac8f\prepared_by_drone_type\Vestfold\distance_65m\labels\IMG_0642_JPG.rf.fc5d3e94b8a6899a59d5fd90a56a86d6.txt,unknown,unknown,17.0,1.06904497,13.0,1.06904497,0.00885417,0.00055679,0.01203704,0.00098986,0.00010658,1.549e-05,1.30769231,0.0261344,0.36276042,0.0002784,0.23194444,0.00049493,2.38929319,0.0,0.0,0.0,0.0
Vestfold::IMG_0643_JPG.rf.30da5dc31a86ece473497b1b486fff50.jpg,Vestfold,65.0,65.0,C:\Users\depthlev\Desktop\Z_Drone_Final_Project_GA\nenrus-Dataset-of-Drone-Distance-Estimation-a5aac8f\prepared_by_drone_type\Vestfold\distance_65m\images\IMG_0643_JPG.rf.30da5dc31a86ece473497b1b486fff50.jpg,C:\Users\depthlev\Desktop\Z_Drone_Final_Project_GA\nenrus-Dataset-of-Drone-Distance-Estimation-a5aac8f\prepared_by_drone_type\Vestfold\distance_65m\labels\IMG_0643_JPG.rf.30da5dc31a86ece473497b1b486fff50.txt,unknown,unknown,17.0,1.06904497,9.0,0.0,0.00885417,0.00055679,0.00833333,0.0,7.378e-05,4.64e-06,1.88888889,0.11878277,0.36328125,0.0002784,0.23287037,0.00049493,2.41709399,0.0,0.0,0.0,0.0
Vestfold::IMG_0644_JPG.rf.235b3b0b3439acdd6c1ef75846965e5a.jpg,Vestfold,65.0,65.0,C:\Users\depthlev\Desktop\Z_Drone_Final_Project_GA\nenrus-Dataset-of-Drone-Distance-Estimation-a5aac8f\prepared_by_drone_type\Vestfold\distance_65m\images\IMG_0644_JPG.rf.235b3b0b3439acdd6c1ef75846965e5a.jpg,C:\Users\depthlev\Desktop\Z_Drone_Final_Project_GA\nenrus-Dataset-of-Drone-Distance-Estimation-a5aac8f\prepared_by_drone_type\Vestfold\distance_65m\labels\IMG_0644_JPG.rf.235b3b0b3439acdd6c1ef75846965e5a.txt,unknown,unknown,20.0,1.06904497,11.0,0.0,0.01041667,0.00055679,0.01018519,0.0,0.0001061,5.67e-06,1.81818182,0.09718591,0.36302083,0.00055679,0.23287037,0.00049493,2.16101885,0.0,0.0,0.0,0.0
Vestfold::IMG_0645_JPG.rf.6b213a42acd8ff007f2dc23962f4b5bd.jpg,Vestfold,65.0,65.0,C:\Users\depthlev\Desktop\Z_Drone_Final_Project_GA\nenrus-Dataset-of-Drone-Distance-Estimation-a5aac8f\prepared_by_drone_type\Vestfold\distance_65m\images\IMG_0645_JPG.rf.6b213a42acd8ff007f2dc23962f4b5bd.jpg,C:\Users\depthlev\Desktop\Z_Drone_Final_Project_GA\nenrus-Dataset-of-Drone-Distance-Estimation-a5aac8f\prepared_by_drone_type\Vestfold\distance_65m\labels\IMG_0645_JPG.rf.6b213a42acd8ff007f2dc23962f4b5bd.txt,unknown,unknown,19.0,1.06904497,10.0,0.0,0.00989583,0.00055679,0.00925926,0.0,9.163e-05,5.16e-06,1.9,0.1069045,0.36380208,0.00055679,0.23425926,0.00049493,1.89472175,0.0,0.0,0.0,0.0
Vestfold::IMG_0646_JPG.rf.b2f5912b213cb1fc86aad21c5c963e0c.jpg,Vestfold,65.0,65.0,C:\Users\depthlev\Desktop\Z_Drone_Final_Project_GA\nenrus-Dataset-of-Drone-Distance-Estimation-a5aac8f\prepared_by_drone_type\Vestfold\distance_65m\images\IMG_0646_JPG.rf.b2f5912b213cb1fc86aad21c5c963e0c.jpg,C:\Users\depthlev\Desktop\Z_Drone_Final_Project_GA\nenrus-Dataset-of-Drone-Distance-Estimation-a5aac8f\prepared_by_drone_type\Vestfold\distance_65m\labels\IMG_0646_JPG.rf.b2f5912b213cb1fc86aad21c5c963e0c.txt,unknown,unknown,20.0,1.06904497,10.0,0.0,0.01041667,0.00055679,0.00925926,0.0,9.645e-05,5.16e-06,2.0,0.1069045,0.3640625,0.00055679,0.23425926,0.00049493,1.9776895,0.0,0.0,0.0,0.0
Vestfold::IMG_0647_JPG.rf.5d76d4f52fc09ea2e2ef9008ed0c9f78.jpg,Vestfold,65.0,65.0,C:\Users\depthlev\Desktop\Z_Drone_Final_Project_GA\nenrus-Dataset-of-Drone-Distance-Estimation-a5aac8f\prepared_by_drone_type\Vestfold\distance_65m\images\IMG_0647_JPG.rf.5d76d4f52fc09ea2e2ef9008ed0c9f78.jpg,C:\Users\depthlev\Desktop\Z_Drone_Final_Project_GA\nenrus-Dataset-of-Drone-Distance-Estimation-a5aac8f\prepared_by_drone_type\Vestfold\distance_65m\labels\IMG_0647_JPG.rf.5d76d4f52fc09ea2e2ef9008ed0c9f78.txt,unknown,unknown,21.0,1.06904497,11.0,0.0,0.0109375,0.00055679,0.01018519,0.0,0.0001114,5.67e-06,1.90909091,0.09718591,0.36276042,0.00055679,0.2337963,0.00049493,2.22587943,0.0,0.0,0.0,0.0
Vestfold::IMG_0648_JPG.rf.c9c5749bbe05fb493c0521fe32ecc8c4.jpg,Vestfold,65.0,65.0,C:\Users\depthlev\Desktop\Z_Drone_Final_Project_GA\nenrus-Dataset-of-Drone-Distance-Estimation-a5aac8f\prepared_by_drone_type\Vestfold\distance_65m\images\IMG_0648_JPG.rf.c9c5749bbe05fb493c0521fe32ecc8c4.jpg,C:\Users\depthlev\Desktop\Z_Drone_Final_Project_GA\nenrus-Dataset-of-Drone-Distance-Estimation-a5aac8f\prepared_by_drone_type\Vestfold\distance_65m\labels\IMG_0648_JPG.rf.c9c5749bbe05fb493c0521fe32ecc8c4.txt,unknown,unknown,20.0,1.06904497,9.0,0.0,0.01041667,0.00055679,0.00833333,0.0,8.681e-05,4.64e-06,2.22222222,0.11878277,0.36302083,0.00055679,0.2337963,0.00049493,2.01902795,0.0,0.0,0.0,0.0
Vestfold::IMG_0649_JPG.rf.17081bac8481c4e5b9927defb5fa8169.jpg,Vestfold,65.0,65.0,C:\Users\depthlev\Desktop\Z_Drone_Final_Project_GA\nenrus-Dataset-of-Drone-Distance-Estimation-a5aac8f\prepared_by_drone_type\Vestfold\distance_65m\images\IMG_0649_JPG.rf.17081bac8481c4e5b9927defb5fa8169.jpg,C:\Users\depthlev\Desktop\Z_Drone_Final_Project_GA\nenrus-Dataset-of-Drone-Distance-Estimation-a5aac8f\prepared_by_drone_type\Vestfold\distance_65m\labels\IMG_0649_JPG.rf.17081bac8481c4e5b9927defb5fa8169.txt,unknown,unknown,19.0,1.06904497,10.0,0.0,0.00989583,0.00055679,0.00925926,0.0,9.163e-05,5.16e-06,1.9,0.1069045,0.36380208,0.00055679,0.23333333,0.00049493,2.2741847,0.0,0.0,0.0,0.0
Vestfold::IMG_0650_JPG.rf.3d77e8c71d18f96a0cde3a40ef5c472e.jpg,Vestfold,65.0,65.0,C:\Users\depthlev\Desktop\Z_Drone_Final_Project_GA\nenrus-Dataset-of-Drone-Distance-Estimation-a5aac8f\prepared_by_drone_type\Vestfold\distance_65m\images\IMG_0650_JPG.rf.3d77e8c71d18f96a0cde3a40ef5c472e.jpg,C:\Users\depthlev\Desktop\Z_Drone_Final_Project_GA\nenrus-Dataset-of-Drone-Distance-Estimation-a5aac8f\prepared_by_drone_type\Vestfold\distance_65m\labels\IMG_0650_JPG.rf.3d77e8c71d18f96a0cde3a40ef5c472e.txt,unknown,unknown,21.0,1.06904497,11.0,0.0,0.0109375,0.00055679,0.01018519,0.0,0.0001114,5.67e-06,1.90909091,0.09718591,0.36432292,0.00055679,0.2337963,0.00049493,2.39597368,0.0,0.0,0.0,0.0
Vestfold::IMG_0651_JPG.rf.bd46ba681f6b9aa2536a090f0d61af5d.jpg,Vestfold,65.0,65.0,C:\Users\depthlev\Desktop\Z_Drone_Final_Project_GA\nenrus-Dataset-of-Drone-Distance-Estimation-a5aac8f\prepared_by_drone_type\Vestfold\distance_65m\images\IMG_0651_JPG.rf.bd46ba681f6b9aa2536a090f0d61af5d.jpg,C:\Users\depthlev\Desktop\Z_Drone_Final_Project_GA\nenrus-Dataset-of-Drone-Distance-Estimation-a5aac8f\prepared_by_drone_type\Vestfold\distance_65m\labels\IMG_0651_JPG.rf.bd46ba681f6b9aa2536a090f0d61af5d.txt,unknown,unknown,17.0,1.06904497,11.0,0.0,0.00885417,0.00055679,0.01018519,0.0,9.018e-05,5.67e-06,1.54545455,0.09718591,0.36380208,0.0002784,0.23472222,0.00049493,2.40477729,0.0,0.0,0.0,0.0
Vestfold::IMG_0652_JPG.rf.051f04e0fe445f538896aacc4f8050f6.jpg,Vestfold,65.0,65.0,C:\Users\depthlev\Desktop\Z_Drone_Final_Project_GA\nenrus-Dataset-of-Drone-Distance-Estimation-a5aac8f\prepared_by_drone_type\Vestfold\distance_65m\images\IMG_0652_JPG.rf.051f04e0fe445f538896aacc4f8050f6.jpg,C:\Users\depthlev\Desktop\Z_Drone_Final_Project_GA\nenrus-Dataset-of-Drone-Distance-Estimation-a5aac8f\prepared_by_drone_type\Vestfold\distance_65m\labels\IMG_0652_JPG.rf.051f04e0fe445f538896aacc4f8050f6.txt,unknown,unknown,17.0,1.06904497,12.0,0.0,0.00885417,0.00055679,0.01111111,0.0,9.838e-05,6.19e-06,1.41666667,0.08908708,0.36328125,0.0002784,0.23425926,0.00049493,2.07793832,0.0,0.0,0.0,0.0
Vestfold::IMG_0653_JPG.rf.197e4d906156a2661713a234f2a880a9.jpg,Vestfold,65.0,65.0,C:\Users\depthlev\Desktop\Z_Drone_Final_Project_GA\nenrus-Dataset-of-Drone-Distance-Estimation-a5aac8f\prepared_by_drone_type\Vestfold\distance_65m\images\IMG_0653_JPG.rf.197e4d906156a2661713a234f2a880a9.jpg,C:\Users\depthlev\Desktop\Z_Drone_Final_Project_GA\nenrus-Dataset-of-Drone-Distance-Estimation-a5aac8f\prepared_by_drone_type\Vestfold\distance_65m\labels\IMG_0653_JPG.rf.197e4d906156a2661713a234f2a880a9.txt,unknown,unknown,24.0,1.06904497,12.0,0.0,0.0125,0.00055679,0.01111111,0.0,0.00013889,6.19e-06,2.0,0.08908708,0.36458333,0.00055679,0.23333333,0.00049493,2.13819027,0.0,0.0,0.0,0.0
Vestfold::IMG_0654_JPG.rf.1f7dffccfc1efe363be8a01a7e90298d.jpg,Vestfold,65.0,65.0,C:\Users\depthlev\Desktop\Z_Drone_Final_Project_GA\nenrus-Dataset-of-Drone-Distance-Estimation-a5aac8f\prepared_by_drone_type\Vestfold\distance_65m\images\IMG_0654_JPG.rf.1f7dffccfc1efe363be8a01a7e90298d.jpg,C:\Users\depthlev\Desktop\Z_Drone_Final_Project_GA\nenrus-Dataset-of-Drone-Distance-Estimation-a5aac8f\prepared_by_drone_type\Vestfold\distance_65m\labels\IMG_0654_JPG.rf.1f7dffccfc1efe363be8a01a7e90298d.txt,unknown,unknown,19.0,1.06904497,12.0,0.0,0.00989583,0.00055679,0.01111111,0.0,0.00010995,6.19e-06,1.58333333,0.08908708,0.36328125,0.00055679,0.23333333,0.00049493,2.03418016,0.0,0.0,0.0,0.0
Vestfold::IMG_0655_JPG.rf.36cfdf67b44469faaaaab47f99b44dd4.jpg,Vestfold,65.0,65.0,C:\Users\depthlev\Desktop\Z_Drone_Final_Project_GA\nenrus-Dataset-of-Drone-Distance-Estimation-a5aac8f\prepared_by_drone_type\Vestfold\distance_65m\images\IMG_0655_JPG.rf.36cfdf67b44469faaaaab47f99b44dd4.jpg,C:\Users\depthlev\Desktop\Z_Drone_Final_Project_GA\nenrus-Dataset-of-Drone-Distance-Estimation-a5aac8f\prepared_by_drone_type\Vestfold\distance_65m\labels\IMG_0655_JPG.rf.36cfdf67b44469faaaaab47f99b44dd4.txt,unknown,unknown,19.0,1.06904497,11.0,0.0,0.00989583,0.00055679,0.01018519,0.0,0.00010079,5.67e-06,1.72727273,0.09718591,0.36380208,0.00055679,0.2337963,0.00049493,1.8538425,0.0,0.0,0.0,0.0
Vestfold::IMG_0714_JPG.rf.35db8c215e42ae62e9592db5895d0235.jpg,Vestfold,70.0,70.0,C:\Users\depthlev\Desktop\Z_Drone_Final_Project_GA\nenrus-Dataset-of-Drone-Distance-Estimation-a5aac8f\prepared_by_drone_type\Vestfold\distance_70m\images\IMG_0714_JPG.rf.35db8c215e42ae62e9592db5895d0235.jpg,C:\Users\depthlev\Desktop\Z_Drone_Final_Project_GA\nenrus-Dataset-of-Drone-Distance-Estimation-a5aac8f\prepared_by_drone_type\Vestfold\distance_70m\labels\IMG_0714_JPG.rf.35db8c215e42ae62e9592db5895d0235.txt,unknown,unknown,14.0,1.06904497,7.0,0.0,0.00729167,0.00055679,0.00648148,0.0,4.726e-05,3.61e-06,2.0,0.15272071,0.3421875,0.0002784,0.31064815,0.00049493,3.05844259,0.0,0.0,0.0,0.0
Vestfold::IMG_0715_JPG.rf.e41770a21bfb9e5c512f8f0dfef6f7e1.jpg,Vestfold,70.0,70.0,C:\Users\depthlev\Desktop\Z_Drone_Final_Project_GA\nenrus-Dataset-of-Drone-Distance-Estimation-a5aac8f\prepared_by_drone_type\Vestfold\distance_70m\images\IMG_0715_JPG.rf.e41770a21bfb9e5c512f8f0dfef6f7e1.jpg,C:\Users\depthlev\Desktop\Z_Drone_Final_Project_GA\nenrus-Dataset-of-Drone-Distance-Estimation-a5aac8f\prepared_by_drone_type\Vestfold\distance_70m\labels\IMG_0715_JPG.rf.e41770a21bfb9e5c512f8f0dfef6f7e1.txt,unknown,unknown,16.0,1.06904497,8.0,0.0,0.00833333,0.00055679,0.00740741,0.0,6.173e-05,4.12e-06,2.0,0.13363062,0.3421875,0.0002784,0.31018519,0.00049493,2.35869169,0.0,0.0,0.0,0.0
Vestfold::IMG_0716_JPG.rf.3470ecc443907e38a0d50ff560a19e0c.jpg,Vestfold,70.0,70.0,C:\Users\depthlev\Desktop\Z_Drone_Final_Project_GA\nenrus-Dataset-of-Drone-Distance-Estimation-a5aac8f\prepared_by_drone_type\Vestfold\distance_70m\images\IMG_0716_JPG.rf.3470ecc443907e38a0d50ff560a19e0c.jpg,C:\Users\depthlev\Desktop\Z_Drone_Final_Project_GA\nenrus-Dataset-of-Drone-Distance-Estimation-a5aac8f\prepared_by_drone_type\Vestfold\distance_70m\labels\IMG_0716_JPG.rf.3470ecc443907e38a0d50ff560a19e0c.txt,unknown,unknown,14.0,1.06904497,8.0,0.0,0.00729167,0.00055679,0.00740741,0.0,5.401e-05,4.12e-06,1.75,0.13363062,0.34166667,0.0002784,0.31018519,0.00049493,1.87691998,0.0,0.0,0.0,0.0
Vestfold::IMG_0717_JPG.rf.06de01f94301b67be8457a4ea3d50019.jpg,Vestfold,70.0,70.0,C:\Users\depthlev\Desktop\Z_Drone_Final_Project_GA\nenrus-Dataset-of-Drone-Distance-Estimation-a5aac8f\prepared_by_drone_type\Vestfold\distance_70m\images\IMG_0717_JPG.rf.06de01f94301b67be8457a4ea3d50019.jpg,C:\Users\depthlev\Desktop\Z_Drone_Final_Project_GA\nenrus-Dataset-of-Drone-Distance-Estimation-a5aac8f\prepared_by_drone_type\Vestfold\distance_70m\labels\IMG_0717_JPG.rf.06de01f94301b67be8457a4ea3d50019.txt,unknown,unknown,15.0,1.06904497,7.0,0.0,0.0078125,0.00055679,0.00648148,0.0,5.064e-05,3.61e-06,2.14285714,0.15272071,0.34192708,0.0002784,0.31064815,0.00049493,1.47631192,0.0,0.0,0.0,0.0
Vestfold::IMG_0718_JPG.rf.8d0a2568fcfb1b3487e91fd0449a18f7.jpg,Vestfold,70.0,70.0,C:\Users\depthlev\Desktop\Z_Drone_Final_Project_GA\nenrus-Dataset-of-Drone-Distance-Estimation-a5aac8f\prepared_by_drone_type\Vestfold\distance_70m\images\IMG_0718_JPG.rf.8d0a2568fcfb1b3487e91fd0449a18f7.jpg,C:\Users\depthlev\Desktop\Z_Drone_Final_Project_GA\nenrus-Dataset-of-Drone-Distance-Estimation-a5aac8f\prepared_by_drone_type\Vestfold\distance_70m\labels\IMG_0718_JPG.rf.8d0a2568fcfb1b3487e91fd0449a18f7.txt,unknown,unknown,15.0,1.06904497,8.0,0.0,0.0078125,0.00055679,0.00740741,0.0,5.787e-05,4.12e-06,1.875,0.13363062,0.34140625,0.0002784,0.31018519,0.00049493,2.0638485,0.0,0.0,0.0,0.0
Vestfold::IMG_0719_JPG.rf.dc84b8d58fbfe3a7ce4a3da8973a022e.jpg,Vestfold,70.0,70.0,C:\Users\depthlev\Desktop\Z_Drone_Final_Project_GA\nenrus-Dataset-of-Drone-Distance-Estimation-a5aac8f\prepared_by_drone_type\Vestfold\distance_70m\images\IMG_0719_JPG.rf.dc84b8d58fbfe3a7ce4a3da8973a022e.jpg,C:\Users\depthlev\Desktop\Z_Drone_Final_Project_GA\nenrus-Dataset-of-Drone-Distance-Estimation-a5aac8f\prepared_by_drone_type\Vestfold\distance_70m\labels\IMG_0719_JPG.rf.dc84b8d58fbfe3a7ce4a3da8973a022e.txt,unknown,unknown,16.0,1.06904497,8.0,0.0,0.00833333,0.00055679,0.00740741,0.0,6.173e-05,4.12e-06,2.0,0.13363062,0.34114583,0.0002784,0.31018519,0.00049493,2.27687097,0.0,0.0,0.0,0.0
Vestfold::IMG_0720_JPG.rf.2319c94cee3351907397313412ee4d70.jpg,Vestfold,70.0,70.0,C:\Users\depthlev\Desktop\Z_Drone_Final_Project_GA\nenrus-Dataset-of-Drone-Distance-Estimation-a5aac8f\prepared_by_drone_type\Vestfold\distance_70m\images\IMG_0720_JPG.rf.2319c94cee3351907397313412ee4d70.jpg,C:\Users\depthlev\Desktop\Z_Drone_Final_Project_GA\nenrus-Dataset-of-Drone-Distance-Estimation-a5aac8f\prepared_by_drone_type\Vestfold\distance_70m\labels\IMG_0720_JPG.rf.2319c94cee3351907397313412ee4d70.txt,unknown,unknown,18.0,1.06904497,9.0,0.0,0.009375,0.00055679,0.00833333,0.0,7.813e-05,4.64e-06,2.0,0.11878277,0.340625,0.0002784,0.31064815,0.00049493,2.62641859,0.0,0.0,0.0,0.0
Vestfold::IMG_0721_JPG.rf.77cd5af1163f7bb8669511a4b614d29a.jpg,Vestfold,70.0,70.0,C:\Users\depthlev\Desktop\Z_Drone_Final_Project_GA\nenrus-Dataset-of-Drone-Distance-Estimation-a5aac8f\prepared_by_drone_type\Vestfold\distance_70m\images\IMG_0721_JPG.rf.77cd5af1163f7bb8669511a4b614d29a.jpg,C:\Users\depthlev\Desktop\Z_Drone_Final_Project_GA\nenrus-Dataset-of-Drone-Distance-Estimation-a5aac8f\prepared_by_drone_type\Vestfold\distance_70m\labels\IMG_0721_JPG.rf.77cd5af1163f7bb8669511a4b614d29a.txt,unknown,unknown,15.0,1.06904497,8.0,0.0,0.0078125,0.00055679,0.00740741,0.0,5.787e-05,4.12e-06,1.875,0.13363062,0.34140625,0.0002784,0.31018519,0.00049493,2.45416284,0.0,0.0,0.0,0.0
Vestfold::IMG_0722_JPG.rf.136fb1e297fbe1cd66518cef144b8e53.jpg,Vestfold,70.0,70.0,C:\Users\depthlev\Desktop\Z_Drone_Final_Project_GA\nenrus-Dataset-of-Drone-Distance-Estimation-a5aac8f\prepared_by_drone_type\Vestfold\distance_70m\images\IMG_0722_JPG.rf.136fb1e297fbe1cd66518cef144b8e53.jpg,C:\Users\depthlev\Desktop\Z_Drone_Final_Project_GA\nenrus-Dataset-of-Drone-Distance-Estimation-a5aac8f\prepared_by_drone_type\Vestfold\distance_70m\labels\IMG_0722_JPG.rf.136fb1e297fbe1cd66518cef144b8e53.txt,unknown,unknown,15.0,1.06904497,8.0,0.0,0.0078125,0.00055679,0.00740741,0.0,5.787e-05,4.12e-06,1.875,0.13363062,0.34140625,0.0002784,0.30925926,0.00049493,1.75812626,0.0,0.0,0.0,0.0
Vestfold::IMG_0723_JPG.rf.1028d862b8116d3435389e89d0ccabb8.jpg,Vestfold,70.0,70.0,C:\Users\depthlev\Desktop\Z_Drone_Final_Project_GA\nenrus-Dataset-of-Drone-Distance-Estimation-a5aac8f\prepared_by_drone_type\Vestfold\distance_70m\images\IMG_0723_JPG.rf.1028d862b8116d3435389e89d0ccabb8.jpg,C:\Users\depthlev\Desktop\Z_Drone_Final_Project_GA\nenrus-Dataset-of-Drone-Distance-Estimation-a5aac8f\prepared_by_drone_type\Vestfold\distance_70m\labels\IMG_0723_JPG.rf.1028d862b8116d3435389e89d0ccabb8.txt,unknown,unknown,14.0,1.06904497,8.0,0.0,0.00729167,0.00055679,0.00740741,0.0,5.401e-05,4.12e-06,1.75,0.13363062,0.34166667,0.0002784,0.30833333,0.00049493,1.72293782,0.0,0.0,0.0,0.0
Vestfold::IMG_0724_JPG.rf.5c58191bc2d5552b63f0dfa7858d0086.jpg,Vestfold,70.0,70.0,C:\Users\depthlev\Desktop\Z_Drone_Final_Project_GA\nenrus-Dataset-of-Drone-Distance-Estimation-a5aac8f\prepared_by_drone_type\Vestfold\distance_70m\images\IMG_0724_JPG.rf.5c58191bc2d5552b63f0dfa7858d0086.jpg,C:\Users\depthlev\Desktop\Z_Drone_Final_Project_GA\nenrus-Dataset-of-Drone-Distance-Estimation-a5aac8f\prepared_by_drone_type\Vestfold\distance_70m\labels\IMG_0724_JPG.rf.5c58191bc2d5552b63f0dfa7858d0086.txt,unknown,unknown,16.0,1.06904497,9.0,0.0,0.00833333,0.00055679,0.00833333,0.0,6.944e-05,4.64e-06,1.77777778,0.11878277,0.34166667,0.0002784,0.3087963,0.00049493,1.79210198,0.0,0.0,0.0,0.0
Vestfold::IMG_0725_JPG.rf.6fc9fb48da7d1cb8f6aef49e490f7382.jpg,Vestfold,70.0,70.0,C:\Users\depthlev\Desktop\Z_Drone_Final_Project_GA\nenrus-Dataset-of-Drone-Distance-Estimation-a5aac8f\prepared_by_drone_type\Vestfold\distance_70m\images\IMG_0725_JPG.rf.6fc9fb48da7d1cb8f6aef49e490f7382.jpg,C:\Users\depthlev\Desktop\Z_Drone_Final_Project_GA\nenrus-Dataset-of-Drone-Distance-Estimation-a5aac8f\prepared_by_drone_type\Vestfold\distance_70m\labels\IMG_0725_JPG.rf.6fc9fb48da7d1cb8f6aef49e490f7382.txt,unknown,unknown,16.0,1.06904497,8.0,0.0,0.00833333,0.00055679,0.00740741,0.0,6.173e-05,4.12e-06,2.0,0.13363062,0.3421875,0.0002784,0.30925926,0.00049493,1.5089829,0.0,0.0,0.0,0.0
Vestfold::IMG_0726_JPG.rf.9f0c7bbcecb63cea00e302cbf7339932.jpg,Vestfold,75.0,75.0,C:\Users\depthlev\Desktop\Z_Drone_Final_Project_GA\nenrus-Dataset-of-Drone-Distance-Estimation-a5aac8f\prepared_by_drone_type\Vestfold\distance_75m\images\IMG_0726_JPG.rf.9f0c7bbcecb63cea00e302cbf7339932.jpg,C:\Users\depthlev\Desktop\Z_Drone_Final_Project_GA\nenrus-Dataset-of-Drone-Distance-Estimation-a5aac8f\prepared_by_drone_type\Vestfold\distance_75m\labels\IMG_0726_JPG.rf.9f0c7bbcecb63cea00e302cbf7339932.txt,unknown,unknown,15.0,1.06904497,6.0,0.0,0.0078125,0.00055679,0.00555556,0.0,4.34e-05,3.09e-06,2.5,0.17817416,0.33151042,0.0002784,0.325,0.0,1.9129343,0.0,0.0,0.0,0.0
Vestfold::IMG_0727_JPG.rf.a5bed769b7bd3c05a0e36e6dfdb57964.jpg,Vestfold,75.0,75.0,C:\Users\depthlev\Desktop\Z_Drone_Final_Project_GA\nenrus-Dataset-of-Drone-Distance-Estimation-a5aac8f\prepared_by_drone_type\Vestfold\distance_75m\images\IMG_0727_JPG.rf.a5bed769b7bd3c05a0e36e6dfdb57964.jpg,C:\Users\depthlev\Desktop\Z_Drone_Final_Project_GA\nenrus-Dataset-of-Drone-Distance-Estimation-a5aac8f\prepared_by_drone_type\Vestfold\distance_75m\labels\IMG_0727_JPG.rf.a5bed769b7bd3c05a0e36e6dfdb57964.txt,unknown,unknown,14.0,1.06904497,7.0,0.0,0.00729167,0.00055679,0.00648148,0.0,4.726e-05,3.61e-06,2.0,0.15272071,0.33125,0.0002784,0.32453704,0.00049493,1.94346499,0.0,0.0,0.0,0.0
Vestfold::IMG_0728_JPG.rf.471e4e63e73ff7cd88186fc5561e94e5.jpg,Vestfold,75.0,75.0,C:\Users\depthlev\Desktop\Z_Drone_Final_Project_GA\nenrus-Dataset-of-Drone-Distance-Estimation-a5aac8f\prepared_by_drone_type\Vestfold\distance_75m\images\IMG_0728_JPG.rf.471e4e63e73ff7cd88186fc5561e94e5.jpg,C:\Users\depthlev\Desktop\Z_Drone_Final_Project_GA\nenrus-Dataset-of-Drone-Distance-Estimation-a5aac8f\prepared_by_drone_type\Vestfold\distance_75m\labels\IMG_0728_JPG.rf.471e4e63e73ff7cd88186fc5561e94e5.txt,unknown,unknown,15.0,1.06904497,6.0,0.0,0.0078125,0.00055679,0.00555556,0.0,4.34e-05,3.09e-06,2.5,0.17817416,0.33151042,0.0002784,0.325,0.0,2.26110601,0.0,0.0,0.0,0.0
Vestfold::IMG_0729_JPG.rf.a5386c22985e31f126b11c16cbbb562e.jpg,Vestfold,75.0,75.0,C:\Users\depthlev\Desktop\Z_Drone_Final_Project_GA\nenrus-Dataset-of-Drone-Distance-Estimation-a5aac8f\prepared_by_drone_type\Vestfold\distance_75m\images\IMG_0729_JPG.rf.a5386c22985e31f126b11c16cbbb562e.jpg,C:\Users\depthlev\Desktop\Z_Drone_Final_Project_GA\nenrus-Dataset-of-Drone-Distance-Estimation-a5aac8f\prepared_by_drone_type\Vestfold\distance_75m\labels\IMG_0729_JPG.rf.a5386c22985e31f126b11c16cbbb562e.txt,unknown,unknown,16.0,1.06904497,7.0,0.0,0.00833333,0.00055679,0.00648148,0.0,5.401e-05,3.61e-06,2.28571429,0.15272071,0.33177083,0.0002784,0.32453704,0.00049493,2.31208658,0.0,0.0,0.0,0.0
Vestfold::IMG_0730_JPG.rf.971ba2ec961374b0706310846205c730.jpg,Vestfold,75.0,75.0,C:\Users\depthlev\Desktop\Z_Drone_Final_Project_GA\nenrus-Dataset-of-Drone-Distance-Estimation-a5aac8f\prepared_by_drone_type\Vestfold\distance_75m\images\IMG_0730_JPG.rf.971ba2ec961374b0706310846205c730.jpg,C:\Users\depthlev\Desktop\Z_Drone_Final_Project_GA\nenrus-Dataset-of-Drone-Distance-Estimation-a5aac8f\prepared_by_drone_type\Vestfold\distance_75m\labels\IMG_0730_JPG.rf.971ba2ec961374b0706310846205c730.txt,unknown,unknown,16.0,1.06904497,8.0,0.0,0.00833333,0.00055679,0.00740741,0.0,6.173e-05,4.12e-06,2.0,0.13363062,0.33229167,0.0002784,0.325,0.00049493,1.91792226,0.0,0.0,0.0,0.0
Vestfold::IMG_0731_JPG.rf.42f266d1fc73f5aac119a6f0828d0067.jpg,Vestfold,75.0,75.0,C:\Users\depthlev\Desktop\Z_Drone_Final_Project_GA\nenrus-Dataset-of-Drone-Distance-Estimation-a5aac8f\prepared_by_drone_type\Vestfold\distance_75m\images\IMG_0731_JPG.rf.42f266d1fc73f5aac119a6f0828d0067.jpg,C:\Users\depthlev\Desktop\Z_Drone_Final_Project_GA\nenrus-Dataset-of-Drone-Distance-Estimation-a5aac8f\prepared_by_drone_type\Vestfold\distance_75m\labels\IMG_0731_JPG.rf.42f266d1fc73f5aac119a6f0828d0067.txt,unknown,unknown,13.0,1.06904497,7.0,0.0,0.00677083,0.00055679,0.00648148,0.0,4.389e-05,3.61e-06,1.85714286,0.15272071,0.33203125,0.0002784,0.32453704,0.00049493,1.58953226,0.0,0.0,0.0,0.0
Vestfold::IMG_0732_JPG.rf.72aa1fc4e0a2f0577daec19699f341a7.jpg,Vestfold,75.0,75.0,C:\Users\depthlev\Desktop\Z_Drone_Final_Project_GA\nenrus-Dataset-of-Drone-Distance-Estimation-a5aac8f\prepared_by_drone_type\Vestfold\distance_75m\images\IMG_0732_JPG.rf.72aa1fc4e0a2f0577daec19699f341a7.jpg,C:\Users\depthlev\Desktop\Z_Drone_Final_Project_GA\nenrus-Dataset-of-Drone-Distance-Estimation-a5aac8f\prepared_by_drone_type\Vestfold\distance_75m\labels\IMG_0732_JPG.rf.72aa1fc4e0a2f0577daec19699f341a7.txt,unknown,unknown,14.0,1.06904497,8.0,0.0,0.00729167,0.00055679,0.00740741,0.0,5.401e-05,4.12e-06,1.75,0.13363062,0.33229167,0.0002784,0.32407407,0.00049493,2.2042594,0.0,0.0,0.0,0.0
Vestfold::IMG_0733_JPG.rf.8513ea11630f0070d615f26342c72447.jpg,Vestfold,75.0,75.0,C:\Users\depthlev\Desktop\Z_Drone_Final_Project_GA\nenrus-Dataset-of-Drone-Distance-Estimation-a5aac8f\prepared_by_drone_type\Vestfold\distance_75m\images\IMG_0733_JPG.rf.8513ea11630f0070d615f26342c72447.jpg,C:\Users\depthlev\Desktop\Z_Drone_Final_Project_GA\nenrus-Dataset-of-Drone-Distance-Estimation-a5aac8f\prepared_by_drone_type\Vestfold\distance_75m\labels\IMG_0733_JPG.rf.8513ea11630f0070d615f26342c72447.txt,unknown,unknown,14.0,1.06904497,7.0,0.0,0.00729167,0.00055679,0.00648148,0.0,4.726e-05,3.61e-06,2.0,0.15272071,0.33177083,0.0002784,0.32453704,0.00049493,1.95317578,0.0,0.0,0.0,0.0
Vestfold::IMG_0734_JPG.rf.b7814f392261da2d253693c6c723f4d6.jpg,Vestfold,75.0,75.0,C:\Users\depthlev\Desktop\Z_Drone_Final_Project_GA\nenrus-Dataset-of-Drone-Distance-Estimation-a5aac8f\prepared_by_drone_type\Vestfold\distance_75m\images\IMG_0734_JPG.rf.b7814f392261da2d253693c6c723f4d6.jpg,C:\Users\depthlev\Desktop\Z_Drone_Final_Project_GA\nenrus-Dataset-of-Drone-Distance-Estimation-a5aac8f\prepared_by_drone_type\Vestfold\distance_75m\labels\IMG_0734_JPG.rf.b7814f392261da2d253693c6c723f4d6.txt,unknown,unknown,15.0,1.06904497,7.0,0.0,0.0078125,0.00055679,0.00648148,0.0,5.064e-05,3.61e-06,2.14285714,0.15272071,0.33255208,0.0002784,0.32453704,0.00049493,2.30720615,0.0,0.0,0.0,0.0
Vestfold::IMG_0735_JPG.rf.3a6c7cc2eccb9f05d0a4fe447ae57940.jpg,Vestfold,75.0,75.0,C:\Users\depthlev\Desktop\Z_Drone_Final_Project_GA\nenrus-Dataset-of-Drone-Distance-Estimation-a5aac8f\prepared_by_drone_type\Vestfold\distance_75m\images\IMG_0735_JPG.rf.3a6c7cc2eccb9f05d0a4fe447ae57940.jpg,C:\Users\depthlev\Desktop\Z_Drone_Final_Project_GA\nenrus-Dataset-of-Drone-Distance-Estimation-a5aac8f\prepared_by_drone_type\Vestfold\distance_75m\labels\IMG_0735_JPG.rf.3a6c7cc2eccb9f05d0a4fe447ae57940.txt,unknown,unknown,14.0,1.06904497,7.0,0.0,0.00729167,0.00055679,0.00648148,0.0,4.726e-05,3.61e-06,2.0,0.15272071,0.3328125,0.0002784,0.32453704,0.00049493,1.70476031,0.0,0.0,0.0,0.0
Vestfold::IMG_0736_JPG.rf.ed873692faee9ad33011b5e94ff7b64a.jpg,Vestfold,75.0,75.0,C:\Users\depthlev\Desktop\Z_Drone_Final_Project_GA\nenrus-Dataset-of-Drone-Distance-Estimation-a5aac8f\prepared_by_drone_type\Vestfold\distance_75m\images\IMG_0736_JPG.rf.ed873692faee9ad33011b5e94ff7b64a.jpg,C:\Users\depthlev\Desktop\Z_Drone_Final_Project_GA\nenrus-Dataset-of-Drone-Distance-Estimation-a5aac8f\prepared_by_drone_type\Vestfold\distance_75m\labels\IMG_0736_JPG.rf.ed873692faee9ad33011b5e94ff7b64a.txt,unknown,unknown,17.0,1.06904497,8.0,0.0,0.00885417,0.00055679,0.00740741,0.0,6.559e-05,4.12e-06,2.125,0.13363062,0.33307292,0.0002784,0.32407407,0.00049493,1.96880054,0.0,0.0,0.0,0.0
Vestfold::IMG_0737_JPG.rf.c3d608478b839d572eab17cb18c23df0.jpg,Vestfold,75.0,75.0,C:\Users\depthlev\Desktop\Z_Drone_Final_Project_GA\nenrus-Dataset-of-Drone-Distance-Estimation-a5aac8f\prepared_by_drone_type\Vestfold\distance_75m\images\IMG_0737_JPG.rf.c3d608478b839d572eab17cb18c23df0.jpg,C:\Users\depthlev\Desktop\Z_Drone_Final_Project_GA\nenrus-Dataset-of-Drone-Distance-Estimation-a5aac8f\prepared_by_drone_type\Vestfold\distance_75m\labels\IMG_0737_JPG.rf.c3d608478b839d572eab17cb18c23df0.txt,unknown,unknown,14.0,1.06904497,7.0,0.0,0.00729167,0.00055679,0.00648148,0.0,4.726e-05,3.61e-06,2.0,0.15272071,0.3328125,0.0002784,0.32361111,0.00049493,1.68655276,0.0,0.0,0.0,0.0
Vestfold::IMG_0738_JPG.rf.34749e5151d956fbab4b88f0cdc7cfbe.jpg,Vestfold,75.0,75.0,C:\Users\depthlev\Desktop\Z_Drone_Final_Project_GA\nenrus-Dataset-of-Drone-Distance-Estimation-a5aac8f\prepared_by_drone_type\Vestfold\distance_75m\images\IMG_0738_JPG.rf.34749e5151d956fbab4b88f0cdc7cfbe.jpg,C:\Users\depthlev\Desktop\Z_Drone_Final_Project_GA\nenrus-Dataset-of-Drone-Distance-Estimation-a5aac8f\prepared_by_drone_type\Vestfold\distance_75m\labels\IMG_0738_JPG.rf.34749e5151d956fbab4b88f0cdc7cfbe.txt,unknown,unknown,15.0,1.06904497,8.0,0.0,0.0078125,0.00055679,0.00740741,0.0,5.787e-05,4.12e-06,1.875,0.13363062,0.33307292,0.0002784,0.32407407,0.00049493,1.93567204,0.0,0.0,0.0,0.0
Vestfold::IMG_0739_JPG.rf.8c92cf829a1dc0ef405e5308e85fdb4f.jpg,Vestfold,75.0,75.0,C:\Users\depthlev\Desktop\Z_Drone_Final_Project_GA\nenrus-Dataset-of-Drone-Distance-Estimation-a5aac8f\prepared_by_drone_type\Vestfold\distance_75m\images\IMG_0739_JPG.rf.8c92cf829a1dc0ef405e5308e85fdb4f.jpg,C:\Users\depthlev\Desktop\Z_Drone_Final_Project_GA\nenrus-Dataset-of-Drone-Distance-Estimation-a5aac8f\prepared_by_drone_type\Vestfold\distance_75m\labels\IMG_0739_JPG.rf.8c92cf829a1dc0ef405e5308e85fdb4f.txt,unknown,unknown,16.0,1.06904497,8.0,0.0,0.00833333,0.00055679,0.00740741,0.0,6.173e-05,4.12e-06,2.0,0.13363062,0.33333333,0.0002784,0.32407407,0.00049493,2.1166234,0.0,0.0,0.0,0.0
Vestfold::IMG_0740_JPG.rf.d5c73f92c06a860a44be41458560ed44.jpg,Vestfold,75.0,75.0,C:\Users\depthlev\Desktop\Z_Drone_Final_Project_GA\nenrus-Dataset-of-Drone-Distance-Estimation-a5aac8f\prepared_by_drone_type\Vestfold\distance_75m\images\IMG_0740_JPG.rf.d5c73f92c06a860a44be41458560ed44.jpg,C:\Users\depthlev\Desktop\Z_Drone_Final_Project_GA\nenrus-Dataset-of-Drone-Distance-Estimation-a5aac8f\prepared_by_drone_type\Vestfold\distance_75m\labels\IMG_0740_JPG.rf.d5c73f92c06a860a44be41458560ed44.txt,unknown,unknown,14.0,1.06904497,8.0,0.0,0.00729167,0.00055679,0.00740741,0.0,5.401e-05,4.12e-06,1.75,0.13363062,0.3328125,0.0002784,0.32407407,0.00049493,2.02918625,0.0,0.0,0.0,0.0
Vestfold::IMG_0741_JPG.rf.e194c20c308dc7fc34c245465db5715c.jpg,Vestfold,75.0,75.0,C:\Users\depthlev\Desktop\Z_Drone_Final_Project_GA\nenrus-Dataset-of-Drone-Distance-Estimation-a5aac8f\prepared_by_drone_type\Vestfold\distance_75m\images\IMG_0741_JPG.rf.e194c20c308dc7fc34c245465db5715c.jpg,C:\Users\depthlev\Desktop\Z_Drone_Final_Project_GA\nenrus-Dataset-of-Drone-Distance-Estimation-a5aac8f\prepared_by_drone_type\Vestfold\distance_75m\labels\IMG_0741_JPG.rf.e194c20c308dc7fc34c245465db5715c.txt,unknown,unknown,15.0,1.06904497,8.0,0.0,0.0078125,0.00055679,0.00740741,0.0,5.787e-05,4.12e-06,1.875,0.13363062,0.33307292,0.0002784,0.32407407,0.00049493,2.05519962,0.0,0.0,0.0,0.0
Vestfold::IMG_0742_JPG.rf.fb6f9f8f4b5053815b35cbfa3d36e062.jpg,Vestfold,75.0,75.0,C:\Users\depthlev\Desktop\Z_Drone_Final_Project_GA\nenrus-Dataset-of-Drone-Distance-Estimation-a5aac8f\prepared_by_drone_type\Vestfold\distance_75m\images\IMG_0742_JPG.rf.fb6f9f8f4b5053815b35cbfa3d36e062.jpg,C:\Users\depthlev\Desktop\Z_Drone_Final_Project_GA\nenrus-Dataset-of-Drone-Distance-Estimation-a5aac8f\prepared_by_drone_type\Vestfold\distance_75m\labels\IMG_0742_JPG.rf.fb6f9f8f4b5053815b35cbfa3d36e062.txt,unknown,unknown,13.0,1.06904497,8.0,0.0,0.00677083,0.00055679,0.00740741,0.0,5.015e-05,4.12e-06,1.625,0.13363062,0.33307292,0.0002784,0.32407407,0.00049493,1.84213591,0.0,0.0,0.0,0.0
Vestfold::IMG_0743_JPG.rf.71a234ac4bda86eeceb6518ccaf5a1b1.jpg,Vestfold,75.0,75.0,C:\Users\depthlev\Desktop\Z_Drone_Final_Project_GA\nenrus-Dataset-of-Drone-Distance-Estimation-a5aac8f\prepared_by_drone_type\Vestfold\distance_75m\images\IMG_0743_JPG.rf.71a234ac4bda86eeceb6518ccaf5a1b1.jpg,C:\Users\depthlev\Desktop\Z_Drone_Final_Project_GA\nenrus-Dataset-of-Drone-Distance-Estimation-a5aac8f\prepared_by_drone_type\Vestfold\distance_75m\labels\IMG_0743_JPG.rf.71a234ac4bda86eeceb6518ccaf5a1b1.txt,unknown,unknown,14.0,1.06904497,7.0,0.0,0.00729167,0.00055679,0.00648148,0.0,4.726e-05,3.61e-06,2.0,0.15272071,0.3328125,0.0002784,0.32453704,0.00049493,1.91616368,0.0,0.0,0.0,0.0
Vestfold::IMG_0744_JPG.rf.802be31cd350453d3229bb5e029883ee.jpg,Vestfold,75.0,75.0,C:\Users\depthlev\Desktop\Z_Drone_Final_Project_GA\nenrus-Dataset-of-Drone-Distance-Estimation-a5aac8f\prepared_by_drone_type\Vestfold\distance_75m\images\IMG_0744_JPG.rf.802be31cd350453d3229bb5e029883ee.jpg,C:\Users\depthlev\Desktop\Z_Drone_Final_Project_GA\nenrus-Dataset-of-Drone-Distance-Estimation-a5aac8f\prepared_by_drone_type\Vestfold\distance_75m\labels\IMG_0744_JPG.rf.802be31cd350453d3229bb5e029883ee.txt,unknown,unknown,14.0,1.06904497,7.0,0.0,0.00729167,0.00055679,0.00648148,0.0,4.726e-05,3.61e-06,2.0,0.15272071,0.3328125,0.0002784,0.32453704,0.00049493,1.64305496,0.0,0.0,0.0,0.0
Vestfold::IMG_0745_JPG.rf.1e4a542c54bb19cd2162524620e1383c.jpg,Vestfold,75.0,75.0,C:\Users\depthlev\Desktop\Z_Drone_Final_Project_GA\nenrus-Dataset-of-Drone-Distance-Estimation-a5aac8f\prepared_by_drone_type\Vestfold\distance_75m\images\IMG_0745_JPG.rf.1e4a542c54bb19cd2162524620e1383c.jpg,C:\Users\depthlev\Desktop\Z_Drone_Final_Project_GA\nenrus-Dataset-of-Drone-Distance-Estimation-a5aac8f\prepared_by_drone_type\Vestfold\distance_75m\labels\IMG_0745_JPG.rf.1e4a542c54bb19cd2162524620e1383c.txt,unknown,unknown,16.0,1.06904497,8.0,0.0,0.00833333,0.00055679,0.00740741,0.0,6.173e-05,4.12e-06,2.0,0.13363062,0.3328125,0.0002784,0.325,0.00049493,1.99360001,0.0,0.0,0.0,0.0
Vestfold::IMG_0746_JPG.rf.90e5a91333d3aa7d4ca52e348dcd9066.jpg,Vestfold,75.0,75.0,C:\Users\depthlev\Desktop\Z_Drone_Final_Project_GA\nenrus-Dataset-of-Drone-Distance-Estimation-a5aac8f\prepared_by_drone_type\Vestfold\distance_75m\images\IMG_0746_JPG.rf.90e5a91333d3aa7d4ca52e348dcd9066.jpg,C:\Users\depthlev\Desktop\Z_Drone_Final_Project_GA\nenrus-Dataset-of-Drone-Distance-Estimation-a5aac8f\prepared_by_drone_type\Vestfold\distance_75m\labels\IMG_0746_JPG.rf.90e5a91333d3aa7d4ca52e348dcd9066.txt,unknown,unknown,16.0,1.06904497,8.0,0.0,0.00833333,0.00055679,0.00740741,0.0,6.173e-05,4.12e-06,2.0,0.13363062,0.33333333,0.0002784,0.325,0.00049493,1.87312603,0.0,0.0,0.0,0.0
Vestfold::IMG_0747_JPG.rf.64c9127414247cb96d7682be9eb516ed.jpg,Vestfold,75.0,75.0,C:\Users\depthlev\Desktop\Z_Drone_Final_Project_GA\nenrus-Dataset-of-Drone-Distance-Estimation-a5aac8f\prepared_by_drone_type\Vestfold\distance_75m\images\IMG_0747_JPG.rf.64c9127414247cb96d7682be9eb516ed.jpg,C:\Users\depthlev\Desktop\Z_Drone_Final_Project_GA\nenrus-Dataset-of-Drone-Distance-Estimation-a5aac8f\prepared_by_drone_type\Vestfold\distance_75m\labels\IMG_0747_JPG.rf.64c9127414247cb96d7682be9eb516ed.txt,unknown,unknown,13.0,1.06904497,7.0,0.0,0.00677083,0.00055679,0.00648148,0.0,4.389e-05,3.61e-06,1.85714286,0.15272071,0.33307292,0.0002784,0.32453704,0.00049493,1.58872449,0.0,0.0,0.0,0.0
Vestfold::IMG_0748_JPG.rf.7aaae3511245a4830cc5d3f8b89eac13.jpg,Vestfold,75.0,75.0,C:\Users\depthlev\Desktop\Z_Drone_Final_Project_GA\nenrus-Dataset-of-Drone-Distance-Estimation-a5aac8f\prepared_by_drone_type\Vestfold\distance_75m\images\IMG_0748_JPG.rf.7aaae3511245a4830cc5d3f8b89eac13.jpg,C:\Users\depthlev\Desktop\Z_Drone_Final_Project_GA\nenrus-Dataset-of-Drone-Distance-Estimation-a5aac8f\prepared_by_drone_type\Vestfold\distance_75m\labels\IMG_0748_JPG.rf.7aaae3511245a4830cc5d3f8b89eac13.txt,unknown,unknown,11.0,0.0,6.0,0.0,0.00572917,0.0,0.00555556,0.0,3.183e-05,0.0,1.83333333,0.0,0.33307292,0.0002784,0.325,0.0,1.8602823,0.0,0.0,0.0,0.0
Vestfold::IMG_0749_JPG.rf.d63a097d215fd9603691ccb28c9219ab.jpg,Vestfold,75.0,75.0,C:\Users\depthlev\Desktop\Z_Drone_Final_Project_GA\nenrus-Dataset-of-Drone-Distance-Estimation-a5aac8f\prepared_by_drone_type\Vestfold\distance_75m\images\IMG_0749_JPG.rf.d63a097d215fd9603691ccb28c9219ab.jpg,C:\Users\depthlev\Desktop\Z_Drone_Final_Project_GA\nenrus-Dataset-of-Drone-Distance-Estimation-a5aac8f\prepared_by_drone_type\Vestfold\distance_75m\labels\IMG_0749_JPG.rf.d63a097d215fd9603691ccb28c9219ab.txt,unknown,unknown,15.0,1.06904497,7.0,0.0,0.0078125,0.00055679,0.00648148,0.0,5.064e-05,3.61e-06,2.14285714,0.15272071,0.33359375,0.0002784,0.32546296,0.00049493,1.65138495,0.0,0.0,0.0,0.0
