source_row_index,image_path,label_path,reason
4941,C:\Users\depthlev\Desktop\droneImages\dataset\depth_20\clear_sky\10AM\HighresScreenshot00001_depth_20_clear_sky_10AM.png,C:\Users\depthlev\Desktop\droneImages\dataset\depth_20\clear_sky\10AM\HighresScreenshot00001_depth_20_clear_sky_10AM.txt,excluded_problematic_folder
4942,C:\Users\depthlev\Desktop\droneImages\dataset\depth_20\clear_sky\10AM\HighresScreenshot00002_depth_20_clear_sky_10AM.png,C:\Users\depthlev\Desktop\droneImages\dataset\depth_20\clear_sky\10AM\HighresScreenshot00002_depth_20_clear_sky_10AM.txt,excluded_problematic_folder
4943,C:\Users\depthlev\Desktop\droneImages\dataset\depth_20\clear_sky\10AM\HighresScreenshot00003_depth_20_clear_sky_10AM.png,C:\Users\depthlev\Desktop\droneImages\dataset\depth_20\clear_sky\10AM\HighresScreenshot00003_depth_20_clear_sky_10AM.txt,excluded_problematic_folder
4944,C:\Users\depthlev\Desktop\droneImages\dataset\depth_20\clear_sky\10AM\HighresScreenshot00004_depth_20_clear_sky_10AM.png,C:\Users\depthlev\Desktop\droneImages\dataset\depth_20\clear_sky\10AM\HighresScreenshot00004_depth_20_clear_sky_10AM.txt,excluded_problematic_folder
4945,C:\Users\depthlev\Desktop\droneImages\dataset\depth_20\clear_sky\10AM\HighresScreenshot00005_depth_20_clear_sky_10AM.png,C:\Users\depthlev\Desktop\droneImages\dataset\depth_20\clear_sky\10AM\HighresScreenshot00005_depth_20_clear_sky_10AM.txt,excluded_problematic_folder
4946,C:\Users\depthlev\Desktop\droneImages\dataset\depth_20\clear_sky\10AM\HighresScreenshot00006_depth_20_clear_sky_10AM.png,C:\Users\depthlev\Desktop\droneImages\dataset\depth_20\clear_sky\10AM\HighresScreenshot00006_depth_20_clear_sky_10AM.txt,excluded_problematic_folder
4947,C:\Users\depthlev\Desktop\droneImages\dataset\depth_20\clear_sky\10AM\HighresScreenshot00007_depth_20_clear_sky_10AM.png,C:\Users\depthlev\Desktop\droneImages\dataset\depth_20\clear_sky\10AM\HighresScreenshot00007_depth_20_clear_sky_10AM.txt,excluded_problematic_folder
4948,C:\Users\depthlev\Desktop\droneImages\dataset\depth_20\clear_sky\10AM\HighresScreenshot00009_depth_20_clear_sky_10AM.png,C:\Users\depthlev\Desktop\droneImages\dataset\depth_20\clear_sky\10AM\HighresScreenshot00009_depth_20_clear_sky_10AM.txt,excluded_problematic_folder
4949,C:\Users\depthlev\Desktop\droneImages\dataset\depth_20\clear_sky\10AM\HighresScreenshot00010_depth_20_clear_sky_10AM.png,C:\Users\depthlev\Desktop\droneImages\dataset\depth_20\clear_sky\10AM\HighresScreenshot00010_depth_20_clear_sky_10AM.txt,excluded_problematic_folder
4950,C:\Users\depthlev\Desktop\droneImages\dataset\depth_20\clear_sky\10AM\HighresScreenshot00011_depth_20_clear_sky_10AM.png,C:\Users\depthlev\Desktop\droneImages\dataset\depth_20\clear_sky\10AM\HighresScreenshot00011_depth_20_clear_sky_10AM.txt,excluded_problematic_folder
4951,C:\Users\depthlev\Desktop\droneImages\dataset\depth_20\clear_sky\10AM\HighresScreenshot00012_depth_20_clear_sky_10AM.png,C:\Users\depthlev\Desktop\droneImages\dataset\depth_20\clear_sky\10AM\HighresScreenshot00012_depth_20_clear_sky_10AM.txt,excluded_problematic_folder
4952,C:\Users\depthlev\Desktop\droneImages\dataset\depth_20\clear_sky\10AM\HighresScreenshot00013_depth_20_clear_sky_10AM.png,C:\Users\depthlev\Desktop\droneImages\dataset\depth_20\clear_sky\10AM\HighresScreenshot00013_depth_20_clear_sky_10AM.txt,excluded_problematic_folder
4953,C:\Users\depthlev\Desktop\droneImages\dataset\depth_20\clear_sky\10AM\HighresScreenshot00014_depth_20_clear_sky_10AM.png,C:\Users\depthlev\Desktop\droneImages\dataset\depth_20\clear_sky\10AM\HighresScreenshot00014_depth_20_clear_sky_10AM.txt,excluded_problematic_folder
4954,C:\Users\depthlev\Desktop\droneImages\dataset\depth_20\clear_sky\10AM\HighresScreenshot00015_depth_20_clear_sky_10AM.png,C:\Users\depthlev\Desktop\droneImages\dataset\depth_20\clear_sky\10AM\HighresScreenshot00015_depth_20_clear_sky_10AM.txt,excluded_problematic_folder
4955,C:\Users\depthlev\Desktop\droneImages\dataset\depth_20\clear_sky\10AM\HighresScreenshot00016_depth_20_clear_sky_10AM.png,C:\Users\depthlev\Desktop\droneImages\dataset\depth_20\clear_sky\10AM\HighresScreenshot00016_depth_20_clear_sky_10AM.txt,excluded_problematic_folder
4956,C:\Users\depthlev\Desktop\droneImages\dataset\depth_20\clear_sky\10AM\HighresScreenshot00017_depth_20_clear_sky_10AM.png,C:\Users\depthlev\Desktop\droneImages\dataset\depth_20\clear_sky\10AM\HighresScreenshot00017_depth_20_clear_sky_10AM.txt,excluded_problematic_folder
4957,C:\Users\depthlev\Desktop\droneImages\dataset\depth_20\clear_sky\10AM\HighresScreenshot00018_depth_20_clear_sky_10AM.png,C:\Users\depthlev\Desktop\droneImages\dataset\depth_20\clear_sky\10AM\HighresScreenshot00018_depth_20_clear_sky_10AM.txt,excluded_problematic_folder
4958,C:\Users\depthlev\Desktop\droneImages\dataset\depth_20\clear_sky\10AM\HighresScreenshot00019_depth_20_clear_sky_10AM.png,C:\Users\depthlev\Desktop\droneImages\dataset\depth_20\clear_sky\10AM\HighresScreenshot00019_depth_20_clear_sky_10AM.txt,excluded_problematic_folder
4959,C:\Users\depthlev\Desktop\droneImages\dataset\depth_20\clear_sky\10AM\HighresScreenshot00020_depth_20_clear_sky_10AM.png,C:\Users\depthlev\Desktop\droneImages\dataset\depth_20\clear_sky\10AM\HighresScreenshot00020_depth_20_clear_sky_10AM.txt,excluded_problematic_folder
4960,C:\Users\depthlev\Desktop\droneImages\dataset\depth_20\clear_sky\10AM\HighresScreenshot00021_depth_20_clear_sky_10AM.png,C:\Users\depthlev\Desktop\droneImages\dataset\depth_20\clear_sky\10AM\HighresScreenshot00021_depth_20_clear_sky_10AM.txt,excluded_problematic_folder
4961,C:\Users\depthlev\Desktop\droneImages\dataset\depth_20\clear_sky\10AM\HighresScreenshot00022_depth_20_clear_sky_10AM.png,C:\Users\depthlev\Desktop\droneImages\dataset\depth_20\clear_sky\10AM\HighresScreenshot00022_depth_20_clear_sky_10AM.txt,excluded_problematic_folder
4962,C:\Users\depthlev\Desktop\droneImages\dataset\depth_20\clear_sky\10AM\HighresScreenshot00023_depth_20_clear_sky_10AM.png,C:\Users\depthlev\Desktop\droneImages\dataset\depth_20\clear_sky\10AM\HighresScreenshot00023_depth_20_clear_sky_10AM.txt,excluded_problematic_folder
4963,C:\Users\depthlev\Desktop\droneImages\dataset\depth_20\clear_sky\10AM\HighresScreenshot00024_depth_20_clear_sky_10AM.png,C:\Users\depthlev\Desktop\droneImages\dataset\depth_20\clear_sky\10AM\HighresScreenshot00024_depth_20_clear_sky_10AM.txt,excluded_problematic_folder
4964,C:\Users\depthlev\Desktop\droneImages\dataset\depth_20\clear_sky\10AM\HighresScreenshot00025_depth_20_clear_sky_10AM.png,C:\Users\depthlev\Desktop\droneImages\dataset\depth_20\clear_sky\10AM\HighresScreenshot00025_depth_20_clear_sky_10AM.txt,excluded_problematic_folder
4965,C:\Users\depthlev\Desktop\droneImages\dataset\depth_20\clear_sky\10AM\HighresScreenshot00026_depth_20_clear_sky_10AM.png,C:\Users\depthlev\Desktop\droneImages\dataset\depth_20\clear_sky\10AM\HighresScreenshot00026_depth_20_clear_sky_10AM.txt,excluded_problematic_folder
4966,C:\Users\depthlev\Desktop\droneImages\dataset\depth_20\clear_sky\10AM\HighresScreenshot00027_depth_20_clear_sky_10AM.png,C:\Users\depthlev\Desktop\droneImages\dataset\depth_20\clear_sky\10AM\HighresScreenshot00027_depth_20_clear_sky_10AM.txt,excluded_problematic_folder
4967,C:\Users\depthlev\Desktop\droneImages\dataset\depth_20\clear_sky\10AM\HighresScreenshot00028_depth_20_clear_sky_10AM.png,C:\Users\depthlev\Desktop\droneImages\dataset\depth_20\clear_sky\10AM\HighresScreenshot00028_depth_20_clear_sky_10AM.txt,excluded_problematic_folder
4968,C:\Users\depthlev\Desktop\droneImages\dataset\depth_20\clear_sky\10AM\HighresScreenshot00029_depth_20_clear_sky_10AM.png,C:\Users\depthlev\Desktop\droneImages\dataset\depth_20\clear_sky\10AM\HighresScreenshot00029_depth_20_clear_sky_10AM.txt,excluded_problematic_folder
4969,C:\Users\depthlev\Desktop\droneImages\dataset\depth_20\clear_sky\10AM\HighresScreenshot00030_depth_20_clear_sky_10AM.png,C:\Users\depthlev\Desktop\droneImages\dataset\depth_20\clear_sky\10AM\HighresScreenshot00030_depth_20_clear_sky_10AM.txt,excluded_problematic_folder
4970,C:\Users\depthlev\Desktop\droneImages\dataset\depth_20\clear_sky\10AM\HighresScreenshot00031_depth_20_clear_sky_10AM.png,C:\Users\depthlev\Desktop\droneImages\dataset\depth_20\clear_sky\10AM\HighresScreenshot00031_depth_20_clear_sky_10AM.txt,excluded_problematic_folder
4971,C:\Users\depthlev\Desktop\droneImages\dataset\depth_20\clear_sky\10AM\HighresScreenshot00032_depth_20_clear_sky_10AM.png,C:\Users\depthlev\Desktop\droneImages\dataset\depth_20\clear_sky\10AM\HighresScreenshot00032_depth_20_clear_sky_10AM.txt,excluded_problematic_folder
4972,C:\Users\depthlev\Desktop\droneImages\dataset\depth_20\clear_sky\10AM\HighresScreenshot00033_depth_20_clear_sky_10AM.png,C:\Users\depthlev\Desktop\droneImages\dataset\depth_20\clear_sky\10AM\HighresScreenshot00033_depth_20_clear_sky_10AM.txt,excluded_problematic_folder
4973,C:\Users\depthlev\Desktop\droneImages\dataset\depth_20\clear_sky\10AM\HighresScreenshot00034_depth_20_clear_sky_10AM.png,C:\Users\depthlev\Desktop\droneImages\dataset\depth_20\clear_sky\10AM\HighresScreenshot00034_depth_20_clear_sky_10AM.txt,excluded_problematic_folder
4974,C:\Users\depthlev\Desktop\droneImages\dataset\depth_20\clear_sky\10AM\HighresScreenshot00035_depth_20_clear_sky_10AM.png,C:\Users\depthlev\Desktop\droneImages\dataset\depth_20\clear_sky\10AM\HighresScreenshot00035_depth_20_clear_sky_10AM.txt,excluded_problematic_folder
4975,C:\Users\depthlev\Desktop\droneImages\dataset\depth_20\clear_sky\10AM\HighresScreenshot00036_depth_20_clear_sky_10AM.png,C:\Users\depthlev\Desktop\droneImages\dataset\depth_20\clear_sky\10AM\HighresScreenshot00036_depth_20_clear_sky_10AM.txt,excluded_problematic_folder
4976,C:\Users\depthlev\Desktop\droneImages\dataset\depth_20\clear_sky\10AM\HighresScreenshot00037_depth_20_clear_sky_10AM.png,C:\Users\depthlev\Desktop\droneImages\dataset\depth_20\clear_sky\10AM\HighresScreenshot00037_depth_20_clear_sky_10AM.txt,excluded_problematic_folder
4977,C:\Users\depthlev\Desktop\droneImages\dataset\depth_20\clear_sky\10AM\HighresScreenshot00038_depth_20_clear_sky_10AM.png,C:\Users\depthlev\Desktop\droneImages\dataset\depth_20\clear_sky\10AM\HighresScreenshot00038_depth_20_clear_sky_10AM.txt,excluded_problematic_folder
4978,C:\Users\depthlev\Desktop\droneImages\dataset\depth_20\clear_sky\10AM\HighresScreenshot00039_depth_20_clear_sky_10AM.png,C:\Users\depthlev\Desktop\droneImages\dataset\depth_20\clear_sky\10AM\HighresScreenshot00039_depth_20_clear_sky_10AM.txt,excluded_problematic_folder
4979,C:\Users\depthlev\Desktop\droneImages\dataset\depth_20\clear_sky\10AM\HighresScreenshot00040_depth_20_clear_sky_10AM.png,C:\Users\depthlev\Desktop\droneImages\dataset\depth_20\clear_sky\10AM\HighresScreenshot00040_depth_20_clear_sky_10AM.txt,excluded_problematic_folder
4980,C:\Users\depthlev\Desktop\droneImages\dataset\depth_20\clear_sky\10AM\HighresScreenshot00041_depth_20_clear_sky_10AM.png,C:\Users\depthlev\Desktop\droneImages\dataset\depth_20\clear_sky\10AM\HighresScreenshot00041_depth_20_clear_sky_10AM.txt,excluded_problematic_folder
4981,C:\Users\depthlev\Desktop\droneImages\dataset\depth_20\clear_sky\10AM\HighresScreenshot00042_depth_20_clear_sky_10AM.png,C:\Users\depthlev\Desktop\droneImages\dataset\depth_20\clear_sky\10AM\HighresScreenshot00042_depth_20_clear_sky_10AM.txt,excluded_problematic_folder
4982,C:\Users\depthlev\Desktop\droneImages\dataset\depth_20\clear_sky\10AM\HighresScreenshot00043_depth_20_clear_sky_10AM.png,C:\Users\depthlev\Desktop\droneImages\dataset\depth_20\clear_sky\10AM\HighresScreenshot00043_depth_20_clear_sky_10AM.txt,excluded_problematic_folder
4983,C:\Users\depthlev\Desktop\droneImages\dataset\depth_20\clear_sky\10AM\HighresScreenshot00044_depth_20_clear_sky_10AM.png,C:\Users\depthlev\Desktop\droneImages\dataset\depth_20\clear_sky\10AM\HighresScreenshot00044_depth_20_clear_sky_10AM.txt,excluded_problematic_folder
4984,C:\Users\depthlev\Desktop\droneImages\dataset\depth_20\clear_sky\10AM\HighresScreenshot00045_depth_20_clear_sky_10AM.png,C:\Users\depthlev\Desktop\droneImages\dataset\depth_20\clear_sky\10AM\HighresScreenshot00045_depth_20_clear_sky_10AM.txt,excluded_problematic_folder
4985,C:\Users\depthlev\Desktop\droneImages\dataset\depth_20\clear_sky\10AM\HighresScreenshot00046_depth_20_clear_sky_10AM.png,C:\Users\depthlev\Desktop\droneImages\dataset\depth_20\clear_sky\10AM\HighresScreenshot00046_depth_20_clear_sky_10AM.txt,excluded_problematic_folder
4986,C:\Users\depthlev\Desktop\droneImages\dataset\depth_20\clear_sky\10AM\HighresScreenshot00047_depth_20_clear_sky_10AM.png,C:\Users\depthlev\Desktop\droneImages\dataset\depth_20\clear_sky\10AM\HighresScreenshot00047_depth_20_clear_sky_10AM.txt,excluded_problematic_folder
4987,C:\Users\depthlev\Desktop\droneImages\dataset\depth_20\clear_sky\10AM\HighresScreenshot00048_depth_20_clear_sky_10AM.png,C:\Users\depthlev\Desktop\droneImages\dataset\depth_20\clear_sky\10AM\HighresScreenshot00048_depth_20_clear_sky_10AM.txt,excluded_problematic_folder
4988,C:\Users\depthlev\Desktop\droneImages\dataset\depth_20\clear_sky\10AM\HighresScreenshot00049_depth_20_clear_sky_10AM.png,C:\Users\depthlev\Desktop\droneImages\dataset\depth_20\clear_sky\10AM\HighresScreenshot00049_depth_20_clear_sky_10AM.txt,excluded_problematic_folder
4989,C:\Users\depthlev\Desktop\droneImages\dataset\depth_20\clear_sky\10AM\HighresScreenshot00050_depth_20_clear_sky_10AM.png,C:\Users\depthlev\Desktop\droneImages\dataset\depth_20\clear_sky\10AM\HighresScreenshot00050_depth_20_clear_sky_10AM.txt,excluded_problematic_folder
4990,C:\Users\depthlev\Desktop\droneImages\dataset\depth_20\clear_sky\10AM\HighresScreenshot00051_depth_20_clear_sky_10AM.png,C:\Users\depthlev\Desktop\droneImages\dataset\depth_20\clear_sky\10AM\HighresScreenshot00051_depth_20_clear_sky_10AM.txt,excluded_problematic_folder
4991,C:\Users\depthlev\Desktop\droneImages\dataset\depth_20\clear_sky\10AM\HighresScreenshot00052_depth_20_clear_sky_10AM.png,C:\Users\depthlev\Desktop\droneImages\dataset\depth_20\clear_sky\10AM\HighresScreenshot00052_depth_20_clear_sky_10AM.txt,excluded_problematic_folder
4992,C:\Users\depthlev\Desktop\droneImages\dataset\depth_20\clear_sky\10AM\HighresScreenshot00053_depth_20_clear_sky_10AM.png,C:\Users\depthlev\Desktop\droneImages\dataset\depth_20\clear_sky\10AM\HighresScreenshot00053_depth_20_clear_sky_10AM.txt,excluded_problematic_folder
4993,C:\Users\depthlev\Desktop\droneImages\dataset\depth_20\clear_sky\10AM\HighresScreenshot00054_depth_20_clear_sky_10AM.png,C:\Users\depthlev\Desktop\droneImages\dataset\depth_20\clear_sky\10AM\HighresScreenshot00054_depth_20_clear_sky_10AM.txt,excluded_problematic_folder
4994,C:\Users\depthlev\Desktop\droneImages\dataset\depth_20\clear_sky\10AM\HighresScreenshot00055_depth_20_clear_sky_10AM.png,C:\Users\depthlev\Desktop\droneImages\dataset\depth_20\clear_sky\10AM\HighresScreenshot00055_depth_20_clear_sky_10AM.txt,excluded_problematic_folder
4995,C:\Users\depthlev\Desktop\droneImages\dataset\depth_20\clear_sky\10AM\HighresScreenshot00056_depth_20_clear_sky_10AM.png,C:\Users\depthlev\Desktop\droneImages\dataset\depth_20\clear_sky\10AM\HighresScreenshot00056_depth_20_clear_sky_10AM.txt,excluded_problematic_folder
4996,C:\Users\depthlev\Desktop\droneImages\dataset\depth_20\clear_sky\10AM\HighresScreenshot00057_depth_20_clear_sky_10AM.png,C:\Users\depthlev\Desktop\droneImages\dataset\depth_20\clear_sky\10AM\HighresScreenshot00057_depth_20_clear_sky_10AM.txt,excluded_problematic_folder
4997,C:\Users\depthlev\Desktop\droneImages\dataset\depth_20\clear_sky\10AM\HighresScreenshot00058_depth_20_clear_sky_10AM.png,C:\Users\depthlev\Desktop\droneImages\dataset\depth_20\clear_sky\10AM\HighresScreenshot00058_depth_20_clear_sky_10AM.txt,excluded_problematic_folder
4998,C:\Users\depthlev\Desktop\droneImages\dataset\depth_20\clear_sky\10AM\HighresScreenshot00059_depth_20_clear_sky_10AM.png,C:\Users\depthlev\Desktop\droneImages\dataset\depth_20\clear_sky\10AM\HighresScreenshot00059_depth_20_clear_sky_10AM.txt,excluded_problematic_folder
4999,C:\Users\depthlev\Desktop\droneImages\dataset\depth_20\clear_sky\10AM\HighresScreenshot00060_depth_20_clear_sky_10AM.png,C:\Users\depthlev\Desktop\droneImages\dataset\depth_20\clear_sky\10AM\HighresScreenshot00060_depth_20_clear_sky_10AM.txt,excluded_problematic_folder
5000,C:\Users\depthlev\Desktop\droneImages\dataset\depth_20\clear_sky\10AM\HighresScreenshot00061_depth_20_clear_sky_10AM.png,C:\Users\depthlev\Desktop\droneImages\dataset\depth_20\clear_sky\10AM\HighresScreenshot00061_depth_20_clear_sky_10AM.txt,excluded_problematic_folder
5001,C:\Users\depthlev\Desktop\droneImages\dataset\depth_20\clear_sky\10AM\HighresScreenshot00062_depth_20_clear_sky_10AM.png,C:\Users\depthlev\Desktop\droneImages\dataset\depth_20\clear_sky\10AM\HighresScreenshot00062_depth_20_clear_sky_10AM.txt,excluded_problematic_folder
5002,C:\Users\depthlev\Desktop\droneImages\dataset\depth_20\clear_sky\10AM\HighresScreenshot00063_depth_20_clear_sky_10AM.png,C:\Users\depthlev\Desktop\droneImages\dataset\depth_20\clear_sky\10AM\HighresScreenshot00063_depth_20_clear_sky_10AM.txt,excluded_problematic_folder
5003,C:\Users\depthlev\Desktop\droneImages\dataset\depth_20\clear_sky\10AM\HighresScreenshot00064_depth_20_clear_sky_10AM.png,C:\Users\depthlev\Desktop\droneImages\dataset\depth_20\clear_sky\10AM\HighresScreenshot00064_depth_20_clear_sky_10AM.txt,excluded_problematic_folder
5004,C:\Users\depthlev\Desktop\droneImages\dataset\depth_20\clear_sky\10AM\HighresScreenshot00065_depth_20_clear_sky_10AM.png,C:\Users\depthlev\Desktop\droneImages\dataset\depth_20\clear_sky\10AM\HighresScreenshot00065_depth_20_clear_sky_10AM.txt,excluded_problematic_folder
5005,C:\Users\depthlev\Desktop\droneImages\dataset\depth_20\clear_sky\10AM\HighresScreenshot00066_depth_20_clear_sky_10AM.png,C:\Users\depthlev\Desktop\droneImages\dataset\depth_20\clear_sky\10AM\HighresScreenshot00066_depth_20_clear_sky_10AM.txt,excluded_problematic_folder
5006,C:\Users\depthlev\Desktop\droneImages\dataset\depth_20\clear_sky\10AM\HighresScreenshot00067_depth_20_clear_sky_10AM.png,C:\Users\depthlev\Desktop\droneImages\dataset\depth_20\clear_sky\10AM\HighresScreenshot00067_depth_20_clear_sky_10AM.txt,excluded_problematic_folder
5007,C:\Users\depthlev\Desktop\droneImages\dataset\depth_20\clear_sky\10AM\HighresScreenshot00068_depth_20_clear_sky_10AM.png,C:\Users\depthlev\Desktop\droneImages\dataset\depth_20\clear_sky\10AM\HighresScreenshot00068_depth_20_clear_sky_10AM.txt,excluded_problematic_folder
5008,C:\Users\depthlev\Desktop\droneImages\dataset\depth_20\clear_sky\10AM\HighresScreenshot00069_depth_20_clear_sky_10AM.png,C:\Users\depthlev\Desktop\droneImages\dataset\depth_20\clear_sky\10AM\HighresScreenshot00069_depth_20_clear_sky_10AM.txt,excluded_problematic_folder
5009,C:\Users\depthlev\Desktop\droneImages\dataset\depth_20\clear_sky\10AM\HighresScreenshot00070_depth_20_clear_sky_10AM.png,C:\Users\depthlev\Desktop\droneImages\dataset\depth_20\clear_sky\10AM\HighresScreenshot00070_depth_20_clear_sky_10AM.txt,excluded_problematic_folder
5010,C:\Users\depthlev\Desktop\droneImages\dataset\depth_20\clear_sky\10AM\HighresScreenshot00071_depth_20_clear_sky_10AM.png,C:\Users\depthlev\Desktop\droneImages\dataset\depth_20\clear_sky\10AM\HighresScreenshot00071_depth_20_clear_sky_10AM.txt,excluded_problematic_folder
5011,C:\Users\depthlev\Desktop\droneImages\dataset\depth_20\clear_sky\10AM\HighresScreenshot00072_depth_20_clear_sky_10AM.png,C:\Users\depthlev\Desktop\droneImages\dataset\depth_20\clear_sky\10AM\HighresScreenshot00072_depth_20_clear_sky_10AM.txt,excluded_problematic_folder
5012,C:\Users\depthlev\Desktop\droneImages\dataset\depth_20\clear_sky\10AM\HighresScreenshot00073_depth_20_clear_sky_10AM.png,C:\Users\depthlev\Desktop\droneImages\dataset\depth_20\clear_sky\10AM\HighresScreenshot00073_depth_20_clear_sky_10AM.txt,excluded_problematic_folder
5013,C:\Users\depthlev\Desktop\droneImages\dataset\depth_20\clear_sky\10AM\HighresScreenshot00074_depth_20_clear_sky_10AM.png,C:\Users\depthlev\Desktop\droneImages\dataset\depth_20\clear_sky\10AM\HighresScreenshot00074_depth_20_clear_sky_10AM.txt,excluded_problematic_folder
5014,C:\Users\depthlev\Desktop\droneImages\dataset\depth_20\clear_sky\10AM\HighresScreenshot00075_depth_20_clear_sky_10AM.png,C:\Users\depthlev\Desktop\droneImages\dataset\depth_20\clear_sky\10AM\HighresScreenshot00075_depth_20_clear_sky_10AM.txt,excluded_problematic_folder
5015,C:\Users\depthlev\Desktop\droneImages\dataset\depth_20\clear_sky\10AM\HighresScreenshot00076_depth_20_clear_sky_10AM.png,C:\Users\depthlev\Desktop\droneImages\dataset\depth_20\clear_sky\10AM\HighresScreenshot00076_depth_20_clear_sky_10AM.txt,excluded_problematic_folder
5016,C:\Users\depthlev\Desktop\droneImages\dataset\depth_20\clear_sky\10AM\HighresScreenshot00077_depth_20_clear_sky_10AM.png,C:\Users\depthlev\Desktop\droneImages\dataset\depth_20\clear_sky\10AM\HighresScreenshot00077_depth_20_clear_sky_10AM.txt,excluded_problematic_folder
5017,C:\Users\depthlev\Desktop\droneImages\dataset\depth_20\clear_sky\10AM\HighresScreenshot00078_depth_20_clear_sky_10AM.png,C:\Users\depthlev\Desktop\droneImages\dataset\depth_20\clear_sky\10AM\HighresScreenshot00078_depth_20_clear_sky_10AM.txt,excluded_problematic_folder
5018,C:\Users\depthlev\Desktop\droneImages\dataset\depth_20\clear_sky\10AM\HighresScreenshot00079_depth_20_clear_sky_10AM.png,C:\Users\depthlev\Desktop\droneImages\dataset\depth_20\clear_sky\10AM\HighresScreenshot00079_depth_20_clear_sky_10AM.txt,excluded_problematic_folder
5019,C:\Users\depthlev\Desktop\droneImages\dataset\depth_20\clear_sky\10AM\HighresScreenshot00080_depth_20_clear_sky_10AM.png,C:\Users\depthlev\Desktop\droneImages\dataset\depth_20\clear_sky\10AM\HighresScreenshot00080_depth_20_clear_sky_10AM.txt,excluded_problematic_folder
5020,C:\Users\depthlev\Desktop\droneImages\dataset\depth_20\clear_sky\10AM\HighresScreenshot00081_depth_20_clear_sky_10AM.png,C:\Users\depthlev\Desktop\droneImages\dataset\depth_20\clear_sky\10AM\HighresScreenshot00081_depth_20_clear_sky_10AM.txt,excluded_problematic_folder
5021,C:\Users\depthlev\Desktop\droneImages\dataset\depth_20\clear_sky\10AM\HighresScreenshot00082_depth_20_clear_sky_10AM.png,C:\Users\depthlev\Desktop\droneImages\dataset\depth_20\clear_sky\10AM\HighresScreenshot00082_depth_20_clear_sky_10AM.txt,excluded_problematic_folder
5022,C:\Users\depthlev\Desktop\droneImages\dataset\depth_20\clear_sky\10AM\HighresScreenshot00083_depth_20_clear_sky_10AM.png,C:\Users\depthlev\Desktop\droneImages\dataset\depth_20\clear_sky\10AM\HighresScreenshot00083_depth_20_clear_sky_10AM.txt,excluded_problematic_folder
5023,C:\Users\depthlev\Desktop\droneImages\dataset\depth_20\clear_sky\10AM\HighresScreenshot00084_depth_20_clear_sky_10AM.png,C:\Users\depthlev\Desktop\droneImages\dataset\depth_20\clear_sky\10AM\HighresScreenshot00084_depth_20_clear_sky_10AM.txt,excluded_problematic_folder
5024,C:\Users\depthlev\Desktop\droneImages\dataset\depth_20\clear_sky\10AM\HighresScreenshot00085_depth_20_clear_sky_10AM.png,C:\Users\depthlev\Desktop\droneImages\dataset\depth_20\clear_sky\10AM\HighresScreenshot00085_depth_20_clear_sky_10AM.txt,excluded_problematic_folder
5025,C:\Users\depthlev\Desktop\droneImages\dataset\depth_20\clear_sky\10AM\HighresScreenshot00086_depth_20_clear_sky_10AM.png,C:\Users\depthlev\Desktop\droneImages\dataset\depth_20\clear_sky\10AM\HighresScreenshot00086_depth_20_clear_sky_10AM.txt,excluded_problematic_folder
5026,C:\Users\depthlev\Desktop\droneImages\dataset\depth_20\clear_sky\10AM\HighresScreenshot00087_depth_20_clear_sky_10AM.png,C:\Users\depthlev\Desktop\droneImages\dataset\depth_20\clear_sky\10AM\HighresScreenshot00087_depth_20_clear_sky_10AM.txt,excluded_problematic_folder
5027,C:\Users\depthlev\Desktop\droneImages\dataset\depth_20\clear_sky\10AM\HighresScreenshot00088_depth_20_clear_sky_10AM.png,C:\Users\depthlev\Desktop\droneImages\dataset\depth_20\clear_sky\10AM\HighresScreenshot00088_depth_20_clear_sky_10AM.txt,excluded_problematic_folder
5028,C:\Users\depthlev\Desktop\droneImages\dataset\depth_20\clear_sky\10AM\HighresScreenshot00089_depth_20_clear_sky_10AM.png,C:\Users\depthlev\Desktop\droneImages\dataset\depth_20\clear_sky\10AM\HighresScreenshot00089_depth_20_clear_sky_10AM.txt,excluded_problematic_folder
5029,C:\Users\depthlev\Desktop\droneImages\dataset\depth_20\clear_sky\10AM\HighresScreenshot00090_depth_20_clear_sky_10AM.png,C:\Users\depthlev\Desktop\droneImages\dataset\depth_20\clear_sky\10AM\HighresScreenshot00090_depth_20_clear_sky_10AM.txt,excluded_problematic_folder
5030,C:\Users\depthlev\Desktop\droneImages\dataset\depth_20\clear_sky\10AM\HighresScreenshot00091_depth_20_clear_sky_10AM.png,C:\Users\depthlev\Desktop\droneImages\dataset\depth_20\clear_sky\10AM\HighresScreenshot00091_depth_20_clear_sky_10AM.txt,excluded_problematic_folder
5031,C:\Users\depthlev\Desktop\droneImages\dataset\depth_20\clear_sky\10AM\HighresScreenshot00092_depth_20_clear_sky_10AM.png,C:\Users\depthlev\Desktop\droneImages\dataset\depth_20\clear_sky\10AM\HighresScreenshot00092_depth_20_clear_sky_10AM.txt,excluded_problematic_folder
5032,C:\Users\depthlev\Desktop\droneImages\dataset\depth_20\clear_sky\10AM\HighresScreenshot00093_depth_20_clear_sky_10AM.png,C:\Users\depthlev\Desktop\droneImages\dataset\depth_20\clear_sky\10AM\HighresScreenshot00093_depth_20_clear_sky_10AM.txt,excluded_problematic_folder
5033,C:\Users\depthlev\Desktop\droneImages\dataset\depth_20\clear_sky\10AM\HighresScreenshot00094_depth_20_clear_sky_10AM.png,C:\Users\depthlev\Desktop\droneImages\dataset\depth_20\clear_sky\10AM\HighresScreenshot00094_depth_20_clear_sky_10AM.txt,excluded_problematic_folder
5034,C:\Users\depthlev\Desktop\droneImages\dataset\depth_20\clear_sky\10AM\HighresScreenshot00096_depth_20_clear_sky_10AM.png,C:\Users\depthlev\Desktop\droneImages\dataset\depth_20\clear_sky\10AM\HighresScreenshot00096_depth_20_clear_sky_10AM.txt,excluded_problematic_folder
5035,C:\Users\depthlev\Desktop\droneImages\dataset\depth_20\clear_sky\10AM\HighresScreenshot00097_depth_20_clear_sky_10AM.png,C:\Users\depthlev\Desktop\droneImages\dataset\depth_20\clear_sky\10AM\HighresScreenshot00097_depth_20_clear_sky_10AM.txt,excluded_problematic_folder
5036,C:\Users\depthlev\Desktop\droneImages\dataset\depth_20\clear_sky\10AM\HighresScreenshot00098_depth_20_clear_sky_10AM.png,C:\Users\depthlev\Desktop\droneImages\dataset\depth_20\clear_sky\10AM\HighresScreenshot00098_depth_20_clear_sky_10AM.txt,excluded_problematic_folder
5037,C:\Users\depthlev\Desktop\droneImages\dataset\depth_20\clear_sky\10AM\HighresScreenshot00100_depth_20_clear_sky_10AM.png,C:\Users\depthlev\Desktop\droneImages\dataset\depth_20\clear_sky\10AM\HighresScreenshot00100_depth_20_clear_sky_10AM.txt,excluded_problematic_folder
5038,C:\Users\depthlev\Desktop\droneImages\dataset\depth_20\clear_sky\10AM\HighresScreenshot00101_depth_20_clear_sky_10AM.png,C:\Users\depthlev\Desktop\droneImages\dataset\depth_20\clear_sky\10AM\HighresScreenshot00101_depth_20_clear_sky_10AM.txt,excluded_problematic_folder
5039,C:\Users\depthlev\Desktop\droneImages\dataset\depth_20\clear_sky\10AM\HighresScreenshot00102_depth_20_clear_sky_10AM.png,C:\Users\depthlev\Desktop\droneImages\dataset\depth_20\clear_sky\10AM\HighresScreenshot00102_depth_20_clear_sky_10AM.txt,excluded_problematic_folder
5040,C:\Users\depthlev\Desktop\droneImages\dataset\depth_20\clear_sky\10AM\HighresScreenshot00103_depth_20_clear_sky_10AM.png,C:\Users\depthlev\Desktop\droneImages\dataset\depth_20\clear_sky\10AM\HighresScreenshot00103_depth_20_clear_sky_10AM.txt,excluded_problematic_folder
5041,C:\Users\depthlev\Desktop\droneImages\dataset\depth_20\clear_sky\10AM\HighresScreenshot00104_depth_20_clear_sky_10AM.png,C:\Users\depthlev\Desktop\droneImages\dataset\depth_20\clear_sky\10AM\HighresScreenshot00104_depth_20_clear_sky_10AM.txt,excluded_problematic_folder
5042,C:\Users\depthlev\Desktop\droneImages\dataset\depth_20\clear_sky\10AM\HighresScreenshot00105_depth_20_clear_sky_10AM.png,C:\Users\depthlev\Desktop\droneImages\dataset\depth_20\clear_sky\10AM\HighresScreenshot00105_depth_20_clear_sky_10AM.txt,excluded_problematic_folder
5043,C:\Users\depthlev\Desktop\droneImages\dataset\depth_20\clear_sky\10AM\HighresScreenshot00107_depth_20_clear_sky_10AM.png,C:\Users\depthlev\Desktop\droneImages\dataset\depth_20\clear_sky\10AM\HighresScreenshot00107_depth_20_clear_sky_10AM.txt,excluded_problematic_folder
5044,C:\Users\depthlev\Desktop\droneImages\dataset\depth_20\clear_sky\10AM\HighresScreenshot00108_depth_20_clear_sky_10AM.png,C:\Users\depthlev\Desktop\droneImages\dataset\depth_20\clear_sky\10AM\HighresScreenshot00108_depth_20_clear_sky_10AM.txt,excluded_problematic_folder
5045,C:\Users\depthlev\Desktop\droneImages\dataset\depth_20\clear_sky\10AM\HighresScreenshot00109_depth_20_clear_sky_10AM.png,C:\Users\depthlev\Desktop\droneImages\dataset\depth_20\clear_sky\10AM\HighresScreenshot00109_depth_20_clear_sky_10AM.txt,excluded_problematic_folder
5046,C:\Users\depthlev\Desktop\droneImages\dataset\depth_20\clear_sky\10AM\HighresScreenshot00110_depth_20_clear_sky_10AM.png,C:\Users\depthlev\Desktop\droneImages\dataset\depth_20\clear_sky\10AM\HighresScreenshot00110_depth_20_clear_sky_10AM.txt,excluded_problematic_folder
5047,C:\Users\depthlev\Desktop\droneImages\dataset\depth_20\clear_sky\10AM\HighresScreenshot00111_depth_20_clear_sky_10AM.png,C:\Users\depthlev\Desktop\droneImages\dataset\depth_20\clear_sky\10AM\HighresScreenshot00111_depth_20_clear_sky_10AM.txt,excluded_problematic_folder
5048,C:\Users\depthlev\Desktop\droneImages\dataset\depth_20\clear_sky\10AM\HighresScreenshot00112_depth_20_clear_sky_10AM.png,C:\Users\depthlev\Desktop\droneImages\dataset\depth_20\clear_sky\10AM\HighresScreenshot00112_depth_20_clear_sky_10AM.txt,excluded_problematic_folder
5049,C:\Users\depthlev\Desktop\droneImages\dataset\depth_20\clear_sky\10AM\HighresScreenshot00113_depth_20_clear_sky_10AM.png,C:\Users\depthlev\Desktop\droneImages\dataset\depth_20\clear_sky\10AM\HighresScreenshot00113_depth_20_clear_sky_10AM.txt,excluded_problematic_folder
5050,C:\Users\depthlev\Desktop\droneImages\dataset\depth_20\clear_sky\10AM\HighresScreenshot00114_depth_20_clear_sky_10AM.png,C:\Users\depthlev\Desktop\droneImages\dataset\depth_20\clear_sky\10AM\HighresScreenshot00114_depth_20_clear_sky_10AM.txt,excluded_problematic_folder
5051,C:\Users\depthlev\Desktop\droneImages\dataset\depth_20\clear_sky\10AM\HighresScreenshot00115_depth_20_clear_sky_10AM.png,C:\Users\depthlev\Desktop\droneImages\dataset\depth_20\clear_sky\10AM\HighresScreenshot00115_depth_20_clear_sky_10AM.txt,excluded_problematic_folder
5052,C:\Users\depthlev\Desktop\droneImages\dataset\depth_20\clear_sky\10AM\HighresScreenshot00116_depth_20_clear_sky_10AM.png,C:\Users\depthlev\Desktop\droneImages\dataset\depth_20\clear_sky\10AM\HighresScreenshot00116_depth_20_clear_sky_10AM.txt,excluded_problematic_folder
5053,C:\Users\depthlev\Desktop\droneImages\dataset\depth_20\clear_sky\10AM\HighresScreenshot00117_depth_20_clear_sky_10AM.png,C:\Users\depthlev\Desktop\droneImages\dataset\depth_20\clear_sky\10AM\HighresScreenshot00117_depth_20_clear_sky_10AM.txt,excluded_problematic_folder
5054,C:\Users\depthlev\Desktop\droneImages\dataset\depth_20\clear_sky\10AM\HighresScreenshot00118_depth_20_clear_sky_10AM.png,C:\Users\depthlev\Desktop\droneImages\dataset\depth_20\clear_sky\10AM\HighresScreenshot00118_depth_20_clear_sky_10AM.txt,excluded_problematic_folder
5055,C:\Users\depthlev\Desktop\droneImages\dataset\depth_20\clear_sky\10AM\HighresScreenshot00119_depth_20_clear_sky_10AM.png,C:\Users\depthlev\Desktop\droneImages\dataset\depth_20\clear_sky\10AM\HighresScreenshot00119_depth_20_clear_sky_10AM.txt,excluded_problematic_folder
5056,C:\Users\depthlev\Desktop\droneImages\dataset\depth_20\clear_sky\10AM\HighresScreenshot00120_depth_20_clear_sky_10AM.png,C:\Users\depthlev\Desktop\droneImages\dataset\depth_20\clear_sky\10AM\HighresScreenshot00120_depth_20_clear_sky_10AM.txt,excluded_problematic_folder
5057,C:\Users\depthlev\Desktop\droneImages\dataset\depth_20\clear_sky\10AM\HighresScreenshot00121_depth_20_clear_sky_10AM.png,C:\Users\depthlev\Desktop\droneImages\dataset\depth_20\clear_sky\10AM\HighresScreenshot00121_depth_20_clear_sky_10AM.txt,excluded_problematic_folder
5058,C:\Users\depthlev\Desktop\droneImages\dataset\depth_20\clear_sky\10AM\HighresScreenshot00122_depth_20_clear_sky_10AM.png,C:\Users\depthlev\Desktop\droneImages\dataset\depth_20\clear_sky\10AM\HighresScreenshot00122_depth_20_clear_sky_10AM.txt,excluded_problematic_folder
5059,C:\Users\depthlev\Desktop\droneImages\dataset\depth_20\clear_sky\10AM\HighresScreenshot00123_depth_20_clear_sky_10AM.png,C:\Users\depthlev\Desktop\droneImages\dataset\depth_20\clear_sky\10AM\HighresScreenshot00123_depth_20_clear_sky_10AM.txt,excluded_problematic_folder
5060,C:\Users\depthlev\Desktop\droneImages\dataset\depth_20\clear_sky\10AM\HighresScreenshot00124_depth_20_clear_sky_10AM.png,C:\Users\depthlev\Desktop\droneImages\dataset\depth_20\clear_sky\10AM\HighresScreenshot00124_depth_20_clear_sky_10AM.txt,excluded_problematic_folder
5061,C:\Users\depthlev\Desktop\droneImages\dataset\depth_20\clear_sky\10AM\HighresScreenshot00125_depth_20_clear_sky_10AM.png,C:\Users\depthlev\Desktop\droneImages\dataset\depth_20\clear_sky\10AM\HighresScreenshot00125_depth_20_clear_sky_10AM.txt,excluded_problematic_folder
5062,C:\Users\depthlev\Desktop\droneImages\dataset\depth_20\clear_sky\10AM\HighresScreenshot00126_depth_20_clear_sky_10AM.png,C:\Users\depthlev\Desktop\droneImages\dataset\depth_20\clear_sky\10AM\HighresScreenshot00126_depth_20_clear_sky_10AM.txt,excluded_problematic_folder
5063,C:\Users\depthlev\Desktop\droneImages\dataset\depth_20\clear_sky\10AM\HighresScreenshot00127_depth_20_clear_sky_10AM.png,C:\Users\depthlev\Desktop\droneImages\dataset\depth_20\clear_sky\10AM\HighresScreenshot00127_depth_20_clear_sky_10AM.txt,excluded_problematic_folder
5064,C:\Users\depthlev\Desktop\droneImages\dataset\depth_20\clear_sky\10AM\HighresScreenshot00128_depth_20_clear_sky_10AM.png,C:\Users\depthlev\Desktop\droneImages\dataset\depth_20\clear_sky\10AM\HighresScreenshot00128_depth_20_clear_sky_10AM.txt,excluded_problematic_folder
5065,C:\Users\depthlev\Desktop\droneImages\dataset\depth_20\clear_sky\10AM\HighresScreenshot00129_depth_20_clear_sky_10AM.png,C:\Users\depthlev\Desktop\droneImages\dataset\depth_20\clear_sky\10AM\HighresScreenshot00129_depth_20_clear_sky_10AM.txt,excluded_problematic_folder
5066,C:\Users\depthlev\Desktop\droneImages\dataset\depth_20\clear_sky\10AM\HighresScreenshot00130_depth_20_clear_sky_10AM.png,C:\Users\depthlev\Desktop\droneImages\dataset\depth_20\clear_sky\10AM\HighresScreenshot00130_depth_20_clear_sky_10AM.txt,excluded_problematic_folder
5067,C:\Users\depthlev\Desktop\droneImages\dataset\depth_20\clear_sky\10AM\HighresScreenshot00131_depth_20_clear_sky_10AM.png,C:\Users\depthlev\Desktop\droneImages\dataset\depth_20\clear_sky\10AM\HighresScreenshot00131_depth_20_clear_sky_10AM.txt,excluded_problematic_folder
5068,C:\Users\depthlev\Desktop\droneImages\dataset\depth_20\clear_sky\10AM\HighresScreenshot00132_depth_20_clear_sky_10AM.png,C:\Users\depthlev\Desktop\droneImages\dataset\depth_20\clear_sky\10AM\HighresScreenshot00132_depth_20_clear_sky_10AM.txt,excluded_problematic_folder
5069,C:\Users\depthlev\Desktop\droneImages\dataset\depth_20\clear_sky\10AM\HighresScreenshot00133_depth_20_clear_sky_10AM.png,C:\Users\depthlev\Desktop\droneImages\dataset\depth_20\clear_sky\10AM\HighresScreenshot00133_depth_20_clear_sky_10AM.txt,excluded_problematic_folder
5070,C:\Users\depthlev\Desktop\droneImages\dataset\depth_20\clear_sky\10AM\HighresScreenshot00134_depth_20_clear_sky_10AM.png,C:\Users\depthlev\Desktop\droneImages\dataset\depth_20\clear_sky\10AM\HighresScreenshot00134_depth_20_clear_sky_10AM.txt,excluded_problematic_folder
5071,C:\Users\depthlev\Desktop\droneImages\dataset\depth_20\clear_sky\10AM\HighresScreenshot00135_depth_20_clear_sky_10AM.png,C:\Users\depthlev\Desktop\droneImages\dataset\depth_20\clear_sky\10AM\HighresScreenshot00135_depth_20_clear_sky_10AM.txt,excluded_problematic_folder
5072,C:\Users\depthlev\Desktop\droneImages\dataset\depth_20\clear_sky\10AM\HighresScreenshot00136_depth_20_clear_sky_10AM.png,C:\Users\depthlev\Desktop\droneImages\dataset\depth_20\clear_sky\10AM\HighresScreenshot00136_depth_20_clear_sky_10AM.txt,excluded_problematic_folder
5073,C:\Users\depthlev\Desktop\droneImages\dataset\depth_20\clear_sky\10AM\HighresScreenshot00137_depth_20_clear_sky_10AM.png,C:\Users\depthlev\Desktop\droneImages\dataset\depth_20\clear_sky\10AM\HighresScreenshot00137_depth_20_clear_sky_10AM.txt,excluded_problematic_folder
5074,C:\Users\depthlev\Desktop\droneImages\dataset\depth_20\clear_sky\10AM\HighresScreenshot00138_depth_20_clear_sky_10AM.png,C:\Users\depthlev\Desktop\droneImages\dataset\depth_20\clear_sky\10AM\HighresScreenshot00138_depth_20_clear_sky_10AM.txt,excluded_problematic_folder
5075,C:\Users\depthlev\Desktop\droneImages\dataset\depth_20\clear_sky\10AM\HighresScreenshot00139_depth_20_clear_sky_10AM.png,C:\Users\depthlev\Desktop\droneImages\dataset\depth_20\clear_sky\10AM\HighresScreenshot00139_depth_20_clear_sky_10AM.txt,excluded_problematic_folder
5076,C:\Users\depthlev\Desktop\droneImages\dataset\depth_20\clear_sky\10AM\HighresScreenshot00140_depth_20_clear_sky_10AM.png,C:\Users\depthlev\Desktop\droneImages\dataset\depth_20\clear_sky\10AM\HighresScreenshot00140_depth_20_clear_sky_10AM.txt,excluded_problematic_folder
5077,C:\Users\depthlev\Desktop\droneImages\dataset\depth_20\clear_sky\10AM\HighresScreenshot00141_depth_20_clear_sky_10AM.png,C:\Users\depthlev\Desktop\droneImages\dataset\depth_20\clear_sky\10AM\HighresScreenshot00141_depth_20_clear_sky_10AM.txt,excluded_problematic_folder
5078,C:\Users\depthlev\Desktop\droneImages\dataset\depth_20\clear_sky\10AM\HighresScreenshot00142_depth_20_clear_sky_10AM.png,C:\Users\depthlev\Desktop\droneImages\dataset\depth_20\clear_sky\10AM\HighresScreenshot00142_depth_20_clear_sky_10AM.txt,excluded_problematic_folder
5079,C:\Users\depthlev\Desktop\droneImages\dataset\depth_20\clear_sky\10AM\HighresScreenshot00143_depth_20_clear_sky_10AM.png,C:\Users\depthlev\Desktop\droneImages\dataset\depth_20\clear_sky\10AM\HighresScreenshot00143_depth_20_clear_sky_10AM.txt,excluded_problematic_folder
5080,C:\Users\depthlev\Desktop\droneImages\dataset\depth_20\clear_sky\10AM\HighresScreenshot00144_depth_20_clear_sky_10AM.png,C:\Users\depthlev\Desktop\droneImages\dataset\depth_20\clear_sky\10AM\HighresScreenshot00144_depth_20_clear_sky_10AM.txt,excluded_problematic_folder
5081,C:\Users\depthlev\Desktop\droneImages\dataset\depth_20\clear_sky\10AM\HighresScreenshot00145_depth_20_clear_sky_10AM.png,C:\Users\depthlev\Desktop\droneImages\dataset\depth_20\clear_sky\10AM\HighresScreenshot00145_depth_20_clear_sky_10AM.txt,excluded_problematic_folder
5082,C:\Users\depthlev\Desktop\droneImages\dataset\depth_20\clear_sky\10AM\HighresScreenshot00146_depth_20_clear_sky_10AM.png,C:\Users\depthlev\Desktop\droneImages\dataset\depth_20\clear_sky\10AM\HighresScreenshot00146_depth_20_clear_sky_10AM.txt,excluded_problematic_folder
5083,C:\Users\depthlev\Desktop\droneImages\dataset\depth_20\clear_sky\10AM\HighresScreenshot00147_depth_20_clear_sky_10AM.png,C:\Users\depthlev\Desktop\droneImages\dataset\depth_20\clear_sky\10AM\HighresScreenshot00147_depth_20_clear_sky_10AM.txt,excluded_problematic_folder
5084,C:\Users\depthlev\Desktop\droneImages\dataset\depth_20\clear_sky\10AM\HighresScreenshot00148_depth_20_clear_sky_10AM.png,C:\Users\depthlev\Desktop\droneImages\dataset\depth_20\clear_sky\10AM\HighresScreenshot00148_depth_20_clear_sky_10AM.txt,excluded_problematic_folder
5085,C:\Users\depthlev\Desktop\droneImages\dataset\depth_20\clear_sky\10AM\HighresScreenshot00149_depth_20_clear_sky_10AM.png,C:\Users\depthlev\Desktop\droneImages\dataset\depth_20\clear_sky\10AM\HighresScreenshot00149_depth_20_clear_sky_10AM.txt,excluded_problematic_folder
5086,C:\Users\depthlev\Desktop\droneImages\dataset\depth_20\clear_sky\10AM\HighresScreenshot00150_depth_20_clear_sky_10AM.png,C:\Users\depthlev\Desktop\droneImages\dataset\depth_20\clear_sky\10AM\HighresScreenshot00150_depth_20_clear_sky_10AM.txt,excluded_problematic_folder
5087,C:\Users\depthlev\Desktop\droneImages\dataset\depth_20\clear_sky\10AM\HighresScreenshot00151_depth_20_clear_sky_10AM.png,C:\Users\depthlev\Desktop\droneImages\dataset\depth_20\clear_sky\10AM\HighresScreenshot00151_depth_20_clear_sky_10AM.txt,excluded_problematic_folder
5088,C:\Users\depthlev\Desktop\droneImages\dataset\depth_20\clear_sky\10AM\HighresScreenshot00152_depth_20_clear_sky_10AM.png,C:\Users\depthlev\Desktop\droneImages\dataset\depth_20\clear_sky\10AM\HighresScreenshot00152_depth_20_clear_sky_10AM.txt,excluded_problematic_folder
5089,C:\Users\depthlev\Desktop\droneImages\dataset\depth_20\clear_sky\10AM\HighresScreenshot00153_depth_20_clear_sky_10AM.png,C:\Users\depthlev\Desktop\droneImages\dataset\depth_20\clear_sky\10AM\HighresScreenshot00153_depth_20_clear_sky_10AM.txt,excluded_problematic_folder
5090,C:\Users\depthlev\Desktop\droneImages\dataset\depth_20\clear_sky\10AM\HighresScreenshot00154_depth_20_clear_sky_10AM.png,C:\Users\depthlev\Desktop\droneImages\dataset\depth_20\clear_sky\10AM\HighresScreenshot00154_depth_20_clear_sky_10AM.txt,excluded_problematic_folder
5091,C:\Users\depthlev\Desktop\droneImages\dataset\depth_20\clear_sky\10AM\HighresScreenshot00155_depth_20_clear_sky_10AM.png,C:\Users\depthlev\Desktop\droneImages\dataset\depth_20\clear_sky\10AM\HighresScreenshot00155_depth_20_clear_sky_10AM.txt,excluded_problematic_folder
5092,C:\Users\depthlev\Desktop\droneImages\dataset\depth_20\clear_sky\10AM\HighresScreenshot00156_depth_20_clear_sky_10AM.png,C:\Users\depthlev\Desktop\droneImages\dataset\depth_20\clear_sky\10AM\HighresScreenshot00156_depth_20_clear_sky_10AM.txt,excluded_problematic_folder
5093,C:\Users\depthlev\Desktop\droneImages\dataset\depth_20\clear_sky\10AM\HighresScreenshot00157_depth_20_clear_sky_10AM.png,C:\Users\depthlev\Desktop\droneImages\dataset\depth_20\clear_sky\10AM\HighresScreenshot00157_depth_20_clear_sky_10AM.txt,excluded_problematic_folder
5094,C:\Users\depthlev\Desktop\droneImages\dataset\depth_20\clear_sky\10AM\HighresScreenshot00158_depth_20_clear_sky_10AM.png,C:\Users\depthlev\Desktop\droneImages\dataset\depth_20\clear_sky\10AM\HighresScreenshot00158_depth_20_clear_sky_10AM.txt,excluded_problematic_folder
5095,C:\Users\depthlev\Desktop\droneImages\dataset\depth_20\clear_sky\10AM\HighresScreenshot00159_depth_20_clear_sky_10AM.png,C:\Users\depthlev\Desktop\droneImages\dataset\depth_20\clear_sky\10AM\HighresScreenshot00159_depth_20_clear_sky_10AM.txt,excluded_problematic_folder
5096,C:\Users\depthlev\Desktop\droneImages\dataset\depth_20\clear_sky\10AM\HighresScreenshot00160_depth_20_clear_sky_10AM.png,C:\Users\depthlev\Desktop\droneImages\dataset\depth_20\clear_sky\10AM\HighresScreenshot00160_depth_20_clear_sky_10AM.txt,excluded_problematic_folder
5097,C:\Users\depthlev\Desktop\droneImages\dataset\depth_20\clear_sky\10AM\HighresScreenshot00161_depth_20_clear_sky_10AM.png,C:\Users\depthlev\Desktop\droneImages\dataset\depth_20\clear_sky\10AM\HighresScreenshot00161_depth_20_clear_sky_10AM.txt,excluded_problematic_folder
5098,C:\Users\depthlev\Desktop\droneImages\dataset\depth_20\clear_sky\10AM\HighresScreenshot00162_depth_20_clear_sky_10AM.png,C:\Users\depthlev\Desktop\droneImages\dataset\depth_20\clear_sky\10AM\HighresScreenshot00162_depth_20_clear_sky_10AM.txt,excluded_problematic_folder
5099,C:\Users\depthlev\Desktop\droneImages\dataset\depth_20\clear_sky\10AM\HighresScreenshot00163_depth_20_clear_sky_10AM.png,C:\Users\depthlev\Desktop\droneImages\dataset\depth_20\clear_sky\10AM\HighresScreenshot00163_depth_20_clear_sky_10AM.txt,excluded_problematic_folder
5100,C:\Users\depthlev\Desktop\droneImages\dataset\depth_20\clear_sky\10AM\HighresScreenshot00164_depth_20_clear_sky_10AM.png,C:\Users\depthlev\Desktop\droneImages\dataset\depth_20\clear_sky\10AM\HighresScreenshot00164_depth_20_clear_sky_10AM.txt,excluded_problematic_folder
5101,C:\Users\depthlev\Desktop\droneImages\dataset\depth_20\clear_sky\10AM\HighresScreenshot00165_depth_20_clear_sky_10AM.png,C:\Users\depthlev\Desktop\droneImages\dataset\depth_20\clear_sky\10AM\HighresScreenshot00165_depth_20_clear_sky_10AM.txt,excluded_problematic_folder
5102,C:\Users\depthlev\Desktop\droneImages\dataset\depth_20\clear_sky\10AM\HighresScreenshot00166_depth_20_clear_sky_10AM.png,C:\Users\depthlev\Desktop\droneImages\dataset\depth_20\clear_sky\10AM\HighresScreenshot00166_depth_20_clear_sky_10AM.txt,excluded_problematic_folder
5103,C:\Users\depthlev\Desktop\droneImages\dataset\depth_20\clear_sky\10AM\HighresScreenshot00167_depth_20_clear_sky_10AM.png,C:\Users\depthlev\Desktop\droneImages\dataset\depth_20\clear_sky\10AM\HighresScreenshot00167_depth_20_clear_sky_10AM.txt,excluded_problematic_folder
5104,C:\Users\depthlev\Desktop\droneImages\dataset\depth_20\clear_sky\10AM\HighresScreenshot00168_depth_20_clear_sky_10AM.png,C:\Users\depthlev\Desktop\droneImages\dataset\depth_20\clear_sky\10AM\HighresScreenshot00168_depth_20_clear_sky_10AM.txt,excluded_problematic_folder
5105,C:\Users\depthlev\Desktop\droneImages\dataset\depth_20\clear_sky\10AM\HighresScreenshot00169_depth_20_clear_sky_10AM.png,C:\Users\depthlev\Desktop\droneImages\dataset\depth_20\clear_sky\10AM\HighresScreenshot00169_depth_20_clear_sky_10AM.txt,excluded_problematic_folder
5106,C:\Users\depthlev\Desktop\droneImages\dataset\depth_20\clear_sky\10AM\HighresScreenshot00170_depth_20_clear_sky_10AM.png,C:\Users\depthlev\Desktop\droneImages\dataset\depth_20\clear_sky\10AM\HighresScreenshot00170_depth_20_clear_sky_10AM.txt,excluded_problematic_folder
5107,C:\Users\depthlev\Desktop\droneImages\dataset\depth_20\clear_sky\10AM\HighresScreenshot00171_depth_20_clear_sky_10AM.png,C:\Users\depthlev\Desktop\droneImages\dataset\depth_20\clear_sky\10AM\HighresScreenshot00171_depth_20_clear_sky_10AM.txt,excluded_problematic_folder
5108,C:\Users\depthlev\Desktop\droneImages\dataset\depth_20\clear_sky\10AM\HighresScreenshot00172_depth_20_clear_sky_10AM.png,C:\Users\depthlev\Desktop\droneImages\dataset\depth_20\clear_sky\10AM\HighresScreenshot00172_depth_20_clear_sky_10AM.txt,excluded_problematic_folder
5109,C:\Users\depthlev\Desktop\droneImages\dataset\depth_20\clear_sky\10AM\HighresScreenshot00173_depth_20_clear_sky_10AM.png,C:\Users\depthlev\Desktop\droneImages\dataset\depth_20\clear_sky\10AM\HighresScreenshot00173_depth_20_clear_sky_10AM.txt,excluded_problematic_folder
5110,C:\Users\depthlev\Desktop\droneImages\dataset\depth_20\clear_sky\10AM\HighresScreenshot00174_depth_20_clear_sky_10AM.png,C:\Users\depthlev\Desktop\droneImages\dataset\depth_20\clear_sky\10AM\HighresScreenshot00174_depth_20_clear_sky_10AM.txt,excluded_problematic_folder
5111,C:\Users\depthlev\Desktop\droneImages\dataset\depth_20\clear_sky\10AM\HighresScreenshot00175_depth_20_clear_sky_10AM.png,C:\Users\depthlev\Desktop\droneImages\dataset\depth_20\clear_sky\10AM\HighresScreenshot00175_depth_20_clear_sky_10AM.txt,excluded_problematic_folder
5112,C:\Users\depthlev\Desktop\droneImages\dataset\depth_20\clear_sky\10AM\HighresScreenshot00176_depth_20_clear_sky_10AM.png,C:\Users\depthlev\Desktop\droneImages\dataset\depth_20\clear_sky\10AM\HighresScreenshot00176_depth_20_clear_sky_10AM.txt,excluded_problematic_folder
5113,C:\Users\depthlev\Desktop\droneImages\dataset\depth_20\clear_sky\10AM\HighresScreenshot00177_depth_20_clear_sky_10AM.png,C:\Users\depthlev\Desktop\droneImages\dataset\depth_20\clear_sky\10AM\HighresScreenshot00177_depth_20_clear_sky_10AM.txt,excluded_problematic_folder
5114,C:\Users\depthlev\Desktop\droneImages\dataset\depth_20\clear_sky\10AM\HighresScreenshot00178_depth_20_clear_sky_10AM.png,C:\Users\depthlev\Desktop\droneImages\dataset\depth_20\clear_sky\10AM\HighresScreenshot00178_depth_20_clear_sky_10AM.txt,excluded_problematic_folder
5115,C:\Users\depthlev\Desktop\droneImages\dataset\depth_20\clear_sky\10AM\HighresScreenshot00179_depth_20_clear_sky_10AM.png,C:\Users\depthlev\Desktop\droneImages\dataset\depth_20\clear_sky\10AM\HighresScreenshot00179_depth_20_clear_sky_10AM.txt,excluded_problematic_folder
5116,C:\Users\depthlev\Desktop\droneImages\dataset\depth_20\clear_sky\10AM\HighresScreenshot00180_depth_20_clear_sky_10AM.png,C:\Users\depthlev\Desktop\droneImages\dataset\depth_20\clear_sky\10AM\HighresScreenshot00180_depth_20_clear_sky_10AM.txt,excluded_problematic_folder
5117,C:\Users\depthlev\Desktop\droneImages\dataset\depth_20\clear_sky\10AM\HighresScreenshot00181_depth_20_clear_sky_10AM.png,C:\Users\depthlev\Desktop\droneImages\dataset\depth_20\clear_sky\10AM\HighresScreenshot00181_depth_20_clear_sky_10AM.txt,excluded_problematic_folder
5118,C:\Users\depthlev\Desktop\droneImages\dataset\depth_20\clear_sky\10AM\HighresScreenshot00182_depth_20_clear_sky_10AM.png,C:\Users\depthlev\Desktop\droneImages\dataset\depth_20\clear_sky\10AM\HighresScreenshot00182_depth_20_clear_sky_10AM.txt,excluded_problematic_folder
5119,C:\Users\depthlev\Desktop\droneImages\dataset\depth_20\clear_sky\10AM\HighresScreenshot00183_depth_20_clear_sky_10AM.png,C:\Users\depthlev\Desktop\droneImages\dataset\depth_20\clear_sky\10AM\HighresScreenshot00183_depth_20_clear_sky_10AM.txt,excluded_problematic_folder
5120,C:\Users\depthlev\Desktop\droneImages\dataset\depth_20\clear_sky\10AM\HighresScreenshot00184_depth_20_clear_sky_10AM.png,C:\Users\depthlev\Desktop\droneImages\dataset\depth_20\clear_sky\10AM\HighresScreenshot00184_depth_20_clear_sky_10AM.txt,excluded_problematic_folder
5121,C:\Users\depthlev\Desktop\droneImages\dataset\depth_20\clear_sky\10AM\HighresScreenshot00185_depth_20_clear_sky_10AM.png,C:\Users\depthlev\Desktop\droneImages\dataset\depth_20\clear_sky\10AM\HighresScreenshot00185_depth_20_clear_sky_10AM.txt,excluded_problematic_folder
5122,C:\Users\depthlev\Desktop\droneImages\dataset\depth_20\clear_sky\10AM\HighresScreenshot00186_depth_20_clear_sky_10AM.png,C:\Users\depthlev\Desktop\droneImages\dataset\depth_20\clear_sky\10AM\HighresScreenshot00186_depth_20_clear_sky_10AM.txt,excluded_problematic_folder
5123,C:\Users\depthlev\Desktop\droneImages\dataset\depth_20\clear_sky\10AM\HighresScreenshot00187_depth_20_clear_sky_10AM.png,C:\Users\depthlev\Desktop\droneImages\dataset\depth_20\clear_sky\10AM\HighresScreenshot00187_depth_20_clear_sky_10AM.txt,excluded_problematic_folder
5124,C:\Users\depthlev\Desktop\droneImages\dataset\depth_20\clear_sky\10AM\HighresScreenshot00188_depth_20_clear_sky_10AM.png,C:\Users\depthlev\Desktop\droneImages\dataset\depth_20\clear_sky\10AM\HighresScreenshot00188_depth_20_clear_sky_10AM.txt,excluded_problematic_folder
5125,C:\Users\depthlev\Desktop\droneImages\dataset\depth_20\clear_sky\10AM\HighresScreenshot00189_depth_20_clear_sky_10AM.png,C:\Users\depthlev\Desktop\droneImages\dataset\depth_20\clear_sky\10AM\HighresScreenshot00189_depth_20_clear_sky_10AM.txt,excluded_problematic_folder
5126,C:\Users\depthlev\Desktop\droneImages\dataset\depth_20\clear_sky\10AM\HighresScreenshot00190_depth_20_clear_sky_10AM.png,C:\Users\depthlev\Desktop\droneImages\dataset\depth_20\clear_sky\10AM\HighresScreenshot00190_depth_20_clear_sky_10AM.txt,excluded_problematic_folder
5127,C:\Users\depthlev\Desktop\droneImages\dataset\depth_20\clear_sky\10AM\HighresScreenshot00191_depth_20_clear_sky_10AM.png,C:\Users\depthlev\Desktop\droneImages\dataset\depth_20\clear_sky\10AM\HighresScreenshot00191_depth_20_clear_sky_10AM.txt,excluded_problematic_folder
5128,C:\Users\depthlev\Desktop\droneImages\dataset\depth_20\clear_sky\10AM\HighresScreenshot00192_depth_20_clear_sky_10AM.png,C:\Users\depthlev\Desktop\droneImages\dataset\depth_20\clear_sky\10AM\HighresScreenshot00192_depth_20_clear_sky_10AM.txt,excluded_problematic_folder
5129,C:\Users\depthlev\Desktop\droneImages\dataset\depth_20\clear_sky\10AM\HighresScreenshot00193_depth_20_clear_sky_10AM.png,C:\Users\depthlev\Desktop\droneImages\dataset\depth_20\clear_sky\10AM\HighresScreenshot00193_depth_20_clear_sky_10AM.txt,excluded_problematic_folder
5130,C:\Users\depthlev\Desktop\droneImages\dataset\depth_20\clear_sky\10AM\HighresScreenshot00194_depth_20_clear_sky_10AM.png,C:\Users\depthlev\Desktop\droneImages\dataset\depth_20\clear_sky\10AM\HighresScreenshot00194_depth_20_clear_sky_10AM.txt,excluded_problematic_folder
5131,C:\Users\depthlev\Desktop\droneImages\dataset\depth_20\clear_sky\10AM\HighresScreenshot00195_depth_20_clear_sky_10AM.png,C:\Users\depthlev\Desktop\droneImages\dataset\depth_20\clear_sky\10AM\HighresScreenshot00195_depth_20_clear_sky_10AM.txt,excluded_problematic_folder
5132,C:\Users\depthlev\Desktop\droneImages\dataset\depth_20\clear_sky\10AM\HighresScreenshot00196_depth_20_clear_sky_10AM.png,C:\Users\depthlev\Desktop\droneImages\dataset\depth_20\clear_sky\10AM\HighresScreenshot00196_depth_20_clear_sky_10AM.txt,excluded_problematic_folder
5133,C:\Users\depthlev\Desktop\droneImages\dataset\depth_20\clear_sky\10AM\HighresScreenshot00197_depth_20_clear_sky_10AM.png,C:\Users\depthlev\Desktop\droneImages\dataset\depth_20\clear_sky\10AM\HighresScreenshot00197_depth_20_clear_sky_10AM.txt,excluded_problematic_folder
5134,C:\Users\depthlev\Desktop\droneImages\dataset\depth_20\clear_sky\10AM\HighresScreenshot00198_depth_20_clear_sky_10AM.png,C:\Users\depthlev\Desktop\droneImages\dataset\depth_20\clear_sky\10AM\HighresScreenshot00198_depth_20_clear_sky_10AM.txt,excluded_problematic_folder
5135,C:\Users\depthlev\Desktop\droneImages\dataset\depth_20\clear_sky\10AM\HighresScreenshot00199_depth_20_clear_sky_10AM.png,C:\Users\depthlev\Desktop\droneImages\dataset\depth_20\clear_sky\10AM\HighresScreenshot00199_depth_20_clear_sky_10AM.txt,excluded_problematic_folder
5136,C:\Users\depthlev\Desktop\droneImages\dataset\depth_20\clear_sky\10AM\HighresScreenshot00200_depth_20_clear_sky_10AM.png,C:\Users\depthlev\Desktop\droneImages\dataset\depth_20\clear_sky\10AM\HighresScreenshot00200_depth_20_clear_sky_10AM.txt,excluded_problematic_folder
5137,C:\Users\depthlev\Desktop\droneImages\dataset\depth_20\clear_sky\10AM\HighresScreenshot00201_depth_20_clear_sky_10AM.png,C:\Users\depthlev\Desktop\droneImages\dataset\depth_20\clear_sky\10AM\HighresScreenshot00201_depth_20_clear_sky_10AM.txt,excluded_problematic_folder
5138,C:\Users\depthlev\Desktop\droneImages\dataset\depth_20\clear_sky\10AM\HighresScreenshot00202_depth_20_clear_sky_10AM.png,C:\Users\depthlev\Desktop\droneImages\dataset\depth_20\clear_sky\10AM\HighresScreenshot00202_depth_20_clear_sky_10AM.txt,excluded_problematic_folder
5139,C:\Users\depthlev\Desktop\droneImages\dataset\depth_20\clear_sky\10AM\HighresScreenshot00203_depth_20_clear_sky_10AM.png,C:\Users\depthlev\Desktop\droneImages\dataset\depth_20\clear_sky\10AM\HighresScreenshot00203_depth_20_clear_sky_10AM.txt,excluded_problematic_folder
5140,C:\Users\depthlev\Desktop\droneImages\dataset\depth_20\clear_sky\10AM\HighresScreenshot00204_depth_20_clear_sky_10AM.png,C:\Users\depthlev\Desktop\droneImages\dataset\depth_20\clear_sky\10AM\HighresScreenshot00204_depth_20_clear_sky_10AM.txt,excluded_problematic_folder
5141,C:\Users\depthlev\Desktop\droneImages\dataset\depth_20\clear_sky\10AM\HighresScreenshot00205_depth_20_clear_sky_10AM.png,C:\Users\depthlev\Desktop\droneImages\dataset\depth_20\clear_sky\10AM\HighresScreenshot00205_depth_20_clear_sky_10AM.txt,excluded_problematic_folder
5142,C:\Users\depthlev\Desktop\droneImages\dataset\depth_20\clear_sky\10AM\HighresScreenshot00206_depth_20_clear_sky_10AM.png,C:\Users\depthlev\Desktop\droneImages\dataset\depth_20\clear_sky\10AM\HighresScreenshot00206_depth_20_clear_sky_10AM.txt,excluded_problematic_folder
5143,C:\Users\depthlev\Desktop\droneImages\dataset\depth_20\clear_sky\10AM\HighresScreenshot00207_depth_20_clear_sky_10AM.png,C:\Users\depthlev\Desktop\droneImages\dataset\depth_20\clear_sky\10AM\HighresScreenshot00207_depth_20_clear_sky_10AM.txt,excluded_problematic_folder
5144,C:\Users\depthlev\Desktop\droneImages\dataset\depth_20\clear_sky\10AM\HighresScreenshot00208_depth_20_clear_sky_10AM.png,C:\Users\depthlev\Desktop\droneImages\dataset\depth_20\clear_sky\10AM\HighresScreenshot00208_depth_20_clear_sky_10AM.txt,excluded_problematic_folder
5145,C:\Users\depthlev\Desktop\droneImages\dataset\depth_20\clear_sky\10AM\HighresScreenshot00209_depth_20_clear_sky_10AM.png,C:\Users\depthlev\Desktop\droneImages\dataset\depth_20\clear_sky\10AM\HighresScreenshot00209_depth_20_clear_sky_10AM.txt,excluded_problematic_folder
5146,C:\Users\depthlev\Desktop\droneImages\dataset\depth_20\clear_sky\10AM\HighresScreenshot00210_depth_20_clear_sky_10AM.png,C:\Users\depthlev\Desktop\droneImages\dataset\depth_20\clear_sky\10AM\HighresScreenshot00210_depth_20_clear_sky_10AM.txt,excluded_problematic_folder
5147,C:\Users\depthlev\Desktop\droneImages\dataset\depth_20\clear_sky\10AM\HighresScreenshot00211_depth_20_clear_sky_10AM.png,C:\Users\depthlev\Desktop\droneImages\dataset\depth_20\clear_sky\10AM\HighresScreenshot00211_depth_20_clear_sky_10AM.txt,excluded_problematic_folder
5148,C:\Users\depthlev\Desktop\droneImages\dataset\depth_20\clear_sky\10AM\HighresScreenshot00212_depth_20_clear_sky_10AM.png,C:\Users\depthlev\Desktop\droneImages\dataset\depth_20\clear_sky\10AM\HighresScreenshot00212_depth_20_clear_sky_10AM.txt,excluded_problematic_folder
5149,C:\Users\depthlev\Desktop\droneImages\dataset\depth_20\clear_sky\10AM\HighresScreenshot00213_depth_20_clear_sky_10AM.png,C:\Users\depthlev\Desktop\droneImages\dataset\depth_20\clear_sky\10AM\HighresScreenshot00213_depth_20_clear_sky_10AM.txt,excluded_problematic_folder
5150,C:\Users\depthlev\Desktop\droneImages\dataset\depth_20\clear_sky\10AM\HighresScreenshot00214_depth_20_clear_sky_10AM.png,C:\Users\depthlev\Desktop\droneImages\dataset\depth_20\clear_sky\10AM\HighresScreenshot00214_depth_20_clear_sky_10AM.txt,excluded_problematic_folder
5151,C:\Users\depthlev\Desktop\droneImages\dataset\depth_20\clear_sky\10AM\HighresScreenshot00215_depth_20_clear_sky_10AM.png,C:\Users\depthlev\Desktop\droneImages\dataset\depth_20\clear_sky\10AM\HighresScreenshot00215_depth_20_clear_sky_10AM.txt,excluded_problematic_folder
5152,C:\Users\depthlev\Desktop\droneImages\dataset\depth_20\clear_sky\10AM\HighresScreenshot00216_depth_20_clear_sky_10AM.png,C:\Users\depthlev\Desktop\droneImages\dataset\depth_20\clear_sky\10AM\HighresScreenshot00216_depth_20_clear_sky_10AM.txt,excluded_problematic_folder
5153,C:\Users\depthlev\Desktop\droneImages\dataset\depth_20\clear_sky\10AM\HighresScreenshot00217_depth_20_clear_sky_10AM.png,C:\Users\depthlev\Desktop\droneImages\dataset\depth_20\clear_sky\10AM\HighresScreenshot00217_depth_20_clear_sky_10AM.txt,excluded_problematic_folder
5154,C:\Users\depthlev\Desktop\droneImages\dataset\depth_20\clear_sky\10AM\HighresScreenshot00218_depth_20_clear_sky_10AM.png,C:\Users\depthlev\Desktop\droneImages\dataset\depth_20\clear_sky\10AM\HighresScreenshot00218_depth_20_clear_sky_10AM.txt,excluded_problematic_folder
5155,C:\Users\depthlev\Desktop\droneImages\dataset\depth_20\clear_sky\10AM\HighresScreenshot00219_depth_20_clear_sky_10AM.png,C:\Users\depthlev\Desktop\droneImages\dataset\depth_20\clear_sky\10AM\HighresScreenshot00219_depth_20_clear_sky_10AM.txt,excluded_problematic_folder
5156,C:\Users\depthlev\Desktop\droneImages\dataset\depth_20\clear_sky\10AM\HighresScreenshot00220_depth_20_clear_sky_10AM.png,C:\Users\depthlev\Desktop\droneImages\dataset\depth_20\clear_sky\10AM\HighresScreenshot00220_depth_20_clear_sky_10AM.txt,excluded_problematic_folder
5157,C:\Users\depthlev\Desktop\droneImages\dataset\depth_20\clear_sky\10AM\HighresScreenshot00221_depth_20_clear_sky_10AM.png,C:\Users\depthlev\Desktop\droneImages\dataset\depth_20\clear_sky\10AM\HighresScreenshot00221_depth_20_clear_sky_10AM.txt,excluded_problematic_folder
5158,C:\Users\depthlev\Desktop\droneImages\dataset\depth_20\clear_sky\10AM\HighresScreenshot00222_depth_20_clear_sky_10AM.png,C:\Users\depthlev\Desktop\droneImages\dataset\depth_20\clear_sky\10AM\HighresScreenshot00222_depth_20_clear_sky_10AM.txt,excluded_problematic_folder
5159,C:\Users\depthlev\Desktop\droneImages\dataset\depth_20\clear_sky\10AM\HighresScreenshot00223_depth_20_clear_sky_10AM.png,C:\Users\depthlev\Desktop\droneImages\dataset\depth_20\clear_sky\10AM\HighresScreenshot00223_depth_20_clear_sky_10AM.txt,excluded_problematic_folder
5160,C:\Users\depthlev\Desktop\droneImages\dataset\depth_20\clear_sky\10AM\HighresScreenshot00224_depth_20_clear_sky_10AM.png,C:\Users\depthlev\Desktop\droneImages\dataset\depth_20\clear_sky\10AM\HighresScreenshot00224_depth_20_clear_sky_10AM.txt,excluded_problematic_folder
5161,C:\Users\depthlev\Desktop\droneImages\dataset\depth_20\clear_sky\10AM\HighresScreenshot00225_depth_20_clear_sky_10AM.png,C:\Users\depthlev\Desktop\droneImages\dataset\depth_20\clear_sky\10AM\HighresScreenshot00225_depth_20_clear_sky_10AM.txt,excluded_problematic_folder
5162,C:\Users\depthlev\Desktop\droneImages\dataset\depth_20\clear_sky\10AM\HighresScreenshot00226_depth_20_clear_sky_10AM.png,C:\Users\depthlev\Desktop\droneImages\dataset\depth_20\clear_sky\10AM\HighresScreenshot00226_depth_20_clear_sky_10AM.txt,excluded_problematic_folder
5163,C:\Users\depthlev\Desktop\droneImages\dataset\depth_20\clear_sky\10AM\HighresScreenshot00227_depth_20_clear_sky_10AM.png,C:\Users\depthlev\Desktop\droneImages\dataset\depth_20\clear_sky\10AM\HighresScreenshot00227_depth_20_clear_sky_10AM.txt,excluded_problematic_folder
5164,C:\Users\depthlev\Desktop\droneImages\dataset\depth_20\clear_sky\10AM\HighresScreenshot00228_depth_20_clear_sky_10AM.png,C:\Users\depthlev\Desktop\droneImages\dataset\depth_20\clear_sky\10AM\HighresScreenshot00228_depth_20_clear_sky_10AM.txt,excluded_problematic_folder
5165,C:\Users\depthlev\Desktop\droneImages\dataset\depth_20\clear_sky\10AM\HighresScreenshot00229_depth_20_clear_sky_10AM.png,C:\Users\depthlev\Desktop\droneImages\dataset\depth_20\clear_sky\10AM\HighresScreenshot00229_depth_20_clear_sky_10AM.txt,excluded_problematic_folder
5166,C:\Users\depthlev\Desktop\droneImages\dataset\depth_20\clear_sky\10AM\HighresScreenshot00230_depth_20_clear_sky_10AM.png,C:\Users\depthlev\Desktop\droneImages\dataset\depth_20\clear_sky\10AM\HighresScreenshot00230_depth_20_clear_sky_10AM.txt,excluded_problematic_folder
5167,C:\Users\depthlev\Desktop\droneImages\dataset\depth_20\clear_sky\10AM\HighresScreenshot00231_depth_20_clear_sky_10AM.png,C:\Users\depthlev\Desktop\droneImages\dataset\depth_20\clear_sky\10AM\HighresScreenshot00231_depth_20_clear_sky_10AM.txt,excluded_problematic_folder
5168,C:\Users\depthlev\Desktop\droneImages\dataset\depth_20\clear_sky\10AM\HighresScreenshot00232_depth_20_clear_sky_10AM.png,C:\Users\depthlev\Desktop\droneImages\dataset\depth_20\clear_sky\10AM\HighresScreenshot00232_depth_20_clear_sky_10AM.txt,excluded_problematic_folder
5169,C:\Users\depthlev\Desktop\droneImages\dataset\depth_20\clear_sky\10AM\HighresScreenshot00233_depth_20_clear_sky_10AM.png,C:\Users\depthlev\Desktop\droneImages\dataset\depth_20\clear_sky\10AM\HighresScreenshot00233_depth_20_clear_sky_10AM.txt,excluded_problematic_folder
5170,C:\Users\depthlev\Desktop\droneImages\dataset\depth_20\clear_sky\10AM\HighresScreenshot00234_depth_20_clear_sky_10AM.png,C:\Users\depthlev\Desktop\droneImages\dataset\depth_20\clear_sky\10AM\HighresScreenshot00234_depth_20_clear_sky_10AM.txt,excluded_problematic_folder
5171,C:\Users\depthlev\Desktop\droneImages\dataset\depth_20\clear_sky\10AM\HighresScreenshot00235_depth_20_clear_sky_10AM.png,C:\Users\depthlev\Desktop\droneImages\dataset\depth_20\clear_sky\10AM\HighresScreenshot00235_depth_20_clear_sky_10AM.txt,excluded_problematic_folder
5172,C:\Users\depthlev\Desktop\droneImages\dataset\depth_20\clear_sky\10AM\HighresScreenshot00236_depth_20_clear_sky_10AM.png,C:\Users\depthlev\Desktop\droneImages\dataset\depth_20\clear_sky\10AM\HighresScreenshot00236_depth_20_clear_sky_10AM.txt,excluded_problematic_folder
5173,C:\Users\depthlev\Desktop\droneImages\dataset\depth_20\clear_sky\10AM\HighresScreenshot00237_depth_20_clear_sky_10AM.png,C:\Users\depthlev\Desktop\droneImages\dataset\depth_20\clear_sky\10AM\HighresScreenshot00237_depth_20_clear_sky_10AM.txt,excluded_problematic_folder
5174,C:\Users\depthlev\Desktop\droneImages\dataset\depth_20\clear_sky\10AM\HighresScreenshot00238_depth_20_clear_sky_10AM.png,C:\Users\depthlev\Desktop\droneImages\dataset\depth_20\clear_sky\10AM\HighresScreenshot00238_depth_20_clear_sky_10AM.txt,excluded_problematic_folder
5175,C:\Users\depthlev\Desktop\droneImages\dataset\depth_20\clear_sky\10AM\HighresScreenshot00239_depth_20_clear_sky_10AM.png,C:\Users\depthlev\Desktop\droneImages\dataset\depth_20\clear_sky\10AM\HighresScreenshot00239_depth_20_clear_sky_10AM.txt,excluded_problematic_folder
5176,C:\Users\depthlev\Desktop\droneImages\dataset\depth_20\clear_sky\10AM\HighresScreenshot00240_depth_20_clear_sky_10AM.png,C:\Users\depthlev\Desktop\droneImages\dataset\depth_20\clear_sky\10AM\HighresScreenshot00240_depth_20_clear_sky_10AM.txt,excluded_problematic_folder
5177,C:\Users\depthlev\Desktop\droneImages\dataset\depth_20\clear_sky\10AM\HighresScreenshot00241_depth_20_clear_sky_10AM.png,C:\Users\depthlev\Desktop\droneImages\dataset\depth_20\clear_sky\10AM\HighresScreenshot00241_depth_20_clear_sky_10AM.txt,excluded_problematic_folder
5178,C:\Users\depthlev\Desktop\droneImages\dataset\depth_20\clear_sky\10AM\HighresScreenshot00242_depth_20_clear_sky_10AM.png,C:\Users\depthlev\Desktop\droneImages\dataset\depth_20\clear_sky\10AM\HighresScreenshot00242_depth_20_clear_sky_10AM.txt,excluded_problematic_folder
5179,C:\Users\depthlev\Desktop\droneImages\dataset\depth_20\clear_sky\10AM\HighresScreenshot00243_depth_20_clear_sky_10AM.png,C:\Users\depthlev\Desktop\droneImages\dataset\depth_20\clear_sky\10AM\HighresScreenshot00243_depth_20_clear_sky_10AM.txt,excluded_problematic_folder
5180,C:\Users\depthlev\Desktop\droneImages\dataset\depth_20\clear_sky\10AM\HighresScreenshot00244_depth_20_clear_sky_10AM.png,C:\Users\depthlev\Desktop\droneImages\dataset\depth_20\clear_sky\10AM\HighresScreenshot00244_depth_20_clear_sky_10AM.txt,excluded_problematic_folder
5181,C:\Users\depthlev\Desktop\droneImages\dataset\depth_20\clear_sky\10AM\HighresScreenshot00245_depth_20_clear_sky_10AM.png,C:\Users\depthlev\Desktop\droneImages\dataset\depth_20\clear_sky\10AM\HighresScreenshot00245_depth_20_clear_sky_10AM.txt,excluded_problematic_folder
5182,C:\Users\depthlev\Desktop\droneImages\dataset\depth_20\clear_sky\10AM\HighresScreenshot00246_depth_20_clear_sky_10AM.png,C:\Users\depthlev\Desktop\droneImages\dataset\depth_20\clear_sky\10AM\HighresScreenshot00246_depth_20_clear_sky_10AM.txt,excluded_problematic_folder
5183,C:\Users\depthlev\Desktop\droneImages\dataset\depth_20\clear_sky\10AM\HighresScreenshot00247_depth_20_clear_sky_10AM.png,C:\Users\depthlev\Desktop\droneImages\dataset\depth_20\clear_sky\10AM\HighresScreenshot00247_depth_20_clear_sky_10AM.txt,excluded_problematic_folder
5184,C:\Users\depthlev\Desktop\droneImages\dataset\depth_20\clear_sky\10AM\HighresScreenshot00248_depth_20_clear_sky_10AM.png,C:\Users\depthlev\Desktop\droneImages\dataset\depth_20\clear_sky\10AM\HighresScreenshot00248_depth_20_clear_sky_10AM.txt,excluded_problematic_folder
5185,C:\Users\depthlev\Desktop\droneImages\dataset\depth_20\clear_sky\10AM\HighresScreenshot00249_depth_20_clear_sky_10AM.png,C:\Users\depthlev\Desktop\droneImages\dataset\depth_20\clear_sky\10AM\HighresScreenshot00249_depth_20_clear_sky_10AM.txt,excluded_problematic_folder
5186,C:\Users\depthlev\Desktop\droneImages\dataset\depth_20\clear_sky\10AM\HighresScreenshot00250_depth_20_clear_sky_10AM.png,C:\Users\depthlev\Desktop\droneImages\dataset\depth_20\clear_sky\10AM\HighresScreenshot00250_depth_20_clear_sky_10AM.txt,excluded_problematic_folder
5187,C:\Users\depthlev\Desktop\droneImages\dataset\depth_20\clear_sky\10AM\HighresScreenshot00251_depth_20_clear_sky_10AM.png,C:\Users\depthlev\Desktop\droneImages\dataset\depth_20\clear_sky\10AM\HighresScreenshot00251_depth_20_clear_sky_10AM.txt,excluded_problematic_folder
5188,C:\Users\depthlev\Desktop\droneImages\dataset\depth_20\clear_sky\10AM\HighresScreenshot00252_depth_20_clear_sky_10AM.png,C:\Users\depthlev\Desktop\droneImages\dataset\depth_20\clear_sky\10AM\HighresScreenshot00252_depth_20_clear_sky_10AM.txt,excluded_problematic_folder
5189,C:\Users\depthlev\Desktop\droneImages\dataset\depth_20\clear_sky\10AM\HighresScreenshot00253_depth_20_clear_sky_10AM.png,C:\Users\depthlev\Desktop\droneImages\dataset\depth_20\clear_sky\10AM\HighresScreenshot00253_depth_20_clear_sky_10AM.txt,excluded_problematic_folder
5190,C:\Users\depthlev\Desktop\droneImages\dataset\depth_20\clear_sky\10AM\HighresScreenshot00254_depth_20_clear_sky_10AM.png,C:\Users\depthlev\Desktop\droneImages\dataset\depth_20\clear_sky\10AM\HighresScreenshot00254_depth_20_clear_sky_10AM.txt,excluded_problematic_folder
5191,C:\Users\depthlev\Desktop\droneImages\dataset\depth_20\clear_sky\10AM\HighresScreenshot00255_depth_20_clear_sky_10AM.png,C:\Users\depthlev\Desktop\droneImages\dataset\depth_20\clear_sky\10AM\HighresScreenshot00255_depth_20_clear_sky_10AM.txt,excluded_problematic_folder
5192,C:\Users\depthlev\Desktop\droneImages\dataset\depth_20\clear_sky\10AM\HighresScreenshot00256_depth_20_clear_sky_10AM.png,C:\Users\depthlev\Desktop\droneImages\dataset\depth_20\clear_sky\10AM\HighresScreenshot00256_depth_20_clear_sky_10AM.txt,excluded_problematic_folder
5193,C:\Users\depthlev\Desktop\droneImages\dataset\depth_20\clear_sky\10AM\HighresScreenshot00257_depth_20_clear_sky_10AM.png,C:\Users\depthlev\Desktop\droneImages\dataset\depth_20\clear_sky\10AM\HighresScreenshot00257_depth_20_clear_sky_10AM.txt,excluded_problematic_folder
5194,C:\Users\depthlev\Desktop\droneImages\dataset\depth_20\clear_sky\10AM\HighresScreenshot00258_depth_20_clear_sky_10AM.png,C:\Users\depthlev\Desktop\droneImages\dataset\depth_20\clear_sky\10AM\HighresScreenshot00258_depth_20_clear_sky_10AM.txt,excluded_problematic_folder
5195,C:\Users\depthlev\Desktop\droneImages\dataset\depth_20\clear_sky\10AM\HighresScreenshot00259_depth_20_clear_sky_10AM.png,C:\Users\depthlev\Desktop\droneImages\dataset\depth_20\clear_sky\10AM\HighresScreenshot00259_depth_20_clear_sky_10AM.txt,excluded_problematic_folder
5196,C:\Users\depthlev\Desktop\droneImages\dataset\depth_20\clear_sky\10AM\HighresScreenshot00260_depth_20_clear_sky_10AM.png,C:\Users\depthlev\Desktop\droneImages\dataset\depth_20\clear_sky\10AM\HighresScreenshot00260_depth_20_clear_sky_10AM.txt,excluded_problematic_folder
5197,C:\Users\depthlev\Desktop\droneImages\dataset\depth_20\clear_sky\10AM\HighresScreenshot00261_depth_20_clear_sky_10AM.png,C:\Users\depthlev\Desktop\droneImages\dataset\depth_20\clear_sky\10AM\HighresScreenshot00261_depth_20_clear_sky_10AM.txt,excluded_problematic_folder
5198,C:\Users\depthlev\Desktop\droneImages\dataset\depth_20\clear_sky\10AM\HighresScreenshot00262_depth_20_clear_sky_10AM.png,C:\Users\depthlev\Desktop\droneImages\dataset\depth_20\clear_sky\10AM\HighresScreenshot00262_depth_20_clear_sky_10AM.txt,excluded_problematic_folder
5199,C:\Users\depthlev\Desktop\droneImages\dataset\depth_20\clear_sky\10AM\HighresScreenshot00263_depth_20_clear_sky_10AM.png,C:\Users\depthlev\Desktop\droneImages\dataset\depth_20\clear_sky\10AM\HighresScreenshot00263_depth_20_clear_sky_10AM.txt,excluded_problematic_folder
5200,C:\Users\depthlev\Desktop\droneImages\dataset\depth_20\clear_sky\10AM\HighresScreenshot00264_depth_20_clear_sky_10AM.png,C:\Users\depthlev\Desktop\droneImages\dataset\depth_20\clear_sky\10AM\HighresScreenshot00264_depth_20_clear_sky_10AM.txt,excluded_problematic_folder
5201,C:\Users\depthlev\Desktop\droneImages\dataset\depth_20\clear_sky\10AM\HighresScreenshot00265_depth_20_clear_sky_10AM.png,C:\Users\depthlev\Desktop\droneImages\dataset\depth_20\clear_sky\10AM\HighresScreenshot00265_depth_20_clear_sky_10AM.txt,excluded_problematic_folder
5202,C:\Users\depthlev\Desktop\droneImages\dataset\depth_20\clear_sky\10AM\HighresScreenshot00266_depth_20_clear_sky_10AM.png,C:\Users\depthlev\Desktop\droneImages\dataset\depth_20\clear_sky\10AM\HighresScreenshot00266_depth_20_clear_sky_10AM.txt,excluded_problematic_folder
5203,C:\Users\depthlev\Desktop\droneImages\dataset\depth_20\clear_sky\10AM\HighresScreenshot00267_depth_20_clear_sky_10AM.png,C:\Users\depthlev\Desktop\droneImages\dataset\depth_20\clear_sky\10AM\HighresScreenshot00267_depth_20_clear_sky_10AM.txt,excluded_problematic_folder
5204,C:\Users\depthlev\Desktop\droneImages\dataset\depth_20\clear_sky\10AM\HighresScreenshot00268_depth_20_clear_sky_10AM.png,C:\Users\depthlev\Desktop\droneImages\dataset\depth_20\clear_sky\10AM\HighresScreenshot00268_depth_20_clear_sky_10AM.txt,excluded_problematic_folder
5205,C:\Users\depthlev\Desktop\droneImages\dataset\depth_20\clear_sky\10AM\HighresScreenshot00269_depth_20_clear_sky_10AM.png,C:\Users\depthlev\Desktop\droneImages\dataset\depth_20\clear_sky\10AM\HighresScreenshot00269_depth_20_clear_sky_10AM.txt,excluded_problematic_folder
5206,C:\Users\depthlev\Desktop\droneImages\dataset\depth_20\clear_sky\10AM\HighresScreenshot00270_depth_20_clear_sky_10AM.png,C:\Users\depthlev\Desktop\droneImages\dataset\depth_20\clear_sky\10AM\HighresScreenshot00270_depth_20_clear_sky_10AM.txt,excluded_problematic_folder
5207,C:\Users\depthlev\Desktop\droneImages\dataset\depth_20\clear_sky\10AM\HighresScreenshot00271_depth_20_clear_sky_10AM.png,C:\Users\depthlev\Desktop\droneImages\dataset\depth_20\clear_sky\10AM\HighresScreenshot00271_depth_20_clear_sky_10AM.txt,excluded_problematic_folder
5208,C:\Users\depthlev\Desktop\droneImages\dataset\depth_20\clear_sky\10AM\HighresScreenshot00272_depth_20_clear_sky_10AM.png,C:\Users\depthlev\Desktop\droneImages\dataset\depth_20\clear_sky\10AM\HighresScreenshot00272_depth_20_clear_sky_10AM.txt,excluded_problematic_folder
5209,C:\Users\depthlev\Desktop\droneImages\dataset\depth_20\clear_sky\10AM\HighresScreenshot00273_depth_20_clear_sky_10AM.png,C:\Users\depthlev\Desktop\droneImages\dataset\depth_20\clear_sky\10AM\HighresScreenshot00273_depth_20_clear_sky_10AM.txt,excluded_problematic_folder
5210,C:\Users\depthlev\Desktop\droneImages\dataset\depth_20\clear_sky\10AM\HighresScreenshot00274_depth_20_clear_sky_10AM.png,C:\Users\depthlev\Desktop\droneImages\dataset\depth_20\clear_sky\10AM\HighresScreenshot00274_depth_20_clear_sky_10AM.txt,excluded_problematic_folder
5211,C:\Users\depthlev\Desktop\droneImages\dataset\depth_20\clear_sky\10AM\HighresScreenshot00275_depth_20_clear_sky_10AM.png,C:\Users\depthlev\Desktop\droneImages\dataset\depth_20\clear_sky\10AM\HighresScreenshot00275_depth_20_clear_sky_10AM.txt,excluded_problematic_folder
5212,C:\Users\depthlev\Desktop\droneImages\dataset\depth_20\clear_sky\10AM\HighresScreenshot00276_depth_20_clear_sky_10AM.png,C:\Users\depthlev\Desktop\droneImages\dataset\depth_20\clear_sky\10AM\HighresScreenshot00276_depth_20_clear_sky_10AM.txt,excluded_problematic_folder
5213,C:\Users\depthlev\Desktop\droneImages\dataset\depth_20\clear_sky\10AM\HighresScreenshot00277_depth_20_clear_sky_10AM.png,C:\Users\depthlev\Desktop\droneImages\dataset\depth_20\clear_sky\10AM\HighresScreenshot00277_depth_20_clear_sky_10AM.txt,excluded_problematic_folder
5214,C:\Users\depthlev\Desktop\droneImages\dataset\depth_20\clear_sky\10AM\HighresScreenshot00278_depth_20_clear_sky_10AM.png,C:\Users\depthlev\Desktop\droneImages\dataset\depth_20\clear_sky\10AM\HighresScreenshot00278_depth_20_clear_sky_10AM.txt,excluded_problematic_folder
5215,C:\Users\depthlev\Desktop\droneImages\dataset\depth_20\clear_sky\10AM\HighresScreenshot00279_depth_20_clear_sky_10AM.png,C:\Users\depthlev\Desktop\droneImages\dataset\depth_20\clear_sky\10AM\HighresScreenshot00279_depth_20_clear_sky_10AM.txt,excluded_problematic_folder
5216,C:\Users\depthlev\Desktop\droneImages\dataset\depth_20\clear_sky\10AM\HighresScreenshot00280_depth_20_clear_sky_10AM.png,C:\Users\depthlev\Desktop\droneImages\dataset\depth_20\clear_sky\10AM\HighresScreenshot00280_depth_20_clear_sky_10AM.txt,excluded_problematic_folder
5217,C:\Users\depthlev\Desktop\droneImages\dataset\depth_20\clear_sky\10AM\HighresScreenshot00281_depth_20_clear_sky_10AM.png,C:\Users\depthlev\Desktop\droneImages\dataset\depth_20\clear_sky\10AM\HighresScreenshot00281_depth_20_clear_sky_10AM.txt,excluded_problematic_folder
5218,C:\Users\depthlev\Desktop\droneImages\dataset\depth_20\clear_sky\10AM\HighresScreenshot00282_depth_20_clear_sky_10AM.png,C:\Users\depthlev\Desktop\droneImages\dataset\depth_20\clear_sky\10AM\HighresScreenshot00282_depth_20_clear_sky_10AM.txt,excluded_problematic_folder
5219,C:\Users\depthlev\Desktop\droneImages\dataset\depth_20\clear_sky\10AM\HighresScreenshot00283_depth_20_clear_sky_10AM.png,C:\Users\depthlev\Desktop\droneImages\dataset\depth_20\clear_sky\10AM\HighresScreenshot00283_depth_20_clear_sky_10AM.txt,excluded_problematic_folder
5220,C:\Users\depthlev\Desktop\droneImages\dataset\depth_20\clear_sky\10AM\HighresScreenshot00284_depth_20_clear_sky_10AM.png,C:\Users\depthlev\Desktop\droneImages\dataset\depth_20\clear_sky\10AM\HighresScreenshot00284_depth_20_clear_sky_10AM.txt,excluded_problematic_folder
5221,C:\Users\depthlev\Desktop\droneImages\dataset\depth_20\clear_sky\10AM\HighresScreenshot00285_depth_20_clear_sky_10AM.png,C:\Users\depthlev\Desktop\droneImages\dataset\depth_20\clear_sky\10AM\HighresScreenshot00285_depth_20_clear_sky_10AM.txt,excluded_problematic_folder
5222,C:\Users\depthlev\Desktop\droneImages\dataset\depth_20\clear_sky\10AM\HighresScreenshot00286_depth_20_clear_sky_10AM.png,C:\Users\depthlev\Desktop\droneImages\dataset\depth_20\clear_sky\10AM\HighresScreenshot00286_depth_20_clear_sky_10AM.txt,excluded_problematic_folder
5223,C:\Users\depthlev\Desktop\droneImages\dataset\depth_20\clear_sky\10AM\HighresScreenshot00287_depth_20_clear_sky_10AM.png,C:\Users\depthlev\Desktop\droneImages\dataset\depth_20\clear_sky\10AM\HighresScreenshot00287_depth_20_clear_sky_10AM.txt,excluded_problematic_folder
5224,C:\Users\depthlev\Desktop\droneImages\dataset\depth_20\clear_sky\10AM\HighresScreenshot00288_depth_20_clear_sky_10AM.png,C:\Users\depthlev\Desktop\droneImages\dataset\depth_20\clear_sky\10AM\HighresScreenshot00288_depth_20_clear_sky_10AM.txt,excluded_problematic_folder
5225,C:\Users\depthlev\Desktop\droneImages\dataset\depth_20\clear_sky\10AM\HighresScreenshot00289_depth_20_clear_sky_10AM.png,C:\Users\depthlev\Desktop\droneImages\dataset\depth_20\clear_sky\10AM\HighresScreenshot00289_depth_20_clear_sky_10AM.txt,excluded_problematic_folder
5226,C:\Users\depthlev\Desktop\droneImages\dataset\depth_20\clear_sky\10AM\HighresScreenshot00290_depth_20_clear_sky_10AM.png,C:\Users\depthlev\Desktop\droneImages\dataset\depth_20\clear_sky\10AM\HighresScreenshot00290_depth_20_clear_sky_10AM.txt,excluded_problematic_folder
5227,C:\Users\depthlev\Desktop\droneImages\dataset\depth_20\clear_sky\10AM\HighresScreenshot00291_depth_20_clear_sky_10AM.png,C:\Users\depthlev\Desktop\droneImages\dataset\depth_20\clear_sky\10AM\HighresScreenshot00291_depth_20_clear_sky_10AM.txt,excluded_problematic_folder
5228,C:\Users\depthlev\Desktop\droneImages\dataset\depth_20\clear_sky\10AM\HighresScreenshot00292_depth_20_clear_sky_10AM.png,C:\Users\depthlev\Desktop\droneImages\dataset\depth_20\clear_sky\10AM\HighresScreenshot00292_depth_20_clear_sky_10AM.txt,excluded_problematic_folder
5229,C:\Users\depthlev\Desktop\droneImages\dataset\depth_20\clear_sky\10AM\HighresScreenshot00293_depth_20_clear_sky_10AM.png,C:\Users\depthlev\Desktop\droneImages\dataset\depth_20\clear_sky\10AM\HighresScreenshot00293_depth_20_clear_sky_10AM.txt,excluded_problematic_folder
5230,C:\Users\depthlev\Desktop\droneImages\dataset\depth_20\clear_sky\10AM\HighresScreenshot00294_depth_20_clear_sky_10AM.png,C:\Users\depthlev\Desktop\droneImages\dataset\depth_20\clear_sky\10AM\HighresScreenshot00294_depth_20_clear_sky_10AM.txt,excluded_problematic_folder
5231,C:\Users\depthlev\Desktop\droneImages\dataset\depth_20\clear_sky\10AM\HighresScreenshot00295_depth_20_clear_sky_10AM.png,C:\Users\depthlev\Desktop\droneImages\dataset\depth_20\clear_sky\10AM\HighresScreenshot00295_depth_20_clear_sky_10AM.txt,excluded_problematic_folder
5232,C:\Users\depthlev\Desktop\droneImages\dataset\depth_20\clear_sky\10AM\HighresScreenshot00296_depth_20_clear_sky_10AM.png,C:\Users\depthlev\Desktop\droneImages\dataset\depth_20\clear_sky\10AM\HighresScreenshot00296_depth_20_clear_sky_10AM.txt,excluded_problematic_folder
5233,C:\Users\depthlev\Desktop\droneImages\dataset\depth_20\clear_sky\10AM\HighresScreenshot00297_depth_20_clear_sky_10AM.png,C:\Users\depthlev\Desktop\droneImages\dataset\depth_20\clear_sky\10AM\HighresScreenshot00297_depth_20_clear_sky_10AM.txt,excluded_problematic_folder
5234,C:\Users\depthlev\Desktop\droneImages\dataset\depth_20\clear_sky\10AM\HighresScreenshot00298_depth_20_clear_sky_10AM.png,C:\Users\depthlev\Desktop\droneImages\dataset\depth_20\clear_sky\10AM\HighresScreenshot00298_depth_20_clear_sky_10AM.txt,excluded_problematic_folder
5235,C:\Users\depthlev\Desktop\droneImages\dataset\depth_20\clear_sky\10AM\HighresScreenshot00299_depth_20_clear_sky_10AM.png,C:\Users\depthlev\Desktop\droneImages\dataset\depth_20\clear_sky\10AM\HighresScreenshot00299_depth_20_clear_sky_10AM.txt,excluded_problematic_folder
5236,C:\Users\depthlev\Desktop\droneImages\dataset\depth_20\clear_sky\10AM\HighresScreenshot00300_depth_20_clear_sky_10AM.png,C:\Users\depthlev\Desktop\droneImages\dataset\depth_20\clear_sky\10AM\HighresScreenshot00300_depth_20_clear_sky_10AM.txt,excluded_problematic_folder
5237,C:\Users\depthlev\Desktop\droneImages\dataset\depth_20\clear_sky\10AM\HighresScreenshot00301_depth_20_clear_sky_10AM.png,C:\Users\depthlev\Desktop\droneImages\dataset\depth_20\clear_sky\10AM\HighresScreenshot00301_depth_20_clear_sky_10AM.txt,excluded_problematic_folder
5238,C:\Users\depthlev\Desktop\droneImages\dataset\depth_20\clear_sky\10AM\HighresScreenshot00302_depth_20_clear_sky_10AM.png,C:\Users\depthlev\Desktop\droneImages\dataset\depth_20\clear_sky\10AM\HighresScreenshot00302_depth_20_clear_sky_10AM.txt,excluded_problematic_folder
5239,C:\Users\depthlev\Desktop\droneImages\dataset\depth_20\clear_sky\10AM\HighresScreenshot00303_depth_20_clear_sky_10AM.png,C:\Users\depthlev\Desktop\droneImages\dataset\depth_20\clear_sky\10AM\HighresScreenshot00303_depth_20_clear_sky_10AM.txt,excluded_problematic_folder
5240,C:\Users\depthlev\Desktop\droneImages\dataset\depth_20\clear_sky\10AM\HighresScreenshot00304_depth_20_clear_sky_10AM.png,C:\Users\depthlev\Desktop\droneImages\dataset\depth_20\clear_sky\10AM\HighresScreenshot00304_depth_20_clear_sky_10AM.txt,excluded_problematic_folder
5241,C:\Users\depthlev\Desktop\droneImages\dataset\depth_20\clear_sky\10AM\HighresScreenshot00305_depth_20_clear_sky_10AM.png,C:\Users\depthlev\Desktop\droneImages\dataset\depth_20\clear_sky\10AM\HighresScreenshot00305_depth_20_clear_sky_10AM.txt,excluded_problematic_folder
5242,C:\Users\depthlev\Desktop\droneImages\dataset\depth_20\clear_sky\10AM\HighresScreenshot00306_depth_20_clear_sky_10AM.png,C:\Users\depthlev\Desktop\droneImages\dataset\depth_20\clear_sky\10AM\HighresScreenshot00306_depth_20_clear_sky_10AM.txt,excluded_problematic_folder
5243,C:\Users\depthlev\Desktop\droneImages\dataset\depth_20\clear_sky\10AM\HighresScreenshot00307_depth_20_clear_sky_10AM.png,C:\Users\depthlev\Desktop\droneImages\dataset\depth_20\clear_sky\10AM\HighresScreenshot00307_depth_20_clear_sky_10AM.txt,excluded_problematic_folder
5244,C:\Users\depthlev\Desktop\droneImages\dataset\depth_20\clear_sky\10AM\HighresScreenshot00308_depth_20_clear_sky_10AM.png,C:\Users\depthlev\Desktop\droneImages\dataset\depth_20\clear_sky\10AM\HighresScreenshot00308_depth_20_clear_sky_10AM.txt,excluded_problematic_folder
5245,C:\Users\depthlev\Desktop\droneImages\dataset\depth_20\clear_sky\10AM\HighresScreenshot00309_depth_20_clear_sky_10AM.png,C:\Users\depthlev\Desktop\droneImages\dataset\depth_20\clear_sky\10AM\HighresScreenshot00309_depth_20_clear_sky_10AM.txt,excluded_problematic_folder
5246,C:\Users\depthlev\Desktop\droneImages\dataset\depth_20\clear_sky\10AM\HighresScreenshot00310_depth_20_clear_sky_10AM.png,C:\Users\depthlev\Desktop\droneImages\dataset\depth_20\clear_sky\10AM\HighresScreenshot00310_depth_20_clear_sky_10AM.txt,excluded_problematic_folder
5247,C:\Users\depthlev\Desktop\droneImages\dataset\depth_20\clear_sky\10AM\HighresScreenshot00311_depth_20_clear_sky_10AM.png,C:\Users\depthlev\Desktop\droneImages\dataset\depth_20\clear_sky\10AM\HighresScreenshot00311_depth_20_clear_sky_10AM.txt,excluded_problematic_folder
5248,C:\Users\depthlev\Desktop\droneImages\dataset\depth_20\clear_sky\10AM\HighresScreenshot00312_depth_20_clear_sky_10AM.png,C:\Users\depthlev\Desktop\droneImages\dataset\depth_20\clear_sky\10AM\HighresScreenshot00312_depth_20_clear_sky_10AM.txt,excluded_problematic_folder
5249,C:\Users\depthlev\Desktop\droneImages\dataset\depth_20\clear_sky\10AM\HighresScreenshot00313_depth_20_clear_sky_10AM.png,C:\Users\depthlev\Desktop\droneImages\dataset\depth_20\clear_sky\10AM\HighresScreenshot00313_depth_20_clear_sky_10AM.txt,excluded_problematic_folder
5250,C:\Users\depthlev\Desktop\droneImages\dataset\depth_20\clear_sky\10AM\HighresScreenshot00314_depth_20_clear_sky_10AM.png,C:\Users\depthlev\Desktop\droneImages\dataset\depth_20\clear_sky\10AM\HighresScreenshot00314_depth_20_clear_sky_10AM.txt,excluded_problematic_folder
5251,C:\Users\depthlev\Desktop\droneImages\dataset\depth_20\clear_sky\10AM\HighresScreenshot00315_depth_20_clear_sky_10AM.png,C:\Users\depthlev\Desktop\droneImages\dataset\depth_20\clear_sky\10AM\HighresScreenshot00315_depth_20_clear_sky_10AM.txt,excluded_problematic_folder
5252,C:\Users\depthlev\Desktop\droneImages\dataset\depth_20\clear_sky\10AM\HighresScreenshot00316_depth_20_clear_sky_10AM.png,C:\Users\depthlev\Desktop\droneImages\dataset\depth_20\clear_sky\10AM\HighresScreenshot00316_depth_20_clear_sky_10AM.txt,excluded_problematic_folder
5253,C:\Users\depthlev\Desktop\droneImages\dataset\depth_20\clear_sky\10AM\HighresScreenshot00317_depth_20_clear_sky_10AM.png,C:\Users\depthlev\Desktop\droneImages\dataset\depth_20\clear_sky\10AM\HighresScreenshot00317_depth_20_clear_sky_10AM.txt,excluded_problematic_folder
5254,C:\Users\depthlev\Desktop\droneImages\dataset\depth_20\clear_sky\10AM\HighresScreenshot00318_depth_20_clear_sky_10AM.png,C:\Users\depthlev\Desktop\droneImages\dataset\depth_20\clear_sky\10AM\HighresScreenshot00318_depth_20_clear_sky_10AM.txt,excluded_problematic_folder
5255,C:\Users\depthlev\Desktop\droneImages\dataset\depth_20\clear_sky\10AM\HighresScreenshot00319_depth_20_clear_sky_10AM.png,C:\Users\depthlev\Desktop\droneImages\dataset\depth_20\clear_sky\10AM\HighresScreenshot00319_depth_20_clear_sky_10AM.txt,excluded_problematic_folder
5256,C:\Users\depthlev\Desktop\droneImages\dataset\depth_20\clear_sky\10AM\HighresScreenshot00320_depth_20_clear_sky_10AM.png,C:\Users\depthlev\Desktop\droneImages\dataset\depth_20\clear_sky\10AM\HighresScreenshot00320_depth_20_clear_sky_10AM.txt,excluded_problematic_folder
5257,C:\Users\depthlev\Desktop\droneImages\dataset\depth_20\clear_sky\10AM\HighresScreenshot00321_depth_20_clear_sky_10AM.png,C:\Users\depthlev\Desktop\droneImages\dataset\depth_20\clear_sky\10AM\HighresScreenshot00321_depth_20_clear_sky_10AM.txt,excluded_problematic_folder
5258,C:\Users\depthlev\Desktop\droneImages\dataset\depth_20\clear_sky\10AM\HighresScreenshot00322_depth_20_clear_sky_10AM.png,C:\Users\depthlev\Desktop\droneImages\dataset\depth_20\clear_sky\10AM\HighresScreenshot00322_depth_20_clear_sky_10AM.txt,excluded_problematic_folder
5259,C:\Users\depthlev\Desktop\droneImages\dataset\depth_20\clear_sky\10AM\HighresScreenshot00323_depth_20_clear_sky_10AM.png,C:\Users\depthlev\Desktop\droneImages\dataset\depth_20\clear_sky\10AM\HighresScreenshot00323_depth_20_clear_sky_10AM.txt,excluded_problematic_folder
5260,C:\Users\depthlev\Desktop\droneImages\dataset\depth_20\clear_sky\10AM\HighresScreenshot00324_depth_20_clear_sky_10AM.png,C:\Users\depthlev\Desktop\droneImages\dataset\depth_20\clear_sky\10AM\HighresScreenshot00324_depth_20_clear_sky_10AM.txt,excluded_problematic_folder
5261,C:\Users\depthlev\Desktop\droneImages\dataset\depth_20\clear_sky\10AM\HighresScreenshot00325_depth_20_clear_sky_10AM.png,C:\Users\depthlev\Desktop\droneImages\dataset\depth_20\clear_sky\10AM\HighresScreenshot00325_depth_20_clear_sky_10AM.txt,excluded_problematic_folder
5262,C:\Users\depthlev\Desktop\droneImages\dataset\depth_20\clear_sky\10AM\HighresScreenshot00326_depth_20_clear_sky_10AM.png,C:\Users\depthlev\Desktop\droneImages\dataset\depth_20\clear_sky\10AM\HighresScreenshot00326_depth_20_clear_sky_10AM.txt,excluded_problematic_folder
5263,C:\Users\depthlev\Desktop\droneImages\dataset\depth_20\clear_sky\10AM\HighresScreenshot00327_depth_20_clear_sky_10AM.png,C:\Users\depthlev\Desktop\droneImages\dataset\depth_20\clear_sky\10AM\HighresScreenshot00327_depth_20_clear_sky_10AM.txt,excluded_problematic_folder
5264,C:\Users\depthlev\Desktop\droneImages\dataset\depth_20\clear_sky\10AM\HighresScreenshot00328_depth_20_clear_sky_10AM.png,C:\Users\depthlev\Desktop\droneImages\dataset\depth_20\clear_sky\10AM\HighresScreenshot00328_depth_20_clear_sky_10AM.txt,excluded_problematic_folder
5265,C:\Users\depthlev\Desktop\droneImages\dataset\depth_20\clear_sky\10AM\HighresScreenshot00329_depth_20_clear_sky_10AM.png,C:\Users\depthlev\Desktop\droneImages\dataset\depth_20\clear_sky\10AM\HighresScreenshot00329_depth_20_clear_sky_10AM.txt,excluded_problematic_folder
5266,C:\Users\depthlev\Desktop\droneImages\dataset\depth_20\clear_sky\10AM\HighresScreenshot00330_depth_20_clear_sky_10AM.png,C:\Users\depthlev\Desktop\droneImages\dataset\depth_20\clear_sky\10AM\HighresScreenshot00330_depth_20_clear_sky_10AM.txt,excluded_problematic_folder
5267,C:\Users\depthlev\Desktop\droneImages\dataset\depth_20\clear_sky\10AM\HighresScreenshot00331_depth_20_clear_sky_10AM.png,C:\Users\depthlev\Desktop\droneImages\dataset\depth_20\clear_sky\10AM\HighresScreenshot00331_depth_20_clear_sky_10AM.txt,excluded_problematic_folder
5268,C:\Users\depthlev\Desktop\droneImages\dataset\depth_20\clear_sky\10AM\HighresScreenshot00332_depth_20_clear_sky_10AM.png,C:\Users\depthlev\Desktop\droneImages\dataset\depth_20\clear_sky\10AM\HighresScreenshot00332_depth_20_clear_sky_10AM.txt,excluded_problematic_folder
5269,C:\Users\depthlev\Desktop\droneImages\dataset\depth_20\clear_sky\10AM\HighresScreenshot00333_depth_20_clear_sky_10AM.png,C:\Users\depthlev\Desktop\droneImages\dataset\depth_20\clear_sky\10AM\HighresScreenshot00333_depth_20_clear_sky_10AM.txt,excluded_problematic_folder
5270,C:\Users\depthlev\Desktop\droneImages\dataset\depth_20\clear_sky\10AM\HighresScreenshot00334_depth_20_clear_sky_10AM.png,C:\Users\depthlev\Desktop\droneImages\dataset\depth_20\clear_sky\10AM\HighresScreenshot00334_depth_20_clear_sky_10AM.txt,excluded_problematic_folder
5271,C:\Users\depthlev\Desktop\droneImages\dataset\depth_20\clear_sky\10AM\HighresScreenshot00335_depth_20_clear_sky_10AM.png,C:\Users\depthlev\Desktop\droneImages\dataset\depth_20\clear_sky\10AM\HighresScreenshot00335_depth_20_clear_sky_10AM.txt,excluded_problematic_folder
5272,C:\Users\depthlev\Desktop\droneImages\dataset\depth_20\clear_sky\10AM\HighresScreenshot00336_depth_20_clear_sky_10AM.png,C:\Users\depthlev\Desktop\droneImages\dataset\depth_20\clear_sky\10AM\HighresScreenshot00336_depth_20_clear_sky_10AM.txt,excluded_problematic_folder
5273,C:\Users\depthlev\Desktop\droneImages\dataset\depth_20\clear_sky\10AM\HighresScreenshot00337_depth_20_clear_sky_10AM.png,C:\Users\depthlev\Desktop\droneImages\dataset\depth_20\clear_sky\10AM\HighresScreenshot00337_depth_20_clear_sky_10AM.txt,excluded_problematic_folder
5274,C:\Users\depthlev\Desktop\droneImages\dataset\depth_20\clear_sky\10AM\HighresScreenshot00338_depth_20_clear_sky_10AM.png,C:\Users\depthlev\Desktop\droneImages\dataset\depth_20\clear_sky\10AM\HighresScreenshot00338_depth_20_clear_sky_10AM.txt,excluded_problematic_folder
5275,C:\Users\depthlev\Desktop\droneImages\dataset\depth_20\clear_sky\10AM\HighresScreenshot00339_depth_20_clear_sky_10AM.png,C:\Users\depthlev\Desktop\droneImages\dataset\depth_20\clear_sky\10AM\HighresScreenshot00339_depth_20_clear_sky_10AM.txt,excluded_problematic_folder
5276,C:\Users\depthlev\Desktop\droneImages\dataset\depth_20\clear_sky\10AM\HighresScreenshot00340_depth_20_clear_sky_10AM.png,C:\Users\depthlev\Desktop\droneImages\dataset\depth_20\clear_sky\10AM\HighresScreenshot00340_depth_20_clear_sky_10AM.txt,excluded_problematic_folder
5277,C:\Users\depthlev\Desktop\droneImages\dataset\depth_20\clear_sky\10AM\HighresScreenshot00341_depth_20_clear_sky_10AM.png,C:\Users\depthlev\Desktop\droneImages\dataset\depth_20\clear_sky\10AM\HighresScreenshot00341_depth_20_clear_sky_10AM.txt,excluded_problematic_folder
5278,C:\Users\depthlev\Desktop\droneImages\dataset\depth_20\clear_sky\10AM\HighresScreenshot00342_depth_20_clear_sky_10AM.png,C:\Users\depthlev\Desktop\droneImages\dataset\depth_20\clear_sky\10AM\HighresScreenshot00342_depth_20_clear_sky_10AM.txt,excluded_problematic_folder
5279,C:\Users\depthlev\Desktop\droneImages\dataset\depth_20\clear_sky\10AM\HighresScreenshot00343_depth_20_clear_sky_10AM.png,C:\Users\depthlev\Desktop\droneImages\dataset\depth_20\clear_sky\10AM\HighresScreenshot00343_depth_20_clear_sky_10AM.txt,excluded_problematic_folder
5280,C:\Users\depthlev\Desktop\droneImages\dataset\depth_20\clear_sky\10AM\HighresScreenshot00344_depth_20_clear_sky_10AM.png,C:\Users\depthlev\Desktop\droneImages\dataset\depth_20\clear_sky\10AM\HighresScreenshot00344_depth_20_clear_sky_10AM.txt,excluded_problematic_folder
5281,C:\Users\depthlev\Desktop\droneImages\dataset\depth_20\clear_sky\10AM\HighresScreenshot00345_depth_20_clear_sky_10AM.png,C:\Users\depthlev\Desktop\droneImages\dataset\depth_20\clear_sky\10AM\HighresScreenshot00345_depth_20_clear_sky_10AM.txt,excluded_problematic_folder
5282,C:\Users\depthlev\Desktop\droneImages\dataset\depth_20\clear_sky\10AM\HighresScreenshot00346_depth_20_clear_sky_10AM.png,C:\Users\depthlev\Desktop\droneImages\dataset\depth_20\clear_sky\10AM\HighresScreenshot00346_depth_20_clear_sky_10AM.txt,excluded_problematic_folder
5283,C:\Users\depthlev\Desktop\droneImages\dataset\depth_20\clear_sky\10AM\HighresScreenshot00347_depth_20_clear_sky_10AM.png,C:\Users\depthlev\Desktop\droneImages\dataset\depth_20\clear_sky\10AM\HighresScreenshot00347_depth_20_clear_sky_10AM.txt,excluded_problematic_folder
5284,C:\Users\depthlev\Desktop\droneImages\dataset\depth_20\clear_sky\10AM\HighresScreenshot00348_depth_20_clear_sky_10AM.png,C:\Users\depthlev\Desktop\droneImages\dataset\depth_20\clear_sky\10AM\HighresScreenshot00348_depth_20_clear_sky_10AM.txt,excluded_problematic_folder
5285,C:\Users\depthlev\Desktop\droneImages\dataset\depth_20\clear_sky\10AM\HighresScreenshot00349_depth_20_clear_sky_10AM.png,C:\Users\depthlev\Desktop\droneImages\dataset\depth_20\clear_sky\10AM\HighresScreenshot00349_depth_20_clear_sky_10AM.txt,excluded_problematic_folder
5286,C:\Users\depthlev\Desktop\droneImages\dataset\depth_20\clear_sky\10AM\HighresScreenshot00350_depth_20_clear_sky_10AM.png,C:\Users\depthlev\Desktop\droneImages\dataset\depth_20\clear_sky\10AM\HighresScreenshot00350_depth_20_clear_sky_10AM.txt,excluded_problematic_folder
5287,C:\Users\depthlev\Desktop\droneImages\dataset\depth_20\clear_sky\10AM\HighresScreenshot00351_depth_20_clear_sky_10AM.png,C:\Users\depthlev\Desktop\droneImages\dataset\depth_20\clear_sky\10AM\HighresScreenshot00351_depth_20_clear_sky_10AM.txt,excluded_problematic_folder
5288,C:\Users\depthlev\Desktop\droneImages\dataset\depth_20\clear_sky\10AM\HighresScreenshot00352_depth_20_clear_sky_10AM.png,C:\Users\depthlev\Desktop\droneImages\dataset\depth_20\clear_sky\10AM\HighresScreenshot00352_depth_20_clear_sky_10AM.txt,excluded_problematic_folder
5289,C:\Users\depthlev\Desktop\droneImages\dataset\depth_20\clear_sky\10AM\HighresScreenshot00353_depth_20_clear_sky_10AM.png,C:\Users\depthlev\Desktop\droneImages\dataset\depth_20\clear_sky\10AM\HighresScreenshot00353_depth_20_clear_sky_10AM.txt,excluded_problematic_folder
5290,C:\Users\depthlev\Desktop\droneImages\dataset\depth_20\clear_sky\10AM\HighresScreenshot00354_depth_20_clear_sky_10AM.png,C:\Users\depthlev\Desktop\droneImages\dataset\depth_20\clear_sky\10AM\HighresScreenshot00354_depth_20_clear_sky_10AM.txt,excluded_problematic_folder
5291,C:\Users\depthlev\Desktop\droneImages\dataset\depth_20\clear_sky\10AM\HighresScreenshot00355_depth_20_clear_sky_10AM.png,C:\Users\depthlev\Desktop\droneImages\dataset\depth_20\clear_sky\10AM\HighresScreenshot00355_depth_20_clear_sky_10AM.txt,excluded_problematic_folder
5292,C:\Users\depthlev\Desktop\droneImages\dataset\depth_20\clear_sky\10AM\HighresScreenshot00356_depth_20_clear_sky_10AM.png,C:\Users\depthlev\Desktop\droneImages\dataset\depth_20\clear_sky\10AM\HighresScreenshot00356_depth_20_clear_sky_10AM.txt,excluded_problematic_folder
5293,C:\Users\depthlev\Desktop\droneImages\dataset\depth_20\clear_sky\10AM\HighresScreenshot00357_depth_20_clear_sky_10AM.png,C:\Users\depthlev\Desktop\droneImages\dataset\depth_20\clear_sky\10AM\HighresScreenshot00357_depth_20_clear_sky_10AM.txt,excluded_problematic_folder
5294,C:\Users\depthlev\Desktop\droneImages\dataset\depth_20\clear_sky\10AM\HighresScreenshot00358_depth_20_clear_sky_10AM.png,C:\Users\depthlev\Desktop\droneImages\dataset\depth_20\clear_sky\10AM\HighresScreenshot00358_depth_20_clear_sky_10AM.txt,excluded_problematic_folder
5295,C:\Users\depthlev\Desktop\droneImages\dataset\depth_20\clear_sky\10AM\HighresScreenshot00359_depth_20_clear_sky_10AM.png,C:\Users\depthlev\Desktop\droneImages\dataset\depth_20\clear_sky\10AM\HighresScreenshot00359_depth_20_clear_sky_10AM.txt,excluded_problematic_folder
5296,C:\Users\depthlev\Desktop\droneImages\dataset\depth_20\clear_sky\10AM\HighresScreenshot00360_depth_20_clear_sky_10AM.png,C:\Users\depthlev\Desktop\droneImages\dataset\depth_20\clear_sky\10AM\HighresScreenshot00360_depth_20_clear_sky_10AM.txt,excluded_problematic_folder
5297,C:\Users\depthlev\Desktop\droneImages\dataset\depth_20\clear_sky\10AM\HighresScreenshot00361_depth_20_clear_sky_10AM.png,C:\Users\depthlev\Desktop\droneImages\dataset\depth_20\clear_sky\10AM\HighresScreenshot00361_depth_20_clear_sky_10AM.txt,excluded_problematic_folder
5298,C:\Users\depthlev\Desktop\droneImages\dataset\depth_20\clear_sky\10AM\HighresScreenshot00362_depth_20_clear_sky_10AM.png,C:\Users\depthlev\Desktop\droneImages\dataset\depth_20\clear_sky\10AM\HighresScreenshot00362_depth_20_clear_sky_10AM.txt,excluded_problematic_folder
5299,C:\Users\depthlev\Desktop\droneImages\dataset\depth_20\clear_sky\10AM\HighresScreenshot00363_depth_20_clear_sky_10AM.png,C:\Users\depthlev\Desktop\droneImages\dataset\depth_20\clear_sky\10AM\HighresScreenshot00363_depth_20_clear_sky_10AM.txt,excluded_problematic_folder
5300,C:\Users\depthlev\Desktop\droneImages\dataset\depth_20\clear_sky\10AM\HighresScreenshot00364_depth_20_clear_sky_10AM.png,C:\Users\depthlev\Desktop\droneImages\dataset\depth_20\clear_sky\10AM\HighresScreenshot00364_depth_20_clear_sky_10AM.txt,excluded_problematic_folder
5301,C:\Users\depthlev\Desktop\droneImages\dataset\depth_20\clear_sky\10AM\HighresScreenshot00365_depth_20_clear_sky_10AM.png,C:\Users\depthlev\Desktop\droneImages\dataset\depth_20\clear_sky\10AM\HighresScreenshot00365_depth_20_clear_sky_10AM.txt,excluded_problematic_folder
5302,C:\Users\depthlev\Desktop\droneImages\dataset\depth_20\clear_sky\10AM\HighresScreenshot00366_depth_20_clear_sky_10AM.png,C:\Users\depthlev\Desktop\droneImages\dataset\depth_20\clear_sky\10AM\HighresScreenshot00366_depth_20_clear_sky_10AM.txt,excluded_problematic_folder
5303,C:\Users\depthlev\Desktop\droneImages\dataset\depth_20\clear_sky\10AM\HighresScreenshot00367_depth_20_clear_sky_10AM.png,C:\Users\depthlev\Desktop\droneImages\dataset\depth_20\clear_sky\10AM\HighresScreenshot00367_depth_20_clear_sky_10AM.txt,excluded_problematic_folder
5304,C:\Users\depthlev\Desktop\droneImages\dataset\depth_20\clear_sky\10AM\HighresScreenshot00368_depth_20_clear_sky_10AM.png,C:\Users\depthlev\Desktop\droneImages\dataset\depth_20\clear_sky\10AM\HighresScreenshot00368_depth_20_clear_sky_10AM.txt,excluded_problematic_folder
5305,C:\Users\depthlev\Desktop\droneImages\dataset\depth_20\clear_sky\10AM\HighresScreenshot00369_depth_20_clear_sky_10AM.png,C:\Users\depthlev\Desktop\droneImages\dataset\depth_20\clear_sky\10AM\HighresScreenshot00369_depth_20_clear_sky_10AM.txt,excluded_problematic_folder
5306,C:\Users\depthlev\Desktop\droneImages\dataset\depth_20\clear_sky\10AM\HighresScreenshot00370_depth_20_clear_sky_10AM.png,C:\Users\depthlev\Desktop\droneImages\dataset\depth_20\clear_sky\10AM\HighresScreenshot00370_depth_20_clear_sky_10AM.txt,excluded_problematic_folder
5307,C:\Users\depthlev\Desktop\droneImages\dataset\depth_20\clear_sky\10AM\HighresScreenshot00371_depth_20_clear_sky_10AM.png,C:\Users\depthlev\Desktop\droneImages\dataset\depth_20\clear_sky\10AM\HighresScreenshot00371_depth_20_clear_sky_10AM.txt,excluded_problematic_folder
5308,C:\Users\depthlev\Desktop\droneImages\dataset\depth_20\clear_sky\10AM\HighresScreenshot00372_depth_20_clear_sky_10AM.png,C:\Users\depthlev\Desktop\droneImages\dataset\depth_20\clear_sky\10AM\HighresScreenshot00372_depth_20_clear_sky_10AM.txt,excluded_problematic_folder
5309,C:\Users\depthlev\Desktop\droneImages\dataset\depth_20\clear_sky\10AM\HighresScreenshot00373_depth_20_clear_sky_10AM.png,C:\Users\depthlev\Desktop\droneImages\dataset\depth_20\clear_sky\10AM\HighresScreenshot00373_depth_20_clear_sky_10AM.txt,excluded_problematic_folder
5310,C:\Users\depthlev\Desktop\droneImages\dataset\depth_20\clear_sky\10AM\HighresScreenshot00374_depth_20_clear_sky_10AM.png,C:\Users\depthlev\Desktop\droneImages\dataset\depth_20\clear_sky\10AM\HighresScreenshot00374_depth_20_clear_sky_10AM.txt,excluded_problematic_folder
5311,C:\Users\depthlev\Desktop\droneImages\dataset\depth_20\clear_sky\10AM\HighresScreenshot00375_depth_20_clear_sky_10AM.png,C:\Users\depthlev\Desktop\droneImages\dataset\depth_20\clear_sky\10AM\HighresScreenshot00375_depth_20_clear_sky_10AM.txt,excluded_problematic_folder
5312,C:\Users\depthlev\Desktop\droneImages\dataset\depth_20\clear_sky\10AM\HighresScreenshot00376_depth_20_clear_sky_10AM.png,C:\Users\depthlev\Desktop\droneImages\dataset\depth_20\clear_sky\10AM\HighresScreenshot00376_depth_20_clear_sky_10AM.txt,excluded_problematic_folder
5313,C:\Users\depthlev\Desktop\droneImages\dataset\depth_20\clear_sky\10AM\HighresScreenshot00377_depth_20_clear_sky_10AM.png,C:\Users\depthlev\Desktop\droneImages\dataset\depth_20\clear_sky\10AM\HighresScreenshot00377_depth_20_clear_sky_10AM.txt,excluded_problematic_folder
5314,C:\Users\depthlev\Desktop\droneImages\dataset\depth_20\clear_sky\10AM\HighresScreenshot00378_depth_20_clear_sky_10AM.png,C:\Users\depthlev\Desktop\droneImages\dataset\depth_20\clear_sky\10AM\HighresScreenshot00378_depth_20_clear_sky_10AM.txt,excluded_problematic_folder
5315,C:\Users\depthlev\Desktop\droneImages\dataset\depth_20\clear_sky\10AM\HighresScreenshot00379_depth_20_clear_sky_10AM.png,C:\Users\depthlev\Desktop\droneImages\dataset\depth_20\clear_sky\10AM\HighresScreenshot00379_depth_20_clear_sky_10AM.txt,excluded_problematic_folder
5316,C:\Users\depthlev\Desktop\droneImages\dataset\depth_20\clear_sky\10AM\HighresScreenshot00380_depth_20_clear_sky_10AM.png,C:\Users\depthlev\Desktop\droneImages\dataset\depth_20\clear_sky\10AM\HighresScreenshot00380_depth_20_clear_sky_10AM.txt,excluded_problematic_folder
5317,C:\Users\depthlev\Desktop\droneImages\dataset\depth_20\clear_sky\10AM\HighresScreenshot00381_depth_20_clear_sky_10AM.png,C:\Users\depthlev\Desktop\droneImages\dataset\depth_20\clear_sky\10AM\HighresScreenshot00381_depth_20_clear_sky_10AM.txt,excluded_problematic_folder
5318,C:\Users\depthlev\Desktop\droneImages\dataset\depth_20\clear_sky\10AM\HighresScreenshot00382_depth_20_clear_sky_10AM.png,C:\Users\depthlev\Desktop\droneImages\dataset\depth_20\clear_sky\10AM\HighresScreenshot00382_depth_20_clear_sky_10AM.txt,excluded_problematic_folder
5319,C:\Users\depthlev\Desktop\droneImages\dataset\depth_20\clear_sky\10AM\HighresScreenshot00383_depth_20_clear_sky_10AM.png,C:\Users\depthlev\Desktop\droneImages\dataset\depth_20\clear_sky\10AM\HighresScreenshot00383_depth_20_clear_sky_10AM.txt,excluded_problematic_folder
5320,C:\Users\depthlev\Desktop\droneImages\dataset\depth_20\clear_sky\10AM\HighresScreenshot00384_depth_20_clear_sky_10AM.png,C:\Users\depthlev\Desktop\droneImages\dataset\depth_20\clear_sky\10AM\HighresScreenshot00384_depth_20_clear_sky_10AM.txt,excluded_problematic_folder
5321,C:\Users\depthlev\Desktop\droneImages\dataset\depth_20\clear_sky\10AM\HighresScreenshot00385_depth_20_clear_sky_10AM.png,C:\Users\depthlev\Desktop\droneImages\dataset\depth_20\clear_sky\10AM\HighresScreenshot00385_depth_20_clear_sky_10AM.txt,excluded_problematic_folder
5322,C:\Users\depthlev\Desktop\droneImages\dataset\depth_20\clear_sky\10AM\HighresScreenshot00386_depth_20_clear_sky_10AM.png,C:\Users\depthlev\Desktop\droneImages\dataset\depth_20\clear_sky\10AM\HighresScreenshot00386_depth_20_clear_sky_10AM.txt,excluded_problematic_folder
5323,C:\Users\depthlev\Desktop\droneImages\dataset\depth_20\clear_sky\10AM\HighresScreenshot00387_depth_20_clear_sky_10AM.png,C:\Users\depthlev\Desktop\droneImages\dataset\depth_20\clear_sky\10AM\HighresScreenshot00387_depth_20_clear_sky_10AM.txt,excluded_problematic_folder
5324,C:\Users\depthlev\Desktop\droneImages\dataset\depth_20\clear_sky\10AM\HighresScreenshot00388_depth_20_clear_sky_10AM.png,C:\Users\depthlev\Desktop\droneImages\dataset\depth_20\clear_sky\10AM\HighresScreenshot00388_depth_20_clear_sky_10AM.txt,excluded_problematic_folder
5325,C:\Users\depthlev\Desktop\droneImages\dataset\depth_20\clear_sky\10AM\HighresScreenshot00389_depth_20_clear_sky_10AM.png,C:\Users\depthlev\Desktop\droneImages\dataset\depth_20\clear_sky\10AM\HighresScreenshot00389_depth_20_clear_sky_10AM.txt,excluded_problematic_folder
5326,C:\Users\depthlev\Desktop\droneImages\dataset\depth_20\clear_sky\10AM\HighresScreenshot00390_depth_20_clear_sky_10AM.png,C:\Users\depthlev\Desktop\droneImages\dataset\depth_20\clear_sky\10AM\HighresScreenshot00390_depth_20_clear_sky_10AM.txt,excluded_problematic_folder
5327,C:\Users\depthlev\Desktop\droneImages\dataset\depth_20\clear_sky\10AM\HighresScreenshot00391_depth_20_clear_sky_10AM.png,C:\Users\depthlev\Desktop\droneImages\dataset\depth_20\clear_sky\10AM\HighresScreenshot00391_depth_20_clear_sky_10AM.txt,excluded_problematic_folder
5328,C:\Users\depthlev\Desktop\droneImages\dataset\depth_20\clear_sky\10AM\HighresScreenshot00392_depth_20_clear_sky_10AM.png,C:\Users\depthlev\Desktop\droneImages\dataset\depth_20\clear_sky\10AM\HighresScreenshot00392_depth_20_clear_sky_10AM.txt,excluded_problematic_folder
5329,C:\Users\depthlev\Desktop\droneImages\dataset\depth_20\clear_sky\10AM\HighresScreenshot00393_depth_20_clear_sky_10AM.png,C:\Users\depthlev\Desktop\droneImages\dataset\depth_20\clear_sky\10AM\HighresScreenshot00393_depth_20_clear_sky_10AM.txt,excluded_problematic_folder
5330,C:\Users\depthlev\Desktop\droneImages\dataset\depth_20\clear_sky\10AM\HighresScreenshot00394_depth_20_clear_sky_10AM.png,C:\Users\depthlev\Desktop\droneImages\dataset\depth_20\clear_sky\10AM\HighresScreenshot00394_depth_20_clear_sky_10AM.txt,excluded_problematic_folder
5331,C:\Users\depthlev\Desktop\droneImages\dataset\depth_20\clear_sky\10AM\HighresScreenshot00395_depth_20_clear_sky_10AM.png,C:\Users\depthlev\Desktop\droneImages\dataset\depth_20\clear_sky\10AM\HighresScreenshot00395_depth_20_clear_sky_10AM.txt,excluded_problematic_folder
5332,C:\Users\depthlev\Desktop\droneImages\dataset\depth_20\clear_sky\10AM\HighresScreenshot00396_depth_20_clear_sky_10AM.png,C:\Users\depthlev\Desktop\droneImages\dataset\depth_20\clear_sky\10AM\HighresScreenshot00396_depth_20_clear_sky_10AM.txt,excluded_problematic_folder
5333,C:\Users\depthlev\Desktop\droneImages\dataset\depth_20\clear_sky\10AM\HighresScreenshot00397_depth_20_clear_sky_10AM.png,C:\Users\depthlev\Desktop\droneImages\dataset\depth_20\clear_sky\10AM\HighresScreenshot00397_depth_20_clear_sky_10AM.txt,excluded_problematic_folder
5334,C:\Users\depthlev\Desktop\droneImages\dataset\depth_20\clear_sky\10AM\HighresScreenshot00398_depth_20_clear_sky_10AM.png,C:\Users\depthlev\Desktop\droneImages\dataset\depth_20\clear_sky\10AM\HighresScreenshot00398_depth_20_clear_sky_10AM.txt,excluded_problematic_folder
5335,C:\Users\depthlev\Desktop\droneImages\dataset\depth_20\clear_sky\10AM\HighresScreenshot00399_depth_20_clear_sky_10AM.png,C:\Users\depthlev\Desktop\droneImages\dataset\depth_20\clear_sky\10AM\HighresScreenshot00399_depth_20_clear_sky_10AM.txt,excluded_problematic_folder
5336,C:\Users\depthlev\Desktop\droneImages\dataset\depth_20\clear_sky\10AM\HighresScreenshot00400_depth_20_clear_sky_10AM.png,C:\Users\depthlev\Desktop\droneImages\dataset\depth_20\clear_sky\10AM\HighresScreenshot00400_depth_20_clear_sky_10AM.txt,excluded_problematic_folder
5337,C:\Users\depthlev\Desktop\droneImages\dataset\depth_20\clear_sky\10AM\HighresScreenshot00401_depth_20_clear_sky_10AM.png,C:\Users\depthlev\Desktop\droneImages\dataset\depth_20\clear_sky\10AM\HighresScreenshot00401_depth_20_clear_sky_10AM.txt,excluded_problematic_folder
5338,C:\Users\depthlev\Desktop\droneImages\dataset\depth_20\clear_sky\10AM\HighresScreenshot00402_depth_20_clear_sky_10AM.png,C:\Users\depthlev\Desktop\droneImages\dataset\depth_20\clear_sky\10AM\HighresScreenshot00402_depth_20_clear_sky_10AM.txt,excluded_problematic_folder
5339,C:\Users\depthlev\Desktop\droneImages\dataset\depth_20\clear_sky\10AM\HighresScreenshot00403_depth_20_clear_sky_10AM.png,C:\Users\depthlev\Desktop\droneImages\dataset\depth_20\clear_sky\10AM\HighresScreenshot00403_depth_20_clear_sky_10AM.txt,excluded_problematic_folder
5340,C:\Users\depthlev\Desktop\droneImages\dataset\depth_20\clear_sky\10AM\HighresScreenshot00404_depth_20_clear_sky_10AM.png,C:\Users\depthlev\Desktop\droneImages\dataset\depth_20\clear_sky\10AM\HighresScreenshot00404_depth_20_clear_sky_10AM.txt,excluded_problematic_folder
5341,C:\Users\depthlev\Desktop\droneImages\dataset\depth_20\clear_sky\10AM\HighresScreenshot00405_depth_20_clear_sky_10AM.png,C:\Users\depthlev\Desktop\droneImages\dataset\depth_20\clear_sky\10AM\HighresScreenshot00405_depth_20_clear_sky_10AM.txt,excluded_problematic_folder
5342,C:\Users\depthlev\Desktop\droneImages\dataset\depth_20\clear_sky\10AM\HighresScreenshot00406_depth_20_clear_sky_10AM.png,C:\Users\depthlev\Desktop\droneImages\dataset\depth_20\clear_sky\10AM\HighresScreenshot00406_depth_20_clear_sky_10AM.txt,excluded_problematic_folder
5343,C:\Users\depthlev\Desktop\droneImages\dataset\depth_20\clear_sky\10AM\HighresScreenshot00407_depth_20_clear_sky_10AM.png,C:\Users\depthlev\Desktop\droneImages\dataset\depth_20\clear_sky\10AM\HighresScreenshot00407_depth_20_clear_sky_10AM.txt,excluded_problematic_folder
5344,C:\Users\depthlev\Desktop\droneImages\dataset\depth_20\clear_sky\10AM\HighresScreenshot00408_depth_20_clear_sky_10AM.png,C:\Users\depthlev\Desktop\droneImages\dataset\depth_20\clear_sky\10AM\HighresScreenshot00408_depth_20_clear_sky_10AM.txt,excluded_problematic_folder
5345,C:\Users\depthlev\Desktop\droneImages\dataset\depth_20\clear_sky\10AM\HighresScreenshot00409_depth_20_clear_sky_10AM.png,C:\Users\depthlev\Desktop\droneImages\dataset\depth_20\clear_sky\10AM\HighresScreenshot00409_depth_20_clear_sky_10AM.txt,excluded_problematic_folder
5546,C:\Users\depthlev\Desktop\droneImages\dataset\depth_20\light_rain\10AM\HighresScreenshot00001_depth_20_light_rain_10AM.png,C:\Users\depthlev\Desktop\droneImages\dataset\depth_20\light_rain\10AM\HighresScreenshot00001_depth_20_light_rain_10AM.txt,excluded_problematic_folder
5547,C:\Users\depthlev\Desktop\droneImages\dataset\depth_20\light_rain\10AM\HighresScreenshot00002_depth_20_light_rain_10AM.png,C:\Users\depthlev\Desktop\droneImages\dataset\depth_20\light_rain\10AM\HighresScreenshot00002_depth_20_light_rain_10AM.txt,excluded_problematic_folder
5548,C:\Users\depthlev\Desktop\droneImages\dataset\depth_20\light_rain\10AM\HighresScreenshot00003_depth_20_light_rain_10AM.png,C:\Users\depthlev\Desktop\droneImages\dataset\depth_20\light_rain\10AM\HighresScreenshot00003_depth_20_light_rain_10AM.txt,excluded_problematic_folder
5549,C:\Users\depthlev\Desktop\droneImages\dataset\depth_20\light_rain\10AM\HighresScreenshot00004_depth_20_light_rain_10AM.png,C:\Users\depthlev\Desktop\droneImages\dataset\depth_20\light_rain\10AM\HighresScreenshot00004_depth_20_light_rain_10AM.txt,excluded_problematic_folder
5550,C:\Users\depthlev\Desktop\droneImages\dataset\depth_20\light_rain\10AM\HighresScreenshot00005_depth_20_light_rain_10AM.png,C:\Users\depthlev\Desktop\droneImages\dataset\depth_20\light_rain\10AM\HighresScreenshot00005_depth_20_light_rain_10AM.txt,excluded_problematic_folder
5551,C:\Users\depthlev\Desktop\droneImages\dataset\depth_20\light_rain\10AM\HighresScreenshot00006_depth_20_light_rain_10AM.png,C:\Users\depthlev\Desktop\droneImages\dataset\depth_20\light_rain\10AM\HighresScreenshot00006_depth_20_light_rain_10AM.txt,excluded_problematic_folder
5552,C:\Users\depthlev\Desktop\droneImages\dataset\depth_20\light_rain\10AM\HighresScreenshot00007_depth_20_light_rain_10AM.png,C:\Users\depthlev\Desktop\droneImages\dataset\depth_20\light_rain\10AM\HighresScreenshot00007_depth_20_light_rain_10AM.txt,excluded_problematic_folder
5553,C:\Users\depthlev\Desktop\droneImages\dataset\depth_20\light_rain\10AM\HighresScreenshot00008_depth_20_light_rain_10AM.png,C:\Users\depthlev\Desktop\droneImages\dataset\depth_20\light_rain\10AM\HighresScreenshot00008_depth_20_light_rain_10AM.txt,excluded_problematic_folder
5554,C:\Users\depthlev\Desktop\droneImages\dataset\depth_20\light_rain\10AM\HighresScreenshot00009_depth_20_light_rain_10AM.png,C:\Users\depthlev\Desktop\droneImages\dataset\depth_20\light_rain\10AM\HighresScreenshot00009_depth_20_light_rain_10AM.txt,excluded_problematic_folder
5555,C:\Users\depthlev\Desktop\droneImages\dataset\depth_20\light_rain\10AM\HighresScreenshot00010_depth_20_light_rain_10AM.png,C:\Users\depthlev\Desktop\droneImages\dataset\depth_20\light_rain\10AM\HighresScreenshot00010_depth_20_light_rain_10AM.txt,excluded_problematic_folder
5556,C:\Users\depthlev\Desktop\droneImages\dataset\depth_20\light_rain\10AM\HighresScreenshot00011_depth_20_light_rain_10AM.png,C:\Users\depthlev\Desktop\droneImages\dataset\depth_20\light_rain\10AM\HighresScreenshot00011_depth_20_light_rain_10AM.txt,excluded_problematic_folder
5557,C:\Users\depthlev\Desktop\droneImages\dataset\depth_20\light_rain\10AM\HighresScreenshot00012_depth_20_light_rain_10AM.png,C:\Users\depthlev\Desktop\droneImages\dataset\depth_20\light_rain\10AM\HighresScreenshot00012_depth_20_light_rain_10AM.txt,excluded_problematic_folder
5558,C:\Users\depthlev\Desktop\droneImages\dataset\depth_20\light_rain\10AM\HighresScreenshot00013_depth_20_light_rain_10AM.png,C:\Users\depthlev\Desktop\droneImages\dataset\depth_20\light_rain\10AM\HighresScreenshot00013_depth_20_light_rain_10AM.txt,excluded_problematic_folder
5559,C:\Users\depthlev\Desktop\droneImages\dataset\depth_20\light_rain\10AM\HighresScreenshot00014_depth_20_light_rain_10AM.png,C:\Users\depthlev\Desktop\droneImages\dataset\depth_20\light_rain\10AM\HighresScreenshot00014_depth_20_light_rain_10AM.txt,excluded_problematic_folder
5560,C:\Users\depthlev\Desktop\droneImages\dataset\depth_20\light_rain\10AM\HighresScreenshot00015_depth_20_light_rain_10AM.png,C:\Users\depthlev\Desktop\droneImages\dataset\depth_20\light_rain\10AM\HighresScreenshot00015_depth_20_light_rain_10AM.txt,excluded_problematic_folder
5561,C:\Users\depthlev\Desktop\droneImages\dataset\depth_20\light_rain\10AM\HighresScreenshot00016_depth_20_light_rain_10AM.png,C:\Users\depthlev\Desktop\droneImages\dataset\depth_20\light_rain\10AM\HighresScreenshot00016_depth_20_light_rain_10AM.txt,excluded_problematic_folder
5562,C:\Users\depthlev\Desktop\droneImages\dataset\depth_20\light_rain\10AM\HighresScreenshot00017_depth_20_light_rain_10AM.png,C:\Users\depthlev\Desktop\droneImages\dataset\depth_20\light_rain\10AM\HighresScreenshot00017_depth_20_light_rain_10AM.txt,excluded_problematic_folder
5563,C:\Users\depthlev\Desktop\droneImages\dataset\depth_20\light_rain\10AM\HighresScreenshot00018_depth_20_light_rain_10AM.png,C:\Users\depthlev\Desktop\droneImages\dataset\depth_20\light_rain\10AM\HighresScreenshot00018_depth_20_light_rain_10AM.txt,excluded_problematic_folder
5564,C:\Users\depthlev\Desktop\droneImages\dataset\depth_20\light_rain\10AM\HighresScreenshot00019_depth_20_light_rain_10AM.png,C:\Users\depthlev\Desktop\droneImages\dataset\depth_20\light_rain\10AM\HighresScreenshot00019_depth_20_light_rain_10AM.txt,excluded_problematic_folder
5565,C:\Users\depthlev\Desktop\droneImages\dataset\depth_20\light_rain\10AM\HighresScreenshot00020_depth_20_light_rain_10AM.png,C:\Users\depthlev\Desktop\droneImages\dataset\depth_20\light_rain\10AM\HighresScreenshot00020_depth_20_light_rain_10AM.txt,excluded_problematic_folder
5566,C:\Users\depthlev\Desktop\droneImages\dataset\depth_20\light_rain\10AM\HighresScreenshot00021_depth_20_light_rain_10AM.png,C:\Users\depthlev\Desktop\droneImages\dataset\depth_20\light_rain\10AM\HighresScreenshot00021_depth_20_light_rain_10AM.txt,excluded_problematic_folder
5567,C:\Users\depthlev\Desktop\droneImages\dataset\depth_20\light_rain\10AM\HighresScreenshot00022_depth_20_light_rain_10AM.png,C:\Users\depthlev\Desktop\droneImages\dataset\depth_20\light_rain\10AM\HighresScreenshot00022_depth_20_light_rain_10AM.txt,excluded_problematic_folder
5568,C:\Users\depthlev\Desktop\droneImages\dataset\depth_20\light_rain\10AM\HighresScreenshot00023_depth_20_light_rain_10AM.png,C:\Users\depthlev\Desktop\droneImages\dataset\depth_20\light_rain\10AM\HighresScreenshot00023_depth_20_light_rain_10AM.txt,excluded_problematic_folder
5569,C:\Users\depthlev\Desktop\droneImages\dataset\depth_20\light_rain\10AM\HighresScreenshot00024_depth_20_light_rain_10AM.png,C:\Users\depthlev\Desktop\droneImages\dataset\depth_20\light_rain\10AM\HighresScreenshot00024_depth_20_light_rain_10AM.txt,excluded_problematic_folder
5570,C:\Users\depthlev\Desktop\droneImages\dataset\depth_20\light_rain\10AM\HighresScreenshot00025_depth_20_light_rain_10AM.png,C:\Users\depthlev\Desktop\droneImages\dataset\depth_20\light_rain\10AM\HighresScreenshot00025_depth_20_light_rain_10AM.txt,excluded_problematic_folder
5571,C:\Users\depthlev\Desktop\droneImages\dataset\depth_20\light_rain\10AM\HighresScreenshot00026_depth_20_light_rain_10AM.png,C:\Users\depthlev\Desktop\droneImages\dataset\depth_20\light_rain\10AM\HighresScreenshot00026_depth_20_light_rain_10AM.txt,excluded_problematic_folder
5572,C:\Users\depthlev\Desktop\droneImages\dataset\depth_20\light_rain\10AM\HighresScreenshot00027_depth_20_light_rain_10AM.png,C:\Users\depthlev\Desktop\droneImages\dataset\depth_20\light_rain\10AM\HighresScreenshot00027_depth_20_light_rain_10AM.txt,excluded_problematic_folder
5573,C:\Users\depthlev\Desktop\droneImages\dataset\depth_20\light_rain\10AM\HighresScreenshot00028_depth_20_light_rain_10AM.png,C:\Users\depthlev\Desktop\droneImages\dataset\depth_20\light_rain\10AM\HighresScreenshot00028_depth_20_light_rain_10AM.txt,excluded_problematic_folder
5574,C:\Users\depthlev\Desktop\droneImages\dataset\depth_20\light_rain\10AM\HighresScreenshot00029_depth_20_light_rain_10AM.png,C:\Users\depthlev\Desktop\droneImages\dataset\depth_20\light_rain\10AM\HighresScreenshot00029_depth_20_light_rain_10AM.txt,excluded_problematic_folder
5575,C:\Users\depthlev\Desktop\droneImages\dataset\depth_20\light_rain\10AM\HighresScreenshot00030_depth_20_light_rain_10AM.png,C:\Users\depthlev\Desktop\droneImages\dataset\depth_20\light_rain\10AM\HighresScreenshot00030_depth_20_light_rain_10AM.txt,excluded_problematic_folder
5576,C:\Users\depthlev\Desktop\droneImages\dataset\depth_20\light_rain\10AM\HighresScreenshot00031_depth_20_light_rain_10AM.png,C:\Users\depthlev\Desktop\droneImages\dataset\depth_20\light_rain\10AM\HighresScreenshot00031_depth_20_light_rain_10AM.txt,excluded_problematic_folder
5577,C:\Users\depthlev\Desktop\droneImages\dataset\depth_20\light_rain\10AM\HighresScreenshot00032_depth_20_light_rain_10AM.png,C:\Users\depthlev\Desktop\droneImages\dataset\depth_20\light_rain\10AM\HighresScreenshot00032_depth_20_light_rain_10AM.txt,excluded_problematic_folder
5578,C:\Users\depthlev\Desktop\droneImages\dataset\depth_20\light_rain\10AM\HighresScreenshot00033_depth_20_light_rain_10AM.png,C:\Users\depthlev\Desktop\droneImages\dataset\depth_20\light_rain\10AM\HighresScreenshot00033_depth_20_light_rain_10AM.txt,excluded_problematic_folder
5579,C:\Users\depthlev\Desktop\droneImages\dataset\depth_20\light_rain\10AM\HighresScreenshot00034_depth_20_light_rain_10AM.png,C:\Users\depthlev\Desktop\droneImages\dataset\depth_20\light_rain\10AM\HighresScreenshot00034_depth_20_light_rain_10AM.txt,excluded_problematic_folder
5580,C:\Users\depthlev\Desktop\droneImages\dataset\depth_20\light_rain\10AM\HighresScreenshot00035_depth_20_light_rain_10AM.png,C:\Users\depthlev\Desktop\droneImages\dataset\depth_20\light_rain\10AM\HighresScreenshot00035_depth_20_light_rain_10AM.txt,excluded_problematic_folder
5581,C:\Users\depthlev\Desktop\droneImages\dataset\depth_20\light_rain\10AM\HighresScreenshot00036_depth_20_light_rain_10AM.png,C:\Users\depthlev\Desktop\droneImages\dataset\depth_20\light_rain\10AM\HighresScreenshot00036_depth_20_light_rain_10AM.txt,excluded_problematic_folder
5582,C:\Users\depthlev\Desktop\droneImages\dataset\depth_20\light_rain\10AM\HighresScreenshot00037_depth_20_light_rain_10AM.png,C:\Users\depthlev\Desktop\droneImages\dataset\depth_20\light_rain\10AM\HighresScreenshot00037_depth_20_light_rain_10AM.txt,excluded_problematic_folder
5583,C:\Users\depthlev\Desktop\droneImages\dataset\depth_20\light_rain\10AM\HighresScreenshot00038_depth_20_light_rain_10AM.png,C:\Users\depthlev\Desktop\droneImages\dataset\depth_20\light_rain\10AM\HighresScreenshot00038_depth_20_light_rain_10AM.txt,excluded_problematic_folder
5584,C:\Users\depthlev\Desktop\droneImages\dataset\depth_20\light_rain\10AM\HighresScreenshot00039_depth_20_light_rain_10AM.png,C:\Users\depthlev\Desktop\droneImages\dataset\depth_20\light_rain\10AM\HighresScreenshot00039_depth_20_light_rain_10AM.txt,excluded_problematic_folder
5585,C:\Users\depthlev\Desktop\droneImages\dataset\depth_20\light_rain\10AM\HighresScreenshot00040_depth_20_light_rain_10AM.png,C:\Users\depthlev\Desktop\droneImages\dataset\depth_20\light_rain\10AM\HighresScreenshot00040_depth_20_light_rain_10AM.txt,excluded_problematic_folder
5586,C:\Users\depthlev\Desktop\droneImages\dataset\depth_20\light_rain\10AM\HighresScreenshot00041_depth_20_light_rain_10AM.png,C:\Users\depthlev\Desktop\droneImages\dataset\depth_20\light_rain\10AM\HighresScreenshot00041_depth_20_light_rain_10AM.txt,excluded_problematic_folder
5587,C:\Users\depthlev\Desktop\droneImages\dataset\depth_20\light_rain\10AM\HighresScreenshot00042_depth_20_light_rain_10AM.png,C:\Users\depthlev\Desktop\droneImages\dataset\depth_20\light_rain\10AM\HighresScreenshot00042_depth_20_light_rain_10AM.txt,excluded_problematic_folder
5588,C:\Users\depthlev\Desktop\droneImages\dataset\depth_20\light_rain\10AM\HighresScreenshot00043_depth_20_light_rain_10AM.png,C:\Users\depthlev\Desktop\droneImages\dataset\depth_20\light_rain\10AM\HighresScreenshot00043_depth_20_light_rain_10AM.txt,excluded_problematic_folder
5589,C:\Users\depthlev\Desktop\droneImages\dataset\depth_20\light_rain\10AM\HighresScreenshot00044_depth_20_light_rain_10AM.png,C:\Users\depthlev\Desktop\droneImages\dataset\depth_20\light_rain\10AM\HighresScreenshot00044_depth_20_light_rain_10AM.txt,excluded_problematic_folder
5590,C:\Users\depthlev\Desktop\droneImages\dataset\depth_20\light_rain\10AM\HighresScreenshot00045_depth_20_light_rain_10AM.png,C:\Users\depthlev\Desktop\droneImages\dataset\depth_20\light_rain\10AM\HighresScreenshot00045_depth_20_light_rain_10AM.txt,excluded_problematic_folder
5591,C:\Users\depthlev\Desktop\droneImages\dataset\depth_20\light_rain\10AM\HighresScreenshot00046_depth_20_light_rain_10AM.png,C:\Users\depthlev\Desktop\droneImages\dataset\depth_20\light_rain\10AM\HighresScreenshot00046_depth_20_light_rain_10AM.txt,excluded_problematic_folder
5592,C:\Users\depthlev\Desktop\droneImages\dataset\depth_20\light_rain\10AM\HighresScreenshot00047_depth_20_light_rain_10AM.png,C:\Users\depthlev\Desktop\droneImages\dataset\depth_20\light_rain\10AM\HighresScreenshot00047_depth_20_light_rain_10AM.txt,excluded_problematic_folder
5593,C:\Users\depthlev\Desktop\droneImages\dataset\depth_20\light_rain\10AM\HighresScreenshot00048_depth_20_light_rain_10AM.png,C:\Users\depthlev\Desktop\droneImages\dataset\depth_20\light_rain\10AM\HighresScreenshot00048_depth_20_light_rain_10AM.txt,excluded_problematic_folder
5594,C:\Users\depthlev\Desktop\droneImages\dataset\depth_20\light_rain\10AM\HighresScreenshot00049_depth_20_light_rain_10AM.png,C:\Users\depthlev\Desktop\droneImages\dataset\depth_20\light_rain\10AM\HighresScreenshot00049_depth_20_light_rain_10AM.txt,excluded_problematic_folder
5595,C:\Users\depthlev\Desktop\droneImages\dataset\depth_20\light_rain\10AM\HighresScreenshot00050_depth_20_light_rain_10AM.png,C:\Users\depthlev\Desktop\droneImages\dataset\depth_20\light_rain\10AM\HighresScreenshot00050_depth_20_light_rain_10AM.txt,excluded_problematic_folder
5596,C:\Users\depthlev\Desktop\droneImages\dataset\depth_20\light_rain\10AM\HighresScreenshot00052_depth_20_light_rain_10AM.png,C:\Users\depthlev\Desktop\droneImages\dataset\depth_20\light_rain\10AM\HighresScreenshot00052_depth_20_light_rain_10AM.txt,excluded_problematic_folder
5597,C:\Users\depthlev\Desktop\droneImages\dataset\depth_20\light_rain\10AM\HighresScreenshot00053_depth_20_light_rain_10AM.png,C:\Users\depthlev\Desktop\droneImages\dataset\depth_20\light_rain\10AM\HighresScreenshot00053_depth_20_light_rain_10AM.txt,excluded_problematic_folder
5598,C:\Users\depthlev\Desktop\droneImages\dataset\depth_20\light_rain\10AM\HighresScreenshot00054_depth_20_light_rain_10AM.png,C:\Users\depthlev\Desktop\droneImages\dataset\depth_20\light_rain\10AM\HighresScreenshot00054_depth_20_light_rain_10AM.txt,excluded_problematic_folder
5599,C:\Users\depthlev\Desktop\droneImages\dataset\depth_20\light_rain\10AM\HighresScreenshot00055_depth_20_light_rain_10AM.png,C:\Users\depthlev\Desktop\droneImages\dataset\depth_20\light_rain\10AM\HighresScreenshot00055_depth_20_light_rain_10AM.txt,excluded_problematic_folder
5600,C:\Users\depthlev\Desktop\droneImages\dataset\depth_20\light_rain\10AM\HighresScreenshot00057_depth_20_light_rain_10AM.png,C:\Users\depthlev\Desktop\droneImages\dataset\depth_20\light_rain\10AM\HighresScreenshot00057_depth_20_light_rain_10AM.txt,excluded_problematic_folder
5601,C:\Users\depthlev\Desktop\droneImages\dataset\depth_20\light_rain\10AM\HighresScreenshot00058_depth_20_light_rain_10AM.png,C:\Users\depthlev\Desktop\droneImages\dataset\depth_20\light_rain\10AM\HighresScreenshot00058_depth_20_light_rain_10AM.txt,excluded_problematic_folder
5602,C:\Users\depthlev\Desktop\droneImages\dataset\depth_20\light_rain\10AM\HighresScreenshot00059_depth_20_light_rain_10AM.png,C:\Users\depthlev\Desktop\droneImages\dataset\depth_20\light_rain\10AM\HighresScreenshot00059_depth_20_light_rain_10AM.txt,excluded_problematic_folder
5603,C:\Users\depthlev\Desktop\droneImages\dataset\depth_20\light_rain\10AM\HighresScreenshot00060_depth_20_light_rain_10AM.png,C:\Users\depthlev\Desktop\droneImages\dataset\depth_20\light_rain\10AM\HighresScreenshot00060_depth_20_light_rain_10AM.txt,excluded_problematic_folder
5604,C:\Users\depthlev\Desktop\droneImages\dataset\depth_20\light_rain\10AM\HighresScreenshot00061_depth_20_light_rain_10AM.png,C:\Users\depthlev\Desktop\droneImages\dataset\depth_20\light_rain\10AM\HighresScreenshot00061_depth_20_light_rain_10AM.txt,excluded_problematic_folder
5605,C:\Users\depthlev\Desktop\droneImages\dataset\depth_20\light_rain\10AM\HighresScreenshot00062_depth_20_light_rain_10AM.png,C:\Users\depthlev\Desktop\droneImages\dataset\depth_20\light_rain\10AM\HighresScreenshot00062_depth_20_light_rain_10AM.txt,excluded_problematic_folder
5606,C:\Users\depthlev\Desktop\droneImages\dataset\depth_20\light_rain\10AM\HighresScreenshot00063_depth_20_light_rain_10AM.png,C:\Users\depthlev\Desktop\droneImages\dataset\depth_20\light_rain\10AM\HighresScreenshot00063_depth_20_light_rain_10AM.txt,excluded_problematic_folder
5607,C:\Users\depthlev\Desktop\droneImages\dataset\depth_20\light_rain\10AM\HighresScreenshot00064_depth_20_light_rain_10AM.png,C:\Users\depthlev\Desktop\droneImages\dataset\depth_20\light_rain\10AM\HighresScreenshot00064_depth_20_light_rain_10AM.txt,excluded_problematic_folder
5608,C:\Users\depthlev\Desktop\droneImages\dataset\depth_20\light_rain\10AM\HighresScreenshot00065_depth_20_light_rain_10AM.png,C:\Users\depthlev\Desktop\droneImages\dataset\depth_20\light_rain\10AM\HighresScreenshot00065_depth_20_light_rain_10AM.txt,excluded_problematic_folder
5609,C:\Users\depthlev\Desktop\droneImages\dataset\depth_20\light_rain\10AM\HighresScreenshot00066_depth_20_light_rain_10AM.png,C:\Users\depthlev\Desktop\droneImages\dataset\depth_20\light_rain\10AM\HighresScreenshot00066_depth_20_light_rain_10AM.txt,excluded_problematic_folder
5610,C:\Users\depthlev\Desktop\droneImages\dataset\depth_20\light_rain\10AM\HighresScreenshot00067_depth_20_light_rain_10AM.png,C:\Users\depthlev\Desktop\droneImages\dataset\depth_20\light_rain\10AM\HighresScreenshot00067_depth_20_light_rain_10AM.txt,excluded_problematic_folder
5611,C:\Users\depthlev\Desktop\droneImages\dataset\depth_20\light_rain\10AM\HighresScreenshot00068_depth_20_light_rain_10AM.png,C:\Users\depthlev\Desktop\droneImages\dataset\depth_20\light_rain\10AM\HighresScreenshot00068_depth_20_light_rain_10AM.txt,excluded_problematic_folder
5612,C:\Users\depthlev\Desktop\droneImages\dataset\depth_20\light_rain\10AM\HighresScreenshot00069_depth_20_light_rain_10AM.png,C:\Users\depthlev\Desktop\droneImages\dataset\depth_20\light_rain\10AM\HighresScreenshot00069_depth_20_light_rain_10AM.txt,excluded_problematic_folder
5613,C:\Users\depthlev\Desktop\droneImages\dataset\depth_20\light_rain\10AM\HighresScreenshot00070_depth_20_light_rain_10AM.png,C:\Users\depthlev\Desktop\droneImages\dataset\depth_20\light_rain\10AM\HighresScreenshot00070_depth_20_light_rain_10AM.txt,excluded_problematic_folder
5614,C:\Users\depthlev\Desktop\droneImages\dataset\depth_20\light_rain\10AM\HighresScreenshot00071_depth_20_light_rain_10AM.png,C:\Users\depthlev\Desktop\droneImages\dataset\depth_20\light_rain\10AM\HighresScreenshot00071_depth_20_light_rain_10AM.txt,excluded_problematic_folder
5615,C:\Users\depthlev\Desktop\droneImages\dataset\depth_20\light_rain\10AM\HighresScreenshot00072_depth_20_light_rain_10AM.png,C:\Users\depthlev\Desktop\droneImages\dataset\depth_20\light_rain\10AM\HighresScreenshot00072_depth_20_light_rain_10AM.txt,excluded_problematic_folder
5616,C:\Users\depthlev\Desktop\droneImages\dataset\depth_20\light_rain\10AM\HighresScreenshot00073_depth_20_light_rain_10AM.png,C:\Users\depthlev\Desktop\droneImages\dataset\depth_20\light_rain\10AM\HighresScreenshot00073_depth_20_light_rain_10AM.txt,excluded_problematic_folder
5617,C:\Users\depthlev\Desktop\droneImages\dataset\depth_20\light_rain\10AM\HighresScreenshot00074_depth_20_light_rain_10AM.png,C:\Users\depthlev\Desktop\droneImages\dataset\depth_20\light_rain\10AM\HighresScreenshot00074_depth_20_light_rain_10AM.txt,excluded_problematic_folder
5618,C:\Users\depthlev\Desktop\droneImages\dataset\depth_20\light_rain\10AM\HighresScreenshot00075_depth_20_light_rain_10AM.png,C:\Users\depthlev\Desktop\droneImages\dataset\depth_20\light_rain\10AM\HighresScreenshot00075_depth_20_light_rain_10AM.txt,excluded_problematic_folder
5619,C:\Users\depthlev\Desktop\droneImages\dataset\depth_20\light_rain\10AM\HighresScreenshot00076_depth_20_light_rain_10AM.png,C:\Users\depthlev\Desktop\droneImages\dataset\depth_20\light_rain\10AM\HighresScreenshot00076_depth_20_light_rain_10AM.txt,excluded_problematic_folder
5620,C:\Users\depthlev\Desktop\droneImages\dataset\depth_20\light_rain\10AM\HighresScreenshot00077_depth_20_light_rain_10AM.png,C:\Users\depthlev\Desktop\droneImages\dataset\depth_20\light_rain\10AM\HighresScreenshot00077_depth_20_light_rain_10AM.txt,excluded_problematic_folder
5621,C:\Users\depthlev\Desktop\droneImages\dataset\depth_20\light_rain\10AM\HighresScreenshot00078_depth_20_light_rain_10AM.png,C:\Users\depthlev\Desktop\droneImages\dataset\depth_20\light_rain\10AM\HighresScreenshot00078_depth_20_light_rain_10AM.txt,excluded_problematic_folder
5622,C:\Users\depthlev\Desktop\droneImages\dataset\depth_20\light_rain\10AM\HighresScreenshot00079_depth_20_light_rain_10AM.png,C:\Users\depthlev\Desktop\droneImages\dataset\depth_20\light_rain\10AM\HighresScreenshot00079_depth_20_light_rain_10AM.txt,excluded_problematic_folder
5623,C:\Users\depthlev\Desktop\droneImages\dataset\depth_20\light_rain\10AM\HighresScreenshot00080_depth_20_light_rain_10AM.png,C:\Users\depthlev\Desktop\droneImages\dataset\depth_20\light_rain\10AM\HighresScreenshot00080_depth_20_light_rain_10AM.txt,excluded_problematic_folder
5624,C:\Users\depthlev\Desktop\droneImages\dataset\depth_20\light_rain\10AM\HighresScreenshot00081_depth_20_light_rain_10AM.png,C:\Users\depthlev\Desktop\droneImages\dataset\depth_20\light_rain\10AM\HighresScreenshot00081_depth_20_light_rain_10AM.txt,excluded_problematic_folder
5625,C:\Users\depthlev\Desktop\droneImages\dataset\depth_20\light_rain\10AM\HighresScreenshot00082_depth_20_light_rain_10AM.png,C:\Users\depthlev\Desktop\droneImages\dataset\depth_20\light_rain\10AM\HighresScreenshot00082_depth_20_light_rain_10AM.txt,excluded_problematic_folder
5626,C:\Users\depthlev\Desktop\droneImages\dataset\depth_20\light_rain\10AM\HighresScreenshot00083_depth_20_light_rain_10AM.png,C:\Users\depthlev\Desktop\droneImages\dataset\depth_20\light_rain\10AM\HighresScreenshot00083_depth_20_light_rain_10AM.txt,excluded_problematic_folder
5627,C:\Users\depthlev\Desktop\droneImages\dataset\depth_20\light_rain\10AM\HighresScreenshot00084_depth_20_light_rain_10AM.png,C:\Users\depthlev\Desktop\droneImages\dataset\depth_20\light_rain\10AM\HighresScreenshot00084_depth_20_light_rain_10AM.txt,excluded_problematic_folder
5628,C:\Users\depthlev\Desktop\droneImages\dataset\depth_20\light_rain\10AM\HighresScreenshot00085_depth_20_light_rain_10AM.png,C:\Users\depthlev\Desktop\droneImages\dataset\depth_20\light_rain\10AM\HighresScreenshot00085_depth_20_light_rain_10AM.txt,excluded_problematic_folder
5629,C:\Users\depthlev\Desktop\droneImages\dataset\depth_20\light_rain\10AM\HighresScreenshot00086_depth_20_light_rain_10AM.png,C:\Users\depthlev\Desktop\droneImages\dataset\depth_20\light_rain\10AM\HighresScreenshot00086_depth_20_light_rain_10AM.txt,excluded_problematic_folder
5630,C:\Users\depthlev\Desktop\droneImages\dataset\depth_20\light_rain\10AM\HighresScreenshot00087_depth_20_light_rain_10AM.png,C:\Users\depthlev\Desktop\droneImages\dataset\depth_20\light_rain\10AM\HighresScreenshot00087_depth_20_light_rain_10AM.txt,excluded_problematic_folder
5631,C:\Users\depthlev\Desktop\droneImages\dataset\depth_20\light_rain\10AM\HighresScreenshot00088_depth_20_light_rain_10AM.png,C:\Users\depthlev\Desktop\droneImages\dataset\depth_20\light_rain\10AM\HighresScreenshot00088_depth_20_light_rain_10AM.txt,excluded_problematic_folder
5632,C:\Users\depthlev\Desktop\droneImages\dataset\depth_20\light_rain\10AM\HighresScreenshot00089_depth_20_light_rain_10AM.png,C:\Users\depthlev\Desktop\droneImages\dataset\depth_20\light_rain\10AM\HighresScreenshot00089_depth_20_light_rain_10AM.txt,excluded_problematic_folder
5633,C:\Users\depthlev\Desktop\droneImages\dataset\depth_20\light_rain\10AM\HighresScreenshot00090_depth_20_light_rain_10AM.png,C:\Users\depthlev\Desktop\droneImages\dataset\depth_20\light_rain\10AM\HighresScreenshot00090_depth_20_light_rain_10AM.txt,excluded_problematic_folder
5634,C:\Users\depthlev\Desktop\droneImages\dataset\depth_20\light_rain\10AM\HighresScreenshot00091_depth_20_light_rain_10AM.png,C:\Users\depthlev\Desktop\droneImages\dataset\depth_20\light_rain\10AM\HighresScreenshot00091_depth_20_light_rain_10AM.txt,excluded_problematic_folder
5635,C:\Users\depthlev\Desktop\droneImages\dataset\depth_20\light_rain\10AM\HighresScreenshot00092_depth_20_light_rain_10AM.png,C:\Users\depthlev\Desktop\droneImages\dataset\depth_20\light_rain\10AM\HighresScreenshot00092_depth_20_light_rain_10AM.txt,excluded_problematic_folder
5636,C:\Users\depthlev\Desktop\droneImages\dataset\depth_20\light_rain\10AM\HighresScreenshot00093_depth_20_light_rain_10AM.png,C:\Users\depthlev\Desktop\droneImages\dataset\depth_20\light_rain\10AM\HighresScreenshot00093_depth_20_light_rain_10AM.txt,excluded_problematic_folder
5637,C:\Users\depthlev\Desktop\droneImages\dataset\depth_20\light_rain\10AM\HighresScreenshot00094_depth_20_light_rain_10AM.png,C:\Users\depthlev\Desktop\droneImages\dataset\depth_20\light_rain\10AM\HighresScreenshot00094_depth_20_light_rain_10AM.txt,excluded_problematic_folder
5638,C:\Users\depthlev\Desktop\droneImages\dataset\depth_20\light_rain\10AM\HighresScreenshot00095_depth_20_light_rain_10AM.png,C:\Users\depthlev\Desktop\droneImages\dataset\depth_20\light_rain\10AM\HighresScreenshot00095_depth_20_light_rain_10AM.txt,excluded_problematic_folder
5639,C:\Users\depthlev\Desktop\droneImages\dataset\depth_20\light_rain\10AM\HighresScreenshot00096_depth_20_light_rain_10AM.png,C:\Users\depthlev\Desktop\droneImages\dataset\depth_20\light_rain\10AM\HighresScreenshot00096_depth_20_light_rain_10AM.txt,excluded_problematic_folder
5640,C:\Users\depthlev\Desktop\droneImages\dataset\depth_20\light_rain\10AM\HighresScreenshot00097_depth_20_light_rain_10AM.png,C:\Users\depthlev\Desktop\droneImages\dataset\depth_20\light_rain\10AM\HighresScreenshot00097_depth_20_light_rain_10AM.txt,excluded_problematic_folder
5641,C:\Users\depthlev\Desktop\droneImages\dataset\depth_20\light_rain\10AM\HighresScreenshot00098_depth_20_light_rain_10AM.png,C:\Users\depthlev\Desktop\droneImages\dataset\depth_20\light_rain\10AM\HighresScreenshot00098_depth_20_light_rain_10AM.txt,excluded_problematic_folder
5642,C:\Users\depthlev\Desktop\droneImages\dataset\depth_20\light_rain\10AM\HighresScreenshot00099_depth_20_light_rain_10AM.png,C:\Users\depthlev\Desktop\droneImages\dataset\depth_20\light_rain\10AM\HighresScreenshot00099_depth_20_light_rain_10AM.txt,excluded_problematic_folder
5643,C:\Users\depthlev\Desktop\droneImages\dataset\depth_20\light_rain\10AM\HighresScreenshot00100_depth_20_light_rain_10AM.png,C:\Users\depthlev\Desktop\droneImages\dataset\depth_20\light_rain\10AM\HighresScreenshot00100_depth_20_light_rain_10AM.txt,excluded_problematic_folder
5644,C:\Users\depthlev\Desktop\droneImages\dataset\depth_20\light_rain\10AM\HighresScreenshot00101_depth_20_light_rain_10AM.png,C:\Users\depthlev\Desktop\droneImages\dataset\depth_20\light_rain\10AM\HighresScreenshot00101_depth_20_light_rain_10AM.txt,excluded_problematic_folder
5645,C:\Users\depthlev\Desktop\droneImages\dataset\depth_20\light_rain\10AM\HighresScreenshot00102_depth_20_light_rain_10AM.png,C:\Users\depthlev\Desktop\droneImages\dataset\depth_20\light_rain\10AM\HighresScreenshot00102_depth_20_light_rain_10AM.txt,excluded_problematic_folder
5646,C:\Users\depthlev\Desktop\droneImages\dataset\depth_20\light_rain\10AM\HighresScreenshot00103_depth_20_light_rain_10AM.png,C:\Users\depthlev\Desktop\droneImages\dataset\depth_20\light_rain\10AM\HighresScreenshot00103_depth_20_light_rain_10AM.txt,excluded_problematic_folder
5647,C:\Users\depthlev\Desktop\droneImages\dataset\depth_20\light_rain\10AM\HighresScreenshot00104_depth_20_light_rain_10AM.png,C:\Users\depthlev\Desktop\droneImages\dataset\depth_20\light_rain\10AM\HighresScreenshot00104_depth_20_light_rain_10AM.txt,excluded_problematic_folder
5648,C:\Users\depthlev\Desktop\droneImages\dataset\depth_20\light_rain\10AM\HighresScreenshot00105_depth_20_light_rain_10AM.png,C:\Users\depthlev\Desktop\droneImages\dataset\depth_20\light_rain\10AM\HighresScreenshot00105_depth_20_light_rain_10AM.txt,excluded_problematic_folder
5649,C:\Users\depthlev\Desktop\droneImages\dataset\depth_20\light_rain\10AM\HighresScreenshot00106_depth_20_light_rain_10AM.png,C:\Users\depthlev\Desktop\droneImages\dataset\depth_20\light_rain\10AM\HighresScreenshot00106_depth_20_light_rain_10AM.txt,excluded_problematic_folder
5650,C:\Users\depthlev\Desktop\droneImages\dataset\depth_20\light_rain\10AM\HighresScreenshot00107_depth_20_light_rain_10AM.png,C:\Users\depthlev\Desktop\droneImages\dataset\depth_20\light_rain\10AM\HighresScreenshot00107_depth_20_light_rain_10AM.txt,excluded_problematic_folder
5651,C:\Users\depthlev\Desktop\droneImages\dataset\depth_20\light_rain\10AM\HighresScreenshot00108_depth_20_light_rain_10AM.png,C:\Users\depthlev\Desktop\droneImages\dataset\depth_20\light_rain\10AM\HighresScreenshot00108_depth_20_light_rain_10AM.txt,excluded_problematic_folder
5652,C:\Users\depthlev\Desktop\droneImages\dataset\depth_20\light_rain\10AM\HighresScreenshot00109_depth_20_light_rain_10AM.png,C:\Users\depthlev\Desktop\droneImages\dataset\depth_20\light_rain\10AM\HighresScreenshot00109_depth_20_light_rain_10AM.txt,excluded_problematic_folder
5653,C:\Users\depthlev\Desktop\droneImages\dataset\depth_20\light_rain\10AM\HighresScreenshot00110_depth_20_light_rain_10AM.png,C:\Users\depthlev\Desktop\droneImages\dataset\depth_20\light_rain\10AM\HighresScreenshot00110_depth_20_light_rain_10AM.txt,excluded_problematic_folder
5654,C:\Users\depthlev\Desktop\droneImages\dataset\depth_20\light_rain\10AM\HighresScreenshot00111_depth_20_light_rain_10AM.png,C:\Users\depthlev\Desktop\droneImages\dataset\depth_20\light_rain\10AM\HighresScreenshot00111_depth_20_light_rain_10AM.txt,excluded_problematic_folder
5655,C:\Users\depthlev\Desktop\droneImages\dataset\depth_20\light_rain\10AM\HighresScreenshot00112_depth_20_light_rain_10AM.png,C:\Users\depthlev\Desktop\droneImages\dataset\depth_20\light_rain\10AM\HighresScreenshot00112_depth_20_light_rain_10AM.txt,excluded_problematic_folder
5656,C:\Users\depthlev\Desktop\droneImages\dataset\depth_20\light_rain\10AM\HighresScreenshot00113_depth_20_light_rain_10AM.png,C:\Users\depthlev\Desktop\droneImages\dataset\depth_20\light_rain\10AM\HighresScreenshot00113_depth_20_light_rain_10AM.txt,excluded_problematic_folder
5657,C:\Users\depthlev\Desktop\droneImages\dataset\depth_20\light_rain\10AM\HighresScreenshot00114_depth_20_light_rain_10AM.png,C:\Users\depthlev\Desktop\droneImages\dataset\depth_20\light_rain\10AM\HighresScreenshot00114_depth_20_light_rain_10AM.txt,excluded_problematic_folder
5658,C:\Users\depthlev\Desktop\droneImages\dataset\depth_20\light_rain\10AM\HighresScreenshot00115_depth_20_light_rain_10AM.png,C:\Users\depthlev\Desktop\droneImages\dataset\depth_20\light_rain\10AM\HighresScreenshot00115_depth_20_light_rain_10AM.txt,excluded_problematic_folder
5659,C:\Users\depthlev\Desktop\droneImages\dataset\depth_20\light_rain\10AM\HighresScreenshot00116_depth_20_light_rain_10AM.png,C:\Users\depthlev\Desktop\droneImages\dataset\depth_20\light_rain\10AM\HighresScreenshot00116_depth_20_light_rain_10AM.txt,excluded_problematic_folder
5660,C:\Users\depthlev\Desktop\droneImages\dataset\depth_20\light_rain\10AM\HighresScreenshot00117_depth_20_light_rain_10AM.png,C:\Users\depthlev\Desktop\droneImages\dataset\depth_20\light_rain\10AM\HighresScreenshot00117_depth_20_light_rain_10AM.txt,excluded_problematic_folder
5661,C:\Users\depthlev\Desktop\droneImages\dataset\depth_20\light_rain\10AM\HighresScreenshot00118_depth_20_light_rain_10AM.png,C:\Users\depthlev\Desktop\droneImages\dataset\depth_20\light_rain\10AM\HighresScreenshot00118_depth_20_light_rain_10AM.txt,excluded_problematic_folder
5662,C:\Users\depthlev\Desktop\droneImages\dataset\depth_20\light_rain\10AM\HighresScreenshot00119_depth_20_light_rain_10AM.png,C:\Users\depthlev\Desktop\droneImages\dataset\depth_20\light_rain\10AM\HighresScreenshot00119_depth_20_light_rain_10AM.txt,excluded_problematic_folder
5663,C:\Users\depthlev\Desktop\droneImages\dataset\depth_20\light_rain\10AM\HighresScreenshot00120_depth_20_light_rain_10AM.png,C:\Users\depthlev\Desktop\droneImages\dataset\depth_20\light_rain\10AM\HighresScreenshot00120_depth_20_light_rain_10AM.txt,excluded_problematic_folder
5664,C:\Users\depthlev\Desktop\droneImages\dataset\depth_20\light_rain\10AM\HighresScreenshot00121_depth_20_light_rain_10AM.png,C:\Users\depthlev\Desktop\droneImages\dataset\depth_20\light_rain\10AM\HighresScreenshot00121_depth_20_light_rain_10AM.txt,excluded_problematic_folder
5665,C:\Users\depthlev\Desktop\droneImages\dataset\depth_20\light_rain\10AM\HighresScreenshot00122_depth_20_light_rain_10AM.png,C:\Users\depthlev\Desktop\droneImages\dataset\depth_20\light_rain\10AM\HighresScreenshot00122_depth_20_light_rain_10AM.txt,excluded_problematic_folder
5666,C:\Users\depthlev\Desktop\droneImages\dataset\depth_20\light_rain\10AM\HighresScreenshot00123_depth_20_light_rain_10AM.png,C:\Users\depthlev\Desktop\droneImages\dataset\depth_20\light_rain\10AM\HighresScreenshot00123_depth_20_light_rain_10AM.txt,excluded_problematic_folder
5667,C:\Users\depthlev\Desktop\droneImages\dataset\depth_20\light_rain\10AM\HighresScreenshot00124_depth_20_light_rain_10AM.png,C:\Users\depthlev\Desktop\droneImages\dataset\depth_20\light_rain\10AM\HighresScreenshot00124_depth_20_light_rain_10AM.txt,excluded_problematic_folder
5668,C:\Users\depthlev\Desktop\droneImages\dataset\depth_20\light_rain\10AM\HighresScreenshot00125_depth_20_light_rain_10AM.png,C:\Users\depthlev\Desktop\droneImages\dataset\depth_20\light_rain\10AM\HighresScreenshot00125_depth_20_light_rain_10AM.txt,excluded_problematic_folder
5669,C:\Users\depthlev\Desktop\droneImages\dataset\depth_20\light_rain\10AM\HighresScreenshot00126_depth_20_light_rain_10AM.png,C:\Users\depthlev\Desktop\droneImages\dataset\depth_20\light_rain\10AM\HighresScreenshot00126_depth_20_light_rain_10AM.txt,excluded_problematic_folder
5670,C:\Users\depthlev\Desktop\droneImages\dataset\depth_20\light_rain\10AM\HighresScreenshot00127_depth_20_light_rain_10AM.png,C:\Users\depthlev\Desktop\droneImages\dataset\depth_20\light_rain\10AM\HighresScreenshot00127_depth_20_light_rain_10AM.txt,excluded_problematic_folder
5671,C:\Users\depthlev\Desktop\droneImages\dataset\depth_20\light_rain\10AM\HighresScreenshot00128_depth_20_light_rain_10AM.png,C:\Users\depthlev\Desktop\droneImages\dataset\depth_20\light_rain\10AM\HighresScreenshot00128_depth_20_light_rain_10AM.txt,excluded_problematic_folder
5672,C:\Users\depthlev\Desktop\droneImages\dataset\depth_20\light_rain\10AM\HighresScreenshot00129_depth_20_light_rain_10AM.png,C:\Users\depthlev\Desktop\droneImages\dataset\depth_20\light_rain\10AM\HighresScreenshot00129_depth_20_light_rain_10AM.txt,excluded_problematic_folder
5673,C:\Users\depthlev\Desktop\droneImages\dataset\depth_20\light_rain\10AM\HighresScreenshot00130_depth_20_light_rain_10AM.png,C:\Users\depthlev\Desktop\droneImages\dataset\depth_20\light_rain\10AM\HighresScreenshot00130_depth_20_light_rain_10AM.txt,excluded_problematic_folder
5674,C:\Users\depthlev\Desktop\droneImages\dataset\depth_20\light_rain\10AM\HighresScreenshot00131_depth_20_light_rain_10AM.png,C:\Users\depthlev\Desktop\droneImages\dataset\depth_20\light_rain\10AM\HighresScreenshot00131_depth_20_light_rain_10AM.txt,excluded_problematic_folder
5675,C:\Users\depthlev\Desktop\droneImages\dataset\depth_20\light_rain\10AM\HighresScreenshot00132_depth_20_light_rain_10AM.png,C:\Users\depthlev\Desktop\droneImages\dataset\depth_20\light_rain\10AM\HighresScreenshot00132_depth_20_light_rain_10AM.txt,excluded_problematic_folder
5676,C:\Users\depthlev\Desktop\droneImages\dataset\depth_20\light_rain\10AM\HighresScreenshot00133_depth_20_light_rain_10AM.png,C:\Users\depthlev\Desktop\droneImages\dataset\depth_20\light_rain\10AM\HighresScreenshot00133_depth_20_light_rain_10AM.txt,excluded_problematic_folder
5677,C:\Users\depthlev\Desktop\droneImages\dataset\depth_20\light_rain\10AM\HighresScreenshot00134_depth_20_light_rain_10AM.png,C:\Users\depthlev\Desktop\droneImages\dataset\depth_20\light_rain\10AM\HighresScreenshot00134_depth_20_light_rain_10AM.txt,excluded_problematic_folder
5678,C:\Users\depthlev\Desktop\droneImages\dataset\depth_20\light_rain\10AM\HighresScreenshot00135_depth_20_light_rain_10AM.png,C:\Users\depthlev\Desktop\droneImages\dataset\depth_20\light_rain\10AM\HighresScreenshot00135_depth_20_light_rain_10AM.txt,excluded_problematic_folder
5679,C:\Users\depthlev\Desktop\droneImages\dataset\depth_20\light_rain\10AM\HighresScreenshot00136_depth_20_light_rain_10AM.png,C:\Users\depthlev\Desktop\droneImages\dataset\depth_20\light_rain\10AM\HighresScreenshot00136_depth_20_light_rain_10AM.txt,excluded_problematic_folder
5680,C:\Users\depthlev\Desktop\droneImages\dataset\depth_20\light_rain\10AM\HighresScreenshot00137_depth_20_light_rain_10AM.png,C:\Users\depthlev\Desktop\droneImages\dataset\depth_20\light_rain\10AM\HighresScreenshot00137_depth_20_light_rain_10AM.txt,excluded_problematic_folder
5681,C:\Users\depthlev\Desktop\droneImages\dataset\depth_20\light_rain\10AM\HighresScreenshot00138_depth_20_light_rain_10AM.png,C:\Users\depthlev\Desktop\droneImages\dataset\depth_20\light_rain\10AM\HighresScreenshot00138_depth_20_light_rain_10AM.txt,excluded_problematic_folder
5682,C:\Users\depthlev\Desktop\droneImages\dataset\depth_20\light_rain\10AM\HighresScreenshot00139_depth_20_light_rain_10AM.png,C:\Users\depthlev\Desktop\droneImages\dataset\depth_20\light_rain\10AM\HighresScreenshot00139_depth_20_light_rain_10AM.txt,excluded_problematic_folder
5683,C:\Users\depthlev\Desktop\droneImages\dataset\depth_20\light_rain\10AM\HighresScreenshot00140_depth_20_light_rain_10AM.png,C:\Users\depthlev\Desktop\droneImages\dataset\depth_20\light_rain\10AM\HighresScreenshot00140_depth_20_light_rain_10AM.txt,excluded_problematic_folder
5684,C:\Users\depthlev\Desktop\droneImages\dataset\depth_20\light_rain\10AM\HighresScreenshot00141_depth_20_light_rain_10AM.png,C:\Users\depthlev\Desktop\droneImages\dataset\depth_20\light_rain\10AM\HighresScreenshot00141_depth_20_light_rain_10AM.txt,excluded_problematic_folder
5685,C:\Users\depthlev\Desktop\droneImages\dataset\depth_20\light_rain\10AM\HighresScreenshot00142_depth_20_light_rain_10AM.png,C:\Users\depthlev\Desktop\droneImages\dataset\depth_20\light_rain\10AM\HighresScreenshot00142_depth_20_light_rain_10AM.txt,excluded_problematic_folder
5686,C:\Users\depthlev\Desktop\droneImages\dataset\depth_20\light_rain\10AM\HighresScreenshot00143_depth_20_light_rain_10AM.png,C:\Users\depthlev\Desktop\droneImages\dataset\depth_20\light_rain\10AM\HighresScreenshot00143_depth_20_light_rain_10AM.txt,excluded_problematic_folder
5687,C:\Users\depthlev\Desktop\droneImages\dataset\depth_20\light_rain\10AM\HighresScreenshot00144_depth_20_light_rain_10AM.png,C:\Users\depthlev\Desktop\droneImages\dataset\depth_20\light_rain\10AM\HighresScreenshot00144_depth_20_light_rain_10AM.txt,excluded_problematic_folder
5688,C:\Users\depthlev\Desktop\droneImages\dataset\depth_20\light_rain\10AM\HighresScreenshot00145_depth_20_light_rain_10AM.png,C:\Users\depthlev\Desktop\droneImages\dataset\depth_20\light_rain\10AM\HighresScreenshot00145_depth_20_light_rain_10AM.txt,excluded_problematic_folder
5689,C:\Users\depthlev\Desktop\droneImages\dataset\depth_20\light_rain\10AM\HighresScreenshot00146_depth_20_light_rain_10AM.png,C:\Users\depthlev\Desktop\droneImages\dataset\depth_20\light_rain\10AM\HighresScreenshot00146_depth_20_light_rain_10AM.txt,excluded_problematic_folder
5690,C:\Users\depthlev\Desktop\droneImages\dataset\depth_20\light_rain\10AM\HighresScreenshot00147_depth_20_light_rain_10AM.png,C:\Users\depthlev\Desktop\droneImages\dataset\depth_20\light_rain\10AM\HighresScreenshot00147_depth_20_light_rain_10AM.txt,excluded_problematic_folder
5691,C:\Users\depthlev\Desktop\droneImages\dataset\depth_20\light_rain\10AM\HighresScreenshot00148_depth_20_light_rain_10AM.png,C:\Users\depthlev\Desktop\droneImages\dataset\depth_20\light_rain\10AM\HighresScreenshot00148_depth_20_light_rain_10AM.txt,excluded_problematic_folder
5692,C:\Users\depthlev\Desktop\droneImages\dataset\depth_20\light_rain\10AM\HighresScreenshot00149_depth_20_light_rain_10AM.png,C:\Users\depthlev\Desktop\droneImages\dataset\depth_20\light_rain\10AM\HighresScreenshot00149_depth_20_light_rain_10AM.txt,excluded_problematic_folder
5693,C:\Users\depthlev\Desktop\droneImages\dataset\depth_20\light_rain\10AM\HighresScreenshot00150_depth_20_light_rain_10AM.png,C:\Users\depthlev\Desktop\droneImages\dataset\depth_20\light_rain\10AM\HighresScreenshot00150_depth_20_light_rain_10AM.txt,excluded_problematic_folder
5694,C:\Users\depthlev\Desktop\droneImages\dataset\depth_20\light_rain\10AM\HighresScreenshot00151_depth_20_light_rain_10AM.png,C:\Users\depthlev\Desktop\droneImages\dataset\depth_20\light_rain\10AM\HighresScreenshot00151_depth_20_light_rain_10AM.txt,excluded_problematic_folder
5695,C:\Users\depthlev\Desktop\droneImages\dataset\depth_20\light_rain\10AM\HighresScreenshot00152_depth_20_light_rain_10AM.png,C:\Users\depthlev\Desktop\droneImages\dataset\depth_20\light_rain\10AM\HighresScreenshot00152_depth_20_light_rain_10AM.txt,excluded_problematic_folder
5696,C:\Users\depthlev\Desktop\droneImages\dataset\depth_20\light_rain\10AM\HighresScreenshot00153_depth_20_light_rain_10AM.png,C:\Users\depthlev\Desktop\droneImages\dataset\depth_20\light_rain\10AM\HighresScreenshot00153_depth_20_light_rain_10AM.txt,excluded_problematic_folder
5697,C:\Users\depthlev\Desktop\droneImages\dataset\depth_20\light_rain\10AM\HighresScreenshot00154_depth_20_light_rain_10AM.png,C:\Users\depthlev\Desktop\droneImages\dataset\depth_20\light_rain\10AM\HighresScreenshot00154_depth_20_light_rain_10AM.txt,excluded_problematic_folder
5698,C:\Users\depthlev\Desktop\droneImages\dataset\depth_20\light_rain\10AM\HighresScreenshot00155_depth_20_light_rain_10AM.png,C:\Users\depthlev\Desktop\droneImages\dataset\depth_20\light_rain\10AM\HighresScreenshot00155_depth_20_light_rain_10AM.txt,excluded_problematic_folder
5699,C:\Users\depthlev\Desktop\droneImages\dataset\depth_20\light_rain\10AM\HighresScreenshot00156_depth_20_light_rain_10AM.png,C:\Users\depthlev\Desktop\droneImages\dataset\depth_20\light_rain\10AM\HighresScreenshot00156_depth_20_light_rain_10AM.txt,excluded_problematic_folder
5700,C:\Users\depthlev\Desktop\droneImages\dataset\depth_20\light_rain\10AM\HighresScreenshot00157_depth_20_light_rain_10AM.png,C:\Users\depthlev\Desktop\droneImages\dataset\depth_20\light_rain\10AM\HighresScreenshot00157_depth_20_light_rain_10AM.txt,excluded_problematic_folder
5701,C:\Users\depthlev\Desktop\droneImages\dataset\depth_20\light_rain\10AM\HighresScreenshot00158_depth_20_light_rain_10AM.png,C:\Users\depthlev\Desktop\droneImages\dataset\depth_20\light_rain\10AM\HighresScreenshot00158_depth_20_light_rain_10AM.txt,excluded_problematic_folder
5702,C:\Users\depthlev\Desktop\droneImages\dataset\depth_20\light_rain\10AM\HighresScreenshot00159_depth_20_light_rain_10AM.png,C:\Users\depthlev\Desktop\droneImages\dataset\depth_20\light_rain\10AM\HighresScreenshot00159_depth_20_light_rain_10AM.txt,excluded_problematic_folder
5703,C:\Users\depthlev\Desktop\droneImages\dataset\depth_20\light_rain\10AM\HighresScreenshot00160_depth_20_light_rain_10AM.png,C:\Users\depthlev\Desktop\droneImages\dataset\depth_20\light_rain\10AM\HighresScreenshot00160_depth_20_light_rain_10AM.txt,excluded_problematic_folder
5704,C:\Users\depthlev\Desktop\droneImages\dataset\depth_20\light_rain\10AM\HighresScreenshot00161_depth_20_light_rain_10AM.png,C:\Users\depthlev\Desktop\droneImages\dataset\depth_20\light_rain\10AM\HighresScreenshot00161_depth_20_light_rain_10AM.txt,excluded_problematic_folder
5705,C:\Users\depthlev\Desktop\droneImages\dataset\depth_20\light_rain\10AM\HighresScreenshot00162_depth_20_light_rain_10AM.png,C:\Users\depthlev\Desktop\droneImages\dataset\depth_20\light_rain\10AM\HighresScreenshot00162_depth_20_light_rain_10AM.txt,excluded_problematic_folder
5706,C:\Users\depthlev\Desktop\droneImages\dataset\depth_20\light_rain\10AM\HighresScreenshot00163_depth_20_light_rain_10AM.png,C:\Users\depthlev\Desktop\droneImages\dataset\depth_20\light_rain\10AM\HighresScreenshot00163_depth_20_light_rain_10AM.txt,excluded_problematic_folder
5707,C:\Users\depthlev\Desktop\droneImages\dataset\depth_20\light_rain\10AM\HighresScreenshot00164_depth_20_light_rain_10AM.png,C:\Users\depthlev\Desktop\droneImages\dataset\depth_20\light_rain\10AM\HighresScreenshot00164_depth_20_light_rain_10AM.txt,excluded_problematic_folder
5708,C:\Users\depthlev\Desktop\droneImages\dataset\depth_20\light_rain\10AM\HighresScreenshot00165_depth_20_light_rain_10AM.png,C:\Users\depthlev\Desktop\droneImages\dataset\depth_20\light_rain\10AM\HighresScreenshot00165_depth_20_light_rain_10AM.txt,excluded_problematic_folder
5709,C:\Users\depthlev\Desktop\droneImages\dataset\depth_20\light_rain\10AM\HighresScreenshot00166_depth_20_light_rain_10AM.png,C:\Users\depthlev\Desktop\droneImages\dataset\depth_20\light_rain\10AM\HighresScreenshot00166_depth_20_light_rain_10AM.txt,excluded_problematic_folder
5710,C:\Users\depthlev\Desktop\droneImages\dataset\depth_20\light_rain\10AM\HighresScreenshot00167_depth_20_light_rain_10AM.png,C:\Users\depthlev\Desktop\droneImages\dataset\depth_20\light_rain\10AM\HighresScreenshot00167_depth_20_light_rain_10AM.txt,excluded_problematic_folder
5711,C:\Users\depthlev\Desktop\droneImages\dataset\depth_20\light_rain\10AM\HighresScreenshot00168_depth_20_light_rain_10AM.png,C:\Users\depthlev\Desktop\droneImages\dataset\depth_20\light_rain\10AM\HighresScreenshot00168_depth_20_light_rain_10AM.txt,excluded_problematic_folder
5712,C:\Users\depthlev\Desktop\droneImages\dataset\depth_20\light_rain\10AM\HighresScreenshot00169_depth_20_light_rain_10AM.png,C:\Users\depthlev\Desktop\droneImages\dataset\depth_20\light_rain\10AM\HighresScreenshot00169_depth_20_light_rain_10AM.txt,excluded_problematic_folder
5713,C:\Users\depthlev\Desktop\droneImages\dataset\depth_20\light_rain\10AM\HighresScreenshot00170_depth_20_light_rain_10AM.png,C:\Users\depthlev\Desktop\droneImages\dataset\depth_20\light_rain\10AM\HighresScreenshot00170_depth_20_light_rain_10AM.txt,excluded_problematic_folder
5714,C:\Users\depthlev\Desktop\droneImages\dataset\depth_20\light_rain\10AM\HighresScreenshot00171_depth_20_light_rain_10AM.png,C:\Users\depthlev\Desktop\droneImages\dataset\depth_20\light_rain\10AM\HighresScreenshot00171_depth_20_light_rain_10AM.txt,excluded_problematic_folder
5715,C:\Users\depthlev\Desktop\droneImages\dataset\depth_20\light_rain\10AM\HighresScreenshot00172_depth_20_light_rain_10AM.png,C:\Users\depthlev\Desktop\droneImages\dataset\depth_20\light_rain\10AM\HighresScreenshot00172_depth_20_light_rain_10AM.txt,excluded_problematic_folder
5716,C:\Users\depthlev\Desktop\droneImages\dataset\depth_20\light_rain\10AM\HighresScreenshot00173_depth_20_light_rain_10AM.png,C:\Users\depthlev\Desktop\droneImages\dataset\depth_20\light_rain\10AM\HighresScreenshot00173_depth_20_light_rain_10AM.txt,excluded_problematic_folder
5717,C:\Users\depthlev\Desktop\droneImages\dataset\depth_20\light_rain\10AM\HighresScreenshot00174_depth_20_light_rain_10AM.png,C:\Users\depthlev\Desktop\droneImages\dataset\depth_20\light_rain\10AM\HighresScreenshot00174_depth_20_light_rain_10AM.txt,excluded_problematic_folder
5718,C:\Users\depthlev\Desktop\droneImages\dataset\depth_20\light_rain\10AM\HighresScreenshot00175_depth_20_light_rain_10AM.png,C:\Users\depthlev\Desktop\droneImages\dataset\depth_20\light_rain\10AM\HighresScreenshot00175_depth_20_light_rain_10AM.txt,excluded_problematic_folder
5719,C:\Users\depthlev\Desktop\droneImages\dataset\depth_20\light_rain\10AM\HighresScreenshot00176_depth_20_light_rain_10AM.png,C:\Users\depthlev\Desktop\droneImages\dataset\depth_20\light_rain\10AM\HighresScreenshot00176_depth_20_light_rain_10AM.txt,excluded_problematic_folder
5720,C:\Users\depthlev\Desktop\droneImages\dataset\depth_20\light_rain\10AM\HighresScreenshot00177_depth_20_light_rain_10AM.png,C:\Users\depthlev\Desktop\droneImages\dataset\depth_20\light_rain\10AM\HighresScreenshot00177_depth_20_light_rain_10AM.txt,excluded_problematic_folder
5721,C:\Users\depthlev\Desktop\droneImages\dataset\depth_20\light_rain\10AM\HighresScreenshot00178_depth_20_light_rain_10AM.png,C:\Users\depthlev\Desktop\droneImages\dataset\depth_20\light_rain\10AM\HighresScreenshot00178_depth_20_light_rain_10AM.txt,excluded_problematic_folder
5722,C:\Users\depthlev\Desktop\droneImages\dataset\depth_20\light_rain\10AM\HighresScreenshot00179_depth_20_light_rain_10AM.png,C:\Users\depthlev\Desktop\droneImages\dataset\depth_20\light_rain\10AM\HighresScreenshot00179_depth_20_light_rain_10AM.txt,excluded_problematic_folder
5723,C:\Users\depthlev\Desktop\droneImages\dataset\depth_20\light_rain\10AM\HighresScreenshot00180_depth_20_light_rain_10AM.png,C:\Users\depthlev\Desktop\droneImages\dataset\depth_20\light_rain\10AM\HighresScreenshot00180_depth_20_light_rain_10AM.txt,excluded_problematic_folder
5724,C:\Users\depthlev\Desktop\droneImages\dataset\depth_20\light_rain\10AM\HighresScreenshot00181_depth_20_light_rain_10AM.png,C:\Users\depthlev\Desktop\droneImages\dataset\depth_20\light_rain\10AM\HighresScreenshot00181_depth_20_light_rain_10AM.txt,excluded_problematic_folder
5725,C:\Users\depthlev\Desktop\droneImages\dataset\depth_20\light_rain\10AM\HighresScreenshot00182_depth_20_light_rain_10AM.png,C:\Users\depthlev\Desktop\droneImages\dataset\depth_20\light_rain\10AM\HighresScreenshot00182_depth_20_light_rain_10AM.txt,excluded_problematic_folder
5726,C:\Users\depthlev\Desktop\droneImages\dataset\depth_20\light_rain\10AM\HighresScreenshot00183_depth_20_light_rain_10AM.png,C:\Users\depthlev\Desktop\droneImages\dataset\depth_20\light_rain\10AM\HighresScreenshot00183_depth_20_light_rain_10AM.txt,excluded_problematic_folder
5727,C:\Users\depthlev\Desktop\droneImages\dataset\depth_20\light_rain\10AM\HighresScreenshot00184_depth_20_light_rain_10AM.png,C:\Users\depthlev\Desktop\droneImages\dataset\depth_20\light_rain\10AM\HighresScreenshot00184_depth_20_light_rain_10AM.txt,excluded_problematic_folder
5728,C:\Users\depthlev\Desktop\droneImages\dataset\depth_20\light_rain\10AM\HighresScreenshot00185_depth_20_light_rain_10AM.png,C:\Users\depthlev\Desktop\droneImages\dataset\depth_20\light_rain\10AM\HighresScreenshot00185_depth_20_light_rain_10AM.txt,excluded_problematic_folder
5729,C:\Users\depthlev\Desktop\droneImages\dataset\depth_20\light_rain\10AM\HighresScreenshot00186_depth_20_light_rain_10AM.png,C:\Users\depthlev\Desktop\droneImages\dataset\depth_20\light_rain\10AM\HighresScreenshot00186_depth_20_light_rain_10AM.txt,excluded_problematic_folder
5730,C:\Users\depthlev\Desktop\droneImages\dataset\depth_20\light_rain\10AM\HighresScreenshot00187_depth_20_light_rain_10AM.png,C:\Users\depthlev\Desktop\droneImages\dataset\depth_20\light_rain\10AM\HighresScreenshot00187_depth_20_light_rain_10AM.txt,excluded_problematic_folder
5731,C:\Users\depthlev\Desktop\droneImages\dataset\depth_20\light_rain\10AM\HighresScreenshot00188_depth_20_light_rain_10AM.png,C:\Users\depthlev\Desktop\droneImages\dataset\depth_20\light_rain\10AM\HighresScreenshot00188_depth_20_light_rain_10AM.txt,excluded_problematic_folder
5732,C:\Users\depthlev\Desktop\droneImages\dataset\depth_20\light_rain\10AM\HighresScreenshot00189_depth_20_light_rain_10AM.png,C:\Users\depthlev\Desktop\droneImages\dataset\depth_20\light_rain\10AM\HighresScreenshot00189_depth_20_light_rain_10AM.txt,excluded_problematic_folder
5733,C:\Users\depthlev\Desktop\droneImages\dataset\depth_20\light_rain\10AM\HighresScreenshot00190_depth_20_light_rain_10AM.png,C:\Users\depthlev\Desktop\droneImages\dataset\depth_20\light_rain\10AM\HighresScreenshot00190_depth_20_light_rain_10AM.txt,excluded_problematic_folder
5734,C:\Users\depthlev\Desktop\droneImages\dataset\depth_20\light_rain\10AM\HighresScreenshot00191_depth_20_light_rain_10AM.png,C:\Users\depthlev\Desktop\droneImages\dataset\depth_20\light_rain\10AM\HighresScreenshot00191_depth_20_light_rain_10AM.txt,excluded_problematic_folder
5735,C:\Users\depthlev\Desktop\droneImages\dataset\depth_20\light_rain\10AM\HighresScreenshot00192_depth_20_light_rain_10AM.png,C:\Users\depthlev\Desktop\droneImages\dataset\depth_20\light_rain\10AM\HighresScreenshot00192_depth_20_light_rain_10AM.txt,excluded_problematic_folder
5736,C:\Users\depthlev\Desktop\droneImages\dataset\depth_20\light_rain\10AM\HighresScreenshot00195_depth_20_light_rain_10AM.png,C:\Users\depthlev\Desktop\droneImages\dataset\depth_20\light_rain\10AM\HighresScreenshot00195_depth_20_light_rain_10AM.txt,excluded_problematic_folder
5737,C:\Users\depthlev\Desktop\droneImages\dataset\depth_20\light_rain\10AM\HighresScreenshot00196_depth_20_light_rain_10AM.png,C:\Users\depthlev\Desktop\droneImages\dataset\depth_20\light_rain\10AM\HighresScreenshot00196_depth_20_light_rain_10AM.txt,excluded_problematic_folder
5738,C:\Users\depthlev\Desktop\droneImages\dataset\depth_20\light_rain\10AM\HighresScreenshot00197_depth_20_light_rain_10AM.png,C:\Users\depthlev\Desktop\droneImages\dataset\depth_20\light_rain\10AM\HighresScreenshot00197_depth_20_light_rain_10AM.txt,excluded_problematic_folder
5739,C:\Users\depthlev\Desktop\droneImages\dataset\depth_20\light_rain\10AM\HighresScreenshot00198_depth_20_light_rain_10AM.png,C:\Users\depthlev\Desktop\droneImages\dataset\depth_20\light_rain\10AM\HighresScreenshot00198_depth_20_light_rain_10AM.txt,excluded_problematic_folder
5740,C:\Users\depthlev\Desktop\droneImages\dataset\depth_20\light_rain\10AM\HighresScreenshot00199_depth_20_light_rain_10AM.png,C:\Users\depthlev\Desktop\droneImages\dataset\depth_20\light_rain\10AM\HighresScreenshot00199_depth_20_light_rain_10AM.txt,excluded_problematic_folder
5741,C:\Users\depthlev\Desktop\droneImages\dataset\depth_20\light_rain\10AM\HighresScreenshot00200_depth_20_light_rain_10AM.png,C:\Users\depthlev\Desktop\droneImages\dataset\depth_20\light_rain\10AM\HighresScreenshot00200_depth_20_light_rain_10AM.txt,excluded_problematic_folder
5742,C:\Users\depthlev\Desktop\droneImages\dataset\depth_20\light_rain\10AM\HighresScreenshot00201_depth_20_light_rain_10AM.png,C:\Users\depthlev\Desktop\droneImages\dataset\depth_20\light_rain\10AM\HighresScreenshot00201_depth_20_light_rain_10AM.txt,excluded_problematic_folder
5743,C:\Users\depthlev\Desktop\droneImages\dataset\depth_20\light_rain\10AM\HighresScreenshot00202_depth_20_light_rain_10AM.png,C:\Users\depthlev\Desktop\droneImages\dataset\depth_20\light_rain\10AM\HighresScreenshot00202_depth_20_light_rain_10AM.txt,excluded_problematic_folder
5744,C:\Users\depthlev\Desktop\droneImages\dataset\depth_20\light_rain\10AM\HighresScreenshot00203_depth_20_light_rain_10AM.png,C:\Users\depthlev\Desktop\droneImages\dataset\depth_20\light_rain\10AM\HighresScreenshot00203_depth_20_light_rain_10AM.txt,excluded_problematic_folder
5745,C:\Users\depthlev\Desktop\droneImages\dataset\depth_20\light_rain\10AM\HighresScreenshot00204_depth_20_light_rain_10AM.png,C:\Users\depthlev\Desktop\droneImages\dataset\depth_20\light_rain\10AM\HighresScreenshot00204_depth_20_light_rain_10AM.txt,excluded_problematic_folder
5746,C:\Users\depthlev\Desktop\droneImages\dataset\depth_20\light_rain\10AM\HighresScreenshot00205_depth_20_light_rain_10AM.png,C:\Users\depthlev\Desktop\droneImages\dataset\depth_20\light_rain\10AM\HighresScreenshot00205_depth_20_light_rain_10AM.txt,excluded_problematic_folder
5747,C:\Users\depthlev\Desktop\droneImages\dataset\depth_20\light_rain\10AM\HighresScreenshot00206_depth_20_light_rain_10AM.png,C:\Users\depthlev\Desktop\droneImages\dataset\depth_20\light_rain\10AM\HighresScreenshot00206_depth_20_light_rain_10AM.txt,excluded_problematic_folder
5748,C:\Users\depthlev\Desktop\droneImages\dataset\depth_20\light_rain\10AM\HighresScreenshot00207_depth_20_light_rain_10AM.png,C:\Users\depthlev\Desktop\droneImages\dataset\depth_20\light_rain\10AM\HighresScreenshot00207_depth_20_light_rain_10AM.txt,excluded_problematic_folder
5749,C:\Users\depthlev\Desktop\droneImages\dataset\depth_20\light_rain\10AM\HighresScreenshot00208_depth_20_light_rain_10AM.png,C:\Users\depthlev\Desktop\droneImages\dataset\depth_20\light_rain\10AM\HighresScreenshot00208_depth_20_light_rain_10AM.txt,excluded_problematic_folder
5750,C:\Users\depthlev\Desktop\droneImages\dataset\depth_20\light_rain\10AM\HighresScreenshot00209_depth_20_light_rain_10AM.png,C:\Users\depthlev\Desktop\droneImages\dataset\depth_20\light_rain\10AM\HighresScreenshot00209_depth_20_light_rain_10AM.txt,excluded_problematic_folder
5751,C:\Users\depthlev\Desktop\droneImages\dataset\depth_20\light_rain\10AM\HighresScreenshot00210_depth_20_light_rain_10AM.png,C:\Users\depthlev\Desktop\droneImages\dataset\depth_20\light_rain\10AM\HighresScreenshot00210_depth_20_light_rain_10AM.txt,excluded_problematic_folder
5752,C:\Users\depthlev\Desktop\droneImages\dataset\depth_20\light_rain\10AM\HighresScreenshot00211_depth_20_light_rain_10AM.png,C:\Users\depthlev\Desktop\droneImages\dataset\depth_20\light_rain\10AM\HighresScreenshot00211_depth_20_light_rain_10AM.txt,excluded_problematic_folder
5753,C:\Users\depthlev\Desktop\droneImages\dataset\depth_20\light_rain\10AM\HighresScreenshot00212_depth_20_light_rain_10AM.png,C:\Users\depthlev\Desktop\droneImages\dataset\depth_20\light_rain\10AM\HighresScreenshot00212_depth_20_light_rain_10AM.txt,excluded_problematic_folder
5754,C:\Users\depthlev\Desktop\droneImages\dataset\depth_20\light_rain\10AM\HighresScreenshot00213_depth_20_light_rain_10AM.png,C:\Users\depthlev\Desktop\droneImages\dataset\depth_20\light_rain\10AM\HighresScreenshot00213_depth_20_light_rain_10AM.txt,excluded_problematic_folder
5755,C:\Users\depthlev\Desktop\droneImages\dataset\depth_20\light_rain\10AM\HighresScreenshot00214_depth_20_light_rain_10AM.png,C:\Users\depthlev\Desktop\droneImages\dataset\depth_20\light_rain\10AM\HighresScreenshot00214_depth_20_light_rain_10AM.txt,excluded_problematic_folder
5756,C:\Users\depthlev\Desktop\droneImages\dataset\depth_20\light_rain\10AM\HighresScreenshot00215_depth_20_light_rain_10AM.png,C:\Users\depthlev\Desktop\droneImages\dataset\depth_20\light_rain\10AM\HighresScreenshot00215_depth_20_light_rain_10AM.txt,excluded_problematic_folder
5757,C:\Users\depthlev\Desktop\droneImages\dataset\depth_20\light_rain\10AM\HighresScreenshot00216_depth_20_light_rain_10AM.png,C:\Users\depthlev\Desktop\droneImages\dataset\depth_20\light_rain\10AM\HighresScreenshot00216_depth_20_light_rain_10AM.txt,excluded_problematic_folder
5758,C:\Users\depthlev\Desktop\droneImages\dataset\depth_20\light_rain\10AM\HighresScreenshot00217_depth_20_light_rain_10AM.png,C:\Users\depthlev\Desktop\droneImages\dataset\depth_20\light_rain\10AM\HighresScreenshot00217_depth_20_light_rain_10AM.txt,excluded_problematic_folder
5759,C:\Users\depthlev\Desktop\droneImages\dataset\depth_20\light_rain\10AM\HighresScreenshot00218_depth_20_light_rain_10AM.png,C:\Users\depthlev\Desktop\droneImages\dataset\depth_20\light_rain\10AM\HighresScreenshot00218_depth_20_light_rain_10AM.txt,excluded_problematic_folder
5760,C:\Users\depthlev\Desktop\droneImages\dataset\depth_20\light_rain\10AM\HighresScreenshot00219_depth_20_light_rain_10AM.png,C:\Users\depthlev\Desktop\droneImages\dataset\depth_20\light_rain\10AM\HighresScreenshot00219_depth_20_light_rain_10AM.txt,excluded_problematic_folder
5761,C:\Users\depthlev\Desktop\droneImages\dataset\depth_20\light_rain\10AM\HighresScreenshot00220_depth_20_light_rain_10AM.png,C:\Users\depthlev\Desktop\droneImages\dataset\depth_20\light_rain\10AM\HighresScreenshot00220_depth_20_light_rain_10AM.txt,excluded_problematic_folder
5762,C:\Users\depthlev\Desktop\droneImages\dataset\depth_20\light_rain\10AM\HighresScreenshot00221_depth_20_light_rain_10AM.png,C:\Users\depthlev\Desktop\droneImages\dataset\depth_20\light_rain\10AM\HighresScreenshot00221_depth_20_light_rain_10AM.txt,excluded_problematic_folder
5763,C:\Users\depthlev\Desktop\droneImages\dataset\depth_20\light_rain\10AM\HighresScreenshot00222_depth_20_light_rain_10AM.png,C:\Users\depthlev\Desktop\droneImages\dataset\depth_20\light_rain\10AM\HighresScreenshot00222_depth_20_light_rain_10AM.txt,excluded_problematic_folder
5764,C:\Users\depthlev\Desktop\droneImages\dataset\depth_20\light_rain\10AM\HighresScreenshot00223_depth_20_light_rain_10AM.png,C:\Users\depthlev\Desktop\droneImages\dataset\depth_20\light_rain\10AM\HighresScreenshot00223_depth_20_light_rain_10AM.txt,excluded_problematic_folder
5765,C:\Users\depthlev\Desktop\droneImages\dataset\depth_20\light_rain\10AM\HighresScreenshot00224_depth_20_light_rain_10AM.png,C:\Users\depthlev\Desktop\droneImages\dataset\depth_20\light_rain\10AM\HighresScreenshot00224_depth_20_light_rain_10AM.txt,excluded_problematic_folder
5766,C:\Users\depthlev\Desktop\droneImages\dataset\depth_20\light_rain\10AM\HighresScreenshot00225_depth_20_light_rain_10AM.png,C:\Users\depthlev\Desktop\droneImages\dataset\depth_20\light_rain\10AM\HighresScreenshot00225_depth_20_light_rain_10AM.txt,excluded_problematic_folder
5767,C:\Users\depthlev\Desktop\droneImages\dataset\depth_20\light_rain\10AM\HighresScreenshot00226_depth_20_light_rain_10AM.png,C:\Users\depthlev\Desktop\droneImages\dataset\depth_20\light_rain\10AM\HighresScreenshot00226_depth_20_light_rain_10AM.txt,excluded_problematic_folder
5768,C:\Users\depthlev\Desktop\droneImages\dataset\depth_20\light_rain\10AM\HighresScreenshot00227_depth_20_light_rain_10AM.png,C:\Users\depthlev\Desktop\droneImages\dataset\depth_20\light_rain\10AM\HighresScreenshot00227_depth_20_light_rain_10AM.txt,excluded_problematic_folder
5769,C:\Users\depthlev\Desktop\droneImages\dataset\depth_20\light_rain\10AM\HighresScreenshot00228_depth_20_light_rain_10AM.png,C:\Users\depthlev\Desktop\droneImages\dataset\depth_20\light_rain\10AM\HighresScreenshot00228_depth_20_light_rain_10AM.txt,excluded_problematic_folder
5770,C:\Users\depthlev\Desktop\droneImages\dataset\depth_20\light_rain\10AM\HighresScreenshot00229_depth_20_light_rain_10AM.png,C:\Users\depthlev\Desktop\droneImages\dataset\depth_20\light_rain\10AM\HighresScreenshot00229_depth_20_light_rain_10AM.txt,excluded_problematic_folder
5771,C:\Users\depthlev\Desktop\droneImages\dataset\depth_20\light_rain\10AM\HighresScreenshot00230_depth_20_light_rain_10AM.png,C:\Users\depthlev\Desktop\droneImages\dataset\depth_20\light_rain\10AM\HighresScreenshot00230_depth_20_light_rain_10AM.txt,excluded_problematic_folder
5772,C:\Users\depthlev\Desktop\droneImages\dataset\depth_20\light_rain\10AM\HighresScreenshot00231_depth_20_light_rain_10AM.png,C:\Users\depthlev\Desktop\droneImages\dataset\depth_20\light_rain\10AM\HighresScreenshot00231_depth_20_light_rain_10AM.txt,excluded_problematic_folder
5773,C:\Users\depthlev\Desktop\droneImages\dataset\depth_20\light_rain\10AM\HighresScreenshot00232_depth_20_light_rain_10AM.png,C:\Users\depthlev\Desktop\droneImages\dataset\depth_20\light_rain\10AM\HighresScreenshot00232_depth_20_light_rain_10AM.txt,excluded_problematic_folder
5774,C:\Users\depthlev\Desktop\droneImages\dataset\depth_20\light_rain\10AM\HighresScreenshot00233_depth_20_light_rain_10AM.png,C:\Users\depthlev\Desktop\droneImages\dataset\depth_20\light_rain\10AM\HighresScreenshot00233_depth_20_light_rain_10AM.txt,excluded_problematic_folder
5775,C:\Users\depthlev\Desktop\droneImages\dataset\depth_20\light_rain\10AM\HighresScreenshot00234_depth_20_light_rain_10AM.png,C:\Users\depthlev\Desktop\droneImages\dataset\depth_20\light_rain\10AM\HighresScreenshot00234_depth_20_light_rain_10AM.txt,excluded_problematic_folder
5776,C:\Users\depthlev\Desktop\droneImages\dataset\depth_20\light_rain\10AM\HighresScreenshot00235_depth_20_light_rain_10AM.png,C:\Users\depthlev\Desktop\droneImages\dataset\depth_20\light_rain\10AM\HighresScreenshot00235_depth_20_light_rain_10AM.txt,excluded_problematic_folder
5777,C:\Users\depthlev\Desktop\droneImages\dataset\depth_20\light_rain\10AM\HighresScreenshot00236_depth_20_light_rain_10AM.png,C:\Users\depthlev\Desktop\droneImages\dataset\depth_20\light_rain\10AM\HighresScreenshot00236_depth_20_light_rain_10AM.txt,excluded_problematic_folder
5778,C:\Users\depthlev\Desktop\droneImages\dataset\depth_20\light_rain\10AM\HighresScreenshot00237_depth_20_light_rain_10AM.png,C:\Users\depthlev\Desktop\droneImages\dataset\depth_20\light_rain\10AM\HighresScreenshot00237_depth_20_light_rain_10AM.txt,excluded_problematic_folder
5779,C:\Users\depthlev\Desktop\droneImages\dataset\depth_20\light_rain\10AM\HighresScreenshot00238_depth_20_light_rain_10AM.png,C:\Users\depthlev\Desktop\droneImages\dataset\depth_20\light_rain\10AM\HighresScreenshot00238_depth_20_light_rain_10AM.txt,excluded_problematic_folder
5780,C:\Users\depthlev\Desktop\droneImages\dataset\depth_20\light_rain\10AM\HighresScreenshot00239_depth_20_light_rain_10AM.png,C:\Users\depthlev\Desktop\droneImages\dataset\depth_20\light_rain\10AM\HighresScreenshot00239_depth_20_light_rain_10AM.txt,excluded_problematic_folder
5781,C:\Users\depthlev\Desktop\droneImages\dataset\depth_20\light_rain\10AM\HighresScreenshot00240_depth_20_light_rain_10AM.png,C:\Users\depthlev\Desktop\droneImages\dataset\depth_20\light_rain\10AM\HighresScreenshot00240_depth_20_light_rain_10AM.txt,excluded_problematic_folder
5782,C:\Users\depthlev\Desktop\droneImages\dataset\depth_20\light_rain\10AM\HighresScreenshot00241_depth_20_light_rain_10AM.png,C:\Users\depthlev\Desktop\droneImages\dataset\depth_20\light_rain\10AM\HighresScreenshot00241_depth_20_light_rain_10AM.txt,excluded_problematic_folder
5783,C:\Users\depthlev\Desktop\droneImages\dataset\depth_20\light_rain\10AM\HighresScreenshot00242_depth_20_light_rain_10AM.png,C:\Users\depthlev\Desktop\droneImages\dataset\depth_20\light_rain\10AM\HighresScreenshot00242_depth_20_light_rain_10AM.txt,excluded_problematic_folder
5784,C:\Users\depthlev\Desktop\droneImages\dataset\depth_20\light_rain\10AM\HighresScreenshot00243_depth_20_light_rain_10AM.png,C:\Users\depthlev\Desktop\droneImages\dataset\depth_20\light_rain\10AM\HighresScreenshot00243_depth_20_light_rain_10AM.txt,excluded_problematic_folder
5785,C:\Users\depthlev\Desktop\droneImages\dataset\depth_20\light_rain\10AM\HighresScreenshot00244_depth_20_light_rain_10AM.png,C:\Users\depthlev\Desktop\droneImages\dataset\depth_20\light_rain\10AM\HighresScreenshot00244_depth_20_light_rain_10AM.txt,excluded_problematic_folder
5786,C:\Users\depthlev\Desktop\droneImages\dataset\depth_20\light_rain\10AM\HighresScreenshot00245_depth_20_light_rain_10AM.png,C:\Users\depthlev\Desktop\droneImages\dataset\depth_20\light_rain\10AM\HighresScreenshot00245_depth_20_light_rain_10AM.txt,excluded_problematic_folder
5787,C:\Users\depthlev\Desktop\droneImages\dataset\depth_20\light_rain\10AM\HighresScreenshot00246_depth_20_light_rain_10AM.png,C:\Users\depthlev\Desktop\droneImages\dataset\depth_20\light_rain\10AM\HighresScreenshot00246_depth_20_light_rain_10AM.txt,excluded_problematic_folder
5788,C:\Users\depthlev\Desktop\droneImages\dataset\depth_20\light_rain\10AM\HighresScreenshot00247_depth_20_light_rain_10AM.png,C:\Users\depthlev\Desktop\droneImages\dataset\depth_20\light_rain\10AM\HighresScreenshot00247_depth_20_light_rain_10AM.txt,excluded_problematic_folder
5789,C:\Users\depthlev\Desktop\droneImages\dataset\depth_20\light_rain\10AM\HighresScreenshot00248_depth_20_light_rain_10AM.png,C:\Users\depthlev\Desktop\droneImages\dataset\depth_20\light_rain\10AM\HighresScreenshot00248_depth_20_light_rain_10AM.txt,excluded_problematic_folder
5790,C:\Users\depthlev\Desktop\droneImages\dataset\depth_20\light_rain\10AM\HighresScreenshot00249_depth_20_light_rain_10AM.png,C:\Users\depthlev\Desktop\droneImages\dataset\depth_20\light_rain\10AM\HighresScreenshot00249_depth_20_light_rain_10AM.txt,excluded_problematic_folder
5791,C:\Users\depthlev\Desktop\droneImages\dataset\depth_20\light_rain\10AM\HighresScreenshot00250_depth_20_light_rain_10AM.png,C:\Users\depthlev\Desktop\droneImages\dataset\depth_20\light_rain\10AM\HighresScreenshot00250_depth_20_light_rain_10AM.txt,excluded_problematic_folder
5792,C:\Users\depthlev\Desktop\droneImages\dataset\depth_20\light_rain\10AM\HighresScreenshot00251_depth_20_light_rain_10AM.png,C:\Users\depthlev\Desktop\droneImages\dataset\depth_20\light_rain\10AM\HighresScreenshot00251_depth_20_light_rain_10AM.txt,excluded_problematic_folder
5793,C:\Users\depthlev\Desktop\droneImages\dataset\depth_20\light_rain\10AM\HighresScreenshot00252_depth_20_light_rain_10AM.png,C:\Users\depthlev\Desktop\droneImages\dataset\depth_20\light_rain\10AM\HighresScreenshot00252_depth_20_light_rain_10AM.txt,excluded_problematic_folder
5794,C:\Users\depthlev\Desktop\droneImages\dataset\depth_20\light_rain\10AM\HighresScreenshot00253_depth_20_light_rain_10AM.png,C:\Users\depthlev\Desktop\droneImages\dataset\depth_20\light_rain\10AM\HighresScreenshot00253_depth_20_light_rain_10AM.txt,excluded_problematic_folder
5795,C:\Users\depthlev\Desktop\droneImages\dataset\depth_20\light_rain\10AM\HighresScreenshot00254_depth_20_light_rain_10AM.png,C:\Users\depthlev\Desktop\droneImages\dataset\depth_20\light_rain\10AM\HighresScreenshot00254_depth_20_light_rain_10AM.txt,excluded_problematic_folder
5796,C:\Users\depthlev\Desktop\droneImages\dataset\depth_20\light_rain\10AM\HighresScreenshot00255_depth_20_light_rain_10AM.png,C:\Users\depthlev\Desktop\droneImages\dataset\depth_20\light_rain\10AM\HighresScreenshot00255_depth_20_light_rain_10AM.txt,excluded_problematic_folder
5797,C:\Users\depthlev\Desktop\droneImages\dataset\depth_20\light_rain\10AM\HighresScreenshot00256_depth_20_light_rain_10AM.png,C:\Users\depthlev\Desktop\droneImages\dataset\depth_20\light_rain\10AM\HighresScreenshot00256_depth_20_light_rain_10AM.txt,excluded_problematic_folder
5798,C:\Users\depthlev\Desktop\droneImages\dataset\depth_20\light_rain\10AM\HighresScreenshot00257_depth_20_light_rain_10AM.png,C:\Users\depthlev\Desktop\droneImages\dataset\depth_20\light_rain\10AM\HighresScreenshot00257_depth_20_light_rain_10AM.txt,excluded_problematic_folder
5799,C:\Users\depthlev\Desktop\droneImages\dataset\depth_20\light_rain\10AM\HighresScreenshot00258_depth_20_light_rain_10AM.png,C:\Users\depthlev\Desktop\droneImages\dataset\depth_20\light_rain\10AM\HighresScreenshot00258_depth_20_light_rain_10AM.txt,excluded_problematic_folder
5800,C:\Users\depthlev\Desktop\droneImages\dataset\depth_20\light_rain\10AM\HighresScreenshot00259_depth_20_light_rain_10AM.png,C:\Users\depthlev\Desktop\droneImages\dataset\depth_20\light_rain\10AM\HighresScreenshot00259_depth_20_light_rain_10AM.txt,excluded_problematic_folder
5801,C:\Users\depthlev\Desktop\droneImages\dataset\depth_20\light_rain\10AM\HighresScreenshot00260_depth_20_light_rain_10AM.png,C:\Users\depthlev\Desktop\droneImages\dataset\depth_20\light_rain\10AM\HighresScreenshot00260_depth_20_light_rain_10AM.txt,excluded_problematic_folder
5802,C:\Users\depthlev\Desktop\droneImages\dataset\depth_20\light_rain\10AM\HighresScreenshot00261_depth_20_light_rain_10AM.png,C:\Users\depthlev\Desktop\droneImages\dataset\depth_20\light_rain\10AM\HighresScreenshot00261_depth_20_light_rain_10AM.txt,excluded_problematic_folder
5803,C:\Users\depthlev\Desktop\droneImages\dataset\depth_20\light_rain\10AM\HighresScreenshot00262_depth_20_light_rain_10AM.png,C:\Users\depthlev\Desktop\droneImages\dataset\depth_20\light_rain\10AM\HighresScreenshot00262_depth_20_light_rain_10AM.txt,excluded_problematic_folder
5804,C:\Users\depthlev\Desktop\droneImages\dataset\depth_20\light_rain\10AM\HighresScreenshot00263_depth_20_light_rain_10AM.png,C:\Users\depthlev\Desktop\droneImages\dataset\depth_20\light_rain\10AM\HighresScreenshot00263_depth_20_light_rain_10AM.txt,excluded_problematic_folder
5805,C:\Users\depthlev\Desktop\droneImages\dataset\depth_20\light_rain\10AM\HighresScreenshot00264_depth_20_light_rain_10AM.png,C:\Users\depthlev\Desktop\droneImages\dataset\depth_20\light_rain\10AM\HighresScreenshot00264_depth_20_light_rain_10AM.txt,excluded_problematic_folder
5806,C:\Users\depthlev\Desktop\droneImages\dataset\depth_20\light_rain\10AM\HighresScreenshot00265_depth_20_light_rain_10AM.png,C:\Users\depthlev\Desktop\droneImages\dataset\depth_20\light_rain\10AM\HighresScreenshot00265_depth_20_light_rain_10AM.txt,excluded_problematic_folder
5807,C:\Users\depthlev\Desktop\droneImages\dataset\depth_20\light_rain\10AM\HighresScreenshot00266_depth_20_light_rain_10AM.png,C:\Users\depthlev\Desktop\droneImages\dataset\depth_20\light_rain\10AM\HighresScreenshot00266_depth_20_light_rain_10AM.txt,excluded_problematic_folder
5808,C:\Users\depthlev\Desktop\droneImages\dataset\depth_20\light_rain\10AM\HighresScreenshot00267_depth_20_light_rain_10AM.png,C:\Users\depthlev\Desktop\droneImages\dataset\depth_20\light_rain\10AM\HighresScreenshot00267_depth_20_light_rain_10AM.txt,excluded_problematic_folder
5809,C:\Users\depthlev\Desktop\droneImages\dataset\depth_20\light_rain\10AM\HighresScreenshot00268_depth_20_light_rain_10AM.png,C:\Users\depthlev\Desktop\droneImages\dataset\depth_20\light_rain\10AM\HighresScreenshot00268_depth_20_light_rain_10AM.txt,excluded_problematic_folder
5810,C:\Users\depthlev\Desktop\droneImages\dataset\depth_20\light_rain\10AM\HighresScreenshot00269_depth_20_light_rain_10AM.png,C:\Users\depthlev\Desktop\droneImages\dataset\depth_20\light_rain\10AM\HighresScreenshot00269_depth_20_light_rain_10AM.txt,excluded_problematic_folder
5811,C:\Users\depthlev\Desktop\droneImages\dataset\depth_20\light_rain\10AM\HighresScreenshot00270_depth_20_light_rain_10AM.png,C:\Users\depthlev\Desktop\droneImages\dataset\depth_20\light_rain\10AM\HighresScreenshot00270_depth_20_light_rain_10AM.txt,excluded_problematic_folder
5812,C:\Users\depthlev\Desktop\droneImages\dataset\depth_20\light_rain\10AM\HighresScreenshot00271_depth_20_light_rain_10AM.png,C:\Users\depthlev\Desktop\droneImages\dataset\depth_20\light_rain\10AM\HighresScreenshot00271_depth_20_light_rain_10AM.txt,excluded_problematic_folder
5813,C:\Users\depthlev\Desktop\droneImages\dataset\depth_20\light_rain\10AM\HighresScreenshot00272_depth_20_light_rain_10AM.png,C:\Users\depthlev\Desktop\droneImages\dataset\depth_20\light_rain\10AM\HighresScreenshot00272_depth_20_light_rain_10AM.txt,excluded_problematic_folder
5814,C:\Users\depthlev\Desktop\droneImages\dataset\depth_20\light_rain\10AM\HighresScreenshot00273_depth_20_light_rain_10AM.png,C:\Users\depthlev\Desktop\droneImages\dataset\depth_20\light_rain\10AM\HighresScreenshot00273_depth_20_light_rain_10AM.txt,excluded_problematic_folder
5815,C:\Users\depthlev\Desktop\droneImages\dataset\depth_20\light_rain\10AM\HighresScreenshot00274_depth_20_light_rain_10AM.png,C:\Users\depthlev\Desktop\droneImages\dataset\depth_20\light_rain\10AM\HighresScreenshot00274_depth_20_light_rain_10AM.txt,excluded_problematic_folder
5816,C:\Users\depthlev\Desktop\droneImages\dataset\depth_20\light_rain\10AM\HighresScreenshot00275_depth_20_light_rain_10AM.png,C:\Users\depthlev\Desktop\droneImages\dataset\depth_20\light_rain\10AM\HighresScreenshot00275_depth_20_light_rain_10AM.txt,excluded_problematic_folder
5817,C:\Users\depthlev\Desktop\droneImages\dataset\depth_20\light_rain\10AM\HighresScreenshot00276_depth_20_light_rain_10AM.png,C:\Users\depthlev\Desktop\droneImages\dataset\depth_20\light_rain\10AM\HighresScreenshot00276_depth_20_light_rain_10AM.txt,excluded_problematic_folder
5818,C:\Users\depthlev\Desktop\droneImages\dataset\depth_20\light_rain\10AM\HighresScreenshot00277_depth_20_light_rain_10AM.png,C:\Users\depthlev\Desktop\droneImages\dataset\depth_20\light_rain\10AM\HighresScreenshot00277_depth_20_light_rain_10AM.txt,excluded_problematic_folder
5819,C:\Users\depthlev\Desktop\droneImages\dataset\depth_20\light_rain\10AM\HighresScreenshot00278_depth_20_light_rain_10AM.png,C:\Users\depthlev\Desktop\droneImages\dataset\depth_20\light_rain\10AM\HighresScreenshot00278_depth_20_light_rain_10AM.txt,excluded_problematic_folder
5820,C:\Users\depthlev\Desktop\droneImages\dataset\depth_20\light_rain\10AM\HighresScreenshot00279_depth_20_light_rain_10AM.png,C:\Users\depthlev\Desktop\droneImages\dataset\depth_20\light_rain\10AM\HighresScreenshot00279_depth_20_light_rain_10AM.txt,excluded_problematic_folder
5821,C:\Users\depthlev\Desktop\droneImages\dataset\depth_20\light_rain\10AM\HighresScreenshot00280_depth_20_light_rain_10AM.png,C:\Users\depthlev\Desktop\droneImages\dataset\depth_20\light_rain\10AM\HighresScreenshot00280_depth_20_light_rain_10AM.txt,excluded_problematic_folder
5822,C:\Users\depthlev\Desktop\droneImages\dataset\depth_20\light_rain\10AM\HighresScreenshot00281_depth_20_light_rain_10AM.png,C:\Users\depthlev\Desktop\droneImages\dataset\depth_20\light_rain\10AM\HighresScreenshot00281_depth_20_light_rain_10AM.txt,excluded_problematic_folder
5823,C:\Users\depthlev\Desktop\droneImages\dataset\depth_20\light_rain\10AM\HighresScreenshot00282_depth_20_light_rain_10AM.png,C:\Users\depthlev\Desktop\droneImages\dataset\depth_20\light_rain\10AM\HighresScreenshot00282_depth_20_light_rain_10AM.txt,excluded_problematic_folder
5824,C:\Users\depthlev\Desktop\droneImages\dataset\depth_20\light_rain\10AM\HighresScreenshot00283_depth_20_light_rain_10AM.png,C:\Users\depthlev\Desktop\droneImages\dataset\depth_20\light_rain\10AM\HighresScreenshot00283_depth_20_light_rain_10AM.txt,excluded_problematic_folder
5825,C:\Users\depthlev\Desktop\droneImages\dataset\depth_20\light_rain\10AM\HighresScreenshot00284_depth_20_light_rain_10AM.png,C:\Users\depthlev\Desktop\droneImages\dataset\depth_20\light_rain\10AM\HighresScreenshot00284_depth_20_light_rain_10AM.txt,excluded_problematic_folder
5826,C:\Users\depthlev\Desktop\droneImages\dataset\depth_20\light_rain\10AM\HighresScreenshot00285_depth_20_light_rain_10AM.png,C:\Users\depthlev\Desktop\droneImages\dataset\depth_20\light_rain\10AM\HighresScreenshot00285_depth_20_light_rain_10AM.txt,excluded_problematic_folder
5827,C:\Users\depthlev\Desktop\droneImages\dataset\depth_20\light_rain\10AM\HighresScreenshot00286_depth_20_light_rain_10AM.png,C:\Users\depthlev\Desktop\droneImages\dataset\depth_20\light_rain\10AM\HighresScreenshot00286_depth_20_light_rain_10AM.txt,excluded_problematic_folder
5828,C:\Users\depthlev\Desktop\droneImages\dataset\depth_20\light_rain\10AM\HighresScreenshot00287_depth_20_light_rain_10AM.png,C:\Users\depthlev\Desktop\droneImages\dataset\depth_20\light_rain\10AM\HighresScreenshot00287_depth_20_light_rain_10AM.txt,excluded_problematic_folder
5829,C:\Users\depthlev\Desktop\droneImages\dataset\depth_20\light_rain\10AM\HighresScreenshot00288_depth_20_light_rain_10AM.png,C:\Users\depthlev\Desktop\droneImages\dataset\depth_20\light_rain\10AM\HighresScreenshot00288_depth_20_light_rain_10AM.txt,excluded_problematic_folder
5830,C:\Users\depthlev\Desktop\droneImages\dataset\depth_20\light_rain\10AM\HighresScreenshot00289_depth_20_light_rain_10AM.png,C:\Users\depthlev\Desktop\droneImages\dataset\depth_20\light_rain\10AM\HighresScreenshot00289_depth_20_light_rain_10AM.txt,excluded_problematic_folder
5831,C:\Users\depthlev\Desktop\droneImages\dataset\depth_20\light_rain\10AM\HighresScreenshot00290_depth_20_light_rain_10AM.png,C:\Users\depthlev\Desktop\droneImages\dataset\depth_20\light_rain\10AM\HighresScreenshot00290_depth_20_light_rain_10AM.txt,excluded_problematic_folder
5832,C:\Users\depthlev\Desktop\droneImages\dataset\depth_20\light_rain\10AM\HighresScreenshot00291_depth_20_light_rain_10AM.png,C:\Users\depthlev\Desktop\droneImages\dataset\depth_20\light_rain\10AM\HighresScreenshot00291_depth_20_light_rain_10AM.txt,excluded_problematic_folder
5833,C:\Users\depthlev\Desktop\droneImages\dataset\depth_20\light_rain\10AM\HighresScreenshot00292_depth_20_light_rain_10AM.png,C:\Users\depthlev\Desktop\droneImages\dataset\depth_20\light_rain\10AM\HighresScreenshot00292_depth_20_light_rain_10AM.txt,excluded_problematic_folder
5834,C:\Users\depthlev\Desktop\droneImages\dataset\depth_20\light_rain\10AM\HighresScreenshot00293_depth_20_light_rain_10AM.png,C:\Users\depthlev\Desktop\droneImages\dataset\depth_20\light_rain\10AM\HighresScreenshot00293_depth_20_light_rain_10AM.txt,excluded_problematic_folder
5835,C:\Users\depthlev\Desktop\droneImages\dataset\depth_20\light_rain\10AM\HighresScreenshot00294_depth_20_light_rain_10AM.png,C:\Users\depthlev\Desktop\droneImages\dataset\depth_20\light_rain\10AM\HighresScreenshot00294_depth_20_light_rain_10AM.txt,excluded_problematic_folder
5836,C:\Users\depthlev\Desktop\droneImages\dataset\depth_20\light_rain\10AM\HighresScreenshot00295_depth_20_light_rain_10AM.png,C:\Users\depthlev\Desktop\droneImages\dataset\depth_20\light_rain\10AM\HighresScreenshot00295_depth_20_light_rain_10AM.txt,excluded_problematic_folder
5837,C:\Users\depthlev\Desktop\droneImages\dataset\depth_20\light_rain\10AM\HighresScreenshot00296_depth_20_light_rain_10AM.png,C:\Users\depthlev\Desktop\droneImages\dataset\depth_20\light_rain\10AM\HighresScreenshot00296_depth_20_light_rain_10AM.txt,excluded_problematic_folder
5838,C:\Users\depthlev\Desktop\droneImages\dataset\depth_20\light_rain\10AM\HighresScreenshot00297_depth_20_light_rain_10AM.png,C:\Users\depthlev\Desktop\droneImages\dataset\depth_20\light_rain\10AM\HighresScreenshot00297_depth_20_light_rain_10AM.txt,excluded_problematic_folder
5839,C:\Users\depthlev\Desktop\droneImages\dataset\depth_20\light_rain\10AM\HighresScreenshot00298_depth_20_light_rain_10AM.png,C:\Users\depthlev\Desktop\droneImages\dataset\depth_20\light_rain\10AM\HighresScreenshot00298_depth_20_light_rain_10AM.txt,excluded_problematic_folder
5840,C:\Users\depthlev\Desktop\droneImages\dataset\depth_20\light_rain\10AM\HighresScreenshot00299_depth_20_light_rain_10AM.png,C:\Users\depthlev\Desktop\droneImages\dataset\depth_20\light_rain\10AM\HighresScreenshot00299_depth_20_light_rain_10AM.txt,excluded_problematic_folder
5841,C:\Users\depthlev\Desktop\droneImages\dataset\depth_20\light_rain\10AM\HighresScreenshot00300_depth_20_light_rain_10AM.png,C:\Users\depthlev\Desktop\droneImages\dataset\depth_20\light_rain\10AM\HighresScreenshot00300_depth_20_light_rain_10AM.txt,excluded_problematic_folder
5842,C:\Users\depthlev\Desktop\droneImages\dataset\depth_20\light_rain\10AM\HighresScreenshot00301_depth_20_light_rain_10AM.png,C:\Users\depthlev\Desktop\droneImages\dataset\depth_20\light_rain\10AM\HighresScreenshot00301_depth_20_light_rain_10AM.txt,excluded_problematic_folder
5843,C:\Users\depthlev\Desktop\droneImages\dataset\depth_20\light_rain\10AM\HighresScreenshot00302_depth_20_light_rain_10AM.png,C:\Users\depthlev\Desktop\droneImages\dataset\depth_20\light_rain\10AM\HighresScreenshot00302_depth_20_light_rain_10AM.txt,excluded_problematic_folder
5844,C:\Users\depthlev\Desktop\droneImages\dataset\depth_20\light_rain\10AM\HighresScreenshot00303_depth_20_light_rain_10AM.png,C:\Users\depthlev\Desktop\droneImages\dataset\depth_20\light_rain\10AM\HighresScreenshot00303_depth_20_light_rain_10AM.txt,excluded_problematic_folder
5845,C:\Users\depthlev\Desktop\droneImages\dataset\depth_20\light_rain\10AM\HighresScreenshot00304_depth_20_light_rain_10AM.png,C:\Users\depthlev\Desktop\droneImages\dataset\depth_20\light_rain\10AM\HighresScreenshot00304_depth_20_light_rain_10AM.txt,excluded_problematic_folder
5846,C:\Users\depthlev\Desktop\droneImages\dataset\depth_20\light_rain\10AM\HighresScreenshot00305_depth_20_light_rain_10AM.png,C:\Users\depthlev\Desktop\droneImages\dataset\depth_20\light_rain\10AM\HighresScreenshot00305_depth_20_light_rain_10AM.txt,excluded_problematic_folder
5847,C:\Users\depthlev\Desktop\droneImages\dataset\depth_20\light_rain\10AM\HighresScreenshot00306_depth_20_light_rain_10AM.png,C:\Users\depthlev\Desktop\droneImages\dataset\depth_20\light_rain\10AM\HighresScreenshot00306_depth_20_light_rain_10AM.txt,excluded_problematic_folder
5848,C:\Users\depthlev\Desktop\droneImages\dataset\depth_20\light_rain\10AM\HighresScreenshot00307_depth_20_light_rain_10AM.png,C:\Users\depthlev\Desktop\droneImages\dataset\depth_20\light_rain\10AM\HighresScreenshot00307_depth_20_light_rain_10AM.txt,excluded_problematic_folder
5849,C:\Users\depthlev\Desktop\droneImages\dataset\depth_20\light_rain\10AM\HighresScreenshot00308_depth_20_light_rain_10AM.png,C:\Users\depthlev\Desktop\droneImages\dataset\depth_20\light_rain\10AM\HighresScreenshot00308_depth_20_light_rain_10AM.txt,excluded_problematic_folder
5850,C:\Users\depthlev\Desktop\droneImages\dataset\depth_20\light_rain\10AM\HighresScreenshot00309_depth_20_light_rain_10AM.png,C:\Users\depthlev\Desktop\droneImages\dataset\depth_20\light_rain\10AM\HighresScreenshot00309_depth_20_light_rain_10AM.txt,excluded_problematic_folder
5851,C:\Users\depthlev\Desktop\droneImages\dataset\depth_20\light_rain\10AM\HighresScreenshot00310_depth_20_light_rain_10AM.png,C:\Users\depthlev\Desktop\droneImages\dataset\depth_20\light_rain\10AM\HighresScreenshot00310_depth_20_light_rain_10AM.txt,excluded_problematic_folder
5852,C:\Users\depthlev\Desktop\droneImages\dataset\depth_20\light_rain\10AM\HighresScreenshot00311_depth_20_light_rain_10AM.png,C:\Users\depthlev\Desktop\droneImages\dataset\depth_20\light_rain\10AM\HighresScreenshot00311_depth_20_light_rain_10AM.txt,excluded_problematic_folder
5853,C:\Users\depthlev\Desktop\droneImages\dataset\depth_20\light_rain\10AM\HighresScreenshot00312_depth_20_light_rain_10AM.png,C:\Users\depthlev\Desktop\droneImages\dataset\depth_20\light_rain\10AM\HighresScreenshot00312_depth_20_light_rain_10AM.txt,excluded_problematic_folder
5854,C:\Users\depthlev\Desktop\droneImages\dataset\depth_20\light_rain\10AM\HighresScreenshot00313_depth_20_light_rain_10AM.png,C:\Users\depthlev\Desktop\droneImages\dataset\depth_20\light_rain\10AM\HighresScreenshot00313_depth_20_light_rain_10AM.txt,excluded_problematic_folder
5855,C:\Users\depthlev\Desktop\droneImages\dataset\depth_20\light_rain\10AM\HighresScreenshot00314_depth_20_light_rain_10AM.png,C:\Users\depthlev\Desktop\droneImages\dataset\depth_20\light_rain\10AM\HighresScreenshot00314_depth_20_light_rain_10AM.txt,excluded_problematic_folder
5856,C:\Users\depthlev\Desktop\droneImages\dataset\depth_20\light_rain\10AM\HighresScreenshot00315_depth_20_light_rain_10AM.png,C:\Users\depthlev\Desktop\droneImages\dataset\depth_20\light_rain\10AM\HighresScreenshot00315_depth_20_light_rain_10AM.txt,excluded_problematic_folder
5857,C:\Users\depthlev\Desktop\droneImages\dataset\depth_20\light_rain\10AM\HighresScreenshot00316_depth_20_light_rain_10AM.png,C:\Users\depthlev\Desktop\droneImages\dataset\depth_20\light_rain\10AM\HighresScreenshot00316_depth_20_light_rain_10AM.txt,excluded_problematic_folder
5858,C:\Users\depthlev\Desktop\droneImages\dataset\depth_20\light_rain\10AM\HighresScreenshot00317_depth_20_light_rain_10AM.png,C:\Users\depthlev\Desktop\droneImages\dataset\depth_20\light_rain\10AM\HighresScreenshot00317_depth_20_light_rain_10AM.txt,excluded_problematic_folder
5859,C:\Users\depthlev\Desktop\droneImages\dataset\depth_20\light_rain\10AM\HighresScreenshot00318_depth_20_light_rain_10AM.png,C:\Users\depthlev\Desktop\droneImages\dataset\depth_20\light_rain\10AM\HighresScreenshot00318_depth_20_light_rain_10AM.txt,excluded_problematic_folder
5860,C:\Users\depthlev\Desktop\droneImages\dataset\depth_20\light_rain\10AM\HighresScreenshot00319_depth_20_light_rain_10AM.png,C:\Users\depthlev\Desktop\droneImages\dataset\depth_20\light_rain\10AM\HighresScreenshot00319_depth_20_light_rain_10AM.txt,excluded_problematic_folder
5861,C:\Users\depthlev\Desktop\droneImages\dataset\depth_20\light_rain\10AM\HighresScreenshot00320_depth_20_light_rain_10AM.png,C:\Users\depthlev\Desktop\droneImages\dataset\depth_20\light_rain\10AM\HighresScreenshot00320_depth_20_light_rain_10AM.txt,excluded_problematic_folder
5862,C:\Users\depthlev\Desktop\droneImages\dataset\depth_20\light_rain\10AM\HighresScreenshot00321_depth_20_light_rain_10AM.png,C:\Users\depthlev\Desktop\droneImages\dataset\depth_20\light_rain\10AM\HighresScreenshot00321_depth_20_light_rain_10AM.txt,excluded_problematic_folder
5863,C:\Users\depthlev\Desktop\droneImages\dataset\depth_20\light_rain\10AM\HighresScreenshot00322_depth_20_light_rain_10AM.png,C:\Users\depthlev\Desktop\droneImages\dataset\depth_20\light_rain\10AM\HighresScreenshot00322_depth_20_light_rain_10AM.txt,excluded_problematic_folder
5864,C:\Users\depthlev\Desktop\droneImages\dataset\depth_20\light_rain\10AM\HighresScreenshot00323_depth_20_light_rain_10AM.png,C:\Users\depthlev\Desktop\droneImages\dataset\depth_20\light_rain\10AM\HighresScreenshot00323_depth_20_light_rain_10AM.txt,excluded_problematic_folder
5865,C:\Users\depthlev\Desktop\droneImages\dataset\depth_20\light_rain\10AM\HighresScreenshot00324_depth_20_light_rain_10AM.png,C:\Users\depthlev\Desktop\droneImages\dataset\depth_20\light_rain\10AM\HighresScreenshot00324_depth_20_light_rain_10AM.txt,excluded_problematic_folder
5866,C:\Users\depthlev\Desktop\droneImages\dataset\depth_20\light_rain\10AM\HighresScreenshot00325_depth_20_light_rain_10AM.png,C:\Users\depthlev\Desktop\droneImages\dataset\depth_20\light_rain\10AM\HighresScreenshot00325_depth_20_light_rain_10AM.txt,excluded_problematic_folder
5867,C:\Users\depthlev\Desktop\droneImages\dataset\depth_20\light_rain\10AM\HighresScreenshot00326_depth_20_light_rain_10AM.png,C:\Users\depthlev\Desktop\droneImages\dataset\depth_20\light_rain\10AM\HighresScreenshot00326_depth_20_light_rain_10AM.txt,excluded_problematic_folder
5868,C:\Users\depthlev\Desktop\droneImages\dataset\depth_20\light_rain\10AM\HighresScreenshot00327_depth_20_light_rain_10AM.png,C:\Users\depthlev\Desktop\droneImages\dataset\depth_20\light_rain\10AM\HighresScreenshot00327_depth_20_light_rain_10AM.txt,excluded_problematic_folder
5869,C:\Users\depthlev\Desktop\droneImages\dataset\depth_20\light_rain\10AM\HighresScreenshot00328_depth_20_light_rain_10AM.png,C:\Users\depthlev\Desktop\droneImages\dataset\depth_20\light_rain\10AM\HighresScreenshot00328_depth_20_light_rain_10AM.txt,excluded_problematic_folder
5870,C:\Users\depthlev\Desktop\droneImages\dataset\depth_20\light_rain\10AM\HighresScreenshot00329_depth_20_light_rain_10AM.png,C:\Users\depthlev\Desktop\droneImages\dataset\depth_20\light_rain\10AM\HighresScreenshot00329_depth_20_light_rain_10AM.txt,excluded_problematic_folder
5871,C:\Users\depthlev\Desktop\droneImages\dataset\depth_20\light_rain\10AM\HighresScreenshot00330_depth_20_light_rain_10AM.png,C:\Users\depthlev\Desktop\droneImages\dataset\depth_20\light_rain\10AM\HighresScreenshot00330_depth_20_light_rain_10AM.txt,excluded_problematic_folder
5872,C:\Users\depthlev\Desktop\droneImages\dataset\depth_20\light_rain\10AM\HighresScreenshot00331_depth_20_light_rain_10AM.png,C:\Users\depthlev\Desktop\droneImages\dataset\depth_20\light_rain\10AM\HighresScreenshot00331_depth_20_light_rain_10AM.txt,excluded_problematic_folder
5873,C:\Users\depthlev\Desktop\droneImages\dataset\depth_20\light_rain\10AM\HighresScreenshot00332_depth_20_light_rain_10AM.png,C:\Users\depthlev\Desktop\droneImages\dataset\depth_20\light_rain\10AM\HighresScreenshot00332_depth_20_light_rain_10AM.txt,excluded_problematic_folder
5874,C:\Users\depthlev\Desktop\droneImages\dataset\depth_20\light_rain\10AM\HighresScreenshot00333_depth_20_light_rain_10AM.png,C:\Users\depthlev\Desktop\droneImages\dataset\depth_20\light_rain\10AM\HighresScreenshot00333_depth_20_light_rain_10AM.txt,excluded_problematic_folder
5875,C:\Users\depthlev\Desktop\droneImages\dataset\depth_20\light_rain\10AM\HighresScreenshot00334_depth_20_light_rain_10AM.png,C:\Users\depthlev\Desktop\droneImages\dataset\depth_20\light_rain\10AM\HighresScreenshot00334_depth_20_light_rain_10AM.txt,excluded_problematic_folder
5876,C:\Users\depthlev\Desktop\droneImages\dataset\depth_20\light_rain\10AM\HighresScreenshot00335_depth_20_light_rain_10AM.png,C:\Users\depthlev\Desktop\droneImages\dataset\depth_20\light_rain\10AM\HighresScreenshot00335_depth_20_light_rain_10AM.txt,excluded_problematic_folder
5877,C:\Users\depthlev\Desktop\droneImages\dataset\depth_20\light_rain\10AM\HighresScreenshot00336_depth_20_light_rain_10AM.png,C:\Users\depthlev\Desktop\droneImages\dataset\depth_20\light_rain\10AM\HighresScreenshot00336_depth_20_light_rain_10AM.txt,excluded_problematic_folder
5878,C:\Users\depthlev\Desktop\droneImages\dataset\depth_20\light_rain\10AM\HighresScreenshot00337_depth_20_light_rain_10AM.png,C:\Users\depthlev\Desktop\droneImages\dataset\depth_20\light_rain\10AM\HighresScreenshot00337_depth_20_light_rain_10AM.txt,excluded_problematic_folder
5879,C:\Users\depthlev\Desktop\droneImages\dataset\depth_20\light_rain\10AM\HighresScreenshot00338_depth_20_light_rain_10AM.png,C:\Users\depthlev\Desktop\droneImages\dataset\depth_20\light_rain\10AM\HighresScreenshot00338_depth_20_light_rain_10AM.txt,excluded_problematic_folder
5880,C:\Users\depthlev\Desktop\droneImages\dataset\depth_20\light_rain\10AM\HighresScreenshot00339_depth_20_light_rain_10AM.png,C:\Users\depthlev\Desktop\droneImages\dataset\depth_20\light_rain\10AM\HighresScreenshot00339_depth_20_light_rain_10AM.txt,excluded_problematic_folder
5881,C:\Users\depthlev\Desktop\droneImages\dataset\depth_20\light_rain\10AM\HighresScreenshot00340_depth_20_light_rain_10AM.png,C:\Users\depthlev\Desktop\droneImages\dataset\depth_20\light_rain\10AM\HighresScreenshot00340_depth_20_light_rain_10AM.txt,excluded_problematic_folder
5882,C:\Users\depthlev\Desktop\droneImages\dataset\depth_20\light_rain\10AM\HighresScreenshot00341_depth_20_light_rain_10AM.png,C:\Users\depthlev\Desktop\droneImages\dataset\depth_20\light_rain\10AM\HighresScreenshot00341_depth_20_light_rain_10AM.txt,excluded_problematic_folder
5883,C:\Users\depthlev\Desktop\droneImages\dataset\depth_20\light_rain\10AM\HighresScreenshot00342_depth_20_light_rain_10AM.png,C:\Users\depthlev\Desktop\droneImages\dataset\depth_20\light_rain\10AM\HighresScreenshot00342_depth_20_light_rain_10AM.txt,excluded_problematic_folder
5884,C:\Users\depthlev\Desktop\droneImages\dataset\depth_20\light_rain\10AM\HighresScreenshot00343_depth_20_light_rain_10AM.png,C:\Users\depthlev\Desktop\droneImages\dataset\depth_20\light_rain\10AM\HighresScreenshot00343_depth_20_light_rain_10AM.txt,excluded_problematic_folder
5885,C:\Users\depthlev\Desktop\droneImages\dataset\depth_20\light_rain\10AM\HighresScreenshot00344_depth_20_light_rain_10AM.png,C:\Users\depthlev\Desktop\droneImages\dataset\depth_20\light_rain\10AM\HighresScreenshot00344_depth_20_light_rain_10AM.txt,excluded_problematic_folder
5886,C:\Users\depthlev\Desktop\droneImages\dataset\depth_20\light_rain\10AM\HighresScreenshot00345_depth_20_light_rain_10AM.png,C:\Users\depthlev\Desktop\droneImages\dataset\depth_20\light_rain\10AM\HighresScreenshot00345_depth_20_light_rain_10AM.txt,excluded_problematic_folder
5887,C:\Users\depthlev\Desktop\droneImages\dataset\depth_20\light_rain\10AM\HighresScreenshot00346_depth_20_light_rain_10AM.png,C:\Users\depthlev\Desktop\droneImages\dataset\depth_20\light_rain\10AM\HighresScreenshot00346_depth_20_light_rain_10AM.txt,excluded_problematic_folder
5888,C:\Users\depthlev\Desktop\droneImages\dataset\depth_20\light_rain\10AM\HighresScreenshot00347_depth_20_light_rain_10AM.png,C:\Users\depthlev\Desktop\droneImages\dataset\depth_20\light_rain\10AM\HighresScreenshot00347_depth_20_light_rain_10AM.txt,excluded_problematic_folder
5889,C:\Users\depthlev\Desktop\droneImages\dataset\depth_20\light_rain\10AM\HighresScreenshot00348_depth_20_light_rain_10AM.png,C:\Users\depthlev\Desktop\droneImages\dataset\depth_20\light_rain\10AM\HighresScreenshot00348_depth_20_light_rain_10AM.txt,excluded_problematic_folder
5890,C:\Users\depthlev\Desktop\droneImages\dataset\depth_20\light_rain\10AM\HighresScreenshot00349_depth_20_light_rain_10AM.png,C:\Users\depthlev\Desktop\droneImages\dataset\depth_20\light_rain\10AM\HighresScreenshot00349_depth_20_light_rain_10AM.txt,excluded_problematic_folder
5891,C:\Users\depthlev\Desktop\droneImages\dataset\depth_20\light_rain\10AM\HighresScreenshot00350_depth_20_light_rain_10AM.png,C:\Users\depthlev\Desktop\droneImages\dataset\depth_20\light_rain\10AM\HighresScreenshot00350_depth_20_light_rain_10AM.txt,excluded_problematic_folder
5892,C:\Users\depthlev\Desktop\droneImages\dataset\depth_20\light_rain\10AM\HighresScreenshot00351_depth_20_light_rain_10AM.png,C:\Users\depthlev\Desktop\droneImages\dataset\depth_20\light_rain\10AM\HighresScreenshot00351_depth_20_light_rain_10AM.txt,excluded_problematic_folder
5893,C:\Users\depthlev\Desktop\droneImages\dataset\depth_20\light_rain\10AM\HighresScreenshot00352_depth_20_light_rain_10AM.png,C:\Users\depthlev\Desktop\droneImages\dataset\depth_20\light_rain\10AM\HighresScreenshot00352_depth_20_light_rain_10AM.txt,excluded_problematic_folder
5894,C:\Users\depthlev\Desktop\droneImages\dataset\depth_20\light_rain\10AM\HighresScreenshot00353_depth_20_light_rain_10AM.png,C:\Users\depthlev\Desktop\droneImages\dataset\depth_20\light_rain\10AM\HighresScreenshot00353_depth_20_light_rain_10AM.txt,excluded_problematic_folder
5895,C:\Users\depthlev\Desktop\droneImages\dataset\depth_20\light_rain\10AM\HighresScreenshot00354_depth_20_light_rain_10AM.png,C:\Users\depthlev\Desktop\droneImages\dataset\depth_20\light_rain\10AM\HighresScreenshot00354_depth_20_light_rain_10AM.txt,excluded_problematic_folder
5896,C:\Users\depthlev\Desktop\droneImages\dataset\depth_20\light_rain\10AM\HighresScreenshot00355_depth_20_light_rain_10AM.png,C:\Users\depthlev\Desktop\droneImages\dataset\depth_20\light_rain\10AM\HighresScreenshot00355_depth_20_light_rain_10AM.txt,excluded_problematic_folder
5897,C:\Users\depthlev\Desktop\droneImages\dataset\depth_20\light_rain\10AM\HighresScreenshot00356_depth_20_light_rain_10AM.png,C:\Users\depthlev\Desktop\droneImages\dataset\depth_20\light_rain\10AM\HighresScreenshot00356_depth_20_light_rain_10AM.txt,excluded_problematic_folder
5898,C:\Users\depthlev\Desktop\droneImages\dataset\depth_20\light_rain\10AM\HighresScreenshot00357_depth_20_light_rain_10AM.png,C:\Users\depthlev\Desktop\droneImages\dataset\depth_20\light_rain\10AM\HighresScreenshot00357_depth_20_light_rain_10AM.txt,excluded_problematic_folder
5899,C:\Users\depthlev\Desktop\droneImages\dataset\depth_20\light_rain\10AM\HighresScreenshot00358_depth_20_light_rain_10AM.png,C:\Users\depthlev\Desktop\droneImages\dataset\depth_20\light_rain\10AM\HighresScreenshot00358_depth_20_light_rain_10AM.txt,excluded_problematic_folder
5900,C:\Users\depthlev\Desktop\droneImages\dataset\depth_20\light_rain\10AM\HighresScreenshot00359_depth_20_light_rain_10AM.png,C:\Users\depthlev\Desktop\droneImages\dataset\depth_20\light_rain\10AM\HighresScreenshot00359_depth_20_light_rain_10AM.txt,excluded_problematic_folder
5901,C:\Users\depthlev\Desktop\droneImages\dataset\depth_20\light_rain\10AM\HighresScreenshot00360_depth_20_light_rain_10AM.png,C:\Users\depthlev\Desktop\droneImages\dataset\depth_20\light_rain\10AM\HighresScreenshot00360_depth_20_light_rain_10AM.txt,excluded_problematic_folder
5902,C:\Users\depthlev\Desktop\droneImages\dataset\depth_20\light_rain\10AM\HighresScreenshot00361_depth_20_light_rain_10AM.png,C:\Users\depthlev\Desktop\droneImages\dataset\depth_20\light_rain\10AM\HighresScreenshot00361_depth_20_light_rain_10AM.txt,excluded_problematic_folder
5903,C:\Users\depthlev\Desktop\droneImages\dataset\depth_20\light_rain\10AM\HighresScreenshot00362_depth_20_light_rain_10AM.png,C:\Users\depthlev\Desktop\droneImages\dataset\depth_20\light_rain\10AM\HighresScreenshot00362_depth_20_light_rain_10AM.txt,excluded_problematic_folder
5904,C:\Users\depthlev\Desktop\droneImages\dataset\depth_20\light_rain\10AM\HighresScreenshot00363_depth_20_light_rain_10AM.png,C:\Users\depthlev\Desktop\droneImages\dataset\depth_20\light_rain\10AM\HighresScreenshot00363_depth_20_light_rain_10AM.txt,excluded_problematic_folder
5905,C:\Users\depthlev\Desktop\droneImages\dataset\depth_20\light_rain\10AM\HighresScreenshot00364_depth_20_light_rain_10AM.png,C:\Users\depthlev\Desktop\droneImages\dataset\depth_20\light_rain\10AM\HighresScreenshot00364_depth_20_light_rain_10AM.txt,excluded_problematic_folder
5906,C:\Users\depthlev\Desktop\droneImages\dataset\depth_20\light_rain\10AM\HighresScreenshot00365_depth_20_light_rain_10AM.png,C:\Users\depthlev\Desktop\droneImages\dataset\depth_20\light_rain\10AM\HighresScreenshot00365_depth_20_light_rain_10AM.txt,excluded_problematic_folder
5907,C:\Users\depthlev\Desktop\droneImages\dataset\depth_20\light_rain\10AM\HighresScreenshot00366_depth_20_light_rain_10AM.png,C:\Users\depthlev\Desktop\droneImages\dataset\depth_20\light_rain\10AM\HighresScreenshot00366_depth_20_light_rain_10AM.txt,excluded_problematic_folder
5908,C:\Users\depthlev\Desktop\droneImages\dataset\depth_20\light_rain\10AM\HighresScreenshot00367_depth_20_light_rain_10AM.png,C:\Users\depthlev\Desktop\droneImages\dataset\depth_20\light_rain\10AM\HighresScreenshot00367_depth_20_light_rain_10AM.txt,excluded_problematic_folder
5909,C:\Users\depthlev\Desktop\droneImages\dataset\depth_20\light_rain\10AM\HighresScreenshot00368_depth_20_light_rain_10AM.png,C:\Users\depthlev\Desktop\droneImages\dataset\depth_20\light_rain\10AM\HighresScreenshot00368_depth_20_light_rain_10AM.txt,excluded_problematic_folder
5910,C:\Users\depthlev\Desktop\droneImages\dataset\depth_20\light_rain\10AM\HighresScreenshot00369_depth_20_light_rain_10AM.png,C:\Users\depthlev\Desktop\droneImages\dataset\depth_20\light_rain\10AM\HighresScreenshot00369_depth_20_light_rain_10AM.txt,excluded_problematic_folder
5911,C:\Users\depthlev\Desktop\droneImages\dataset\depth_20\light_rain\10AM\HighresScreenshot00370_depth_20_light_rain_10AM.png,C:\Users\depthlev\Desktop\droneImages\dataset\depth_20\light_rain\10AM\HighresScreenshot00370_depth_20_light_rain_10AM.txt,excluded_problematic_folder
5912,C:\Users\depthlev\Desktop\droneImages\dataset\depth_20\light_rain\10AM\HighresScreenshot00371_depth_20_light_rain_10AM.png,C:\Users\depthlev\Desktop\droneImages\dataset\depth_20\light_rain\10AM\HighresScreenshot00371_depth_20_light_rain_10AM.txt,excluded_problematic_folder
5913,C:\Users\depthlev\Desktop\droneImages\dataset\depth_20\light_rain\10AM\HighresScreenshot00372_depth_20_light_rain_10AM.png,C:\Users\depthlev\Desktop\droneImages\dataset\depth_20\light_rain\10AM\HighresScreenshot00372_depth_20_light_rain_10AM.txt,excluded_problematic_folder
5914,C:\Users\depthlev\Desktop\droneImages\dataset\depth_20\light_rain\10AM\HighresScreenshot00373_depth_20_light_rain_10AM.png,C:\Users\depthlev\Desktop\droneImages\dataset\depth_20\light_rain\10AM\HighresScreenshot00373_depth_20_light_rain_10AM.txt,excluded_problematic_folder
5915,C:\Users\depthlev\Desktop\droneImages\dataset\depth_20\light_rain\10AM\HighresScreenshot00374_depth_20_light_rain_10AM.png,C:\Users\depthlev\Desktop\droneImages\dataset\depth_20\light_rain\10AM\HighresScreenshot00374_depth_20_light_rain_10AM.txt,excluded_problematic_folder
5916,C:\Users\depthlev\Desktop\droneImages\dataset\depth_20\light_rain\10AM\HighresScreenshot00375_depth_20_light_rain_10AM.png,C:\Users\depthlev\Desktop\droneImages\dataset\depth_20\light_rain\10AM\HighresScreenshot00375_depth_20_light_rain_10AM.txt,excluded_problematic_folder
5917,C:\Users\depthlev\Desktop\droneImages\dataset\depth_20\light_rain\10AM\HighresScreenshot00376_depth_20_light_rain_10AM.png,C:\Users\depthlev\Desktop\droneImages\dataset\depth_20\light_rain\10AM\HighresScreenshot00376_depth_20_light_rain_10AM.txt,excluded_problematic_folder
5918,C:\Users\depthlev\Desktop\droneImages\dataset\depth_20\light_rain\10AM\HighresScreenshot00377_depth_20_light_rain_10AM.png,C:\Users\depthlev\Desktop\droneImages\dataset\depth_20\light_rain\10AM\HighresScreenshot00377_depth_20_light_rain_10AM.txt,excluded_problematic_folder
5919,C:\Users\depthlev\Desktop\droneImages\dataset\depth_20\light_rain\10AM\HighresScreenshot00378_depth_20_light_rain_10AM.png,C:\Users\depthlev\Desktop\droneImages\dataset\depth_20\light_rain\10AM\HighresScreenshot00378_depth_20_light_rain_10AM.txt,excluded_problematic_folder
5920,C:\Users\depthlev\Desktop\droneImages\dataset\depth_20\light_rain\10AM\HighresScreenshot00379_depth_20_light_rain_10AM.png,C:\Users\depthlev\Desktop\droneImages\dataset\depth_20\light_rain\10AM\HighresScreenshot00379_depth_20_light_rain_10AM.txt,excluded_problematic_folder
5921,C:\Users\depthlev\Desktop\droneImages\dataset\depth_20\light_rain\10AM\HighresScreenshot00380_depth_20_light_rain_10AM.png,C:\Users\depthlev\Desktop\droneImages\dataset\depth_20\light_rain\10AM\HighresScreenshot00380_depth_20_light_rain_10AM.txt,excluded_problematic_folder
5922,C:\Users\depthlev\Desktop\droneImages\dataset\depth_20\light_rain\10AM\HighresScreenshot00381_depth_20_light_rain_10AM.png,C:\Users\depthlev\Desktop\droneImages\dataset\depth_20\light_rain\10AM\HighresScreenshot00381_depth_20_light_rain_10AM.txt,excluded_problematic_folder
5923,C:\Users\depthlev\Desktop\droneImages\dataset\depth_20\light_rain\10AM\HighresScreenshot00382_depth_20_light_rain_10AM.png,C:\Users\depthlev\Desktop\droneImages\dataset\depth_20\light_rain\10AM\HighresScreenshot00382_depth_20_light_rain_10AM.txt,excluded_problematic_folder
5924,C:\Users\depthlev\Desktop\droneImages\dataset\depth_20\light_rain\10AM\HighresScreenshot00383_depth_20_light_rain_10AM.png,C:\Users\depthlev\Desktop\droneImages\dataset\depth_20\light_rain\10AM\HighresScreenshot00383_depth_20_light_rain_10AM.txt,excluded_problematic_folder
5925,C:\Users\depthlev\Desktop\droneImages\dataset\depth_20\light_rain\10AM\HighresScreenshot00384_depth_20_light_rain_10AM.png,C:\Users\depthlev\Desktop\droneImages\dataset\depth_20\light_rain\10AM\HighresScreenshot00384_depth_20_light_rain_10AM.txt,excluded_problematic_folder
5926,C:\Users\depthlev\Desktop\droneImages\dataset\depth_20\light_rain\10AM\HighresScreenshot00385_depth_20_light_rain_10AM.png,C:\Users\depthlev\Desktop\droneImages\dataset\depth_20\light_rain\10AM\HighresScreenshot00385_depth_20_light_rain_10AM.txt,excluded_problematic_folder
5927,C:\Users\depthlev\Desktop\droneImages\dataset\depth_20\light_rain\10AM\HighresScreenshot00386_depth_20_light_rain_10AM.png,C:\Users\depthlev\Desktop\droneImages\dataset\depth_20\light_rain\10AM\HighresScreenshot00386_depth_20_light_rain_10AM.txt,excluded_problematic_folder
5928,C:\Users\depthlev\Desktop\droneImages\dataset\depth_20\light_rain\10AM\HighresScreenshot00387_depth_20_light_rain_10AM.png,C:\Users\depthlev\Desktop\droneImages\dataset\depth_20\light_rain\10AM\HighresScreenshot00387_depth_20_light_rain_10AM.txt,excluded_problematic_folder
5929,C:\Users\depthlev\Desktop\droneImages\dataset\depth_20\light_rain\10AM\HighresScreenshot00388_depth_20_light_rain_10AM.png,C:\Users\depthlev\Desktop\droneImages\dataset\depth_20\light_rain\10AM\HighresScreenshot00388_depth_20_light_rain_10AM.txt,excluded_problematic_folder
5930,C:\Users\depthlev\Desktop\droneImages\dataset\depth_20\light_rain\10AM\HighresScreenshot00389_depth_20_light_rain_10AM.png,C:\Users\depthlev\Desktop\droneImages\dataset\depth_20\light_rain\10AM\HighresScreenshot00389_depth_20_light_rain_10AM.txt,excluded_problematic_folder
5931,C:\Users\depthlev\Desktop\droneImages\dataset\depth_20\light_rain\10AM\HighresScreenshot00390_depth_20_light_rain_10AM.png,C:\Users\depthlev\Desktop\droneImages\dataset\depth_20\light_rain\10AM\HighresScreenshot00390_depth_20_light_rain_10AM.txt,excluded_problematic_folder
5932,C:\Users\depthlev\Desktop\droneImages\dataset\depth_20\light_rain\10AM\HighresScreenshot00391_depth_20_light_rain_10AM.png,C:\Users\depthlev\Desktop\droneImages\dataset\depth_20\light_rain\10AM\HighresScreenshot00391_depth_20_light_rain_10AM.txt,excluded_problematic_folder
5933,C:\Users\depthlev\Desktop\droneImages\dataset\depth_20\light_rain\10AM\HighresScreenshot00392_depth_20_light_rain_10AM.png,C:\Users\depthlev\Desktop\droneImages\dataset\depth_20\light_rain\10AM\HighresScreenshot00392_depth_20_light_rain_10AM.txt,excluded_problematic_folder
5934,C:\Users\depthlev\Desktop\droneImages\dataset\depth_20\light_rain\10AM\HighresScreenshot00393_depth_20_light_rain_10AM.png,C:\Users\depthlev\Desktop\droneImages\dataset\depth_20\light_rain\10AM\HighresScreenshot00393_depth_20_light_rain_10AM.txt,excluded_problematic_folder
5935,C:\Users\depthlev\Desktop\droneImages\dataset\depth_20\light_rain\10AM\HighresScreenshot00394_depth_20_light_rain_10AM.png,C:\Users\depthlev\Desktop\droneImages\dataset\depth_20\light_rain\10AM\HighresScreenshot00394_depth_20_light_rain_10AM.txt,excluded_problematic_folder
5936,C:\Users\depthlev\Desktop\droneImages\dataset\depth_20\light_rain\10AM\HighresScreenshot00395_depth_20_light_rain_10AM.png,C:\Users\depthlev\Desktop\droneImages\dataset\depth_20\light_rain\10AM\HighresScreenshot00395_depth_20_light_rain_10AM.txt,excluded_problematic_folder
5937,C:\Users\depthlev\Desktop\droneImages\dataset\depth_20\light_rain\10AM\HighresScreenshot00396_depth_20_light_rain_10AM.png,C:\Users\depthlev\Desktop\droneImages\dataset\depth_20\light_rain\10AM\HighresScreenshot00396_depth_20_light_rain_10AM.txt,excluded_problematic_folder
5938,C:\Users\depthlev\Desktop\droneImages\dataset\depth_20\light_rain\10AM\HighresScreenshot00397_depth_20_light_rain_10AM.png,C:\Users\depthlev\Desktop\droneImages\dataset\depth_20\light_rain\10AM\HighresScreenshot00397_depth_20_light_rain_10AM.txt,excluded_problematic_folder
5939,C:\Users\depthlev\Desktop\droneImages\dataset\depth_20\light_rain\10AM\HighresScreenshot00398_depth_20_light_rain_10AM.png,C:\Users\depthlev\Desktop\droneImages\dataset\depth_20\light_rain\10AM\HighresScreenshot00398_depth_20_light_rain_10AM.txt,excluded_problematic_folder
5940,C:\Users\depthlev\Desktop\droneImages\dataset\depth_20\light_rain\10AM\HighresScreenshot00399_depth_20_light_rain_10AM.png,C:\Users\depthlev\Desktop\droneImages\dataset\depth_20\light_rain\10AM\HighresScreenshot00399_depth_20_light_rain_10AM.txt,excluded_problematic_folder
5941,C:\Users\depthlev\Desktop\droneImages\dataset\depth_20\light_rain\10AM\HighresScreenshot00400_depth_20_light_rain_10AM.png,C:\Users\depthlev\Desktop\droneImages\dataset\depth_20\light_rain\10AM\HighresScreenshot00400_depth_20_light_rain_10AM.txt,excluded_problematic_folder
5942,C:\Users\depthlev\Desktop\droneImages\dataset\depth_20\light_rain\10AM\HighresScreenshot00401_depth_20_light_rain_10AM.png,C:\Users\depthlev\Desktop\droneImages\dataset\depth_20\light_rain\10AM\HighresScreenshot00401_depth_20_light_rain_10AM.txt,excluded_problematic_folder
5943,C:\Users\depthlev\Desktop\droneImages\dataset\depth_20\light_rain\10AM\HighresScreenshot00402_depth_20_light_rain_10AM.png,C:\Users\depthlev\Desktop\droneImages\dataset\depth_20\light_rain\10AM\HighresScreenshot00402_depth_20_light_rain_10AM.txt,excluded_problematic_folder
5944,C:\Users\depthlev\Desktop\droneImages\dataset\depth_20\light_rain\10AM\HighresScreenshot00403_depth_20_light_rain_10AM.png,C:\Users\depthlev\Desktop\droneImages\dataset\depth_20\light_rain\10AM\HighresScreenshot00403_depth_20_light_rain_10AM.txt,excluded_problematic_folder
6194,C:\Users\depthlev\Desktop\droneImages\dataset\depth_30\clear_sky\10AM\HighresScreenshot00001_depth_30_clear_sky_10AM.png,C:\Users\depthlev\Desktop\droneImages\dataset\depth_30\clear_sky\10AM\HighresScreenshot00001_depth_30_clear_sky_10AM.txt,excluded_problematic_folder
6195,C:\Users\depthlev\Desktop\droneImages\dataset\depth_30\clear_sky\10AM\HighresScreenshot00002_depth_30_clear_sky_10AM.png,C:\Users\depthlev\Desktop\droneImages\dataset\depth_30\clear_sky\10AM\HighresScreenshot00002_depth_30_clear_sky_10AM.txt,excluded_problematic_folder
6196,C:\Users\depthlev\Desktop\droneImages\dataset\depth_30\clear_sky\10AM\HighresScreenshot00003_depth_30_clear_sky_10AM.png,C:\Users\depthlev\Desktop\droneImages\dataset\depth_30\clear_sky\10AM\HighresScreenshot00003_depth_30_clear_sky_10AM.txt,excluded_problematic_folder
6197,C:\Users\depthlev\Desktop\droneImages\dataset\depth_30\clear_sky\10AM\HighresScreenshot00004_depth_30_clear_sky_10AM.png,C:\Users\depthlev\Desktop\droneImages\dataset\depth_30\clear_sky\10AM\HighresScreenshot00004_depth_30_clear_sky_10AM.txt,excluded_problematic_folder
6198,C:\Users\depthlev\Desktop\droneImages\dataset\depth_30\clear_sky\10AM\HighresScreenshot00005_depth_30_clear_sky_10AM.png,C:\Users\depthlev\Desktop\droneImages\dataset\depth_30\clear_sky\10AM\HighresScreenshot00005_depth_30_clear_sky_10AM.txt,excluded_problematic_folder
6199,C:\Users\depthlev\Desktop\droneImages\dataset\depth_30\clear_sky\10AM\HighresScreenshot00006_depth_30_clear_sky_10AM.png,C:\Users\depthlev\Desktop\droneImages\dataset\depth_30\clear_sky\10AM\HighresScreenshot00006_depth_30_clear_sky_10AM.txt,excluded_problematic_folder
6200,C:\Users\depthlev\Desktop\droneImages\dataset\depth_30\clear_sky\10AM\HighresScreenshot00007_depth_30_clear_sky_10AM.png,C:\Users\depthlev\Desktop\droneImages\dataset\depth_30\clear_sky\10AM\HighresScreenshot00007_depth_30_clear_sky_10AM.txt,excluded_problematic_folder
6201,C:\Users\depthlev\Desktop\droneImages\dataset\depth_30\clear_sky\10AM\HighresScreenshot00008_depth_30_clear_sky_10AM.png,C:\Users\depthlev\Desktop\droneImages\dataset\depth_30\clear_sky\10AM\HighresScreenshot00008_depth_30_clear_sky_10AM.txt,excluded_problematic_folder
6202,C:\Users\depthlev\Desktop\droneImages\dataset\depth_30\clear_sky\10AM\HighresScreenshot00009_depth_30_clear_sky_10AM.png,C:\Users\depthlev\Desktop\droneImages\dataset\depth_30\clear_sky\10AM\HighresScreenshot00009_depth_30_clear_sky_10AM.txt,excluded_problematic_folder
6203,C:\Users\depthlev\Desktop\droneImages\dataset\depth_30\clear_sky\10AM\HighresScreenshot00010_depth_30_clear_sky_10AM.png,C:\Users\depthlev\Desktop\droneImages\dataset\depth_30\clear_sky\10AM\HighresScreenshot00010_depth_30_clear_sky_10AM.txt,excluded_problematic_folder
6204,C:\Users\depthlev\Desktop\droneImages\dataset\depth_30\clear_sky\10AM\HighresScreenshot00011_depth_30_clear_sky_10AM.png,C:\Users\depthlev\Desktop\droneImages\dataset\depth_30\clear_sky\10AM\HighresScreenshot00011_depth_30_clear_sky_10AM.txt,excluded_problematic_folder
6205,C:\Users\depthlev\Desktop\droneImages\dataset\depth_30\clear_sky\10AM\HighresScreenshot00012_depth_30_clear_sky_10AM.png,C:\Users\depthlev\Desktop\droneImages\dataset\depth_30\clear_sky\10AM\HighresScreenshot00012_depth_30_clear_sky_10AM.txt,excluded_problematic_folder
6206,C:\Users\depthlev\Desktop\droneImages\dataset\depth_30\clear_sky\10AM\HighresScreenshot00013_depth_30_clear_sky_10AM.png,C:\Users\depthlev\Desktop\droneImages\dataset\depth_30\clear_sky\10AM\HighresScreenshot00013_depth_30_clear_sky_10AM.txt,excluded_problematic_folder
6207,C:\Users\depthlev\Desktop\droneImages\dataset\depth_30\clear_sky\10AM\HighresScreenshot00014_depth_30_clear_sky_10AM.png,C:\Users\depthlev\Desktop\droneImages\dataset\depth_30\clear_sky\10AM\HighresScreenshot00014_depth_30_clear_sky_10AM.txt,excluded_problematic_folder
6208,C:\Users\depthlev\Desktop\droneImages\dataset\depth_30\clear_sky\10AM\HighresScreenshot00015_depth_30_clear_sky_10AM.png,C:\Users\depthlev\Desktop\droneImages\dataset\depth_30\clear_sky\10AM\HighresScreenshot00015_depth_30_clear_sky_10AM.txt,excluded_problematic_folder
6209,C:\Users\depthlev\Desktop\droneImages\dataset\depth_30\clear_sky\10AM\HighresScreenshot00016_depth_30_clear_sky_10AM.png,C:\Users\depthlev\Desktop\droneImages\dataset\depth_30\clear_sky\10AM\HighresScreenshot00016_depth_30_clear_sky_10AM.txt,excluded_problematic_folder
6210,C:\Users\depthlev\Desktop\droneImages\dataset\depth_30\clear_sky\10AM\HighresScreenshot00017_depth_30_clear_sky_10AM.png,C:\Users\depthlev\Desktop\droneImages\dataset\depth_30\clear_sky\10AM\HighresScreenshot00017_depth_30_clear_sky_10AM.txt,excluded_problematic_folder
6211,C:\Users\depthlev\Desktop\droneImages\dataset\depth_30\clear_sky\10AM\HighresScreenshot00018_depth_30_clear_sky_10AM.png,C:\Users\depthlev\Desktop\droneImages\dataset\depth_30\clear_sky\10AM\HighresScreenshot00018_depth_30_clear_sky_10AM.txt,excluded_problematic_folder
6212,C:\Users\depthlev\Desktop\droneImages\dataset\depth_30\clear_sky\10AM\HighresScreenshot00019_depth_30_clear_sky_10AM.png,C:\Users\depthlev\Desktop\droneImages\dataset\depth_30\clear_sky\10AM\HighresScreenshot00019_depth_30_clear_sky_10AM.txt,excluded_problematic_folder
6213,C:\Users\depthlev\Desktop\droneImages\dataset\depth_30\clear_sky\10AM\HighresScreenshot00020_depth_30_clear_sky_10AM.png,C:\Users\depthlev\Desktop\droneImages\dataset\depth_30\clear_sky\10AM\HighresScreenshot00020_depth_30_clear_sky_10AM.txt,excluded_problematic_folder
6214,C:\Users\depthlev\Desktop\droneImages\dataset\depth_30\clear_sky\10AM\HighresScreenshot00021_depth_30_clear_sky_10AM.png,C:\Users\depthlev\Desktop\droneImages\dataset\depth_30\clear_sky\10AM\HighresScreenshot00021_depth_30_clear_sky_10AM.txt,excluded_problematic_folder
6215,C:\Users\depthlev\Desktop\droneImages\dataset\depth_30\clear_sky\10AM\HighresScreenshot00022_depth_30_clear_sky_10AM.png,C:\Users\depthlev\Desktop\droneImages\dataset\depth_30\clear_sky\10AM\HighresScreenshot00022_depth_30_clear_sky_10AM.txt,excluded_problematic_folder
6216,C:\Users\depthlev\Desktop\droneImages\dataset\depth_30\clear_sky\10AM\HighresScreenshot00023_depth_30_clear_sky_10AM.png,C:\Users\depthlev\Desktop\droneImages\dataset\depth_30\clear_sky\10AM\HighresScreenshot00023_depth_30_clear_sky_10AM.txt,excluded_problematic_folder
6217,C:\Users\depthlev\Desktop\droneImages\dataset\depth_30\clear_sky\10AM\HighresScreenshot00024_depth_30_clear_sky_10AM.png,C:\Users\depthlev\Desktop\droneImages\dataset\depth_30\clear_sky\10AM\HighresScreenshot00024_depth_30_clear_sky_10AM.txt,excluded_problematic_folder
6218,C:\Users\depthlev\Desktop\droneImages\dataset\depth_30\clear_sky\10AM\HighresScreenshot00025_depth_30_clear_sky_10AM.png,C:\Users\depthlev\Desktop\droneImages\dataset\depth_30\clear_sky\10AM\HighresScreenshot00025_depth_30_clear_sky_10AM.txt,excluded_problematic_folder
6219,C:\Users\depthlev\Desktop\droneImages\dataset\depth_30\clear_sky\10AM\HighresScreenshot00026_depth_30_clear_sky_10AM.png,C:\Users\depthlev\Desktop\droneImages\dataset\depth_30\clear_sky\10AM\HighresScreenshot00026_depth_30_clear_sky_10AM.txt,excluded_problematic_folder
6220,C:\Users\depthlev\Desktop\droneImages\dataset\depth_30\clear_sky\10AM\HighresScreenshot00027_depth_30_clear_sky_10AM.png,C:\Users\depthlev\Desktop\droneImages\dataset\depth_30\clear_sky\10AM\HighresScreenshot00027_depth_30_clear_sky_10AM.txt,excluded_problematic_folder
6221,C:\Users\depthlev\Desktop\droneImages\dataset\depth_30\clear_sky\10AM\HighresScreenshot00028_depth_30_clear_sky_10AM.png,C:\Users\depthlev\Desktop\droneImages\dataset\depth_30\clear_sky\10AM\HighresScreenshot00028_depth_30_clear_sky_10AM.txt,excluded_problematic_folder
6222,C:\Users\depthlev\Desktop\droneImages\dataset\depth_30\clear_sky\10AM\HighresScreenshot00029_depth_30_clear_sky_10AM.png,C:\Users\depthlev\Desktop\droneImages\dataset\depth_30\clear_sky\10AM\HighresScreenshot00029_depth_30_clear_sky_10AM.txt,excluded_problematic_folder
6223,C:\Users\depthlev\Desktop\droneImages\dataset\depth_30\clear_sky\10AM\HighresScreenshot00030_depth_30_clear_sky_10AM.png,C:\Users\depthlev\Desktop\droneImages\dataset\depth_30\clear_sky\10AM\HighresScreenshot00030_depth_30_clear_sky_10AM.txt,excluded_problematic_folder
6224,C:\Users\depthlev\Desktop\droneImages\dataset\depth_30\clear_sky\10AM\HighresScreenshot00031_depth_30_clear_sky_10AM.png,C:\Users\depthlev\Desktop\droneImages\dataset\depth_30\clear_sky\10AM\HighresScreenshot00031_depth_30_clear_sky_10AM.txt,excluded_problematic_folder
6225,C:\Users\depthlev\Desktop\droneImages\dataset\depth_30\clear_sky\10AM\HighresScreenshot00032_depth_30_clear_sky_10AM.png,C:\Users\depthlev\Desktop\droneImages\dataset\depth_30\clear_sky\10AM\HighresScreenshot00032_depth_30_clear_sky_10AM.txt,excluded_problematic_folder
6226,C:\Users\depthlev\Desktop\droneImages\dataset\depth_30\clear_sky\10AM\HighresScreenshot00033_depth_30_clear_sky_10AM.png,C:\Users\depthlev\Desktop\droneImages\dataset\depth_30\clear_sky\10AM\HighresScreenshot00033_depth_30_clear_sky_10AM.txt,excluded_problematic_folder
6227,C:\Users\depthlev\Desktop\droneImages\dataset\depth_30\clear_sky\10AM\HighresScreenshot00034_depth_30_clear_sky_10AM.png,C:\Users\depthlev\Desktop\droneImages\dataset\depth_30\clear_sky\10AM\HighresScreenshot00034_depth_30_clear_sky_10AM.txt,excluded_problematic_folder
6228,C:\Users\depthlev\Desktop\droneImages\dataset\depth_30\clear_sky\10AM\HighresScreenshot00035_depth_30_clear_sky_10AM.png,C:\Users\depthlev\Desktop\droneImages\dataset\depth_30\clear_sky\10AM\HighresScreenshot00035_depth_30_clear_sky_10AM.txt,excluded_problematic_folder
6229,C:\Users\depthlev\Desktop\droneImages\dataset\depth_30\clear_sky\10AM\HighresScreenshot00036_depth_30_clear_sky_10AM.png,C:\Users\depthlev\Desktop\droneImages\dataset\depth_30\clear_sky\10AM\HighresScreenshot00036_depth_30_clear_sky_10AM.txt,excluded_problematic_folder
6230,C:\Users\depthlev\Desktop\droneImages\dataset\depth_30\clear_sky\10AM\HighresScreenshot00037_depth_30_clear_sky_10AM.png,C:\Users\depthlev\Desktop\droneImages\dataset\depth_30\clear_sky\10AM\HighresScreenshot00037_depth_30_clear_sky_10AM.txt,excluded_problematic_folder
6231,C:\Users\depthlev\Desktop\droneImages\dataset\depth_30\clear_sky\10AM\HighresScreenshot00038_depth_30_clear_sky_10AM.png,C:\Users\depthlev\Desktop\droneImages\dataset\depth_30\clear_sky\10AM\HighresScreenshot00038_depth_30_clear_sky_10AM.txt,excluded_problematic_folder
6232,C:\Users\depthlev\Desktop\droneImages\dataset\depth_30\clear_sky\10AM\HighresScreenshot00039_depth_30_clear_sky_10AM.png,C:\Users\depthlev\Desktop\droneImages\dataset\depth_30\clear_sky\10AM\HighresScreenshot00039_depth_30_clear_sky_10AM.txt,excluded_problematic_folder
6233,C:\Users\depthlev\Desktop\droneImages\dataset\depth_30\clear_sky\10AM\HighresScreenshot00040_depth_30_clear_sky_10AM.png,C:\Users\depthlev\Desktop\droneImages\dataset\depth_30\clear_sky\10AM\HighresScreenshot00040_depth_30_clear_sky_10AM.txt,excluded_problematic_folder
6234,C:\Users\depthlev\Desktop\droneImages\dataset\depth_30\clear_sky\10AM\HighresScreenshot00041_depth_30_clear_sky_10AM.png,C:\Users\depthlev\Desktop\droneImages\dataset\depth_30\clear_sky\10AM\HighresScreenshot00041_depth_30_clear_sky_10AM.txt,excluded_problematic_folder
6235,C:\Users\depthlev\Desktop\droneImages\dataset\depth_30\clear_sky\10AM\HighresScreenshot00042_depth_30_clear_sky_10AM.png,C:\Users\depthlev\Desktop\droneImages\dataset\depth_30\clear_sky\10AM\HighresScreenshot00042_depth_30_clear_sky_10AM.txt,excluded_problematic_folder
6236,C:\Users\depthlev\Desktop\droneImages\dataset\depth_30\clear_sky\10AM\HighresScreenshot00043_depth_30_clear_sky_10AM.png,C:\Users\depthlev\Desktop\droneImages\dataset\depth_30\clear_sky\10AM\HighresScreenshot00043_depth_30_clear_sky_10AM.txt,excluded_problematic_folder
6237,C:\Users\depthlev\Desktop\droneImages\dataset\depth_30\clear_sky\10AM\HighresScreenshot00044_depth_30_clear_sky_10AM.png,C:\Users\depthlev\Desktop\droneImages\dataset\depth_30\clear_sky\10AM\HighresScreenshot00044_depth_30_clear_sky_10AM.txt,excluded_problematic_folder
6238,C:\Users\depthlev\Desktop\droneImages\dataset\depth_30\clear_sky\10AM\HighresScreenshot00045_depth_30_clear_sky_10AM.png,C:\Users\depthlev\Desktop\droneImages\dataset\depth_30\clear_sky\10AM\HighresScreenshot00045_depth_30_clear_sky_10AM.txt,excluded_problematic_folder
6239,C:\Users\depthlev\Desktop\droneImages\dataset\depth_30\clear_sky\10AM\HighresScreenshot00046_depth_30_clear_sky_10AM.png,C:\Users\depthlev\Desktop\droneImages\dataset\depth_30\clear_sky\10AM\HighresScreenshot00046_depth_30_clear_sky_10AM.txt,excluded_problematic_folder
6240,C:\Users\depthlev\Desktop\droneImages\dataset\depth_30\clear_sky\10AM\HighresScreenshot00047_depth_30_clear_sky_10AM.png,C:\Users\depthlev\Desktop\droneImages\dataset\depth_30\clear_sky\10AM\HighresScreenshot00047_depth_30_clear_sky_10AM.txt,excluded_problematic_folder
6241,C:\Users\depthlev\Desktop\droneImages\dataset\depth_30\clear_sky\10AM\HighresScreenshot00048_depth_30_clear_sky_10AM.png,C:\Users\depthlev\Desktop\droneImages\dataset\depth_30\clear_sky\10AM\HighresScreenshot00048_depth_30_clear_sky_10AM.txt,excluded_problematic_folder
6242,C:\Users\depthlev\Desktop\droneImages\dataset\depth_30\clear_sky\10AM\HighresScreenshot00049_depth_30_clear_sky_10AM.png,C:\Users\depthlev\Desktop\droneImages\dataset\depth_30\clear_sky\10AM\HighresScreenshot00049_depth_30_clear_sky_10AM.txt,excluded_problematic_folder
6243,C:\Users\depthlev\Desktop\droneImages\dataset\depth_30\clear_sky\10AM\HighresScreenshot00050_depth_30_clear_sky_10AM.png,C:\Users\depthlev\Desktop\droneImages\dataset\depth_30\clear_sky\10AM\HighresScreenshot00050_depth_30_clear_sky_10AM.txt,excluded_problematic_folder
6244,C:\Users\depthlev\Desktop\droneImages\dataset\depth_30\clear_sky\10AM\HighresScreenshot00051_depth_30_clear_sky_10AM.png,C:\Users\depthlev\Desktop\droneImages\dataset\depth_30\clear_sky\10AM\HighresScreenshot00051_depth_30_clear_sky_10AM.txt,excluded_problematic_folder
6245,C:\Users\depthlev\Desktop\droneImages\dataset\depth_30\clear_sky\10AM\HighresScreenshot00052_depth_30_clear_sky_10AM.png,C:\Users\depthlev\Desktop\droneImages\dataset\depth_30\clear_sky\10AM\HighresScreenshot00052_depth_30_clear_sky_10AM.txt,excluded_problematic_folder
6246,C:\Users\depthlev\Desktop\droneImages\dataset\depth_30\clear_sky\10AM\HighresScreenshot00053_depth_30_clear_sky_10AM.png,C:\Users\depthlev\Desktop\droneImages\dataset\depth_30\clear_sky\10AM\HighresScreenshot00053_depth_30_clear_sky_10AM.txt,excluded_problematic_folder
6247,C:\Users\depthlev\Desktop\droneImages\dataset\depth_30\clear_sky\10AM\HighresScreenshot00054_depth_30_clear_sky_10AM.png,C:\Users\depthlev\Desktop\droneImages\dataset\depth_30\clear_sky\10AM\HighresScreenshot00054_depth_30_clear_sky_10AM.txt,excluded_problematic_folder
6248,C:\Users\depthlev\Desktop\droneImages\dataset\depth_30\clear_sky\10AM\HighresScreenshot00055_depth_30_clear_sky_10AM.png,C:\Users\depthlev\Desktop\droneImages\dataset\depth_30\clear_sky\10AM\HighresScreenshot00055_depth_30_clear_sky_10AM.txt,excluded_problematic_folder
6249,C:\Users\depthlev\Desktop\droneImages\dataset\depth_30\clear_sky\10AM\HighresScreenshot00056_depth_30_clear_sky_10AM.png,C:\Users\depthlev\Desktop\droneImages\dataset\depth_30\clear_sky\10AM\HighresScreenshot00056_depth_30_clear_sky_10AM.txt,excluded_problematic_folder
6250,C:\Users\depthlev\Desktop\droneImages\dataset\depth_30\clear_sky\10AM\HighresScreenshot00057_depth_30_clear_sky_10AM.png,C:\Users\depthlev\Desktop\droneImages\dataset\depth_30\clear_sky\10AM\HighresScreenshot00057_depth_30_clear_sky_10AM.txt,excluded_problematic_folder
6251,C:\Users\depthlev\Desktop\droneImages\dataset\depth_30\clear_sky\10AM\HighresScreenshot00058_depth_30_clear_sky_10AM.png,C:\Users\depthlev\Desktop\droneImages\dataset\depth_30\clear_sky\10AM\HighresScreenshot00058_depth_30_clear_sky_10AM.txt,excluded_problematic_folder
6252,C:\Users\depthlev\Desktop\droneImages\dataset\depth_30\clear_sky\10AM\HighresScreenshot00059_depth_30_clear_sky_10AM.png,C:\Users\depthlev\Desktop\droneImages\dataset\depth_30\clear_sky\10AM\HighresScreenshot00059_depth_30_clear_sky_10AM.txt,excluded_problematic_folder
6253,C:\Users\depthlev\Desktop\droneImages\dataset\depth_30\clear_sky\10AM\HighresScreenshot00060_depth_30_clear_sky_10AM.png,C:\Users\depthlev\Desktop\droneImages\dataset\depth_30\clear_sky\10AM\HighresScreenshot00060_depth_30_clear_sky_10AM.txt,excluded_problematic_folder
6254,C:\Users\depthlev\Desktop\droneImages\dataset\depth_30\clear_sky\10AM\HighresScreenshot00061_depth_30_clear_sky_10AM.png,C:\Users\depthlev\Desktop\droneImages\dataset\depth_30\clear_sky\10AM\HighresScreenshot00061_depth_30_clear_sky_10AM.txt,excluded_problematic_folder
6255,C:\Users\depthlev\Desktop\droneImages\dataset\depth_30\clear_sky\10AM\HighresScreenshot00062_depth_30_clear_sky_10AM.png,C:\Users\depthlev\Desktop\droneImages\dataset\depth_30\clear_sky\10AM\HighresScreenshot00062_depth_30_clear_sky_10AM.txt,excluded_problematic_folder
6256,C:\Users\depthlev\Desktop\droneImages\dataset\depth_30\clear_sky\10AM\HighresScreenshot00063_depth_30_clear_sky_10AM.png,C:\Users\depthlev\Desktop\droneImages\dataset\depth_30\clear_sky\10AM\HighresScreenshot00063_depth_30_clear_sky_10AM.txt,excluded_problematic_folder
6257,C:\Users\depthlev\Desktop\droneImages\dataset\depth_30\clear_sky\10AM\HighresScreenshot00064_depth_30_clear_sky_10AM.png,C:\Users\depthlev\Desktop\droneImages\dataset\depth_30\clear_sky\10AM\HighresScreenshot00064_depth_30_clear_sky_10AM.txt,excluded_problematic_folder
6258,C:\Users\depthlev\Desktop\droneImages\dataset\depth_30\clear_sky\10AM\HighresScreenshot00065_depth_30_clear_sky_10AM.png,C:\Users\depthlev\Desktop\droneImages\dataset\depth_30\clear_sky\10AM\HighresScreenshot00065_depth_30_clear_sky_10AM.txt,excluded_problematic_folder
6259,C:\Users\depthlev\Desktop\droneImages\dataset\depth_30\clear_sky\10AM\HighresScreenshot00066_depth_30_clear_sky_10AM.png,C:\Users\depthlev\Desktop\droneImages\dataset\depth_30\clear_sky\10AM\HighresScreenshot00066_depth_30_clear_sky_10AM.txt,excluded_problematic_folder
6260,C:\Users\depthlev\Desktop\droneImages\dataset\depth_30\clear_sky\10AM\HighresScreenshot00067_depth_30_clear_sky_10AM.png,C:\Users\depthlev\Desktop\droneImages\dataset\depth_30\clear_sky\10AM\HighresScreenshot00067_depth_30_clear_sky_10AM.txt,excluded_problematic_folder
6261,C:\Users\depthlev\Desktop\droneImages\dataset\depth_30\clear_sky\10AM\HighresScreenshot00068_depth_30_clear_sky_10AM.png,C:\Users\depthlev\Desktop\droneImages\dataset\depth_30\clear_sky\10AM\HighresScreenshot00068_depth_30_clear_sky_10AM.txt,excluded_problematic_folder
6262,C:\Users\depthlev\Desktop\droneImages\dataset\depth_30\clear_sky\10AM\HighresScreenshot00069_depth_30_clear_sky_10AM.png,C:\Users\depthlev\Desktop\droneImages\dataset\depth_30\clear_sky\10AM\HighresScreenshot00069_depth_30_clear_sky_10AM.txt,excluded_problematic_folder
6263,C:\Users\depthlev\Desktop\droneImages\dataset\depth_30\clear_sky\10AM\HighresScreenshot00070_depth_30_clear_sky_10AM.png,C:\Users\depthlev\Desktop\droneImages\dataset\depth_30\clear_sky\10AM\HighresScreenshot00070_depth_30_clear_sky_10AM.txt,excluded_problematic_folder
6264,C:\Users\depthlev\Desktop\droneImages\dataset\depth_30\clear_sky\10AM\HighresScreenshot00071_depth_30_clear_sky_10AM.png,C:\Users\depthlev\Desktop\droneImages\dataset\depth_30\clear_sky\10AM\HighresScreenshot00071_depth_30_clear_sky_10AM.txt,excluded_problematic_folder
6265,C:\Users\depthlev\Desktop\droneImages\dataset\depth_30\clear_sky\10AM\HighresScreenshot00072_depth_30_clear_sky_10AM.png,C:\Users\depthlev\Desktop\droneImages\dataset\depth_30\clear_sky\10AM\HighresScreenshot00072_depth_30_clear_sky_10AM.txt,excluded_problematic_folder
6266,C:\Users\depthlev\Desktop\droneImages\dataset\depth_30\clear_sky\10AM\HighresScreenshot00073_depth_30_clear_sky_10AM.png,C:\Users\depthlev\Desktop\droneImages\dataset\depth_30\clear_sky\10AM\HighresScreenshot00073_depth_30_clear_sky_10AM.txt,excluded_problematic_folder
6267,C:\Users\depthlev\Desktop\droneImages\dataset\depth_30\clear_sky\10AM\HighresScreenshot00074_depth_30_clear_sky_10AM.png,C:\Users\depthlev\Desktop\droneImages\dataset\depth_30\clear_sky\10AM\HighresScreenshot00074_depth_30_clear_sky_10AM.txt,excluded_problematic_folder
6268,C:\Users\depthlev\Desktop\droneImages\dataset\depth_30\clear_sky\10AM\HighresScreenshot00075_depth_30_clear_sky_10AM.png,C:\Users\depthlev\Desktop\droneImages\dataset\depth_30\clear_sky\10AM\HighresScreenshot00075_depth_30_clear_sky_10AM.txt,excluded_problematic_folder
6269,C:\Users\depthlev\Desktop\droneImages\dataset\depth_30\clear_sky\10AM\HighresScreenshot00076_depth_30_clear_sky_10AM.png,C:\Users\depthlev\Desktop\droneImages\dataset\depth_30\clear_sky\10AM\HighresScreenshot00076_depth_30_clear_sky_10AM.txt,excluded_problematic_folder
6270,C:\Users\depthlev\Desktop\droneImages\dataset\depth_30\clear_sky\10AM\HighresScreenshot00077_depth_30_clear_sky_10AM.png,C:\Users\depthlev\Desktop\droneImages\dataset\depth_30\clear_sky\10AM\HighresScreenshot00077_depth_30_clear_sky_10AM.txt,excluded_problematic_folder
6271,C:\Users\depthlev\Desktop\droneImages\dataset\depth_30\clear_sky\10AM\HighresScreenshot00078_depth_30_clear_sky_10AM.png,C:\Users\depthlev\Desktop\droneImages\dataset\depth_30\clear_sky\10AM\HighresScreenshot00078_depth_30_clear_sky_10AM.txt,excluded_problematic_folder
6272,C:\Users\depthlev\Desktop\droneImages\dataset\depth_30\clear_sky\10AM\HighresScreenshot00079_depth_30_clear_sky_10AM.png,C:\Users\depthlev\Desktop\droneImages\dataset\depth_30\clear_sky\10AM\HighresScreenshot00079_depth_30_clear_sky_10AM.txt,excluded_problematic_folder
6273,C:\Users\depthlev\Desktop\droneImages\dataset\depth_30\clear_sky\10AM\HighresScreenshot00080_depth_30_clear_sky_10AM.png,C:\Users\depthlev\Desktop\droneImages\dataset\depth_30\clear_sky\10AM\HighresScreenshot00080_depth_30_clear_sky_10AM.txt,excluded_problematic_folder
6274,C:\Users\depthlev\Desktop\droneImages\dataset\depth_30\clear_sky\10AM\HighresScreenshot00081_depth_30_clear_sky_10AM.png,C:\Users\depthlev\Desktop\droneImages\dataset\depth_30\clear_sky\10AM\HighresScreenshot00081_depth_30_clear_sky_10AM.txt,excluded_problematic_folder
6275,C:\Users\depthlev\Desktop\droneImages\dataset\depth_30\clear_sky\10AM\HighresScreenshot00082_depth_30_clear_sky_10AM.png,C:\Users\depthlev\Desktop\droneImages\dataset\depth_30\clear_sky\10AM\HighresScreenshot00082_depth_30_clear_sky_10AM.txt,excluded_problematic_folder
6276,C:\Users\depthlev\Desktop\droneImages\dataset\depth_30\clear_sky\10AM\HighresScreenshot00083_depth_30_clear_sky_10AM.png,C:\Users\depthlev\Desktop\droneImages\dataset\depth_30\clear_sky\10AM\HighresScreenshot00083_depth_30_clear_sky_10AM.txt,excluded_problematic_folder
6277,C:\Users\depthlev\Desktop\droneImages\dataset\depth_30\clear_sky\10AM\HighresScreenshot00084_depth_30_clear_sky_10AM.png,C:\Users\depthlev\Desktop\droneImages\dataset\depth_30\clear_sky\10AM\HighresScreenshot00084_depth_30_clear_sky_10AM.txt,excluded_problematic_folder
6278,C:\Users\depthlev\Desktop\droneImages\dataset\depth_30\clear_sky\10AM\HighresScreenshot00085_depth_30_clear_sky_10AM.png,C:\Users\depthlev\Desktop\droneImages\dataset\depth_30\clear_sky\10AM\HighresScreenshot00085_depth_30_clear_sky_10AM.txt,excluded_problematic_folder
6279,C:\Users\depthlev\Desktop\droneImages\dataset\depth_30\clear_sky\10AM\HighresScreenshot00086_depth_30_clear_sky_10AM.png,C:\Users\depthlev\Desktop\droneImages\dataset\depth_30\clear_sky\10AM\HighresScreenshot00086_depth_30_clear_sky_10AM.txt,excluded_problematic_folder
6280,C:\Users\depthlev\Desktop\droneImages\dataset\depth_30\clear_sky\10AM\HighresScreenshot00087_depth_30_clear_sky_10AM.png,C:\Users\depthlev\Desktop\droneImages\dataset\depth_30\clear_sky\10AM\HighresScreenshot00087_depth_30_clear_sky_10AM.txt,excluded_problematic_folder
6281,C:\Users\depthlev\Desktop\droneImages\dataset\depth_30\clear_sky\10AM\HighresScreenshot00088_depth_30_clear_sky_10AM.png,C:\Users\depthlev\Desktop\droneImages\dataset\depth_30\clear_sky\10AM\HighresScreenshot00088_depth_30_clear_sky_10AM.txt,excluded_problematic_folder
6282,C:\Users\depthlev\Desktop\droneImages\dataset\depth_30\clear_sky\10AM\HighresScreenshot00089_depth_30_clear_sky_10AM.png,C:\Users\depthlev\Desktop\droneImages\dataset\depth_30\clear_sky\10AM\HighresScreenshot00089_depth_30_clear_sky_10AM.txt,excluded_problematic_folder
6283,C:\Users\depthlev\Desktop\droneImages\dataset\depth_30\clear_sky\10AM\HighresScreenshot00090_depth_30_clear_sky_10AM.png,C:\Users\depthlev\Desktop\droneImages\dataset\depth_30\clear_sky\10AM\HighresScreenshot00090_depth_30_clear_sky_10AM.txt,excluded_problematic_folder
6284,C:\Users\depthlev\Desktop\droneImages\dataset\depth_30\clear_sky\10AM\HighresScreenshot00091_depth_30_clear_sky_10AM.png,C:\Users\depthlev\Desktop\droneImages\dataset\depth_30\clear_sky\10AM\HighresScreenshot00091_depth_30_clear_sky_10AM.txt,excluded_problematic_folder
6285,C:\Users\depthlev\Desktop\droneImages\dataset\depth_30\clear_sky\10AM\HighresScreenshot00092_depth_30_clear_sky_10AM.png,C:\Users\depthlev\Desktop\droneImages\dataset\depth_30\clear_sky\10AM\HighresScreenshot00092_depth_30_clear_sky_10AM.txt,excluded_problematic_folder
6286,C:\Users\depthlev\Desktop\droneImages\dataset\depth_30\clear_sky\10AM\HighresScreenshot00093_depth_30_clear_sky_10AM.png,C:\Users\depthlev\Desktop\droneImages\dataset\depth_30\clear_sky\10AM\HighresScreenshot00093_depth_30_clear_sky_10AM.txt,excluded_problematic_folder
6287,C:\Users\depthlev\Desktop\droneImages\dataset\depth_30\clear_sky\10AM\HighresScreenshot00094_depth_30_clear_sky_10AM.png,C:\Users\depthlev\Desktop\droneImages\dataset\depth_30\clear_sky\10AM\HighresScreenshot00094_depth_30_clear_sky_10AM.txt,excluded_problematic_folder
6288,C:\Users\depthlev\Desktop\droneImages\dataset\depth_30\clear_sky\10AM\HighresScreenshot00095_depth_30_clear_sky_10AM.png,C:\Users\depthlev\Desktop\droneImages\dataset\depth_30\clear_sky\10AM\HighresScreenshot00095_depth_30_clear_sky_10AM.txt,excluded_problematic_folder
6289,C:\Users\depthlev\Desktop\droneImages\dataset\depth_30\clear_sky\10AM\HighresScreenshot00096_depth_30_clear_sky_10AM.png,C:\Users\depthlev\Desktop\droneImages\dataset\depth_30\clear_sky\10AM\HighresScreenshot00096_depth_30_clear_sky_10AM.txt,excluded_problematic_folder
6290,C:\Users\depthlev\Desktop\droneImages\dataset\depth_30\clear_sky\10AM\HighresScreenshot00097_depth_30_clear_sky_10AM.png,C:\Users\depthlev\Desktop\droneImages\dataset\depth_30\clear_sky\10AM\HighresScreenshot00097_depth_30_clear_sky_10AM.txt,excluded_problematic_folder
6291,C:\Users\depthlev\Desktop\droneImages\dataset\depth_30\clear_sky\10AM\HighresScreenshot00098_depth_30_clear_sky_10AM.png,C:\Users\depthlev\Desktop\droneImages\dataset\depth_30\clear_sky\10AM\HighresScreenshot00098_depth_30_clear_sky_10AM.txt,excluded_problematic_folder
6292,C:\Users\depthlev\Desktop\droneImages\dataset\depth_30\clear_sky\10AM\HighresScreenshot00099_depth_30_clear_sky_10AM.png,C:\Users\depthlev\Desktop\droneImages\dataset\depth_30\clear_sky\10AM\HighresScreenshot00099_depth_30_clear_sky_10AM.txt,excluded_problematic_folder
6293,C:\Users\depthlev\Desktop\droneImages\dataset\depth_30\clear_sky\10AM\HighresScreenshot00100_depth_30_clear_sky_10AM.png,C:\Users\depthlev\Desktop\droneImages\dataset\depth_30\clear_sky\10AM\HighresScreenshot00100_depth_30_clear_sky_10AM.txt,excluded_problematic_folder
6294,C:\Users\depthlev\Desktop\droneImages\dataset\depth_30\clear_sky\10AM\HighresScreenshot00101_depth_30_clear_sky_10AM.png,C:\Users\depthlev\Desktop\droneImages\dataset\depth_30\clear_sky\10AM\HighresScreenshot00101_depth_30_clear_sky_10AM.txt,excluded_problematic_folder
6295,C:\Users\depthlev\Desktop\droneImages\dataset\depth_30\clear_sky\10AM\HighresScreenshot00102_depth_30_clear_sky_10AM.png,C:\Users\depthlev\Desktop\droneImages\dataset\depth_30\clear_sky\10AM\HighresScreenshot00102_depth_30_clear_sky_10AM.txt,excluded_problematic_folder
6296,C:\Users\depthlev\Desktop\droneImages\dataset\depth_30\clear_sky\10AM\HighresScreenshot00103_depth_30_clear_sky_10AM.png,C:\Users\depthlev\Desktop\droneImages\dataset\depth_30\clear_sky\10AM\HighresScreenshot00103_depth_30_clear_sky_10AM.txt,excluded_problematic_folder
6297,C:\Users\depthlev\Desktop\droneImages\dataset\depth_30\clear_sky\10AM\HighresScreenshot00104_depth_30_clear_sky_10AM.png,C:\Users\depthlev\Desktop\droneImages\dataset\depth_30\clear_sky\10AM\HighresScreenshot00104_depth_30_clear_sky_10AM.txt,excluded_problematic_folder
6298,C:\Users\depthlev\Desktop\droneImages\dataset\depth_30\clear_sky\10AM\HighresScreenshot00105_depth_30_clear_sky_10AM.png,C:\Users\depthlev\Desktop\droneImages\dataset\depth_30\clear_sky\10AM\HighresScreenshot00105_depth_30_clear_sky_10AM.txt,excluded_problematic_folder
6299,C:\Users\depthlev\Desktop\droneImages\dataset\depth_30\clear_sky\10AM\HighresScreenshot00106_depth_30_clear_sky_10AM.png,C:\Users\depthlev\Desktop\droneImages\dataset\depth_30\clear_sky\10AM\HighresScreenshot00106_depth_30_clear_sky_10AM.txt,excluded_problematic_folder
6300,C:\Users\depthlev\Desktop\droneImages\dataset\depth_30\clear_sky\10AM\HighresScreenshot00107_depth_30_clear_sky_10AM.png,C:\Users\depthlev\Desktop\droneImages\dataset\depth_30\clear_sky\10AM\HighresScreenshot00107_depth_30_clear_sky_10AM.txt,excluded_problematic_folder
6301,C:\Users\depthlev\Desktop\droneImages\dataset\depth_30\clear_sky\10AM\HighresScreenshot00108_depth_30_clear_sky_10AM.png,C:\Users\depthlev\Desktop\droneImages\dataset\depth_30\clear_sky\10AM\HighresScreenshot00108_depth_30_clear_sky_10AM.txt,excluded_problematic_folder
6302,C:\Users\depthlev\Desktop\droneImages\dataset\depth_30\clear_sky\10AM\HighresScreenshot00109_depth_30_clear_sky_10AM.png,C:\Users\depthlev\Desktop\droneImages\dataset\depth_30\clear_sky\10AM\HighresScreenshot00109_depth_30_clear_sky_10AM.txt,excluded_problematic_folder
6303,C:\Users\depthlev\Desktop\droneImages\dataset\depth_30\clear_sky\10AM\HighresScreenshot00110_depth_30_clear_sky_10AM.png,C:\Users\depthlev\Desktop\droneImages\dataset\depth_30\clear_sky\10AM\HighresScreenshot00110_depth_30_clear_sky_10AM.txt,excluded_problematic_folder
6304,C:\Users\depthlev\Desktop\droneImages\dataset\depth_30\clear_sky\10AM\HighresScreenshot00111_depth_30_clear_sky_10AM.png,C:\Users\depthlev\Desktop\droneImages\dataset\depth_30\clear_sky\10AM\HighresScreenshot00111_depth_30_clear_sky_10AM.txt,excluded_problematic_folder
6305,C:\Users\depthlev\Desktop\droneImages\dataset\depth_30\clear_sky\10AM\HighresScreenshot00112_depth_30_clear_sky_10AM.png,C:\Users\depthlev\Desktop\droneImages\dataset\depth_30\clear_sky\10AM\HighresScreenshot00112_depth_30_clear_sky_10AM.txt,excluded_problematic_folder
6306,C:\Users\depthlev\Desktop\droneImages\dataset\depth_30\clear_sky\10AM\HighresScreenshot00113_depth_30_clear_sky_10AM.png,C:\Users\depthlev\Desktop\droneImages\dataset\depth_30\clear_sky\10AM\HighresScreenshot00113_depth_30_clear_sky_10AM.txt,excluded_problematic_folder
6307,C:\Users\depthlev\Desktop\droneImages\dataset\depth_30\clear_sky\10AM\HighresScreenshot00114_depth_30_clear_sky_10AM.png,C:\Users\depthlev\Desktop\droneImages\dataset\depth_30\clear_sky\10AM\HighresScreenshot00114_depth_30_clear_sky_10AM.txt,excluded_problematic_folder
6308,C:\Users\depthlev\Desktop\droneImages\dataset\depth_30\clear_sky\10AM\HighresScreenshot00115_depth_30_clear_sky_10AM.png,C:\Users\depthlev\Desktop\droneImages\dataset\depth_30\clear_sky\10AM\HighresScreenshot00115_depth_30_clear_sky_10AM.txt,excluded_problematic_folder
6309,C:\Users\depthlev\Desktop\droneImages\dataset\depth_30\clear_sky\10AM\HighresScreenshot00116_depth_30_clear_sky_10AM.png,C:\Users\depthlev\Desktop\droneImages\dataset\depth_30\clear_sky\10AM\HighresScreenshot00116_depth_30_clear_sky_10AM.txt,excluded_problematic_folder
6310,C:\Users\depthlev\Desktop\droneImages\dataset\depth_30\clear_sky\10AM\HighresScreenshot00117_depth_30_clear_sky_10AM.png,C:\Users\depthlev\Desktop\droneImages\dataset\depth_30\clear_sky\10AM\HighresScreenshot00117_depth_30_clear_sky_10AM.txt,excluded_problematic_folder
6311,C:\Users\depthlev\Desktop\droneImages\dataset\depth_30\clear_sky\10AM\HighresScreenshot00118_depth_30_clear_sky_10AM.png,C:\Users\depthlev\Desktop\droneImages\dataset\depth_30\clear_sky\10AM\HighresScreenshot00118_depth_30_clear_sky_10AM.txt,excluded_problematic_folder
6312,C:\Users\depthlev\Desktop\droneImages\dataset\depth_30\clear_sky\10AM\HighresScreenshot00119_depth_30_clear_sky_10AM.png,C:\Users\depthlev\Desktop\droneImages\dataset\depth_30\clear_sky\10AM\HighresScreenshot00119_depth_30_clear_sky_10AM.txt,excluded_problematic_folder
6313,C:\Users\depthlev\Desktop\droneImages\dataset\depth_30\clear_sky\10AM\HighresScreenshot00120_depth_30_clear_sky_10AM.png,C:\Users\depthlev\Desktop\droneImages\dataset\depth_30\clear_sky\10AM\HighresScreenshot00120_depth_30_clear_sky_10AM.txt,excluded_problematic_folder
6314,C:\Users\depthlev\Desktop\droneImages\dataset\depth_30\clear_sky\10AM\HighresScreenshot00121_depth_30_clear_sky_10AM.png,C:\Users\depthlev\Desktop\droneImages\dataset\depth_30\clear_sky\10AM\HighresScreenshot00121_depth_30_clear_sky_10AM.txt,excluded_problematic_folder
6315,C:\Users\depthlev\Desktop\droneImages\dataset\depth_30\clear_sky\10AM\HighresScreenshot00122_depth_30_clear_sky_10AM.png,C:\Users\depthlev\Desktop\droneImages\dataset\depth_30\clear_sky\10AM\HighresScreenshot00122_depth_30_clear_sky_10AM.txt,excluded_problematic_folder
6316,C:\Users\depthlev\Desktop\droneImages\dataset\depth_30\clear_sky\10AM\HighresScreenshot00123_depth_30_clear_sky_10AM.png,C:\Users\depthlev\Desktop\droneImages\dataset\depth_30\clear_sky\10AM\HighresScreenshot00123_depth_30_clear_sky_10AM.txt,excluded_problematic_folder
6317,C:\Users\depthlev\Desktop\droneImages\dataset\depth_30\clear_sky\10AM\HighresScreenshot00124_depth_30_clear_sky_10AM.png,C:\Users\depthlev\Desktop\droneImages\dataset\depth_30\clear_sky\10AM\HighresScreenshot00124_depth_30_clear_sky_10AM.txt,excluded_problematic_folder
6318,C:\Users\depthlev\Desktop\droneImages\dataset\depth_30\clear_sky\10AM\HighresScreenshot00125_depth_30_clear_sky_10AM.png,C:\Users\depthlev\Desktop\droneImages\dataset\depth_30\clear_sky\10AM\HighresScreenshot00125_depth_30_clear_sky_10AM.txt,excluded_problematic_folder
6319,C:\Users\depthlev\Desktop\droneImages\dataset\depth_30\clear_sky\10AM\HighresScreenshot00126_depth_30_clear_sky_10AM.png,C:\Users\depthlev\Desktop\droneImages\dataset\depth_30\clear_sky\10AM\HighresScreenshot00126_depth_30_clear_sky_10AM.txt,excluded_problematic_folder
6320,C:\Users\depthlev\Desktop\droneImages\dataset\depth_30\clear_sky\10AM\HighresScreenshot00127_depth_30_clear_sky_10AM.png,C:\Users\depthlev\Desktop\droneImages\dataset\depth_30\clear_sky\10AM\HighresScreenshot00127_depth_30_clear_sky_10AM.txt,excluded_problematic_folder
6321,C:\Users\depthlev\Desktop\droneImages\dataset\depth_30\clear_sky\10AM\HighresScreenshot00128_depth_30_clear_sky_10AM.png,C:\Users\depthlev\Desktop\droneImages\dataset\depth_30\clear_sky\10AM\HighresScreenshot00128_depth_30_clear_sky_10AM.txt,excluded_problematic_folder
6322,C:\Users\depthlev\Desktop\droneImages\dataset\depth_30\clear_sky\10AM\HighresScreenshot00129_depth_30_clear_sky_10AM.png,C:\Users\depthlev\Desktop\droneImages\dataset\depth_30\clear_sky\10AM\HighresScreenshot00129_depth_30_clear_sky_10AM.txt,excluded_problematic_folder
6323,C:\Users\depthlev\Desktop\droneImages\dataset\depth_30\clear_sky\10AM\HighresScreenshot00130_depth_30_clear_sky_10AM.png,C:\Users\depthlev\Desktop\droneImages\dataset\depth_30\clear_sky\10AM\HighresScreenshot00130_depth_30_clear_sky_10AM.txt,excluded_problematic_folder
6324,C:\Users\depthlev\Desktop\droneImages\dataset\depth_30\clear_sky\10AM\HighresScreenshot00131_depth_30_clear_sky_10AM.png,C:\Users\depthlev\Desktop\droneImages\dataset\depth_30\clear_sky\10AM\HighresScreenshot00131_depth_30_clear_sky_10AM.txt,excluded_problematic_folder
6325,C:\Users\depthlev\Desktop\droneImages\dataset\depth_30\clear_sky\10AM\HighresScreenshot00132_depth_30_clear_sky_10AM.png,C:\Users\depthlev\Desktop\droneImages\dataset\depth_30\clear_sky\10AM\HighresScreenshot00132_depth_30_clear_sky_10AM.txt,excluded_problematic_folder
6326,C:\Users\depthlev\Desktop\droneImages\dataset\depth_30\clear_sky\10AM\HighresScreenshot00133_depth_30_clear_sky_10AM.png,C:\Users\depthlev\Desktop\droneImages\dataset\depth_30\clear_sky\10AM\HighresScreenshot00133_depth_30_clear_sky_10AM.txt,excluded_problematic_folder
6327,C:\Users\depthlev\Desktop\droneImages\dataset\depth_30\clear_sky\10AM\HighresScreenshot00134_depth_30_clear_sky_10AM.png,C:\Users\depthlev\Desktop\droneImages\dataset\depth_30\clear_sky\10AM\HighresScreenshot00134_depth_30_clear_sky_10AM.txt,excluded_problematic_folder
6328,C:\Users\depthlev\Desktop\droneImages\dataset\depth_30\clear_sky\10AM\HighresScreenshot00135_depth_30_clear_sky_10AM.png,C:\Users\depthlev\Desktop\droneImages\dataset\depth_30\clear_sky\10AM\HighresScreenshot00135_depth_30_clear_sky_10AM.txt,excluded_problematic_folder
6329,C:\Users\depthlev\Desktop\droneImages\dataset\depth_30\clear_sky\10AM\HighresScreenshot00136_depth_30_clear_sky_10AM.png,C:\Users\depthlev\Desktop\droneImages\dataset\depth_30\clear_sky\10AM\HighresScreenshot00136_depth_30_clear_sky_10AM.txt,excluded_problematic_folder
6330,C:\Users\depthlev\Desktop\droneImages\dataset\depth_30\clear_sky\10AM\HighresScreenshot00137_depth_30_clear_sky_10AM.png,C:\Users\depthlev\Desktop\droneImages\dataset\depth_30\clear_sky\10AM\HighresScreenshot00137_depth_30_clear_sky_10AM.txt,excluded_problematic_folder
6331,C:\Users\depthlev\Desktop\droneImages\dataset\depth_30\clear_sky\10AM\HighresScreenshot00138_depth_30_clear_sky_10AM.png,C:\Users\depthlev\Desktop\droneImages\dataset\depth_30\clear_sky\10AM\HighresScreenshot00138_depth_30_clear_sky_10AM.txt,excluded_problematic_folder
6332,C:\Users\depthlev\Desktop\droneImages\dataset\depth_30\clear_sky\10AM\HighresScreenshot00139_depth_30_clear_sky_10AM.png,C:\Users\depthlev\Desktop\droneImages\dataset\depth_30\clear_sky\10AM\HighresScreenshot00139_depth_30_clear_sky_10AM.txt,excluded_problematic_folder
6333,C:\Users\depthlev\Desktop\droneImages\dataset\depth_30\clear_sky\10AM\HighresScreenshot00140_depth_30_clear_sky_10AM.png,C:\Users\depthlev\Desktop\droneImages\dataset\depth_30\clear_sky\10AM\HighresScreenshot00140_depth_30_clear_sky_10AM.txt,excluded_problematic_folder
6334,C:\Users\depthlev\Desktop\droneImages\dataset\depth_30\clear_sky\10AM\HighresScreenshot00141_depth_30_clear_sky_10AM.png,C:\Users\depthlev\Desktop\droneImages\dataset\depth_30\clear_sky\10AM\HighresScreenshot00141_depth_30_clear_sky_10AM.txt,excluded_problematic_folder
6335,C:\Users\depthlev\Desktop\droneImages\dataset\depth_30\clear_sky\10AM\HighresScreenshot00142_depth_30_clear_sky_10AM.png,C:\Users\depthlev\Desktop\droneImages\dataset\depth_30\clear_sky\10AM\HighresScreenshot00142_depth_30_clear_sky_10AM.txt,excluded_problematic_folder
6336,C:\Users\depthlev\Desktop\droneImages\dataset\depth_30\clear_sky\10AM\HighresScreenshot00143_depth_30_clear_sky_10AM.png,C:\Users\depthlev\Desktop\droneImages\dataset\depth_30\clear_sky\10AM\HighresScreenshot00143_depth_30_clear_sky_10AM.txt,excluded_problematic_folder
6337,C:\Users\depthlev\Desktop\droneImages\dataset\depth_30\clear_sky\10AM\HighresScreenshot00144_depth_30_clear_sky_10AM.png,C:\Users\depthlev\Desktop\droneImages\dataset\depth_30\clear_sky\10AM\HighresScreenshot00144_depth_30_clear_sky_10AM.txt,excluded_problematic_folder
6338,C:\Users\depthlev\Desktop\droneImages\dataset\depth_30\clear_sky\10AM\HighresScreenshot00145_depth_30_clear_sky_10AM.png,C:\Users\depthlev\Desktop\droneImages\dataset\depth_30\clear_sky\10AM\HighresScreenshot00145_depth_30_clear_sky_10AM.txt,excluded_problematic_folder
6339,C:\Users\depthlev\Desktop\droneImages\dataset\depth_30\clear_sky\10AM\HighresScreenshot00146_depth_30_clear_sky_10AM.png,C:\Users\depthlev\Desktop\droneImages\dataset\depth_30\clear_sky\10AM\HighresScreenshot00146_depth_30_clear_sky_10AM.txt,excluded_problematic_folder
6340,C:\Users\depthlev\Desktop\droneImages\dataset\depth_30\clear_sky\10AM\HighresScreenshot00147_depth_30_clear_sky_10AM.png,C:\Users\depthlev\Desktop\droneImages\dataset\depth_30\clear_sky\10AM\HighresScreenshot00147_depth_30_clear_sky_10AM.txt,excluded_problematic_folder
6341,C:\Users\depthlev\Desktop\droneImages\dataset\depth_30\clear_sky\10AM\HighresScreenshot00148_depth_30_clear_sky_10AM.png,C:\Users\depthlev\Desktop\droneImages\dataset\depth_30\clear_sky\10AM\HighresScreenshot00148_depth_30_clear_sky_10AM.txt,excluded_problematic_folder
6342,C:\Users\depthlev\Desktop\droneImages\dataset\depth_30\clear_sky\10AM\HighresScreenshot00149_depth_30_clear_sky_10AM.png,C:\Users\depthlev\Desktop\droneImages\dataset\depth_30\clear_sky\10AM\HighresScreenshot00149_depth_30_clear_sky_10AM.txt,excluded_problematic_folder
6343,C:\Users\depthlev\Desktop\droneImages\dataset\depth_30\clear_sky\10AM\HighresScreenshot00150_depth_30_clear_sky_10AM.png,C:\Users\depthlev\Desktop\droneImages\dataset\depth_30\clear_sky\10AM\HighresScreenshot00150_depth_30_clear_sky_10AM.txt,excluded_problematic_folder
6344,C:\Users\depthlev\Desktop\droneImages\dataset\depth_30\clear_sky\10AM\HighresScreenshot00151_depth_30_clear_sky_10AM.png,C:\Users\depthlev\Desktop\droneImages\dataset\depth_30\clear_sky\10AM\HighresScreenshot00151_depth_30_clear_sky_10AM.txt,excluded_problematic_folder
6345,C:\Users\depthlev\Desktop\droneImages\dataset\depth_30\clear_sky\10AM\HighresScreenshot00152_depth_30_clear_sky_10AM.png,C:\Users\depthlev\Desktop\droneImages\dataset\depth_30\clear_sky\10AM\HighresScreenshot00152_depth_30_clear_sky_10AM.txt,excluded_problematic_folder
6346,C:\Users\depthlev\Desktop\droneImages\dataset\depth_30\clear_sky\10AM\HighresScreenshot00153_depth_30_clear_sky_10AM.png,C:\Users\depthlev\Desktop\droneImages\dataset\depth_30\clear_sky\10AM\HighresScreenshot00153_depth_30_clear_sky_10AM.txt,excluded_problematic_folder
6347,C:\Users\depthlev\Desktop\droneImages\dataset\depth_30\clear_sky\10AM\HighresScreenshot00154_depth_30_clear_sky_10AM.png,C:\Users\depthlev\Desktop\droneImages\dataset\depth_30\clear_sky\10AM\HighresScreenshot00154_depth_30_clear_sky_10AM.txt,excluded_problematic_folder
6348,C:\Users\depthlev\Desktop\droneImages\dataset\depth_30\clear_sky\10AM\HighresScreenshot00155_depth_30_clear_sky_10AM.png,C:\Users\depthlev\Desktop\droneImages\dataset\depth_30\clear_sky\10AM\HighresScreenshot00155_depth_30_clear_sky_10AM.txt,excluded_problematic_folder
6349,C:\Users\depthlev\Desktop\droneImages\dataset\depth_30\clear_sky\10AM\HighresScreenshot00156_depth_30_clear_sky_10AM.png,C:\Users\depthlev\Desktop\droneImages\dataset\depth_30\clear_sky\10AM\HighresScreenshot00156_depth_30_clear_sky_10AM.txt,excluded_problematic_folder
6350,C:\Users\depthlev\Desktop\droneImages\dataset\depth_30\clear_sky\10AM\HighresScreenshot00157_depth_30_clear_sky_10AM.png,C:\Users\depthlev\Desktop\droneImages\dataset\depth_30\clear_sky\10AM\HighresScreenshot00157_depth_30_clear_sky_10AM.txt,excluded_problematic_folder
6351,C:\Users\depthlev\Desktop\droneImages\dataset\depth_30\clear_sky\10AM\HighresScreenshot00158_depth_30_clear_sky_10AM.png,C:\Users\depthlev\Desktop\droneImages\dataset\depth_30\clear_sky\10AM\HighresScreenshot00158_depth_30_clear_sky_10AM.txt,excluded_problematic_folder
6352,C:\Users\depthlev\Desktop\droneImages\dataset\depth_30\clear_sky\10AM\HighresScreenshot00159_depth_30_clear_sky_10AM.png,C:\Users\depthlev\Desktop\droneImages\dataset\depth_30\clear_sky\10AM\HighresScreenshot00159_depth_30_clear_sky_10AM.txt,excluded_problematic_folder
6353,C:\Users\depthlev\Desktop\droneImages\dataset\depth_30\clear_sky\10AM\HighresScreenshot00160_depth_30_clear_sky_10AM.png,C:\Users\depthlev\Desktop\droneImages\dataset\depth_30\clear_sky\10AM\HighresScreenshot00160_depth_30_clear_sky_10AM.txt,excluded_problematic_folder
6354,C:\Users\depthlev\Desktop\droneImages\dataset\depth_30\clear_sky\10AM\HighresScreenshot00161_depth_30_clear_sky_10AM.png,C:\Users\depthlev\Desktop\droneImages\dataset\depth_30\clear_sky\10AM\HighresScreenshot00161_depth_30_clear_sky_10AM.txt,excluded_problematic_folder
6355,C:\Users\depthlev\Desktop\droneImages\dataset\depth_30\clear_sky\10AM\HighresScreenshot00162_depth_30_clear_sky_10AM.png,C:\Users\depthlev\Desktop\droneImages\dataset\depth_30\clear_sky\10AM\HighresScreenshot00162_depth_30_clear_sky_10AM.txt,excluded_problematic_folder
6356,C:\Users\depthlev\Desktop\droneImages\dataset\depth_30\clear_sky\10AM\HighresScreenshot00163_depth_30_clear_sky_10AM.png,C:\Users\depthlev\Desktop\droneImages\dataset\depth_30\clear_sky\10AM\HighresScreenshot00163_depth_30_clear_sky_10AM.txt,excluded_problematic_folder
6357,C:\Users\depthlev\Desktop\droneImages\dataset\depth_30\clear_sky\10AM\HighresScreenshot00164_depth_30_clear_sky_10AM.png,C:\Users\depthlev\Desktop\droneImages\dataset\depth_30\clear_sky\10AM\HighresScreenshot00164_depth_30_clear_sky_10AM.txt,excluded_problematic_folder
6358,C:\Users\depthlev\Desktop\droneImages\dataset\depth_30\clear_sky\10AM\HighresScreenshot00165_depth_30_clear_sky_10AM.png,C:\Users\depthlev\Desktop\droneImages\dataset\depth_30\clear_sky\10AM\HighresScreenshot00165_depth_30_clear_sky_10AM.txt,excluded_problematic_folder
6359,C:\Users\depthlev\Desktop\droneImages\dataset\depth_30\clear_sky\10AM\HighresScreenshot00166_depth_30_clear_sky_10AM.png,C:\Users\depthlev\Desktop\droneImages\dataset\depth_30\clear_sky\10AM\HighresScreenshot00166_depth_30_clear_sky_10AM.txt,excluded_problematic_folder
6360,C:\Users\depthlev\Desktop\droneImages\dataset\depth_30\clear_sky\10AM\HighresScreenshot00167_depth_30_clear_sky_10AM.png,C:\Users\depthlev\Desktop\droneImages\dataset\depth_30\clear_sky\10AM\HighresScreenshot00167_depth_30_clear_sky_10AM.txt,excluded_problematic_folder
6361,C:\Users\depthlev\Desktop\droneImages\dataset\depth_30\clear_sky\10AM\HighresScreenshot00168_depth_30_clear_sky_10AM.png,C:\Users\depthlev\Desktop\droneImages\dataset\depth_30\clear_sky\10AM\HighresScreenshot00168_depth_30_clear_sky_10AM.txt,excluded_problematic_folder
6362,C:\Users\depthlev\Desktop\droneImages\dataset\depth_30\clear_sky\10AM\HighresScreenshot00169_depth_30_clear_sky_10AM.png,C:\Users\depthlev\Desktop\droneImages\dataset\depth_30\clear_sky\10AM\HighresScreenshot00169_depth_30_clear_sky_10AM.txt,excluded_problematic_folder
6363,C:\Users\depthlev\Desktop\droneImages\dataset\depth_30\clear_sky\10AM\HighresScreenshot00170_depth_30_clear_sky_10AM.png,C:\Users\depthlev\Desktop\droneImages\dataset\depth_30\clear_sky\10AM\HighresScreenshot00170_depth_30_clear_sky_10AM.txt,excluded_problematic_folder
6364,C:\Users\depthlev\Desktop\droneImages\dataset\depth_30\clear_sky\10AM\HighresScreenshot00171_depth_30_clear_sky_10AM.png,C:\Users\depthlev\Desktop\droneImages\dataset\depth_30\clear_sky\10AM\HighresScreenshot00171_depth_30_clear_sky_10AM.txt,excluded_problematic_folder
6365,C:\Users\depthlev\Desktop\droneImages\dataset\depth_30\clear_sky\10AM\HighresScreenshot00172_depth_30_clear_sky_10AM.png,C:\Users\depthlev\Desktop\droneImages\dataset\depth_30\clear_sky\10AM\HighresScreenshot00172_depth_30_clear_sky_10AM.txt,excluded_problematic_folder
6366,C:\Users\depthlev\Desktop\droneImages\dataset\depth_30\clear_sky\10AM\HighresScreenshot00173_depth_30_clear_sky_10AM.png,C:\Users\depthlev\Desktop\droneImages\dataset\depth_30\clear_sky\10AM\HighresScreenshot00173_depth_30_clear_sky_10AM.txt,excluded_problematic_folder
6367,C:\Users\depthlev\Desktop\droneImages\dataset\depth_30\clear_sky\10AM\HighresScreenshot00174_depth_30_clear_sky_10AM.png,C:\Users\depthlev\Desktop\droneImages\dataset\depth_30\clear_sky\10AM\HighresScreenshot00174_depth_30_clear_sky_10AM.txt,excluded_problematic_folder
6368,C:\Users\depthlev\Desktop\droneImages\dataset\depth_30\clear_sky\10AM\HighresScreenshot00175_depth_30_clear_sky_10AM.png,C:\Users\depthlev\Desktop\droneImages\dataset\depth_30\clear_sky\10AM\HighresScreenshot00175_depth_30_clear_sky_10AM.txt,excluded_problematic_folder
6369,C:\Users\depthlev\Desktop\droneImages\dataset\depth_30\clear_sky\10AM\HighresScreenshot00176_depth_30_clear_sky_10AM.png,C:\Users\depthlev\Desktop\droneImages\dataset\depth_30\clear_sky\10AM\HighresScreenshot00176_depth_30_clear_sky_10AM.txt,excluded_problematic_folder
6370,C:\Users\depthlev\Desktop\droneImages\dataset\depth_30\clear_sky\10AM\HighresScreenshot00177_depth_30_clear_sky_10AM.png,C:\Users\depthlev\Desktop\droneImages\dataset\depth_30\clear_sky\10AM\HighresScreenshot00177_depth_30_clear_sky_10AM.txt,excluded_problematic_folder
6371,C:\Users\depthlev\Desktop\droneImages\dataset\depth_30\clear_sky\10AM\HighresScreenshot00178_depth_30_clear_sky_10AM.png,C:\Users\depthlev\Desktop\droneImages\dataset\depth_30\clear_sky\10AM\HighresScreenshot00178_depth_30_clear_sky_10AM.txt,excluded_problematic_folder
6372,C:\Users\depthlev\Desktop\droneImages\dataset\depth_30\clear_sky\10AM\HighresScreenshot00179_depth_30_clear_sky_10AM.png,C:\Users\depthlev\Desktop\droneImages\dataset\depth_30\clear_sky\10AM\HighresScreenshot00179_depth_30_clear_sky_10AM.txt,excluded_problematic_folder
6373,C:\Users\depthlev\Desktop\droneImages\dataset\depth_30\clear_sky\10AM\HighresScreenshot00180_depth_30_clear_sky_10AM.png,C:\Users\depthlev\Desktop\droneImages\dataset\depth_30\clear_sky\10AM\HighresScreenshot00180_depth_30_clear_sky_10AM.txt,excluded_problematic_folder
6374,C:\Users\depthlev\Desktop\droneImages\dataset\depth_30\clear_sky\10AM\HighresScreenshot00181_depth_30_clear_sky_10AM.png,C:\Users\depthlev\Desktop\droneImages\dataset\depth_30\clear_sky\10AM\HighresScreenshot00181_depth_30_clear_sky_10AM.txt,excluded_problematic_folder
6375,C:\Users\depthlev\Desktop\droneImages\dataset\depth_30\clear_sky\10AM\HighresScreenshot00182_depth_30_clear_sky_10AM.png,C:\Users\depthlev\Desktop\droneImages\dataset\depth_30\clear_sky\10AM\HighresScreenshot00182_depth_30_clear_sky_10AM.txt,excluded_problematic_folder
6376,C:\Users\depthlev\Desktop\droneImages\dataset\depth_30\clear_sky\10AM\HighresScreenshot00183_depth_30_clear_sky_10AM.png,C:\Users\depthlev\Desktop\droneImages\dataset\depth_30\clear_sky\10AM\HighresScreenshot00183_depth_30_clear_sky_10AM.txt,excluded_problematic_folder
6377,C:\Users\depthlev\Desktop\droneImages\dataset\depth_30\clear_sky\10AM\HighresScreenshot00184_depth_30_clear_sky_10AM.png,C:\Users\depthlev\Desktop\droneImages\dataset\depth_30\clear_sky\10AM\HighresScreenshot00184_depth_30_clear_sky_10AM.txt,excluded_problematic_folder
6378,C:\Users\depthlev\Desktop\droneImages\dataset\depth_30\clear_sky\10AM\HighresScreenshot00185_depth_30_clear_sky_10AM.png,C:\Users\depthlev\Desktop\droneImages\dataset\depth_30\clear_sky\10AM\HighresScreenshot00185_depth_30_clear_sky_10AM.txt,excluded_problematic_folder
6379,C:\Users\depthlev\Desktop\droneImages\dataset\depth_30\clear_sky\10AM\HighresScreenshot00186_depth_30_clear_sky_10AM.png,C:\Users\depthlev\Desktop\droneImages\dataset\depth_30\clear_sky\10AM\HighresScreenshot00186_depth_30_clear_sky_10AM.txt,excluded_problematic_folder
6380,C:\Users\depthlev\Desktop\droneImages\dataset\depth_30\clear_sky\10AM\HighresScreenshot00187_depth_30_clear_sky_10AM.png,C:\Users\depthlev\Desktop\droneImages\dataset\depth_30\clear_sky\10AM\HighresScreenshot00187_depth_30_clear_sky_10AM.txt,excluded_problematic_folder
6381,C:\Users\depthlev\Desktop\droneImages\dataset\depth_30\clear_sky\10AM\HighresScreenshot00188_depth_30_clear_sky_10AM.png,C:\Users\depthlev\Desktop\droneImages\dataset\depth_30\clear_sky\10AM\HighresScreenshot00188_depth_30_clear_sky_10AM.txt,excluded_problematic_folder
6382,C:\Users\depthlev\Desktop\droneImages\dataset\depth_30\clear_sky\10AM\HighresScreenshot00189_depth_30_clear_sky_10AM.png,C:\Users\depthlev\Desktop\droneImages\dataset\depth_30\clear_sky\10AM\HighresScreenshot00189_depth_30_clear_sky_10AM.txt,excluded_problematic_folder
6383,C:\Users\depthlev\Desktop\droneImages\dataset\depth_30\clear_sky\10AM\HighresScreenshot00190_depth_30_clear_sky_10AM.png,C:\Users\depthlev\Desktop\droneImages\dataset\depth_30\clear_sky\10AM\HighresScreenshot00190_depth_30_clear_sky_10AM.txt,excluded_problematic_folder
6384,C:\Users\depthlev\Desktop\droneImages\dataset\depth_30\clear_sky\10AM\HighresScreenshot00191_depth_30_clear_sky_10AM.png,C:\Users\depthlev\Desktop\droneImages\dataset\depth_30\clear_sky\10AM\HighresScreenshot00191_depth_30_clear_sky_10AM.txt,excluded_problematic_folder
6385,C:\Users\depthlev\Desktop\droneImages\dataset\depth_30\clear_sky\10AM\HighresScreenshot00192_depth_30_clear_sky_10AM.png,C:\Users\depthlev\Desktop\droneImages\dataset\depth_30\clear_sky\10AM\HighresScreenshot00192_depth_30_clear_sky_10AM.txt,excluded_problematic_folder
6386,C:\Users\depthlev\Desktop\droneImages\dataset\depth_30\clear_sky\10AM\HighresScreenshot00193_depth_30_clear_sky_10AM.png,C:\Users\depthlev\Desktop\droneImages\dataset\depth_30\clear_sky\10AM\HighresScreenshot00193_depth_30_clear_sky_10AM.txt,excluded_problematic_folder
6387,C:\Users\depthlev\Desktop\droneImages\dataset\depth_30\clear_sky\10AM\HighresScreenshot00194_depth_30_clear_sky_10AM.png,C:\Users\depthlev\Desktop\droneImages\dataset\depth_30\clear_sky\10AM\HighresScreenshot00194_depth_30_clear_sky_10AM.txt,excluded_problematic_folder
6388,C:\Users\depthlev\Desktop\droneImages\dataset\depth_30\clear_sky\10AM\HighresScreenshot00195_depth_30_clear_sky_10AM.png,C:\Users\depthlev\Desktop\droneImages\dataset\depth_30\clear_sky\10AM\HighresScreenshot00195_depth_30_clear_sky_10AM.txt,excluded_problematic_folder
6389,C:\Users\depthlev\Desktop\droneImages\dataset\depth_30\clear_sky\10AM\HighresScreenshot00196_depth_30_clear_sky_10AM.png,C:\Users\depthlev\Desktop\droneImages\dataset\depth_30\clear_sky\10AM\HighresScreenshot00196_depth_30_clear_sky_10AM.txt,excluded_problematic_folder
6390,C:\Users\depthlev\Desktop\droneImages\dataset\depth_30\clear_sky\10AM\HighresScreenshot00197_depth_30_clear_sky_10AM.png,C:\Users\depthlev\Desktop\droneImages\dataset\depth_30\clear_sky\10AM\HighresScreenshot00197_depth_30_clear_sky_10AM.txt,excluded_problematic_folder
6391,C:\Users\depthlev\Desktop\droneImages\dataset\depth_30\clear_sky\10AM\HighresScreenshot00198_depth_30_clear_sky_10AM.png,C:\Users\depthlev\Desktop\droneImages\dataset\depth_30\clear_sky\10AM\HighresScreenshot00198_depth_30_clear_sky_10AM.txt,excluded_problematic_folder
6392,C:\Users\depthlev\Desktop\droneImages\dataset\depth_30\clear_sky\10AM\HighresScreenshot00199_depth_30_clear_sky_10AM.png,C:\Users\depthlev\Desktop\droneImages\dataset\depth_30\clear_sky\10AM\HighresScreenshot00199_depth_30_clear_sky_10AM.txt,excluded_problematic_folder
6393,C:\Users\depthlev\Desktop\droneImages\dataset\depth_30\clear_sky\10AM\HighresScreenshot00200_depth_30_clear_sky_10AM.png,C:\Users\depthlev\Desktop\droneImages\dataset\depth_30\clear_sky\10AM\HighresScreenshot00200_depth_30_clear_sky_10AM.txt,excluded_problematic_folder
6394,C:\Users\depthlev\Desktop\droneImages\dataset\depth_30\clear_sky\10AM\HighresScreenshot00201_depth_30_clear_sky_10AM.png,C:\Users\depthlev\Desktop\droneImages\dataset\depth_30\clear_sky\10AM\HighresScreenshot00201_depth_30_clear_sky_10AM.txt,excluded_problematic_folder
6395,C:\Users\depthlev\Desktop\droneImages\dataset\depth_30\clear_sky\10AM\HighresScreenshot00202_depth_30_clear_sky_10AM.png,C:\Users\depthlev\Desktop\droneImages\dataset\depth_30\clear_sky\10AM\HighresScreenshot00202_depth_30_clear_sky_10AM.txt,excluded_problematic_folder
6396,C:\Users\depthlev\Desktop\droneImages\dataset\depth_30\clear_sky\10AM\HighresScreenshot00203_depth_30_clear_sky_10AM.png,C:\Users\depthlev\Desktop\droneImages\dataset\depth_30\clear_sky\10AM\HighresScreenshot00203_depth_30_clear_sky_10AM.txt,excluded_problematic_folder
6397,C:\Users\depthlev\Desktop\droneImages\dataset\depth_30\clear_sky\10AM\HighresScreenshot00204_depth_30_clear_sky_10AM.png,C:\Users\depthlev\Desktop\droneImages\dataset\depth_30\clear_sky\10AM\HighresScreenshot00204_depth_30_clear_sky_10AM.txt,excluded_problematic_folder
6398,C:\Users\depthlev\Desktop\droneImages\dataset\depth_30\clear_sky\10AM\HighresScreenshot00205_depth_30_clear_sky_10AM.png,C:\Users\depthlev\Desktop\droneImages\dataset\depth_30\clear_sky\10AM\HighresScreenshot00205_depth_30_clear_sky_10AM.txt,excluded_problematic_folder
6399,C:\Users\depthlev\Desktop\droneImages\dataset\depth_30\clear_sky\10AM\HighresScreenshot00206_depth_30_clear_sky_10AM.png,C:\Users\depthlev\Desktop\droneImages\dataset\depth_30\clear_sky\10AM\HighresScreenshot00206_depth_30_clear_sky_10AM.txt,excluded_problematic_folder
6400,C:\Users\depthlev\Desktop\droneImages\dataset\depth_30\clear_sky\10AM\HighresScreenshot00207_depth_30_clear_sky_10AM.png,C:\Users\depthlev\Desktop\droneImages\dataset\depth_30\clear_sky\10AM\HighresScreenshot00207_depth_30_clear_sky_10AM.txt,excluded_problematic_folder
6401,C:\Users\depthlev\Desktop\droneImages\dataset\depth_30\clear_sky\10AM\HighresScreenshot00208_depth_30_clear_sky_10AM.png,C:\Users\depthlev\Desktop\droneImages\dataset\depth_30\clear_sky\10AM\HighresScreenshot00208_depth_30_clear_sky_10AM.txt,excluded_problematic_folder
6402,C:\Users\depthlev\Desktop\droneImages\dataset\depth_30\clear_sky\10AM\HighresScreenshot00209_depth_30_clear_sky_10AM.png,C:\Users\depthlev\Desktop\droneImages\dataset\depth_30\clear_sky\10AM\HighresScreenshot00209_depth_30_clear_sky_10AM.txt,excluded_problematic_folder
6403,C:\Users\depthlev\Desktop\droneImages\dataset\depth_30\clear_sky\10AM\HighresScreenshot00210_depth_30_clear_sky_10AM.png,C:\Users\depthlev\Desktop\droneImages\dataset\depth_30\clear_sky\10AM\HighresScreenshot00210_depth_30_clear_sky_10AM.txt,excluded_problematic_folder
6404,C:\Users\depthlev\Desktop\droneImages\dataset\depth_30\clear_sky\10AM\HighresScreenshot00211_depth_30_clear_sky_10AM.png,C:\Users\depthlev\Desktop\droneImages\dataset\depth_30\clear_sky\10AM\HighresScreenshot00211_depth_30_clear_sky_10AM.txt,excluded_problematic_folder
6405,C:\Users\depthlev\Desktop\droneImages\dataset\depth_30\clear_sky\10AM\HighresScreenshot00212_depth_30_clear_sky_10AM.png,C:\Users\depthlev\Desktop\droneImages\dataset\depth_30\clear_sky\10AM\HighresScreenshot00212_depth_30_clear_sky_10AM.txt,excluded_problematic_folder
6406,C:\Users\depthlev\Desktop\droneImages\dataset\depth_30\clear_sky\10AM\HighresScreenshot00213_depth_30_clear_sky_10AM.png,C:\Users\depthlev\Desktop\droneImages\dataset\depth_30\clear_sky\10AM\HighresScreenshot00213_depth_30_clear_sky_10AM.txt,excluded_problematic_folder
6407,C:\Users\depthlev\Desktop\droneImages\dataset\depth_30\clear_sky\10AM\HighresScreenshot00214_depth_30_clear_sky_10AM.png,C:\Users\depthlev\Desktop\droneImages\dataset\depth_30\clear_sky\10AM\HighresScreenshot00214_depth_30_clear_sky_10AM.txt,excluded_problematic_folder
6408,C:\Users\depthlev\Desktop\droneImages\dataset\depth_30\clear_sky\10AM\HighresScreenshot00215_depth_30_clear_sky_10AM.png,C:\Users\depthlev\Desktop\droneImages\dataset\depth_30\clear_sky\10AM\HighresScreenshot00215_depth_30_clear_sky_10AM.txt,excluded_problematic_folder
6409,C:\Users\depthlev\Desktop\droneImages\dataset\depth_30\clear_sky\10AM\HighresScreenshot00216_depth_30_clear_sky_10AM.png,C:\Users\depthlev\Desktop\droneImages\dataset\depth_30\clear_sky\10AM\HighresScreenshot00216_depth_30_clear_sky_10AM.txt,excluded_problematic_folder
6410,C:\Users\depthlev\Desktop\droneImages\dataset\depth_30\clear_sky\10AM\HighresScreenshot00217_depth_30_clear_sky_10AM.png,C:\Users\depthlev\Desktop\droneImages\dataset\depth_30\clear_sky\10AM\HighresScreenshot00217_depth_30_clear_sky_10AM.txt,excluded_problematic_folder
6411,C:\Users\depthlev\Desktop\droneImages\dataset\depth_30\clear_sky\10AM\HighresScreenshot00218_depth_30_clear_sky_10AM.png,C:\Users\depthlev\Desktop\droneImages\dataset\depth_30\clear_sky\10AM\HighresScreenshot00218_depth_30_clear_sky_10AM.txt,excluded_problematic_folder
6412,C:\Users\depthlev\Desktop\droneImages\dataset\depth_30\clear_sky\10AM\HighresScreenshot00219_depth_30_clear_sky_10AM.png,C:\Users\depthlev\Desktop\droneImages\dataset\depth_30\clear_sky\10AM\HighresScreenshot00219_depth_30_clear_sky_10AM.txt,excluded_problematic_folder
6413,C:\Users\depthlev\Desktop\droneImages\dataset\depth_30\clear_sky\10AM\HighresScreenshot00220_depth_30_clear_sky_10AM.png,C:\Users\depthlev\Desktop\droneImages\dataset\depth_30\clear_sky\10AM\HighresScreenshot00220_depth_30_clear_sky_10AM.txt,excluded_problematic_folder
6414,C:\Users\depthlev\Desktop\droneImages\dataset\depth_30\clear_sky\10AM\HighresScreenshot00221_depth_30_clear_sky_10AM.png,C:\Users\depthlev\Desktop\droneImages\dataset\depth_30\clear_sky\10AM\HighresScreenshot00221_depth_30_clear_sky_10AM.txt,excluded_problematic_folder
6415,C:\Users\depthlev\Desktop\droneImages\dataset\depth_30\clear_sky\10AM\HighresScreenshot00222_depth_30_clear_sky_10AM.png,C:\Users\depthlev\Desktop\droneImages\dataset\depth_30\clear_sky\10AM\HighresScreenshot00222_depth_30_clear_sky_10AM.txt,excluded_problematic_folder
6416,C:\Users\depthlev\Desktop\droneImages\dataset\depth_30\clear_sky\10AM\HighresScreenshot00223_depth_30_clear_sky_10AM.png,C:\Users\depthlev\Desktop\droneImages\dataset\depth_30\clear_sky\10AM\HighresScreenshot00223_depth_30_clear_sky_10AM.txt,excluded_problematic_folder
6417,C:\Users\depthlev\Desktop\droneImages\dataset\depth_30\clear_sky\10AM\HighresScreenshot00224_depth_30_clear_sky_10AM.png,C:\Users\depthlev\Desktop\droneImages\dataset\depth_30\clear_sky\10AM\HighresScreenshot00224_depth_30_clear_sky_10AM.txt,excluded_problematic_folder
6418,C:\Users\depthlev\Desktop\droneImages\dataset\depth_30\clear_sky\10AM\HighresScreenshot00225_depth_30_clear_sky_10AM.png,C:\Users\depthlev\Desktop\droneImages\dataset\depth_30\clear_sky\10AM\HighresScreenshot00225_depth_30_clear_sky_10AM.txt,excluded_problematic_folder
6419,C:\Users\depthlev\Desktop\droneImages\dataset\depth_30\clear_sky\10AM\HighresScreenshot00226_depth_30_clear_sky_10AM.png,C:\Users\depthlev\Desktop\droneImages\dataset\depth_30\clear_sky\10AM\HighresScreenshot00226_depth_30_clear_sky_10AM.txt,excluded_problematic_folder
6420,C:\Users\depthlev\Desktop\droneImages\dataset\depth_30\clear_sky\10AM\HighresScreenshot00227_depth_30_clear_sky_10AM.png,C:\Users\depthlev\Desktop\droneImages\dataset\depth_30\clear_sky\10AM\HighresScreenshot00227_depth_30_clear_sky_10AM.txt,excluded_problematic_folder
6421,C:\Users\depthlev\Desktop\droneImages\dataset\depth_30\clear_sky\10AM\HighresScreenshot00228_depth_30_clear_sky_10AM.png,C:\Users\depthlev\Desktop\droneImages\dataset\depth_30\clear_sky\10AM\HighresScreenshot00228_depth_30_clear_sky_10AM.txt,excluded_problematic_folder
6422,C:\Users\depthlev\Desktop\droneImages\dataset\depth_30\clear_sky\10AM\HighresScreenshot00229_depth_30_clear_sky_10AM.png,C:\Users\depthlev\Desktop\droneImages\dataset\depth_30\clear_sky\10AM\HighresScreenshot00229_depth_30_clear_sky_10AM.txt,excluded_problematic_folder
6423,C:\Users\depthlev\Desktop\droneImages\dataset\depth_30\clear_sky\10AM\HighresScreenshot00230_depth_30_clear_sky_10AM.png,C:\Users\depthlev\Desktop\droneImages\dataset\depth_30\clear_sky\10AM\HighresScreenshot00230_depth_30_clear_sky_10AM.txt,excluded_problematic_folder
6424,C:\Users\depthlev\Desktop\droneImages\dataset\depth_30\clear_sky\10AM\HighresScreenshot00231_depth_30_clear_sky_10AM.png,C:\Users\depthlev\Desktop\droneImages\dataset\depth_30\clear_sky\10AM\HighresScreenshot00231_depth_30_clear_sky_10AM.txt,excluded_problematic_folder
6425,C:\Users\depthlev\Desktop\droneImages\dataset\depth_30\clear_sky\10AM\HighresScreenshot00232_depth_30_clear_sky_10AM.png,C:\Users\depthlev\Desktop\droneImages\dataset\depth_30\clear_sky\10AM\HighresScreenshot00232_depth_30_clear_sky_10AM.txt,excluded_problematic_folder
6426,C:\Users\depthlev\Desktop\droneImages\dataset\depth_30\clear_sky\10AM\HighresScreenshot00233_depth_30_clear_sky_10AM.png,C:\Users\depthlev\Desktop\droneImages\dataset\depth_30\clear_sky\10AM\HighresScreenshot00233_depth_30_clear_sky_10AM.txt,excluded_problematic_folder
6427,C:\Users\depthlev\Desktop\droneImages\dataset\depth_30\clear_sky\10AM\HighresScreenshot00234_depth_30_clear_sky_10AM.png,C:\Users\depthlev\Desktop\droneImages\dataset\depth_30\clear_sky\10AM\HighresScreenshot00234_depth_30_clear_sky_10AM.txt,excluded_problematic_folder
6428,C:\Users\depthlev\Desktop\droneImages\dataset\depth_30\clear_sky\10AM\HighresScreenshot00235_depth_30_clear_sky_10AM.png,C:\Users\depthlev\Desktop\droneImages\dataset\depth_30\clear_sky\10AM\HighresScreenshot00235_depth_30_clear_sky_10AM.txt,excluded_problematic_folder
6429,C:\Users\depthlev\Desktop\droneImages\dataset\depth_30\clear_sky\10AM\HighresScreenshot00236_depth_30_clear_sky_10AM.png,C:\Users\depthlev\Desktop\droneImages\dataset\depth_30\clear_sky\10AM\HighresScreenshot00236_depth_30_clear_sky_10AM.txt,excluded_problematic_folder
6430,C:\Users\depthlev\Desktop\droneImages\dataset\depth_30\clear_sky\10AM\HighresScreenshot00237_depth_30_clear_sky_10AM.png,C:\Users\depthlev\Desktop\droneImages\dataset\depth_30\clear_sky\10AM\HighresScreenshot00237_depth_30_clear_sky_10AM.txt,excluded_problematic_folder
6431,C:\Users\depthlev\Desktop\droneImages\dataset\depth_30\clear_sky\10AM\HighresScreenshot00238_depth_30_clear_sky_10AM.png,C:\Users\depthlev\Desktop\droneImages\dataset\depth_30\clear_sky\10AM\HighresScreenshot00238_depth_30_clear_sky_10AM.txt,excluded_problematic_folder
6432,C:\Users\depthlev\Desktop\droneImages\dataset\depth_30\clear_sky\10AM\HighresScreenshot00239_depth_30_clear_sky_10AM.png,C:\Users\depthlev\Desktop\droneImages\dataset\depth_30\clear_sky\10AM\HighresScreenshot00239_depth_30_clear_sky_10AM.txt,excluded_problematic_folder
6433,C:\Users\depthlev\Desktop\droneImages\dataset\depth_30\clear_sky\10AM\HighresScreenshot00240_depth_30_clear_sky_10AM.png,C:\Users\depthlev\Desktop\droneImages\dataset\depth_30\clear_sky\10AM\HighresScreenshot00240_depth_30_clear_sky_10AM.txt,excluded_problematic_folder
6434,C:\Users\depthlev\Desktop\droneImages\dataset\depth_30\clear_sky\10AM\HighresScreenshot00241_depth_30_clear_sky_10AM.png,C:\Users\depthlev\Desktop\droneImages\dataset\depth_30\clear_sky\10AM\HighresScreenshot00241_depth_30_clear_sky_10AM.txt,excluded_problematic_folder
6435,C:\Users\depthlev\Desktop\droneImages\dataset\depth_30\clear_sky\10AM\HighresScreenshot00242_depth_30_clear_sky_10AM.png,C:\Users\depthlev\Desktop\droneImages\dataset\depth_30\clear_sky\10AM\HighresScreenshot00242_depth_30_clear_sky_10AM.txt,excluded_problematic_folder
6436,C:\Users\depthlev\Desktop\droneImages\dataset\depth_30\clear_sky\10AM\HighresScreenshot00243_depth_30_clear_sky_10AM.png,C:\Users\depthlev\Desktop\droneImages\dataset\depth_30\clear_sky\10AM\HighresScreenshot00243_depth_30_clear_sky_10AM.txt,excluded_problematic_folder
6437,C:\Users\depthlev\Desktop\droneImages\dataset\depth_30\clear_sky\10AM\HighresScreenshot00244_depth_30_clear_sky_10AM.png,C:\Users\depthlev\Desktop\droneImages\dataset\depth_30\clear_sky\10AM\HighresScreenshot00244_depth_30_clear_sky_10AM.txt,excluded_problematic_folder
6438,C:\Users\depthlev\Desktop\droneImages\dataset\depth_30\clear_sky\10AM\HighresScreenshot00245_depth_30_clear_sky_10AM.png,C:\Users\depthlev\Desktop\droneImages\dataset\depth_30\clear_sky\10AM\HighresScreenshot00245_depth_30_clear_sky_10AM.txt,excluded_problematic_folder
6439,C:\Users\depthlev\Desktop\droneImages\dataset\depth_30\clear_sky\10AM\HighresScreenshot00246_depth_30_clear_sky_10AM.png,C:\Users\depthlev\Desktop\droneImages\dataset\depth_30\clear_sky\10AM\HighresScreenshot00246_depth_30_clear_sky_10AM.txt,excluded_problematic_folder
6440,C:\Users\depthlev\Desktop\droneImages\dataset\depth_30\clear_sky\10AM\HighresScreenshot00247_depth_30_clear_sky_10AM.png,C:\Users\depthlev\Desktop\droneImages\dataset\depth_30\clear_sky\10AM\HighresScreenshot00247_depth_30_clear_sky_10AM.txt,excluded_problematic_folder
6441,C:\Users\depthlev\Desktop\droneImages\dataset\depth_30\clear_sky\10AM\HighresScreenshot00248_depth_30_clear_sky_10AM.png,C:\Users\depthlev\Desktop\droneImages\dataset\depth_30\clear_sky\10AM\HighresScreenshot00248_depth_30_clear_sky_10AM.txt,excluded_problematic_folder
6442,C:\Users\depthlev\Desktop\droneImages\dataset\depth_30\clear_sky\10AM\HighresScreenshot00249_depth_30_clear_sky_10AM.png,C:\Users\depthlev\Desktop\droneImages\dataset\depth_30\clear_sky\10AM\HighresScreenshot00249_depth_30_clear_sky_10AM.txt,excluded_problematic_folder
6443,C:\Users\depthlev\Desktop\droneImages\dataset\depth_30\clear_sky\10AM\HighresScreenshot00250_depth_30_clear_sky_10AM.png,C:\Users\depthlev\Desktop\droneImages\dataset\depth_30\clear_sky\10AM\HighresScreenshot00250_depth_30_clear_sky_10AM.txt,excluded_problematic_folder
6444,C:\Users\depthlev\Desktop\droneImages\dataset\depth_30\clear_sky\10AM\HighresScreenshot00251_depth_30_clear_sky_10AM.png,C:\Users\depthlev\Desktop\droneImages\dataset\depth_30\clear_sky\10AM\HighresScreenshot00251_depth_30_clear_sky_10AM.txt,excluded_problematic_folder
6445,C:\Users\depthlev\Desktop\droneImages\dataset\depth_30\clear_sky\10AM\HighresScreenshot00252_depth_30_clear_sky_10AM.png,C:\Users\depthlev\Desktop\droneImages\dataset\depth_30\clear_sky\10AM\HighresScreenshot00252_depth_30_clear_sky_10AM.txt,excluded_problematic_folder
6446,C:\Users\depthlev\Desktop\droneImages\dataset\depth_30\clear_sky\10AM\HighresScreenshot00253_depth_30_clear_sky_10AM.png,C:\Users\depthlev\Desktop\droneImages\dataset\depth_30\clear_sky\10AM\HighresScreenshot00253_depth_30_clear_sky_10AM.txt,excluded_problematic_folder
6447,C:\Users\depthlev\Desktop\droneImages\dataset\depth_30\clear_sky\10AM\HighresScreenshot00254_depth_30_clear_sky_10AM.png,C:\Users\depthlev\Desktop\droneImages\dataset\depth_30\clear_sky\10AM\HighresScreenshot00254_depth_30_clear_sky_10AM.txt,excluded_problematic_folder
6448,C:\Users\depthlev\Desktop\droneImages\dataset\depth_30\clear_sky\10AM\HighresScreenshot00255_depth_30_clear_sky_10AM.png,C:\Users\depthlev\Desktop\droneImages\dataset\depth_30\clear_sky\10AM\HighresScreenshot00255_depth_30_clear_sky_10AM.txt,excluded_problematic_folder
6449,C:\Users\depthlev\Desktop\droneImages\dataset\depth_30\clear_sky\10AM\HighresScreenshot00256_depth_30_clear_sky_10AM.png,C:\Users\depthlev\Desktop\droneImages\dataset\depth_30\clear_sky\10AM\HighresScreenshot00256_depth_30_clear_sky_10AM.txt,excluded_problematic_folder
6450,C:\Users\depthlev\Desktop\droneImages\dataset\depth_30\clear_sky\10AM\HighresScreenshot00257_depth_30_clear_sky_10AM.png,C:\Users\depthlev\Desktop\droneImages\dataset\depth_30\clear_sky\10AM\HighresScreenshot00257_depth_30_clear_sky_10AM.txt,excluded_problematic_folder
6451,C:\Users\depthlev\Desktop\droneImages\dataset\depth_30\clear_sky\10AM\HighresScreenshot00258_depth_30_clear_sky_10AM.png,C:\Users\depthlev\Desktop\droneImages\dataset\depth_30\clear_sky\10AM\HighresScreenshot00258_depth_30_clear_sky_10AM.txt,excluded_problematic_folder
6452,C:\Users\depthlev\Desktop\droneImages\dataset\depth_30\clear_sky\10AM\HighresScreenshot00259_depth_30_clear_sky_10AM.png,C:\Users\depthlev\Desktop\droneImages\dataset\depth_30\clear_sky\10AM\HighresScreenshot00259_depth_30_clear_sky_10AM.txt,excluded_problematic_folder
6453,C:\Users\depthlev\Desktop\droneImages\dataset\depth_30\clear_sky\10AM\HighresScreenshot00260_depth_30_clear_sky_10AM.png,C:\Users\depthlev\Desktop\droneImages\dataset\depth_30\clear_sky\10AM\HighresScreenshot00260_depth_30_clear_sky_10AM.txt,excluded_problematic_folder
6454,C:\Users\depthlev\Desktop\droneImages\dataset\depth_30\clear_sky\10AM\HighresScreenshot00261_depth_30_clear_sky_10AM.png,C:\Users\depthlev\Desktop\droneImages\dataset\depth_30\clear_sky\10AM\HighresScreenshot00261_depth_30_clear_sky_10AM.txt,excluded_problematic_folder
6455,C:\Users\depthlev\Desktop\droneImages\dataset\depth_30\clear_sky\10AM\HighresScreenshot00262_depth_30_clear_sky_10AM.png,C:\Users\depthlev\Desktop\droneImages\dataset\depth_30\clear_sky\10AM\HighresScreenshot00262_depth_30_clear_sky_10AM.txt,excluded_problematic_folder
6456,C:\Users\depthlev\Desktop\droneImages\dataset\depth_30\clear_sky\10AM\HighresScreenshot00263_depth_30_clear_sky_10AM.png,C:\Users\depthlev\Desktop\droneImages\dataset\depth_30\clear_sky\10AM\HighresScreenshot00263_depth_30_clear_sky_10AM.txt,excluded_problematic_folder
6457,C:\Users\depthlev\Desktop\droneImages\dataset\depth_30\clear_sky\10AM\HighresScreenshot00264_depth_30_clear_sky_10AM.png,C:\Users\depthlev\Desktop\droneImages\dataset\depth_30\clear_sky\10AM\HighresScreenshot00264_depth_30_clear_sky_10AM.txt,excluded_problematic_folder
6458,C:\Users\depthlev\Desktop\droneImages\dataset\depth_30\clear_sky\10AM\HighresScreenshot00265_depth_30_clear_sky_10AM.png,C:\Users\depthlev\Desktop\droneImages\dataset\depth_30\clear_sky\10AM\HighresScreenshot00265_depth_30_clear_sky_10AM.txt,excluded_problematic_folder
6459,C:\Users\depthlev\Desktop\droneImages\dataset\depth_30\clear_sky\10AM\HighresScreenshot00266_depth_30_clear_sky_10AM.png,C:\Users\depthlev\Desktop\droneImages\dataset\depth_30\clear_sky\10AM\HighresScreenshot00266_depth_30_clear_sky_10AM.txt,excluded_problematic_folder
6460,C:\Users\depthlev\Desktop\droneImages\dataset\depth_30\clear_sky\10AM\HighresScreenshot00267_depth_30_clear_sky_10AM.png,C:\Users\depthlev\Desktop\droneImages\dataset\depth_30\clear_sky\10AM\HighresScreenshot00267_depth_30_clear_sky_10AM.txt,excluded_problematic_folder
6461,C:\Users\depthlev\Desktop\droneImages\dataset\depth_30\clear_sky\10AM\HighresScreenshot00268_depth_30_clear_sky_10AM.png,C:\Users\depthlev\Desktop\droneImages\dataset\depth_30\clear_sky\10AM\HighresScreenshot00268_depth_30_clear_sky_10AM.txt,excluded_problematic_folder
6462,C:\Users\depthlev\Desktop\droneImages\dataset\depth_30\clear_sky\10AM\HighresScreenshot00269_depth_30_clear_sky_10AM.png,C:\Users\depthlev\Desktop\droneImages\dataset\depth_30\clear_sky\10AM\HighresScreenshot00269_depth_30_clear_sky_10AM.txt,excluded_problematic_folder
6463,C:\Users\depthlev\Desktop\droneImages\dataset\depth_30\clear_sky\10AM\HighresScreenshot00270_depth_30_clear_sky_10AM.png,C:\Users\depthlev\Desktop\droneImages\dataset\depth_30\clear_sky\10AM\HighresScreenshot00270_depth_30_clear_sky_10AM.txt,excluded_problematic_folder
6464,C:\Users\depthlev\Desktop\droneImages\dataset\depth_30\clear_sky\10AM\HighresScreenshot00271_depth_30_clear_sky_10AM.png,C:\Users\depthlev\Desktop\droneImages\dataset\depth_30\clear_sky\10AM\HighresScreenshot00271_depth_30_clear_sky_10AM.txt,excluded_problematic_folder
6465,C:\Users\depthlev\Desktop\droneImages\dataset\depth_30\clear_sky\10AM\HighresScreenshot00272_depth_30_clear_sky_10AM.png,C:\Users\depthlev\Desktop\droneImages\dataset\depth_30\clear_sky\10AM\HighresScreenshot00272_depth_30_clear_sky_10AM.txt,excluded_problematic_folder
6466,C:\Users\depthlev\Desktop\droneImages\dataset\depth_30\clear_sky\10AM\HighresScreenshot00273_depth_30_clear_sky_10AM.png,C:\Users\depthlev\Desktop\droneImages\dataset\depth_30\clear_sky\10AM\HighresScreenshot00273_depth_30_clear_sky_10AM.txt,excluded_problematic_folder
6467,C:\Users\depthlev\Desktop\droneImages\dataset\depth_30\clear_sky\10AM\HighresScreenshot00274_depth_30_clear_sky_10AM.png,C:\Users\depthlev\Desktop\droneImages\dataset\depth_30\clear_sky\10AM\HighresScreenshot00274_depth_30_clear_sky_10AM.txt,excluded_problematic_folder
6468,C:\Users\depthlev\Desktop\droneImages\dataset\depth_30\clear_sky\10AM\HighresScreenshot00275_depth_30_clear_sky_10AM.png,C:\Users\depthlev\Desktop\droneImages\dataset\depth_30\clear_sky\10AM\HighresScreenshot00275_depth_30_clear_sky_10AM.txt,excluded_problematic_folder
6469,C:\Users\depthlev\Desktop\droneImages\dataset\depth_30\clear_sky\10AM\HighresScreenshot00276_depth_30_clear_sky_10AM.png,C:\Users\depthlev\Desktop\droneImages\dataset\depth_30\clear_sky\10AM\HighresScreenshot00276_depth_30_clear_sky_10AM.txt,excluded_problematic_folder
6470,C:\Users\depthlev\Desktop\droneImages\dataset\depth_30\clear_sky\10AM\HighresScreenshot00277_depth_30_clear_sky_10AM.png,C:\Users\depthlev\Desktop\droneImages\dataset\depth_30\clear_sky\10AM\HighresScreenshot00277_depth_30_clear_sky_10AM.txt,excluded_problematic_folder
6471,C:\Users\depthlev\Desktop\droneImages\dataset\depth_30\clear_sky\10AM\HighresScreenshot00278_depth_30_clear_sky_10AM.png,C:\Users\depthlev\Desktop\droneImages\dataset\depth_30\clear_sky\10AM\HighresScreenshot00278_depth_30_clear_sky_10AM.txt,excluded_problematic_folder
6472,C:\Users\depthlev\Desktop\droneImages\dataset\depth_30\clear_sky\10AM\HighresScreenshot00279_depth_30_clear_sky_10AM.png,C:\Users\depthlev\Desktop\droneImages\dataset\depth_30\clear_sky\10AM\HighresScreenshot00279_depth_30_clear_sky_10AM.txt,excluded_problematic_folder
6473,C:\Users\depthlev\Desktop\droneImages\dataset\depth_30\clear_sky\10AM\HighresScreenshot00280_depth_30_clear_sky_10AM.png,C:\Users\depthlev\Desktop\droneImages\dataset\depth_30\clear_sky\10AM\HighresScreenshot00280_depth_30_clear_sky_10AM.txt,excluded_problematic_folder
6474,C:\Users\depthlev\Desktop\droneImages\dataset\depth_30\clear_sky\10AM\HighresScreenshot00281_depth_30_clear_sky_10AM.png,C:\Users\depthlev\Desktop\droneImages\dataset\depth_30\clear_sky\10AM\HighresScreenshot00281_depth_30_clear_sky_10AM.txt,excluded_problematic_folder
6475,C:\Users\depthlev\Desktop\droneImages\dataset\depth_30\clear_sky\10AM\HighresScreenshot00282_depth_30_clear_sky_10AM.png,C:\Users\depthlev\Desktop\droneImages\dataset\depth_30\clear_sky\10AM\HighresScreenshot00282_depth_30_clear_sky_10AM.txt,excluded_problematic_folder
6476,C:\Users\depthlev\Desktop\droneImages\dataset\depth_30\clear_sky\10AM\HighresScreenshot00283_depth_30_clear_sky_10AM.png,C:\Users\depthlev\Desktop\droneImages\dataset\depth_30\clear_sky\10AM\HighresScreenshot00283_depth_30_clear_sky_10AM.txt,excluded_problematic_folder
6477,C:\Users\depthlev\Desktop\droneImages\dataset\depth_30\clear_sky\10AM\HighresScreenshot00284_depth_30_clear_sky_10AM.png,C:\Users\depthlev\Desktop\droneImages\dataset\depth_30\clear_sky\10AM\HighresScreenshot00284_depth_30_clear_sky_10AM.txt,excluded_problematic_folder
6478,C:\Users\depthlev\Desktop\droneImages\dataset\depth_30\clear_sky\10AM\HighresScreenshot00285_depth_30_clear_sky_10AM.png,C:\Users\depthlev\Desktop\droneImages\dataset\depth_30\clear_sky\10AM\HighresScreenshot00285_depth_30_clear_sky_10AM.txt,excluded_problematic_folder
6479,C:\Users\depthlev\Desktop\droneImages\dataset\depth_30\clear_sky\10AM\HighresScreenshot00286_depth_30_clear_sky_10AM.png,C:\Users\depthlev\Desktop\droneImages\dataset\depth_30\clear_sky\10AM\HighresScreenshot00286_depth_30_clear_sky_10AM.txt,excluded_problematic_folder
6480,C:\Users\depthlev\Desktop\droneImages\dataset\depth_30\clear_sky\10AM\HighresScreenshot00287_depth_30_clear_sky_10AM.png,C:\Users\depthlev\Desktop\droneImages\dataset\depth_30\clear_sky\10AM\HighresScreenshot00287_depth_30_clear_sky_10AM.txt,excluded_problematic_folder
6481,C:\Users\depthlev\Desktop\droneImages\dataset\depth_30\clear_sky\10AM\HighresScreenshot00288_depth_30_clear_sky_10AM.png,C:\Users\depthlev\Desktop\droneImages\dataset\depth_30\clear_sky\10AM\HighresScreenshot00288_depth_30_clear_sky_10AM.txt,excluded_problematic_folder
6482,C:\Users\depthlev\Desktop\droneImages\dataset\depth_30\clear_sky\10AM\HighresScreenshot00289_depth_30_clear_sky_10AM.png,C:\Users\depthlev\Desktop\droneImages\dataset\depth_30\clear_sky\10AM\HighresScreenshot00289_depth_30_clear_sky_10AM.txt,excluded_problematic_folder
6483,C:\Users\depthlev\Desktop\droneImages\dataset\depth_30\clear_sky\10AM\HighresScreenshot00290_depth_30_clear_sky_10AM.png,C:\Users\depthlev\Desktop\droneImages\dataset\depth_30\clear_sky\10AM\HighresScreenshot00290_depth_30_clear_sky_10AM.txt,excluded_problematic_folder
6484,C:\Users\depthlev\Desktop\droneImages\dataset\depth_30\clear_sky\10AM\HighresScreenshot00291_depth_30_clear_sky_10AM.png,C:\Users\depthlev\Desktop\droneImages\dataset\depth_30\clear_sky\10AM\HighresScreenshot00291_depth_30_clear_sky_10AM.txt,excluded_problematic_folder
6485,C:\Users\depthlev\Desktop\droneImages\dataset\depth_30\clear_sky\10AM\HighresScreenshot00292_depth_30_clear_sky_10AM.png,C:\Users\depthlev\Desktop\droneImages\dataset\depth_30\clear_sky\10AM\HighresScreenshot00292_depth_30_clear_sky_10AM.txt,excluded_problematic_folder
6486,C:\Users\depthlev\Desktop\droneImages\dataset\depth_30\clear_sky\10AM\HighresScreenshot00293_depth_30_clear_sky_10AM.png,C:\Users\depthlev\Desktop\droneImages\dataset\depth_30\clear_sky\10AM\HighresScreenshot00293_depth_30_clear_sky_10AM.txt,excluded_problematic_folder
6487,C:\Users\depthlev\Desktop\droneImages\dataset\depth_30\clear_sky\10AM\HighresScreenshot00294_depth_30_clear_sky_10AM.png,C:\Users\depthlev\Desktop\droneImages\dataset\depth_30\clear_sky\10AM\HighresScreenshot00294_depth_30_clear_sky_10AM.txt,excluded_problematic_folder
6488,C:\Users\depthlev\Desktop\droneImages\dataset\depth_30\clear_sky\10AM\HighresScreenshot00295_depth_30_clear_sky_10AM.png,C:\Users\depthlev\Desktop\droneImages\dataset\depth_30\clear_sky\10AM\HighresScreenshot00295_depth_30_clear_sky_10AM.txt,excluded_problematic_folder
6489,C:\Users\depthlev\Desktop\droneImages\dataset\depth_30\clear_sky\10AM\HighresScreenshot00296_depth_30_clear_sky_10AM.png,C:\Users\depthlev\Desktop\droneImages\dataset\depth_30\clear_sky\10AM\HighresScreenshot00296_depth_30_clear_sky_10AM.txt,excluded_problematic_folder
6490,C:\Users\depthlev\Desktop\droneImages\dataset\depth_30\clear_sky\10AM\HighresScreenshot00297_depth_30_clear_sky_10AM.png,C:\Users\depthlev\Desktop\droneImages\dataset\depth_30\clear_sky\10AM\HighresScreenshot00297_depth_30_clear_sky_10AM.txt,excluded_problematic_folder
6491,C:\Users\depthlev\Desktop\droneImages\dataset\depth_30\clear_sky\10AM\HighresScreenshot00298_depth_30_clear_sky_10AM.png,C:\Users\depthlev\Desktop\droneImages\dataset\depth_30\clear_sky\10AM\HighresScreenshot00298_depth_30_clear_sky_10AM.txt,excluded_problematic_folder
6492,C:\Users\depthlev\Desktop\droneImages\dataset\depth_30\clear_sky\10AM\HighresScreenshot00299_depth_30_clear_sky_10AM.png,C:\Users\depthlev\Desktop\droneImages\dataset\depth_30\clear_sky\10AM\HighresScreenshot00299_depth_30_clear_sky_10AM.txt,excluded_problematic_folder
6493,C:\Users\depthlev\Desktop\droneImages\dataset\depth_30\clear_sky\10AM\HighresScreenshot00300_depth_30_clear_sky_10AM.png,C:\Users\depthlev\Desktop\droneImages\dataset\depth_30\clear_sky\10AM\HighresScreenshot00300_depth_30_clear_sky_10AM.txt,excluded_problematic_folder
6494,C:\Users\depthlev\Desktop\droneImages\dataset\depth_30\clear_sky\10AM\HighresScreenshot00301_depth_30_clear_sky_10AM.png,C:\Users\depthlev\Desktop\droneImages\dataset\depth_30\clear_sky\10AM\HighresScreenshot00301_depth_30_clear_sky_10AM.txt,excluded_problematic_folder
6495,C:\Users\depthlev\Desktop\droneImages\dataset\depth_30\clear_sky\10AM\HighresScreenshot00302_depth_30_clear_sky_10AM.png,C:\Users\depthlev\Desktop\droneImages\dataset\depth_30\clear_sky\10AM\HighresScreenshot00302_depth_30_clear_sky_10AM.txt,excluded_problematic_folder
6496,C:\Users\depthlev\Desktop\droneImages\dataset\depth_30\clear_sky\10AM\HighresScreenshot00303_depth_30_clear_sky_10AM.png,C:\Users\depthlev\Desktop\droneImages\dataset\depth_30\clear_sky\10AM\HighresScreenshot00303_depth_30_clear_sky_10AM.txt,excluded_problematic_folder
6497,C:\Users\depthlev\Desktop\droneImages\dataset\depth_30\clear_sky\10AM\HighresScreenshot00304_depth_30_clear_sky_10AM.png,C:\Users\depthlev\Desktop\droneImages\dataset\depth_30\clear_sky\10AM\HighresScreenshot00304_depth_30_clear_sky_10AM.txt,excluded_problematic_folder
6498,C:\Users\depthlev\Desktop\droneImages\dataset\depth_30\clear_sky\10AM\HighresScreenshot00305_depth_30_clear_sky_10AM.png,C:\Users\depthlev\Desktop\droneImages\dataset\depth_30\clear_sky\10AM\HighresScreenshot00305_depth_30_clear_sky_10AM.txt,excluded_problematic_folder
6499,C:\Users\depthlev\Desktop\droneImages\dataset\depth_30\clear_sky\10AM\HighresScreenshot00306_depth_30_clear_sky_10AM.png,C:\Users\depthlev\Desktop\droneImages\dataset\depth_30\clear_sky\10AM\HighresScreenshot00306_depth_30_clear_sky_10AM.txt,excluded_problematic_folder
6500,C:\Users\depthlev\Desktop\droneImages\dataset\depth_30\clear_sky\10AM\HighresScreenshot00307_depth_30_clear_sky_10AM.png,C:\Users\depthlev\Desktop\droneImages\dataset\depth_30\clear_sky\10AM\HighresScreenshot00307_depth_30_clear_sky_10AM.txt,excluded_problematic_folder
6501,C:\Users\depthlev\Desktop\droneImages\dataset\depth_30\clear_sky\10AM\HighresScreenshot00308_depth_30_clear_sky_10AM.png,C:\Users\depthlev\Desktop\droneImages\dataset\depth_30\clear_sky\10AM\HighresScreenshot00308_depth_30_clear_sky_10AM.txt,excluded_problematic_folder
6502,C:\Users\depthlev\Desktop\droneImages\dataset\depth_30\clear_sky\10AM\HighresScreenshot00309_depth_30_clear_sky_10AM.png,C:\Users\depthlev\Desktop\droneImages\dataset\depth_30\clear_sky\10AM\HighresScreenshot00309_depth_30_clear_sky_10AM.txt,excluded_problematic_folder
6503,C:\Users\depthlev\Desktop\droneImages\dataset\depth_30\clear_sky\10AM\HighresScreenshot00310_depth_30_clear_sky_10AM.png,C:\Users\depthlev\Desktop\droneImages\dataset\depth_30\clear_sky\10AM\HighresScreenshot00310_depth_30_clear_sky_10AM.txt,excluded_problematic_folder
6504,C:\Users\depthlev\Desktop\droneImages\dataset\depth_30\clear_sky\10AM\HighresScreenshot00311_depth_30_clear_sky_10AM.png,C:\Users\depthlev\Desktop\droneImages\dataset\depth_30\clear_sky\10AM\HighresScreenshot00311_depth_30_clear_sky_10AM.txt,excluded_problematic_folder
6505,C:\Users\depthlev\Desktop\droneImages\dataset\depth_30\clear_sky\10AM\HighresScreenshot00312_depth_30_clear_sky_10AM.png,C:\Users\depthlev\Desktop\droneImages\dataset\depth_30\clear_sky\10AM\HighresScreenshot00312_depth_30_clear_sky_10AM.txt,excluded_problematic_folder
6506,C:\Users\depthlev\Desktop\droneImages\dataset\depth_30\clear_sky\10AM\HighresScreenshot00313_depth_30_clear_sky_10AM.png,C:\Users\depthlev\Desktop\droneImages\dataset\depth_30\clear_sky\10AM\HighresScreenshot00313_depth_30_clear_sky_10AM.txt,excluded_problematic_folder
6507,C:\Users\depthlev\Desktop\droneImages\dataset\depth_30\clear_sky\10AM\HighresScreenshot00314_depth_30_clear_sky_10AM.png,C:\Users\depthlev\Desktop\droneImages\dataset\depth_30\clear_sky\10AM\HighresScreenshot00314_depth_30_clear_sky_10AM.txt,excluded_problematic_folder
6508,C:\Users\depthlev\Desktop\droneImages\dataset\depth_30\clear_sky\10AM\HighresScreenshot00315_depth_30_clear_sky_10AM.png,C:\Users\depthlev\Desktop\droneImages\dataset\depth_30\clear_sky\10AM\HighresScreenshot00315_depth_30_clear_sky_10AM.txt,excluded_problematic_folder
6509,C:\Users\depthlev\Desktop\droneImages\dataset\depth_30\clear_sky\10AM\HighresScreenshot00316_depth_30_clear_sky_10AM.png,C:\Users\depthlev\Desktop\droneImages\dataset\depth_30\clear_sky\10AM\HighresScreenshot00316_depth_30_clear_sky_10AM.txt,excluded_problematic_folder
6510,C:\Users\depthlev\Desktop\droneImages\dataset\depth_30\clear_sky\10AM\HighresScreenshot00317_depth_30_clear_sky_10AM.png,C:\Users\depthlev\Desktop\droneImages\dataset\depth_30\clear_sky\10AM\HighresScreenshot00317_depth_30_clear_sky_10AM.txt,excluded_problematic_folder
6511,C:\Users\depthlev\Desktop\droneImages\dataset\depth_30\clear_sky\10AM\HighresScreenshot00318_depth_30_clear_sky_10AM.png,C:\Users\depthlev\Desktop\droneImages\dataset\depth_30\clear_sky\10AM\HighresScreenshot00318_depth_30_clear_sky_10AM.txt,excluded_problematic_folder
6512,C:\Users\depthlev\Desktop\droneImages\dataset\depth_30\clear_sky\10AM\HighresScreenshot00319_depth_30_clear_sky_10AM.png,C:\Users\depthlev\Desktop\droneImages\dataset\depth_30\clear_sky\10AM\HighresScreenshot00319_depth_30_clear_sky_10AM.txt,excluded_problematic_folder
6513,C:\Users\depthlev\Desktop\droneImages\dataset\depth_30\clear_sky\10AM\HighresScreenshot00320_depth_30_clear_sky_10AM.png,C:\Users\depthlev\Desktop\droneImages\dataset\depth_30\clear_sky\10AM\HighresScreenshot00320_depth_30_clear_sky_10AM.txt,excluded_problematic_folder
6514,C:\Users\depthlev\Desktop\droneImages\dataset\depth_30\clear_sky\10AM\HighresScreenshot00321_depth_30_clear_sky_10AM.png,C:\Users\depthlev\Desktop\droneImages\dataset\depth_30\clear_sky\10AM\HighresScreenshot00321_depth_30_clear_sky_10AM.txt,excluded_problematic_folder
6515,C:\Users\depthlev\Desktop\droneImages\dataset\depth_30\clear_sky\10AM\HighresScreenshot00322_depth_30_clear_sky_10AM.png,C:\Users\depthlev\Desktop\droneImages\dataset\depth_30\clear_sky\10AM\HighresScreenshot00322_depth_30_clear_sky_10AM.txt,excluded_problematic_folder
6516,C:\Users\depthlev\Desktop\droneImages\dataset\depth_30\clear_sky\10AM\HighresScreenshot00323_depth_30_clear_sky_10AM.png,C:\Users\depthlev\Desktop\droneImages\dataset\depth_30\clear_sky\10AM\HighresScreenshot00323_depth_30_clear_sky_10AM.txt,excluded_problematic_folder
6517,C:\Users\depthlev\Desktop\droneImages\dataset\depth_30\clear_sky\10AM\HighresScreenshot00324_depth_30_clear_sky_10AM.png,C:\Users\depthlev\Desktop\droneImages\dataset\depth_30\clear_sky\10AM\HighresScreenshot00324_depth_30_clear_sky_10AM.txt,excluded_problematic_folder
6518,C:\Users\depthlev\Desktop\droneImages\dataset\depth_30\clear_sky\10AM\HighresScreenshot00325_depth_30_clear_sky_10AM.png,C:\Users\depthlev\Desktop\droneImages\dataset\depth_30\clear_sky\10AM\HighresScreenshot00325_depth_30_clear_sky_10AM.txt,excluded_problematic_folder
6519,C:\Users\depthlev\Desktop\droneImages\dataset\depth_30\clear_sky\10AM\HighresScreenshot00326_depth_30_clear_sky_10AM.png,C:\Users\depthlev\Desktop\droneImages\dataset\depth_30\clear_sky\10AM\HighresScreenshot00326_depth_30_clear_sky_10AM.txt,excluded_problematic_folder
6520,C:\Users\depthlev\Desktop\droneImages\dataset\depth_30\clear_sky\10AM\HighresScreenshot00327_depth_30_clear_sky_10AM.png,C:\Users\depthlev\Desktop\droneImages\dataset\depth_30\clear_sky\10AM\HighresScreenshot00327_depth_30_clear_sky_10AM.txt,excluded_problematic_folder
6521,C:\Users\depthlev\Desktop\droneImages\dataset\depth_30\clear_sky\10AM\HighresScreenshot00328_depth_30_clear_sky_10AM.png,C:\Users\depthlev\Desktop\droneImages\dataset\depth_30\clear_sky\10AM\HighresScreenshot00328_depth_30_clear_sky_10AM.txt,excluded_problematic_folder
6522,C:\Users\depthlev\Desktop\droneImages\dataset\depth_30\clear_sky\10AM\HighresScreenshot00329_depth_30_clear_sky_10AM.png,C:\Users\depthlev\Desktop\droneImages\dataset\depth_30\clear_sky\10AM\HighresScreenshot00329_depth_30_clear_sky_10AM.txt,excluded_problematic_folder
6523,C:\Users\depthlev\Desktop\droneImages\dataset\depth_30\clear_sky\10AM\HighresScreenshot00330_depth_30_clear_sky_10AM.png,C:\Users\depthlev\Desktop\droneImages\dataset\depth_30\clear_sky\10AM\HighresScreenshot00330_depth_30_clear_sky_10AM.txt,excluded_problematic_folder
6524,C:\Users\depthlev\Desktop\droneImages\dataset\depth_30\clear_sky\10AM\HighresScreenshot00331_depth_30_clear_sky_10AM.png,C:\Users\depthlev\Desktop\droneImages\dataset\depth_30\clear_sky\10AM\HighresScreenshot00331_depth_30_clear_sky_10AM.txt,excluded_problematic_folder
6525,C:\Users\depthlev\Desktop\droneImages\dataset\depth_30\clear_sky\10AM\HighresScreenshot00332_depth_30_clear_sky_10AM.png,C:\Users\depthlev\Desktop\droneImages\dataset\depth_30\clear_sky\10AM\HighresScreenshot00332_depth_30_clear_sky_10AM.txt,excluded_problematic_folder
6526,C:\Users\depthlev\Desktop\droneImages\dataset\depth_30\clear_sky\10AM\HighresScreenshot00333_depth_30_clear_sky_10AM.png,C:\Users\depthlev\Desktop\droneImages\dataset\depth_30\clear_sky\10AM\HighresScreenshot00333_depth_30_clear_sky_10AM.txt,excluded_problematic_folder
6527,C:\Users\depthlev\Desktop\droneImages\dataset\depth_30\clear_sky\10AM\HighresScreenshot00334_depth_30_clear_sky_10AM.png,C:\Users\depthlev\Desktop\droneImages\dataset\depth_30\clear_sky\10AM\HighresScreenshot00334_depth_30_clear_sky_10AM.txt,excluded_problematic_folder
6528,C:\Users\depthlev\Desktop\droneImages\dataset\depth_30\clear_sky\10AM\HighresScreenshot00335_depth_30_clear_sky_10AM.png,C:\Users\depthlev\Desktop\droneImages\dataset\depth_30\clear_sky\10AM\HighresScreenshot00335_depth_30_clear_sky_10AM.txt,excluded_problematic_folder
6529,C:\Users\depthlev\Desktop\droneImages\dataset\depth_30\clear_sky\10AM\HighresScreenshot00336_depth_30_clear_sky_10AM.png,C:\Users\depthlev\Desktop\droneImages\dataset\depth_30\clear_sky\10AM\HighresScreenshot00336_depth_30_clear_sky_10AM.txt,excluded_problematic_folder
6530,C:\Users\depthlev\Desktop\droneImages\dataset\depth_30\clear_sky\10AM\HighresScreenshot00337_depth_30_clear_sky_10AM.png,C:\Users\depthlev\Desktop\droneImages\dataset\depth_30\clear_sky\10AM\HighresScreenshot00337_depth_30_clear_sky_10AM.txt,excluded_problematic_folder
6531,C:\Users\depthlev\Desktop\droneImages\dataset\depth_30\clear_sky\10AM\HighresScreenshot00338_depth_30_clear_sky_10AM.png,C:\Users\depthlev\Desktop\droneImages\dataset\depth_30\clear_sky\10AM\HighresScreenshot00338_depth_30_clear_sky_10AM.txt,excluded_problematic_folder
6532,C:\Users\depthlev\Desktop\droneImages\dataset\depth_30\clear_sky\10AM\HighresScreenshot00339_depth_30_clear_sky_10AM.png,C:\Users\depthlev\Desktop\droneImages\dataset\depth_30\clear_sky\10AM\HighresScreenshot00339_depth_30_clear_sky_10AM.txt,excluded_problematic_folder
6533,C:\Users\depthlev\Desktop\droneImages\dataset\depth_30\clear_sky\10AM\HighresScreenshot00340_depth_30_clear_sky_10AM.png,C:\Users\depthlev\Desktop\droneImages\dataset\depth_30\clear_sky\10AM\HighresScreenshot00340_depth_30_clear_sky_10AM.txt,excluded_problematic_folder
6534,C:\Users\depthlev\Desktop\droneImages\dataset\depth_30\clear_sky\10AM\HighresScreenshot00341_depth_30_clear_sky_10AM.png,C:\Users\depthlev\Desktop\droneImages\dataset\depth_30\clear_sky\10AM\HighresScreenshot00341_depth_30_clear_sky_10AM.txt,excluded_problematic_folder
6535,C:\Users\depthlev\Desktop\droneImages\dataset\depth_30\clear_sky\10AM\HighresScreenshot00342_depth_30_clear_sky_10AM.png,C:\Users\depthlev\Desktop\droneImages\dataset\depth_30\clear_sky\10AM\HighresScreenshot00342_depth_30_clear_sky_10AM.txt,excluded_problematic_folder
6536,C:\Users\depthlev\Desktop\droneImages\dataset\depth_30\clear_sky\10AM\HighresScreenshot00343_depth_30_clear_sky_10AM.png,C:\Users\depthlev\Desktop\droneImages\dataset\depth_30\clear_sky\10AM\HighresScreenshot00343_depth_30_clear_sky_10AM.txt,excluded_problematic_folder
6537,C:\Users\depthlev\Desktop\droneImages\dataset\depth_30\clear_sky\10AM\HighresScreenshot00344_depth_30_clear_sky_10AM.png,C:\Users\depthlev\Desktop\droneImages\dataset\depth_30\clear_sky\10AM\HighresScreenshot00344_depth_30_clear_sky_10AM.txt,excluded_problematic_folder
6538,C:\Users\depthlev\Desktop\droneImages\dataset\depth_30\clear_sky\10AM\HighresScreenshot00345_depth_30_clear_sky_10AM.png,C:\Users\depthlev\Desktop\droneImages\dataset\depth_30\clear_sky\10AM\HighresScreenshot00345_depth_30_clear_sky_10AM.txt,excluded_problematic_folder
6539,C:\Users\depthlev\Desktop\droneImages\dataset\depth_30\clear_sky\10AM\HighresScreenshot00346_depth_30_clear_sky_10AM.png,C:\Users\depthlev\Desktop\droneImages\dataset\depth_30\clear_sky\10AM\HighresScreenshot00346_depth_30_clear_sky_10AM.txt,excluded_problematic_folder
6540,C:\Users\depthlev\Desktop\droneImages\dataset\depth_30\clear_sky\10AM\HighresScreenshot00347_depth_30_clear_sky_10AM.png,C:\Users\depthlev\Desktop\droneImages\dataset\depth_30\clear_sky\10AM\HighresScreenshot00347_depth_30_clear_sky_10AM.txt,excluded_problematic_folder
6541,C:\Users\depthlev\Desktop\droneImages\dataset\depth_30\clear_sky\10AM\HighresScreenshot00348_depth_30_clear_sky_10AM.png,C:\Users\depthlev\Desktop\droneImages\dataset\depth_30\clear_sky\10AM\HighresScreenshot00348_depth_30_clear_sky_10AM.txt,excluded_problematic_folder
6542,C:\Users\depthlev\Desktop\droneImages\dataset\depth_30\clear_sky\10AM\HighresScreenshot00349_depth_30_clear_sky_10AM.png,C:\Users\depthlev\Desktop\droneImages\dataset\depth_30\clear_sky\10AM\HighresScreenshot00349_depth_30_clear_sky_10AM.txt,excluded_problematic_folder
6543,C:\Users\depthlev\Desktop\droneImages\dataset\depth_30\clear_sky\10AM\HighresScreenshot00350_depth_30_clear_sky_10AM.png,C:\Users\depthlev\Desktop\droneImages\dataset\depth_30\clear_sky\10AM\HighresScreenshot00350_depth_30_clear_sky_10AM.txt,excluded_problematic_folder
6544,C:\Users\depthlev\Desktop\droneImages\dataset\depth_30\clear_sky\10AM\HighresScreenshot00351_depth_30_clear_sky_10AM.png,C:\Users\depthlev\Desktop\droneImages\dataset\depth_30\clear_sky\10AM\HighresScreenshot00351_depth_30_clear_sky_10AM.txt,excluded_problematic_folder
6545,C:\Users\depthlev\Desktop\droneImages\dataset\depth_30\clear_sky\10AM\HighresScreenshot00352_depth_30_clear_sky_10AM.png,C:\Users\depthlev\Desktop\droneImages\dataset\depth_30\clear_sky\10AM\HighresScreenshot00352_depth_30_clear_sky_10AM.txt,excluded_problematic_folder
6546,C:\Users\depthlev\Desktop\droneImages\dataset\depth_30\clear_sky\10AM\HighresScreenshot00353_depth_30_clear_sky_10AM.png,C:\Users\depthlev\Desktop\droneImages\dataset\depth_30\clear_sky\10AM\HighresScreenshot00353_depth_30_clear_sky_10AM.txt,excluded_problematic_folder
6547,C:\Users\depthlev\Desktop\droneImages\dataset\depth_30\clear_sky\10AM\HighresScreenshot00354_depth_30_clear_sky_10AM.png,C:\Users\depthlev\Desktop\droneImages\dataset\depth_30\clear_sky\10AM\HighresScreenshot00354_depth_30_clear_sky_10AM.txt,excluded_problematic_folder
6548,C:\Users\depthlev\Desktop\droneImages\dataset\depth_30\clear_sky\10AM\HighresScreenshot00355_depth_30_clear_sky_10AM.png,C:\Users\depthlev\Desktop\droneImages\dataset\depth_30\clear_sky\10AM\HighresScreenshot00355_depth_30_clear_sky_10AM.txt,excluded_problematic_folder
6549,C:\Users\depthlev\Desktop\droneImages\dataset\depth_30\clear_sky\10AM\HighresScreenshot00356_depth_30_clear_sky_10AM.png,C:\Users\depthlev\Desktop\droneImages\dataset\depth_30\clear_sky\10AM\HighresScreenshot00356_depth_30_clear_sky_10AM.txt,excluded_problematic_folder
6550,C:\Users\depthlev\Desktop\droneImages\dataset\depth_30\clear_sky\10AM\HighresScreenshot00357_depth_30_clear_sky_10AM.png,C:\Users\depthlev\Desktop\droneImages\dataset\depth_30\clear_sky\10AM\HighresScreenshot00357_depth_30_clear_sky_10AM.txt,excluded_problematic_folder
6551,C:\Users\depthlev\Desktop\droneImages\dataset\depth_30\clear_sky\10AM\HighresScreenshot00358_depth_30_clear_sky_10AM.png,C:\Users\depthlev\Desktop\droneImages\dataset\depth_30\clear_sky\10AM\HighresScreenshot00358_depth_30_clear_sky_10AM.txt,excluded_problematic_folder
6552,C:\Users\depthlev\Desktop\droneImages\dataset\depth_30\clear_sky\10AM\HighresScreenshot00359_depth_30_clear_sky_10AM.png,C:\Users\depthlev\Desktop\droneImages\dataset\depth_30\clear_sky\10AM\HighresScreenshot00359_depth_30_clear_sky_10AM.txt,excluded_problematic_folder
6553,C:\Users\depthlev\Desktop\droneImages\dataset\depth_30\clear_sky\10AM\HighresScreenshot00360_depth_30_clear_sky_10AM.png,C:\Users\depthlev\Desktop\droneImages\dataset\depth_30\clear_sky\10AM\HighresScreenshot00360_depth_30_clear_sky_10AM.txt,excluded_problematic_folder
6554,C:\Users\depthlev\Desktop\droneImages\dataset\depth_30\clear_sky\10AM\HighresScreenshot00361_depth_30_clear_sky_10AM.png,C:\Users\depthlev\Desktop\droneImages\dataset\depth_30\clear_sky\10AM\HighresScreenshot00361_depth_30_clear_sky_10AM.txt,excluded_problematic_folder
6555,C:\Users\depthlev\Desktop\droneImages\dataset\depth_30\clear_sky\10AM\HighresScreenshot00362_depth_30_clear_sky_10AM.png,C:\Users\depthlev\Desktop\droneImages\dataset\depth_30\clear_sky\10AM\HighresScreenshot00362_depth_30_clear_sky_10AM.txt,excluded_problematic_folder
6556,C:\Users\depthlev\Desktop\droneImages\dataset\depth_30\clear_sky\10AM\HighresScreenshot00363_depth_30_clear_sky_10AM.png,C:\Users\depthlev\Desktop\droneImages\dataset\depth_30\clear_sky\10AM\HighresScreenshot00363_depth_30_clear_sky_10AM.txt,excluded_problematic_folder
6557,C:\Users\depthlev\Desktop\droneImages\dataset\depth_30\clear_sky\10AM\HighresScreenshot00364_depth_30_clear_sky_10AM.png,C:\Users\depthlev\Desktop\droneImages\dataset\depth_30\clear_sky\10AM\HighresScreenshot00364_depth_30_clear_sky_10AM.txt,excluded_problematic_folder
6558,C:\Users\depthlev\Desktop\droneImages\dataset\depth_30\clear_sky\10AM\HighresScreenshot00365_depth_30_clear_sky_10AM.png,C:\Users\depthlev\Desktop\droneImages\dataset\depth_30\clear_sky\10AM\HighresScreenshot00365_depth_30_clear_sky_10AM.txt,excluded_problematic_folder
6559,C:\Users\depthlev\Desktop\droneImages\dataset\depth_30\clear_sky\10AM\HighresScreenshot00366_depth_30_clear_sky_10AM.png,C:\Users\depthlev\Desktop\droneImages\dataset\depth_30\clear_sky\10AM\HighresScreenshot00366_depth_30_clear_sky_10AM.txt,excluded_problematic_folder
6560,C:\Users\depthlev\Desktop\droneImages\dataset\depth_30\clear_sky\10AM\HighresScreenshot00367_depth_30_clear_sky_10AM.png,C:\Users\depthlev\Desktop\droneImages\dataset\depth_30\clear_sky\10AM\HighresScreenshot00367_depth_30_clear_sky_10AM.txt,excluded_problematic_folder
6561,C:\Users\depthlev\Desktop\droneImages\dataset\depth_30\clear_sky\10AM\HighresScreenshot00368_depth_30_clear_sky_10AM.png,C:\Users\depthlev\Desktop\droneImages\dataset\depth_30\clear_sky\10AM\HighresScreenshot00368_depth_30_clear_sky_10AM.txt,excluded_problematic_folder
6562,C:\Users\depthlev\Desktop\droneImages\dataset\depth_30\clear_sky\10AM\HighresScreenshot00369_depth_30_clear_sky_10AM.png,C:\Users\depthlev\Desktop\droneImages\dataset\depth_30\clear_sky\10AM\HighresScreenshot00369_depth_30_clear_sky_10AM.txt,excluded_problematic_folder
6563,C:\Users\depthlev\Desktop\droneImages\dataset\depth_30\clear_sky\10AM\HighresScreenshot00370_depth_30_clear_sky_10AM.png,C:\Users\depthlev\Desktop\droneImages\dataset\depth_30\clear_sky\10AM\HighresScreenshot00370_depth_30_clear_sky_10AM.txt,excluded_problematic_folder
6564,C:\Users\depthlev\Desktop\droneImages\dataset\depth_30\clear_sky\10AM\HighresScreenshot00371_depth_30_clear_sky_10AM.png,C:\Users\depthlev\Desktop\droneImages\dataset\depth_30\clear_sky\10AM\HighresScreenshot00371_depth_30_clear_sky_10AM.txt,excluded_problematic_folder
6565,C:\Users\depthlev\Desktop\droneImages\dataset\depth_30\clear_sky\10AM\HighresScreenshot00372_depth_30_clear_sky_10AM.png,C:\Users\depthlev\Desktop\droneImages\dataset\depth_30\clear_sky\10AM\HighresScreenshot00372_depth_30_clear_sky_10AM.txt,excluded_problematic_folder
6566,C:\Users\depthlev\Desktop\droneImages\dataset\depth_30\clear_sky\10AM\HighresScreenshot00373_depth_30_clear_sky_10AM.png,C:\Users\depthlev\Desktop\droneImages\dataset\depth_30\clear_sky\10AM\HighresScreenshot00373_depth_30_clear_sky_10AM.txt,excluded_problematic_folder
6567,C:\Users\depthlev\Desktop\droneImages\dataset\depth_30\clear_sky\10AM\HighresScreenshot00374_depth_30_clear_sky_10AM.png,C:\Users\depthlev\Desktop\droneImages\dataset\depth_30\clear_sky\10AM\HighresScreenshot00374_depth_30_clear_sky_10AM.txt,excluded_problematic_folder
6568,C:\Users\depthlev\Desktop\droneImages\dataset\depth_30\clear_sky\10AM\HighresScreenshot00375_depth_30_clear_sky_10AM.png,C:\Users\depthlev\Desktop\droneImages\dataset\depth_30\clear_sky\10AM\HighresScreenshot00375_depth_30_clear_sky_10AM.txt,excluded_problematic_folder
6569,C:\Users\depthlev\Desktop\droneImages\dataset\depth_30\clear_sky\10AM\HighresScreenshot00376_depth_30_clear_sky_10AM.png,C:\Users\depthlev\Desktop\droneImages\dataset\depth_30\clear_sky\10AM\HighresScreenshot00376_depth_30_clear_sky_10AM.txt,excluded_problematic_folder
6570,C:\Users\depthlev\Desktop\droneImages\dataset\depth_30\clear_sky\10AM\HighresScreenshot00377_depth_30_clear_sky_10AM.png,C:\Users\depthlev\Desktop\droneImages\dataset\depth_30\clear_sky\10AM\HighresScreenshot00377_depth_30_clear_sky_10AM.txt,excluded_problematic_folder
6571,C:\Users\depthlev\Desktop\droneImages\dataset\depth_30\clear_sky\10AM\HighresScreenshot00378_depth_30_clear_sky_10AM.png,C:\Users\depthlev\Desktop\droneImages\dataset\depth_30\clear_sky\10AM\HighresScreenshot00378_depth_30_clear_sky_10AM.txt,excluded_problematic_folder
6572,C:\Users\depthlev\Desktop\droneImages\dataset\depth_30\clear_sky\10AM\HighresScreenshot00379_depth_30_clear_sky_10AM.png,C:\Users\depthlev\Desktop\droneImages\dataset\depth_30\clear_sky\10AM\HighresScreenshot00379_depth_30_clear_sky_10AM.txt,excluded_problematic_folder
6573,C:\Users\depthlev\Desktop\droneImages\dataset\depth_30\clear_sky\10AM\HighresScreenshot00380_depth_30_clear_sky_10AM.png,C:\Users\depthlev\Desktop\droneImages\dataset\depth_30\clear_sky\10AM\HighresScreenshot00380_depth_30_clear_sky_10AM.txt,excluded_problematic_folder
6574,C:\Users\depthlev\Desktop\droneImages\dataset\depth_30\clear_sky\10AM\HighresScreenshot00381_depth_30_clear_sky_10AM.png,C:\Users\depthlev\Desktop\droneImages\dataset\depth_30\clear_sky\10AM\HighresScreenshot00381_depth_30_clear_sky_10AM.txt,excluded_problematic_folder
6575,C:\Users\depthlev\Desktop\droneImages\dataset\depth_30\clear_sky\10AM\HighresScreenshot00382_depth_30_clear_sky_10AM.png,C:\Users\depthlev\Desktop\droneImages\dataset\depth_30\clear_sky\10AM\HighresScreenshot00382_depth_30_clear_sky_10AM.txt,excluded_problematic_folder
6576,C:\Users\depthlev\Desktop\droneImages\dataset\depth_30\clear_sky\10AM\HighresScreenshot00383_depth_30_clear_sky_10AM.png,C:\Users\depthlev\Desktop\droneImages\dataset\depth_30\clear_sky\10AM\HighresScreenshot00383_depth_30_clear_sky_10AM.txt,excluded_problematic_folder
6577,C:\Users\depthlev\Desktop\droneImages\dataset\depth_30\clear_sky\10AM\HighresScreenshot00384_depth_30_clear_sky_10AM.png,C:\Users\depthlev\Desktop\droneImages\dataset\depth_30\clear_sky\10AM\HighresScreenshot00384_depth_30_clear_sky_10AM.txt,excluded_problematic_folder
6578,C:\Users\depthlev\Desktop\droneImages\dataset\depth_30\clear_sky\10AM\HighresScreenshot00385_depth_30_clear_sky_10AM.png,C:\Users\depthlev\Desktop\droneImages\dataset\depth_30\clear_sky\10AM\HighresScreenshot00385_depth_30_clear_sky_10AM.txt,excluded_problematic_folder
6579,C:\Users\depthlev\Desktop\droneImages\dataset\depth_30\clear_sky\10AM\HighresScreenshot00386_depth_30_clear_sky_10AM.png,C:\Users\depthlev\Desktop\droneImages\dataset\depth_30\clear_sky\10AM\HighresScreenshot00386_depth_30_clear_sky_10AM.txt,excluded_problematic_folder
6580,C:\Users\depthlev\Desktop\droneImages\dataset\depth_30\clear_sky\10AM\HighresScreenshot00387_depth_30_clear_sky_10AM.png,C:\Users\depthlev\Desktop\droneImages\dataset\depth_30\clear_sky\10AM\HighresScreenshot00387_depth_30_clear_sky_10AM.txt,excluded_problematic_folder
6581,C:\Users\depthlev\Desktop\droneImages\dataset\depth_30\clear_sky\10AM\HighresScreenshot00388_depth_30_clear_sky_10AM.png,C:\Users\depthlev\Desktop\droneImages\dataset\depth_30\clear_sky\10AM\HighresScreenshot00388_depth_30_clear_sky_10AM.txt,excluded_problematic_folder
6582,C:\Users\depthlev\Desktop\droneImages\dataset\depth_30\clear_sky\10AM\HighresScreenshot00389_depth_30_clear_sky_10AM.png,C:\Users\depthlev\Desktop\droneImages\dataset\depth_30\clear_sky\10AM\HighresScreenshot00389_depth_30_clear_sky_10AM.txt,excluded_problematic_folder
6583,C:\Users\depthlev\Desktop\droneImages\dataset\depth_30\clear_sky\10AM\HighresScreenshot00390_depth_30_clear_sky_10AM.png,C:\Users\depthlev\Desktop\droneImages\dataset\depth_30\clear_sky\10AM\HighresScreenshot00390_depth_30_clear_sky_10AM.txt,excluded_problematic_folder
6584,C:\Users\depthlev\Desktop\droneImages\dataset\depth_30\clear_sky\10AM\HighresScreenshot00391_depth_30_clear_sky_10AM.png,C:\Users\depthlev\Desktop\droneImages\dataset\depth_30\clear_sky\10AM\HighresScreenshot00391_depth_30_clear_sky_10AM.txt,excluded_problematic_folder
6585,C:\Users\depthlev\Desktop\droneImages\dataset\depth_30\clear_sky\10AM\HighresScreenshot00392_depth_30_clear_sky_10AM.png,C:\Users\depthlev\Desktop\droneImages\dataset\depth_30\clear_sky\10AM\HighresScreenshot00392_depth_30_clear_sky_10AM.txt,excluded_problematic_folder
6586,C:\Users\depthlev\Desktop\droneImages\dataset\depth_30\clear_sky\10AM\HighresScreenshot00393_depth_30_clear_sky_10AM.png,C:\Users\depthlev\Desktop\droneImages\dataset\depth_30\clear_sky\10AM\HighresScreenshot00393_depth_30_clear_sky_10AM.txt,excluded_problematic_folder
6587,C:\Users\depthlev\Desktop\droneImages\dataset\depth_30\clear_sky\10AM\HighresScreenshot00394_depth_30_clear_sky_10AM.png,C:\Users\depthlev\Desktop\droneImages\dataset\depth_30\clear_sky\10AM\HighresScreenshot00394_depth_30_clear_sky_10AM.txt,excluded_problematic_folder
6588,C:\Users\depthlev\Desktop\droneImages\dataset\depth_30\clear_sky\10AM\HighresScreenshot00395_depth_30_clear_sky_10AM.png,C:\Users\depthlev\Desktop\droneImages\dataset\depth_30\clear_sky\10AM\HighresScreenshot00395_depth_30_clear_sky_10AM.txt,excluded_problematic_folder
6589,C:\Users\depthlev\Desktop\droneImages\dataset\depth_30\clear_sky\10AM\HighresScreenshot00396_depth_30_clear_sky_10AM.png,C:\Users\depthlev\Desktop\droneImages\dataset\depth_30\clear_sky\10AM\HighresScreenshot00396_depth_30_clear_sky_10AM.txt,excluded_problematic_folder
6590,C:\Users\depthlev\Desktop\droneImages\dataset\depth_30\clear_sky\10AM\HighresScreenshot00397_depth_30_clear_sky_10AM.png,C:\Users\depthlev\Desktop\droneImages\dataset\depth_30\clear_sky\10AM\HighresScreenshot00397_depth_30_clear_sky_10AM.txt,excluded_problematic_folder
6591,C:\Users\depthlev\Desktop\droneImages\dataset\depth_30\clear_sky\10AM\HighresScreenshot00398_depth_30_clear_sky_10AM.png,C:\Users\depthlev\Desktop\droneImages\dataset\depth_30\clear_sky\10AM\HighresScreenshot00398_depth_30_clear_sky_10AM.txt,excluded_problematic_folder
6592,C:\Users\depthlev\Desktop\droneImages\dataset\depth_30\clear_sky\10AM\HighresScreenshot00399_depth_30_clear_sky_10AM.png,C:\Users\depthlev\Desktop\droneImages\dataset\depth_30\clear_sky\10AM\HighresScreenshot00399_depth_30_clear_sky_10AM.txt,excluded_problematic_folder
6593,C:\Users\depthlev\Desktop\droneImages\dataset\depth_30\clear_sky\10AM\HighresScreenshot00400_depth_30_clear_sky_10AM.png,C:\Users\depthlev\Desktop\droneImages\dataset\depth_30\clear_sky\10AM\HighresScreenshot00400_depth_30_clear_sky_10AM.txt,excluded_problematic_folder
6594,C:\Users\depthlev\Desktop\droneImages\dataset\depth_30\clear_sky\10AM\HighresScreenshot00401_depth_30_clear_sky_10AM.png,C:\Users\depthlev\Desktop\droneImages\dataset\depth_30\clear_sky\10AM\HighresScreenshot00401_depth_30_clear_sky_10AM.txt,excluded_problematic_folder
6595,C:\Users\depthlev\Desktop\droneImages\dataset\depth_30\clear_sky\10AM\HighresScreenshot00402_depth_30_clear_sky_10AM.png,C:\Users\depthlev\Desktop\droneImages\dataset\depth_30\clear_sky\10AM\HighresScreenshot00402_depth_30_clear_sky_10AM.txt,excluded_problematic_folder
6596,C:\Users\depthlev\Desktop\droneImages\dataset\depth_30\clear_sky\10AM\HighresScreenshot00403_depth_30_clear_sky_10AM.png,C:\Users\depthlev\Desktop\droneImages\dataset\depth_30\clear_sky\10AM\HighresScreenshot00403_depth_30_clear_sky_10AM.txt,excluded_problematic_folder
6597,C:\Users\depthlev\Desktop\droneImages\dataset\depth_30\clear_sky\10AM\HighresScreenshot00404_depth_30_clear_sky_10AM.png,C:\Users\depthlev\Desktop\droneImages\dataset\depth_30\clear_sky\10AM\HighresScreenshot00404_depth_30_clear_sky_10AM.txt,excluded_problematic_folder
6798,C:\Users\depthlev\Desktop\droneImages\dataset\depth_30\light_rain\10AM\HighresScreenshot00001_depth_30_light_rain_10AM.png,C:\Users\depthlev\Desktop\droneImages\dataset\depth_30\light_rain\10AM\HighresScreenshot00001_depth_30_light_rain_10AM.txt,excluded_problematic_folder
6799,C:\Users\depthlev\Desktop\droneImages\dataset\depth_30\light_rain\10AM\HighresScreenshot00002_depth_30_light_rain_10AM.png,C:\Users\depthlev\Desktop\droneImages\dataset\depth_30\light_rain\10AM\HighresScreenshot00002_depth_30_light_rain_10AM.txt,excluded_problematic_folder
6800,C:\Users\depthlev\Desktop\droneImages\dataset\depth_30\light_rain\10AM\HighresScreenshot00003_depth_30_light_rain_10AM.png,C:\Users\depthlev\Desktop\droneImages\dataset\depth_30\light_rain\10AM\HighresScreenshot00003_depth_30_light_rain_10AM.txt,excluded_problematic_folder
6801,C:\Users\depthlev\Desktop\droneImages\dataset\depth_30\light_rain\10AM\HighresScreenshot00004_depth_30_light_rain_10AM.png,C:\Users\depthlev\Desktop\droneImages\dataset\depth_30\light_rain\10AM\HighresScreenshot00004_depth_30_light_rain_10AM.txt,excluded_problematic_folder
6802,C:\Users\depthlev\Desktop\droneImages\dataset\depth_30\light_rain\10AM\HighresScreenshot00005_depth_30_light_rain_10AM.png,C:\Users\depthlev\Desktop\droneImages\dataset\depth_30\light_rain\10AM\HighresScreenshot00005_depth_30_light_rain_10AM.txt,excluded_problematic_folder
6803,C:\Users\depthlev\Desktop\droneImages\dataset\depth_30\light_rain\10AM\HighresScreenshot00006_depth_30_light_rain_10AM.png,C:\Users\depthlev\Desktop\droneImages\dataset\depth_30\light_rain\10AM\HighresScreenshot00006_depth_30_light_rain_10AM.txt,excluded_problematic_folder
6804,C:\Users\depthlev\Desktop\droneImages\dataset\depth_30\light_rain\10AM\HighresScreenshot00007_depth_30_light_rain_10AM.png,C:\Users\depthlev\Desktop\droneImages\dataset\depth_30\light_rain\10AM\HighresScreenshot00007_depth_30_light_rain_10AM.txt,excluded_problematic_folder
6805,C:\Users\depthlev\Desktop\droneImages\dataset\depth_30\light_rain\10AM\HighresScreenshot00008_depth_30_light_rain_10AM.png,C:\Users\depthlev\Desktop\droneImages\dataset\depth_30\light_rain\10AM\HighresScreenshot00008_depth_30_light_rain_10AM.txt,excluded_problematic_folder
6806,C:\Users\depthlev\Desktop\droneImages\dataset\depth_30\light_rain\10AM\HighresScreenshot00009_depth_30_light_rain_10AM.png,C:\Users\depthlev\Desktop\droneImages\dataset\depth_30\light_rain\10AM\HighresScreenshot00009_depth_30_light_rain_10AM.txt,excluded_problematic_folder
6807,C:\Users\depthlev\Desktop\droneImages\dataset\depth_30\light_rain\10AM\HighresScreenshot00010_depth_30_light_rain_10AM.png,C:\Users\depthlev\Desktop\droneImages\dataset\depth_30\light_rain\10AM\HighresScreenshot00010_depth_30_light_rain_10AM.txt,excluded_problematic_folder
6808,C:\Users\depthlev\Desktop\droneImages\dataset\depth_30\light_rain\10AM\HighresScreenshot00011_depth_30_light_rain_10AM.png,C:\Users\depthlev\Desktop\droneImages\dataset\depth_30\light_rain\10AM\HighresScreenshot00011_depth_30_light_rain_10AM.txt,excluded_problematic_folder
6809,C:\Users\depthlev\Desktop\droneImages\dataset\depth_30\light_rain\10AM\HighresScreenshot00012_depth_30_light_rain_10AM.png,C:\Users\depthlev\Desktop\droneImages\dataset\depth_30\light_rain\10AM\HighresScreenshot00012_depth_30_light_rain_10AM.txt,excluded_problematic_folder
6810,C:\Users\depthlev\Desktop\droneImages\dataset\depth_30\light_rain\10AM\HighresScreenshot00013_depth_30_light_rain_10AM.png,C:\Users\depthlev\Desktop\droneImages\dataset\depth_30\light_rain\10AM\HighresScreenshot00013_depth_30_light_rain_10AM.txt,excluded_problematic_folder
6811,C:\Users\depthlev\Desktop\droneImages\dataset\depth_30\light_rain\10AM\HighresScreenshot00014_depth_30_light_rain_10AM.png,C:\Users\depthlev\Desktop\droneImages\dataset\depth_30\light_rain\10AM\HighresScreenshot00014_depth_30_light_rain_10AM.txt,excluded_problematic_folder
6812,C:\Users\depthlev\Desktop\droneImages\dataset\depth_30\light_rain\10AM\HighresScreenshot00015_depth_30_light_rain_10AM.png,C:\Users\depthlev\Desktop\droneImages\dataset\depth_30\light_rain\10AM\HighresScreenshot00015_depth_30_light_rain_10AM.txt,excluded_problematic_folder
6813,C:\Users\depthlev\Desktop\droneImages\dataset\depth_30\light_rain\10AM\HighresScreenshot00016_depth_30_light_rain_10AM.png,C:\Users\depthlev\Desktop\droneImages\dataset\depth_30\light_rain\10AM\HighresScreenshot00016_depth_30_light_rain_10AM.txt,excluded_problematic_folder
6814,C:\Users\depthlev\Desktop\droneImages\dataset\depth_30\light_rain\10AM\HighresScreenshot00017_depth_30_light_rain_10AM.png,C:\Users\depthlev\Desktop\droneImages\dataset\depth_30\light_rain\10AM\HighresScreenshot00017_depth_30_light_rain_10AM.txt,excluded_problematic_folder
6815,C:\Users\depthlev\Desktop\droneImages\dataset\depth_30\light_rain\10AM\HighresScreenshot00018_depth_30_light_rain_10AM.png,C:\Users\depthlev\Desktop\droneImages\dataset\depth_30\light_rain\10AM\HighresScreenshot00018_depth_30_light_rain_10AM.txt,excluded_problematic_folder
6816,C:\Users\depthlev\Desktop\droneImages\dataset\depth_30\light_rain\10AM\HighresScreenshot00019_depth_30_light_rain_10AM.png,C:\Users\depthlev\Desktop\droneImages\dataset\depth_30\light_rain\10AM\HighresScreenshot00019_depth_30_light_rain_10AM.txt,excluded_problematic_folder
6817,C:\Users\depthlev\Desktop\droneImages\dataset\depth_30\light_rain\10AM\HighresScreenshot00020_depth_30_light_rain_10AM.png,C:\Users\depthlev\Desktop\droneImages\dataset\depth_30\light_rain\10AM\HighresScreenshot00020_depth_30_light_rain_10AM.txt,excluded_problematic_folder
6818,C:\Users\depthlev\Desktop\droneImages\dataset\depth_30\light_rain\10AM\HighresScreenshot00021_depth_30_light_rain_10AM.png,C:\Users\depthlev\Desktop\droneImages\dataset\depth_30\light_rain\10AM\HighresScreenshot00021_depth_30_light_rain_10AM.txt,excluded_problematic_folder
6819,C:\Users\depthlev\Desktop\droneImages\dataset\depth_30\light_rain\10AM\HighresScreenshot00023_depth_30_light_rain_10AM.png,C:\Users\depthlev\Desktop\droneImages\dataset\depth_30\light_rain\10AM\HighresScreenshot00023_depth_30_light_rain_10AM.txt,excluded_problematic_folder
6820,C:\Users\depthlev\Desktop\droneImages\dataset\depth_30\light_rain\10AM\HighresScreenshot00024_depth_30_light_rain_10AM.png,C:\Users\depthlev\Desktop\droneImages\dataset\depth_30\light_rain\10AM\HighresScreenshot00024_depth_30_light_rain_10AM.txt,excluded_problematic_folder
6821,C:\Users\depthlev\Desktop\droneImages\dataset\depth_30\light_rain\10AM\HighresScreenshot00025_depth_30_light_rain_10AM.png,C:\Users\depthlev\Desktop\droneImages\dataset\depth_30\light_rain\10AM\HighresScreenshot00025_depth_30_light_rain_10AM.txt,excluded_problematic_folder
6822,C:\Users\depthlev\Desktop\droneImages\dataset\depth_30\light_rain\10AM\HighresScreenshot00026_depth_30_light_rain_10AM.png,C:\Users\depthlev\Desktop\droneImages\dataset\depth_30\light_rain\10AM\HighresScreenshot00026_depth_30_light_rain_10AM.txt,excluded_problematic_folder
6823,C:\Users\depthlev\Desktop\droneImages\dataset\depth_30\light_rain\10AM\HighresScreenshot00027_depth_30_light_rain_10AM.png,C:\Users\depthlev\Desktop\droneImages\dataset\depth_30\light_rain\10AM\HighresScreenshot00027_depth_30_light_rain_10AM.txt,excluded_problematic_folder
6824,C:\Users\depthlev\Desktop\droneImages\dataset\depth_30\light_rain\10AM\HighresScreenshot00028_depth_30_light_rain_10AM.png,C:\Users\depthlev\Desktop\droneImages\dataset\depth_30\light_rain\10AM\HighresScreenshot00028_depth_30_light_rain_10AM.txt,excluded_problematic_folder
6825,C:\Users\depthlev\Desktop\droneImages\dataset\depth_30\light_rain\10AM\HighresScreenshot00029_depth_30_light_rain_10AM.png,C:\Users\depthlev\Desktop\droneImages\dataset\depth_30\light_rain\10AM\HighresScreenshot00029_depth_30_light_rain_10AM.txt,excluded_problematic_folder
6826,C:\Users\depthlev\Desktop\droneImages\dataset\depth_30\light_rain\10AM\HighresScreenshot00030_depth_30_light_rain_10AM.png,C:\Users\depthlev\Desktop\droneImages\dataset\depth_30\light_rain\10AM\HighresScreenshot00030_depth_30_light_rain_10AM.txt,excluded_problematic_folder
6827,C:\Users\depthlev\Desktop\droneImages\dataset\depth_30\light_rain\10AM\HighresScreenshot00031_depth_30_light_rain_10AM.png,C:\Users\depthlev\Desktop\droneImages\dataset\depth_30\light_rain\10AM\HighresScreenshot00031_depth_30_light_rain_10AM.txt,excluded_problematic_folder
6828,C:\Users\depthlev\Desktop\droneImages\dataset\depth_30\light_rain\10AM\HighresScreenshot00032_depth_30_light_rain_10AM.png,C:\Users\depthlev\Desktop\droneImages\dataset\depth_30\light_rain\10AM\HighresScreenshot00032_depth_30_light_rain_10AM.txt,excluded_problematic_folder
6829,C:\Users\depthlev\Desktop\droneImages\dataset\depth_30\light_rain\10AM\HighresScreenshot00033_depth_30_light_rain_10AM.png,C:\Users\depthlev\Desktop\droneImages\dataset\depth_30\light_rain\10AM\HighresScreenshot00033_depth_30_light_rain_10AM.txt,excluded_problematic_folder
6830,C:\Users\depthlev\Desktop\droneImages\dataset\depth_30\light_rain\10AM\HighresScreenshot00034_depth_30_light_rain_10AM.png,C:\Users\depthlev\Desktop\droneImages\dataset\depth_30\light_rain\10AM\HighresScreenshot00034_depth_30_light_rain_10AM.txt,excluded_problematic_folder
6831,C:\Users\depthlev\Desktop\droneImages\dataset\depth_30\light_rain\10AM\HighresScreenshot00035_depth_30_light_rain_10AM.png,C:\Users\depthlev\Desktop\droneImages\dataset\depth_30\light_rain\10AM\HighresScreenshot00035_depth_30_light_rain_10AM.txt,excluded_problematic_folder
6832,C:\Users\depthlev\Desktop\droneImages\dataset\depth_30\light_rain\10AM\HighresScreenshot00036_depth_30_light_rain_10AM.png,C:\Users\depthlev\Desktop\droneImages\dataset\depth_30\light_rain\10AM\HighresScreenshot00036_depth_30_light_rain_10AM.txt,excluded_problematic_folder
6833,C:\Users\depthlev\Desktop\droneImages\dataset\depth_30\light_rain\10AM\HighresScreenshot00037_depth_30_light_rain_10AM.png,C:\Users\depthlev\Desktop\droneImages\dataset\depth_30\light_rain\10AM\HighresScreenshot00037_depth_30_light_rain_10AM.txt,excluded_problematic_folder
6834,C:\Users\depthlev\Desktop\droneImages\dataset\depth_30\light_rain\10AM\HighresScreenshot00038_depth_30_light_rain_10AM.png,C:\Users\depthlev\Desktop\droneImages\dataset\depth_30\light_rain\10AM\HighresScreenshot00038_depth_30_light_rain_10AM.txt,excluded_problematic_folder
6835,C:\Users\depthlev\Desktop\droneImages\dataset\depth_30\light_rain\10AM\HighresScreenshot00040_depth_30_light_rain_10AM.png,C:\Users\depthlev\Desktop\droneImages\dataset\depth_30\light_rain\10AM\HighresScreenshot00040_depth_30_light_rain_10AM.txt,excluded_problematic_folder
6836,C:\Users\depthlev\Desktop\droneImages\dataset\depth_30\light_rain\10AM\HighresScreenshot00041_depth_30_light_rain_10AM.png,C:\Users\depthlev\Desktop\droneImages\dataset\depth_30\light_rain\10AM\HighresScreenshot00041_depth_30_light_rain_10AM.txt,excluded_problematic_folder
6837,C:\Users\depthlev\Desktop\droneImages\dataset\depth_30\light_rain\10AM\HighresScreenshot00042_depth_30_light_rain_10AM.png,C:\Users\depthlev\Desktop\droneImages\dataset\depth_30\light_rain\10AM\HighresScreenshot00042_depth_30_light_rain_10AM.txt,excluded_problematic_folder
6838,C:\Users\depthlev\Desktop\droneImages\dataset\depth_30\light_rain\10AM\HighresScreenshot00043_depth_30_light_rain_10AM.png,C:\Users\depthlev\Desktop\droneImages\dataset\depth_30\light_rain\10AM\HighresScreenshot00043_depth_30_light_rain_10AM.txt,excluded_problematic_folder
6839,C:\Users\depthlev\Desktop\droneImages\dataset\depth_30\light_rain\10AM\HighresScreenshot00044_depth_30_light_rain_10AM.png,C:\Users\depthlev\Desktop\droneImages\dataset\depth_30\light_rain\10AM\HighresScreenshot00044_depth_30_light_rain_10AM.txt,excluded_problematic_folder
6840,C:\Users\depthlev\Desktop\droneImages\dataset\depth_30\light_rain\10AM\HighresScreenshot00046_depth_30_light_rain_10AM.png,C:\Users\depthlev\Desktop\droneImages\dataset\depth_30\light_rain\10AM\HighresScreenshot00046_depth_30_light_rain_10AM.txt,excluded_problematic_folder
6841,C:\Users\depthlev\Desktop\droneImages\dataset\depth_30\light_rain\10AM\HighresScreenshot00047_depth_30_light_rain_10AM.png,C:\Users\depthlev\Desktop\droneImages\dataset\depth_30\light_rain\10AM\HighresScreenshot00047_depth_30_light_rain_10AM.txt,excluded_problematic_folder
6842,C:\Users\depthlev\Desktop\droneImages\dataset\depth_30\light_rain\10AM\HighresScreenshot00048_depth_30_light_rain_10AM.png,C:\Users\depthlev\Desktop\droneImages\dataset\depth_30\light_rain\10AM\HighresScreenshot00048_depth_30_light_rain_10AM.txt,excluded_problematic_folder
6843,C:\Users\depthlev\Desktop\droneImages\dataset\depth_30\light_rain\10AM\HighresScreenshot00049_depth_30_light_rain_10AM.png,C:\Users\depthlev\Desktop\droneImages\dataset\depth_30\light_rain\10AM\HighresScreenshot00049_depth_30_light_rain_10AM.txt,excluded_problematic_folder
6844,C:\Users\depthlev\Desktop\droneImages\dataset\depth_30\light_rain\10AM\HighresScreenshot00050_depth_30_light_rain_10AM.png,C:\Users\depthlev\Desktop\droneImages\dataset\depth_30\light_rain\10AM\HighresScreenshot00050_depth_30_light_rain_10AM.txt,excluded_problematic_folder
6845,C:\Users\depthlev\Desktop\droneImages\dataset\depth_30\light_rain\10AM\HighresScreenshot00051_depth_30_light_rain_10AM.png,C:\Users\depthlev\Desktop\droneImages\dataset\depth_30\light_rain\10AM\HighresScreenshot00051_depth_30_light_rain_10AM.txt,excluded_problematic_folder
6846,C:\Users\depthlev\Desktop\droneImages\dataset\depth_30\light_rain\10AM\HighresScreenshot00052_depth_30_light_rain_10AM.png,C:\Users\depthlev\Desktop\droneImages\dataset\depth_30\light_rain\10AM\HighresScreenshot00052_depth_30_light_rain_10AM.txt,excluded_problematic_folder
6847,C:\Users\depthlev\Desktop\droneImages\dataset\depth_30\light_rain\10AM\HighresScreenshot00053_depth_30_light_rain_10AM.png,C:\Users\depthlev\Desktop\droneImages\dataset\depth_30\light_rain\10AM\HighresScreenshot00053_depth_30_light_rain_10AM.txt,excluded_problematic_folder
6848,C:\Users\depthlev\Desktop\droneImages\dataset\depth_30\light_rain\10AM\HighresScreenshot00054_depth_30_light_rain_10AM.png,C:\Users\depthlev\Desktop\droneImages\dataset\depth_30\light_rain\10AM\HighresScreenshot00054_depth_30_light_rain_10AM.txt,excluded_problematic_folder
6849,C:\Users\depthlev\Desktop\droneImages\dataset\depth_30\light_rain\10AM\HighresScreenshot00055_depth_30_light_rain_10AM.png,C:\Users\depthlev\Desktop\droneImages\dataset\depth_30\light_rain\10AM\HighresScreenshot00055_depth_30_light_rain_10AM.txt,excluded_problematic_folder
6850,C:\Users\depthlev\Desktop\droneImages\dataset\depth_30\light_rain\10AM\HighresScreenshot00056_depth_30_light_rain_10AM.png,C:\Users\depthlev\Desktop\droneImages\dataset\depth_30\light_rain\10AM\HighresScreenshot00056_depth_30_light_rain_10AM.txt,excluded_problematic_folder
6851,C:\Users\depthlev\Desktop\droneImages\dataset\depth_30\light_rain\10AM\HighresScreenshot00057_depth_30_light_rain_10AM.png,C:\Users\depthlev\Desktop\droneImages\dataset\depth_30\light_rain\10AM\HighresScreenshot00057_depth_30_light_rain_10AM.txt,excluded_problematic_folder
6852,C:\Users\depthlev\Desktop\droneImages\dataset\depth_30\light_rain\10AM\HighresScreenshot00058_depth_30_light_rain_10AM.png,C:\Users\depthlev\Desktop\droneImages\dataset\depth_30\light_rain\10AM\HighresScreenshot00058_depth_30_light_rain_10AM.txt,excluded_problematic_folder
6853,C:\Users\depthlev\Desktop\droneImages\dataset\depth_30\light_rain\10AM\HighresScreenshot00059_depth_30_light_rain_10AM.png,C:\Users\depthlev\Desktop\droneImages\dataset\depth_30\light_rain\10AM\HighresScreenshot00059_depth_30_light_rain_10AM.txt,excluded_problematic_folder
6854,C:\Users\depthlev\Desktop\droneImages\dataset\depth_30\light_rain\10AM\HighresScreenshot00060_depth_30_light_rain_10AM.png,C:\Users\depthlev\Desktop\droneImages\dataset\depth_30\light_rain\10AM\HighresScreenshot00060_depth_30_light_rain_10AM.txt,excluded_problematic_folder
6855,C:\Users\depthlev\Desktop\droneImages\dataset\depth_30\light_rain\10AM\HighresScreenshot00061_depth_30_light_rain_10AM.png,C:\Users\depthlev\Desktop\droneImages\dataset\depth_30\light_rain\10AM\HighresScreenshot00061_depth_30_light_rain_10AM.txt,excluded_problematic_folder
6856,C:\Users\depthlev\Desktop\droneImages\dataset\depth_30\light_rain\10AM\HighresScreenshot00062_depth_30_light_rain_10AM.png,C:\Users\depthlev\Desktop\droneImages\dataset\depth_30\light_rain\10AM\HighresScreenshot00062_depth_30_light_rain_10AM.txt,excluded_problematic_folder
6857,C:\Users\depthlev\Desktop\droneImages\dataset\depth_30\light_rain\10AM\HighresScreenshot00063_depth_30_light_rain_10AM.png,C:\Users\depthlev\Desktop\droneImages\dataset\depth_30\light_rain\10AM\HighresScreenshot00063_depth_30_light_rain_10AM.txt,excluded_problematic_folder
6858,C:\Users\depthlev\Desktop\droneImages\dataset\depth_30\light_rain\10AM\HighresScreenshot00064_depth_30_light_rain_10AM.png,C:\Users\depthlev\Desktop\droneImages\dataset\depth_30\light_rain\10AM\HighresScreenshot00064_depth_30_light_rain_10AM.txt,excluded_problematic_folder
6859,C:\Users\depthlev\Desktop\droneImages\dataset\depth_30\light_rain\10AM\HighresScreenshot00065_depth_30_light_rain_10AM.png,C:\Users\depthlev\Desktop\droneImages\dataset\depth_30\light_rain\10AM\HighresScreenshot00065_depth_30_light_rain_10AM.txt,excluded_problematic_folder
6860,C:\Users\depthlev\Desktop\droneImages\dataset\depth_30\light_rain\10AM\HighresScreenshot00066_depth_30_light_rain_10AM.png,C:\Users\depthlev\Desktop\droneImages\dataset\depth_30\light_rain\10AM\HighresScreenshot00066_depth_30_light_rain_10AM.txt,excluded_problematic_folder
6861,C:\Users\depthlev\Desktop\droneImages\dataset\depth_30\light_rain\10AM\HighresScreenshot00068_depth_30_light_rain_10AM.png,C:\Users\depthlev\Desktop\droneImages\dataset\depth_30\light_rain\10AM\HighresScreenshot00068_depth_30_light_rain_10AM.txt,excluded_problematic_folder
6862,C:\Users\depthlev\Desktop\droneImages\dataset\depth_30\light_rain\10AM\HighresScreenshot00069_depth_30_light_rain_10AM.png,C:\Users\depthlev\Desktop\droneImages\dataset\depth_30\light_rain\10AM\HighresScreenshot00069_depth_30_light_rain_10AM.txt,excluded_problematic_folder
6863,C:\Users\depthlev\Desktop\droneImages\dataset\depth_30\light_rain\10AM\HighresScreenshot00070_depth_30_light_rain_10AM.png,C:\Users\depthlev\Desktop\droneImages\dataset\depth_30\light_rain\10AM\HighresScreenshot00070_depth_30_light_rain_10AM.txt,excluded_problematic_folder
6864,C:\Users\depthlev\Desktop\droneImages\dataset\depth_30\light_rain\10AM\HighresScreenshot00071_depth_30_light_rain_10AM.png,C:\Users\depthlev\Desktop\droneImages\dataset\depth_30\light_rain\10AM\HighresScreenshot00071_depth_30_light_rain_10AM.txt,excluded_problematic_folder
6865,C:\Users\depthlev\Desktop\droneImages\dataset\depth_30\light_rain\10AM\HighresScreenshot00072_depth_30_light_rain_10AM.png,C:\Users\depthlev\Desktop\droneImages\dataset\depth_30\light_rain\10AM\HighresScreenshot00072_depth_30_light_rain_10AM.txt,excluded_problematic_folder
6866,C:\Users\depthlev\Desktop\droneImages\dataset\depth_30\light_rain\10AM\HighresScreenshot00074_depth_30_light_rain_10AM.png,C:\Users\depthlev\Desktop\droneImages\dataset\depth_30\light_rain\10AM\HighresScreenshot00074_depth_30_light_rain_10AM.txt,excluded_problematic_folder
6867,C:\Users\depthlev\Desktop\droneImages\dataset\depth_30\light_rain\10AM\HighresScreenshot00075_depth_30_light_rain_10AM.png,C:\Users\depthlev\Desktop\droneImages\dataset\depth_30\light_rain\10AM\HighresScreenshot00075_depth_30_light_rain_10AM.txt,excluded_problematic_folder
6868,C:\Users\depthlev\Desktop\droneImages\dataset\depth_30\light_rain\10AM\HighresScreenshot00077_depth_30_light_rain_10AM.png,C:\Users\depthlev\Desktop\droneImages\dataset\depth_30\light_rain\10AM\HighresScreenshot00077_depth_30_light_rain_10AM.txt,excluded_problematic_folder
6869,C:\Users\depthlev\Desktop\droneImages\dataset\depth_30\light_rain\10AM\HighresScreenshot00078_depth_30_light_rain_10AM.png,C:\Users\depthlev\Desktop\droneImages\dataset\depth_30\light_rain\10AM\HighresScreenshot00078_depth_30_light_rain_10AM.txt,excluded_problematic_folder
6870,C:\Users\depthlev\Desktop\droneImages\dataset\depth_30\light_rain\10AM\HighresScreenshot00079_depth_30_light_rain_10AM.png,C:\Users\depthlev\Desktop\droneImages\dataset\depth_30\light_rain\10AM\HighresScreenshot00079_depth_30_light_rain_10AM.txt,excluded_problematic_folder
6871,C:\Users\depthlev\Desktop\droneImages\dataset\depth_30\light_rain\10AM\HighresScreenshot00080_depth_30_light_rain_10AM.png,C:\Users\depthlev\Desktop\droneImages\dataset\depth_30\light_rain\10AM\HighresScreenshot00080_depth_30_light_rain_10AM.txt,excluded_problematic_folder
6872,C:\Users\depthlev\Desktop\droneImages\dataset\depth_30\light_rain\10AM\HighresScreenshot00081_depth_30_light_rain_10AM.png,C:\Users\depthlev\Desktop\droneImages\dataset\depth_30\light_rain\10AM\HighresScreenshot00081_depth_30_light_rain_10AM.txt,excluded_problematic_folder
6873,C:\Users\depthlev\Desktop\droneImages\dataset\depth_30\light_rain\10AM\HighresScreenshot00082_depth_30_light_rain_10AM.png,C:\Users\depthlev\Desktop\droneImages\dataset\depth_30\light_rain\10AM\HighresScreenshot00082_depth_30_light_rain_10AM.txt,excluded_problematic_folder
6874,C:\Users\depthlev\Desktop\droneImages\dataset\depth_30\light_rain\10AM\HighresScreenshot00083_depth_30_light_rain_10AM.png,C:\Users\depthlev\Desktop\droneImages\dataset\depth_30\light_rain\10AM\HighresScreenshot00083_depth_30_light_rain_10AM.txt,excluded_problematic_folder
6875,C:\Users\depthlev\Desktop\droneImages\dataset\depth_30\light_rain\10AM\HighresScreenshot00084_depth_30_light_rain_10AM.png,C:\Users\depthlev\Desktop\droneImages\dataset\depth_30\light_rain\10AM\HighresScreenshot00084_depth_30_light_rain_10AM.txt,excluded_problematic_folder
6876,C:\Users\depthlev\Desktop\droneImages\dataset\depth_30\light_rain\10AM\HighresScreenshot00085_depth_30_light_rain_10AM.png,C:\Users\depthlev\Desktop\droneImages\dataset\depth_30\light_rain\10AM\HighresScreenshot00085_depth_30_light_rain_10AM.txt,excluded_problematic_folder
6877,C:\Users\depthlev\Desktop\droneImages\dataset\depth_30\light_rain\10AM\HighresScreenshot00086_depth_30_light_rain_10AM.png,C:\Users\depthlev\Desktop\droneImages\dataset\depth_30\light_rain\10AM\HighresScreenshot00086_depth_30_light_rain_10AM.txt,excluded_problematic_folder
6878,C:\Users\depthlev\Desktop\droneImages\dataset\depth_30\light_rain\10AM\HighresScreenshot00087_depth_30_light_rain_10AM.png,C:\Users\depthlev\Desktop\droneImages\dataset\depth_30\light_rain\10AM\HighresScreenshot00087_depth_30_light_rain_10AM.txt,excluded_problematic_folder
6879,C:\Users\depthlev\Desktop\droneImages\dataset\depth_30\light_rain\10AM\HighresScreenshot00088_depth_30_light_rain_10AM.png,C:\Users\depthlev\Desktop\droneImages\dataset\depth_30\light_rain\10AM\HighresScreenshot00088_depth_30_light_rain_10AM.txt,excluded_problematic_folder
6880,C:\Users\depthlev\Desktop\droneImages\dataset\depth_30\light_rain\10AM\HighresScreenshot00092_depth_30_light_rain_10AM.png,C:\Users\depthlev\Desktop\droneImages\dataset\depth_30\light_rain\10AM\HighresScreenshot00092_depth_30_light_rain_10AM.txt,excluded_problematic_folder
6881,C:\Users\depthlev\Desktop\droneImages\dataset\depth_30\light_rain\10AM\HighresScreenshot00093_depth_30_light_rain_10AM.png,C:\Users\depthlev\Desktop\droneImages\dataset\depth_30\light_rain\10AM\HighresScreenshot00093_depth_30_light_rain_10AM.txt,excluded_problematic_folder
6882,C:\Users\depthlev\Desktop\droneImages\dataset\depth_30\light_rain\10AM\HighresScreenshot00094_depth_30_light_rain_10AM.png,C:\Users\depthlev\Desktop\droneImages\dataset\depth_30\light_rain\10AM\HighresScreenshot00094_depth_30_light_rain_10AM.txt,excluded_problematic_folder
6883,C:\Users\depthlev\Desktop\droneImages\dataset\depth_30\light_rain\10AM\HighresScreenshot00095_depth_30_light_rain_10AM.png,C:\Users\depthlev\Desktop\droneImages\dataset\depth_30\light_rain\10AM\HighresScreenshot00095_depth_30_light_rain_10AM.txt,excluded_problematic_folder
6884,C:\Users\depthlev\Desktop\droneImages\dataset\depth_30\light_rain\10AM\HighresScreenshot00096_depth_30_light_rain_10AM.png,C:\Users\depthlev\Desktop\droneImages\dataset\depth_30\light_rain\10AM\HighresScreenshot00096_depth_30_light_rain_10AM.txt,excluded_problematic_folder
6885,C:\Users\depthlev\Desktop\droneImages\dataset\depth_30\light_rain\10AM\HighresScreenshot00097_depth_30_light_rain_10AM.png,C:\Users\depthlev\Desktop\droneImages\dataset\depth_30\light_rain\10AM\HighresScreenshot00097_depth_30_light_rain_10AM.txt,excluded_problematic_folder
6886,C:\Users\depthlev\Desktop\droneImages\dataset\depth_30\light_rain\10AM\HighresScreenshot00099_depth_30_light_rain_10AM.png,C:\Users\depthlev\Desktop\droneImages\dataset\depth_30\light_rain\10AM\HighresScreenshot00099_depth_30_light_rain_10AM.txt,excluded_problematic_folder
6887,C:\Users\depthlev\Desktop\droneImages\dataset\depth_30\light_rain\10AM\HighresScreenshot00100_depth_30_light_rain_10AM.png,C:\Users\depthlev\Desktop\droneImages\dataset\depth_30\light_rain\10AM\HighresScreenshot00100_depth_30_light_rain_10AM.txt,excluded_problematic_folder
6888,C:\Users\depthlev\Desktop\droneImages\dataset\depth_30\light_rain\10AM\HighresScreenshot00101_depth_30_light_rain_10AM.png,C:\Users\depthlev\Desktop\droneImages\dataset\depth_30\light_rain\10AM\HighresScreenshot00101_depth_30_light_rain_10AM.txt,excluded_problematic_folder
6889,C:\Users\depthlev\Desktop\droneImages\dataset\depth_30\light_rain\10AM\HighresScreenshot00102_depth_30_light_rain_10AM.png,C:\Users\depthlev\Desktop\droneImages\dataset\depth_30\light_rain\10AM\HighresScreenshot00102_depth_30_light_rain_10AM.txt,excluded_problematic_folder
6890,C:\Users\depthlev\Desktop\droneImages\dataset\depth_30\light_rain\10AM\HighresScreenshot00103_depth_30_light_rain_10AM.png,C:\Users\depthlev\Desktop\droneImages\dataset\depth_30\light_rain\10AM\HighresScreenshot00103_depth_30_light_rain_10AM.txt,excluded_problematic_folder
6891,C:\Users\depthlev\Desktop\droneImages\dataset\depth_30\light_rain\10AM\HighresScreenshot00104_depth_30_light_rain_10AM.png,C:\Users\depthlev\Desktop\droneImages\dataset\depth_30\light_rain\10AM\HighresScreenshot00104_depth_30_light_rain_10AM.txt,excluded_problematic_folder
6892,C:\Users\depthlev\Desktop\droneImages\dataset\depth_30\light_rain\10AM\HighresScreenshot00105_depth_30_light_rain_10AM.png,C:\Users\depthlev\Desktop\droneImages\dataset\depth_30\light_rain\10AM\HighresScreenshot00105_depth_30_light_rain_10AM.txt,excluded_problematic_folder
6893,C:\Users\depthlev\Desktop\droneImages\dataset\depth_30\light_rain\10AM\HighresScreenshot00106_depth_30_light_rain_10AM.png,C:\Users\depthlev\Desktop\droneImages\dataset\depth_30\light_rain\10AM\HighresScreenshot00106_depth_30_light_rain_10AM.txt,excluded_problematic_folder
6894,C:\Users\depthlev\Desktop\droneImages\dataset\depth_30\light_rain\10AM\HighresScreenshot00107_depth_30_light_rain_10AM.png,C:\Users\depthlev\Desktop\droneImages\dataset\depth_30\light_rain\10AM\HighresScreenshot00107_depth_30_light_rain_10AM.txt,excluded_problematic_folder
6895,C:\Users\depthlev\Desktop\droneImages\dataset\depth_30\light_rain\10AM\HighresScreenshot00109_depth_30_light_rain_10AM.png,C:\Users\depthlev\Desktop\droneImages\dataset\depth_30\light_rain\10AM\HighresScreenshot00109_depth_30_light_rain_10AM.txt,excluded_problematic_folder
6896,C:\Users\depthlev\Desktop\droneImages\dataset\depth_30\light_rain\10AM\HighresScreenshot00110_depth_30_light_rain_10AM.png,C:\Users\depthlev\Desktop\droneImages\dataset\depth_30\light_rain\10AM\HighresScreenshot00110_depth_30_light_rain_10AM.txt,excluded_problematic_folder
6897,C:\Users\depthlev\Desktop\droneImages\dataset\depth_30\light_rain\10AM\HighresScreenshot00113_depth_30_light_rain_10AM.png,C:\Users\depthlev\Desktop\droneImages\dataset\depth_30\light_rain\10AM\HighresScreenshot00113_depth_30_light_rain_10AM.txt,excluded_problematic_folder
6898,C:\Users\depthlev\Desktop\droneImages\dataset\depth_30\light_rain\10AM\HighresScreenshot00114_depth_30_light_rain_10AM.png,C:\Users\depthlev\Desktop\droneImages\dataset\depth_30\light_rain\10AM\HighresScreenshot00114_depth_30_light_rain_10AM.txt,excluded_problematic_folder
6899,C:\Users\depthlev\Desktop\droneImages\dataset\depth_30\light_rain\10AM\HighresScreenshot00115_depth_30_light_rain_10AM.png,C:\Users\depthlev\Desktop\droneImages\dataset\depth_30\light_rain\10AM\HighresScreenshot00115_depth_30_light_rain_10AM.txt,excluded_problematic_folder
6900,C:\Users\depthlev\Desktop\droneImages\dataset\depth_30\light_rain\10AM\HighresScreenshot00116_depth_30_light_rain_10AM.png,C:\Users\depthlev\Desktop\droneImages\dataset\depth_30\light_rain\10AM\HighresScreenshot00116_depth_30_light_rain_10AM.txt,excluded_problematic_folder
6901,C:\Users\depthlev\Desktop\droneImages\dataset\depth_30\light_rain\10AM\HighresScreenshot00117_depth_30_light_rain_10AM.png,C:\Users\depthlev\Desktop\droneImages\dataset\depth_30\light_rain\10AM\HighresScreenshot00117_depth_30_light_rain_10AM.txt,excluded_problematic_folder
6902,C:\Users\depthlev\Desktop\droneImages\dataset\depth_30\light_rain\10AM\HighresScreenshot00118_depth_30_light_rain_10AM.png,C:\Users\depthlev\Desktop\droneImages\dataset\depth_30\light_rain\10AM\HighresScreenshot00118_depth_30_light_rain_10AM.txt,excluded_problematic_folder
6903,C:\Users\depthlev\Desktop\droneImages\dataset\depth_30\light_rain\10AM\HighresScreenshot00119_depth_30_light_rain_10AM.png,C:\Users\depthlev\Desktop\droneImages\dataset\depth_30\light_rain\10AM\HighresScreenshot00119_depth_30_light_rain_10AM.txt,excluded_problematic_folder
6904,C:\Users\depthlev\Desktop\droneImages\dataset\depth_30\light_rain\10AM\HighresScreenshot00126_depth_30_light_rain_10AM.png,C:\Users\depthlev\Desktop\droneImages\dataset\depth_30\light_rain\10AM\HighresScreenshot00126_depth_30_light_rain_10AM.txt,excluded_problematic_folder
6905,C:\Users\depthlev\Desktop\droneImages\dataset\depth_30\light_rain\10AM\HighresScreenshot00127_depth_30_light_rain_10AM.png,C:\Users\depthlev\Desktop\droneImages\dataset\depth_30\light_rain\10AM\HighresScreenshot00127_depth_30_light_rain_10AM.txt,excluded_problematic_folder
6906,C:\Users\depthlev\Desktop\droneImages\dataset\depth_30\light_rain\10AM\HighresScreenshot00128_depth_30_light_rain_10AM.png,C:\Users\depthlev\Desktop\droneImages\dataset\depth_30\light_rain\10AM\HighresScreenshot00128_depth_30_light_rain_10AM.txt,excluded_problematic_folder
6907,C:\Users\depthlev\Desktop\droneImages\dataset\depth_30\light_rain\10AM\HighresScreenshot00129_depth_30_light_rain_10AM.png,C:\Users\depthlev\Desktop\droneImages\dataset\depth_30\light_rain\10AM\HighresScreenshot00129_depth_30_light_rain_10AM.txt,excluded_problematic_folder
6908,C:\Users\depthlev\Desktop\droneImages\dataset\depth_30\light_rain\10AM\HighresScreenshot00130_depth_30_light_rain_10AM.png,C:\Users\depthlev\Desktop\droneImages\dataset\depth_30\light_rain\10AM\HighresScreenshot00130_depth_30_light_rain_10AM.txt,excluded_problematic_folder
6909,C:\Users\depthlev\Desktop\droneImages\dataset\depth_30\light_rain\10AM\HighresScreenshot00131_depth_30_light_rain_10AM.png,C:\Users\depthlev\Desktop\droneImages\dataset\depth_30\light_rain\10AM\HighresScreenshot00131_depth_30_light_rain_10AM.txt,excluded_problematic_folder
6910,C:\Users\depthlev\Desktop\droneImages\dataset\depth_30\light_rain\10AM\HighresScreenshot00132_depth_30_light_rain_10AM.png,C:\Users\depthlev\Desktop\droneImages\dataset\depth_30\light_rain\10AM\HighresScreenshot00132_depth_30_light_rain_10AM.txt,excluded_problematic_folder
6911,C:\Users\depthlev\Desktop\droneImages\dataset\depth_30\light_rain\10AM\HighresScreenshot00133_depth_30_light_rain_10AM.png,C:\Users\depthlev\Desktop\droneImages\dataset\depth_30\light_rain\10AM\HighresScreenshot00133_depth_30_light_rain_10AM.txt,excluded_problematic_folder
6912,C:\Users\depthlev\Desktop\droneImages\dataset\depth_30\light_rain\10AM\HighresScreenshot00134_depth_30_light_rain_10AM.png,C:\Users\depthlev\Desktop\droneImages\dataset\depth_30\light_rain\10AM\HighresScreenshot00134_depth_30_light_rain_10AM.txt,excluded_problematic_folder
6913,C:\Users\depthlev\Desktop\droneImages\dataset\depth_30\light_rain\10AM\HighresScreenshot00135_depth_30_light_rain_10AM.png,C:\Users\depthlev\Desktop\droneImages\dataset\depth_30\light_rain\10AM\HighresScreenshot00135_depth_30_light_rain_10AM.txt,excluded_problematic_folder
6914,C:\Users\depthlev\Desktop\droneImages\dataset\depth_30\light_rain\10AM\HighresScreenshot00136_depth_30_light_rain_10AM.png,C:\Users\depthlev\Desktop\droneImages\dataset\depth_30\light_rain\10AM\HighresScreenshot00136_depth_30_light_rain_10AM.txt,excluded_problematic_folder
6915,C:\Users\depthlev\Desktop\droneImages\dataset\depth_30\light_rain\10AM\HighresScreenshot00137_depth_30_light_rain_10AM.png,C:\Users\depthlev\Desktop\droneImages\dataset\depth_30\light_rain\10AM\HighresScreenshot00137_depth_30_light_rain_10AM.txt,excluded_problematic_folder
6916,C:\Users\depthlev\Desktop\droneImages\dataset\depth_30\light_rain\10AM\HighresScreenshot00138_depth_30_light_rain_10AM.png,C:\Users\depthlev\Desktop\droneImages\dataset\depth_30\light_rain\10AM\HighresScreenshot00138_depth_30_light_rain_10AM.txt,excluded_problematic_folder
6917,C:\Users\depthlev\Desktop\droneImages\dataset\depth_30\light_rain\10AM\HighresScreenshot00139_depth_30_light_rain_10AM.png,C:\Users\depthlev\Desktop\droneImages\dataset\depth_30\light_rain\10AM\HighresScreenshot00139_depth_30_light_rain_10AM.txt,excluded_problematic_folder
6918,C:\Users\depthlev\Desktop\droneImages\dataset\depth_30\light_rain\10AM\HighresScreenshot00140_depth_30_light_rain_10AM.png,C:\Users\depthlev\Desktop\droneImages\dataset\depth_30\light_rain\10AM\HighresScreenshot00140_depth_30_light_rain_10AM.txt,excluded_problematic_folder
6919,C:\Users\depthlev\Desktop\droneImages\dataset\depth_30\light_rain\10AM\HighresScreenshot00141_depth_30_light_rain_10AM.png,C:\Users\depthlev\Desktop\droneImages\dataset\depth_30\light_rain\10AM\HighresScreenshot00141_depth_30_light_rain_10AM.txt,excluded_problematic_folder
6920,C:\Users\depthlev\Desktop\droneImages\dataset\depth_30\light_rain\10AM\HighresScreenshot00142_depth_30_light_rain_10AM.png,C:\Users\depthlev\Desktop\droneImages\dataset\depth_30\light_rain\10AM\HighresScreenshot00142_depth_30_light_rain_10AM.txt,excluded_problematic_folder
6921,C:\Users\depthlev\Desktop\droneImages\dataset\depth_30\light_rain\10AM\HighresScreenshot00143_depth_30_light_rain_10AM.png,C:\Users\depthlev\Desktop\droneImages\dataset\depth_30\light_rain\10AM\HighresScreenshot00143_depth_30_light_rain_10AM.txt,excluded_problematic_folder
6922,C:\Users\depthlev\Desktop\droneImages\dataset\depth_30\light_rain\10AM\HighresScreenshot00144_depth_30_light_rain_10AM.png,C:\Users\depthlev\Desktop\droneImages\dataset\depth_30\light_rain\10AM\HighresScreenshot00144_depth_30_light_rain_10AM.txt,excluded_problematic_folder
6923,C:\Users\depthlev\Desktop\droneImages\dataset\depth_30\light_rain\10AM\HighresScreenshot00145_depth_30_light_rain_10AM.png,C:\Users\depthlev\Desktop\droneImages\dataset\depth_30\light_rain\10AM\HighresScreenshot00145_depth_30_light_rain_10AM.txt,excluded_problematic_folder
6924,C:\Users\depthlev\Desktop\droneImages\dataset\depth_30\light_rain\10AM\HighresScreenshot00146_depth_30_light_rain_10AM.png,C:\Users\depthlev\Desktop\droneImages\dataset\depth_30\light_rain\10AM\HighresScreenshot00146_depth_30_light_rain_10AM.txt,excluded_problematic_folder
6925,C:\Users\depthlev\Desktop\droneImages\dataset\depth_30\light_rain\10AM\HighresScreenshot00148_depth_30_light_rain_10AM.png,C:\Users\depthlev\Desktop\droneImages\dataset\depth_30\light_rain\10AM\HighresScreenshot00148_depth_30_light_rain_10AM.txt,excluded_problematic_folder
6926,C:\Users\depthlev\Desktop\droneImages\dataset\depth_30\light_rain\10AM\HighresScreenshot00149_depth_30_light_rain_10AM.png,C:\Users\depthlev\Desktop\droneImages\dataset\depth_30\light_rain\10AM\HighresScreenshot00149_depth_30_light_rain_10AM.txt,excluded_problematic_folder
6927,C:\Users\depthlev\Desktop\droneImages\dataset\depth_30\light_rain\10AM\HighresScreenshot00150_depth_30_light_rain_10AM.png,C:\Users\depthlev\Desktop\droneImages\dataset\depth_30\light_rain\10AM\HighresScreenshot00150_depth_30_light_rain_10AM.txt,excluded_problematic_folder
6928,C:\Users\depthlev\Desktop\droneImages\dataset\depth_30\light_rain\10AM\HighresScreenshot00151_depth_30_light_rain_10AM.png,C:\Users\depthlev\Desktop\droneImages\dataset\depth_30\light_rain\10AM\HighresScreenshot00151_depth_30_light_rain_10AM.txt,excluded_problematic_folder
6929,C:\Users\depthlev\Desktop\droneImages\dataset\depth_30\light_rain\10AM\HighresScreenshot00152_depth_30_light_rain_10AM.png,C:\Users\depthlev\Desktop\droneImages\dataset\depth_30\light_rain\10AM\HighresScreenshot00152_depth_30_light_rain_10AM.txt,excluded_problematic_folder
6930,C:\Users\depthlev\Desktop\droneImages\dataset\depth_30\light_rain\10AM\HighresScreenshot00153_depth_30_light_rain_10AM.png,C:\Users\depthlev\Desktop\droneImages\dataset\depth_30\light_rain\10AM\HighresScreenshot00153_depth_30_light_rain_10AM.txt,excluded_problematic_folder
6931,C:\Users\depthlev\Desktop\droneImages\dataset\depth_30\light_rain\10AM\HighresScreenshot00154_depth_30_light_rain_10AM.png,C:\Users\depthlev\Desktop\droneImages\dataset\depth_30\light_rain\10AM\HighresScreenshot00154_depth_30_light_rain_10AM.txt,excluded_problematic_folder
6932,C:\Users\depthlev\Desktop\droneImages\dataset\depth_30\light_rain\10AM\HighresScreenshot00155_depth_30_light_rain_10AM.png,C:\Users\depthlev\Desktop\droneImages\dataset\depth_30\light_rain\10AM\HighresScreenshot00155_depth_30_light_rain_10AM.txt,excluded_problematic_folder
6933,C:\Users\depthlev\Desktop\droneImages\dataset\depth_30\light_rain\10AM\HighresScreenshot00156_depth_30_light_rain_10AM.png,C:\Users\depthlev\Desktop\droneImages\dataset\depth_30\light_rain\10AM\HighresScreenshot00156_depth_30_light_rain_10AM.txt,excluded_problematic_folder
6934,C:\Users\depthlev\Desktop\droneImages\dataset\depth_30\light_rain\10AM\HighresScreenshot00157_depth_30_light_rain_10AM.png,C:\Users\depthlev\Desktop\droneImages\dataset\depth_30\light_rain\10AM\HighresScreenshot00157_depth_30_light_rain_10AM.txt,excluded_problematic_folder
6935,C:\Users\depthlev\Desktop\droneImages\dataset\depth_30\light_rain\10AM\HighresScreenshot00158_depth_30_light_rain_10AM.png,C:\Users\depthlev\Desktop\droneImages\dataset\depth_30\light_rain\10AM\HighresScreenshot00158_depth_30_light_rain_10AM.txt,excluded_problematic_folder
6936,C:\Users\depthlev\Desktop\droneImages\dataset\depth_30\light_rain\10AM\HighresScreenshot00159_depth_30_light_rain_10AM.png,C:\Users\depthlev\Desktop\droneImages\dataset\depth_30\light_rain\10AM\HighresScreenshot00159_depth_30_light_rain_10AM.txt,excluded_problematic_folder
6937,C:\Users\depthlev\Desktop\droneImages\dataset\depth_30\light_rain\10AM\HighresScreenshot00160_depth_30_light_rain_10AM.png,C:\Users\depthlev\Desktop\droneImages\dataset\depth_30\light_rain\10AM\HighresScreenshot00160_depth_30_light_rain_10AM.txt,excluded_problematic_folder
6938,C:\Users\depthlev\Desktop\droneImages\dataset\depth_30\light_rain\10AM\HighresScreenshot00162_depth_30_light_rain_10AM.png,C:\Users\depthlev\Desktop\droneImages\dataset\depth_30\light_rain\10AM\HighresScreenshot00162_depth_30_light_rain_10AM.txt,excluded_problematic_folder
6939,C:\Users\depthlev\Desktop\droneImages\dataset\depth_30\light_rain\10AM\HighresScreenshot00163_depth_30_light_rain_10AM.png,C:\Users\depthlev\Desktop\droneImages\dataset\depth_30\light_rain\10AM\HighresScreenshot00163_depth_30_light_rain_10AM.txt,excluded_problematic_folder
6940,C:\Users\depthlev\Desktop\droneImages\dataset\depth_30\light_rain\10AM\HighresScreenshot00164_depth_30_light_rain_10AM.png,C:\Users\depthlev\Desktop\droneImages\dataset\depth_30\light_rain\10AM\HighresScreenshot00164_depth_30_light_rain_10AM.txt,excluded_problematic_folder
6941,C:\Users\depthlev\Desktop\droneImages\dataset\depth_30\light_rain\10AM\HighresScreenshot00165_depth_30_light_rain_10AM.png,C:\Users\depthlev\Desktop\droneImages\dataset\depth_30\light_rain\10AM\HighresScreenshot00165_depth_30_light_rain_10AM.txt,excluded_problematic_folder
6942,C:\Users\depthlev\Desktop\droneImages\dataset\depth_30\light_rain\10AM\HighresScreenshot00166_depth_30_light_rain_10AM.png,C:\Users\depthlev\Desktop\droneImages\dataset\depth_30\light_rain\10AM\HighresScreenshot00166_depth_30_light_rain_10AM.txt,excluded_problematic_folder
6943,C:\Users\depthlev\Desktop\droneImages\dataset\depth_30\light_rain\10AM\HighresScreenshot00167_depth_30_light_rain_10AM.png,C:\Users\depthlev\Desktop\droneImages\dataset\depth_30\light_rain\10AM\HighresScreenshot00167_depth_30_light_rain_10AM.txt,excluded_problematic_folder
6944,C:\Users\depthlev\Desktop\droneImages\dataset\depth_30\light_rain\10AM\HighresScreenshot00168_depth_30_light_rain_10AM.png,C:\Users\depthlev\Desktop\droneImages\dataset\depth_30\light_rain\10AM\HighresScreenshot00168_depth_30_light_rain_10AM.txt,excluded_problematic_folder
6945,C:\Users\depthlev\Desktop\droneImages\dataset\depth_30\light_rain\10AM\HighresScreenshot00169_depth_30_light_rain_10AM.png,C:\Users\depthlev\Desktop\droneImages\dataset\depth_30\light_rain\10AM\HighresScreenshot00169_depth_30_light_rain_10AM.txt,excluded_problematic_folder
6946,C:\Users\depthlev\Desktop\droneImages\dataset\depth_30\light_rain\10AM\HighresScreenshot00170_depth_30_light_rain_10AM.png,C:\Users\depthlev\Desktop\droneImages\dataset\depth_30\light_rain\10AM\HighresScreenshot00170_depth_30_light_rain_10AM.txt,excluded_problematic_folder
6947,C:\Users\depthlev\Desktop\droneImages\dataset\depth_30\light_rain\10AM\HighresScreenshot00171_depth_30_light_rain_10AM.png,C:\Users\depthlev\Desktop\droneImages\dataset\depth_30\light_rain\10AM\HighresScreenshot00171_depth_30_light_rain_10AM.txt,excluded_problematic_folder
6948,C:\Users\depthlev\Desktop\droneImages\dataset\depth_30\light_rain\10AM\HighresScreenshot00172_depth_30_light_rain_10AM.png,C:\Users\depthlev\Desktop\droneImages\dataset\depth_30\light_rain\10AM\HighresScreenshot00172_depth_30_light_rain_10AM.txt,excluded_problematic_folder
6949,C:\Users\depthlev\Desktop\droneImages\dataset\depth_30\light_rain\10AM\HighresScreenshot00173_depth_30_light_rain_10AM.png,C:\Users\depthlev\Desktop\droneImages\dataset\depth_30\light_rain\10AM\HighresScreenshot00173_depth_30_light_rain_10AM.txt,excluded_problematic_folder
6950,C:\Users\depthlev\Desktop\droneImages\dataset\depth_30\light_rain\10AM\HighresScreenshot00174_depth_30_light_rain_10AM.png,C:\Users\depthlev\Desktop\droneImages\dataset\depth_30\light_rain\10AM\HighresScreenshot00174_depth_30_light_rain_10AM.txt,excluded_problematic_folder
6951,C:\Users\depthlev\Desktop\droneImages\dataset\depth_30\light_rain\10AM\HighresScreenshot00175_depth_30_light_rain_10AM.png,C:\Users\depthlev\Desktop\droneImages\dataset\depth_30\light_rain\10AM\HighresScreenshot00175_depth_30_light_rain_10AM.txt,excluded_problematic_folder
6952,C:\Users\depthlev\Desktop\droneImages\dataset\depth_30\light_rain\10AM\HighresScreenshot00176_depth_30_light_rain_10AM.png,C:\Users\depthlev\Desktop\droneImages\dataset\depth_30\light_rain\10AM\HighresScreenshot00176_depth_30_light_rain_10AM.txt,excluded_problematic_folder
6953,C:\Users\depthlev\Desktop\droneImages\dataset\depth_30\light_rain\10AM\HighresScreenshot00177_depth_30_light_rain_10AM.png,C:\Users\depthlev\Desktop\droneImages\dataset\depth_30\light_rain\10AM\HighresScreenshot00177_depth_30_light_rain_10AM.txt,excluded_problematic_folder
6954,C:\Users\depthlev\Desktop\droneImages\dataset\depth_30\light_rain\10AM\HighresScreenshot00178_depth_30_light_rain_10AM.png,C:\Users\depthlev\Desktop\droneImages\dataset\depth_30\light_rain\10AM\HighresScreenshot00178_depth_30_light_rain_10AM.txt,excluded_problematic_folder
6955,C:\Users\depthlev\Desktop\droneImages\dataset\depth_30\light_rain\10AM\HighresScreenshot00179_depth_30_light_rain_10AM.png,C:\Users\depthlev\Desktop\droneImages\dataset\depth_30\light_rain\10AM\HighresScreenshot00179_depth_30_light_rain_10AM.txt,excluded_problematic_folder
6956,C:\Users\depthlev\Desktop\droneImages\dataset\depth_30\light_rain\10AM\HighresScreenshot00180_depth_30_light_rain_10AM.png,C:\Users\depthlev\Desktop\droneImages\dataset\depth_30\light_rain\10AM\HighresScreenshot00180_depth_30_light_rain_10AM.txt,excluded_problematic_folder
6957,C:\Users\depthlev\Desktop\droneImages\dataset\depth_30\light_rain\10AM\HighresScreenshot00181_depth_30_light_rain_10AM.png,C:\Users\depthlev\Desktop\droneImages\dataset\depth_30\light_rain\10AM\HighresScreenshot00181_depth_30_light_rain_10AM.txt,excluded_problematic_folder
6958,C:\Users\depthlev\Desktop\droneImages\dataset\depth_30\light_rain\10AM\HighresScreenshot00182_depth_30_light_rain_10AM.png,C:\Users\depthlev\Desktop\droneImages\dataset\depth_30\light_rain\10AM\HighresScreenshot00182_depth_30_light_rain_10AM.txt,excluded_problematic_folder
6959,C:\Users\depthlev\Desktop\droneImages\dataset\depth_30\light_rain\10AM\HighresScreenshot00183_depth_30_light_rain_10AM.png,C:\Users\depthlev\Desktop\droneImages\dataset\depth_30\light_rain\10AM\HighresScreenshot00183_depth_30_light_rain_10AM.txt,excluded_problematic_folder
6960,C:\Users\depthlev\Desktop\droneImages\dataset\depth_30\light_rain\10AM\HighresScreenshot00184_depth_30_light_rain_10AM.png,C:\Users\depthlev\Desktop\droneImages\dataset\depth_30\light_rain\10AM\HighresScreenshot00184_depth_30_light_rain_10AM.txt,excluded_problematic_folder
6961,C:\Users\depthlev\Desktop\droneImages\dataset\depth_30\light_rain\10AM\HighresScreenshot00185_depth_30_light_rain_10AM.png,C:\Users\depthlev\Desktop\droneImages\dataset\depth_30\light_rain\10AM\HighresScreenshot00185_depth_30_light_rain_10AM.txt,excluded_problematic_folder
6962,C:\Users\depthlev\Desktop\droneImages\dataset\depth_30\light_rain\10AM\HighresScreenshot00186_depth_30_light_rain_10AM.png,C:\Users\depthlev\Desktop\droneImages\dataset\depth_30\light_rain\10AM\HighresScreenshot00186_depth_30_light_rain_10AM.txt,excluded_problematic_folder
6963,C:\Users\depthlev\Desktop\droneImages\dataset\depth_30\light_rain\10AM\HighresScreenshot00187_depth_30_light_rain_10AM.png,C:\Users\depthlev\Desktop\droneImages\dataset\depth_30\light_rain\10AM\HighresScreenshot00187_depth_30_light_rain_10AM.txt,excluded_problematic_folder
6964,C:\Users\depthlev\Desktop\droneImages\dataset\depth_30\light_rain\10AM\HighresScreenshot00188_depth_30_light_rain_10AM.png,C:\Users\depthlev\Desktop\droneImages\dataset\depth_30\light_rain\10AM\HighresScreenshot00188_depth_30_light_rain_10AM.txt,excluded_problematic_folder
6965,C:\Users\depthlev\Desktop\droneImages\dataset\depth_30\light_rain\10AM\HighresScreenshot00189_depth_30_light_rain_10AM.png,C:\Users\depthlev\Desktop\droneImages\dataset\depth_30\light_rain\10AM\HighresScreenshot00189_depth_30_light_rain_10AM.txt,excluded_problematic_folder
6966,C:\Users\depthlev\Desktop\droneImages\dataset\depth_30\light_rain\10AM\HighresScreenshot00190_depth_30_light_rain_10AM.png,C:\Users\depthlev\Desktop\droneImages\dataset\depth_30\light_rain\10AM\HighresScreenshot00190_depth_30_light_rain_10AM.txt,excluded_problematic_folder
6967,C:\Users\depthlev\Desktop\droneImages\dataset\depth_30\light_rain\10AM\HighresScreenshot00191_depth_30_light_rain_10AM.png,C:\Users\depthlev\Desktop\droneImages\dataset\depth_30\light_rain\10AM\HighresScreenshot00191_depth_30_light_rain_10AM.txt,excluded_problematic_folder
6968,C:\Users\depthlev\Desktop\droneImages\dataset\depth_30\light_rain\10AM\HighresScreenshot00192_depth_30_light_rain_10AM.png,C:\Users\depthlev\Desktop\droneImages\dataset\depth_30\light_rain\10AM\HighresScreenshot00192_depth_30_light_rain_10AM.txt,excluded_problematic_folder
6969,C:\Users\depthlev\Desktop\droneImages\dataset\depth_30\light_rain\10AM\HighresScreenshot00193_depth_30_light_rain_10AM.png,C:\Users\depthlev\Desktop\droneImages\dataset\depth_30\light_rain\10AM\HighresScreenshot00193_depth_30_light_rain_10AM.txt,excluded_problematic_folder
6970,C:\Users\depthlev\Desktop\droneImages\dataset\depth_30\light_rain\10AM\HighresScreenshot00194_depth_30_light_rain_10AM.png,C:\Users\depthlev\Desktop\droneImages\dataset\depth_30\light_rain\10AM\HighresScreenshot00194_depth_30_light_rain_10AM.txt,excluded_problematic_folder
6971,C:\Users\depthlev\Desktop\droneImages\dataset\depth_30\light_rain\10AM\HighresScreenshot00195_depth_30_light_rain_10AM.png,C:\Users\depthlev\Desktop\droneImages\dataset\depth_30\light_rain\10AM\HighresScreenshot00195_depth_30_light_rain_10AM.txt,excluded_problematic_folder
6972,C:\Users\depthlev\Desktop\droneImages\dataset\depth_30\light_rain\10AM\HighresScreenshot00196_depth_30_light_rain_10AM.png,C:\Users\depthlev\Desktop\droneImages\dataset\depth_30\light_rain\10AM\HighresScreenshot00196_depth_30_light_rain_10AM.txt,excluded_problematic_folder
6973,C:\Users\depthlev\Desktop\droneImages\dataset\depth_30\light_rain\10AM\HighresScreenshot00197_depth_30_light_rain_10AM.png,C:\Users\depthlev\Desktop\droneImages\dataset\depth_30\light_rain\10AM\HighresScreenshot00197_depth_30_light_rain_10AM.txt,excluded_problematic_folder
6974,C:\Users\depthlev\Desktop\droneImages\dataset\depth_30\light_rain\10AM\HighresScreenshot00198_depth_30_light_rain_10AM.png,C:\Users\depthlev\Desktop\droneImages\dataset\depth_30\light_rain\10AM\HighresScreenshot00198_depth_30_light_rain_10AM.txt,excluded_problematic_folder
6975,C:\Users\depthlev\Desktop\droneImages\dataset\depth_30\light_rain\10AM\HighresScreenshot00199_depth_30_light_rain_10AM.png,C:\Users\depthlev\Desktop\droneImages\dataset\depth_30\light_rain\10AM\HighresScreenshot00199_depth_30_light_rain_10AM.txt,excluded_problematic_folder
6976,C:\Users\depthlev\Desktop\droneImages\dataset\depth_30\light_rain\10AM\HighresScreenshot00200_depth_30_light_rain_10AM.png,C:\Users\depthlev\Desktop\droneImages\dataset\depth_30\light_rain\10AM\HighresScreenshot00200_depth_30_light_rain_10AM.txt,excluded_problematic_folder
6977,C:\Users\depthlev\Desktop\droneImages\dataset\depth_30\light_rain\10AM\HighresScreenshot00201_depth_30_light_rain_10AM.png,C:\Users\depthlev\Desktop\droneImages\dataset\depth_30\light_rain\10AM\HighresScreenshot00201_depth_30_light_rain_10AM.txt,excluded_problematic_folder
6978,C:\Users\depthlev\Desktop\droneImages\dataset\depth_30\light_rain\10AM\HighresScreenshot00202_depth_30_light_rain_10AM.png,C:\Users\depthlev\Desktop\droneImages\dataset\depth_30\light_rain\10AM\HighresScreenshot00202_depth_30_light_rain_10AM.txt,excluded_problematic_folder
6979,C:\Users\depthlev\Desktop\droneImages\dataset\depth_30\light_rain\10AM\HighresScreenshot00203_depth_30_light_rain_10AM.png,C:\Users\depthlev\Desktop\droneImages\dataset\depth_30\light_rain\10AM\HighresScreenshot00203_depth_30_light_rain_10AM.txt,excluded_problematic_folder
6980,C:\Users\depthlev\Desktop\droneImages\dataset\depth_30\light_rain\10AM\HighresScreenshot00204_depth_30_light_rain_10AM.png,C:\Users\depthlev\Desktop\droneImages\dataset\depth_30\light_rain\10AM\HighresScreenshot00204_depth_30_light_rain_10AM.txt,excluded_problematic_folder
6981,C:\Users\depthlev\Desktop\droneImages\dataset\depth_30\light_rain\10AM\HighresScreenshot00205_depth_30_light_rain_10AM.png,C:\Users\depthlev\Desktop\droneImages\dataset\depth_30\light_rain\10AM\HighresScreenshot00205_depth_30_light_rain_10AM.txt,excluded_problematic_folder
6982,C:\Users\depthlev\Desktop\droneImages\dataset\depth_30\light_rain\10AM\HighresScreenshot00206_depth_30_light_rain_10AM.png,C:\Users\depthlev\Desktop\droneImages\dataset\depth_30\light_rain\10AM\HighresScreenshot00206_depth_30_light_rain_10AM.txt,excluded_problematic_folder
6983,C:\Users\depthlev\Desktop\droneImages\dataset\depth_30\light_rain\10AM\HighresScreenshot00207_depth_30_light_rain_10AM.png,C:\Users\depthlev\Desktop\droneImages\dataset\depth_30\light_rain\10AM\HighresScreenshot00207_depth_30_light_rain_10AM.txt,excluded_problematic_folder
6984,C:\Users\depthlev\Desktop\droneImages\dataset\depth_30\light_rain\10AM\HighresScreenshot00208_depth_30_light_rain_10AM.png,C:\Users\depthlev\Desktop\droneImages\dataset\depth_30\light_rain\10AM\HighresScreenshot00208_depth_30_light_rain_10AM.txt,excluded_problematic_folder
6985,C:\Users\depthlev\Desktop\droneImages\dataset\depth_30\light_rain\10AM\HighresScreenshot00209_depth_30_light_rain_10AM.png,C:\Users\depthlev\Desktop\droneImages\dataset\depth_30\light_rain\10AM\HighresScreenshot00209_depth_30_light_rain_10AM.txt,excluded_problematic_folder
6986,C:\Users\depthlev\Desktop\droneImages\dataset\depth_30\light_rain\10AM\HighresScreenshot00210_depth_30_light_rain_10AM.png,C:\Users\depthlev\Desktop\droneImages\dataset\depth_30\light_rain\10AM\HighresScreenshot00210_depth_30_light_rain_10AM.txt,excluded_problematic_folder
6987,C:\Users\depthlev\Desktop\droneImages\dataset\depth_30\light_rain\10AM\HighresScreenshot00211_depth_30_light_rain_10AM.png,C:\Users\depthlev\Desktop\droneImages\dataset\depth_30\light_rain\10AM\HighresScreenshot00211_depth_30_light_rain_10AM.txt,excluded_problematic_folder
6988,C:\Users\depthlev\Desktop\droneImages\dataset\depth_30\light_rain\10AM\HighresScreenshot00212_depth_30_light_rain_10AM.png,C:\Users\depthlev\Desktop\droneImages\dataset\depth_30\light_rain\10AM\HighresScreenshot00212_depth_30_light_rain_10AM.txt,excluded_problematic_folder
6989,C:\Users\depthlev\Desktop\droneImages\dataset\depth_30\light_rain\10AM\HighresScreenshot00213_depth_30_light_rain_10AM.png,C:\Users\depthlev\Desktop\droneImages\dataset\depth_30\light_rain\10AM\HighresScreenshot00213_depth_30_light_rain_10AM.txt,excluded_problematic_folder
6990,C:\Users\depthlev\Desktop\droneImages\dataset\depth_30\light_rain\10AM\HighresScreenshot00214_depth_30_light_rain_10AM.png,C:\Users\depthlev\Desktop\droneImages\dataset\depth_30\light_rain\10AM\HighresScreenshot00214_depth_30_light_rain_10AM.txt,excluded_problematic_folder
6991,C:\Users\depthlev\Desktop\droneImages\dataset\depth_30\light_rain\10AM\HighresScreenshot00215_depth_30_light_rain_10AM.png,C:\Users\depthlev\Desktop\droneImages\dataset\depth_30\light_rain\10AM\HighresScreenshot00215_depth_30_light_rain_10AM.txt,excluded_problematic_folder
6992,C:\Users\depthlev\Desktop\droneImages\dataset\depth_30\light_rain\10AM\HighresScreenshot00216_depth_30_light_rain_10AM.png,C:\Users\depthlev\Desktop\droneImages\dataset\depth_30\light_rain\10AM\HighresScreenshot00216_depth_30_light_rain_10AM.txt,excluded_problematic_folder
6993,C:\Users\depthlev\Desktop\droneImages\dataset\depth_30\light_rain\10AM\HighresScreenshot00217_depth_30_light_rain_10AM.png,C:\Users\depthlev\Desktop\droneImages\dataset\depth_30\light_rain\10AM\HighresScreenshot00217_depth_30_light_rain_10AM.txt,excluded_problematic_folder
6994,C:\Users\depthlev\Desktop\droneImages\dataset\depth_30\light_rain\10AM\HighresScreenshot00218_depth_30_light_rain_10AM.png,C:\Users\depthlev\Desktop\droneImages\dataset\depth_30\light_rain\10AM\HighresScreenshot00218_depth_30_light_rain_10AM.txt,excluded_problematic_folder
6995,C:\Users\depthlev\Desktop\droneImages\dataset\depth_30\light_rain\10AM\HighresScreenshot00219_depth_30_light_rain_10AM.png,C:\Users\depthlev\Desktop\droneImages\dataset\depth_30\light_rain\10AM\HighresScreenshot00219_depth_30_light_rain_10AM.txt,excluded_problematic_folder
6996,C:\Users\depthlev\Desktop\droneImages\dataset\depth_30\light_rain\10AM\HighresScreenshot00220_depth_30_light_rain_10AM.png,C:\Users\depthlev\Desktop\droneImages\dataset\depth_30\light_rain\10AM\HighresScreenshot00220_depth_30_light_rain_10AM.txt,excluded_problematic_folder
6997,C:\Users\depthlev\Desktop\droneImages\dataset\depth_30\light_rain\10AM\HighresScreenshot00221_depth_30_light_rain_10AM.png,C:\Users\depthlev\Desktop\droneImages\dataset\depth_30\light_rain\10AM\HighresScreenshot00221_depth_30_light_rain_10AM.txt,excluded_problematic_folder
6998,C:\Users\depthlev\Desktop\droneImages\dataset\depth_30\light_rain\10AM\HighresScreenshot00222_depth_30_light_rain_10AM.png,C:\Users\depthlev\Desktop\droneImages\dataset\depth_30\light_rain\10AM\HighresScreenshot00222_depth_30_light_rain_10AM.txt,excluded_problematic_folder
6999,C:\Users\depthlev\Desktop\droneImages\dataset\depth_30\light_rain\10AM\HighresScreenshot00223_depth_30_light_rain_10AM.png,C:\Users\depthlev\Desktop\droneImages\dataset\depth_30\light_rain\10AM\HighresScreenshot00223_depth_30_light_rain_10AM.txt,excluded_problematic_folder
7000,C:\Users\depthlev\Desktop\droneImages\dataset\depth_30\light_rain\10AM\HighresScreenshot00224_depth_30_light_rain_10AM.png,C:\Users\depthlev\Desktop\droneImages\dataset\depth_30\light_rain\10AM\HighresScreenshot00224_depth_30_light_rain_10AM.txt,excluded_problematic_folder
7001,C:\Users\depthlev\Desktop\droneImages\dataset\depth_30\light_rain\10AM\HighresScreenshot00225_depth_30_light_rain_10AM.png,C:\Users\depthlev\Desktop\droneImages\dataset\depth_30\light_rain\10AM\HighresScreenshot00225_depth_30_light_rain_10AM.txt,excluded_problematic_folder
7002,C:\Users\depthlev\Desktop\droneImages\dataset\depth_30\light_rain\10AM\HighresScreenshot00226_depth_30_light_rain_10AM.png,C:\Users\depthlev\Desktop\droneImages\dataset\depth_30\light_rain\10AM\HighresScreenshot00226_depth_30_light_rain_10AM.txt,excluded_problematic_folder
7003,C:\Users\depthlev\Desktop\droneImages\dataset\depth_30\light_rain\10AM\HighresScreenshot00227_depth_30_light_rain_10AM.png,C:\Users\depthlev\Desktop\droneImages\dataset\depth_30\light_rain\10AM\HighresScreenshot00227_depth_30_light_rain_10AM.txt,excluded_problematic_folder
7004,C:\Users\depthlev\Desktop\droneImages\dataset\depth_30\light_rain\10AM\HighresScreenshot00228_depth_30_light_rain_10AM.png,C:\Users\depthlev\Desktop\droneImages\dataset\depth_30\light_rain\10AM\HighresScreenshot00228_depth_30_light_rain_10AM.txt,excluded_problematic_folder
7005,C:\Users\depthlev\Desktop\droneImages\dataset\depth_30\light_rain\10AM\HighresScreenshot00229_depth_30_light_rain_10AM.png,C:\Users\depthlev\Desktop\droneImages\dataset\depth_30\light_rain\10AM\HighresScreenshot00229_depth_30_light_rain_10AM.txt,excluded_problematic_folder
7006,C:\Users\depthlev\Desktop\droneImages\dataset\depth_30\light_rain\10AM\HighresScreenshot00230_depth_30_light_rain_10AM.png,C:\Users\depthlev\Desktop\droneImages\dataset\depth_30\light_rain\10AM\HighresScreenshot00230_depth_30_light_rain_10AM.txt,excluded_problematic_folder
7007,C:\Users\depthlev\Desktop\droneImages\dataset\depth_30\light_rain\10AM\HighresScreenshot00231_depth_30_light_rain_10AM.png,C:\Users\depthlev\Desktop\droneImages\dataset\depth_30\light_rain\10AM\HighresScreenshot00231_depth_30_light_rain_10AM.txt,excluded_problematic_folder
7008,C:\Users\depthlev\Desktop\droneImages\dataset\depth_30\light_rain\10AM\HighresScreenshot00232_depth_30_light_rain_10AM.png,C:\Users\depthlev\Desktop\droneImages\dataset\depth_30\light_rain\10AM\HighresScreenshot00232_depth_30_light_rain_10AM.txt,excluded_problematic_folder
7009,C:\Users\depthlev\Desktop\droneImages\dataset\depth_30\light_rain\10AM\HighresScreenshot00233_depth_30_light_rain_10AM.png,C:\Users\depthlev\Desktop\droneImages\dataset\depth_30\light_rain\10AM\HighresScreenshot00233_depth_30_light_rain_10AM.txt,excluded_problematic_folder
7010,C:\Users\depthlev\Desktop\droneImages\dataset\depth_30\light_rain\10AM\HighresScreenshot00234_depth_30_light_rain_10AM.png,C:\Users\depthlev\Desktop\droneImages\dataset\depth_30\light_rain\10AM\HighresScreenshot00234_depth_30_light_rain_10AM.txt,excluded_problematic_folder
7011,C:\Users\depthlev\Desktop\droneImages\dataset\depth_30\light_rain\10AM\HighresScreenshot00235_depth_30_light_rain_10AM.png,C:\Users\depthlev\Desktop\droneImages\dataset\depth_30\light_rain\10AM\HighresScreenshot00235_depth_30_light_rain_10AM.txt,excluded_problematic_folder
7012,C:\Users\depthlev\Desktop\droneImages\dataset\depth_30\light_rain\10AM\HighresScreenshot00236_depth_30_light_rain_10AM.png,C:\Users\depthlev\Desktop\droneImages\dataset\depth_30\light_rain\10AM\HighresScreenshot00236_depth_30_light_rain_10AM.txt,excluded_problematic_folder
7013,C:\Users\depthlev\Desktop\droneImages\dataset\depth_30\light_rain\10AM\HighresScreenshot00237_depth_30_light_rain_10AM.png,C:\Users\depthlev\Desktop\droneImages\dataset\depth_30\light_rain\10AM\HighresScreenshot00237_depth_30_light_rain_10AM.txt,excluded_problematic_folder
7014,C:\Users\depthlev\Desktop\droneImages\dataset\depth_30\light_rain\10AM\HighresScreenshot00238_depth_30_light_rain_10AM.png,C:\Users\depthlev\Desktop\droneImages\dataset\depth_30\light_rain\10AM\HighresScreenshot00238_depth_30_light_rain_10AM.txt,excluded_problematic_folder
7015,C:\Users\depthlev\Desktop\droneImages\dataset\depth_30\light_rain\10AM\HighresScreenshot00239_depth_30_light_rain_10AM.png,C:\Users\depthlev\Desktop\droneImages\dataset\depth_30\light_rain\10AM\HighresScreenshot00239_depth_30_light_rain_10AM.txt,excluded_problematic_folder
7016,C:\Users\depthlev\Desktop\droneImages\dataset\depth_30\light_rain\10AM\HighresScreenshot00240_depth_30_light_rain_10AM.png,C:\Users\depthlev\Desktop\droneImages\dataset\depth_30\light_rain\10AM\HighresScreenshot00240_depth_30_light_rain_10AM.txt,excluded_problematic_folder
7017,C:\Users\depthlev\Desktop\droneImages\dataset\depth_30\light_rain\10AM\HighresScreenshot00241_depth_30_light_rain_10AM.png,C:\Users\depthlev\Desktop\droneImages\dataset\depth_30\light_rain\10AM\HighresScreenshot00241_depth_30_light_rain_10AM.txt,excluded_problematic_folder
7018,C:\Users\depthlev\Desktop\droneImages\dataset\depth_30\light_rain\10AM\HighresScreenshot00242_depth_30_light_rain_10AM.png,C:\Users\depthlev\Desktop\droneImages\dataset\depth_30\light_rain\10AM\HighresScreenshot00242_depth_30_light_rain_10AM.txt,excluded_problematic_folder
7019,C:\Users\depthlev\Desktop\droneImages\dataset\depth_30\light_rain\10AM\HighresScreenshot00243_depth_30_light_rain_10AM.png,C:\Users\depthlev\Desktop\droneImages\dataset\depth_30\light_rain\10AM\HighresScreenshot00243_depth_30_light_rain_10AM.txt,excluded_problematic_folder
7020,C:\Users\depthlev\Desktop\droneImages\dataset\depth_30\light_rain\10AM\HighresScreenshot00244_depth_30_light_rain_10AM.png,C:\Users\depthlev\Desktop\droneImages\dataset\depth_30\light_rain\10AM\HighresScreenshot00244_depth_30_light_rain_10AM.txt,excluded_problematic_folder
7021,C:\Users\depthlev\Desktop\droneImages\dataset\depth_30\light_rain\10AM\HighresScreenshot00245_depth_30_light_rain_10AM.png,C:\Users\depthlev\Desktop\droneImages\dataset\depth_30\light_rain\10AM\HighresScreenshot00245_depth_30_light_rain_10AM.txt,excluded_problematic_folder
7022,C:\Users\depthlev\Desktop\droneImages\dataset\depth_30\light_rain\10AM\HighresScreenshot00246_depth_30_light_rain_10AM.png,C:\Users\depthlev\Desktop\droneImages\dataset\depth_30\light_rain\10AM\HighresScreenshot00246_depth_30_light_rain_10AM.txt,excluded_problematic_folder
7023,C:\Users\depthlev\Desktop\droneImages\dataset\depth_30\light_rain\10AM\HighresScreenshot00247_depth_30_light_rain_10AM.png,C:\Users\depthlev\Desktop\droneImages\dataset\depth_30\light_rain\10AM\HighresScreenshot00247_depth_30_light_rain_10AM.txt,excluded_problematic_folder
7024,C:\Users\depthlev\Desktop\droneImages\dataset\depth_30\light_rain\10AM\HighresScreenshot00248_depth_30_light_rain_10AM.png,C:\Users\depthlev\Desktop\droneImages\dataset\depth_30\light_rain\10AM\HighresScreenshot00248_depth_30_light_rain_10AM.txt,excluded_problematic_folder
7025,C:\Users\depthlev\Desktop\droneImages\dataset\depth_30\light_rain\10AM\HighresScreenshot00249_depth_30_light_rain_10AM.png,C:\Users\depthlev\Desktop\droneImages\dataset\depth_30\light_rain\10AM\HighresScreenshot00249_depth_30_light_rain_10AM.txt,excluded_problematic_folder
7026,C:\Users\depthlev\Desktop\droneImages\dataset\depth_30\light_rain\10AM\HighresScreenshot00250_depth_30_light_rain_10AM.png,C:\Users\depthlev\Desktop\droneImages\dataset\depth_30\light_rain\10AM\HighresScreenshot00250_depth_30_light_rain_10AM.txt,excluded_problematic_folder
7027,C:\Users\depthlev\Desktop\droneImages\dataset\depth_30\light_rain\10AM\HighresScreenshot00251_depth_30_light_rain_10AM.png,C:\Users\depthlev\Desktop\droneImages\dataset\depth_30\light_rain\10AM\HighresScreenshot00251_depth_30_light_rain_10AM.txt,excluded_problematic_folder
7028,C:\Users\depthlev\Desktop\droneImages\dataset\depth_30\light_rain\10AM\HighresScreenshot00252_depth_30_light_rain_10AM.png,C:\Users\depthlev\Desktop\droneImages\dataset\depth_30\light_rain\10AM\HighresScreenshot00252_depth_30_light_rain_10AM.txt,excluded_problematic_folder
7029,C:\Users\depthlev\Desktop\droneImages\dataset\depth_30\light_rain\10AM\HighresScreenshot00253_depth_30_light_rain_10AM.png,C:\Users\depthlev\Desktop\droneImages\dataset\depth_30\light_rain\10AM\HighresScreenshot00253_depth_30_light_rain_10AM.txt,excluded_problematic_folder
7030,C:\Users\depthlev\Desktop\droneImages\dataset\depth_30\light_rain\10AM\HighresScreenshot00254_depth_30_light_rain_10AM.png,C:\Users\depthlev\Desktop\droneImages\dataset\depth_30\light_rain\10AM\HighresScreenshot00254_depth_30_light_rain_10AM.txt,excluded_problematic_folder
7031,C:\Users\depthlev\Desktop\droneImages\dataset\depth_30\light_rain\10AM\HighresScreenshot00255_depth_30_light_rain_10AM.png,C:\Users\depthlev\Desktop\droneImages\dataset\depth_30\light_rain\10AM\HighresScreenshot00255_depth_30_light_rain_10AM.txt,excluded_problematic_folder
7032,C:\Users\depthlev\Desktop\droneImages\dataset\depth_30\light_rain\10AM\HighresScreenshot00256_depth_30_light_rain_10AM.png,C:\Users\depthlev\Desktop\droneImages\dataset\depth_30\light_rain\10AM\HighresScreenshot00256_depth_30_light_rain_10AM.txt,excluded_problematic_folder
7033,C:\Users\depthlev\Desktop\droneImages\dataset\depth_30\light_rain\10AM\HighresScreenshot00257_depth_30_light_rain_10AM.png,C:\Users\depthlev\Desktop\droneImages\dataset\depth_30\light_rain\10AM\HighresScreenshot00257_depth_30_light_rain_10AM.txt,excluded_problematic_folder
7034,C:\Users\depthlev\Desktop\droneImages\dataset\depth_30\light_rain\10AM\HighresScreenshot00258_depth_30_light_rain_10AM.png,C:\Users\depthlev\Desktop\droneImages\dataset\depth_30\light_rain\10AM\HighresScreenshot00258_depth_30_light_rain_10AM.txt,excluded_problematic_folder
7035,C:\Users\depthlev\Desktop\droneImages\dataset\depth_30\light_rain\10AM\HighresScreenshot00259_depth_30_light_rain_10AM.png,C:\Users\depthlev\Desktop\droneImages\dataset\depth_30\light_rain\10AM\HighresScreenshot00259_depth_30_light_rain_10AM.txt,excluded_problematic_folder
7036,C:\Users\depthlev\Desktop\droneImages\dataset\depth_30\light_rain\10AM\HighresScreenshot00260_depth_30_light_rain_10AM.png,C:\Users\depthlev\Desktop\droneImages\dataset\depth_30\light_rain\10AM\HighresScreenshot00260_depth_30_light_rain_10AM.txt,excluded_problematic_folder
7037,C:\Users\depthlev\Desktop\droneImages\dataset\depth_30\light_rain\10AM\HighresScreenshot00261_depth_30_light_rain_10AM.png,C:\Users\depthlev\Desktop\droneImages\dataset\depth_30\light_rain\10AM\HighresScreenshot00261_depth_30_light_rain_10AM.txt,excluded_problematic_folder
7038,C:\Users\depthlev\Desktop\droneImages\dataset\depth_30\light_rain\10AM\HighresScreenshot00262_depth_30_light_rain_10AM.png,C:\Users\depthlev\Desktop\droneImages\dataset\depth_30\light_rain\10AM\HighresScreenshot00262_depth_30_light_rain_10AM.txt,excluded_problematic_folder
7039,C:\Users\depthlev\Desktop\droneImages\dataset\depth_30\light_rain\10AM\HighresScreenshot00263_depth_30_light_rain_10AM.png,C:\Users\depthlev\Desktop\droneImages\dataset\depth_30\light_rain\10AM\HighresScreenshot00263_depth_30_light_rain_10AM.txt,excluded_problematic_folder
7040,C:\Users\depthlev\Desktop\droneImages\dataset\depth_30\light_rain\10AM\HighresScreenshot00264_depth_30_light_rain_10AM.png,C:\Users\depthlev\Desktop\droneImages\dataset\depth_30\light_rain\10AM\HighresScreenshot00264_depth_30_light_rain_10AM.txt,excluded_problematic_folder
7041,C:\Users\depthlev\Desktop\droneImages\dataset\depth_30\light_rain\10AM\HighresScreenshot00265_depth_30_light_rain_10AM.png,C:\Users\depthlev\Desktop\droneImages\dataset\depth_30\light_rain\10AM\HighresScreenshot00265_depth_30_light_rain_10AM.txt,excluded_problematic_folder
7042,C:\Users\depthlev\Desktop\droneImages\dataset\depth_30\light_rain\10AM\HighresScreenshot00266_depth_30_light_rain_10AM.png,C:\Users\depthlev\Desktop\droneImages\dataset\depth_30\light_rain\10AM\HighresScreenshot00266_depth_30_light_rain_10AM.txt,excluded_problematic_folder
7043,C:\Users\depthlev\Desktop\droneImages\dataset\depth_30\light_rain\10AM\HighresScreenshot00267_depth_30_light_rain_10AM.png,C:\Users\depthlev\Desktop\droneImages\dataset\depth_30\light_rain\10AM\HighresScreenshot00267_depth_30_light_rain_10AM.txt,excluded_problematic_folder
7044,C:\Users\depthlev\Desktop\droneImages\dataset\depth_30\light_rain\10AM\HighresScreenshot00268_depth_30_light_rain_10AM.png,C:\Users\depthlev\Desktop\droneImages\dataset\depth_30\light_rain\10AM\HighresScreenshot00268_depth_30_light_rain_10AM.txt,excluded_problematic_folder
7045,C:\Users\depthlev\Desktop\droneImages\dataset\depth_30\light_rain\10AM\HighresScreenshot00269_depth_30_light_rain_10AM.png,C:\Users\depthlev\Desktop\droneImages\dataset\depth_30\light_rain\10AM\HighresScreenshot00269_depth_30_light_rain_10AM.txt,excluded_problematic_folder
7046,C:\Users\depthlev\Desktop\droneImages\dataset\depth_30\light_rain\10AM\HighresScreenshot00270_depth_30_light_rain_10AM.png,C:\Users\depthlev\Desktop\droneImages\dataset\depth_30\light_rain\10AM\HighresScreenshot00270_depth_30_light_rain_10AM.txt,excluded_problematic_folder
7047,C:\Users\depthlev\Desktop\droneImages\dataset\depth_30\light_rain\10AM\HighresScreenshot00271_depth_30_light_rain_10AM.png,C:\Users\depthlev\Desktop\droneImages\dataset\depth_30\light_rain\10AM\HighresScreenshot00271_depth_30_light_rain_10AM.txt,excluded_problematic_folder
7048,C:\Users\depthlev\Desktop\droneImages\dataset\depth_30\light_rain\10AM\HighresScreenshot00272_depth_30_light_rain_10AM.png,C:\Users\depthlev\Desktop\droneImages\dataset\depth_30\light_rain\10AM\HighresScreenshot00272_depth_30_light_rain_10AM.txt,excluded_problematic_folder
7049,C:\Users\depthlev\Desktop\droneImages\dataset\depth_30\light_rain\10AM\HighresScreenshot00273_depth_30_light_rain_10AM.png,C:\Users\depthlev\Desktop\droneImages\dataset\depth_30\light_rain\10AM\HighresScreenshot00273_depth_30_light_rain_10AM.txt,excluded_problematic_folder
7050,C:\Users\depthlev\Desktop\droneImages\dataset\depth_30\light_rain\10AM\HighresScreenshot00274_depth_30_light_rain_10AM.png,C:\Users\depthlev\Desktop\droneImages\dataset\depth_30\light_rain\10AM\HighresScreenshot00274_depth_30_light_rain_10AM.txt,excluded_problematic_folder
7051,C:\Users\depthlev\Desktop\droneImages\dataset\depth_30\light_rain\10AM\HighresScreenshot00275_depth_30_light_rain_10AM.png,C:\Users\depthlev\Desktop\droneImages\dataset\depth_30\light_rain\10AM\HighresScreenshot00275_depth_30_light_rain_10AM.txt,excluded_problematic_folder
7052,C:\Users\depthlev\Desktop\droneImages\dataset\depth_30\light_rain\10AM\HighresScreenshot00276_depth_30_light_rain_10AM.png,C:\Users\depthlev\Desktop\droneImages\dataset\depth_30\light_rain\10AM\HighresScreenshot00276_depth_30_light_rain_10AM.txt,excluded_problematic_folder
7053,C:\Users\depthlev\Desktop\droneImages\dataset\depth_30\light_rain\10AM\HighresScreenshot00277_depth_30_light_rain_10AM.png,C:\Users\depthlev\Desktop\droneImages\dataset\depth_30\light_rain\10AM\HighresScreenshot00277_depth_30_light_rain_10AM.txt,excluded_problematic_folder
7054,C:\Users\depthlev\Desktop\droneImages\dataset\depth_30\light_rain\10AM\HighresScreenshot00278_depth_30_light_rain_10AM.png,C:\Users\depthlev\Desktop\droneImages\dataset\depth_30\light_rain\10AM\HighresScreenshot00278_depth_30_light_rain_10AM.txt,excluded_problematic_folder
7055,C:\Users\depthlev\Desktop\droneImages\dataset\depth_30\light_rain\10AM\HighresScreenshot00279_depth_30_light_rain_10AM.png,C:\Users\depthlev\Desktop\droneImages\dataset\depth_30\light_rain\10AM\HighresScreenshot00279_depth_30_light_rain_10AM.txt,excluded_problematic_folder
7056,C:\Users\depthlev\Desktop\droneImages\dataset\depth_30\light_rain\10AM\HighresScreenshot00280_depth_30_light_rain_10AM.png,C:\Users\depthlev\Desktop\droneImages\dataset\depth_30\light_rain\10AM\HighresScreenshot00280_depth_30_light_rain_10AM.txt,excluded_problematic_folder
7057,C:\Users\depthlev\Desktop\droneImages\dataset\depth_30\light_rain\10AM\HighresScreenshot00281_depth_30_light_rain_10AM.png,C:\Users\depthlev\Desktop\droneImages\dataset\depth_30\light_rain\10AM\HighresScreenshot00281_depth_30_light_rain_10AM.txt,excluded_problematic_folder
7058,C:\Users\depthlev\Desktop\droneImages\dataset\depth_30\light_rain\10AM\HighresScreenshot00282_depth_30_light_rain_10AM.png,C:\Users\depthlev\Desktop\droneImages\dataset\depth_30\light_rain\10AM\HighresScreenshot00282_depth_30_light_rain_10AM.txt,excluded_problematic_folder
7059,C:\Users\depthlev\Desktop\droneImages\dataset\depth_30\light_rain\10AM\HighresScreenshot00283_depth_30_light_rain_10AM.png,C:\Users\depthlev\Desktop\droneImages\dataset\depth_30\light_rain\10AM\HighresScreenshot00283_depth_30_light_rain_10AM.txt,excluded_problematic_folder
7060,C:\Users\depthlev\Desktop\droneImages\dataset\depth_30\light_rain\10AM\HighresScreenshot00284_depth_30_light_rain_10AM.png,C:\Users\depthlev\Desktop\droneImages\dataset\depth_30\light_rain\10AM\HighresScreenshot00284_depth_30_light_rain_10AM.txt,excluded_problematic_folder
7061,C:\Users\depthlev\Desktop\droneImages\dataset\depth_30\light_rain\10AM\HighresScreenshot00285_depth_30_light_rain_10AM.png,C:\Users\depthlev\Desktop\droneImages\dataset\depth_30\light_rain\10AM\HighresScreenshot00285_depth_30_light_rain_10AM.txt,excluded_problematic_folder
7062,C:\Users\depthlev\Desktop\droneImages\dataset\depth_30\light_rain\10AM\HighresScreenshot00286_depth_30_light_rain_10AM.png,C:\Users\depthlev\Desktop\droneImages\dataset\depth_30\light_rain\10AM\HighresScreenshot00286_depth_30_light_rain_10AM.txt,excluded_problematic_folder
7063,C:\Users\depthlev\Desktop\droneImages\dataset\depth_30\light_rain\10AM\HighresScreenshot00287_depth_30_light_rain_10AM.png,C:\Users\depthlev\Desktop\droneImages\dataset\depth_30\light_rain\10AM\HighresScreenshot00287_depth_30_light_rain_10AM.txt,excluded_problematic_folder
7064,C:\Users\depthlev\Desktop\droneImages\dataset\depth_30\light_rain\10AM\HighresScreenshot00288_depth_30_light_rain_10AM.png,C:\Users\depthlev\Desktop\droneImages\dataset\depth_30\light_rain\10AM\HighresScreenshot00288_depth_30_light_rain_10AM.txt,excluded_problematic_folder
7065,C:\Users\depthlev\Desktop\droneImages\dataset\depth_30\light_rain\10AM\HighresScreenshot00289_depth_30_light_rain_10AM.png,C:\Users\depthlev\Desktop\droneImages\dataset\depth_30\light_rain\10AM\HighresScreenshot00289_depth_30_light_rain_10AM.txt,excluded_problematic_folder
7066,C:\Users\depthlev\Desktop\droneImages\dataset\depth_30\light_rain\10AM\HighresScreenshot00290_depth_30_light_rain_10AM.png,C:\Users\depthlev\Desktop\droneImages\dataset\depth_30\light_rain\10AM\HighresScreenshot00290_depth_30_light_rain_10AM.txt,excluded_problematic_folder
7067,C:\Users\depthlev\Desktop\droneImages\dataset\depth_30\light_rain\10AM\HighresScreenshot00291_depth_30_light_rain_10AM.png,C:\Users\depthlev\Desktop\droneImages\dataset\depth_30\light_rain\10AM\HighresScreenshot00291_depth_30_light_rain_10AM.txt,excluded_problematic_folder
7068,C:\Users\depthlev\Desktop\droneImages\dataset\depth_30\light_rain\10AM\HighresScreenshot00292_depth_30_light_rain_10AM.png,C:\Users\depthlev\Desktop\droneImages\dataset\depth_30\light_rain\10AM\HighresScreenshot00292_depth_30_light_rain_10AM.txt,excluded_problematic_folder
7069,C:\Users\depthlev\Desktop\droneImages\dataset\depth_30\light_rain\10AM\HighresScreenshot00293_depth_30_light_rain_10AM.png,C:\Users\depthlev\Desktop\droneImages\dataset\depth_30\light_rain\10AM\HighresScreenshot00293_depth_30_light_rain_10AM.txt,excluded_problematic_folder
7070,C:\Users\depthlev\Desktop\droneImages\dataset\depth_30\light_rain\10AM\HighresScreenshot00294_depth_30_light_rain_10AM.png,C:\Users\depthlev\Desktop\droneImages\dataset\depth_30\light_rain\10AM\HighresScreenshot00294_depth_30_light_rain_10AM.txt,excluded_problematic_folder
7071,C:\Users\depthlev\Desktop\droneImages\dataset\depth_30\light_rain\10AM\HighresScreenshot00295_depth_30_light_rain_10AM.png,C:\Users\depthlev\Desktop\droneImages\dataset\depth_30\light_rain\10AM\HighresScreenshot00295_depth_30_light_rain_10AM.txt,excluded_problematic_folder
7072,C:\Users\depthlev\Desktop\droneImages\dataset\depth_30\light_rain\10AM\HighresScreenshot00296_depth_30_light_rain_10AM.png,C:\Users\depthlev\Desktop\droneImages\dataset\depth_30\light_rain\10AM\HighresScreenshot00296_depth_30_light_rain_10AM.txt,excluded_problematic_folder
7073,C:\Users\depthlev\Desktop\droneImages\dataset\depth_30\light_rain\10AM\HighresScreenshot00297_depth_30_light_rain_10AM.png,C:\Users\depthlev\Desktop\droneImages\dataset\depth_30\light_rain\10AM\HighresScreenshot00297_depth_30_light_rain_10AM.txt,excluded_problematic_folder
7074,C:\Users\depthlev\Desktop\droneImages\dataset\depth_30\light_rain\10AM\HighresScreenshot00298_depth_30_light_rain_10AM.png,C:\Users\depthlev\Desktop\droneImages\dataset\depth_30\light_rain\10AM\HighresScreenshot00298_depth_30_light_rain_10AM.txt,excluded_problematic_folder
7075,C:\Users\depthlev\Desktop\droneImages\dataset\depth_30\light_rain\10AM\HighresScreenshot00299_depth_30_light_rain_10AM.png,C:\Users\depthlev\Desktop\droneImages\dataset\depth_30\light_rain\10AM\HighresScreenshot00299_depth_30_light_rain_10AM.txt,excluded_problematic_folder
7076,C:\Users\depthlev\Desktop\droneImages\dataset\depth_30\light_rain\10AM\HighresScreenshot00300_depth_30_light_rain_10AM.png,C:\Users\depthlev\Desktop\droneImages\dataset\depth_30\light_rain\10AM\HighresScreenshot00300_depth_30_light_rain_10AM.txt,excluded_problematic_folder
7077,C:\Users\depthlev\Desktop\droneImages\dataset\depth_30\light_rain\10AM\HighresScreenshot00301_depth_30_light_rain_10AM.png,C:\Users\depthlev\Desktop\droneImages\dataset\depth_30\light_rain\10AM\HighresScreenshot00301_depth_30_light_rain_10AM.txt,excluded_problematic_folder
7078,C:\Users\depthlev\Desktop\droneImages\dataset\depth_30\light_rain\10AM\HighresScreenshot00302_depth_30_light_rain_10AM.png,C:\Users\depthlev\Desktop\droneImages\dataset\depth_30\light_rain\10AM\HighresScreenshot00302_depth_30_light_rain_10AM.txt,excluded_problematic_folder
7079,C:\Users\depthlev\Desktop\droneImages\dataset\depth_30\light_rain\10AM\HighresScreenshot00303_depth_30_light_rain_10AM.png,C:\Users\depthlev\Desktop\droneImages\dataset\depth_30\light_rain\10AM\HighresScreenshot00303_depth_30_light_rain_10AM.txt,excluded_problematic_folder
7080,C:\Users\depthlev\Desktop\droneImages\dataset\depth_30\light_rain\10AM\HighresScreenshot00304_depth_30_light_rain_10AM.png,C:\Users\depthlev\Desktop\droneImages\dataset\depth_30\light_rain\10AM\HighresScreenshot00304_depth_30_light_rain_10AM.txt,excluded_problematic_folder
7081,C:\Users\depthlev\Desktop\droneImages\dataset\depth_30\light_rain\10AM\HighresScreenshot00305_depth_30_light_rain_10AM.png,C:\Users\depthlev\Desktop\droneImages\dataset\depth_30\light_rain\10AM\HighresScreenshot00305_depth_30_light_rain_10AM.txt,excluded_problematic_folder
7082,C:\Users\depthlev\Desktop\droneImages\dataset\depth_30\light_rain\10AM\HighresScreenshot00306_depth_30_light_rain_10AM.png,C:\Users\depthlev\Desktop\droneImages\dataset\depth_30\light_rain\10AM\HighresScreenshot00306_depth_30_light_rain_10AM.txt,excluded_problematic_folder
7083,C:\Users\depthlev\Desktop\droneImages\dataset\depth_30\light_rain\10AM\HighresScreenshot00307_depth_30_light_rain_10AM.png,C:\Users\depthlev\Desktop\droneImages\dataset\depth_30\light_rain\10AM\HighresScreenshot00307_depth_30_light_rain_10AM.txt,excluded_problematic_folder
7084,C:\Users\depthlev\Desktop\droneImages\dataset\depth_30\light_rain\10AM\HighresScreenshot00308_depth_30_light_rain_10AM.png,C:\Users\depthlev\Desktop\droneImages\dataset\depth_30\light_rain\10AM\HighresScreenshot00308_depth_30_light_rain_10AM.txt,excluded_problematic_folder
7085,C:\Users\depthlev\Desktop\droneImages\dataset\depth_30\light_rain\10AM\HighresScreenshot00309_depth_30_light_rain_10AM.png,C:\Users\depthlev\Desktop\droneImages\dataset\depth_30\light_rain\10AM\HighresScreenshot00309_depth_30_light_rain_10AM.txt,excluded_problematic_folder
7086,C:\Users\depthlev\Desktop\droneImages\dataset\depth_30\light_rain\10AM\HighresScreenshot00310_depth_30_light_rain_10AM.png,C:\Users\depthlev\Desktop\droneImages\dataset\depth_30\light_rain\10AM\HighresScreenshot00310_depth_30_light_rain_10AM.txt,excluded_problematic_folder
7087,C:\Users\depthlev\Desktop\droneImages\dataset\depth_30\light_rain\10AM\HighresScreenshot00311_depth_30_light_rain_10AM.png,C:\Users\depthlev\Desktop\droneImages\dataset\depth_30\light_rain\10AM\HighresScreenshot00311_depth_30_light_rain_10AM.txt,excluded_problematic_folder
7088,C:\Users\depthlev\Desktop\droneImages\dataset\depth_30\light_rain\10AM\HighresScreenshot00312_depth_30_light_rain_10AM.png,C:\Users\depthlev\Desktop\droneImages\dataset\depth_30\light_rain\10AM\HighresScreenshot00312_depth_30_light_rain_10AM.txt,excluded_problematic_folder
7089,C:\Users\depthlev\Desktop\droneImages\dataset\depth_30\light_rain\10AM\HighresScreenshot00313_depth_30_light_rain_10AM.png,C:\Users\depthlev\Desktop\droneImages\dataset\depth_30\light_rain\10AM\HighresScreenshot00313_depth_30_light_rain_10AM.txt,excluded_problematic_folder
7090,C:\Users\depthlev\Desktop\droneImages\dataset\depth_30\light_rain\10AM\HighresScreenshot00314_depth_30_light_rain_10AM.png,C:\Users\depthlev\Desktop\droneImages\dataset\depth_30\light_rain\10AM\HighresScreenshot00314_depth_30_light_rain_10AM.txt,excluded_problematic_folder
7091,C:\Users\depthlev\Desktop\droneImages\dataset\depth_30\light_rain\10AM\HighresScreenshot00315_depth_30_light_rain_10AM.png,C:\Users\depthlev\Desktop\droneImages\dataset\depth_30\light_rain\10AM\HighresScreenshot00315_depth_30_light_rain_10AM.txt,excluded_problematic_folder
7092,C:\Users\depthlev\Desktop\droneImages\dataset\depth_30\light_rain\10AM\HighresScreenshot00316_depth_30_light_rain_10AM.png,C:\Users\depthlev\Desktop\droneImages\dataset\depth_30\light_rain\10AM\HighresScreenshot00316_depth_30_light_rain_10AM.txt,excluded_problematic_folder
7093,C:\Users\depthlev\Desktop\droneImages\dataset\depth_30\light_rain\10AM\HighresScreenshot00317_depth_30_light_rain_10AM.png,C:\Users\depthlev\Desktop\droneImages\dataset\depth_30\light_rain\10AM\HighresScreenshot00317_depth_30_light_rain_10AM.txt,excluded_problematic_folder
7094,C:\Users\depthlev\Desktop\droneImages\dataset\depth_30\light_rain\10AM\HighresScreenshot00318_depth_30_light_rain_10AM.png,C:\Users\depthlev\Desktop\droneImages\dataset\depth_30\light_rain\10AM\HighresScreenshot00318_depth_30_light_rain_10AM.txt,excluded_problematic_folder
7095,C:\Users\depthlev\Desktop\droneImages\dataset\depth_30\light_rain\10AM\HighresScreenshot00319_depth_30_light_rain_10AM.png,C:\Users\depthlev\Desktop\droneImages\dataset\depth_30\light_rain\10AM\HighresScreenshot00319_depth_30_light_rain_10AM.txt,excluded_problematic_folder
7096,C:\Users\depthlev\Desktop\droneImages\dataset\depth_30\light_rain\10AM\HighresScreenshot00320_depth_30_light_rain_10AM.png,C:\Users\depthlev\Desktop\droneImages\dataset\depth_30\light_rain\10AM\HighresScreenshot00320_depth_30_light_rain_10AM.txt,excluded_problematic_folder
7097,C:\Users\depthlev\Desktop\droneImages\dataset\depth_30\light_rain\10AM\HighresScreenshot00321_depth_30_light_rain_10AM.png,C:\Users\depthlev\Desktop\droneImages\dataset\depth_30\light_rain\10AM\HighresScreenshot00321_depth_30_light_rain_10AM.txt,excluded_problematic_folder
7098,C:\Users\depthlev\Desktop\droneImages\dataset\depth_30\light_rain\10AM\HighresScreenshot00322_depth_30_light_rain_10AM.png,C:\Users\depthlev\Desktop\droneImages\dataset\depth_30\light_rain\10AM\HighresScreenshot00322_depth_30_light_rain_10AM.txt,excluded_problematic_folder
7099,C:\Users\depthlev\Desktop\droneImages\dataset\depth_30\light_rain\10AM\HighresScreenshot00323_depth_30_light_rain_10AM.png,C:\Users\depthlev\Desktop\droneImages\dataset\depth_30\light_rain\10AM\HighresScreenshot00323_depth_30_light_rain_10AM.txt,excluded_problematic_folder
7100,C:\Users\depthlev\Desktop\droneImages\dataset\depth_30\light_rain\10AM\HighresScreenshot00324_depth_30_light_rain_10AM.png,C:\Users\depthlev\Desktop\droneImages\dataset\depth_30\light_rain\10AM\HighresScreenshot00324_depth_30_light_rain_10AM.txt,excluded_problematic_folder
7101,C:\Users\depthlev\Desktop\droneImages\dataset\depth_30\light_rain\10AM\HighresScreenshot00325_depth_30_light_rain_10AM.png,C:\Users\depthlev\Desktop\droneImages\dataset\depth_30\light_rain\10AM\HighresScreenshot00325_depth_30_light_rain_10AM.txt,excluded_problematic_folder
7102,C:\Users\depthlev\Desktop\droneImages\dataset\depth_30\light_rain\10AM\HighresScreenshot00326_depth_30_light_rain_10AM.png,C:\Users\depthlev\Desktop\droneImages\dataset\depth_30\light_rain\10AM\HighresScreenshot00326_depth_30_light_rain_10AM.txt,excluded_problematic_folder
7103,C:\Users\depthlev\Desktop\droneImages\dataset\depth_30\light_rain\10AM\HighresScreenshot00327_depth_30_light_rain_10AM.png,C:\Users\depthlev\Desktop\droneImages\dataset\depth_30\light_rain\10AM\HighresScreenshot00327_depth_30_light_rain_10AM.txt,excluded_problematic_folder
7104,C:\Users\depthlev\Desktop\droneImages\dataset\depth_30\light_rain\10AM\HighresScreenshot00328_depth_30_light_rain_10AM.png,C:\Users\depthlev\Desktop\droneImages\dataset\depth_30\light_rain\10AM\HighresScreenshot00328_depth_30_light_rain_10AM.txt,excluded_problematic_folder
7105,C:\Users\depthlev\Desktop\droneImages\dataset\depth_30\light_rain\10AM\HighresScreenshot00329_depth_30_light_rain_10AM.png,C:\Users\depthlev\Desktop\droneImages\dataset\depth_30\light_rain\10AM\HighresScreenshot00329_depth_30_light_rain_10AM.txt,excluded_problematic_folder
7106,C:\Users\depthlev\Desktop\droneImages\dataset\depth_30\light_rain\10AM\HighresScreenshot00330_depth_30_light_rain_10AM.png,C:\Users\depthlev\Desktop\droneImages\dataset\depth_30\light_rain\10AM\HighresScreenshot00330_depth_30_light_rain_10AM.txt,excluded_problematic_folder
7107,C:\Users\depthlev\Desktop\droneImages\dataset\depth_30\light_rain\10AM\HighresScreenshot00331_depth_30_light_rain_10AM.png,C:\Users\depthlev\Desktop\droneImages\dataset\depth_30\light_rain\10AM\HighresScreenshot00331_depth_30_light_rain_10AM.txt,excluded_problematic_folder
7108,C:\Users\depthlev\Desktop\droneImages\dataset\depth_30\light_rain\10AM\HighresScreenshot00332_depth_30_light_rain_10AM.png,C:\Users\depthlev\Desktop\droneImages\dataset\depth_30\light_rain\10AM\HighresScreenshot00332_depth_30_light_rain_10AM.txt,excluded_problematic_folder
7109,C:\Users\depthlev\Desktop\droneImages\dataset\depth_30\light_rain\10AM\HighresScreenshot00333_depth_30_light_rain_10AM.png,C:\Users\depthlev\Desktop\droneImages\dataset\depth_30\light_rain\10AM\HighresScreenshot00333_depth_30_light_rain_10AM.txt,excluded_problematic_folder
7110,C:\Users\depthlev\Desktop\droneImages\dataset\depth_30\light_rain\10AM\HighresScreenshot00334_depth_30_light_rain_10AM.png,C:\Users\depthlev\Desktop\droneImages\dataset\depth_30\light_rain\10AM\HighresScreenshot00334_depth_30_light_rain_10AM.txt,excluded_problematic_folder
7111,C:\Users\depthlev\Desktop\droneImages\dataset\depth_30\light_rain\10AM\HighresScreenshot00335_depth_30_light_rain_10AM.png,C:\Users\depthlev\Desktop\droneImages\dataset\depth_30\light_rain\10AM\HighresScreenshot00335_depth_30_light_rain_10AM.txt,excluded_problematic_folder
7112,C:\Users\depthlev\Desktop\droneImages\dataset\depth_30\light_rain\10AM\HighresScreenshot00336_depth_30_light_rain_10AM.png,C:\Users\depthlev\Desktop\droneImages\dataset\depth_30\light_rain\10AM\HighresScreenshot00336_depth_30_light_rain_10AM.txt,excluded_problematic_folder
7113,C:\Users\depthlev\Desktop\droneImages\dataset\depth_30\light_rain\10AM\HighresScreenshot00337_depth_30_light_rain_10AM.png,C:\Users\depthlev\Desktop\droneImages\dataset\depth_30\light_rain\10AM\HighresScreenshot00337_depth_30_light_rain_10AM.txt,excluded_problematic_folder
7114,C:\Users\depthlev\Desktop\droneImages\dataset\depth_30\light_rain\10AM\HighresScreenshot00338_depth_30_light_rain_10AM.png,C:\Users\depthlev\Desktop\droneImages\dataset\depth_30\light_rain\10AM\HighresScreenshot00338_depth_30_light_rain_10AM.txt,excluded_problematic_folder
7115,C:\Users\depthlev\Desktop\droneImages\dataset\depth_30\light_rain\10AM\HighresScreenshot00339_depth_30_light_rain_10AM.png,C:\Users\depthlev\Desktop\droneImages\dataset\depth_30\light_rain\10AM\HighresScreenshot00339_depth_30_light_rain_10AM.txt,excluded_problematic_folder
7116,C:\Users\depthlev\Desktop\droneImages\dataset\depth_30\light_rain\10AM\HighresScreenshot00340_depth_30_light_rain_10AM.png,C:\Users\depthlev\Desktop\droneImages\dataset\depth_30\light_rain\10AM\HighresScreenshot00340_depth_30_light_rain_10AM.txt,excluded_problematic_folder
7117,C:\Users\depthlev\Desktop\droneImages\dataset\depth_30\light_rain\10AM\HighresScreenshot00341_depth_30_light_rain_10AM.png,C:\Users\depthlev\Desktop\droneImages\dataset\depth_30\light_rain\10AM\HighresScreenshot00341_depth_30_light_rain_10AM.txt,excluded_problematic_folder
7118,C:\Users\depthlev\Desktop\droneImages\dataset\depth_30\light_rain\10AM\HighresScreenshot00342_depth_30_light_rain_10AM.png,C:\Users\depthlev\Desktop\droneImages\dataset\depth_30\light_rain\10AM\HighresScreenshot00342_depth_30_light_rain_10AM.txt,excluded_problematic_folder
7119,C:\Users\depthlev\Desktop\droneImages\dataset\depth_30\light_rain\10AM\HighresScreenshot00343_depth_30_light_rain_10AM.png,C:\Users\depthlev\Desktop\droneImages\dataset\depth_30\light_rain\10AM\HighresScreenshot00343_depth_30_light_rain_10AM.txt,excluded_problematic_folder
7120,C:\Users\depthlev\Desktop\droneImages\dataset\depth_30\light_rain\10AM\HighresScreenshot00344_depth_30_light_rain_10AM.png,C:\Users\depthlev\Desktop\droneImages\dataset\depth_30\light_rain\10AM\HighresScreenshot00344_depth_30_light_rain_10AM.txt,excluded_problematic_folder
7121,C:\Users\depthlev\Desktop\droneImages\dataset\depth_30\light_rain\10AM\HighresScreenshot00345_depth_30_light_rain_10AM.png,C:\Users\depthlev\Desktop\droneImages\dataset\depth_30\light_rain\10AM\HighresScreenshot00345_depth_30_light_rain_10AM.txt,excluded_problematic_folder
7122,C:\Users\depthlev\Desktop\droneImages\dataset\depth_30\light_rain\10AM\HighresScreenshot00346_depth_30_light_rain_10AM.png,C:\Users\depthlev\Desktop\droneImages\dataset\depth_30\light_rain\10AM\HighresScreenshot00346_depth_30_light_rain_10AM.txt,excluded_problematic_folder
7123,C:\Users\depthlev\Desktop\droneImages\dataset\depth_30\light_rain\10AM\HighresScreenshot00347_depth_30_light_rain_10AM.png,C:\Users\depthlev\Desktop\droneImages\dataset\depth_30\light_rain\10AM\HighresScreenshot00347_depth_30_light_rain_10AM.txt,excluded_problematic_folder
7124,C:\Users\depthlev\Desktop\droneImages\dataset\depth_30\light_rain\10AM\HighresScreenshot00348_depth_30_light_rain_10AM.png,C:\Users\depthlev\Desktop\droneImages\dataset\depth_30\light_rain\10AM\HighresScreenshot00348_depth_30_light_rain_10AM.txt,excluded_problematic_folder
7125,C:\Users\depthlev\Desktop\droneImages\dataset\depth_30\light_rain\10AM\HighresScreenshot00349_depth_30_light_rain_10AM.png,C:\Users\depthlev\Desktop\droneImages\dataset\depth_30\light_rain\10AM\HighresScreenshot00349_depth_30_light_rain_10AM.txt,excluded_problematic_folder
7126,C:\Users\depthlev\Desktop\droneImages\dataset\depth_30\light_rain\10AM\HighresScreenshot00350_depth_30_light_rain_10AM.png,C:\Users\depthlev\Desktop\droneImages\dataset\depth_30\light_rain\10AM\HighresScreenshot00350_depth_30_light_rain_10AM.txt,excluded_problematic_folder
7127,C:\Users\depthlev\Desktop\droneImages\dataset\depth_30\light_rain\10AM\HighresScreenshot00351_depth_30_light_rain_10AM.png,C:\Users\depthlev\Desktop\droneImages\dataset\depth_30\light_rain\10AM\HighresScreenshot00351_depth_30_light_rain_10AM.txt,excluded_problematic_folder
7128,C:\Users\depthlev\Desktop\droneImages\dataset\depth_30\light_rain\10AM\HighresScreenshot00352_depth_30_light_rain_10AM.png,C:\Users\depthlev\Desktop\droneImages\dataset\depth_30\light_rain\10AM\HighresScreenshot00352_depth_30_light_rain_10AM.txt,excluded_problematic_folder
7129,C:\Users\depthlev\Desktop\droneImages\dataset\depth_30\light_rain\10AM\HighresScreenshot00353_depth_30_light_rain_10AM.png,C:\Users\depthlev\Desktop\droneImages\dataset\depth_30\light_rain\10AM\HighresScreenshot00353_depth_30_light_rain_10AM.txt,excluded_problematic_folder
7130,C:\Users\depthlev\Desktop\droneImages\dataset\depth_30\light_rain\10AM\HighresScreenshot00354_depth_30_light_rain_10AM.png,C:\Users\depthlev\Desktop\droneImages\dataset\depth_30\light_rain\10AM\HighresScreenshot00354_depth_30_light_rain_10AM.txt,excluded_problematic_folder
7131,C:\Users\depthlev\Desktop\droneImages\dataset\depth_30\light_rain\10AM\HighresScreenshot00355_depth_30_light_rain_10AM.png,C:\Users\depthlev\Desktop\droneImages\dataset\depth_30\light_rain\10AM\HighresScreenshot00355_depth_30_light_rain_10AM.txt,excluded_problematic_folder
7132,C:\Users\depthlev\Desktop\droneImages\dataset\depth_30\light_rain\10AM\HighresScreenshot00356_depth_30_light_rain_10AM.png,C:\Users\depthlev\Desktop\droneImages\dataset\depth_30\light_rain\10AM\HighresScreenshot00356_depth_30_light_rain_10AM.txt,excluded_problematic_folder
7133,C:\Users\depthlev\Desktop\droneImages\dataset\depth_30\light_rain\10AM\HighresScreenshot00357_depth_30_light_rain_10AM.png,C:\Users\depthlev\Desktop\droneImages\dataset\depth_30\light_rain\10AM\HighresScreenshot00357_depth_30_light_rain_10AM.txt,excluded_problematic_folder
7134,C:\Users\depthlev\Desktop\droneImages\dataset\depth_30\light_rain\10AM\HighresScreenshot00358_depth_30_light_rain_10AM.png,C:\Users\depthlev\Desktop\droneImages\dataset\depth_30\light_rain\10AM\HighresScreenshot00358_depth_30_light_rain_10AM.txt,excluded_problematic_folder
7135,C:\Users\depthlev\Desktop\droneImages\dataset\depth_30\light_rain\10AM\HighresScreenshot00359_depth_30_light_rain_10AM.png,C:\Users\depthlev\Desktop\droneImages\dataset\depth_30\light_rain\10AM\HighresScreenshot00359_depth_30_light_rain_10AM.txt,excluded_problematic_folder
7136,C:\Users\depthlev\Desktop\droneImages\dataset\depth_30\light_rain\10AM\HighresScreenshot00360_depth_30_light_rain_10AM.png,C:\Users\depthlev\Desktop\droneImages\dataset\depth_30\light_rain\10AM\HighresScreenshot00360_depth_30_light_rain_10AM.txt,excluded_problematic_folder
7137,C:\Users\depthlev\Desktop\droneImages\dataset\depth_30\light_rain\10AM\HighresScreenshot00361_depth_30_light_rain_10AM.png,C:\Users\depthlev\Desktop\droneImages\dataset\depth_30\light_rain\10AM\HighresScreenshot00361_depth_30_light_rain_10AM.txt,excluded_problematic_folder
7138,C:\Users\depthlev\Desktop\droneImages\dataset\depth_30\light_rain\10AM\HighresScreenshot00362_depth_30_light_rain_10AM.png,C:\Users\depthlev\Desktop\droneImages\dataset\depth_30\light_rain\10AM\HighresScreenshot00362_depth_30_light_rain_10AM.txt,excluded_problematic_folder
7139,C:\Users\depthlev\Desktop\droneImages\dataset\depth_30\light_rain\10AM\HighresScreenshot00363_depth_30_light_rain_10AM.png,C:\Users\depthlev\Desktop\droneImages\dataset\depth_30\light_rain\10AM\HighresScreenshot00363_depth_30_light_rain_10AM.txt,excluded_problematic_folder
7140,C:\Users\depthlev\Desktop\droneImages\dataset\depth_30\light_rain\10AM\HighresScreenshot00364_depth_30_light_rain_10AM.png,C:\Users\depthlev\Desktop\droneImages\dataset\depth_30\light_rain\10AM\HighresScreenshot00364_depth_30_light_rain_10AM.txt,excluded_problematic_folder
7141,C:\Users\depthlev\Desktop\droneImages\dataset\depth_30\light_rain\10AM\HighresScreenshot00365_depth_30_light_rain_10AM.png,C:\Users\depthlev\Desktop\droneImages\dataset\depth_30\light_rain\10AM\HighresScreenshot00365_depth_30_light_rain_10AM.txt,excluded_problematic_folder
7142,C:\Users\depthlev\Desktop\droneImages\dataset\depth_30\light_rain\10AM\HighresScreenshot00366_depth_30_light_rain_10AM.png,C:\Users\depthlev\Desktop\droneImages\dataset\depth_30\light_rain\10AM\HighresScreenshot00366_depth_30_light_rain_10AM.txt,excluded_problematic_folder
7143,C:\Users\depthlev\Desktop\droneImages\dataset\depth_30\light_rain\10AM\HighresScreenshot00367_depth_30_light_rain_10AM.png,C:\Users\depthlev\Desktop\droneImages\dataset\depth_30\light_rain\10AM\HighresScreenshot00367_depth_30_light_rain_10AM.txt,excluded_problematic_folder
7144,C:\Users\depthlev\Desktop\droneImages\dataset\depth_30\light_rain\10AM\HighresScreenshot00368_depth_30_light_rain_10AM.png,C:\Users\depthlev\Desktop\droneImages\dataset\depth_30\light_rain\10AM\HighresScreenshot00368_depth_30_light_rain_10AM.txt,excluded_problematic_folder
7145,C:\Users\depthlev\Desktop\droneImages\dataset\depth_30\light_rain\10AM\HighresScreenshot00369_depth_30_light_rain_10AM.png,C:\Users\depthlev\Desktop\droneImages\dataset\depth_30\light_rain\10AM\HighresScreenshot00369_depth_30_light_rain_10AM.txt,excluded_problematic_folder
7146,C:\Users\depthlev\Desktop\droneImages\dataset\depth_30\light_rain\10AM\HighresScreenshot00370_depth_30_light_rain_10AM.png,C:\Users\depthlev\Desktop\droneImages\dataset\depth_30\light_rain\10AM\HighresScreenshot00370_depth_30_light_rain_10AM.txt,excluded_problematic_folder
7147,C:\Users\depthlev\Desktop\droneImages\dataset\depth_30\light_rain\10AM\HighresScreenshot00371_depth_30_light_rain_10AM.png,C:\Users\depthlev\Desktop\droneImages\dataset\depth_30\light_rain\10AM\HighresScreenshot00371_depth_30_light_rain_10AM.txt,excluded_problematic_folder
7148,C:\Users\depthlev\Desktop\droneImages\dataset\depth_30\light_rain\10AM\HighresScreenshot00372_depth_30_light_rain_10AM.png,C:\Users\depthlev\Desktop\droneImages\dataset\depth_30\light_rain\10AM\HighresScreenshot00372_depth_30_light_rain_10AM.txt,excluded_problematic_folder
7149,C:\Users\depthlev\Desktop\droneImages\dataset\depth_30\light_rain\10AM\HighresScreenshot00373_depth_30_light_rain_10AM.png,C:\Users\depthlev\Desktop\droneImages\dataset\depth_30\light_rain\10AM\HighresScreenshot00373_depth_30_light_rain_10AM.txt,excluded_problematic_folder
7150,C:\Users\depthlev\Desktop\droneImages\dataset\depth_30\light_rain\10AM\HighresScreenshot00374_depth_30_light_rain_10AM.png,C:\Users\depthlev\Desktop\droneImages\dataset\depth_30\light_rain\10AM\HighresScreenshot00374_depth_30_light_rain_10AM.txt,excluded_problematic_folder
7151,C:\Users\depthlev\Desktop\droneImages\dataset\depth_30\light_rain\10AM\HighresScreenshot00375_depth_30_light_rain_10AM.png,C:\Users\depthlev\Desktop\droneImages\dataset\depth_30\light_rain\10AM\HighresScreenshot00375_depth_30_light_rain_10AM.txt,excluded_problematic_folder
7152,C:\Users\depthlev\Desktop\droneImages\dataset\depth_30\light_rain\10AM\HighresScreenshot00376_depth_30_light_rain_10AM.png,C:\Users\depthlev\Desktop\droneImages\dataset\depth_30\light_rain\10AM\HighresScreenshot00376_depth_30_light_rain_10AM.txt,excluded_problematic_folder
7153,C:\Users\depthlev\Desktop\droneImages\dataset\depth_30\light_rain\10AM\HighresScreenshot00377_depth_30_light_rain_10AM.png,C:\Users\depthlev\Desktop\droneImages\dataset\depth_30\light_rain\10AM\HighresScreenshot00377_depth_30_light_rain_10AM.txt,excluded_problematic_folder
7154,C:\Users\depthlev\Desktop\droneImages\dataset\depth_30\light_rain\10AM\HighresScreenshot00378_depth_30_light_rain_10AM.png,C:\Users\depthlev\Desktop\droneImages\dataset\depth_30\light_rain\10AM\HighresScreenshot00378_depth_30_light_rain_10AM.txt,excluded_problematic_folder
7155,C:\Users\depthlev\Desktop\droneImages\dataset\depth_30\light_rain\10AM\HighresScreenshot00379_depth_30_light_rain_10AM.png,C:\Users\depthlev\Desktop\droneImages\dataset\depth_30\light_rain\10AM\HighresScreenshot00379_depth_30_light_rain_10AM.txt,excluded_problematic_folder
7156,C:\Users\depthlev\Desktop\droneImages\dataset\depth_30\light_rain\10AM\HighresScreenshot00380_depth_30_light_rain_10AM.png,C:\Users\depthlev\Desktop\droneImages\dataset\depth_30\light_rain\10AM\HighresScreenshot00380_depth_30_light_rain_10AM.txt,excluded_problematic_folder
7157,C:\Users\depthlev\Desktop\droneImages\dataset\depth_30\light_rain\10AM\HighresScreenshot00381_depth_30_light_rain_10AM.png,C:\Users\depthlev\Desktop\droneImages\dataset\depth_30\light_rain\10AM\HighresScreenshot00381_depth_30_light_rain_10AM.txt,excluded_problematic_folder
7158,C:\Users\depthlev\Desktop\droneImages\dataset\depth_30\light_rain\10AM\HighresScreenshot00382_depth_30_light_rain_10AM.png,C:\Users\depthlev\Desktop\droneImages\dataset\depth_30\light_rain\10AM\HighresScreenshot00382_depth_30_light_rain_10AM.txt,excluded_problematic_folder
7159,C:\Users\depthlev\Desktop\droneImages\dataset\depth_30\light_rain\10AM\HighresScreenshot00383_depth_30_light_rain_10AM.png,C:\Users\depthlev\Desktop\droneImages\dataset\depth_30\light_rain\10AM\HighresScreenshot00383_depth_30_light_rain_10AM.txt,excluded_problematic_folder
7160,C:\Users\depthlev\Desktop\droneImages\dataset\depth_30\light_rain\10AM\HighresScreenshot00384_depth_30_light_rain_10AM.png,C:\Users\depthlev\Desktop\droneImages\dataset\depth_30\light_rain\10AM\HighresScreenshot00384_depth_30_light_rain_10AM.txt,excluded_problematic_folder
7161,C:\Users\depthlev\Desktop\droneImages\dataset\depth_30\light_rain\10AM\HighresScreenshot00385_depth_30_light_rain_10AM.png,C:\Users\depthlev\Desktop\droneImages\dataset\depth_30\light_rain\10AM\HighresScreenshot00385_depth_30_light_rain_10AM.txt,excluded_problematic_folder
7162,C:\Users\depthlev\Desktop\droneImages\dataset\depth_30\light_rain\10AM\HighresScreenshot00386_depth_30_light_rain_10AM.png,C:\Users\depthlev\Desktop\droneImages\dataset\depth_30\light_rain\10AM\HighresScreenshot00386_depth_30_light_rain_10AM.txt,excluded_problematic_folder
7163,C:\Users\depthlev\Desktop\droneImages\dataset\depth_30\light_rain\10AM\HighresScreenshot00387_depth_30_light_rain_10AM.png,C:\Users\depthlev\Desktop\droneImages\dataset\depth_30\light_rain\10AM\HighresScreenshot00387_depth_30_light_rain_10AM.txt,excluded_problematic_folder
7164,C:\Users\depthlev\Desktop\droneImages\dataset\depth_30\light_rain\10AM\HighresScreenshot00388_depth_30_light_rain_10AM.png,C:\Users\depthlev\Desktop\droneImages\dataset\depth_30\light_rain\10AM\HighresScreenshot00388_depth_30_light_rain_10AM.txt,excluded_problematic_folder
7165,C:\Users\depthlev\Desktop\droneImages\dataset\depth_30\light_rain\10AM\HighresScreenshot00389_depth_30_light_rain_10AM.png,C:\Users\depthlev\Desktop\droneImages\dataset\depth_30\light_rain\10AM\HighresScreenshot00389_depth_30_light_rain_10AM.txt,excluded_problematic_folder
7166,C:\Users\depthlev\Desktop\droneImages\dataset\depth_30\light_rain\10AM\HighresScreenshot00390_depth_30_light_rain_10AM.png,C:\Users\depthlev\Desktop\droneImages\dataset\depth_30\light_rain\10AM\HighresScreenshot00390_depth_30_light_rain_10AM.txt,excluded_problematic_folder
7167,C:\Users\depthlev\Desktop\droneImages\dataset\depth_30\light_rain\10AM\HighresScreenshot00391_depth_30_light_rain_10AM.png,C:\Users\depthlev\Desktop\droneImages\dataset\depth_30\light_rain\10AM\HighresScreenshot00391_depth_30_light_rain_10AM.txt,excluded_problematic_folder
7168,C:\Users\depthlev\Desktop\droneImages\dataset\depth_30\light_rain\10AM\HighresScreenshot00392_depth_30_light_rain_10AM.png,C:\Users\depthlev\Desktop\droneImages\dataset\depth_30\light_rain\10AM\HighresScreenshot00392_depth_30_light_rain_10AM.txt,excluded_problematic_folder
7169,C:\Users\depthlev\Desktop\droneImages\dataset\depth_30\light_rain\10AM\HighresScreenshot00393_depth_30_light_rain_10AM.png,C:\Users\depthlev\Desktop\droneImages\dataset\depth_30\light_rain\10AM\HighresScreenshot00393_depth_30_light_rain_10AM.txt,excluded_problematic_folder
7170,C:\Users\depthlev\Desktop\droneImages\dataset\depth_30\light_rain\10AM\HighresScreenshot00394_depth_30_light_rain_10AM.png,C:\Users\depthlev\Desktop\droneImages\dataset\depth_30\light_rain\10AM\HighresScreenshot00394_depth_30_light_rain_10AM.txt,excluded_problematic_folder
7171,C:\Users\depthlev\Desktop\droneImages\dataset\depth_30\light_rain\10AM\HighresScreenshot00395_depth_30_light_rain_10AM.png,C:\Users\depthlev\Desktop\droneImages\dataset\depth_30\light_rain\10AM\HighresScreenshot00395_depth_30_light_rain_10AM.txt,excluded_problematic_folder
7172,C:\Users\depthlev\Desktop\droneImages\dataset\depth_30\light_rain\10AM\HighresScreenshot00396_depth_30_light_rain_10AM.png,C:\Users\depthlev\Desktop\droneImages\dataset\depth_30\light_rain\10AM\HighresScreenshot00396_depth_30_light_rain_10AM.txt,excluded_problematic_folder
7173,C:\Users\depthlev\Desktop\droneImages\dataset\depth_30\light_rain\10AM\HighresScreenshot00397_depth_30_light_rain_10AM.png,C:\Users\depthlev\Desktop\droneImages\dataset\depth_30\light_rain\10AM\HighresScreenshot00397_depth_30_light_rain_10AM.txt,excluded_problematic_folder
7174,C:\Users\depthlev\Desktop\droneImages\dataset\depth_30\light_rain\10AM\HighresScreenshot00398_depth_30_light_rain_10AM.png,C:\Users\depthlev\Desktop\droneImages\dataset\depth_30\light_rain\10AM\HighresScreenshot00398_depth_30_light_rain_10AM.txt,excluded_problematic_folder
7175,C:\Users\depthlev\Desktop\droneImages\dataset\depth_30\light_rain\10AM\HighresScreenshot00399_depth_30_light_rain_10AM.png,C:\Users\depthlev\Desktop\droneImages\dataset\depth_30\light_rain\10AM\HighresScreenshot00399_depth_30_light_rain_10AM.txt,excluded_problematic_folder
7176,C:\Users\depthlev\Desktop\droneImages\dataset\depth_30\light_rain\10AM\HighresScreenshot00400_depth_30_light_rain_10AM.png,C:\Users\depthlev\Desktop\droneImages\dataset\depth_30\light_rain\10AM\HighresScreenshot00400_depth_30_light_rain_10AM.txt,excluded_problematic_folder
7177,C:\Users\depthlev\Desktop\droneImages\dataset\depth_30\light_rain\10AM\HighresScreenshot00401_depth_30_light_rain_10AM.png,C:\Users\depthlev\Desktop\droneImages\dataset\depth_30\light_rain\10AM\HighresScreenshot00401_depth_30_light_rain_10AM.txt,excluded_problematic_folder
7178,C:\Users\depthlev\Desktop\droneImages\dataset\depth_30\light_rain\10AM\HighresScreenshot00402_depth_30_light_rain_10AM.png,C:\Users\depthlev\Desktop\droneImages\dataset\depth_30\light_rain\10AM\HighresScreenshot00402_depth_30_light_rain_10AM.txt,excluded_problematic_folder
7179,C:\Users\depthlev\Desktop\droneImages\dataset\depth_30\light_rain\10AM\HighresScreenshot00403_depth_30_light_rain_10AM.png,C:\Users\depthlev\Desktop\droneImages\dataset\depth_30\light_rain\10AM\HighresScreenshot00403_depth_30_light_rain_10AM.txt,excluded_problematic_folder
7180,C:\Users\depthlev\Desktop\droneImages\dataset\depth_30\light_rain\10AM\HighresScreenshot00404_depth_30_light_rain_10AM.png,C:\Users\depthlev\Desktop\droneImages\dataset\depth_30\light_rain\10AM\HighresScreenshot00404_depth_30_light_rain_10AM.txt,excluded_problematic_folder
7181,C:\Users\depthlev\Desktop\droneImages\dataset\depth_30\light_rain\10AM\HighresScreenshot00405_depth_30_light_rain_10AM.png,C:\Users\depthlev\Desktop\droneImages\dataset\depth_30\light_rain\10AM\HighresScreenshot00405_depth_30_light_rain_10AM.txt,excluded_problematic_folder
7182,C:\Users\depthlev\Desktop\droneImages\dataset\depth_30\light_rain\10AM\HighresScreenshot00406_depth_30_light_rain_10AM.png,C:\Users\depthlev\Desktop\droneImages\dataset\depth_30\light_rain\10AM\HighresScreenshot00406_depth_30_light_rain_10AM.txt,excluded_problematic_folder
7183,C:\Users\depthlev\Desktop\droneImages\dataset\depth_30\light_rain\10AM\HighresScreenshot00407_depth_30_light_rain_10AM.png,C:\Users\depthlev\Desktop\droneImages\dataset\depth_30\light_rain\10AM\HighresScreenshot00407_depth_30_light_rain_10AM.txt,excluded_problematic_folder
7184,C:\Users\depthlev\Desktop\droneImages\dataset\depth_30\light_rain\10AM\HighresScreenshot00408_depth_30_light_rain_10AM.png,C:\Users\depthlev\Desktop\droneImages\dataset\depth_30\light_rain\10AM\HighresScreenshot00408_depth_30_light_rain_10AM.txt,excluded_problematic_folder
7185,C:\Users\depthlev\Desktop\droneImages\dataset\depth_30\light_rain\10AM\HighresScreenshot00409_depth_30_light_rain_10AM.png,C:\Users\depthlev\Desktop\droneImages\dataset\depth_30\light_rain\10AM\HighresScreenshot00409_depth_30_light_rain_10AM.txt,excluded_problematic_folder
7186,C:\Users\depthlev\Desktop\droneImages\dataset\depth_30\light_rain\10AM\HighresScreenshot00410_depth_30_light_rain_10AM.png,C:\Users\depthlev\Desktop\droneImages\dataset\depth_30\light_rain\10AM\HighresScreenshot00410_depth_30_light_rain_10AM.txt,excluded_problematic_folder
7187,C:\Users\depthlev\Desktop\droneImages\dataset\depth_30\light_rain\10AM\HighresScreenshot00411_depth_30_light_rain_10AM.png,C:\Users\depthlev\Desktop\droneImages\dataset\depth_30\light_rain\10AM\HighresScreenshot00411_depth_30_light_rain_10AM.txt,excluded_problematic_folder
7188,C:\Users\depthlev\Desktop\droneImages\dataset\depth_30\light_rain\10AM\HighresScreenshot00412_depth_30_light_rain_10AM.png,C:\Users\depthlev\Desktop\droneImages\dataset\depth_30\light_rain\10AM\HighresScreenshot00412_depth_30_light_rain_10AM.txt,excluded_problematic_folder
7189,C:\Users\depthlev\Desktop\droneImages\dataset\depth_30\light_rain\10AM\HighresScreenshot00413_depth_30_light_rain_10AM.png,C:\Users\depthlev\Desktop\droneImages\dataset\depth_30\light_rain\10AM\HighresScreenshot00413_depth_30_light_rain_10AM.txt,excluded_problematic_folder
7190,C:\Users\depthlev\Desktop\droneImages\dataset\depth_30\light_rain\10AM\HighresScreenshot00414_depth_30_light_rain_10AM.png,C:\Users\depthlev\Desktop\droneImages\dataset\depth_30\light_rain\10AM\HighresScreenshot00414_depth_30_light_rain_10AM.txt,excluded_problematic_folder
7191,C:\Users\depthlev\Desktop\droneImages\dataset\depth_30\light_rain\10AM\HighresScreenshot00415_depth_30_light_rain_10AM.png,C:\Users\depthlev\Desktop\droneImages\dataset\depth_30\light_rain\10AM\HighresScreenshot00415_depth_30_light_rain_10AM.txt,excluded_problematic_folder
7192,C:\Users\depthlev\Desktop\droneImages\dataset\depth_30\light_rain\10AM\HighresScreenshot00416_depth_30_light_rain_10AM.png,C:\Users\depthlev\Desktop\droneImages\dataset\depth_30\light_rain\10AM\HighresScreenshot00416_depth_30_light_rain_10AM.txt,excluded_problematic_folder
7193,C:\Users\depthlev\Desktop\droneImages\dataset\depth_30\light_rain\10AM\HighresScreenshot00417_depth_30_light_rain_10AM.png,C:\Users\depthlev\Desktop\droneImages\dataset\depth_30\light_rain\10AM\HighresScreenshot00417_depth_30_light_rain_10AM.txt,excluded_problematic_folder
7194,C:\Users\depthlev\Desktop\droneImages\dataset\depth_30\light_rain\10AM\HighresScreenshot00418_depth_30_light_rain_10AM.png,C:\Users\depthlev\Desktop\droneImages\dataset\depth_30\light_rain\10AM\HighresScreenshot00418_depth_30_light_rain_10AM.txt,excluded_problematic_folder
7195,C:\Users\depthlev\Desktop\droneImages\dataset\depth_30\light_rain\10AM\HighresScreenshot00419_depth_30_light_rain_10AM.png,C:\Users\depthlev\Desktop\droneImages\dataset\depth_30\light_rain\10AM\HighresScreenshot00419_depth_30_light_rain_10AM.txt,excluded_problematic_folder
7196,C:\Users\depthlev\Desktop\droneImages\dataset\depth_30\light_rain\10AM\HighresScreenshot00420_depth_30_light_rain_10AM.png,C:\Users\depthlev\Desktop\droneImages\dataset\depth_30\light_rain\10AM\HighresScreenshot00420_depth_30_light_rain_10AM.txt,excluded_problematic_folder
7197,C:\Users\depthlev\Desktop\droneImages\dataset\depth_30\light_rain\10AM\HighresScreenshot00421_depth_30_light_rain_10AM.png,C:\Users\depthlev\Desktop\droneImages\dataset\depth_30\light_rain\10AM\HighresScreenshot00421_depth_30_light_rain_10AM.txt,excluded_problematic_folder
