dataset,dataset_group,distance_m,bbox_width_norm,bbox_area_ratio,bbox_height_norm
Original,Original,20.0,0.0428167,0.00072708,0.01698113
Original,Original,20.0,0.04210899,0.00060912,0.01446541
Original,Original,20.0,0.04564756,0.00327284,0.07169811
Original,Original,20.0,0.06758669,0.00191283,0.02830189
Original,Original,20.0,0.04246285,0.00299109,0.07044025
Original,Original,20.0,0.04140127,0.00109362,0.02641509
Original,Original,20.0,0.0329087,0.00138672,0.04213836
Original,Original,20.0,0.04670913,0.00293768,0.06289308
Original,Original,20.0,0.03149328,0.00178264,0.05660377
Original,Original,20.0,0.03644728,0.00233813,0.06415094
Original,Original,20.0,0.04246285,0.00090801,0.02138365
Original,Original,20.0,0.0378627,0.00214317,0.05660377
Original,Original,20.0,0.04458599,0.00098145,0.02201258
Original,Original,20.0,0.04458599,0.00286023,0.06415094
Original,Original,20.0,0.0428167,0.00204658,0.04779874
Original,Original,20.0,0.03715499,0.00177596,0.04779874
Original,Original,20.0,0.02972399,0.00110297,0.03710692
Original,Original,20.0,0.04104742,0.00268486,0.06540881
Original,Original,20.0,0.03184713,0.00118175,0.03710692
Original,Original,20.0,0.03397028,0.0004273,0.01257862
Original,Original,20.0,0.04140127,0.00223931,0.05408805
Original,Original,20.0,0.06440198,0.00283531,0.04402516
Original,Original,20.0,0.03078556,0.00162641,0.05283019
Original,Original,20.0,0.05166313,0.00220949,0.0427673
Original,Original,20.0,0.0502477,0.00180133,0.03584906
Original,Original,20.0,0.04635527,0.00384836,0.08301887
Original,Original,20.0,0.04423213,0.00194733,0.04402516
Original,Original,20.0,0.03998585,0.00281661,0.07044025
Original,Original,20.0,0.05378627,0.00321365,0.05974843
Original,Original,20.0,0.05130927,0.00090356,0.01761006
Original,Original,20.0,0.04670913,0.00299643,0.06415094
Original,Original,20.0,0.03609342,0.00186142,0.05157233
Original,Original,20.0,0.03432413,0.00047493,0.01383648
Original,Original,20.0,0.03715499,0.00226669,0.06100629
Original,Original,20.0,0.05944798,0.00366409,0.06163522
Original,Original,20.0,0.04210899,0.00058264,0.01383648
Original,Original,20.0,0.04423213,0.00108494,0.0245283
Original,Original,20.0,0.04104742,0.0019362,0.04716981
Original,Original,20.0,0.03715499,0.00226669,0.06100629
Original,Original,20.0,0.05980184,0.0026704,0.04465409
Original,Original,20.0,0.03927813,0.00066699,0.01698113
Original,Original,20.0,0.03220099,0.00214673,0.06666667
Original,Original,20.0,0.02972399,0.00071038,0.02389937
Original,Original,20.0,0.03432413,0.00159748,0.04654088
Original,Original,20.0,0.04706299,0.00189436,0.04025157
Original,Original,20.0,0.0403397,0.00256246,0.06352201
Original,Original,20.0,0.0403397,0.00271468,0.0672956
Original,Original,20.0,0.0329087,0.00066231,0.02012579
Original,Original,20.0,0.03644728,0.00236105,0.06477987
Original,Original,20.0,0.03609342,0.00118041,0.0327044
Original,Original,20.0,0.04210899,0.00153605,0.03647799
Original,Original,20.0,0.04175513,0.00233724,0.05597484
Original,Original,20.0,0.0353857,0.00189169,0.05345912
Original,Original,20.0,0.05414013,0.00289428,0.05345912
Original,Original,20.0,0.04210899,0.00076803,0.01823899
Original,Original,20.0,0.03432413,0.00179176,0.05220126
Original,Original,20.0,0.04175513,0.00259985,0.06226415
Original,Original,20.0,0.05874027,0.00155163,0.02641509
Original,Original,20.0,0.03750885,0.00134466,0.03584906
Original,Original,20.0,0.04069356,0.00230341,0.05660377
Original,Original,20.0,0.03503185,0.00180667,0.05157233
Original,Original,20.0,0.03644728,0.00215474,0.0591195
Original,Original,20.0,0.06687898,0.00357529,0.05345912
Original,Original,20.0,0.04953999,0.00105935,0.02138365
Original,Original,20.0,0.04670913,0.00287893,0.06163522
Original,Original,20.0,0.04458599,0.00243961,0.05471698
Original,Original,20.0,0.03998585,0.00216276,0.05408805
Original,Original,20.0,0.0403397,0.00058353,0.01446541
Original,Original,20.0,0.04069356,0.00281528,0.06918239
Original,Original,20.0,0.03043171,0.00168427,0.05534591
Original,Original,20.0,0.04812456,0.00130148,0.02704403
Original,Original,20.0,0.04741684,0.00220682,0.04654088
Original,Original,20.0,0.0428167,0.00301602,0.07044025
Original,Original,20.0,0.03750885,0.00146261,0.03899371
Original,Original,20.0,0.05343241,0.0031925,0.05974843
Original,Original,20.0,0.04812456,0.00096854,0.02012579
Original,Original,20.0,0.05201699,0.00294436,0.05660377
Original,Original,20.0,0.03715499,0.00179933,0.04842767
Original,Original,20.0,0.05414013,0.00153227,0.02830189
Original,Original,20.0,0.04387827,0.00270445,0.06163522
Original,Original,20.0,0.04741684,0.0009543,0.02012579
Original,Original,20.0,0.05626327,0.00240623,0.0427673
Original,Original,20.0,0.03680113,0.00205994,0.05597484
Original,Original,20.0,0.04352442,0.0030385,0.06981132
Original,Original,20.0,0.03432413,0.0022451,0.06540881
Original,Original,20.0,0.03326256,0.00182003,0.05471698
Original,Original,20.0,0.0403397,0.00154762,0.03836478
Original,Original,20.0,0.04423213,0.00333827,0.0754717
Original,Original,20.0,0.03821656,0.00252374,0.06603774
Original,Original,20.0,0.04317056,0.00282373,0.06540881
Original,Original,20.0,0.04175513,0.00259985,0.06226415
Original,Original,20.0,0.0403397,0.00263857,0.06540881
Original,Original,20.0,0.0552017,0.00086795,0.01572327
Original,Original,20.0,0.04069356,0.00227782,0.05597484
Original,Original,20.0,0.03821656,0.0007451,0.01949686
Original,Original,20.0,0.03609342,0.00161172,0.04465409
Original,Original,20.0,0.05626327,0.00311394,0.05534591
Original,Original,20.0,0.03503185,0.00052878,0.01509434
Original,Original,20.0,0.03963199,0.00254243,0.06415094
Original,Original,20.0,0.04352442,0.00202566,0.04654088
Original,Original,20.0,0.0452937,0.00102552,0.02264151
Original,Original,20.0,0.03644728,0.00204013,0.05597484
Original,Original,20.0,0.04069356,0.00163798,0.04025157
Original,Original,20.0,0.03963199,0.00206884,0.05220126
Original,Original,20.0,0.0378627,0.00233368,0.06163522
Original,Original,20.0,0.04317056,0.00276943,0.06415094
Original,Original,20.0,0.04635527,0.00137025,0.02955975
Original,Original,20.0,0.07041755,0.0028787,0.0408805
Original,Original,20.0,0.03573956,0.00132618,0.03710692
Original,Original,20.0,0.04493984,0.00059355,0.01320755
Original,Original,20.0,0.03609342,0.00059021,0.0163522
Original,Original,20.0,0.0527247,0.00301758,0.0572327
Original,Original,20.0,0.05237084,0.00197626,0.03773585
Original,Original,20.0,0.04246285,0.0017359,0.0408805
Original,Original,20.0,0.04564756,0.00166513,0.03647799
Original,Original,20.0,0.06723284,0.00135311,0.02012579
Original,Original,20.0,0.05095541,0.00150623,0.02955975
Original,Original,20.0,0.03892427,0.00186053,0.04779874
Original,Original,20.0,0.04458599,0.00288827,0.06477987
Original,Original,20.0,0.03821656,0.0018267,0.04779874
Original,Original,20.0,0.04246285,0.00090801,0.02138365
Original,Original,20.0,0.04069356,0.00225222,0.05534591
Original,Original,20.0,0.0428167,0.0017773,0.04150943
Original,Original,20.0,0.04175513,0.00199584,0.04779874
Original,Original,20.0,0.03255485,0.00163798,0.05031447
Original,Original,20.0,0.04140127,0.00127589,0.03081761
Original,Original,20.0,0.04493984,0.00130015,0.02893082
Original,Original,20.0,0.04246285,0.00240356,0.05660377
Original,Original,20.0,0.0378627,0.00240512,0.06352201
Original,Original,20.0,0.05095541,0.0031086,0.06100629
Original,Original,20.0,0.04140127,0.00255178,0.06163522
Original,Original,20.0,0.0626327,0.00126053,0.02012579
Original,Original,20.0,0.04741684,0.00098412,0.02075472
Original,Original,20.0,0.03571429,0.00134771,0.03773585
Original,Original,20.0,0.03024781,0.00064681,0.02138365
Original,Original,20.0,0.03790087,0.00061976,0.0163522
Original,Original,20.0,0.03644315,0.00178778,0.0490566
Original,Original,20.0,0.03534985,0.00186754,0.05283019
Original,Original,20.0,0.03717201,0.00067798,0.01823899
Original,Original,20.0,0.04591837,0.0011263,0.0245283
Original,Original,20.0,0.03498542,0.00165026,0.04716981
Original,Original,20.0,0.03206997,0.0012707,0.03962264
Original,Original,20.0,0.02587464,0.00133442,0.05157233
Original,Original,20.0,0.03425656,0.00191751,0.05597484
Original,Original,20.0,0.03425656,0.00191751,0.05597484
Original,Original,20.0,0.03972303,0.00127413,0.03207547
Original,Original,20.0,0.03571429,0.00150494,0.04213836
Original,Original,20.0,0.03279883,0.00214533,0.06540881
Original,Original,20.0,0.03389213,0.00115105,0.03396226
Original,Original,20.0,0.04008746,0.00236995,0.0591195
Original,Original,20.0,0.03534985,0.00228996,0.06477987
Original,Original,20.0,0.03826531,0.00194936,0.0509434
Original,Original,20.0,0.03753644,0.00226635,0.06037736
Original,Original,20.0,0.03862974,0.00204082,0.05283019
Original,Original,20.0,0.04081633,0.00064177,0.01572327
Original,Original,20.0,0.02842566,0.00098328,0.03459119
Original,Original,20.0,0.0393586,0.00148523,0.03773585
Original,Original,20.0,0.03316327,0.00129316,0.03899371
Original,Original,20.0,0.04482507,0.00222716,0.04968553
Original,Original,20.0,0.03717201,0.00201056,0.05408805
Original,Original,20.0,0.03389213,0.00172658,0.0509434
Original,Original,20.0,0.03644315,0.00165026,0.04528302
Original,Original,20.0,0.03316327,0.00075087,0.02264151
Original,Original,20.0,0.03717201,0.00224435,0.06037736
Original,Original,20.0,0.03279883,0.00119644,0.03647799
Original,Original,20.0,0.02733236,0.00132364,0.04842767
Original,Original,20.0,0.02988338,0.0010337,0.03459119
Original,Original,20.0,0.03498542,0.00184829,0.05283019
Original,Original,20.0,0.0451895,0.00184737,0.0408805
Original,Original,20.0,0.03972303,0.00142403,0.03584906
Original,Original,20.0,0.03899417,0.00144695,0.03710692
Original,Original,20.0,0.02951895,0.0009097,0.03081761
Original,Original,20.0,0.0324344,0.00120354,0.03710692
Original,Original,20.0,0.03389213,0.00170526,0.05031447
Original,Original,20.0,0.03717201,0.00156637,0.04213836
Original,Original,20.0,0.03498542,0.00151824,0.04339623
Original,Original,20.0,0.03097668,0.00148065,0.04779874
Original,Original,20.0,0.03316327,0.0021066,0.06352201
Original,Original,20.0,0.03134111,0.00159662,0.0509434
Original,Original,20.0,0.03462099,0.00158952,0.04591195
Original,Original,20.0,0.03425656,0.00221914,0.06477987
Original,Original,20.0,0.03680758,0.00162046,0.04402516
Original,Original,20.0,0.03425656,0.00226223,0.06603774
Original,Original,20.0,0.04446064,0.00075499,0.01698113
Original,Original,20.0,0.02988338,0.00095852,0.03207547
Original,Original,20.0,0.03826531,0.00252695,0.06603774
Original,Original,20.0,0.03206997,0.00074628,0.02327044
Original,Original,20.0,0.03862974,0.00228377,0.0591195
Original,Original,20.0,0.03862974,0.00201652,0.05220126
Original,Original,20.0,0.03899417,0.00181482,0.04654088
Original,Original,20.0,0.03862974,0.00194363,0.05031447
Original,Original,20.0,0.03680758,0.00263903,0.07169811
Original,Original,20.0,0.03316327,0.00200231,0.06037736
Original,Original,20.0,0.02951895,0.00135527,0.04591195
Original,Original,20.0,0.0335277,0.00137063,0.0408805
Original,Original,20.0,0.03862974,0.001069,0.02767296
Original,Original,20.0,0.03899417,0.00129981,0.03333333
Original,Original,20.0,0.0404519,0.00124663,0.03081761
Original,Original,20.0,0.03717201,0.00205732,0.05534591
Original,Original,20.0,0.0393586,0.00084163,0.02138365
Original,Original,20.0,0.03790087,0.00235987,0.06226415
Original,Original,20.0,0.04555394,0.00191957,0.04213836
Original,Original,20.0,0.03644315,0.00077929,0.02138365
Original,Original,20.0,0.03170554,0.00113661,0.03584906
Original,Original,20.0,0.03425656,0.00142197,0.04150943
Original,Original,20.0,0.03644315,0.00080221,0.02201258
Original,Original,20.0,0.03279883,0.00084576,0.02578616
Original,Original,20.0,0.03972303,0.00212356,0.05345912
Original,Original,20.0,0.0335277,0.00196105,0.05849057
Original,Original,20.0,0.03753644,0.00226635,0.06037736
Original,Original,20.0,0.03061224,0.00125144,0.0408805
Original,Original,20.0,0.03534985,0.00086707,0.0245283
Original,Original,20.0,0.02733236,0.00163307,0.05974843
Original,Original,20.0,0.03170554,0.00059822,0.01886792
Original,Original,20.0,0.03790087,0.00159708,0.04213836
Original,Original,20.0,0.03498542,0.00200231,0.0572327
Original,Original,20.0,0.03972303,0.00119919,0.03018868
Original,Original,20.0,0.0335277,0.0006326,0.01886792
Original,Original,20.0,0.03170554,0.00123632,0.03899371
Original,Original,20.0,0.04081633,0.00089847,0.02201258
Original,Original,20.0,0.03498542,0.00169426,0.04842767
Original,Original,20.0,0.03389213,0.00183316,0.05408805
Original,Original,20.0,0.04154519,0.00190742,0.04591195
Original,Original,20.0,0.02988338,0.00046986,0.01572327
Original,Original,20.0,0.0324344,0.00191751,0.0591195
Original,Original,20.0,0.03134111,0.00139951,0.04465409
Original,Original,20.0,0.02988338,0.0010337,0.03459119
Original,Original,20.0,0.04227405,0.0017016,0.04025157
Original,Original,20.0,0.04081633,0.00210499,0.05157233
Original,Original,20.0,0.03206997,0.00157324,0.0490566
Original,Original,20.0,0.03826531,0.0019975,0.05220126
Original,Original,20.0,0.04118076,0.000777,0.01886792
Original,Original,20.0,0.03972303,0.00089939,0.02264151
Original,Original,20.0,0.03389213,0.00149211,0.04402516
Original,Original,20.0,0.04118076,0.00165759,0.04025157
Original,Original,20.0,0.03972303,0.00154895,0.03899371
Original,Original,20.0,0.03717201,0.00191705,0.05157233
Original,Original,20.0,0.03862974,0.00092323,0.02389937
Original,Original,20.0,0.04008746,0.00118498,0.02955975
Original,Original,20.0,0.03607872,0.0020195,0.05597484
Original,Original,20.0,0.03170554,0.00151548,0.04779874
Original,Original,20.0,0.04701166,0.00118268,0.02515723
Original,Original,20.0,0.02696793,0.00122119,0.04528302
Original,Original,20.0,0.03753644,0.00203027,0.05408805
Original,Original,20.0,0.03607872,0.00235987,0.06540881
Original,Original,20.0,0.03462099,0.00178549,0.05157233
Original,Original,20.0,0.03753644,0.00099153,0.02641509
Original,Original,20.0,0.03607872,0.00131608,0.03647799
Original,Original,20.0,0.02915452,0.00110017,0.03773585
Original,Original,20.0,0.03826531,0.00250289,0.06540881
Original,Original,20.0,0.04227405,0.00146231,0.03459119
Original,Original,20.0,0.03134111,0.00084759,0.02704403
Original,Original,20.0,0.02696793,0.00105158,0.03899371
Original,Original,20.0,0.03790087,0.00233603,0.06163522
Original,Original,20.0,0.03170554,0.0012762,0.04025157
Original,Original,20.0,0.04118076,0.00209789,0.0509434
Original,Original,20.0,0.03826531,0.00221409,0.05786164
Original,Original,20.0,0.04154519,0.00141097,0.03396226
Original,Original,20.0,0.03717201,0.00095852,0.02578616
Original,Original,20.0,0.0451895,0.00304105,0.0672956
Original,Original,20.0,0.03024781,0.00095119,0.03144654
Original,Original,20.0,0.02478134,0.0009819,0.03962264
Original,Original,20.0,0.03389213,0.00063947,0.01886792
Original,Original,20.0,0.02733236,0.00147835,0.05408805
Original,Original,20.0,0.02988338,0.00135321,0.04528302
Original,Original,20.0,0.03024781,0.00171214,0.05660377
Original,Original,20.0,0.03425656,0.00142197,0.04150943
Original,Original,20.0,0.0335277,0.00122302,0.03647799
Original,Original,20.0,0.0404519,0.00063604,0.01572327
Original,Original,20.0,0.03753644,0.0021247,0.05660377
Original,Original,20.0,0.02879009,0.0013037,0.04528302
Original,Original,20.0,0.0393586,0.00106441,0.02704403
Original,Original,20.0,0.03972303,0.00252329,0.06352201
Original,Original,20.0,0.0462828,0.002678,0.05786164
Original,Original,20.0,0.03753644,0.00184141,0.0490566
Original,Original,20.0,0.04774052,0.00255217,0.05345912
Original,Original,20.0,0.03206997,0.00161358,0.05031447
Original,Original,20.0,0.03425656,0.00092644,0.02704403
Original,Original,20.0,0.03607872,0.00197412,0.05471698
Original,Original,20.0,0.03462099,0.00167661,0.04842767
Original,Original,20.0,0.03644315,0.00162734,0.04465409
Original,Original,20.0,0.03753644,0.001204,0.03207547
Original,Original,20.0,0.04300292,0.0019473,0.04528302
Original,Original,20.0,0.03206997,0.00139172,0.04339623
Original,Original,20.0,0.03425656,0.00198214,0.05786164
Original,Original,20.0,0.03571429,0.00213387,0.05974843
Original,Original,20.0,0.04992711,0.00097342,0.01949686
Original,Original,20.0,0.03279883,0.00154711,0.04716981
Original,Original,20.0,0.03170554,0.00129614,0.0408805
Original,Original,20.0,0.0266035,0.00061908,0.02327044
Original,Original,20.0,0.04081633,0.00207932,0.0509434
Original,Original,20.0,0.03316327,0.00158516,0.04779874
Original,Original,20.0,0.03790087,0.00183545,0.04842767
Original,Original,20.0,0.03899417,0.00125076,0.03207547
Original,Original,20.0,0.03534985,0.00126726,0.03584906
Original,Original,20.0,0.04190962,0.00237224,0.05660377
Original,Original,20.0,0.04081633,0.00233603,0.0572327
Original,Original,20.0,0.04154519,0.00193355,0.04654088
Original,Original,20.0,0.03498542,0.0012762,0.03647799
Original,Original,20.0,0.04701166,0.00156706,0.03333333
Original,Original,20.0,0.03206997,0.00149256,0.04654088
Original,Original,20.0,0.03316327,0.00208574,0.06289308
Original,Original,20.0,0.03097668,0.00138324,0.04465409
Original,Original,20.0,0.04081633,0.00069311,0.01698113
Original,Original,20.0,0.03790087,0.00233603,0.06163522
Original,Original,20.0,0.03972303,0.00234841,0.0591195
Original,Original,20.0,0.03680758,0.00150471,0.0408805
Original,Original,20.0,0.0393586,0.00168326,0.0427673
Original,Original,20.0,0.04300292,0.0012982,0.03018868
Original,Original,20.0,0.03717201,0.00203394,0.05471698
Original,Original,20.0,0.03316327,0.0008343,0.02515723
Original,Original,20.0,0.03389213,0.00063947,0.01886792
Original,Original,20.0,0.04591837,0.00213708,0.04654088
Original,Original,20.0,0.03534985,0.00053358,0.01509434
Original,Original,20.0,0.03389213,0.00157737,0.04654088
Original,Original,20.0,0.03607872,0.00242794,0.0672956
Original,Original,20.0,0.03826531,0.00214189,0.05597484
Original,Original,20.0,0.03644315,0.00187946,0.05157233
Original,Original,20.0,0.03607872,0.00195143,0.05408805
Original,Original,20.0,0.03826531,0.00064979,0.01698113
Original,Original,20.0,0.03826531,0.00194936,0.0509434
Original,Original,20.0,0.0335277,0.00061151,0.01823899
Original,Original,20.0,0.02915452,0.0012652,0.04339623
Original,Original,20.0,0.04373178,0.00107267,0.0245283
Original,Original,20.0,0.03279883,0.00059822,0.01823899
Original,Original,20.0,0.03826531,0.00202156,0.05283019
Original,Original,20.0,0.04190962,0.0015815,0.03773585
Original,Original,20.0,0.02806122,0.00134129,0.04779874
Original,Original,20.0,0.03607872,0.00215565,0.05974843
Original,Original,20.0,0.03170554,0.00057828,0.01823899
Original,Original,20.0,0.03644315,0.00229202,0.06289308
Original,Original,20.0,0.04300292,0.00173093,0.04025157
Original,Original,20.0,0.03826531,0.00103485,0.02704403
Original,Original,20.0,0.04081633,0.00195097,0.04779874
Original,Original,20.0,0.03680758,0.00134267,0.03647799
Original,Original,20.0,0.03316327,0.00131402,0.03962264
Original,Original,20.0,0.02806122,0.00051181,0.01823899
Original,Original,20.0,0.03534985,0.00142289,0.04025157
Original,Original,20.0,0.03899417,0.00272223,0.06981132
Original,Original,20.0,0.0393586,0.00141097,0.03584906
Original,Original,20.0,0.04774052,0.00132112,0.02767296
Original,Original,20.0,0.03753644,0.00096792,0.02578616
Original,Original,20.0,0.03170554,0.0007378,0.02327044
Original,Original,20.0,0.0335277,0.00107542,0.03207547
Original,Original,20.0,0.0393586,0.00168326,0.0427673
Original,Original,20.0,0.03680758,0.00233809,0.06352201
Original,Original,20.0,0.03607872,0.00208757,0.05786164
Original,Original,20.0,0.03170554,0.0019143,0.06037736
Original,Original,20.0,0.03462099,0.00108871,0.03144654
Original,Original,20.0,0.03826531,0.00238256,0.06226415
Original,Original,20.0,0.03097668,0.00148065,0.04779874
Original,Original,20.0,0.0393586,0.00269817,0.06855346
Original,Original,20.0,0.03534985,0.00157852,0.04465409
Original,Original,20.0,0.04008746,0.0010337,0.02578616
Original,Original,20.0,0.04664723,0.00167226,0.03584906
Original,Original,20.0,0.04737609,0.00265187,0.05597484
Original,Original,20.0,0.04008746,0.00264729,0.06603774
Original,Original,20.0,0.0393586,0.00165851,0.04213836
Original,Original,20.0,0.0335277,0.00069586,0.02075472
Original,Original,20.0,0.02623907,0.00138621,0.05283019
Original,Original,20.0,0.0266035,0.00050195,0.01886792
Original,Original,20.0,0.0404519,0.00137384,0.03396226
Original,Original,20.0,0.0324344,0.00173391,0.05345912
Original,Original,20.0,0.03534985,0.00220103,0.06226415
Original,Original,20.0,0.04810496,0.00166401,0.03459119
Original,Original,20.0,0.03826531,0.00067385,0.01761006
Original,Original,20.0,0.03862974,0.00250243,0.06477987
Original,Original,20.0,0.03680758,0.00171306,0.04654088
Original,Original,20.0,0.03972303,0.00229844,0.05786164
Original,Original,20.0,0.02623907,0.00136971,0.05220126
Original,Original,20.0,0.03425656,0.0010988,0.03207547
Original,Original,20.0,0.03972303,0.00174881,0.04402516
Original,Original,20.0,0.04008746,0.00158837,0.03962264
Original,Original,20.0,0.03534985,0.00202317,0.0572327
Original,Original,20.0,0.03571429,0.00166217,0.04654088
Original,Original,20.0,0.03717201,0.00203394,0.05471698
Original,Original,20.0,0.03680758,0.00155101,0.04213836
Original,Original,20.0,0.03097668,0.00151961,0.0490566
Original,Original,20.0,0.04956268,0.00099749,0.02012579
Original,Original,20.0,0.02623907,0.00041256,0.01572327
Original,Original,20.0,0.03753644,0.00207749,0.05534591
Original,Original,20.0,0.02951895,0.00155949,0.05283019
Original,Original,20.0,0.03425656,0.00146506,0.0427673
Original,Original,20.0,0.03024781,0.00102728,0.03396226
Original,Original,20.0,0.0335277,0.00179236,0.05345912
Original,Original,20.0,0.0393586,0.00240112,0.06100629
Original,Original,20.0,0.03607872,0.00233717,0.06477987
Original,Original,20.0,0.03826531,0.00235849,0.06163522
Original,Original,20.0,0.04555394,0.00088816,0.01949686
Original,Original,20.0,0.03644315,0.00220034,0.06037736
Original,Original,20.0,0.03644315,0.00128353,0.03522013
Original,Original,20.0,0.03607872,0.0022691,0.06289308
Original,Original,20.0,0.03534985,0.00157852,0.04465409
Original,Original,20.0,0.03534985,0.00200094,0.05660377
Original,Original,20.0,0.0393586,0.00227735,0.05786164
Original,Original,20.0,0.0324344,0.00159112,0.0490566
Original,Original,20.0,0.0335277,0.0017291,0.05157233
Original,Original,20.0,0.02733236,0.00142678,0.05220126
Original,Original,20.0,0.02988338,0.00152236,0.0509434
Original,Original,20.0,0.03862974,0.00099611,0.02578616
Original,Original,20.0,0.03680758,0.00125007,0.03396226
Original,Original,20.0,0.03534985,0.00100047,0.02830189
Original,Original,20.0,0.03753644,0.00243161,0.06477987
Original,Original,20.0,0.03717201,0.00210408,0.05660377
Original,Original,20.0,0.03790087,0.0008343,0.02201258
Original,Original,20.0,0.04446064,0.00248868,0.05597484
Original,Original,20.0,0.03462099,0.0012629,0.03647799
Original,Original,20.0,0.0335277,0.0012652,0.03773585
Original,Original,20.0,0.04846939,0.00118887,0.0245283
Original,Original,20.0,0.04883382,0.00064497,0.01320755
Original,Original,20.0,0.04263848,0.00260122,0.06100629
Original,Original,20.0,0.04154519,0.00235161,0.05660377
Original,Original,20.0,0.05539359,0.00121936,0.02201258
Original,Original,20.0,0.03680758,0.0018288,0.04968553
Original,Original,20.0,0.04227405,0.00289803,0.06855346
Original,Original,20.0,0.04008746,0.00239516,0.05974843
Original,Original,20.0,0.03644315,0.00142105,0.03899371
Original,Original,20.0,0.04227405,0.00079762,0.01886792
Original,Original,20.0,0.0451895,0.00332527,0.07358491
Original,Original,20.0,0.05284257,0.00156201,0.02955975
Original,Original,20.0,0.0324344,0.00138713,0.0427673
Original,Original,20.0,0.04118076,0.00222739,0.05408805
Original,Original,20.0,0.03462099,0.00154597,0.04465409
Original,Original,20.0,0.03753644,0.00205388,0.05471698
Original,Original,20.0,0.04190962,0.00274126,0.06540881
Original,Original,20.0,0.04846939,0.00356662,0.07358491
Original,Original,20.0,0.04118076,0.00233099,0.05660377
Original,Original,20.0,0.04154519,0.00237774,0.0572327
Original,Original,20.0,0.05685131,0.00293195,0.05157233
Original,Original,20.0,0.03316327,0.00070915,0.02138365
Original,Original,20.0,0.04664723,0.00281644,0.06037736
Original,Original,20.0,0.03826531,0.00091452,0.02389937
Original,Original,20.0,0.04883382,0.0007064,0.01446541
Original,Original,20.0,0.04263848,0.00233305,0.05471698
Original,Original,20.0,0.03644315,0.00208574,0.0572327
Original,Original,20.0,0.04190962,0.00224045,0.05345912
Original,Original,20.0,0.05502915,0.0021804,0.03962264
Original,Original,20.0,0.04373178,0.00156774,0.03584906
Original,Original,20.0,0.05174927,0.00139951,0.02704403
Original,Original,20.0,0.04154519,0.00101903,0.0245283
Original,Original,20.0,0.04664723,0.00205365,0.04402516
Original,Original,20.0,0.03680758,0.00217605,0.0591195
Original,Original,20.0,0.05174927,0.00400325,0.07735849
Original,Original,20.0,0.03680758,0.00180565,0.0490566
Original,Original,20.0,0.04482507,0.00290376,0.06477987
Original,Original,20.0,0.06814869,0.00115724,0.01698113
Original,Original,20.0,0.03498542,0.00147423,0.04213836
Original,Original,20.0,0.04482507,0.00318568,0.07106918
Original,Original,20.0,0.04190962,0.00192415,0.04591195
Original,Original,20.0,0.04664723,0.00390194,0.0836478
Original,Original,20.0,0.03170554,0.0013759,0.04339623
Original,Original,20.0,0.04701166,0.00195143,0.04150943
Original,Original,20.0,0.0404519,0.00203532,0.05031447
Original,Original,20.0,0.04154519,0.00188129,0.04528302
Original,Original,20.0,0.04190962,0.00213502,0.0509434
Original,Original,20.0,0.03170554,0.00095715,0.03018868
Original,Original,20.0,0.03607872,0.00117993,0.0327044
Original,Original,20.0,0.04591837,0.00314786,0.06855346
Original,Original,20.0,0.04336735,0.00259113,0.05974843
Original,Original,20.0,0.05029155,0.00136009,0.02704403
Original,Original,20.0,0.0404519,0.0017809,0.04402516
Original,Original,20.0,0.0324344,0.00128514,0.03962264
Original,Original,20.0,0.04409621,0.00130347,0.02955975
Original,Original,20.0,0.04846939,0.00079258,0.0163522
Original,Original,20.0,0.04883382,0.00175065,0.03584906
Original,Original,20.0,0.04373178,0.00242038,0.05534591
Original,Original,20.0,0.04555394,0.00160442,0.03522013
Original,Original,20.0,0.04336735,0.00068188,0.01572327
Original,Original,20.0,0.0393586,0.00076737,0.01949686
Original,Original,20.0,0.04919825,0.00151617,0.03081761
Original,Original,20.0,0.04336735,0.00283661,0.06540881
Original,Original,20.0,0.04664723,0.00334452,0.07169811
Original,Original,20.0,0.0393586,0.00136146,0.03459119
Original,Original,20.0,0.03826531,0.00235849,0.06163522
Original,Original,20.0,0.03607872,0.00070342,0.01949686
Original,Original,20.0,0.05685131,0.00168051,0.02955975
Original,Original,20.0,0.04555394,0.00103141,0.02264151
Original,Original,20.0,0.053207,0.00140547,0.02641509
Original,Original,20.0,0.05029155,0.00202431,0.04025157
Original,Original,20.0,0.03571429,0.00226864,0.06352201
Original,Original,20.0,0.03899417,0.00242794,0.06226415
Original,Original,20.0,0.04409621,0.00061014,0.01383648
Original,Original,20.0,0.04591837,0.00257027,0.05597484
Original,Original,20.0,0.04263848,0.00284257,0.06666667
Original,Original,20.0,0.05247813,0.00151824,0.02893082
Original,Original,20.0,0.03425656,0.0012927,0.03773585
Original,Original,20.0,0.04263848,0.00217215,0.0509434
Original,Original,20.0,0.06231778,0.00176371,0.02830189
Original,Original,20.0,0.04373178,0.00269542,0.06163522
Original,Original,20.0,0.04336735,0.00220928,0.0509434
Original,Original,20.0,0.0393586,0.00173277,0.04402516
Original,Original,20.0,0.03389213,0.00179053,0.05283019
Original,Original,20.0,0.03571429,0.00051662,0.01446541
Original,Original,20.0,0.05721574,0.00154734,0.02704403
Original,Original,20.0,0.03534985,0.00151182,0.0427673
Original,Original,20.0,0.03024781,0.00133166,0.04402516
Original,Original,20.0,0.04263848,0.00067042,0.01572327
Original,Original,20.0,0.0335277,0.0006326,0.01886792
Original,Original,20.0,0.04919825,0.0021969,0.04465409
Original,Original,20.0,0.04190962,0.00060624,0.01446541
Original,Original,20.0,0.03279883,0.00148523,0.04528302
Original,Original,20.0,0.03753644,0.0021011,0.05597484
Original,Original,20.0,0.06086006,0.00107175,0.01761006
Original,Original,20.0,0.03790087,0.00138255,0.03647799
Original,Original,20.0,0.03644315,0.00114601,0.03144654
Original,Original,20.0,0.03097668,0.00167547,0.05408805
Original,Original,20.0,0.03607872,0.00079419,0.02201258
Original,Original,20.0,0.04081633,0.00112951,0.02767296
Original,Original,20.0,0.03170554,0.00093721,0.02955975
Original,Original,20.0,0.03498542,0.00068211,0.01949686
Original,Original,20.0,0.02113703,0.00098374,0.04654088
Original,Original,20.0,0.04336735,0.00095463,0.02201258
Original,Original,20.0,0.0404519,0.00119575,0.02955975
Original,Original,20.0,0.04737609,0.00190696,0.04025157
Original,Original,20.0,0.02332362,0.00118818,0.0509434
Original,Original,20.0,0.03571429,0.00181941,0.0509434
Original,Original,20.0,0.02004373,0.00092025,0.04591195
Original,Original,20.0,0.03279883,0.00084576,0.02578616
Original,Original,20.0,0.03024781,0.00155995,0.05157233
Original,Original,20.0,0.03134111,0.00076874,0.0245283
Original,Original,20.0,0.04919825,0.00151617,0.03081761
Original,Original,20.0,0.0404519,0.00213708,0.05283019
Original,Original,20.0,0.03097668,0.00083773,0.02704403
Original,Original,20.0,0.03279883,0.00152649,0.04654088
Original,Original,20.0,0.03425656,0.00045245,0.01320755
Original,Original,20.0,0.02150146,0.00041921,0.01949686
Original,Original,20.0,0.03134111,0.00055192,0.01761006
Original,Original,20.0,0.02259475,0.00075316,0.03333333
Original,Original,20.0,0.04373178,0.00093514,0.02138365
Original,Original,20.0,0.0266035,0.00118795,0.04465409
Original,Original,20.0,0.03097668,0.00155857,0.05031447
Original,Original,20.0,0.03607872,0.00063535,0.01761006
Original,Original,20.0,0.04409621,0.00149761,0.03396226
Original,Original,20.0,0.03061224,0.00042357,0.01383648
Original,Original,20.0,0.02441691,0.00121317,0.04968553
Original,Original,20.0,0.03279883,0.00113455,0.03459119
Original,Original,20.0,0.04118076,0.0006216,0.01509434
Original,Original,20.0,0.02915452,0.00071511,0.0245283
Original,Original,20.0,0.03134111,0.00151778,0.04842767
Original,Original,20.0,0.03170554,0.00047857,0.01509434
Original,Original,20.0,0.04846939,0.00100597,0.02075472
Original,Original,20.0,0.03571429,0.00087601,0.0245283
Original,Original,20.0,0.04774052,0.00234199,0.0490566
Original,Original,20.0,0.04118076,0.00196839,0.04779874
Original,Original,20.0,0.02223032,0.00097869,0.04402516
Original,Original,20.0,0.03170554,0.00085745,0.02704403
Original,Original,20.0,0.02806122,0.00088243,0.03144654
Original,Original,20.0,0.0393586,0.00207932,0.05283019
Original,Original,20.0,0.02951895,0.0013924,0.04716981
Original,Original,20.0,0.04118076,0.00207199,0.05031447
Original,Original,20.0,0.04446064,0.00100666,0.02264151
Original,Original,20.0,0.02806122,0.00049416,0.01761006
Original,Original,20.0,0.02623907,0.00099015,0.03773585
Original,Original,20.0,0.03170554,0.00045863,0.01446541
Original,Original,20.0,0.03316327,0.0014183,0.0427673
Original,Original,20.0,0.03862974,0.00119048,0.03081761
Original,Original,20.0,0.04190962,0.00142335,0.03396226
Original,Original,20.0,0.03170554,0.00095715,0.03018868
Original,Original,20.0,0.03498542,0.00147423,0.04213836
Original,Original,20.0,0.0335277,0.00164475,0.0490566
Original,Original,20.0,0.04409621,0.00210774,0.04779874
Original,Original,20.0,0.03680758,0.00134267,0.03647799
Original,Original,20.0,0.02623907,0.00059409,0.02264151
Original,Original,20.0,0.03279883,0.00086638,0.02641509
Original,Original,20.0,0.03462099,0.00084919,0.0245283
Original,Original,20.0,0.03534985,0.00111163,0.03144654
Original,Original,20.0,0.03279883,0.00059822,0.01823899
Original,Original,20.0,0.02733236,0.00097984,0.03584906
Original,Original,20.0,0.03061224,0.00155949,0.0509434
Original,Original,20.0,0.04227405,0.00167501,0.03962264
Original,Original,20.0,0.03644315,0.0016961,0.04654088
Original,Original,20.0,0.02040816,0.00035939,0.01761006
Original,Original,20.0,0.0335277,0.00067477,0.02012579
Original,Original,20.0,0.03717201,0.00215083,0.05786164
Original,Original,20.0,0.03534985,0.00195647,0.05534591
Original,Original,20.0,0.03498542,0.00171627,0.0490566
Original,Original,20.0,0.03061224,0.00105891,0.03459119
Original,Original,20.0,0.04227405,0.00220676,0.05220126
Original,Original,20.0,0.04336735,0.00242748,0.05597484
Original,Original,20.0,0.04591837,0.00176165,0.03836478
Original,Original,20.0,0.05174927,0.00074857,0.01446541
Original,Original,20.0,0.03534985,0.00157852,0.04465409
Original,Original,20.0,0.03170554,0.00139584,0.04402516
Original,Original,20.0,0.05357143,0.00212264,0.03962264
Original,Original,20.0,0.03498542,0.00178228,0.0509434
Original,Original,20.0,0.03644315,0.00148981,0.0408805
Original,Original,20.0,0.03534985,0.00175638,0.04968553
Original,Original,20.0,0.03790087,0.00097732,0.02578616
Original,Original,20.0,0.0404519,0.00272223,0.0672956
Original,Original,20.0,0.03425656,0.00176669,0.05157233
Original,Original,20.0,0.03680758,0.00194455,0.05283019
Original,Original,20.0,0.03644315,0.00103141,0.02830189
Original,Original,20.0,0.03134111,0.00177402,0.05660377
Original,Original,20.0,0.03571429,0.00049416,0.01383648
Original,Original,20.0,0.03972303,0.00197366,0.04968553
Original,Original,20.0,0.0393586,0.0019308,0.0490566
Original,Original,20.0,0.05539359,0.00247355,0.04465409
Original,Original,20.0,0.0324344,0.00155032,0.04779874
Original,Original,20.0,0.03790087,0.00221684,0.05849057
Original,Original,20.0,0.02915452,0.00093514,0.03207547
Original,Original,20.0,0.03717201,0.00205732,0.05534591
Original,Original,20.0,0.03753644,0.00077906,0.02075472
Original,Original,20.0,0.03206997,0.00058492,0.01823899
Original,Original,20.0,0.0451895,0.00085263,0.01886792
Original,Original,20.0,0.03790087,0.00185929,0.0490566
Original,Original,20.0,0.03134111,0.00098557,0.03144654
Original,Original,20.0,0.02988338,0.00176669,0.0591195
Original,Original,20.0,0.03790087,0.00081046,0.02138365
Original,Original,20.0,0.03972303,0.00232342,0.05849057
Original,Original,20.0,0.03425656,0.00101262,0.02955975
Original,Original,20.0,0.02696793,0.00120423,0.04465409
Original,Original,20.0,0.03097668,0.00148065,0.04779874
Original,Original,20.0,0.03862974,0.00077745,0.02012579
Original,Original,20.0,0.03571429,0.0017071,0.04779874
Original,Original,20.0,0.03425656,0.00200369,0.05849057
Original,Original,20.0,0.03206997,0.00161358,0.05031447
Original,Original,20.0,0.03279883,0.00195968,0.05974843
Original,Original,20.0,0.04008746,0.00158837,0.03962264
Original,Original,20.0,0.04190962,0.00184508,0.04402516
Original,Original,20.0,0.03425656,0.00183133,0.05345912
Original,Original,20.0,0.03680758,0.00203715,0.05534591
Original,Original,20.0,0.0266035,0.00138874,0.05220126
Original,Original,20.0,0.02988338,0.0017291,0.05786164
Original,Original,20.0,0.03170554,0.00079762,0.02515723
Original,Original,20.0,0.02842566,0.00150173,0.05283019
Original,Original,20.0,0.0404519,0.00086501,0.02138365
Original,Original,20.0,0.03717201,0.00091177,0.0245283
Original,Original,20.0,0.03790087,0.00095348,0.02515723
Original,Original,20.0,0.03279883,0.00113455,0.03459119
Original,Original,20.0,0.03389213,0.00191842,0.05660377
Original,Original,20.0,0.03170554,0.0005384,0.01698113
Original,Original,20.0,0.03061224,0.00059684,0.01949686
Original,Original,20.0,0.03134111,0.0006899,0.02201258
Original,Original,20.0,0.03498542,0.0006381,0.01823899
Original,Original,20.0,0.03462099,0.00198145,0.0572327
Original,Original,20.0,0.03680758,0.00180565,0.0490566
Original,Original,20.0,0.04081633,0.00107817,0.02641509
Original,Original,20.0,0.03061224,0.00179053,0.05849057
Original,Original,20.0,0.0324344,0.00114234,0.03522013
Original,Original,20.0,0.03534985,0.00162298,0.04591195
Original,Original,20.0,0.03498542,0.00134221,0.03836478
Original,Original,20.0,0.04300292,0.00089251,0.02075472
Original,Original,20.0,0.02915452,0.00093514,0.03207547
Original,Original,20.0,0.03790087,0.00216917,0.0572327
Original,Original,20.0,0.03862974,0.00201652,0.05220126
Original,Original,20.0,0.03534985,0.00193424,0.05471698
Original,Original,20.0,0.03717201,0.00189367,0.0509434
Original,Original,20.0,0.03097668,0.00179236,0.05786164
Original,Original,20.0,0.02441691,0.00113638,0.04654088
Original,Original,20.0,0.0255102,0.00093056,0.03647799
Original,Original,20.0,0.0404519,0.00119575,0.02955975
Original,Original,20.0,0.03097668,0.00075981,0.0245283
Original,Original,20.0,0.02915452,0.00102683,0.03522013
Original,Original,20.0,0.0393586,0.00108917,0.02767296
Original,Original,20.0,0.03097668,0.00169495,0.05471698
Original,Original,20.0,0.03826531,0.00098672,0.02578616
Original,Original,20.0,0.02879009,0.00139424,0.04842767
Original,Original,20.0,0.03061224,0.00132846,0.04339623
Original,Original,20.0,0.03425656,0.00193905,0.05660377
Original,Original,20.0,0.03316327,0.00177288,0.05345912
Original,Original,20.0,0.02587464,0.00107404,0.04150943
Original,Original,20.0,0.02587464,0.00056957,0.02201258
Original,Original,20.0,0.0324344,0.00140753,0.04339623
Original,Original,20.0,0.03498542,0.00200231,0.0572327
Original,Original,20.0,0.03753644,0.00226635,0.06037736
Original,Original,20.0,0.03717201,0.00112217,0.03018868
Original,Original,20.0,0.04081633,0.00094981,0.02327044
Original,Original,20.0,0.03425656,0.0010988,0.03207547
Original,Original,20.0,0.03790087,0.00107267,0.02830189
Original,Original,20.0,0.03134111,0.00145864,0.04654088
Original,Original,20.0,0.03097668,0.00134427,0.04339623
Original,Original,20.0,0.02951895,0.000427,0.01446541
Original,Original,20.0,0.03462099,0.00158952,0.04591195
Original,Original,20.0,0.03862974,0.00145773,0.03773585
Original,Original,20.0,0.03607872,0.00167914,0.04654088
Original,Original,20.0,0.03279883,0.00140272,0.0427673
Original,Original,20.0,0.03862974,0.00077745,0.02012579
Original,Original,20.0,0.03170554,0.00157531,0.04968553
Original,Original,20.0,0.02478134,0.00057667,0.02327044
Original,Original,20.0,0.03899417,0.00117718,0.03018868
Original,Original,20.0,0.02587464,0.00136696,0.05283019
Original,Original,20.0,0.02842566,0.00135871,0.04779874
Original,Original,20.0,0.0324344,0.00136673,0.04213836
Original,Original,20.0,0.03279883,0.00049508,0.01509434
Original,Original,20.0,0.02842566,0.00071511,0.02515723
Original,Original,20.0,0.02842566,0.00117993,0.04150943
Original,Original,20.0,0.03134111,0.00179374,0.0572327
Original,Original,20.0,0.03972303,0.00094936,0.02389937
Original,Original,20.0,0.04701166,0.00301584,0.06415094
Original,Original,20.0,0.04373178,0.00145773,0.03333333
Original,Original,20.0,0.0451895,0.00156316,0.03459119
Original,Original,20.0,0.04555394,0.00220607,0.04842767
Original,Original,20.0,0.05648688,0.00209605,0.03710692
Original,Original,20.0,0.04664723,0.00264041,0.05660377
Original,Original,20.0,0.0404519,0.00221341,0.05471698
Original,Original,20.0,0.04190962,0.00121248,0.02893082
Original,Original,20.0,0.04263848,0.00268167,0.06289308
Original,Original,20.0,0.0462828,0.00279443,0.06037736
Original,Original,20.0,0.0462828,0.00320195,0.06918239
Original,Original,20.0,0.04081633,0.00195097,0.04779874
Original,Original,20.0,0.04446064,0.00296404,0.06666667
Original,Original,20.0,0.03389213,0.00149211,0.04402516
Original,Original,20.0,0.0393586,0.00118818,0.03018868
Original,Original,20.0,0.03279883,0.00169151,0.05157233
Original,Original,20.0,0.04081633,0.00290078,0.07106918
Original,Original,20.0,0.03170554,0.00123632,0.03899371
Original,Original,20.0,0.04446064,0.00117443,0.02641509
Original,Original,20.0,0.0393586,0.00150998,0.03836478
Original,Original,20.0,0.04701166,0.00189229,0.04025157
Original,Original,20.0,0.03753644,0.00092071,0.0245283
Original,Original,20.0,0.04227405,0.00300438,0.07106918
Original,Original,20.0,0.03425656,0.00062481,0.01823899
Original,Original,20.0,0.04446064,0.00299201,0.0672956
Original,Original,20.0,0.04446064,0.00215313,0.04842767
Original,Original,20.0,0.03753644,0.00231357,0.06163522
Original,Original,20.0,0.0451895,0.00085263,0.01886792
Original,Original,20.0,0.03024781,0.00125557,0.04150943
Original,Original,20.0,0.0393586,0.00212883,0.05408805
Original,Original,20.0,0.03862974,0.00247813,0.06415094
Original,Original,20.0,0.0393586,0.00138621,0.03522013
Original,Original,20.0,0.04336735,0.00275478,0.06352201
Original,Original,20.0,0.04373178,0.00288795,0.06603774
Original,Original,20.0,0.04883382,0.00104425,0.02138365
Original,Original,20.0,0.04300292,0.00135229,0.03144654
Original,Original,20.0,0.04992711,0.00292027,0.05849057
Original,Original,20.0,0.04300292,0.00283982,0.06603774
Original,Original,20.0,0.04409621,0.00235734,0.05345912
Original,Original,20.0,0.04300292,0.00275868,0.06415094
Original,Original,20.0,0.04883382,0.00337844,0.06918239
Original,Original,20.0,0.04190962,0.00311027,0.07421384
Original,Original,20.0,0.04555394,0.00320883,0.07044025
Original,Original,20.0,0.05721574,0.00100757,0.01761006
Original,Original,20.0,0.04482507,0.00098672,0.02201258
Original,Original,20.0,0.04081633,0.00143756,0.03522013
Original,Original,20.0,0.03753644,0.00252604,0.0672956
Original,Original,20.0,0.03862974,0.00143343,0.03710692
Original,Original,20.0,0.04919825,0.00287763,0.05849057
Original,Original,20.0,0.04081633,0.00133487,0.0327044
Original,Original,20.0,0.04373178,0.00280543,0.06415094
Original,Original,20.0,0.03571429,0.00096586,0.02704403
Original,Original,20.0,0.03024781,0.00129362,0.0427673
Original,Original,20.0,0.04118076,0.00220149,0.05345912
Original,Original,20.0,0.04409621,0.0007488,0.01698113
Original,Original,20.0,0.05393586,0.0010855,0.02012579
Original,Original,20.0,0.04118076,0.00222739,0.05408805
Original,Original,20.0,0.0393586,0.00163375,0.04150943
Original,Original,20.0,0.03862974,0.00216229,0.05597484
Original,Original,20.0,0.04008746,0.00279856,0.06981132
Original,Original,20.0,0.04774052,0.00198168,0.04150943
Original,Original,20.0,0.04154519,0.0028742,0.06918239
Original,Original,20.0,0.04227405,0.00297779,0.07044025
Original,Original,20.0,0.04664723,0.00105616,0.02264151
Original,Original,20.0,0.03644315,0.0020399,0.05597484
Original,Original,20.0,0.04336735,0.00234566,0.05408805
Original,Original,20.0,0.04227405,0.00289803,0.06855346
Original,Original,20.0,0.03753644,0.00087349,0.02327044
Original,Original,20.0,0.04008746,0.00078158,0.01949686
Original,Original,20.0,0.03972303,0.00169885,0.0427673
Original,Original,20.0,0.03571429,0.00161725,0.04528302
Original,Original,20.0,0.0451895,0.00181895,0.04025157
Original,Original,20.0,0.03899417,0.00066217,0.01698113
Original,Original,20.0,0.03862974,0.00058309,0.01509434
Original,Original,20.0,0.0404519,0.00287488,0.07106918
Original,Original,20.0,0.04263848,0.00134083,0.03144654
Original,Original,20.0,0.04008746,0.0026725,0.06666667
Original,Original,20.0,0.03899417,0.00068669,0.01761006
Original,Original,20.0,0.04081633,0.00094981,0.02327044
Original,Original,20.0,0.03534985,0.00148959,0.04213836
Original,Original,20.0,0.04190962,0.00218773,0.05220126
Original,Original,20.0,0.04008746,0.00121019,0.03018868
Original,Original,20.0,0.04373178,0.00308048,0.07044025
Original,Original,20.0,0.0393586,0.00143572,0.03647799
Original,Original,20.0,0.03206997,0.00137155,0.0427673
Original,Original,20.0,0.0451895,0.00292737,0.06477987
Original,Original,20.0,0.03680758,0.00236124,0.06415094
Original,Original,20.0,0.03790087,0.00200231,0.05283019
Original,Original,20.0,0.03316327,0.00162688,0.0490566
Original,Original,20.0,0.04373178,0.00214533,0.0490566
Original,Original,20.0,0.04227405,0.00218017,0.05157233
Original,Original,20.0,0.03753644,0.00254965,0.06792453
Original,Original,20.0,0.04190962,0.00311027,0.07421384
Original,Original,20.0,0.04883382,0.00230348,0.04716981
Original,Original,20.0,0.03571429,0.00163971,0.04591195
Original,Original,20.0,0.03462099,0.00117581,0.03396226
Original,Original,20.0,0.04227405,0.00143572,0.03396226
Original,Original,20.0,0.03607872,0.00163375,0.04528302
Original,Original,20.0,0.04591837,0.00271467,0.0591195
Original,Original,20.0,0.03534985,0.00055582,0.01572327
Original,Original,20.0,0.05065598,0.00375937,0.07421384
Original,Original,20.0,0.03425656,0.00146506,0.0427673
Original,Original,20.0,0.04446064,0.00111851,0.02515723
Original,Original,20.0,0.03425656,0.00107725,0.03144654
Original,Original,20.0,0.04774052,0.00156133,0.0327044
Original,Original,20.0,0.04263848,0.0017699,0.04150943
Original,Original,20.0,0.04154519,0.00138484,0.03333333
Original,Original,20.0,0.04701166,0.00156706,0.03333333
Original,Original,20.0,0.03972303,0.00257325,0.06477987
Original,Original,20.0,0.03753644,0.00195945,0.05220126
Original,Original,20.0,0.04846939,0.00167661,0.03459119
Original,Original,20.0,0.03753644,0.00092071,0.0245283
Original,Original,20.0,0.04373178,0.00104516,0.02389937
Original,Original,20.0,0.04300292,0.00313732,0.07295597
Original,Original,20.0,0.05102041,0.00231036,0.04528302
Original,Original,20.0,0.03790087,0.00076278,0.02012579
Original,Original,20.0,0.04263848,0.00265485,0.06226415
Original,Original,20.0,0.04154519,0.00151548,0.03647799
Original,Original,20.0,0.04701166,0.00289757,0.06163522
Original,Original,20.0,0.03279883,0.00187717,0.0572327
Original,Original,20.0,0.05065598,0.00219828,0.04339623
Original,Original,20.0,0.02290909,0.00039405,0.01720047
Original,Original,20.0,0.02727273,0.00131026,0.0480427
Original,Original,20.0,0.03345455,0.00073417,0.02194543
Original,Original,20.0,0.04066812,0.00059403,0.01460674
Original,Original,20.0,0.03753644,0.00221914,0.0591195
Original,Original,20.0,0.0404519,0.00231517,0.0572327
Original,Original,20.0,0.0393586,0.00069311,0.01761006
Original,Original,20.0,0.03899417,0.00242794,0.06226415
Original,Original,20.0,0.03498542,0.00079212,0.02264151
Original,Original,20.0,0.04810496,0.00202706,0.04213836
Original,Original,20.0,0.03534985,0.00200094,0.05660377
Original,Original,20.0,0.0393586,0.0025744,0.06540881
Original,Original,20.0,0.03972303,0.00202363,0.0509434
Original,Original,20.0,0.03753644,0.0008971,0.02389937
Original,Original,20.0,0.03279883,0.0017534,0.05345912
Original,Original,20.0,0.03862974,0.00255102,0.06603774
Original,Original,20.0,0.03899417,0.00218269,0.05597484
Original,Original,20.0,0.03170554,0.00043869,0.01383648
Original,Original,20.0,0.03972303,0.00224847,0.05660377
Original,Original,20.0,0.03972303,0.0011742,0.02955975
Original,Original,20.0,0.0335277,0.0009489,0.02830189
Original,Original,20.0,0.03972303,0.00129912,0.0327044
Original,Original,20.0,0.04373178,0.00231036,0.05283019
Original,Original,20.0,0.04591837,0.00213708,0.04654088
Original,Original,20.0,0.03972303,0.00154895,0.03899371
Original,Original,20.0,0.03425656,0.00105571,0.03081761
Original,Original,20.0,0.03899417,0.00110361,0.02830189
Original,Original,20.0,0.04482507,0.00177609,0.03962264
Original,Original,20.0,0.05029155,0.00113868,0.02264151
Original,Original,20.0,0.0324344,0.00114234,0.03522013
Original,Original,20.0,0.03206997,0.002138,0.06666667
Original,Original,20.0,0.03097668,0.00118841,0.03836478
Original,Original,20.0,0.03534985,0.00237889,0.0672956
Original,Original,20.0,0.04118076,0.00108779,0.02641509
Original,Original,20.0,0.03899417,0.00220722,0.05660377
Original,Original,20.0,0.04008746,0.00133625,0.03333333
Original,Original,20.0,0.0404519,0.00099222,0.0245283
Original,Original,20.0,0.04409621,0.00196908,0.04465409
Original,Original,20.0,0.05065598,0.00089205,0.01761006
Original,Original,20.0,0.04154519,0.00201194,0.04842767
Original,Original,20.0,0.03826531,0.00262322,0.06855346
Original,Original,20.0,0.04846939,0.00091452,0.01886792
Original,Original,20.0,0.0404519,0.00188267,0.04654088
Original,Original,20.0,0.03899417,0.00230532,0.0591195
Original,Original,20.0,0.03170554,0.00159525,0.05031447
Original,Original,20.0,0.03206997,0.0015329,0.04779874
Original,Original,20.0,0.04300292,0.002948,0.06855346
Original,Original,20.0,0.04154519,0.0014371,0.03459119
Original,Original,20.0,0.0393586,0.00069311,0.01761006
Original,Original,20.0,0.04227405,0.00271192,0.06415094
Original,Original,20.0,0.03899417,0.0018884,0.04842767
Original,Original,20.0,0.03899417,0.00267319,0.06855346
Original,Original,20.0,0.03644315,0.00071053,0.01949686
Original,Original,20.0,0.03316327,0.0009803,0.02955975
Original,Original,20.0,0.03279883,0.00169151,0.05157233
Original,Original,20.0,0.0393586,0.00150998,0.03836478
Original,Original,20.0,0.03862974,0.00082604,0.02138365
Original,Original,20.0,0.0404519,0.00083957,0.02075472
Original,Original,20.0,0.03571429,0.0019991,0.05597484
Original,Original,20.0,0.0335277,0.00153932,0.04591195
Original,Original,20.0,0.03753644,0.00099153,0.02641509
Original,Original,20.0,0.03862974,0.00102041,0.02641509
Original,Original,20.0,0.03753644,0.00103874,0.02767296
Original,Original,20.0,0.03753644,0.00226635,0.06037736
Original,Original,20.0,0.03498542,0.00088014,0.02515723
Original,Original,20.0,0.03899417,0.00237889,0.06100629
Original,Original,20.0,0.03316327,0.00133487,0.04025157
Original,Original,20.0,0.03753644,0.00174698,0.04654088
Original,Original,20.0,0.04992711,0.00135023,0.02704403
Original,Original,20.0,0.03680758,0.00145841,0.03962264
Original,Original,20.0,0.04118076,0.00217559,0.05283019
Original,Original,20.0,0.02988338,0.00048866,0.0163522
Original,Original,20.0,0.03826531,0.00077012,0.02012579
Original,Original,20.0,0.04154519,0.00316162,0.07610063
Original,Original,20.0,0.03498542,0.00220034,0.06289308
Original,Original,20.0,0.03753644,0.00195945,0.05220126
Original,Original,20.0,0.03717201,0.00086501,0.02327044
Original,Original,20.0,0.04154519,0.00135871,0.0327044
Original,Original,20.0,0.04118076,0.00222739,0.05408805
Original,Original,20.0,0.04118076,0.00170939,0.04150943
Original,Original,20.0,0.03462099,0.0005879,0.01698113
Original,Original,20.0,0.0451895,0.00250105,0.05534591
Original,Original,20.0,0.02879009,0.00137613,0.04779874
Original,Original,20.0,0.05138484,0.00193905,0.03773585
Original,Original,20.0,0.04263848,0.00276212,0.06477987
Original,Original,20.0,0.03097668,0.00173391,0.05597484
Original,Original,20.0,0.03717201,0.00187029,0.05031447
Original,Original,20.0,0.03680758,0.00162046,0.04402516
Original,Original,20.0,0.04008746,0.00204219,0.0509434
Original,Original,20.0,0.04446064,0.00262849,0.0591195
Original,Original,20.0,0.03753644,0.00136925,0.03647799
Original,Original,20.0,0.04008746,0.00279856,0.06981132
Original,Original,20.0,0.03389213,0.00166263,0.0490566
Original,Original,20.0,0.03170554,0.00171489,0.05408805
Original,Original,20.0,0.03498542,0.00134221,0.03836478
Original,Original,20.0,0.03389213,0.00142816,0.04213836
Original,Original,20.0,0.0404519,0.00160281,0.03962264
Original,Original,20.0,0.03862974,0.00080175,0.02075472
Original,Original,20.0,0.0393586,0.00150998,0.03836478
Original,Original,20.0,0.04300292,0.00116297,0.02704403
Original,Original,20.0,0.03826531,0.00219003,0.0572327
Original,Original,20.0,0.02915452,0.00150357,0.05157233
Original,Original,20.0,0.04227405,0.0012762,0.03018868
Original,Original,20.0,0.02988338,0.00176669,0.0591195
Original,Original,20.0,0.03389213,0.0017479,0.05157233
Original,Original,20.0,0.03717201,0.0016365,0.04402516
Original,Original,20.0,0.03826531,0.00132364,0.03459119
Original,Original,20.0,0.04263848,0.00179672,0.04213836
Original,Original,20.0,0.04190962,0.00276762,0.06603774
Original,Original,20.0,0.0324344,0.0019991,0.06163522
Original,Original,20.0,0.03571429,0.00161725,0.04528302
Original,Original,20.0,0.0404519,0.00259503,0.06415094
Original,Original,20.0,0.03316327,0.0012723,0.03836478
Original,Original,20.0,0.04118076,0.000777,0.01886792
Original,Original,20.0,0.03899417,0.00250151,0.06415094
Original,Original,20.0,0.02988338,0.0013908,0.04654088
Original,Original,20.0,0.04701166,0.00195143,0.04150943
Original,Original,20.0,0.04300292,0.00219071,0.0509434
Original,Original,20.0,0.03753644,0.00221914,0.0591195
Original,Original,20.0,0.0324344,0.00185631,0.0572327
Original,Original,20.0,0.03899417,0.00264866,0.06792453
Original,Original,20.0,0.04263848,0.00126038,0.02955975
Original,Original,20.0,0.03389213,0.00162,0.04779874
Original,Original,20.0,0.03753644,0.00177059,0.04716981
Original,Original,20.0,0.03571429,0.0021788,0.06100629
Original,Original,20.0,0.03425656,0.00161588,0.04716981
Original,Original,20.0,0.03753644,0.00198306,0.05283019
Original,Original,20.0,0.04482507,0.0024245,0.05408805
Original,Original,20.0,0.03790087,0.00252672,0.06666667
Original,Original,20.0,0.04555394,0.00171902,0.03773585
Original,Original,20.0,0.04081633,0.00254139,0.06226415
Original,Original,20.0,0.03425656,0.0017236,0.05031447
Original,Original,20.0,0.04081633,0.00128353,0.03144654
Original,Original,20.0,0.02696793,0.00059363,0.02201258
Original,Original,20.0,0.03571429,0.00163971,0.04591195
Original,Original,20.0,0.03571429,0.00146002,0.0408805
Original,Original,20.0,0.03862974,0.00238095,0.06163522
Original,Original,20.0,0.02915452,0.00163192,0.05597484
Original,Original,20.0,0.03826531,0.00182903,0.04779874
Original,Original,20.0,0.03680758,0.00233809,0.06352201
Original,Original,20.0,0.03498542,0.00154024,0.04402516
Original,Original,20.0,0.03899417,0.00267319,0.06855346
Original,Original,20.0,0.04227405,0.00327026,0.07735849
Original,Original,20.0,0.04154519,0.00198581,0.04779874
Original,Original,20.0,0.0404519,0.00145016,0.03584906
Original,Original,20.0,0.04336735,0.00272751,0.06289308
Original,Original,20.0,0.03753644,0.00250243,0.06666667
Original,Original,20.0,0.03790087,0.00235987,0.06226415
Original,Original,20.0,0.04081633,0.00123219,0.03018868
Original,Original,20.0,0.03862974,0.00187075,0.04842767
Original,Original,20.0,0.0451895,0.00105158,0.02327044
Original,Original,20.0,0.03462099,0.00198145,0.0572327
Original,Original,20.0,0.03899417,0.00245246,0.06289308
Original,Original,20.0,0.03790087,0.00188313,0.04968553
Original,Original,20.0,0.03170554,0.00159525,0.05031447
Original,Original,20.0,0.04300292,0.00248822,0.05786164
Original,Original,20.0,0.04263848,0.0011263,0.02641509
Original,Original,20.0,0.03389213,0.00151342,0.04465409
Original,Original,20.0,0.03862974,0.00255102,0.06603774
Original,Original,20.0,0.03644315,0.00213158,0.05849057
Original,Original,20.0,0.03862974,0.00165209,0.0427673
Original,Original,20.0,0.03462099,0.00104516,0.03018868
Original,Original,20.0,0.04336735,0.00070915,0.0163522
Original,Original,20.0,0.03753644,0.00118039,0.03144654
Original,Original,20.0,0.04154519,0.00083613,0.02012579
Original,Original,20.0,0.0335277,0.00164475,0.0490566
Original,Original,20.0,0.03571429,0.00208895,0.05849057
Original,Original,20.0,0.02951895,0.00092827,0.03144654
Original,Original,20.0,0.03680758,0.00231494,0.06289308
Original,Original,20.0,0.03607872,0.00215565,0.05974843
Original,Original,20.0,0.03680758,0.0021529,0.05849057
Original,Original,20.0,0.02733236,0.0012205,0.04465409
Original,Original,20.0,0.03534985,0.00195647,0.05534591
Original,Original,20.0,0.03425656,0.00060326,0.01761006
Original,Original,20.0,0.03899417,0.00103003,0.02641509
Original,Original,20.0,0.03826531,0.0017087,0.04465409
Original,Original,20.0,0.04190962,0.00210866,0.05031447
Original,Original,20.0,0.02915452,0.00163192,0.05597484
Original,Original,20.0,0.03826531,0.00233442,0.06100629
Original,Original,20.0,0.03899417,0.00142243,0.03647799
Original,Original,20.0,0.02988338,0.00163513,0.05471698
Original,Original,20.0,0.04008746,0.00161358,0.04025157
Original,Original,20.0,0.03644315,0.00139813,0.03836478
Original,Original,20.0,0.03607872,0.00206488,0.0572327
Original,Original,20.0,0.0393586,0.00113868,0.02893082
Original,Original,20.0,0.04008746,0.00274813,0.06855346
Original,Original,20.0,0.02879009,0.00083292,0.02893082
Original,Original,20.0,0.03389213,0.00166263,0.0490566
Original,Original,20.0,0.04118076,0.00214969,0.05220126
Original,Original,20.0,0.03097668,0.0014222,0.04591195
Original,Original,20.0,0.04919825,0.00188748,0.03836478
Original,Original,20.0,0.03862974,0.00155491,0.04025157
Original,Original,20.0,0.03753644,0.00273851,0.07295597
Original,Original,20.0,0.04154519,0.00125419,0.03018868
Original,Original,20.0,0.03134111,0.00088701,0.02830189
Original,Original,20.0,0.03899417,0.00203554,0.05220126
Original,Original,20.0,0.03753644,0.00226635,0.06037736
Original,Original,20.0,0.04810496,0.00311623,0.06477987
Original,Original,20.0,0.03206997,0.001069,0.03333333
Original,Original,20.0,0.04336735,0.002182,0.05031447
Original,Original,20.0,0.0393586,0.00200506,0.0509434
Original,Original,20.0,0.0335277,0.00206649,0.06163522
Original,Original,20.0,0.03170554,0.00087739,0.02767296
Original,Original,20.0,0.04190962,0.00155514,0.03710692
Original,Original,20.0,0.03972303,0.00244834,0.06163522
Original,Original,20.0,0.0324344,0.00122394,0.03773585
Original,Original,20.0,0.03490909,0.00055904,0.01601423
Original,Original,20.0,0.05018182,0.00098221,0.01957295
Original,Original,20.0,0.04363636,0.0015529,0.03558719
Original,Original,20.0,0.03854545,0.00171466,0.04448399
Original,Original,20.0,0.04290909,0.00279953,0.06524318
Original,Original,20.0,0.03781818,0.00235522,0.06227758
Original,Original,20.0,0.03309091,0.00090284,0.02728351
Original,Original,20.0,0.05309091,0.00094468,0.01779359
Original,Original,20.0,0.03236364,0.00147805,0.04567023
Original,Original,20.0,0.04145455,0.00130314,0.03143535
Original,Original,20.0,0.048,0.00076868,0.01601423
Original,Original,20.0,0.05163636,0.00134757,0.02609727
Original,Original,20.0,0.03963636,0.00159862,0.04033215
Original,Original,20.0,0.03818182,0.00120026,0.03143535
Original,Original,20.0,0.03890909,0.00096927,0.02491103
Original,Original,20.0,0.05563636,0.00095697,0.01720047
Original,Original,20.0,0.04218182,0.00117589,0.02787663
Original,Original,20.0,0.04436364,0.00255236,0.05753262
Original,Original,20.0,0.03927273,0.00149078,0.03795967
Original,Original,20.0,0.04036364,0.00059851,0.014828
Original,Original,20.0,0.04472727,0.00286509,0.06405694
Original,Original,20.0,0.04363636,0.00103526,0.02372479
Original,Original,20.0,0.04218182,0.00302728,0.0717675
Original,Original,20.0,0.02981818,0.00153866,0.05160142
Original,Original,20.0,0.04254545,0.00176642,0.04151839
Original,Original,20.0,0.03527273,0.00186196,0.05278766
Original,Original,20.0,0.032,0.00142349,0.04448399
Original,Original,20.0,0.03527273,0.00112973,0.03202847
Original,Original,20.0,0.04036364,0.0021307,0.05278766
Original,Original,20.0,0.04109091,0.00272965,0.06642942
Original,Original,20.0,0.03527273,0.00148539,0.04211151
Original,Original,20.0,0.04181818,0.00205866,0.04922894
Original,Original,20.0,0.04,0.00116251,0.02906287
Original,Original,20.0,0.04181818,0.00066969,0.01601423
Original,Original,20.0,0.04072727,0.00166677,0.04092527
Original,Original,20.0,0.03963636,0.00101089,0.02550415
Original,Original,20.0,0.03854545,0.00219476,0.0569395
Original,Original,20.0,0.04363636,0.00163054,0.03736655
Original,Original,20.0,0.044,0.00088731,0.02016607
Original,Original,20.0,0.04509091,0.00189885,0.04211151
Original,Original,20.0,0.03636364,0.00133722,0.03677343
Original,Original,20.0,0.03272727,0.00182465,0.05575326
Original,Original,20.0,0.04181818,0.00290197,0.06939502
Original,Original,20.0,0.044,0.00073072,0.01660735
Original,Original,20.0,0.044,0.0028707,0.06524318
Original,Original,20.0,0.03381818,0.00192559,0.0569395
Original,Original,20.0,0.04472727,0.00095503,0.02135231
Original,Original,20.0,0.04218182,0.00275208,0.06524318
Original,Original,20.0,0.04363636,0.00271757,0.06227758
Original,Original,20.0,0.03272727,0.00044646,0.01364176
Original,Original,20.0,0.04727273,0.00215896,0.04567023
Original,Original,20.0,0.03454545,0.00186455,0.0539739
Original,Original,20.0,0.04509091,0.00275466,0.06109134
Original,Original,20.0,0.04181818,0.00141378,0.03380783
Original,Original,20.0,0.03745455,0.00179942,0.0480427
Original,Original,20.0,0.04545455,0.00234552,0.05160142
Original,Original,20.0,0.03854545,0.0011431,0.02965599
Original,Original,20.0,0.02981818,0.00143255,0.0480427
Original,Original,20.0,0.044,0.00140925,0.03202847
Original,Original,20.0,0.04109091,0.00177914,0.04329775
Original,Original,20.0,0.03418182,0.00176383,0.05160142
Original,Original,20.0,0.044,0.00125267,0.02846975
Original,Original,20.0,0.03709091,0.00169395,0.04567023
Original,Original,20.0,0.04690909,0.00236493,0.05041518
Original,Original,20.0,0.04472727,0.001857,0.04151839
Original,Original,20.0,0.03963636,0.00058773,0.014828
Original,Original,20.0,0.04472727,0.00177742,0.03973903
Original,Original,20.0,0.04327273,0.00069298,0.01601423
Original,Original,20.0,0.03345455,0.00099213,0.02965599
Original,Original,20.0,0.04872727,0.00075143,0.01542112
Original,Original,20.0,0.04690909,0.00219799,0.04685647
Original,Original,20.0,0.04363636,0.00214817,0.04922894
Original,Original,20.0,0.03890909,0.00085388,0.02194543
Original,Original,20.0,0.044,0.00101779,0.02313167
Original,Original,20.0,0.04654545,0.00146317,0.03143535
Original,Original,20.0,0.04109091,0.001901,0.04626335
Original,Original,20.0,0.036,0.00113167,0.03143535
Original,Original,20.0,0.03854545,0.00230907,0.0599051
Original,Original,20.0,0.03890909,0.00122312,0.03143535
Original,Original,20.0,0.04254545,0.00174118,0.04092527
Original,Original,20.0,0.03745455,0.00164391,0.04389087
Original,Original,20.0,0.03309091,0.00155052,0.04685647
Original,Original,20.0,0.04472727,0.0012999,0.02906287
Original,Original,20.0,0.04181818,0.00128977,0.03084223
Original,Original,20.0,0.03854545,0.00128028,0.03321471
Original,Original,20.0,0.03745455,0.00217707,0.05812574
Original,Original,20.0,0.04836364,0.00249563,0.05160142
Original,Original,20.0,0.05236364,0.00180136,0.03440095
Original,Original,20.0,0.03490909,0.00080751,0.02313167
Original,Original,20.0,0.04109091,0.00129171,0.03143535
Original,Original,20.0,0.04218182,0.00187642,0.04448399
Original,Original,20.0,0.05018182,0.00119055,0.02372479
Original,Original,20.0,0.032,0.00129063,0.04033215
Original,Original,20.0,0.03127273,0.00174356,0.05575326
Original,Original,20.0,0.04181818,0.00094252,0.02253855
Original,Original,20.0,0.03781818,0.00183932,0.04863582
Original,Original,20.0,0.04,0.00073547,0.01838671
Original,Original,20.0,0.02945455,0.00127532,0.04329775
Original,Original,20.0,0.03745455,0.00153284,0.04092527
Original,Original,20.0,0.03309091,0.00145239,0.04389087
Original,Original,20.0,0.02545455,0.0012531,0.04922894
Original,Original,20.0,0.03345455,0.0018652,0.05575326
Original,Original,20.0,0.03527273,0.0020921,0.05931198
Original,Original,20.0,0.04,0.00218268,0.05456702
Original,Original,20.0,0.02363636,0.00112154,0.04744958
Original,Original,20.0,0.03672727,0.00209123,0.0569395
Original,Original,20.0,0.03563636,0.00135274,0.03795967
Original,Original,20.0,0.03818182,0.0009285,0.02431791
Original,Original,20.0,0.16254545,0.01629311,0.10023725
Original,Original,20.0,0.02909091,0.0015874,0.05456702
Original,Original,20.0,0.03309091,0.00196269,0.05931198
Original,Original,20.0,0.03927273,0.00202653,0.05160142
Original,Original,20.0,0.04218182,0.00062547,0.014828
Original,Original,20.0,0.03854545,0.00208045,0.0539739
Original,Original,20.0,0.03563636,0.00118365,0.03321471
Original,Original,20.0,0.03418182,0.00133808,0.03914591
Original,Original,20.0,0.03381818,0.00052151,0.01542112
Original,Original,20.0,0.04327273,0.00133463,0.03084223
Original,Original,20.0,0.04109091,0.0015598,0.03795967
Original,Original,20.0,0.03309091,0.00049067,0.014828
Original,Original,20.0,0.02981818,0.00153866,0.05160142
Original,Original,20.0,0.044,0.00271412,0.06168446
Original,Original,20.0,0.04472727,0.00084892,0.01897983
Original,Original,20.0,0.04363636,0.00232934,0.05338078
Original,Original,20.0,0.04145455,0.00221288,0.05338078
Original,Original,20.0,0.04436364,0.00173665,0.03914591
Original,Original,20.0,0.03272727,0.00184406,0.05634638
Original,Original,20.0,0.03927273,0.00207312,0.05278766
Original,Original,20.0,0.04072727,0.0027538,0.06761566
Original,Original,20.0,0.03745455,0.00062202,0.01660735
Original,Original,20.0,0.03272727,0.00089291,0.02728351
Original,Original,20.0,0.04436364,0.00152615,0.03440095
Original,Original,20.0,0.03709091,0.00149596,0.04033215
Original,Original,20.0,0.03454545,0.00178259,0.05160142
Original,Original,20.0,0.04327273,0.00143729,0.03321471
Original,Original,20.0,0.03527273,0.00188289,0.05338078
Original,Original,20.0,0.05018182,0.00086315,0.01720047
Original,Original,20.0,0.03745455,0.00071088,0.01897983
Original,Original,20.0,0.03890909,0.00078464,0.02016607
Original,Original,20.0,0.04618182,0.00109565,0.02372479
Original,Original,20.0,0.04363636,0.00111291,0.02550415
Original,Original,20.0,0.03890909,0.00253855,0.06524318
Original,Original,20.0,0.04254545,0.00113555,0.02669039
Original,Original,20.0,0.03890909,0.00226162,0.05812574
Original,Original,20.0,0.03890909,0.00233085,0.0599051
Original,Original,20.0,0.03018182,0.00136051,0.04507711
Original,Original,20.0,0.03818182,0.0019023,0.04982206
Original,Original,20.0,0.03890909,0.00221546,0.0569395
Original,Original,20.0,0.04,0.00223013,0.05575326
Original,Original,20.0,0.04290909,0.00180697,0.04211151
Original,Original,20.0,0.04145455,0.00140149,0.03380783
Original,Original,20.0,0.04327273,0.00266925,0.06168446
Original,Original,20.0,0.044,0.00247924,0.05634638
Original,Original,20.0,0.04036364,0.00292074,0.07236062
Original,Original,20.0,0.04181818,0.00183544,0.04389087
Original,Original,20.0,0.03454545,0.00170064,0.04922894
Original,Original,20.0,0.04109091,0.00073115,0.01779359
Original,Original,20.0,0.04109091,0.00202286,0.04922894
Original,Original,20.0,0.04181818,0.00238111,0.0569395
Original,Original,20.0,0.04181818,0.0031004,0.07413998
Original,Original,20.0,0.03418182,0.00113534,0.03321471
Original,Original,20.0,0.04181818,0.00151299,0.03618031
Original,Original,20.0,0.03672727,0.00150307,0.04092527
Original,Original,20.0,0.03309091,0.00151127,0.04567023
Original,Original,20.0,0.04,0.00265718,0.06642942
Original,Original,20.0,0.04036364,0.00258557,0.06405694
Original,Original,20.0,0.04218182,0.00170128,0.04033215
Original,Original,20.0,0.04218182,0.00300226,0.07117438
Original,Original,20.0,0.03818182,0.00149466,0.03914591
Original,Original,20.0,0.04,0.00232503,0.05812574
Original,Original,20.0,0.03963636,0.00185722,0.04685647
Original,Original,20.0,0.03018182,0.00107409,0.03558719
Original,Original,20.0,0.04218182,0.00100075,0.02372479
Original,Original,20.0,0.02872727,0.00131198,0.04567023
Original,Original,20.0,0.03709091,0.00244193,0.0658363
Original,Original,20.0,0.04036364,0.00222646,0.05516014
Original,Original,20.0,0.04327273,0.00213027,0.04922894
Original,Original,20.0,0.02909091,0.00157015,0.0539739
Original,Original,20.0,0.04,0.00080664,0.02016607
Original,Original,20.0,0.04036364,0.00071821,0.01779359
Original,Original,20.0,0.03963636,0.00188073,0.04744958
Original,Original,20.0,0.04036364,0.00119702,0.02965599
Original,Original,20.0,0.03381818,0.00198577,0.05871886
Original,Original,20.0,0.03963636,0.00192775,0.04863582
Original,Original,20.0,0.04654545,0.00231899,0.04982206
Original,Original,20.0,0.04690909,0.00155807,0.03321471
Original,Original,20.0,0.03818182,0.00142672,0.03736655
Original,Original,20.0,0.03745455,0.00151062,0.04033215
Original,Original,20.0,0.04181818,0.00091772,0.02194543
Original,Original,20.0,0.04,0.00066429,0.01660735
Original,Original,20.0,0.04654545,0.0023466,0.05041518
Original,Original,20.0,0.04,0.00130486,0.03262159
Original,Original,20.0,0.04145455,0.00086056,0.02075919
Original,Original,20.0,0.03236364,0.00105575,0.03262159
Original,Original,20.0,0.03309091,0.00115799,0.03499407
Original,Original,20.0,0.04290909,0.00239232,0.05575326
Original,Original,20.0,0.03854545,0.00153176,0.03973903
Original,Original,20.0,0.04763636,0.00084762,0.01779359
Original,Original,20.0,0.04618182,0.00115044,0.02491103
Original,Original,20.0,0.03963636,0.00253898,0.06405694
Original,Original,20.0,0.04,0.00180308,0.04507711
Original,Original,20.0,0.04836364,0.00246695,0.0510083
Original,Original,20.0,0.044,0.0019051,0.04329775
Original,Original,20.0,0.05054545,0.00212855,0.04211151
Original,Original,20.0,0.03527273,0.00194565,0.05516014
Original,Original,20.0,0.03454545,0.00163917,0.04744958
Original,Original,20.0,0.03745455,0.0017772,0.04744958
Original,Original,20.0,0.03927273,0.00251569,0.06405694
Original,Original,20.0,0.03890909,0.0016616,0.04270463
Original,Original,20.0,0.04,0.00263345,0.0658363
Original,Original,20.0,0.03854545,0.00130314,0.03380783
Original,Original,20.0,0.04472727,0.00214882,0.0480427
Original,Original,20.0,0.04363636,0.00207053,0.04744958
Original,Original,20.0,0.044,0.00174852,0.03973903
Original,Original,20.0,0.04109091,0.0017304,0.04211151
Original,Original,20.0,0.04,0.00180308,0.04507711
Original,Original,20.0,0.04763636,0.00206255,0.04329775
Original,Original,20.0,0.04327273,0.00272059,0.0628707
Original,Original,20.0,0.03963636,0.00244495,0.06168446
Original,Original,20.0,0.02981818,0.00106115,0.03558719
Original,Original,20.0,0.03636364,0.00146662,0.04033215
Original,Original,20.0,0.03527273,0.00060671,0.01720047
Original,Original,20.0,0.03636364,0.00064704,0.01779359
Original,Original,20.0,0.04109091,0.0011211,0.02728351
Original,Original,20.0,0.03818182,0.00115497,0.03024911
Original,Original,20.0,0.04181818,0.00064488,0.01542112
Original,Original,20.0,0.04254545,0.00234681,0.05516014
Original,Original,20.0,0.04436364,0.0016314,0.03677343
Original,Original,20.0,0.04363636,0.00157878,0.03618031
Original,Original,20.0,0.04363636,0.00144937,0.03321471
Original,Original,20.0,0.03527273,0.00075315,0.02135231
Original,Original,20.0,0.03418182,0.00119616,0.03499407
Original,Original,20.0,0.03672727,0.00104562,0.02846975
Original,Original,20.0,0.03781818,0.00078507,0.02075919
Original,Original,20.0,0.044,0.00266192,0.06049822
Original,Original,20.0,0.03490909,0.001967,0.05634638
Original,Original,20.0,0.03854545,0.0015089,0.03914591
Original,Original,20.0,0.04618182,0.00243783,0.05278766
Original,Original,20.0,0.03818182,0.00076998,0.02016607
Original,Original,20.0,0.05054545,0.001469,0.02906287
Original,Original,20.0,0.04545455,0.00264208,0.05812574
Original,Original,20.0,0.04763636,0.00107365,0.02253855
Original,Original,20.0,0.03927273,0.00251569,0.06405694
Original,Original,20.0,0.03781818,0.0010991,0.02906287
Original,Original,20.0,0.03927273,0.00102491,0.02609727
Original,Original,20.0,0.04109091,0.00204723,0.04982206
Original,Original,20.0,0.04145455,0.00145066,0.03499407
Original,Original,20.0,0.044,0.00109609,0.02491103
Original,Original,20.0,0.03818182,0.00108703,0.02846975
Original,Original,30.0,0.02476999,0.00052967,0.02138365
Original,Original,30.0,0.02547771,0.00040059,0.01572327
Original,Original,30.0,0.02158528,0.00052945,0.0245283
Original,Original,30.0,0.02724699,0.00080541,0.02955975
Original,Original,30.0,0.02264685,0.00072641,0.03207547
Original,Original,30.0,0.02370842,0.00035786,0.01509434
Original,Original,30.0,0.02866242,0.00111765,0.03899371
Original,Original,30.0,0.02512385,0.00104288,0.04150943
Original,Original,30.0,0.03432413,0.00084191,0.0245283
Original,Original,30.0,0.02547771,0.0002724,0.01069182
Original,Original,30.0,0.02193914,0.00071751,0.0327044
Original,Original,30.0,0.02547771,0.00044866,0.01761006
Original,Original,30.0,0.02264685,0.00059822,0.02641509
Original,Original,30.0,0.02300071,0.00092581,0.04025157
Original,Original,30.0,0.03573956,0.00058442,0.0163522
Original,Original,30.0,0.02547771,0.0006089,0.02389937
Original,Original,30.0,0.02193914,0.00048294,0.02201258
Original,Original,30.0,0.02653928,0.00056751,0.02138365
Original,Original,30.0,0.02193914,0.0007451,0.03396226
Original,Original,30.0,0.01840057,0.00062492,0.03396226
Original,Original,30.0,0.02229299,0.00022433,0.01006289
Original,Original,30.0,0.02193914,0.00070371,0.03207547
Original,Original,30.0,0.01946214,0.00056306,0.02893082
Original,Original,30.0,0.02476999,0.00024926,0.01006289
Original,Original,30.0,0.01804671,0.00063561,0.03522013
Original,Original,30.0,0.02406228,0.00092314,0.03836478
Original,Original,30.0,0.02547771,0.00046469,0.01823899
Original,Original,30.0,0.02653928,0.00080119,0.03018868
Original,Original,30.0,0.02512385,0.00077426,0.03081761
Original,Original,30.0,0.02335456,0.00091068,0.03899371
Original,Original,30.0,0.02158528,0.00031224,0.01446541
Original,Original,30.0,0.02087757,0.0004727,0.02264151
Original,Original,30.0,0.03043171,0.00111009,0.03647799
Original,Original,30.0,0.03149328,0.00039614,0.01257862
Original,Original,30.0,0.02370842,0.00053679,0.02264151
Original,Original,30.0,0.02016985,0.00062159,0.03081761
Original,Original,30.0,0.03078556,0.0008132,0.02641509
Original,Original,30.0,0.02689314,0.00082878,0.03081761
Original,Original,30.0,0.02547771,0.00070504,0.02767296
Original,Original,30.0,0.02901628,0.00078472,0.02704403
Original,Original,30.0,0.02335456,0.00036721,0.01572327
Original,Original,30.0,0.03007785,0.0014566,0.04842767
Original,Original,30.0,0.02476999,0.00068546,0.02767296
Original,Original,30.0,0.02300071,0.00078116,0.03396226
Original,Original,30.0,0.02760085,0.00130193,0.04716981
Original,Original,30.0,0.03007785,0.00088909,0.02955975
Original,Original,30.0,0.03432413,0.00094985,0.02767296
Original,Original,30.0,0.02830856,0.00110386,0.03899371
Original,Original,30.0,0.03078556,0.00106491,0.03459119
Original,Original,30.0,0.02476999,0.00056083,0.02264151
Original,Original,30.0,0.02441614,0.00066031,0.02704403
Original,Original,30.0,0.02618542,0.001054,0.04025157
Original,Original,30.0,0.02547771,0.00104154,0.0408805
Original,Original,30.0,0.02441614,0.00095208,0.03899371
Original,Original,30.0,0.02052371,0.00029688,0.01446541
Original,Original,30.0,0.03750885,0.00084926,0.02264151
Original,Original,30.0,0.02476999,0.00048294,0.01949686
Original,Original,30.0,0.03113942,0.00058754,0.01886792
Original,Original,30.0,0.01840057,0.00064807,0.03522013
Original,Original,30.0,0.02406228,0.00034807,0.01446541
Original,Original,30.0,0.02618542,0.00090579,0.03459119
Original,Original,30.0,0.02193914,0.00034495,0.01572327
Original,Original,30.0,0.02866242,0.00102752,0.03584906
Original,Original,30.0,0.03963199,0.00157032,0.03962264
Original,Original,30.0,0.02476999,0.00057641,0.02327044
Original,Original,30.0,0.02406228,0.00083234,0.03459119
Original,Original,30.0,0.02689314,0.00054125,0.02012579
Original,Original,30.0,0.02512385,0.00088487,0.03522013
Original,Original,30.0,0.02123142,0.000227,0.01069182
Original,Original,30.0,0.03184713,0.00086127,0.02704403
Original,Original,30.0,0.02229299,0.00089733,0.04025157
Original,Original,30.0,0.02618542,0.001054,0.04025157
Original,Original,30.0,0.02229299,0.00079918,0.03584906
Original,Original,30.0,0.01946214,0.00039169,0.02012579
Original,Original,30.0,0.02087757,0.00070905,0.03396226
Original,Original,30.0,0.02547771,0.00051276,0.02012579
Original,Original,30.0,0.03857042,0.00101884,0.02641509
Original,Original,30.0,0.02618542,0.0007905,0.03018868
Original,Original,30.0,0.02795471,0.00100215,0.03584906
Original,Original,30.0,0.02547771,0.00112166,0.04402516
Original,Original,30.0,0.02618542,0.00098813,0.03773585
Original,Original,30.0,0.02937013,0.00090512,0.03081761
Original,Original,30.0,0.02087757,0.00057774,0.02767296
Original,Original,30.0,0.02158528,0.000448,0.02075472
Original,Original,30.0,0.02901628,0.0012592,0.04339623
Original,Original,30.0,0.02618542,0.00082344,0.03144654
Original,Original,30.0,0.02689314,0.00069347,0.02578616
Original,Original,30.0,0.02406228,0.00098368,0.0408805
Original,Original,30.0,0.03644728,0.00098568,0.02704403
Original,Original,30.0,0.02123142,0.00030712,0.01446541
Original,Original,30.0,0.02406228,0.00087774,0.03647799
Original,Original,30.0,0.02512385,0.00045823,0.01823899
Original,Original,30.0,0.01910828,0.00021632,0.01132075
Original,Original,30.0,0.03750885,0.00054258,0.01446541
Original,Original,30.0,0.02300071,0.00034718,0.01509434
Original,Original,30.0,0.02724699,0.00027418,0.01006289
Original,Original,30.0,0.02512385,0.00030022,0.01194969
Original,Original,30.0,0.02476999,0.00102819,0.04150943
Original,Original,30.0,0.02370842,0.00053679,0.02264151
Original,Original,30.0,0.03113942,0.00092047,0.02955975
Original,Original,30.0,0.02547771,0.0006089,0.02389937
Original,Original,30.0,0.02370842,0.00073064,0.03081761
Original,Original,30.0,0.02512385,0.00064785,0.02578616
Original,Original,30.0,0.02087757,0.0006434,0.03081761
Original,Original,30.0,0.02830856,0.00049852,0.01761006
Original,Original,30.0,0.02689314,0.00120089,0.04465409
Original,Original,30.0,0.03007785,0.00155118,0.05157233
Original,Original,30.0,0.02547771,0.00044866,0.01761006
Original,Original,30.0,0.02193914,0.00088308,0.04025157
Original,Original,30.0,0.02512385,0.00090067,0.03584906
Original,Original,30.0,0.03715499,0.00105156,0.02830189
Original,Original,30.0,0.01804671,0.00052211,0.02893082
Original,Original,30.0,0.02512385,0.00072685,0.02893082
Original,Original,30.0,0.01946214,0.00044065,0.02264151
Original,Original,30.0,0.02229299,0.00086929,0.03899371
Original,Original,30.0,0.01895044,0.00054825,0.02893082
Original,Original,30.0,0.02806122,0.00060005,0.02138365
Original,Original,30.0,0.02040816,0.00062893,0.03081761
Original,Original,30.0,0.02696793,0.00084805,0.03144654
Original,Original,30.0,0.02623907,0.00034655,0.01320755
Original,Original,30.0,0.02478134,0.00068577,0.02767296
Original,Original,30.0,0.02295918,0.00086638,0.03773585
Original,Original,30.0,0.02405248,0.00027229,0.01132075
Original,Original,30.0,0.02004373,0.00059249,0.02955975
Original,Original,30.0,0.02696793,0.00113638,0.04213836
Original,Original,30.0,0.02223032,0.00090879,0.0408805
Original,Original,30.0,0.02223032,0.00064314,0.02893082
Original,Original,30.0,0.02587464,0.00022783,0.00880503
Original,Original,30.0,0.02223032,0.0006711,0.03018868
Original,Original,30.0,0.02223032,0.00093675,0.04213836
Original,Original,30.0,0.02769679,0.00132387,0.04779874
Original,Original,30.0,0.02150146,0.00052739,0.0245283
Original,Original,30.0,0.02077259,0.00061403,0.02955975
Original,Original,30.0,0.02806122,0.00070594,0.02515723
Original,Original,30.0,0.02040816,0.00024387,0.01194969
Original,Original,30.0,0.0266035,0.00050195,0.01886792
Original,Original,30.0,0.02587464,0.00084621,0.0327044
Original,Original,30.0,0.02113703,0.00070457,0.03333333
Original,Original,30.0,0.03024781,0.00114143,0.03773585
Original,Original,30.0,0.02733236,0.00092827,0.03396226
Original,Original,30.0,0.02077259,0.00031355,0.01509434
Original,Original,30.0,0.02478134,0.00096632,0.03899371
Original,Original,30.0,0.02295918,0.00038987,0.01698113
Original,Original,30.0,0.02441691,0.00069104,0.02830189
Original,Original,30.0,0.02806122,0.00116481,0.04150943
Original,Original,30.0,0.02514577,0.00052189,0.02075472
Original,Original,30.0,0.01931487,0.00044947,0.02327044
Original,Original,30.0,0.02223032,0.00092277,0.04150943
Original,Original,30.0,0.0255102,0.00065781,0.02578616
Original,Original,30.0,0.02405248,0.0009379,0.03899371
Original,Original,30.0,0.02587464,0.00087876,0.03396226
Original,Original,30.0,0.02332362,0.00083613,0.03584906
Original,Original,30.0,0.02951895,0.00085401,0.02893082
Original,Original,30.0,0.02623907,0.00051158,0.01949686
Original,Original,30.0,0.02842566,0.00100116,0.03522013
Original,Original,30.0,0.02259475,0.00048316,0.02138365
Original,Original,30.0,0.02004373,0.00054206,0.02704403
Original,Original,30.0,0.0255102,0.00064177,0.02515723
Original,Original,30.0,0.0335277,0.00067477,0.02012579
Original,Original,30.0,0.0196793,0.00050745,0.02578616
Original,Original,30.0,0.02623907,0.00092414,0.03522013
Original,Original,30.0,0.02514577,0.00082238,0.0327044
Original,Original,30.0,0.02332362,0.00036672,0.01572327
Original,Original,30.0,0.02806122,0.00135894,0.04842767
Original,Original,30.0,0.02623907,0.00056109,0.02138365
Original,Original,30.0,0.02696793,0.00049187,0.01823899
Original,Original,30.0,0.02259475,0.00035526,0.01572327
Original,Original,30.0,0.0266035,0.00122142,0.04591195
Original,Original,30.0,0.02405248,0.0004992,0.02075472
Original,Original,30.0,0.02806122,0.00077654,0.02767296
Original,Original,30.0,0.02733236,0.00056728,0.02075472
Original,Original,30.0,0.02040816,0.00057759,0.02830189
Original,Original,30.0,0.02842566,0.00114418,0.04025157
Original,Original,30.0,0.02405248,0.00068073,0.02830189
Original,Original,30.0,0.01858601,0.00063122,0.03396226
Original,Original,30.0,0.02478134,0.00084163,0.03396226
Original,Original,30.0,0.02186589,0.00083888,0.03836478
Original,Original,30.0,0.02368805,0.00093858,0.03962264
Original,Original,30.0,0.02040816,0.0003979,0.01949686
Original,Original,30.0,0.02186589,0.00035756,0.0163522
Original,Original,30.0,0.02988338,0.00090214,0.03018868
Original,Original,30.0,0.03061224,0.00082788,0.02704403
Original,Original,30.0,0.02806122,0.00091773,0.0327044
Original,Original,30.0,0.02332362,0.00070411,0.03018868
Original,Original,30.0,0.01749271,0.00037406,0.02138365
Original,Original,30.0,0.02405248,0.00081688,0.03396226
Original,Original,30.0,0.02150146,0.00068967,0.03207547
Original,Original,30.0,0.03462099,0.00043548,0.01257862
Original,Original,30.0,0.02623907,0.00026404,0.01006289
Original,Original,30.0,0.02295918,0.00059203,0.02578616
Original,Original,30.0,0.02368805,0.00073001,0.03081761
Original,Original,30.0,0.02004373,0.00057988,0.02893082
Original,Original,30.0,0.03097668,0.00042861,0.01383648
Original,Original,30.0,0.0255102,0.00080221,0.03144654
Original,Original,30.0,0.02368805,0.00096838,0.0408805
Original,Original,30.0,0.03206997,0.00082696,0.02578616
Original,Original,30.0,0.02587464,0.00087876,0.03396226
Original,Original,30.0,0.02587464,0.00091131,0.03522013
Original,Original,30.0,0.02696793,0.00113638,0.04213836
Original,Original,30.0,0.02040816,0.00068027,0.03333333
Original,Original,30.0,0.02405248,0.00030255,0.01257862
Original,Original,30.0,0.02405248,0.00104379,0.04339623
Original,Original,30.0,0.02514577,0.00102797,0.0408805
Original,Original,30.0,0.0255102,0.0006899,0.02704403
Original,Original,30.0,0.01712828,0.00024777,0.01446541
Original,Original,30.0,0.0266035,0.00053542,0.02012579
Original,Original,30.0,0.02478134,0.00073253,0.02955975
Original,Original,30.0,0.03097668,0.00037016,0.01194969
Original,Original,30.0,0.02478134,0.00073253,0.02955975
Original,Original,30.0,0.0255102,0.00065781,0.02578616
Original,Original,30.0,0.02623907,0.00084163,0.03207547
Original,Original,30.0,0.01785714,0.00017969,0.01006289
Original,Original,30.0,0.02696793,0.00076324,0.02830189
Original,Original,30.0,0.03170554,0.00041875,0.01320755
Original,Original,30.0,0.02332362,0.00088014,0.03773585
Original,Original,30.0,0.0266035,0.0010541,0.03962264
Original,Original,30.0,0.02405248,0.00105891,0.04402516
Original,Original,30.0,0.0255102,0.00060968,0.02389937
Original,Original,30.0,0.02514577,0.00037956,0.01509434
Original,Original,30.0,0.02113703,0.00050516,0.02389937
Original,Original,30.0,0.02150146,0.00052739,0.0245283
Original,Original,30.0,0.0335277,0.00105433,0.03144654
Original,Original,30.0,0.02295918,0.00095302,0.04150943
Original,Original,30.0,0.02623907,0.00097365,0.03710692
Original,Original,30.0,0.02988338,0.00058263,0.01949686
Original,Original,30.0,0.0255102,0.00025671,0.01006289
Original,Original,30.0,0.0255102,0.00121936,0.04779874
Original,Original,30.0,0.02696793,0.00072932,0.02704403
Original,Original,30.0,0.02478134,0.00079487,0.03207547
Original,Original,30.0,0.02951895,0.00063122,0.02138365
Original,Original,30.0,0.0255102,0.00048132,0.01886792
Original,Original,30.0,0.02441691,0.00079854,0.0327044
Original,Original,30.0,0.02478134,0.00101307,0.0408805
Original,Original,30.0,0.02405248,0.00068073,0.02830189
Original,Original,30.0,0.02478134,0.00110659,0.04465409
Original,Original,30.0,0.02587464,0.00050447,0.01949686
Original,Original,30.0,0.0266035,0.00095371,0.03584906
Original,Original,30.0,0.01822157,0.00057301,0.03144654
Original,Original,30.0,0.02441691,0.00085997,0.03522013
Original,Original,30.0,0.03024781,0.0007229,0.02389937
Original,Original,30.0,0.02733236,0.00029223,0.01069182
Original,Original,30.0,0.02405248,0.00089251,0.03710692
Original,Original,30.0,0.02186589,0.00075637,0.03459119
Original,Original,30.0,0.02441691,0.00052212,0.02138365
Original,Original,30.0,0.0255102,0.00027275,0.01069182
Original,Original,30.0,0.02223032,0.00058722,0.02641509
Original,Original,30.0,0.02004373,0.00069334,0.03459119
Original,Original,30.0,0.02186589,0.00072886,0.03333333
Original,Original,30.0,0.02514577,0.00071167,0.02830189
Original,Original,30.0,0.02587464,0.00032547,0.01257862
Original,Original,30.0,0.01895044,0.00025029,0.01320755
Original,Original,30.0,0.02623907,0.00044557,0.01698113
Original,Original,30.0,0.0255102,0.00110705,0.04339623
Original,Original,30.0,0.02332362,0.00089481,0.03836478
Original,Original,30.0,0.02696793,0.00117031,0.04339623
Original,Original,30.0,0.02587464,0.00113913,0.04402516
Original,Original,30.0,0.0266035,0.00046849,0.01761006
Original,Original,30.0,0.02405248,0.0009379,0.03899371
Original,Original,30.0,0.03206997,0.00096815,0.03018868
Original,Original,30.0,0.0266035,0.00095371,0.03584906
Original,Original,30.0,0.01785714,0.00065139,0.03647799
Original,Original,30.0,0.02587464,0.00079739,0.03081761
Original,Original,30.0,0.02077259,0.00057484,0.02767296
Original,Original,30.0,0.03389213,0.00057553,0.01698113
Original,Original,30.0,0.02332362,0.00079212,0.03396226
Original,Original,30.0,0.02623907,0.00056109,0.02138365
Original,Original,30.0,0.02806122,0.00114716,0.0408805
Original,Original,30.0,0.02478134,0.00082604,0.03333333
Original,Original,30.0,0.03134111,0.00070961,0.02264151
Original,Original,30.0,0.02587464,0.00074857,0.02893082
Original,Original,30.0,0.02623907,0.00061059,0.02327044
Original,Original,30.0,0.02733236,0.00101422,0.03710692
Original,Original,30.0,0.02587464,0.00113913,0.04402516
Original,Original,30.0,0.0196793,0.00061885,0.03144654
Original,Original,30.0,0.03097668,0.00058447,0.01886792
Original,Original,30.0,0.02806122,0.00035297,0.01257862
Original,Original,30.0,0.0255102,0.00094661,0.03710692
Original,Original,30.0,0.02295918,0.00043319,0.01886792
Original,Original,30.0,0.02514577,0.00101216,0.04025157
Original,Original,30.0,0.0255102,0.00036902,0.01446541
Original,Original,30.0,0.02769679,0.00052258,0.01886792
Original,Original,30.0,0.02113703,0.00037222,0.01761006
Original,Original,30.0,0.02879009,0.00090535,0.03144654
Original,Original,30.0,0.02733236,0.00037818,0.01383648
Original,Original,30.0,0.02587464,0.00102522,0.03962264
Original,Original,30.0,0.02186589,0.00070136,0.03207547
Original,Original,30.0,0.02587464,0.00029292,0.01132075
Original,Original,30.0,0.02150146,0.00059501,0.02767296
Original,Original,30.0,0.02295918,0.00034655,0.01509434
Original,Original,30.0,0.02733236,0.00073918,0.02704403
Original,Original,30.0,0.0255102,0.00048132,0.01886792
Original,Original,30.0,0.02259475,0.00092368,0.0408805
Original,Original,30.0,0.02915452,0.00088014,0.03018868
Original,Original,30.0,0.02478134,0.00099749,0.04025157
Original,Original,30.0,0.02696793,0.00113638,0.04213836
Original,Original,30.0,0.01931487,0.00036443,0.01886792
Original,Original,30.0,0.02259475,0.00041211,0.01823899
Original,Original,30.0,0.02623907,0.00042907,0.0163522
Original,Original,30.0,0.02405248,0.00057484,0.02389937
Original,Original,30.0,0.02478134,0.00101307,0.0408805
Original,Original,30.0,0.02514577,0.0003163,0.01257862
Original,Original,30.0,0.02441691,0.00098282,0.04025157
Original,Original,30.0,0.02769679,0.00078387,0.02830189
Original,Original,30.0,0.02806122,0.00052946,0.01886792
Original,Original,30.0,0.02696793,0.00074628,0.02767296
Original,Original,30.0,0.02951895,0.0010211,0.03459119
Original,Original,30.0,0.02879009,0.00117695,0.0408805
Original,Original,30.0,0.01822157,0.00063031,0.03459119
Original,Original,30.0,0.02951895,0.00031561,0.01069182
Original,Original,30.0,0.02150146,0.0006491,0.03018868
Original,Original,30.0,0.02879009,0.00059753,0.02075472
Original,Original,30.0,0.02478134,0.0009819,0.03962264
Original,Original,30.0,0.02623907,0.00070961,0.02704403
Original,Original,30.0,0.0255102,0.00027275,0.01069182
Original,Original,30.0,0.0324344,0.00091795,0.02830189
Original,Original,30.0,0.0335277,0.00046391,0.01383648
Original,Original,30.0,0.03024781,0.00064681,0.02138365
Original,Original,30.0,0.02295918,0.00073643,0.03207547
Original,Original,30.0,0.02295918,0.00096746,0.04213836
Original,Original,30.0,0.03607872,0.00061266,0.01698113
Original,Original,30.0,0.02514577,0.00053771,0.02138365
Original,Original,30.0,0.02295918,0.00086638,0.03773585
Original,Original,30.0,0.02623907,0.00037956,0.01446541
Original,Original,30.0,0.02879009,0.00137613,0.04779874
Original,Original,30.0,0.0255102,0.00107496,0.04213836
Original,Original,30.0,0.02587464,0.00107404,0.04150943
Original,Original,30.0,0.02040816,0.00068027,0.03333333
Original,Original,30.0,0.02040816,0.0006546,0.03207547
Original,Original,30.0,0.02478134,0.0004364,0.01761006
Original,Original,30.0,0.02623907,0.00099015,0.03773585
Original,Original,30.0,0.02769679,0.00106258,0.03836478
Original,Original,30.0,0.02368805,0.00034266,0.01446541
Original,Original,30.0,0.02769679,0.00055742,0.02012579
Original,Original,30.0,0.01931487,0.00070457,0.03647799
Original,Original,30.0,0.02040816,0.00017969,0.00880503
Original,Original,30.0,0.02150146,0.00052739,0.0245283
Original,Original,30.0,0.02514577,0.0007433,0.02955975
Original,Original,30.0,0.02113703,0.00049187,0.02327044
Original,Original,30.0,0.02623907,0.00113868,0.04339623
Original,Original,30.0,0.02405248,0.00068073,0.02830189
Original,Original,30.0,0.02150146,0.00079785,0.03710692
Original,Original,30.0,0.01676385,0.00056934,0.03396226
Original,Original,30.0,0.02077259,0.00031355,0.01509434
Original,Original,30.0,0.0255102,0.00081825,0.03207547
Original,Original,30.0,0.02696793,0.00042402,0.01572327
Original,Original,30.0,0.0255102,0.001091,0.0427673
Original,Original,30.0,0.02332362,0.0008508,0.03647799
Original,Original,30.0,0.02113703,0.00065139,0.03081761
Original,Original,30.0,0.02441691,0.00092139,0.03773585
Original,Original,30.0,0.02696793,0.00047491,0.01761006
Original,Original,30.0,0.02332362,0.00090947,0.03899371
Original,Original,30.0,0.02441691,0.00023035,0.00943396
Original,Original,30.0,0.01858601,0.00059615,0.03207547
Original,Original,30.0,0.02587464,0.0009764,0.03773585
Original,Original,30.0,0.02842566,0.00084026,0.02955975
Original,Original,30.0,0.01822157,0.00043548,0.02389937
Original,Original,30.0,0.02988338,0.00095852,0.03207547
Original,Original,30.0,0.02951895,0.00076118,0.02578616
Original,Original,30.0,0.02769679,0.00081871,0.02955975
Original,Original,30.0,0.02769679,0.00047032,0.01698113
Original,Original,30.0,0.02004373,0.00056728,0.02830189
Original,Original,30.0,0.02186589,0.00027504,0.01257862
Original,Original,30.0,0.02368805,0.00071511,0.03018868
Original,Original,30.0,0.02259475,0.00079579,0.03522013
Original,Original,30.0,0.02332362,0.0008508,0.03647799
Original,Original,30.0,0.02405248,0.00030255,0.01257862
Original,Original,30.0,0.0255102,0.0005455,0.02138365
Original,Original,30.0,0.02951895,0.00098397,0.03333333
Original,Original,30.0,0.02623907,0.00105616,0.04025157
Original,Original,30.0,0.02368805,0.00058103,0.0245283
Original,Original,30.0,0.02478134,0.00038964,0.01572327
Original,Original,30.0,0.0255102,0.00073803,0.02893082
Original,Original,30.0,0.02368805,0.00104287,0.04402516
Original,Original,30.0,0.02587464,0.00117168,0.04528302
Original,Original,30.0,0.02368805,0.00087899,0.03710692
Original,Original,30.0,0.02514577,0.00107542,0.0427673
Original,Original,30.0,0.02696793,0.00076324,0.02830189
Original,Original,30.0,0.02733236,0.00097984,0.03584906
Original,Original,30.0,0.02587464,0.0009764,0.03773585
Original,Original,30.0,0.02405248,0.00063535,0.02641509
Original,Original,30.0,0.02150146,0.00045978,0.02138365
Original,Original,30.0,0.01931487,0.00049806,0.02578616
Original,Original,30.0,0.02623907,0.00029705,0.01132075
Original,Original,30.0,0.02879009,0.0010321,0.03584906
Original,Original,30.0,0.02150146,0.00056796,0.02641509
Original,Original,30.0,0.02077259,0.00060097,0.02893082
Original,Original,30.0,0.0255102,0.00070594,0.02767296
Original,Original,30.0,0.02150146,0.00063558,0.02955975
Original,Original,30.0,0.02514577,0.00090145,0.03584906
Original,Original,30.0,0.02733236,0.00089389,0.0327044
Original,Original,30.0,0.02113703,0.00041211,0.01949686
Original,Original,30.0,0.02150146,0.00086547,0.04025157
Original,Original,30.0,0.02113703,0.00079762,0.03773585
Original,Original,30.0,0.0255102,0.00059363,0.02327044
Original,Original,30.0,0.02186589,0.00055009,0.02515723
Original,Original,30.0,0.02733236,0.0005157,0.01886792
Original,Original,30.0,0.02259475,0.00065368,0.02893082
Original,Original,30.0,0.02769679,0.00088839,0.03207547
Original,Original,30.0,0.02514577,0.00068004,0.02704403
Original,Original,30.0,0.02514577,0.00072749,0.02893082
Original,Original,30.0,0.0266035,0.00090352,0.03396226
Original,Original,30.0,0.02150146,0.00031103,0.01446541
Original,Original,30.0,0.02915452,0.00097182,0.03333333
Original,Original,30.0,0.03206997,0.00058492,0.01823899
Original,Original,30.0,0.02223032,0.00047537,0.02138365
Original,Original,30.0,0.03279883,0.0013202,0.04025157
Original,Original,30.0,0.02587464,0.00084621,0.0327044
Original,Original,30.0,0.02842566,0.00123357,0.04339623
Original,Original,30.0,0.02879009,0.00099588,0.03459119
Original,Original,30.0,0.02951895,0.0009654,0.0327044
Original,Original,30.0,0.03206997,0.00090764,0.02830189
Original,Original,30.0,0.02623907,0.00115518,0.04402516
Original,Original,30.0,0.02842566,0.00084026,0.02955975
Original,Original,30.0,0.02587464,0.00112286,0.04339623
Original,Original,30.0,0.02915452,0.00058676,0.02012579
Original,Original,30.0,0.02733236,0.00073918,0.02704403
Original,Original,30.0,0.02587464,0.00078112,0.03018868
Original,Original,30.0,0.04409621,0.000832,0.01886792
Original,Original,30.0,0.03097668,0.00155857,0.05031447
Original,Original,30.0,0.0324344,0.00126474,0.03899371
Original,Original,30.0,0.02441691,0.00104425,0.0427673
Original,Original,30.0,0.02332362,0.00088014,0.03773585
Original,Original,30.0,0.02696793,0.00091589,0.03396226
Original,Original,30.0,0.03061224,0.00059684,0.01949686
Original,Original,30.0,0.02842566,0.00069723,0.0245283
Original,Original,30.0,0.02915452,0.00135688,0.04654088
Original,Original,30.0,0.02988338,0.00110888,0.03710692
Original,Original,30.0,0.03024781,0.00108436,0.03584906
Original,Original,30.0,0.03389213,0.00149211,0.04402516
Original,Original,30.0,0.02332362,0.0008508,0.03647799
Original,Original,30.0,0.03534985,0.00117833,0.03333333
Original,Original,30.0,0.02623907,0.00102316,0.03899371
Original,Original,30.0,0.04008746,0.00108413,0.02704403
Original,Original,30.0,0.03097668,0.0003312,0.01069182
Original,Original,30.0,0.02223032,0.00081092,0.03647799
Original,Original,30.0,0.02915452,0.00078846,0.02704403
Original,Original,30.0,0.02733236,0.00116893,0.0427673
Original,Original,30.0,0.0324344,0.00046918,0.01446541
Original,Original,30.0,0.02842566,0.00101903,0.03584906
Original,Original,30.0,0.0266035,0.00081986,0.03081761
Original,Original,30.0,0.02332362,0.0008508,0.03647799
Original,Original,30.0,0.02259475,0.00032684,0.01446541
Original,Original,30.0,0.02951895,0.00124388,0.04213836
Original,Original,30.0,0.02951895,0.00094683,0.03207547
Original,Original,30.0,0.02769679,0.00109742,0.03962264
Original,Original,30.0,0.04664723,0.00099749,0.02138365
Original,Original,30.0,0.02879009,0.00048889,0.01698113
Original,Original,30.0,0.02842566,0.00116206,0.0408805
Original,Original,30.0,0.02295918,0.0008375,0.03647799
Original,Original,30.0,0.03534985,0.00162298,0.04591195
Original,Original,30.0,0.02405248,0.00021178,0.00880503
Original,Original,30.0,0.02769679,0.00111484,0.04025157
Original,Original,30.0,0.03607872,0.00047651,0.01320755
Original,Original,30.0,0.02842566,0.00117993,0.04150943
Original,Original,30.0,0.0266035,0.00102064,0.03836478
Original,Original,30.0,0.03644315,0.00055009,0.01509434
Original,Original,30.0,0.02769679,0.00050516,0.01823899
Original,Original,30.0,0.02077259,0.00033968,0.0163522
Original,Original,30.0,0.03425656,0.00040936,0.01194969
Original,Original,30.0,0.02514577,0.00034793,0.01383648
Original,Original,30.0,0.03790087,0.00166859,0.04402516
Original,Original,30.0,0.02769679,0.00081871,0.02955975
Original,Original,30.0,0.03680758,0.00094913,0.02578616
Original,Original,30.0,0.02769679,0.00029613,0.01069182
Original,Original,30.0,0.04701166,0.00141922,0.03018868
Original,Original,30.0,0.02587464,0.0004882,0.01886792
Original,Original,30.0,0.03462099,0.00030484,0.00880503
Original,Original,30.0,0.03790087,0.00150173,0.03962264
Original,Original,30.0,0.02915452,0.00135688,0.04654088
Original,Original,30.0,0.03571429,0.00139263,0.03899371
Original,Original,30.0,0.0404519,0.00109398,0.02704403
Original,Original,30.0,0.02951895,0.00033418,0.01132075
Original,Original,30.0,0.02696793,0.00106854,0.03962264
Original,Original,30.0,0.02915452,0.00139355,0.04779874
Original,Original,30.0,0.02988338,0.00026312,0.00880503
Original,Original,30.0,0.0324344,0.00140753,0.04339623
Original,Original,30.0,0.04300292,0.00086547,0.02012579
Original,Original,30.0,0.02988338,0.00101491,0.03396226
Original,Original,30.0,0.03389213,0.00115105,0.03396226
Original,Original,30.0,0.02623907,0.00049508,0.01886792
Original,Original,30.0,0.03462099,0.00102339,0.02955975
Original,Original,30.0,0.03097668,0.00118841,0.03836478
Original,Original,30.0,0.03097668,0.00155857,0.05031447
Original,Original,30.0,0.0335277,0.00052717,0.01572327
Original,Original,30.0,0.03170554,0.00047857,0.01509434
Original,Original,30.0,0.03279883,0.00068073,0.02075472
Original,Original,30.0,0.02259475,0.00082421,0.03647799
Original,Original,30.0,0.02733236,0.00042975,0.01572327
Original,Original,30.0,0.03571429,0.00161725,0.04528302
Original,Original,30.0,0.03462099,0.00080565,0.02327044
Original,Original,30.0,0.02623907,0.00099015,0.03773585
Original,Original,30.0,0.03097668,0.00085722,0.02767296
Original,Original,30.0,0.02951895,0.00135527,0.04591195
Original,Original,30.0,0.0324344,0.00134633,0.04150943
Original,Original,30.0,0.04774052,0.00075064,0.01572327
Original,Original,30.0,0.02769679,0.00081871,0.02955975
Original,Original,30.0,0.02879009,0.00057942,0.02012579
Original,Original,30.0,0.02806122,0.00109421,0.03899371
Original,Original,30.0,0.02806122,0.00042357,0.01509434
Original,Original,30.0,0.0335277,0.00101216,0.03018868
Original,Original,30.0,0.02951895,0.00137384,0.04654088
Original,Original,30.0,0.03134111,0.00124182,0.03962264
Original,Original,30.0,0.02842566,0.00132296,0.04654088
Original,Original,30.0,0.02733236,0.00067042,0.0245283
Original,Original,30.0,0.03024781,0.00077998,0.02578616
Original,Original,30.0,0.02915452,0.0006601,0.02264151
Original,Original,30.0,0.02988338,0.00045107,0.01509434
Original,Original,30.0,0.03206997,0.00092781,0.02893082
Original,Original,30.0,0.02223032,0.00069907,0.03144654
Original,Original,30.0,0.03607872,0.00040844,0.01132075
Original,Original,30.0,0.02623907,0.00031355,0.01194969
Original,Original,30.0,0.03753644,0.00146369,0.03899371
Original,Original,30.0,0.02842566,0.00150173,0.05283019
Original,Original,30.0,0.02842566,0.00044694,0.01572327
Original,Original,30.0,0.02332362,0.0001907,0.0081761
Original,Original,30.0,0.02951895,0.00040844,0.01383648
Original,Original,30.0,0.02879009,0.00061564,0.02138365
Original,Original,30.0,0.0324344,0.00144833,0.04465409
Original,Original,30.0,0.02332362,0.00092414,0.03962264
Original,Original,30.0,0.02733236,0.00065323,0.02389937
Original,Original,30.0,0.02733236,0.00110017,0.04025157
Original,Original,30.0,0.03462099,0.00078387,0.02264151
Original,Original,30.0,0.04081633,0.00118085,0.02893082
Original,Original,30.0,0.02915452,0.00130187,0.04465409
Original,Original,30.0,0.02733236,0.00079075,0.02893082
Original,Original,30.0,0.03389213,0.00085263,0.02515723
Original,Original,30.0,0.02879009,0.00086913,0.03018868
Original,Original,30.0,0.02405248,0.00030255,0.01257862
Original,Original,30.0,0.04190962,0.00108069,0.02578616
Original,Original,30.0,0.02806122,0.00031767,0.01132075
Original,Original,30.0,0.0266035,0.00123815,0.04654088
Original,Original,30.0,0.02988338,0.00041348,0.01383648
Original,Original,30.0,0.03462099,0.00148065,0.0427673
Original,Original,30.0,0.04081633,0.00195097,0.04779874
Original,Original,30.0,0.02988338,0.00122165,0.0408805
Original,Original,30.0,0.02769679,0.00097548,0.03522013
Original,Original,30.0,0.02113703,0.00018611,0.00880503
Original,Original,30.0,0.03206997,0.00076645,0.02389937
Original,Original,30.0,0.02623907,0.00080863,0.03081761
Original,Original,30.0,0.02915452,0.00069677,0.02389937
Original,Original,30.0,0.03206997,0.00133121,0.04150943
Original,Original,30.0,0.02368805,0.00022347,0.00943396
Original,Original,30.0,0.03862974,0.00077745,0.02012579
Original,Original,30.0,0.02988338,0.00114647,0.03836478
Original,Original,30.0,0.02842566,0.00126932,0.04465409
Original,Original,30.0,0.03024781,0.00135069,0.04465409
Original,Original,30.0,0.03024781,0.00083705,0.02767296
Original,Original,30.0,0.02223032,0.00083888,0.03773585
Original,Original,30.0,0.02915452,0.00047674,0.0163522
Original,Original,30.0,0.03170554,0.0008375,0.02641509
Original,Original,30.0,0.04190962,0.0006326,0.01509434
Original,Original,30.0,0.02915452,0.00117352,0.04025157
Original,Original,30.0,0.02514577,0.00112286,0.04465409
Original,Original,30.0,0.02733236,0.00030942,0.01132075
Original,Original,30.0,0.03571429,0.0015274,0.0427673
Original,Original,30.0,0.02259475,0.00018474,0.0081761
Original,Original,30.0,0.02842566,0.00023241,0.0081761
Original,Original,30.0,0.02478134,0.00034289,0.01383648
Original,Original,30.0,0.03607872,0.00104379,0.02893082
Original,Original,30.0,0.02259475,0.00083842,0.03710692
Original,Original,30.0,0.02842566,0.00103691,0.03647799
Original,Original,30.0,0.02951895,0.0005384,0.01823899
Original,Original,30.0,0.03061224,0.00142472,0.04654088
Original,Original,30.0,0.02806122,0.00037062,0.01320755
Original,Original,30.0,0.03061224,0.00142472,0.04654088
Original,Original,30.0,0.02769679,0.00036581,0.01320755
Original,Original,30.0,0.02988338,0.00028192,0.00943396
Original,Original,30.0,0.03826531,0.00120331,0.03144654
Original,Original,30.0,0.03024781,0.00106533,0.03522013
Original,Original,30.0,0.02879009,0.000507,0.01761006
Original,Original,30.0,0.03826531,0.00060166,0.01572327
Original,Original,30.0,0.02842566,0.00042907,0.01509434
Original,Original,30.0,0.02951895,0.00057553,0.01949686
Original,Original,30.0,0.03425656,0.00187442,0.05471698
Original,Original,30.0,0.0255102,0.0005455,0.02138365
Original,Original,30.0,0.02879009,0.00112263,0.03899371
Original,Original,30.0,0.03316327,0.0008343,0.02515723
Original,Original,30.0,0.02514577,0.00039537,0.01572327
Original,Original,30.0,0.03279883,0.0013202,0.04025157
Original,Original,30.0,0.02405248,0.00054458,0.02264151
Original,Original,30.0,0.02806122,0.00030003,0.01069182
Original,Original,30.0,0.02623907,0.00107267,0.0408805
Original,Original,30.0,0.02514577,0.00093308,0.03710692
Original,Original,30.0,0.0335277,0.0010965,0.0327044
Original,Original,30.0,0.02915452,0.00110017,0.03773585
Original,Original,30.0,0.02806122,0.00098832,0.03522013
Original,Original,30.0,0.03279883,0.00078387,0.02389937
Original,Original,30.0,0.03790087,0.00040523,0.01069182
Original,Original,30.0,0.02733236,0.00077356,0.02830189
Original,Original,30.0,0.03279883,0.00090764,0.02767296
Original,Original,30.0,0.02186589,0.00022003,0.01006289
Original,Original,30.0,0.02769679,0.00123678,0.04465409
Original,Original,30.0,0.02988338,0.00093973,0.03144654
Original,Original,30.0,0.02951895,0.0009097,0.03081761
Original,Original,30.0,0.03134111,0.0006899,0.02201258
Original,Original,30.0,0.02806122,0.00100597,0.03584906
Original,Original,30.0,0.03134111,0.00098557,0.03144654
Original,Original,30.0,0.02332362,0.00067477,0.02893082
Original,Original,30.0,0.02150146,0.00045978,0.02138365
Original,Original,30.0,0.0335277,0.00088564,0.02641509
Original,Original,30.0,0.02951895,0.00107679,0.03647799
Original,Original,30.0,0.02988338,0.00084576,0.02830189
Original,Original,30.0,0.02368805,0.0008194,0.03459119
Original,Original,30.0,0.03571429,0.00159479,0.04465409
Original,Original,30.0,0.0255102,0.00091452,0.03584906
Original,Original,30.0,0.02879009,0.00048889,0.01698113
Original,Original,30.0,0.02879009,0.00121317,0.04213836
Original,Original,30.0,0.02879009,0.0010321,0.03584906
Original,Original,30.0,0.02368805,0.0008343,0.03522013
Original,Original,30.0,0.03024781,0.000799,0.02641509
Original,Original,30.0,0.02733236,0.00046413,0.01698113
Original,Original,30.0,0.03170554,0.00065804,0.02075472
Original,Original,30.0,0.02478134,0.00051433,0.02075472
Original,Original,30.0,0.03097668,0.00060395,0.01949686
Original,Original,30.0,0.02769679,0.00113226,0.0408805
Original,Original,30.0,0.02259475,0.00041211,0.01823899
Original,Original,30.0,0.02405248,0.00071099,0.02955975
Original,Original,30.0,0.02478134,0.00074812,0.03018868
Original,Original,30.0,0.02842566,0.00033968,0.01194969
Original,Original,30.0,0.02733236,0.00084232,0.03081761
Original,Original,30.0,0.02441691,0.00032249,0.01320755
Original,Original,30.0,0.02587464,0.00102522,0.03962264
Original,Original,30.0,0.02806122,0.00121775,0.04339623
Original,Original,30.0,0.03024781,0.00100826,0.03333333
Original,Original,30.0,0.0266035,0.00117122,0.04402516
Original,Original,30.0,0.02915452,0.00042173,0.01446541
Original,Original,30.0,0.02696793,0.0003053,0.01132075
Original,Original,30.0,0.02478134,0.00023379,0.00943396
Original,Original,30.0,0.02696793,0.00105158,0.03899371
Original,Original,30.0,0.02113703,0.00039881,0.01886792
Original,Original,30.0,0.03170554,0.00089733,0.02830189
Original,Original,30.0,0.02806122,0.00077654,0.02767296
Original,Original,30.0,0.02806122,0.00105891,0.03773585
Original,Original,30.0,0.02113703,0.00069127,0.0327044
Original,Original,30.0,0.03607872,0.00090764,0.02515723
Original,Original,30.0,0.02915452,0.00104516,0.03584906
Original,Original,30.0,0.03061224,0.00038506,0.01257862
Original,Original,30.0,0.02441691,0.00075247,0.03081761
Original,Original,30.0,0.02842566,0.00076874,0.02704403
Original,Original,30.0,0.02806122,0.0012354,0.04402516
Original,Original,30.0,0.02879009,0.00054321,0.01886792
Original,Original,30.0,0.02879009,0.00144856,0.05031447
Original,Original,30.0,0.02988338,0.00131562,0.04402516
Original,Original,30.0,0.0335277,0.00069586,0.02075472
Original,Original,30.0,0.02951895,0.00077975,0.02641509
Original,Original,30.0,0.02587464,0.00087876,0.03396226
Original,Original,30.0,0.02587464,0.00078112,0.03018868
Original,Original,30.0,0.02150146,0.00083842,0.03899371
Original,Original,30.0,0.02259475,0.00085263,0.03773585
Original,Original,30.0,0.02915452,0.0015219,0.05220126
Original,Original,30.0,0.03206997,0.00131104,0.0408805
Original,Original,30.0,0.0266035,0.00112103,0.04213836
Original,Original,30.0,0.02696793,0.00033922,0.01257862
Original,Original,30.0,0.03170554,0.00115655,0.03647799
Original,Original,30.0,0.02150146,0.00067615,0.03144654
Original,Original,30.0,0.02879009,0.00143045,0.04968553
Original,Original,30.0,0.02915452,0.0006601,0.02264151
Original,Original,30.0,0.02150146,0.00020284,0.00943396
Original,Original,30.0,0.02733236,0.0005329,0.01949686
Original,Original,30.0,0.02988338,0.00046986,0.01572327
Original,Original,30.0,0.02587464,0.00040683,0.01572327
Original,Original,30.0,0.02077259,0.00075774,0.03647799
Original,Original,30.0,0.02696793,0.00125511,0.04654088
Original,Original,30.0,0.02040816,0.00033372,0.0163522
Original,Original,30.0,0.02806122,0.00109421,0.03899371
Original,Original,30.0,0.02733236,0.00036099,0.01320755
Original,Original,30.0,0.03024781,0.00095119,0.03144654
Original,Original,30.0,0.02879009,0.00135802,0.04716981
Original,Original,30.0,0.02769679,0.00055742,0.02012579
Original,Original,30.0,0.03024781,0.00144581,0.04779874
Original,Original,30.0,0.02696793,0.00128903,0.04779874
Original,Original,30.0,0.02113703,0.00051846,0.0245283
Original,Original,30.0,0.03134111,0.00055192,0.01761006
Original,Original,30.0,0.03024781,0.00131264,0.04339623
Original,Original,30.0,0.0255102,0.00091452,0.03584906
Original,Original,30.0,0.02842566,0.00109054,0.03836478
Original,Original,30.0,0.02113703,0.00026587,0.01257862
Original,Original,30.0,0.02368805,0.0008343,0.03522013
Original,Original,30.0,0.03024781,0.00070388,0.02327044
Original,Original,30.0,0.02077259,0.00071855,0.03459119
Original,Original,30.0,0.02842566,0.0003218,0.01132075
Original,Original,30.0,0.0266035,0.0003681,0.01383648
Original,Original,30.0,0.02806122,0.000653,0.02327044
Original,Original,30.0,0.02733236,0.00042975,0.01572327
Original,Original,30.0,0.02478134,0.00057667,0.02327044
Original,Original,30.0,0.02696793,0.00032226,0.01194969
Original,Original,30.0,0.02514577,0.00110705,0.04402516
Original,Original,30.0,0.02587464,0.00115541,0.04465409
Original,Original,30.0,0.02405248,0.00052946,0.02201258
Original,Original,30.0,0.02623907,0.00051158,0.01949686
Original,Original,30.0,0.02259475,0.00058263,0.02578616
Original,Original,30.0,0.02806122,0.0006177,0.02201258
Original,Original,30.0,0.03316327,0.00058401,0.01761006
Original,Original,30.0,0.02769679,0.00114968,0.04150943
Original,Original,30.0,0.03134111,0.00061105,0.01949686
Original,Original,30.0,0.02879009,0.00137613,0.04779874
Original,Original,30.0,0.02405248,0.00098328,0.0408805
Original,Original,30.0,0.02150146,0.00033807,0.01572327
Original,Original,30.0,0.02842566,0.00141234,0.04968553
Original,Original,30.0,0.03061224,0.00134771,0.04402516
Original,Original,30.0,0.02259475,0.00083842,0.03710692
Original,Original,30.0,0.03097668,0.00126634,0.0408805
Original,Original,30.0,0.02806122,0.00051181,0.01823899
Original,Original,30.0,0.02040816,0.00048774,0.02389937
Original,Original,30.0,0.03061224,0.00132846,0.04339623
Original,Original,30.0,0.03206997,0.00072611,0.02264151
Original,Original,30.0,0.03134111,0.00070961,0.02264151
Original,Original,30.0,0.02150146,0.00085194,0.03962264
Original,Original,30.0,0.02368805,0.00068531,0.02893082
Original,Original,30.0,0.02915452,0.00038506,0.01320755
Original,Original,30.0,0.03061224,0.00119369,0.03899371
Original,Original,30.0,0.03061224,0.00146323,0.04779874
Original,Original,30.0,0.02478134,0.00091956,0.03710692
Original,Original,30.0,0.02842566,0.00132296,0.04654088
Original,Original,30.0,0.02769679,0.00073161,0.02641509
Original,Original,30.0,0.0266035,0.00028444,0.01069182
Original,Original,30.0,0.02842566,0.00084026,0.02955975
Original,Original,30.0,0.02368805,0.00070021,0.02955975
Original,Original,30.0,0.02514577,0.00055352,0.02201258
Original,Original,30.0,0.02951895,0.00040844,0.01383648
Original,Original,30.0,0.02769679,0.00040065,0.01446541
Original,Original,30.0,0.02951895,0.00146666,0.04968553
Original,Original,30.0,0.02368805,0.00096838,0.0408805
Original,Original,30.0,0.03061224,0.00138621,0.04528302
Original,Original,30.0,0.02915452,0.0012652,0.04339623
Original,Original,30.0,0.02842566,0.00082238,0.02893082
Original,Original,30.0,0.02113703,0.00075774,0.03584906
Original,Original,30.0,0.02733236,0.0005157,0.01886792
Original,Original,30.0,0.02696793,0.00055971,0.02075472
Original,Original,30.0,0.02769679,0.0009929,0.03584906
Original,Original,30.0,0.02733236,0.00123769,0.04528302
Original,Original,30.0,0.02696793,0.00076324,0.02830189
Original,Original,30.0,0.0266035,0.00060234,0.02264151
Original,Original,30.0,0.0255102,0.00062572,0.0245283
Original,Original,30.0,0.03206997,0.00046391,0.01446541
Original,Original,30.0,0.02769679,0.00080129,0.02893082
Original,Original,30.0,0.03061224,0.00115518,0.03773585
Original,Original,30.0,0.02514577,0.00079075,0.03144654
Original,Original,30.0,0.02915452,0.00051341,0.01761006
Original,Original,30.0,0.02368805,0.00101307,0.0427673
Original,Original,30.0,0.03134111,0.00092644,0.02955975
Original,Original,30.0,0.03061224,0.0009819,0.03207547
Original,Original,30.0,0.02259475,0.00081,0.03584906
Original,Original,30.0,0.02915452,0.00135688,0.04654088
Original,Original,30.0,0.03134111,0.00110384,0.03522013
Original,Original,30.0,0.03571429,0.00038185,0.01069182
Original,Original,30.0,0.02514577,0.00053771,0.02138365
Original,Original,30.0,0.03061224,0.00125144,0.0408805
Original,Original,30.0,0.02951895,0.00141097,0.04779874
Original,Original,30.0,0.02514577,0.00086982,0.03459119
Original,Original,30.0,0.03170554,0.00135596,0.0427673
Original,Original,30.0,0.0255102,0.00113913,0.04465409
Original,Original,30.0,0.03790087,0.0006436,0.01698113
Original,Original,30.0,0.02769679,0.00127161,0.04591195
Original,Original,30.0,0.02769679,0.0015329,0.05534591
Original,Original,30.0,0.02368805,0.00099818,0.04213836
Original,Original,30.0,0.03170554,0.00045863,0.01446541
Original,Original,30.0,0.02733236,0.00085951,0.03144654
Original,Original,30.0,0.03498542,0.00112217,0.03207547
Original,Original,30.0,0.02733236,0.00092827,0.03396226
Original,Original,30.0,0.02842566,0.00116206,0.0408805
Original,Original,30.0,0.03024781,0.00091314,0.03018868
Original,Original,30.0,0.02806122,0.00051181,0.01823899
Original,Original,30.0,0.02259475,0.00096632,0.0427673
Original,Original,30.0,0.03389213,0.00066079,0.01949686
Original,Original,30.0,0.03061224,0.00050058,0.0163522
Original,Original,30.0,0.02587464,0.00061839,0.02389937
Original,Original,30.0,0.03571429,0.00107817,0.03018868
Original,Original,30.0,0.02623907,0.00049508,0.01886792
Original,Original,30.0,0.02696793,0.00115335,0.0427673
Original,Original,30.0,0.02915452,0.00104516,0.03584906
Original,Original,30.0,0.04118076,0.0006734,0.0163522
Original,Original,30.0,0.02696793,0.00111942,0.04150943
Original,Original,30.0,0.02951895,0.00109536,0.03710692
Original,Original,30.0,0.02951895,0.00154093,0.05220126
Original,Original,30.0,0.0255102,0.00107496,0.04213836
Original,Original,30.0,0.02623907,0.00074262,0.02830189
Original,Original,30.0,0.03498542,0.00110017,0.03144654
Original,Original,30.0,0.0335277,0.00042173,0.01257862
Original,Original,30.0,0.02696793,0.00106854,0.03962264
Original,Original,30.0,0.02915452,0.00148523,0.0509434
Original,Original,30.0,0.02879009,0.00061564,0.02138365
Original,Original,30.0,0.02623907,0.00118818,0.04528302
Original,Original,30.0,0.02733236,0.00056728,0.02075472
Original,Original,30.0,0.0196793,0.00069311,0.03522013
Original,Original,30.0,0.02988338,0.0006766,0.02264151
Original,Original,30.0,0.02733236,0.00137521,0.05031447
Original,Original,30.0,0.03061224,0.00136696,0.04465409
Original,Original,30.0,0.02915452,0.00064177,0.02201258
Original,Original,30.0,0.02113703,0.0002127,0.01006289
Original,Original,30.0,0.03134111,0.00145864,0.04654088
Original,Original,30.0,0.02842566,0.0012872,0.04528302
Original,Original,30.0,0.02806122,0.00121775,0.04339623
Original,Original,30.0,0.02879009,0.00146666,0.0509434
Original,Original,30.0,0.02186589,0.00079762,0.03647799
Original,Original,30.0,0.02441691,0.00064497,0.02641509
Original,Original,30.0,0.02295918,0.00047651,0.02075472
Original,Original,30.0,0.02842566,0.00110842,0.03899371
Original,Original,30.0,0.03389213,0.00125763,0.03710692
Original,Original,30.0,0.02842566,0.00039331,0.01383648
Original,Original,30.0,0.02733236,0.00036099,0.01320755
Original,Original,30.0,0.02040816,0.00057759,0.02830189
Original,Original,30.0,0.02587464,0.00100895,0.03899371
Original,Original,30.0,0.02441691,0.00110567,0.04528302
Original,Original,30.0,0.0266035,0.00122142,0.04591195
Original,Original,30.0,0.02915452,0.00130187,0.04465409
Original,Original,30.0,0.03097668,0.00044809,0.01446541
Original,Original,30.0,0.03061224,0.00078937,0.02578616
Original,Original,30.0,0.02842566,0.00132296,0.04654088
Original,Original,30.0,0.02733236,0.00120331,0.04402516
Original,Original,30.0,0.02478134,0.00115335,0.04654088
Original,Original,30.0,0.03024781,0.00041852,0.01383648
Original,Original,30.0,0.02733236,0.00128926,0.04716981
Original,Original,30.0,0.02696793,0.00093285,0.03459119
Original,Original,30.0,0.02186589,0.00092139,0.04213836
Original,Original,30.0,0.02514577,0.00025304,0.01006289
Original,Original,30.0,0.0266035,0.00070273,0.02641509
Original,Original,30.0,0.02259475,0.00072474,0.03207547
Original,Original,30.0,0.03571429,0.00040431,0.01132075
Original,Original,30.0,0.02696793,0.00057667,0.02138365
Original,Original,30.0,0.02842566,0.00105479,0.03710692
Original,Original,30.0,0.0266035,0.00041829,0.01572327
Original,Original,30.0,0.02915452,0.00128353,0.04402516
Original,Original,30.0,0.02405248,0.00028742,0.01194969
Original,Original,30.0,0.02842566,0.00044694,0.01572327
Original,Original,30.0,0.02988338,0.00133442,0.04465409
Original,Original,30.0,0.02623907,0.00049508,0.01886792
Original,Original,30.0,0.03170554,0.00049851,0.01572327
Original,Original,30.0,0.02733236,0.00039537,0.01446541
Original,Original,30.0,0.03024781,0.00097021,0.03207547
Original,Original,30.0,0.02879009,0.00101399,0.03522013
Original,Original,30.0,0.02733236,0.00068761,0.02515723
Original,Original,30.0,0.02951895,0.0005384,0.01823899
Original,Original,30.0,0.02696793,0.0003901,0.01446541
Original,Original,30.0,0.02150146,0.00087899,0.0408805
Original,Original,30.0,0.02077259,0.00066629,0.03207547
Original,Original,30.0,0.02733236,0.0003438,0.01257862
Original,Original,30.0,0.02988338,0.00073299,0.0245283
Original,Original,30.0,0.02514577,0.00071167,0.02830189
Original,Original,30.0,0.03024781,0.00100826,0.03333333
Original,Original,30.0,0.02368805,0.00098328,0.04150943
Original,Original,30.0,0.02733236,0.00120331,0.04402516
Original,Original,30.0,0.02295918,0.00060647,0.02641509
Original,Original,30.0,0.03024781,0.00057071,0.01886792
Original,Original,30.0,0.02769679,0.00108,0.03899371
Original,Original,30.0,0.02879009,0.00114074,0.03962264
Original,Original,30.0,0.02696793,0.00120423,0.04465409
Original,Original,30.0,0.0255102,0.00060968,0.02389937
Original,Original,30.0,0.02806122,0.00056475,0.02012579
Original,Original,30.0,0.02842566,0.00121569,0.0427673
Original,Original,30.0,0.02478134,0.0006546,0.02641509
Original,Original,30.0,0.02696793,0.00076324,0.02830189
Original,Original,30.0,0.02441691,0.00072176,0.02955975
Original,Original,30.0,0.03316327,0.00079258,0.02389937
Original,Original,30.0,0.02696793,0.00111942,0.04150943
Original,Original,30.0,0.02295918,0.00069311,0.03018868
Original,Original,30.0,0.03097668,0.00112997,0.03647799
Original,Original,30.0,0.02769679,0.00074903,0.02704403
Original,Original,30.0,0.02623907,0.00029705,0.01132075
Original,Original,30.0,0.03170554,0.00043869,0.01383648
Original,Original,30.0,0.02441691,0.00102889,0.04213836
Original,Original,30.0,0.03134111,0.00112355,0.03584906
Original,Original,30.0,0.03097668,0.0008767,0.02830189
Original,Original,30.0,0.02623907,0.00039606,0.01509434
Original,Original,30.0,0.02077259,0.00052258,0.02515723
Original,Original,30.0,0.02988338,0.00071419,0.02389937
Original,Original,30.0,0.02806122,0.00070594,0.02515723
Original,Original,30.0,0.0324344,0.00114234,0.03522013
Original,Original,30.0,0.02441691,0.00069104,0.02830189
Original,Original,30.0,0.02295918,0.00096746,0.04213836
Original,Original,30.0,0.02842566,0.00046482,0.0163522
Original,Original,30.0,0.03425656,0.00075408,0.02201258
Original,Original,30.0,0.02259475,0.00025579,0.01132075
Original,Original,30.0,0.02988338,0.00110888,0.03710692
Original,Original,30.0,0.02441691,0.00087532,0.03584906
Original,Original,30.0,0.02623907,0.00077562,0.02955975
Original,Original,30.0,0.02478134,0.00095073,0.03836478
Original,Original,30.0,0.02623907,0.00103966,0.03962264
Original,Original,30.0,0.02514577,0.00049026,0.01949686
Original,Original,30.0,0.03024781,0.00081802,0.02704403
Original,Original,30.0,0.02842566,0.0004827,0.01698113
Original,Original,30.0,0.02368805,0.00068531,0.02893082
Original,Original,30.0,0.02405248,0.00069586,0.02893082
Original,Original,30.0,0.02769679,0.00080129,0.02893082
Original,Original,30.0,0.03170554,0.00077768,0.0245283
Original,Original,30.0,0.02405248,0.00069586,0.02893082
Original,Original,30.0,0.02806122,0.00109421,0.03899371
Original,Original,30.0,0.03462099,0.00119758,0.03459119
Original,Original,30.0,0.02806122,0.00044121,0.01572327
Original,Original,30.0,0.02150146,0.00081138,0.03773585
Original,Original,30.0,0.02113703,0.00071786,0.03396226
Original,Original,30.0,0.02623907,0.00057759,0.02201258
Original,Original,30.0,0.02696793,0.00096677,0.03584906
Original,Original,30.0,0.02806122,0.00026473,0.00943396
Original,Original,30.0,0.02915452,0.0012652,0.04339623
Original,Original,30.0,0.02696793,0.00117031,0.04339623
Original,Original,30.0,0.02842566,0.00082238,0.02893082
Original,Original,30.0,0.02879009,0.00057942,0.02012579
Original,Original,30.0,0.0266035,0.00128835,0.04842767
Original,Original,30.0,0.03097668,0.00136375,0.04402516
Original,Original,30.0,0.03206997,0.00046391,0.01446541
Original,Original,30.0,0.02806122,0.00077654,0.02767296
Original,Original,30.0,0.02733236,0.00030942,0.01132075
Original,Original,30.0,0.03134111,0.00067019,0.02138365
Original,Original,30.0,0.02478134,0.00082604,0.03333333
Original,Original,30.0,0.02478134,0.00024937,0.01006289
Original,Original,30.0,0.02405248,0.00052946,0.02201258
Original,Original,30.0,0.02915452,0.00146689,0.05031447
Original,Original,30.0,0.02879009,0.0010502,0.03647799
Original,Original,30.0,0.02623907,0.00079212,0.03018868
Original,Original,30.0,0.02769679,0.00054,0.01949686
Original,Original,30.0,0.02842566,0.00089389,0.03144654
Original,Original,30.0,0.0266035,0.00123815,0.04654088
Original,Original,30.0,0.02405248,0.000832,0.03459119
Original,Original,30.0,0.02587464,0.00102522,0.03962264
Original,Original,30.0,0.02332362,0.00086547,0.03710692
Original,Original,30.0,0.0335277,0.00088564,0.02641509
Original,Original,30.0,0.02769679,0.00135871,0.0490566
Original,Original,30.0,0.02733236,0.00065323,0.02389937
Original,Original,30.0,0.0255102,0.00093056,0.03647799
Original,Original,30.0,0.02077259,0.00066629,0.03207547
Original,Original,30.0,0.02733236,0.0012205,0.04465409
Original,Original,30.0,0.02405248,0.00074124,0.03081761
Original,Original,30.0,0.02879009,0.00146666,0.0509434
Original,Original,30.0,0.03170554,0.00075774,0.02389937
Original,Original,30.0,0.0266035,0.00070273,0.02641509
Original,Original,30.0,0.02842566,0.00076874,0.02704403
Original,Original,30.0,0.03462099,0.00150242,0.04339623
Original,Original,30.0,0.02514577,0.00034793,0.01383648
Original,Original,30.0,0.02733236,0.00068761,0.02515723
Original,Original,30.0,0.02259475,0.00086684,0.03836478
Original,Original,30.0,0.02988338,0.00056384,0.01886792
Original,Original,30.0,0.0266035,0.00087005,0.0327044
Original,Original,30.0,0.02879009,0.0005251,0.01823899
Original,Original,30.0,0.03389213,0.00106579,0.03144654
Original,Original,30.0,0.02623907,0.00100666,0.03836478
Original,Original,30.0,0.02623907,0.00079212,0.03018868
Original,Original,30.0,0.03607872,0.00104379,0.02893082
Original,Original,30.0,0.03024781,0.00041852,0.01383648
Original,Original,30.0,0.0324344,0.00050997,0.01572327
Original,Original,30.0,0.02769679,0.00135871,0.0490566
Original,Original,30.0,0.02915452,0.00084346,0.02893082
Original,Original,30.0,0.02879009,0.00132181,0.04591195
Original,Original,30.0,0.02077259,0.00075774,0.03647799
Original,Original,30.0,0.02951895,0.00046413,0.01572327
Original,Original,30.0,0.02879009,0.00112263,0.03899371
Original,Original,30.0,0.02769679,0.00095807,0.03459119
Original,Original,30.0,0.02951895,0.00142953,0.04842767
Original,Original,30.0,0.02295918,0.00057759,0.02515723
Original,Original,30.0,0.02478134,0.00091956,0.03710692
Original,Original,30.0,0.02769679,0.00142839,0.05157233
Original,Original,30.0,0.02988338,0.00109009,0.03647799
Original,Original,30.0,0.03316327,0.00050058,0.01509434
Original,Original,30.0,0.02769679,0.00057484,0.02075472
Original,Original,30.0,0.02733236,0.00128926,0.04716981
Original,Original,30.0,0.02623907,0.00056109,0.02138365
Original,Original,30.0,0.02951895,0.00129958,0.04402516
Original,Original,30.0,0.02405248,0.00081688,0.03396226
Original,Original,30.0,0.03134111,0.00177402,0.05660377
Original,Original,30.0,0.02806122,0.00067065,0.02389937
Original,Original,30.0,0.02332362,0.00092414,0.03962264
Original,Original,30.0,0.02295918,0.00064979,0.02830189
Original,Original,30.0,0.02150146,0.00031103,0.01446541
Original,Original,30.0,0.02223032,0.00086684,0.03899371
Original,Original,30.0,0.02951895,0.0009654,0.0327044
Original,Original,30.0,0.02915452,0.0012652,0.04339623
Original,Original,30.0,0.02915452,0.00091681,0.03144654
Original,Original,30.0,0.02769679,0.00060968,0.02201258
Original,Original,30.0,0.02915452,0.0013202,0.04528302
Original,Original,30.0,0.03206997,0.0008673,0.02704403
Original,Original,30.0,0.02113703,0.00023929,0.01132075
Original,Original,30.0,0.02405248,0.00052946,0.02201258
Original,Original,30.0,0.0266035,0.00107083,0.04025157
Original,Original,30.0,0.02368805,0.00071511,0.03018868
Original,Original,30.0,0.02259475,0.00085263,0.03773585
Original,Original,30.0,0.02514577,0.00121775,0.04842767
Original,Original,30.0,0.02769679,0.00083613,0.03018868
Original,Original,30.0,0.02295918,0.00079419,0.03459119
Original,Original,30.0,0.02623907,0.00074262,0.02830189
Original,Original,30.0,0.02842566,0.00089389,0.03144654
Original,Original,30.0,0.02806122,0.000653,0.02327044
Original,Original,30.0,0.02368805,0.00092368,0.03899371
Original,Original,30.0,0.0266035,0.00080312,0.03018868
Original,Original,30.0,0.02806122,0.00088243,0.03144654
Original,Original,30.0,0.02514577,0.00102797,0.0408805
Original,Original,30.0,0.02733236,0.00084232,0.03081761
Original,Original,30.0,0.03097668,0.00126634,0.0408805
Original,Original,30.0,0.02514577,0.0009489,0.03773585
Original,Original,30.0,0.0266035,0.00123815,0.04654088
Original,Original,30.0,0.02623907,0.0006601,0.02515723
Original,Original,30.0,0.0266035,0.00033464,0.01257862
Original,Original,30.0,0.02842566,0.00141234,0.04968553
Original,Original,30.0,0.02295918,0.00079419,0.03459119
Original,Original,30.0,0.0335277,0.0009489,0.02830189
Original,Original,30.0,0.02150146,0.00075728,0.03522013
Original,Original,30.0,0.02623907,0.00117168,0.04465409
Original,Original,30.0,0.02368805,0.00101307,0.0427673
Original,Original,30.0,0.02587464,0.00107404,0.04150943
Original,Original,30.0,0.03061224,0.00102041,0.03333333
Original,Original,30.0,0.02842566,0.0008045,0.02830189
Original,Original,30.0,0.02842566,0.00107267,0.03773585
Original,Original,30.0,0.02988338,0.00133442,0.04465409
Original,Original,30.0,0.0255102,0.00113913,0.04465409
Original,Original,30.0,0.02842566,0.00041119,0.01446541
Original,Original,30.0,0.03425656,0.00084026,0.0245283
Original,Original,30.0,0.02478134,0.00085722,0.03459119
Original,Original,30.0,0.02806122,0.00030003,0.01069182
Original,Original,30.0,0.03024781,0.00034243,0.01132075
Original,Original,30.0,0.03316327,0.00108458,0.0327044
Original,Original,30.0,0.02478134,0.00105983,0.0427673
Original,Original,30.0,0.02405248,0.0009984,0.04150943
Original,Original,30.0,0.03061224,0.001598,0.05220126
Original,Original,30.0,0.02332362,0.00096815,0.04150943
Original,Original,30.0,0.02186589,0.00071511,0.0327044
Original,Original,30.0,0.03206997,0.00064543,0.02012579
Original,Original,30.0,0.02478134,0.00107542,0.04339623
Original,Original,30.0,0.02842566,0.00058997,0.02075472
Original,Original,30.0,0.02150146,0.0008249,0.03836478
Original,Original,30.0,0.03134111,0.0008673,0.02767296
Original,Original,30.0,0.02915452,0.00089847,0.03081761
Original,Original,30.0,0.02988338,0.00039469,0.01320755
Original,Original,30.0,0.02295918,0.00079419,0.03459119
Original,Original,30.0,0.02223032,0.00071305,0.03207547
Original,Original,30.0,0.02478134,0.00042082,0.01698113
Original,Original,30.0,0.03498542,0.00068211,0.01949686
Original,Original,30.0,0.02733236,0.00030942,0.01132075
Original,Original,30.0,0.0266035,0.00070273,0.02641509
Original,Original,30.0,0.02696793,0.00113638,0.04213836
Original,Original,30.0,0.02769679,0.00125419,0.04528302
Original,Original,30.0,0.0266035,0.00102064,0.03836478
Original,Original,30.0,0.02879009,0.00121317,0.04213836
Original,Original,30.0,0.03097668,0.00136375,0.04402516
Original,Original,30.0,0.02769679,0.00111484,0.04025157
Original,Original,30.0,0.02623907,0.00036306,0.01383648
Original,Original,30.0,0.02150146,0.00027046,0.01257862
Original,Original,30.0,0.02405248,0.00072611,0.03018868
Original,Original,30.0,0.02842566,0.00066148,0.02327044
Original,Original,30.0,0.02951895,0.00094683,0.03207547
Original,Original,30.0,0.03753644,0.00075545,0.02012579
Original,Original,30.0,0.02769679,0.00085355,0.03081761
Original,Original,30.0,0.0266035,0.00083659,0.03144654
Original,Original,30.0,0.02842566,0.00084026,0.02955975
Original,Original,30.0,0.02223032,0.00020972,0.00943396
Original,Original,30.0,0.02259475,0.00063947,0.02830189
Original,Original,30.0,0.02806122,0.00070594,0.02515723
Original,Original,30.0,0.02478134,0.001091,0.04402516
Original,Original,30.0,0.02769679,0.00135871,0.0490566
Original,Original,30.0,0.02405248,0.00039331,0.0163522
Original,Original,30.0,0.03097668,0.00064291,0.02075472
Original,Original,30.0,0.02951895,0.00085401,0.02893082
Original,Original,30.0,0.02842566,0.00117993,0.04150943
Original,Original,30.0,0.02696793,0.00123815,0.04591195
Original,Original,30.0,0.02696793,0.00094981,0.03522013
Original,Original,30.0,0.03534985,0.00075591,0.02138365
Original,Original,30.0,0.0266035,0.00048522,0.01823899
Original,Original,30.0,0.02405248,0.00051433,0.02138365
Original,Original,30.0,0.03024781,0.00087509,0.02893082
Original,Original,30.0,0.02879009,0.00133992,0.04654088
Original,Original,30.0,0.02872727,0.0012779,0.04448399
Original,Original,30.0,0.02690909,0.0010055,0.03736655
Original,Original,30.0,0.02545455,0.00055861,0.02194543
Original,Original,30.0,0.02909091,0.00063841,0.02194543
Original,Original,30.0,0.02763636,0.00088515,0.03202847
Original,Original,30.0,0.02909091,0.00070743,0.02431791
Original,Original,30.0,0.02909091,0.0011733,0.04033215
Original,Original,30.0,0.02763636,0.00026227,0.00948992
Original,Original,30.0,0.03454545,0.00053273,0.01542112
Original,Original,30.0,0.02363636,0.00098134,0.04151839
Original,Original,30.0,0.02581818,0.00108724,0.04211151
Original,Original,30.0,0.02654545,0.00092893,0.03499407
Original,Original,30.0,0.02727273,0.00027499,0.01008304
Original,Original,30.0,0.02218182,0.00061835,0.02787663
Original,Original,30.0,0.03018182,0.00064445,0.02135231
Original,Original,30.0,0.03018182,0.00134261,0.04448399
Original,Original,30.0,0.02727273,0.00063086,0.02313167
Original,Original,30.0,0.03527273,0.00087868,0.02491103
Original,Original,30.0,0.02872727,0.00132902,0.04626335
Original,Original,30.0,0.02981818,0.00077817,0.02609727
Original,Original,30.0,0.03418182,0.00109479,0.03202847
Original,Original,30.0,0.02654545,0.00081872,0.03084223
Original,Original,30.0,0.02036364,0.00048312,0.02372479
Original,Original,30.0,0.02909091,0.00103526,0.03558719
Original,Original,30.0,0.028,0.00101305,0.03618031
Original,Original,30.0,0.02472727,0.00085064,0.03440095
Original,Original,30.0,0.02727273,0.00088968,0.03262159
Original,Original,30.0,0.03454545,0.00131133,0.03795967
Original,Original,30.0,0.02545455,0.00083037,0.03262159
Original,Original,30.0,0.03563636,0.00044387,0.01245552
Original,Original,30.0,0.02690909,0.00089378,0.03321471
Original,Original,30.0,0.02727273,0.00122938,0.04507711
Original,Original,30.0,0.02836364,0.00089162,0.03143535
Original,Original,30.0,0.02763636,0.00122938,0.04448399
Original,Original,30.0,0.03381818,0.00040116,0.0118624
Original,Original,30.0,0.02654545,0.00083447,0.03143535
Original,Original,30.0,0.03054545,0.00096021,0.03143535
Original,Original,30.0,0.02618182,0.00072986,0.02787663
Original,Original,30.0,0.02181818,0.00025882,0.0118624
Original,Original,30.0,0.03054545,0.00039858,0.01304864
Original,Original,30.0,0.03054545,0.0006341,0.02075919
Original,Original,30.0,0.02290909,0.00061145,0.02669039
Original,Original,30.0,0.02218182,0.00085517,0.03855279
Original,Original,30.0,0.024,0.0008968,0.03736655
Original,Original,30.0,0.02945455,0.00031446,0.01067616
Original,Original,30.0,0.02981818,0.00047752,0.01601423
Original,Original,30.0,0.02981818,0.00038909,0.01304864
Original,Original,30.0,0.02836364,0.0012449,0.04389087
Original,Original,30.0,0.02654545,0.00061404,0.02313167
Original,Original,30.0,0.02690909,0.00071821,0.02669039
Original,Original,30.0,0.028,0.00129537,0.04626335
Original,Original,30.0,0.02327273,0.00057975,0.02491103
Original,Original,30.0,0.02072727,0.00070074,0.03380783
Original,Original,30.0,0.02727273,0.00048528,0.01779359
Original,Original,30.0,0.02836364,0.0010935,0.03855279
Original,Original,30.0,0.02181818,0.00051763,0.02372479
Original,Original,30.0,0.02436364,0.00063582,0.02609727
Original,Original,30.0,0.02909091,0.0013631,0.04685647
Original,Original,30.0,0.02363636,0.00047665,0.02016607
Original,Original,30.0,0.02945455,0.00138014,0.04685647
Original,Original,30.0,0.04,0.00045077,0.01126928
Original,Original,30.0,0.02363636,0.00077106,0.03262159
Original,Original,30.0,0.02909091,0.00044861,0.01542112
Original,Original,30.0,0.02872727,0.00097121,0.03380783
Original,Original,30.0,0.02690909,0.00065437,0.02431791
Original,Original,30.0,0.02145455,0.00021633,0.01008304
Original,Original,30.0,0.03163636,0.00084439,0.02669039
Original,Original,30.0,0.02181818,0.00047881,0.02194543
Original,Original,30.0,0.02618182,0.00072986,0.02787663
Original,Original,30.0,0.02509091,0.00095244,0.03795967
Original,Original,30.0,0.03090909,0.00078831,0.02550415
Original,Original,30.0,0.03163636,0.00114461,0.03618031
Original,Original,30.0,0.02654545,0.00029915,0.01126928
Original,Original,30.0,0.02909091,0.00062116,0.02135231
Original,Original,30.0,0.02836364,0.00126173,0.04448399
Original,Original,30.0,0.028,0.00029893,0.01067616
Original,Original,30.0,0.03090909,0.00109997,0.03558719
Original,Original,30.0,0.03381818,0.00104303,0.03084223
Original,Original,30.0,0.024,0.00082562,0.03440095
Original,Original,30.0,0.028,0.00102966,0.03677343
Original,Original,30.0,0.02654545,0.00077149,0.02906287
Original,Original,30.0,0.02690909,0.00095762,0.03558719
Original,Original,30.0,0.02109091,0.00050038,0.02372479
Original,Original,30.0,0.02727273,0.00122938,0.04507711
Original,Original,30.0,0.02872727,0.00063043,0.02194543
Original,Original,30.0,0.02545455,0.00072468,0.02846975
Original,Original,30.0,0.02909091,0.00119055,0.04092527
Original,Original,30.0,0.02909091,0.00148388,0.0510083
Original,Original,30.0,0.028,0.00131198,0.04685647
Original,Original,30.0,0.02909091,0.00144937,0.04982206
Original,Original,30.0,0.03345455,0.00069449,0.02075919
Original,Original,30.0,0.03454545,0.00043028,0.01245552
Original,Original,30.0,0.02981818,0.00109652,0.03677343
Original,Original,30.0,0.02836364,0.00107667,0.03795967
Original,Original,30.0,0.02363636,0.00022431,0.00948992
Original,Original,30.0,0.03309091,0.00045142,0.01364176
Original,Original,30.0,0.02545455,0.00066429,0.02609727
Original,Original,30.0,0.03018182,0.00060865,0.02016607
Original,Original,30.0,0.02981818,0.00129106,0.04329775
Original,Original,30.0,0.02763636,0.00088515,0.03202847
Original,Original,30.0,0.03309091,0.00054955,0.01660735
Original,Original,30.0,0.03090909,0.00109997,0.03558719
Original,Original,30.0,0.02690909,0.00098954,0.03677343
Original,Original,30.0,0.02145455,0.00067443,0.03143535
Original,Original,30.0,0.032,0.00043654,0.01364176
Original,Original,30.0,0.03527273,0.00077408,0.02194543
Original,Original,30.0,0.028,0.00124555,0.04448399
Original,Original,30.0,0.02145455,0.00063626,0.02965599
Original,Original,30.0,0.02763636,0.00083598,0.03024911
Original,Original,30.0,0.032,0.00032266,0.01008304
Original,Original,30.0,0.02509091,0.00041669,0.01660735
Original,Original,30.0,0.028,0.00109609,0.03914591
Original,Original,30.0,0.02327273,0.00086962,0.03736655
Original,Original,30.0,0.02945455,0.00055904,0.01897983
Original,Original,30.0,0.02872727,0.00037485,0.01304864
Original,Original,30.0,0.02945455,0.00136267,0.04626335
Original,Original,30.0,0.02836364,0.00094209,0.03321471
Original,Original,30.0,0.03236364,0.00088299,0.02728351
Original,Original,30.0,0.02872727,0.00035781,0.01245552
Original,Original,30.0,0.03345455,0.00146835,0.04389087
Original,Original,30.0,0.02254545,0.00068198,0.03024911
Original,Original,30.0,0.02109091,0.00073806,0.03499407
Original,Original,30.0,0.03054545,0.00114138,0.03736655
Original,Original,30.0,0.024,0.00086833,0.03618031
Original,Original,30.0,0.02836364,0.00114397,0.04033215
Original,Original,30.0,0.024,0.00071174,0.02965599
Original,Original,30.0,0.02981818,0.001238,0.04151839
Original,Original,30.0,0.03345455,0.00043654,0.01304864
Original,Original,30.0,0.03018182,0.00098458,0.03262159
Original,Original,30.0,0.02763636,0.0009835,0.03558719
Original,Original,30.0,0.02581818,0.0008116,0.03143535
Original,Original,30.0,0.02618182,0.00100938,0.03855279
Original,Original,30.0,0.02836364,0.00112714,0.03973903
Original,Original,30.0,0.02145455,0.00077623,0.03618031
Original,Original,30.0,0.03381818,0.0011032,0.03262159
Original,Original,30.0,0.028,0.00051483,0.01838671
Original,Original,30.0,0.02581818,0.00111787,0.04329775
Original,Original,30.0,0.02218182,0.00077623,0.03499407
Original,Original,30.0,0.02472727,0.00057198,0.02313167
Original,Original,30.0,0.02727273,0.00090586,0.03321471
Original,Original,30.0,0.02909091,0.00129408,0.04448399
Original,Original,30.0,0.02909091,0.00131133,0.04507711
Original,Original,30.0,0.02254545,0.00028082,0.01245552
Original,Original,30.0,0.02254545,0.00021395,0.00948992
Original,Original,30.0,0.02690909,0.00113318,0.04211151
Original,Original,30.0,0.02509091,0.00072921,0.02906287
Original,Original,30.0,0.02945455,0.00076868,0.02609727
Original,Original,30.0,0.02363636,0.00026636,0.01126928
Original,Original,30.0,0.028,0.00101305,0.03618031
Original,Original,30.0,0.02690909,0.00039901,0.014828
Original,Original,30.0,0.02690909,0.0010055,0.03736655
Original,Original,30.0,0.02763636,0.00070484,0.02550415
Original,Original,30.0,0.02690909,0.00071821,0.02669039
Original,Original,30.0,0.032,0.00074021,0.02313167
Original,Original,30.0,0.02581818,0.00108724,0.04211151
Original,Original,30.0,0.02836364,0.00072339,0.02550415
Original,Original,30.0,0.02872727,0.00071563,0.02491103
Original,Original,30.0,0.02981818,0.0011142,0.03736655
Original,Original,30.0,0.02836364,0.00075704,0.02669039
Original,Original,30.0,0.02654545,0.00113361,0.04270463
Original,Original,30.0,0.02872727,0.00131198,0.04567023
Original,Original,30.0,0.02945455,0.00106567,0.03618031
Original,Original,30.0,0.02509091,0.00056551,0.02253855
Original,Original,30.0,0.02509091,0.00096732,0.03855279
Original,Original,30.0,0.02509091,0.00102685,0.04092527
Original,Original,30.0,0.028,0.00117912,0.04211151
Original,Original,30.0,0.02472727,0.00058665,0.02372479
Original,Original,30.0,0.02618182,0.0011802,0.04507711
Original,Original,30.0,0.02509091,0.00062504,0.02491103
Original,Original,30.0,0.03127273,0.00070484,0.02253855
Original,Original,30.0,0.02109091,0.00072555,0.03440095
Original,Original,30.0,0.03127273,0.00115001,0.03677343
Original,Original,30.0,0.02109091,0.00078809,0.03736655
Original,Original,30.0,0.02836364,0.00045422,0.01601423
Original,Original,30.0,0.02690909,0.00105338,0.03914591
Original,Original,30.0,0.03018182,0.00042963,0.01423488
Original,Original,30.0,0.02654545,0.00036213,0.01364176
Original,Original,30.0,0.03090909,0.00036666,0.0118624
Original,Original,30.0,0.02363636,0.00056077,0.02372479
Original,Original,30.0,0.02618182,0.00094727,0.03618031
Original,Original,30.0,0.02727273,0.00119702,0.04389087
Original,Original,30.0,0.02436364,0.00063582,0.02609727
Original,Original,30.0,0.03090909,0.00076998,0.02491103
Original,Original,30.0,0.02836364,0.0012449,0.04389087
Original,Original,30.0,0.02545455,0.00028685,0.01126928
Original,Original,30.0,0.03018182,0.00094878,0.03143535
Original,Original,30.0,0.02690909,0.00089378,0.03321471
Original,Original,30.0,0.03272727,0.00065998,0.02016607
Original,Original,30.0,0.02109091,0.00072555,0.03440095
Original,Original,30.0,0.02763636,0.00119659,0.04329775
Original,Original,30.0,0.02436364,0.00050577,0.02075919
Original,Original,30.0,0.03018182,0.0012352,0.04092527
Original,Original,30.0,0.02145455,0.00068716,0.03202847
Original,Original,30.0,0.02909091,0.00103526,0.03558719
Original,Original,30.0,0.02254545,0.00049477,0.02194543
Original,Original,30.0,0.03018182,0.00114569,0.03795967
Original,Original,30.0,0.032,0.00055042,0.01720047
Original,Original,30.0,0.02763636,0.00121298,0.04389087
Original,Original,30.0,0.02581818,0.00056659,0.02194543
Original,Original,30.0,0.02872727,0.0010564,0.03677343
Original,Original,40.0,0.01875442,0.00038924,0.02075472
Original,Original,40.0,0.01344657,0.00030445,0.02264151
Original,Original,40.0,0.01415428,0.00010682,0.00754717
Original,Original,40.0,0.02618542,0.00023056,0.00880503
Original,Original,40.0,0.01556971,0.00051899,0.03333333
Original,Original,40.0,0.017339,0.00039258,0.02264151
Original,Original,40.0,0.01061571,0.00012018,0.01132075
Original,Original,40.0,0.01804671,0.00049941,0.02767296
Original,Original,40.0,0.01769285,0.00024481,0.01383648
Original,Original,40.0,0.01769285,0.00015579,0.00880503
Original,Original,40.0,0.01521585,0.00029666,0.01949686
Original,Original,40.0,0.02229299,0.00047671,0.02138365
Original,Original,40.0,0.02264685,0.0003276,0.01446541
Original,Original,40.0,0.02300071,0.00028932,0.01257862
Original,Original,40.0,0.01840057,0.00049763,0.02704403
Original,Original,40.0,0.01592357,0.00037055,0.02327044
Original,Original,40.0,0.01769285,0.00038947,0.02201258
Original,Original,40.0,0.017339,0.0004362,0.02515723
Original,Original,40.0,0.03467799,0.0004362,0.01257862
Original,Original,40.0,0.02158528,0.00029866,0.01383648
Original,Original,40.0,0.02087757,0.00035452,0.01698113
Original,Original,40.0,0.02052371,0.00065831,0.03207547
Original,Original,40.0,0.02123142,0.00053412,0.02515723
Original,Original,40.0,0.017339,0.00028353,0.0163522
Original,Original,40.0,0.01556971,0.00021543,0.01383648
Original,Original,40.0,0.012385,0.00017136,0.01383648
Original,Original,40.0,0.01521585,0.00032537,0.02138365
Original,Original,40.0,0.02512385,0.00039503,0.01572327
Original,Original,40.0,0.02158528,0.00038012,0.01761006
Original,Original,40.0,0.02123142,0.000227,0.01069182
Original,Original,40.0,0.02087757,0.00027574,0.01320755
Original,Original,40.0,0.01769285,0.00035608,0.02012579
Original,Original,40.0,0.01521585,0.00029666,0.01949686
Original,Original,40.0,0.01769285,0.0002003,0.01132075
Original,Original,40.0,0.01946214,0.00046513,0.02389937
Original,Original,40.0,0.01663128,0.00018828,0.01132075
Original,Original,40.0,0.01698514,0.0004273,0.02515723
Original,Original,40.0,0.01698514,0.00034184,0.02012579
Original,Original,40.0,0.01663128,0.00019874,0.01194969
Original,Original,40.0,0.01627742,0.00022522,0.01383648
Original,Original,40.0,0.01556971,0.00044065,0.02830189
Original,Original,40.0,0.02087757,0.00069592,0.03333333
Original,Original,40.0,0.02087757,0.0001707,0.0081761
Original,Original,40.0,0.01769285,0.00055638,0.03144654
Original,Original,40.0,0.01663128,0.0003138,0.01886792
Original,Original,40.0,0.02476999,0.00071662,0.02893082
Original,Original,40.0,0.02087757,0.0004727,0.02264151
Original,Original,40.0,0.017339,0.00038168,0.02201258
Original,Original,40.0,0.02653928,0.00041728,0.01572327
Original,Original,40.0,0.01556971,0.00022522,0.01446541
Original,Original,40.0,0.02229299,0.00078516,0.03522013
Original,Original,40.0,0.01946214,0.00045289,0.02327044
Original,Original,40.0,0.02300071,0.0005931,0.02578616
Original,Original,40.0,0.01910828,0.00049273,0.02578616
Original,Original,40.0,0.01698514,0.00020297,0.01194969
Original,Original,40.0,0.01804671,0.0002497,0.01383648
Original,Original,40.0,0.02052371,0.00028398,0.01383648
Original,Original,40.0,0.01875442,0.00033027,0.01761006
Original,Original,40.0,0.02653928,0.00033383,0.01257862
Original,Original,40.0,0.01981599,0.00044866,0.02264151
Original,Original,40.0,0.01769285,0.00054525,0.03081761
Original,Original,40.0,0.02653928,0.00048405,0.01823899
Original,Original,40.0,0.01592357,0.0002704,0.01698113
Original,Original,40.0,0.01946214,0.00014688,0.00754717
Original,Original,40.0,0.02866242,0.00045067,0.01572327
Original,Original,40.0,0.02724699,0.00023991,0.00880503
Original,Original,40.0,0.01627742,0.00029688,0.01823899
Original,Original,40.0,0.02229299,0.0007431,0.03333333
Original,Original,40.0,0.01981599,0.00042374,0.02138365
Original,Original,40.0,0.02193914,0.00015178,0.00691824
Original,Original,40.0,0.01946214,0.0006365,0.0327044
Original,Original,40.0,0.01380042,0.00034718,0.02515723
Original,Original,40.0,0.01840057,0.00030089,0.0163522
Original,Original,40.0,0.02052371,0.00068412,0.03333333
Original,Original,40.0,0.01380042,8.68e-05,0.00628931
Original,Original,40.0,0.01663128,0.00016736,0.01006289
Original,Original,40.0,0.01946214,0.00028153,0.01446541
Original,Original,40.0,0.02547771,0.00049674,0.01949686
Original,Original,40.0,0.02087757,0.00018383,0.00880503
Original,Original,40.0,0.02123142,0.00032047,0.01509434
Original,Original,40.0,0.01981599,0.00054837,0.02767296
Original,Original,40.0,0.01910828,0.0003365,0.01761006
Original,Original,40.0,0.02583156,0.00051988,0.02012579
Original,Original,40.0,0.017339,0.00032715,0.01886792
Original,Original,40.0,0.01840057,0.00016202,0.00880503
Original,Original,40.0,0.02016985,0.00021565,0.01069182
Original,Original,40.0,0.02016985,0.00057084,0.02830189
Original,Original,40.0,0.01627742,0.00041973,0.02578616
Original,Original,40.0,0.017339,0.00023991,0.01383648
Original,Original,40.0,0.01556971,0.00018605,0.01194969
Original,Original,40.0,0.01698514,0.00037389,0.02201258
Original,Original,40.0,0.01663128,0.00025104,0.01509434
Original,Original,40.0,0.03007785,0.00069992,0.02327044
Original,Original,40.0,0.01875442,0.00041283,0.02201258
Original,Original,40.0,0.01875442,0.00040104,0.02138365
Original,Original,40.0,0.01875442,0.00041283,0.02201258
Original,Original,40.0,0.02618542,0.00044466,0.01698113
Original,Original,40.0,0.02653928,0.00040059,0.01509434
Original,Original,40.0,0.01946214,0.00053857,0.02767296
Original,Original,40.0,0.01556971,0.00031335,0.02012579
Original,Original,40.0,0.02123142,0.00025371,0.01194969
Original,Original,40.0,0.02158528,0.00043442,0.02012579
Original,Original,40.0,0.01415428,0.00017804,0.01257862
Original,Original,40.0,0.01910828,0.00012018,0.00628931
Original,Original,40.0,0.02476999,0.00062314,0.02515723
Original,Original,40.0,0.01344657,0.00020297,0.01509434
Original,Original,40.0,0.02300071,0.00037611,0.0163522
Original,Original,40.0,0.01946214,0.00056306,0.02893082
Original,Original,40.0,0.01910828,0.0004086,0.02138365
Original,Original,40.0,0.02193914,0.00037255,0.01698113
Original,Original,40.0,0.01663128,0.00049162,0.02955975
Original,Original,40.0,0.01698514,0.00014955,0.00880503
Original,Original,40.0,0.01592357,0.00033049,0.02075472
Original,Original,40.0,0.01698514,0.00045935,0.02704403
Original,Original,40.0,0.02052371,0.00046469,0.02264151
Original,Original,40.0,0.01910828,0.00042062,0.02201258
Original,Original,40.0,0.01875442,0.00053079,0.02830189
Original,Original,40.0,0.01946214,0.00046513,0.02389937
Original,Original,40.0,0.02830856,0.00062314,0.02201258
Original,Original,40.0,0.02016985,0.00040593,0.02012579
Original,Original,40.0,0.02087757,0.00074844,0.03584906
Original,Original,40.0,0.02193914,0.00052433,0.02389937
Original,Original,40.0,0.01663128,0.00038702,0.02327044
Original,Original,40.0,0.01627742,0.00033783,0.02075472
Original,Original,40.0,0.01946214,0.00039169,0.02012579
Original,Original,40.0,0.02441614,0.00049139,0.02012579
Original,Original,40.0,0.01627742,0.0003276,0.02012579
Original,Original,40.0,0.02016985,0.00038056,0.01886792
Original,Original,40.0,0.01910828,0.00045668,0.02389937
Original,Original,40.0,0.02193914,0.00068991,0.03144654
Original,Original,40.0,0.02229299,0.00064495,0.02893082
Original,Original,40.0,0.01910828,0.00018027,0.00943396
Original,Original,40.0,0.02229299,0.00079918,0.03584906
Original,Original,40.0,0.01910828,0.00057685,0.03018868
Original,Original,40.0,0.01946214,0.00044065,0.02264151
Original,Original,40.0,0.02052371,0.0003227,0.01572327
Original,Original,40.0,0.01910828,0.00030044,0.01572327
Original,Original,40.0,0.02760085,0.00052077,0.01886792
Original,Original,40.0,0.01804671,0.00046536,0.02578616
Original,Original,40.0,0.01840057,0.00055549,0.03018868
Original,Original,40.0,0.02016985,0.00030445,0.01509434
Original,Original,40.0,0.01627742,0.00044021,0.02704403
Original,Original,40.0,0.01769285,0.00017804,0.01006289
Original,Original,40.0,0.02123142,0.00060089,0.02830189
Original,Original,40.0,0.01344657,0.00014377,0.01069182
Original,Original,40.0,0.014862,0.00028042,0.01886792
Original,Original,40.0,0.01556971,0.00037211,0.02389937
Original,Original,40.0,0.017339,0.0004362,0.02515723
Original,Original,40.0,0.02087757,0.00059087,0.02830189
Original,Original,40.0,0.01344657,0.00024525,0.01823899
Original,Original,40.0,0.02229299,0.00049073,0.02201258
Original,Original,40.0,0.01910828,0.00015623,0.0081761
Original,Original,40.0,0.01627742,0.00041973,0.02578616
Original,Original,40.0,0.02547771,0.0002724,0.01069182
Original,Original,40.0,0.02123142,0.00028042,0.01320755
Original,Original,40.0,0.01875442,0.00057797,0.03081761
Original,Original,40.0,0.02193914,0.00024837,0.01132075
Original,Original,40.0,0.01415428,0.00039169,0.02767296
Original,Original,40.0,0.01981599,0.00057329,0.02893082
Original,Original,40.0,0.02441614,0.00018427,0.00754717
Original,Original,40.0,0.01592357,0.00018027,0.01132075
Original,Original,40.0,0.01804671,0.0003632,0.02012579
Original,Original,40.0,0.01910828,0.00045668,0.02389937
Original,Original,40.0,0.01981599,0.00014955,0.00754717
Original,Original,40.0,0.01592357,0.0002704,0.01698113
Original,Original,40.0,0.02158528,0.00058375,0.02704403
Original,Original,40.0,0.017339,0.00045801,0.02641509
Original,Original,40.0,0.01804671,0.0001816,0.01006289
Original,Original,40.0,0.01380042,0.00026039,0.01886792
Original,Original,40.0,0.01380042,0.00015623,0.01132075
Original,Original,40.0,0.01698514,0.00041662,0.0245283
Original,Original,40.0,0.01698514,0.00041662,0.0245283
Original,Original,40.0,0.01698514,0.00013887,0.0081761
Original,Original,40.0,0.02052371,0.00054214,0.02641509
Original,Original,40.0,0.02158528,0.00069236,0.03207547
Original,Original,40.0,0.01875442,0.00042463,0.02264151
Original,Original,40.0,0.01698514,0.00040593,0.02389937
Original,Original,40.0,0.01769285,0.00015579,0.00880503
Original,Original,40.0,0.01415428,0.00038279,0.02704403
Original,Original,40.0,0.01592357,0.0003405,0.02138365
Original,Original,40.0,0.01981599,0.00062314,0.03144654
Original,Original,40.0,0.01769285,0.00037834,0.02138365
Original,Original,40.0,0.01273885,0.00029644,0.02327044
Original,Original,40.0,0.01627742,0.00012285,0.00754717
Original,Original,40.0,0.01627742,0.0003276,0.02012579
Original,Original,40.0,0.01309271,0.00032114,0.0245283
Original,Original,40.0,0.01592357,0.00023034,0.01446541
Original,Original,40.0,0.01450814,0.00020987,0.01446541
Original,Original,40.0,0.01521585,0.0003158,0.02075472
Original,Original,40.0,0.01804671,0.00045401,0.02515723
Original,Original,40.0,0.01167728,0.0001322,0.01132075
Original,Original,40.0,0.02052371,0.00021944,0.01069182
Original,Original,40.0,0.01769285,0.00046736,0.02641509
Original,Original,40.0,0.01663128,0.00029288,0.01761006
Original,Original,40.0,0.01309271,0.00033761,0.02578616
Original,Original,40.0,0.02052371,0.00025816,0.01257862
Original,Original,40.0,0.014862,0.0003365,0.02264151
Original,Original,40.0,0.01450814,0.00031936,0.02201258
Original,Original,40.0,0.01910828,0.00048071,0.02515723
Original,Original,40.0,0.01663128,0.0004184,0.02515723
Original,Original,40.0,0.01380042,0.00027774,0.02012579
Original,Original,40.0,0.02087757,0.00038079,0.01823899
Original,Original,40.0,0.01592357,0.00040059,0.02515723
Original,Original,40.0,0.02760085,0.00034718,0.01257862
Original,Original,40.0,0.01415428,0.00018694,0.01320755
Original,Original,40.0,0.02760085,0.00027774,0.01006289
Original,Original,40.0,0.01840057,0.00054392,0.02955975
Original,Original,40.0,0.01344657,0.00027908,0.02075472
Original,Original,40.0,0.01627742,0.00025593,0.01572327
Original,Original,40.0,0.01627742,0.00039926,0.0245283
Original,Original,40.0,0.012385,0.00010126,0.0081761
Original,Original,40.0,0.02795471,0.00068568,0.0245283
Original,Original,40.0,0.017339,0.00040349,0.02327044
Original,Original,40.0,0.01698514,0.00027774,0.0163522
Original,Original,40.0,0.01663128,0.00048116,0.02893082
Original,Original,40.0,0.01521585,0.00014355,0.00943396
Original,Original,40.0,0.02123142,0.00057418,0.02704403
Original,Original,40.0,0.01875442,0.00035386,0.01886792
Original,Original,40.0,0.014862,0.00032715,0.02201258
Original,Original,40.0,0.01627742,0.00025593,0.01572327
Original,Original,40.0,0.01521585,0.00034451,0.02264151
Original,Original,40.0,0.012385,0.00011684,0.00943396
Original,Original,40.0,0.014862,0.00021498,0.01446541
Original,Original,40.0,0.01663128,0.00025104,0.01509434
Original,Original,40.0,0.02052371,0.00028398,0.01383648
Original,Original,40.0,0.02052371,0.00034852,0.01698113
Original,Original,40.0,0.01804671,0.00044266,0.0245283
Original,Original,40.0,0.01769285,0.00035608,0.02012579
Original,Original,40.0,0.014862,0.0003365,0.02264151
Original,Original,40.0,0.01167728,0.00022033,0.01886792
Original,Original,40.0,0.01521585,0.00017225,0.01132075
Original,Original,40.0,0.01698514,0.00029911,0.01761006
Original,Original,40.0,0.01203114,0.00024214,0.02012579
Original,Original,40.0,0.01132343,0.00019941,0.01761006
Original,Original,40.0,0.01592357,0.00033049,0.02075472
Original,Original,40.0,0.01450814,0.00031024,0.02138365
Original,Original,40.0,0.02052371,0.00014199,0.00691824
Original,Original,40.0,0.01627742,0.00029688,0.01823899
Original,Original,40.0,0.02052371,0.00046469,0.02264151
Original,Original,40.0,0.01698514,0.00038457,0.02264151
Original,Original,40.0,0.01521585,0.0004115,0.02704403
Original,Original,40.0,0.01663128,0.00028242,0.01698113
Original,Original,40.0,0.01698514,0.00020297,0.01194969
Original,Original,40.0,0.01663128,0.00042886,0.02578616
Original,Original,40.0,0.017339,0.00019629,0.01132075
Original,Original,40.0,0.012385,0.00026484,0.02138365
Original,Original,40.0,0.01627742,0.00031736,0.01949686
Original,Original,40.0,0.01309271,0.00010705,0.0081761
Original,Original,40.0,0.01344657,0.0001184,0.00880503
Original,Original,40.0,0.01627742,0.0002457,0.01509434
Original,Original,40.0,0.01450814,0.00032849,0.02264151
Original,Original,40.0,0.01380042,0.0003385,0.0245283
Original,Original,40.0,0.01663128,0.0004184,0.02515723
Original,Original,40.0,0.01946214,0.00028153,0.01446541
Original,Original,40.0,0.01981599,0.00058576,0.02955975
Original,Original,40.0,0.01663128,0.00028242,0.01698113
Original,Original,40.0,0.01663128,0.00043932,0.02641509
Original,Original,40.0,0.017339,0.00010905,0.00628931
Original,Original,40.0,0.01132343,0.00025638,0.02264151
Original,Original,40.0,0.01167728,0.00027174,0.02327044
Original,Original,40.0,0.01663128,0.00030334,0.01823899
Original,Original,40.0,0.01627742,0.00018427,0.01132075
Original,Original,40.0,0.01981599,0.00017448,0.00880503
Original,Original,40.0,0.01946214,0.00046513,0.02389937
Original,Original,40.0,0.01981599,0.00031157,0.01572327
Original,Original,40.0,0.02052371,0.00046469,0.02264151
Original,Original,40.0,0.01663128,0.00034518,0.02075472
Original,Original,40.0,0.01946214,0.00026929,0.01383648
Original,Original,40.0,0.02123142,0.00046736,0.02201258
Original,Original,40.0,0.01450814,0.00029199,0.02012579
Original,Original,40.0,0.01592357,0.00037055,0.02327044
Original,Original,40.0,0.01627742,0.00025593,0.01572327
Original,Original,40.0,0.01769285,0.00030044,0.01698113
Original,Original,40.0,0.01627742,0.00041973,0.02578616
Original,Original,40.0,0.01592357,0.00023034,0.01446541
Original,Original,40.0,0.01875442,0.00043642,0.02327044
Original,Original,40.0,0.01450814,0.00019162,0.01320755
Original,Original,40.0,0.01875442,0.00027129,0.01446541
Original,Original,40.0,0.01946214,0.00044065,0.02264151
Original,Original,40.0,0.02724699,0.00030846,0.01132075
Original,Original,40.0,0.02193914,0.00038635,0.01761006
Original,Original,40.0,0.02016985,0.00032982,0.0163522
Original,Original,40.0,0.02193914,0.00020697,0.00943396
Original,Original,40.0,0.02476999,0.00020252,0.0081761
Original,Original,40.0,0.01627742,0.00025593,0.01572327
Original,Original,40.0,0.01910828,0.00051676,0.02704403
Original,Original,40.0,0.01946214,0.00030601,0.01572327
Original,Original,40.0,0.02016985,0.0004313,0.02138365
Original,Original,40.0,0.01875442,0.00028309,0.01509434
Original,Original,40.0,0.01946214,0.00035497,0.01823899
Original,Original,40.0,0.02264685,0.00024214,0.01069182
Original,Original,40.0,0.02193914,0.00044154,0.02012579
Original,Original,40.0,0.01663128,0.00038702,0.02327044
Original,Original,40.0,0.01698514,0.00038457,0.02264151
Original,Original,40.0,0.01698514,0.00013887,0.0081761
Original,Original,40.0,0.02406228,0.0002724,0.01132075
Original,Original,40.0,0.02193914,0.00052433,0.02389937
Original,Original,40.0,0.02476999,0.00048294,0.01949686
Original,Original,40.0,0.01450814,0.00033761,0.02327044
Original,Original,40.0,0.02689314,0.00032136,0.01194969
Original,Original,40.0,0.01840057,0.00028932,0.01572327
Original,Original,40.0,0.01627742,0.0003276,0.02012579
Original,Original,40.0,0.01769285,0.00033383,0.01886792
Original,Original,40.0,0.01804671,0.00037455,0.02075472
Original,Original,40.0,0.02016985,0.00053279,0.02641509
Original,Original,40.0,0.02583156,0.00035742,0.01383648
Original,Original,40.0,0.01698514,0.00049139,0.02893082
Original,Original,40.0,0.02264685,0.00019941,0.00880503
Original,Original,40.0,0.01981599,0.00062314,0.03144654
Original,Original,40.0,0.01698514,0.00016024,0.00943396
Original,Original,40.0,0.01698514,0.00052344,0.03081761
Original,Original,40.0,0.01981599,0.00048605,0.0245283
Original,Original,40.0,0.01627742,0.00046068,0.02830189
Original,Original,40.0,0.01556971,0.00035252,0.02264151
Original,Original,40.0,0.01663128,0.00024058,0.01446541
Original,Original,40.0,0.02193914,0.00059332,0.02704403
Original,Original,40.0,0.01875442,0.00022411,0.01194969
Original,Original,40.0,0.01804671,0.0003632,0.02012579
Original,Original,40.0,0.01592357,0.0003405,0.02138365
Original,Original,40.0,0.01627742,0.00015356,0.00943396
Original,Original,40.0,0.01627742,0.00011261,0.00691824
Original,Original,40.0,0.01450814,0.00039236,0.02704403
Original,Original,40.0,0.01344657,8.457e-05,0.00628931
Original,Original,40.0,0.02618542,0.00031291,0.01194969
Original,Original,40.0,0.01627742,0.00025593,0.01572327
Original,Original,40.0,0.017339,0.00049073,0.02830189
Original,Original,40.0,0.01840057,0.00034718,0.01886792
Original,Original,40.0,0.02158528,0.00036654,0.01698113
Original,Original,40.0,0.017339,0.00045801,0.02641509
Original,Original,40.0,0.01380042,0.0004253,0.03081761
Original,Original,40.0,0.014862,0.00025237,0.01698113
Original,Original,40.0,0.01203114,0.000227,0.01886792
Original,Original,40.0,0.014862,0.00021498,0.01446541
Original,Original,40.0,0.01769285,0.00015579,0.00880503
Original,Original,40.0,0.02016985,0.00059622,0.02955975
Original,Original,40.0,0.02087757,0.00055148,0.02641509
Original,Original,40.0,0.02123142,0.00068101,0.03207547
Original,Original,40.0,0.01946214,0.00040393,0.02075472
Original,Original,40.0,0.017339,0.00050163,0.02893082
Original,Original,40.0,0.01592357,0.00037055,0.02327044
Original,Original,40.0,0.017339,0.0004253,0.0245283
Original,Original,40.0,0.01769285,0.00046736,0.02641509
Original,Original,40.0,0.01663128,0.00042886,0.02578616
Original,Original,40.0,0.02087757,0.00043331,0.02075472
Original,Original,40.0,0.01946214,0.00037945,0.01949686
Original,Original,40.0,0.01769285,0.0002003,0.01132075
Original,Original,40.0,0.01521585,0.00027752,0.01823899
Original,Original,40.0,0.017339,0.00015267,0.00880503
Original,Original,40.0,0.01875442,0.00051899,0.02767296
Original,Original,40.0,0.017339,0.00044711,0.02578616
Original,Original,40.0,0.017339,0.00044711,0.02578616
Original,Original,40.0,0.01769285,0.00054525,0.03081761
Original,Original,40.0,0.02087757,0.00057774,0.02767296
Original,Original,40.0,0.017339,0.00029444,0.01698113
Original,Original,40.0,0.01840057,0.00023145,0.01257862
Original,Original,40.0,0.01273885,0.0002724,0.02138365
Original,Original,40.0,0.01450814,0.00019162,0.01320755
Original,Original,40.0,0.01769285,0.00051187,0.02893082
Original,Original,40.0,0.01627742,0.00020475,0.01257862
Original,Original,40.0,0.02618182,0.00041928,0.01601423
Original,Original,40.0,0.02654545,0.00056681,0.02135231
Original,Original,40.0,0.02218182,0.00067098,0.03024911
Original,Original,40.0,0.02363636,0.00033646,0.01423488
Original,Original,40.0,0.02254545,0.00061512,0.02728351
Original,Original,40.0,0.01927273,0.00058298,0.03024911
Original,Original,40.0,0.02145455,0.00077623,0.03618031
Original,Original,40.0,0.02072727,0.00067616,0.03262159
Original,Original,40.0,0.02290909,0.00072016,0.03143535
Original,Original,40.0,0.01890909,0.00038132,0.02016607
Original,Original,40.0,0.02145455,0.00055991,0.02609727
Original,Original,40.0,0.02545455,0.00039254,0.01542112
Original,Original,40.0,0.02363636,0.00019627,0.00830368
Original,Original,40.0,0.02036364,0.00066429,0.03262159
Original,Original,40.0,0.02,0.00060498,0.03024911
Original,Original,40.0,0.02618182,0.00045034,0.01720047
Original,Original,40.0,0.02109091,0.00032525,0.01542112
Original,Original,40.0,0.01927273,0.00016003,0.00830368
Original,Original,40.0,0.02254545,0.00045465,0.02016607
Original,Original,40.0,0.01927273,0.00056012,0.02906287
Original,Original,40.0,0.02145455,0.00052173,0.02431791
Original,Original,40.0,0.02945455,0.00024458,0.00830368
Original,Original,40.0,0.01781818,0.00052842,0.02965599
Original,Original,40.0,0.02218182,0.00035522,0.01601423
Original,Original,40.0,0.01636364,0.00037852,0.02313167
Original,Original,40.0,0.02254545,0.00013372,0.0059312
Original,Original,40.0,0.02072727,0.00072533,0.03499407
Original,Original,40.0,0.016,0.00040807,0.02550415
Original,Original,40.0,0.02290909,0.00063863,0.02787663
Original,Original,40.0,0.02290909,0.00077451,0.03380783
Original,Original,40.0,0.01745455,0.00046587,0.02669039
Original,Original,40.0,0.01781818,0.00045444,0.02550415
Original,Original,40.0,0.02181818,0.00081527,0.03736655
Original,Original,40.0,0.01963636,0.00041928,0.02135231
Original,Original,40.0,0.02218182,0.00072361,0.03262159
Original,Original,40.0,0.01890909,0.00054955,0.02906287
Original,Original,40.0,0.01854545,0.00045099,0.02431791
Original,Original,40.0,0.02218182,0.00036838,0.01660735
Original,Original,40.0,0.01963636,0.00018635,0.00948992
Original,Original,40.0,0.02545455,0.00081527,0.03202847
Original,Original,40.0,0.02436364,0.00057802,0.02372479
Original,Original,40.0,0.02181818,0.00033646,0.01542112
Original,Original,40.0,0.024,0.00064057,0.02669039
Original,Original,40.0,0.02,0.00058126,0.02906287
Original,Original,40.0,0.02109091,0.00016262,0.00771056
Original,Original,40.0,0.01927273,0.0001486,0.00771056
Original,Original,40.0,0.02469136,0.0003884,0.01573034
Original,Original,40.0,0.02069717,0.00030232,0.01460674
Original,Original,40.0,0.01525054,0.00029987,0.01966292
Original,Original,40.0,0.01567055,0.00010841,0.00691824
Original,Original,40.0,0.01603499,0.00011093,0.00691824
Original,Original,40.0,0.01858601,0.00021041,0.01132075
Original,Original,40.0,0.01931487,0.00026725,0.01383648
Original,Original,40.0,0.01822157,0.0005157,0.02830189
Original,Original,40.0,0.02223032,0.00064314,0.02893082
Original,Original,40.0,0.02077259,0.00065323,0.03144654
Original,Original,40.0,0.01895044,0.00047674,0.02515723
Original,Original,40.0,0.01348397,8.48e-05,0.00628931
Original,Original,40.0,0.01785714,0.00013477,0.00754717
Original,Original,40.0,0.01858601,0.00040913,0.02201258
Original,Original,40.0,0.02223032,0.00057323,0.02578616
Original,Original,40.0,0.01639942,0.00033005,0.02012579
Original,Original,40.0,0.0196793,0.00021041,0.01069182
Original,Original,40.0,0.02077259,0.00016984,0.0081761
Original,Original,40.0,0.01348397,7.632e-05,0.00566038
Original,Original,40.0,0.01567055,0.0002661,0.01698113
Original,Original,40.0,0.01676385,0.00015815,0.00943396
Original,Original,40.0,0.01931487,0.0005102,0.02641509
Original,Original,40.0,0.01712828,0.00026931,0.01572327
Original,Original,40.0,0.01676385,0.00033739,0.02012579
Original,Original,40.0,0.02514577,0.00023722,0.00943396
Original,Original,40.0,0.01639942,0.00018565,0.01132075
Original,Original,40.0,0.01457726,0.00028421,0.01949686
Original,Original,40.0,0.02441691,0.00021499,0.00880503
Original,Original,40.0,0.01567055,9.856e-05,0.00628931
Original,Original,40.0,0.01858601,0.00051433,0.02767296
Original,Original,40.0,0.0138484,0.00034839,0.02515723
Original,Original,40.0,0.02514577,0.00037956,0.01509434
Original,Original,40.0,0.02587464,0.00017901,0.00691824
Original,Original,40.0,0.01785714,0.00051662,0.02893082
Original,Original,40.0,0.01931487,0.00014577,0.00754717
Original,Original,40.0,0.02259475,0.00025579,0.01132075
Original,Original,40.0,0.01567055,0.00013798,0.00880503
Original,Original,40.0,0.01202624,0.00018909,0.01572327
Original,Original,40.0,0.01421283,0.00019666,0.01383648
Original,Original,40.0,0.01639942,0.00029911,0.01823899
Original,Original,40.0,0.01494169,0.00023493,0.01572327
Original,Original,40.0,0.01457726,0.00021087,0.01446541
Original,Original,40.0,0.01530612,0.00027917,0.01823899
Original,Original,40.0,0.01639942,0.00039194,0.02389937
Original,Original,40.0,0.01639942,0.0002166,0.01320755
Original,Original,40.0,0.01311953,0.00022278,0.01698113
Original,Original,40.0,0.01166181,0.00024204,0.02075472
Original,Original,40.0,0.01457726,0.00010085,0.00691824
Original,Original,40.0,0.01494169,0.00021614,0.01446541
Original,Original,40.0,0.01785714,0.00012354,0.00691824
Original,Original,40.0,0.01749271,0.00031905,0.01823899
Original,Original,40.0,0.01567055,0.00033509,0.02138365
Original,Original,40.0,0.01858601,0.00015196,0.0081761
Original,Original,40.0,0.01712828,0.00045245,0.02641509
Original,Original,40.0,0.01457726,8.251e-05,0.00566038
Original,Original,40.0,0.01895044,0.00035756,0.01886792
Original,Original,40.0,0.01676385,0.00010543,0.00628931
Original,Original,40.0,0.01749271,0.00011002,0.00628931
Original,Original,40.0,0.02368805,0.00017878,0.00754717
Original,Original,40.0,0.01749271,0.00013202,0.00754717
Original,Original,40.0,0.01639942,0.00040225,0.0245283
Original,Original,40.0,0.01749271,0.00017603,0.01006289
Original,Original,40.0,0.01239067,0.00017924,0.01446541
Original,Original,40.0,0.01749271,0.00042907,0.0245283
Original,Original,40.0,0.02587464,0.00058584,0.02264151
Original,Original,40.0,0.01457726,0.00025671,0.01761006
Original,Original,40.0,0.01712828,0.00015082,0.00880503
Original,Original,40.0,0.01676385,0.00010543,0.00628931
Original,Original,40.0,0.01712828,0.00012927,0.00754717
Original,Original,40.0,0.01895044,0.00030988,0.0163522
Original,Original,40.0,0.01530612,0.00036581,0.02389937
Original,Original,40.0,0.0138484,0.00026129,0.01886792
Original,Original,40.0,0.01895044,0.00015494,0.0081761
Original,Original,40.0,0.01822157,0.0005157,0.02830189
Original,Original,40.0,0.01676385,0.00043228,0.02578616
Original,Original,40.0,0.02077259,0.00014371,0.00691824
Original,Original,40.0,0.01603499,0.00028238,0.01761006
Original,Original,40.0,0.01530612,0.00031767,0.02075472
Original,Original,40.0,0.01457726,0.00021087,0.01446541
Original,Original,40.0,0.01712828,0.00042013,0.0245283
Original,Original,40.0,0.02295918,0.00025992,0.01132075
Original,Original,40.0,0.01603499,0.00031263,0.01949686
Original,Original,40.0,0.01421283,0.00012514,0.00880503
Original,Original,40.0,0.02259475,0.00036947,0.0163522
Original,Original,40.0,0.01639942,0.00025785,0.01572327
Original,Original,40.0,0.01567055,0.00036466,0.02327044
Original,Original,40.0,0.01749271,0.00014302,0.0081761
Original,Original,40.0,0.02623907,0.00028054,0.01069182
Original,Original,40.0,0.01822157,0.00019482,0.01069182
Original,Original,40.0,0.01202624,9.076e-05,0.00754717
Original,Original,40.0,0.02186589,0.00064635,0.02955975
Original,Original,40.0,0.02040816,0.00062893,0.03081761
Original,Original,40.0,0.01421283,0.00025029,0.01761006
Original,Original,40.0,0.01639942,0.00036099,0.02201258
Original,Original,40.0,0.02077259,0.00052258,0.02515723
Original,Original,40.0,0.02150146,0.00022989,0.01069182
Original,Original,40.0,0.02368805,0.00028306,0.01194969
Original,Original,40.0,0.0196793,0.00045795,0.02327044
Original,Original,40.0,0.01749271,0.00047307,0.02704403
Original,Original,40.0,0.02077259,0.000405,0.01949686
Original,Original,40.0,0.01676385,0.00035847,0.02138365
Original,Original,40.0,0.01567055,0.00025625,0.0163522
Original,Original,40.0,0.01712828,0.00015082,0.00880503
Original,Original,40.0,0.01749271,0.00020903,0.01194969
Original,Original,40.0,0.01457726,0.00026587,0.01823899
Original,Original,40.0,0.01639942,0.0002166,0.01320755
Original,Original,40.0,0.01749271,0.00037406,0.02138365
Original,Original,40.0,0.02733236,0.00041256,0.01509434
Original,Original,40.0,0.01858601,0.0005494,0.02955975
Original,Original,40.0,0.02113703,0.00023929,0.01132075
Original,Original,40.0,0.01895044,0.00042907,0.02264151
Original,Original,40.0,0.01858601,0.00051433,0.02767296
Original,Original,40.0,0.01457726,0.00026587,0.01823899
Original,Original,40.0,0.01931487,0.00057094,0.02955975
Original,Original,40.0,0.0196793,0.00050745,0.02578616
Original,Original,40.0,0.01749271,0.00035205,0.02012579
Original,Original,40.0,0.01603499,0.00038323,0.02389937
Original,Original,40.0,0.01311953,0.00016503,0.01257862
Original,Original,40.0,0.0127551,0.00028879,0.02264151
Original,Original,40.0,0.01712828,0.00042013,0.0245283
Original,Original,40.0,0.0138484,0.00025258,0.01823899
Original,Original,40.0,0.01639942,0.00026817,0.0163522
Original,Original,40.0,0.01931487,0.00048591,0.02515723
Original,Original,40.0,0.01785714,0.00046047,0.02578616
Original,Original,40.0,0.01457726,0.00017419,0.01194969
Original,Original,40.0,0.0266035,0.00040156,0.01509434
Original,Original,40.0,0.01603499,0.00032272,0.02012579
Original,Original,40.0,0.01494169,0.00024433,0.0163522
Original,Original,40.0,0.01639942,0.00012377,0.00754717
Original,Original,40.0,0.01785714,0.00051662,0.02893082
Original,Original,40.0,0.01603499,0.00031263,0.01949686
Original,Original,40.0,0.01749271,0.00046207,0.02641509
Original,Original,40.0,0.01421283,0.00021453,0.01509434
Original,Original,40.0,0.02223032,0.00034953,0.01572327
Original,Original,40.0,0.01348397,0.00023745,0.01761006
Original,Original,40.0,0.02223032,0.00016778,0.00754717
Original,Original,40.0,0.01494169,0.00020674,0.01383648
Original,Original,40.0,0.01348397,0.00015265,0.01132075
Original,Original,40.0,0.01785714,0.00042677,0.02389937
Original,Original,40.0,0.01530612,0.00035618,0.02327044
Original,Original,40.0,0.01822157,0.00016044,0.00880503
Original,Original,40.0,0.01603499,0.0003328,0.02075472
Original,Original,40.0,0.01822157,0.00049278,0.02704403
Original,Original,40.0,0.01639942,0.00046413,0.02830189
Original,Original,40.0,0.01494169,0.0003383,0.02264151
Original,Original,40.0,0.01712828,0.00032318,0.01886792
Original,Original,40.0,0.01858601,0.00016365,0.00880503
Original,Original,40.0,0.02077259,0.0006271,0.03018868
Original,Original,40.0,0.01348397,7.632e-05,0.00566038
Original,Original,40.0,0.01603499,0.00018153,0.01132075
Original,Original,40.0,0.01202624,0.00024204,0.02012579
Original,Original,40.0,0.01785714,0.00049416,0.02767296
Original,Original,40.0,0.02368805,0.00020857,0.00880503
Original,Original,40.0,0.01931487,0.00015792,0.0081761
Original,Original,40.0,0.01858601,0.00016365,0.00880503
Original,Original,40.0,0.0127551,0.00033693,0.02641509
Original,Original,40.0,0.0127551,0.00030484,0.02389937
Original,Original,40.0,0.02514577,0.00044282,0.01761006
Original,Original,40.0,0.02295918,0.0002166,0.00943396
Original,Original,40.0,0.01603499,0.00036306,0.02264151
Original,Original,40.0,0.02004373,0.00044121,0.02201258
Original,Original,40.0,0.03061224,0.00086638,0.02830189
Original,Original,40.0,0.01931487,0.00059524,0.03081761
Original,Original,40.0,0.02040816,0.00066744,0.0327044
Original,Original,40.0,0.02004373,0.00045382,0.02264151
Original,Original,40.0,0.02223032,0.00057323,0.02578616
Original,Original,40.0,0.02332362,0.00083613,0.03584906
Original,Original,40.0,0.02077259,0.00049645,0.02389937
Original,Original,40.0,0.03097668,0.00040913,0.01320755
Original,Original,40.0,0.01822157,0.00044694,0.0245283
Original,Original,40.0,0.02077259,0.00048339,0.02327044
Original,Original,40.0,0.02186589,0.00044007,0.02012579
Original,Original,40.0,0.02514577,0.00080656,0.03207547
Original,Original,40.0,0.0266035,0.00087005,0.0327044
Original,Original,40.0,0.02332362,0.00027871,0.01194969
Original,Original,40.0,0.02951895,0.0009097,0.03081761
Original,Original,40.0,0.02295918,0.00027436,0.01194969
Original,Original,40.0,0.02514577,0.00041119,0.0163522
Original,Original,40.0,0.0196793,0.00071786,0.03647799
Original,Original,40.0,0.0266035,0.00051868,0.01949686
Original,Original,40.0,0.0196793,0.00056934,0.02893082
Original,Original,40.0,0.02077259,0.00065323,0.03144654
Original,Original,40.0,0.01712828,0.00048476,0.02830189
Original,Original,40.0,0.02587464,0.00078112,0.03018868
Original,Original,40.0,0.02004373,0.00036558,0.01823899
Original,Original,40.0,0.01494169,0.0003477,0.02327044
Original,Original,40.0,0.01858601,0.00051433,0.02767296
Original,Original,40.0,0.02332362,0.00060143,0.02578616
Original,Original,40.0,0.01895044,0.00014302,0.00754717
Original,Original,40.0,0.01348397,0.00036466,0.02704403
Original,Original,40.0,0.01858601,0.0005494,0.02955975
Original,Original,40.0,0.01858601,0.00049095,0.02641509
Original,Original,40.0,0.01822157,0.00046986,0.02578616
Original,Original,40.0,0.01712828,0.0001185,0.00691824
Original,Original,40.0,0.01202624,9.833e-05,0.0081761
Original,Original,40.0,0.01785714,0.00043801,0.0245283
Original,Original,40.0,0.0324344,0.00059157,0.01823899
Original,Original,40.0,0.02040816,0.00019253,0.00943396
Original,Original,40.0,0.0196793,0.00056934,0.02893082
Original,Original,40.0,0.01530612,0.00023104,0.01509434
Original,Original,40.0,0.01603499,0.00025212,0.01572327
Original,Original,40.0,0.01822157,0.00035526,0.01949686
Original,Original,40.0,0.01749271,0.00056109,0.03207547
Original,Original,40.0,0.02040816,0.00057759,0.02830189
Original,Original,40.0,0.01712828,0.00032318,0.01886792
Original,Original,40.0,0.01603499,0.00028238,0.01761006
Original,Original,40.0,0.01530612,0.00043319,0.02830189
Original,Original,40.0,0.02113703,0.00055834,0.02641509
Original,Original,40.0,0.0196793,0.00037131,0.01886792
Original,Original,40.0,0.01457726,0.00028421,0.01949686
Original,Original,40.0,0.01931487,0.00049806,0.02578616
Original,Original,40.0,0.01712828,0.00037704,0.02201258
Original,Original,40.0,0.01639942,0.00013408,0.0081761
Original,Original,40.0,0.01421283,0.00038437,0.02704403
Original,Original,40.0,0.02223032,0.0006711,0.03018868
Original,Original,40.0,0.02004373,0.00056728,0.02830189
Original,Original,40.0,0.02405248,0.00063535,0.02641509
Original,Original,40.0,0.01421283,0.00010727,0.00754717
Original,Original,40.0,0.02113703,0.00041211,0.01949686
Original,Original,40.0,0.01676385,0.00052717,0.03144654
Original,Original,40.0,0.02150146,0.00058149,0.02704403
Original,Original,40.0,0.01822157,0.00055009,0.03018868
Original,Original,40.0,0.01785714,0.00040431,0.02264151
Original,Original,40.0,0.02077259,0.00014371,0.00691824
Original,Original,40.0,0.02295918,0.00050539,0.02201258
Original,Original,40.0,0.02077259,0.00027436,0.01320755
Original,Original,40.0,0.02295918,0.00054871,0.02389937
Original,Original,40.0,0.02113703,0.00070457,0.03333333
Original,Original,40.0,0.02186589,0.00049508,0.02264151
Original,Original,40.0,0.02295918,0.00060647,0.02641509
Original,Original,40.0,0.01530612,0.00019253,0.01257862
Original,Original,40.0,0.02113703,0.00022599,0.01069182
Original,Original,40.0,0.02769679,0.00033097,0.01194969
Original,Original,40.0,0.02004373,0.00047903,0.02389937
Original,Original,40.0,0.02113703,0.00017282,0.0081761
Original,Original,40.0,0.01712828,0.00039858,0.02327044
Original,Original,40.0,0.02223032,0.00025166,0.01132075
Original,Original,40.0,0.01931487,0.00024295,0.01257862
Original,Original,40.0,0.01858601,0.00035068,0.01886792
Original,Original,40.0,0.02150146,0.00079785,0.03710692
Original,Original,40.0,0.01676385,0.00015815,0.00943396
Original,Original,40.0,0.01567055,0.00034495,0.02201258
Original,Original,40.0,0.01931487,0.00026725,0.01383648
Original,Original,40.0,0.01603499,0.00032272,0.02012579
Original,Original,40.0,0.02186589,0.00023379,0.01069182
Original,Original,40.0,0.02040816,0.00047491,0.02327044
Original,Original,40.0,0.02150146,0.00079785,0.03710692
Original,Original,40.0,0.02113703,0.00079762,0.03773585
Original,Original,40.0,0.01931487,0.0002551,0.01320755
Original,Original,40.0,0.0196793,0.00069311,0.03522013
Original,Original,40.0,0.0196793,0.00061885,0.03144654
Original,Original,40.0,0.02186589,0.00082513,0.03773585
Original,Original,40.0,0.02150146,0.00018932,0.00880503
Original,Original,40.0,0.01858601,0.00031561,0.01698113
Original,Original,40.0,0.01749271,0.00051708,0.02955975
Original,Original,40.0,0.02295918,0.00070755,0.03081761
Original,Original,40.0,0.01603499,0.00046391,0.02893082
Original,Original,40.0,0.02077259,0.00024823,0.01194969
Original,Original,40.0,0.01749271,0.00053908,0.03081761
Original,Original,40.0,0.01931487,0.00041302,0.02138365
Original,Original,40.0,0.01494169,0.00041348,0.02767296
Original,Original,40.0,0.02040816,0.00074445,0.03647799
Original,Original,40.0,0.02150146,0.00075728,0.03522013
Original,Original,40.0,0.01749271,0.00050608,0.02893082
Original,Original,40.0,0.01931487,0.0005345,0.02767296
Original,Original,40.0,0.02186589,0.00044007,0.02012579
Original,Original,40.0,0.02441691,0.00090604,0.03710692
Original,Original,40.0,0.01494169,0.00040408,0.02704403
Original,Original,40.0,0.01931487,0.00060739,0.03144654
Original,Original,40.0,0.02113703,0.00054504,0.02578616
Original,Original,40.0,0.01712828,0.00021545,0.01257862
Original,Original,40.0,0.02113703,0.00067798,0.03207547
Original,Original,40.0,0.0196793,0.0006436,0.0327044
Original,Original,40.0,0.02150146,0.00021637,0.01006289
Original,Original,40.0,0.0196793,0.0004827,0.0245283
Original,Original,40.0,0.02696793,0.00025441,0.00943396
Original,Original,40.0,0.01931487,0.00044947,0.02327044
Original,Original,40.0,0.01822157,0.00041256,0.02264151
Original,Original,40.0,0.02113703,0.00079762,0.03773585
Original,Original,40.0,0.02514577,0.00036374,0.01446541
Original,Original,40.0,0.02040816,0.00059042,0.02893082
Original,Original,40.0,0.02295918,0.00047651,0.02075472
Original,Original,40.0,0.02004373,0.0002017,0.01006289
Original,Original,40.0,0.02223032,0.00071305,0.03207547
Original,Original,40.0,0.02113703,0.00075774,0.03584906
Original,Original,40.0,0.02514577,0.00020559,0.0081761
Original,Original,40.0,0.02077259,0.00019597,0.00943396
Original,Original,40.0,0.01858601,0.00021041,0.01132075
Original,Original,40.0,0.02077259,0.00053565,0.02578616
Original,Original,40.0,0.01676385,0.00032684,0.01949686
Original,Original,40.0,0.02259475,0.00042632,0.01886792
Original,Original,40.0,0.01895044,0.00026221,0.01383648
Original,Original,40.0,0.02332362,0.00039606,0.01698113
Original,Original,40.0,0.02295918,0.00047651,0.02075472
Original,Original,40.0,0.01931487,0.00018222,0.00943396
Original,Original,40.0,0.01931487,0.00036443,0.01886792
Original,Original,40.0,0.02040816,0.00034655,0.01698113
Original,Original,40.0,0.01822157,0.00043548,0.02389937
Original,Original,40.0,0.02113703,0.00033234,0.01572327
Original,Original,40.0,0.01712828,0.00033395,0.01949686
Original,Original,40.0,0.02478134,0.00057667,0.02327044
Original,Original,40.0,0.02113703,0.00073115,0.03459119
Original,Original,40.0,0.02150146,0.00040569,0.01886792
Original,Original,40.0,0.02040816,0.00042357,0.02075472
Original,Original,40.0,0.02332362,0.00038139,0.0163522
Original,Original,40.0,0.02004373,0.00069334,0.03459119
Original,Original,40.0,0.02223032,0.00051731,0.02327044
Original,Original,40.0,0.02441691,0.00047605,0.01949686
Original,Original,40.0,0.02113703,0.00059822,0.02830189
Original,Original,40.0,0.01895044,0.00036947,0.01949686
Original,Original,40.0,0.01749271,0.00047307,0.02704403
Original,Original,40.0,0.02150146,0.00059501,0.02767296
Original,Original,40.0,0.01895044,0.00042907,0.02264151
Original,Original,40.0,0.01858601,0.0002221,0.01194969
Original,Original,40.0,0.01931487,0.0005345,0.02767296
Original,Original,40.0,0.0196793,0.00042082,0.02138365
Original,Original,40.0,0.0196793,0.00058172,0.02955975
Original,Original,40.0,0.01712828,0.00045245,0.02641509
Original,Original,40.0,0.02077259,0.00026129,0.01257862
Original,Original,40.0,0.02259475,0.00059684,0.02641509
Original,Original,40.0,0.02150146,0.00070319,0.0327044
Original,Original,40.0,0.02223032,0.00043342,0.01949686
Original,Original,40.0,0.01785714,0.00034816,0.01949686
Original,Original,40.0,0.02186589,0.00085263,0.03899371
Original,Original,40.0,0.02113703,0.00066469,0.03144654
Original,Original,40.0,0.02186589,0.00049508,0.02264151
Original,Original,40.0,0.01676385,0.00015815,0.00943396
Original,Original,40.0,0.02113703,0.00019941,0.00943396
Original,Original,40.0,0.01858601,0.00019872,0.01069182
Original,Original,40.0,0.01931487,0.0002551,0.01320755
Original,Original,40.0,0.02405248,0.00051433,0.02138365
Original,Original,40.0,0.02150146,0.00044626,0.02075472
Original,Original,40.0,0.02040816,0.00062893,0.03081761
Original,Original,40.0,0.01822157,0.00025212,0.01383648
Original,Original,40.0,0.02186589,0.00042632,0.01949686
Original,Original,40.0,0.01895044,0.00046482,0.0245283
Original,Original,40.0,0.02077259,0.00075774,0.03647799
Original,Original,40.0,0.02040816,0.00066744,0.0327044
Original,Original,40.0,0.02623907,0.00044557,0.01698113
Original,Original,40.0,0.02223032,0.00043342,0.01949686
Original,Original,40.0,0.02040816,0.0006546,0.03207547
Original,Original,40.0,0.02113703,0.00046528,0.02201258
Original,Original,40.0,0.02405248,0.00021178,0.00880503
Original,Original,40.0,0.01530612,0.00035618,0.02327044
Original,Original,40.0,0.01822157,0.00035526,0.01949686
Original,Original,40.0,0.01712828,0.00035549,0.02075472
Original,Original,40.0,0.0196793,0.00022278,0.01132075
Original,Original,40.0,0.01530612,0.00043319,0.02830189
Original,Original,40.0,0.01822157,0.00014898,0.0081761
Original,Original,40.0,0.01567055,0.00036466,0.02327044
Original,Original,40.0,0.01603499,0.00034289,0.02138365
Original,Original,40.0,0.01639942,0.00030942,0.01886792
Original,Original,40.0,0.01457726,0.0002017,0.01383648
Original,Original,40.0,0.01603499,0.00012102,0.00754717
Original,Original,40.0,0.01567055,0.0001774,0.01132075
Original,Original,40.0,0.01530612,0.00033693,0.02201258
Original,Original,40.0,0.01239067,0.00014806,0.01194969
Original,Original,40.0,0.01858601,0.00014027,0.00754717
Original,Original,40.0,0.01603499,0.00039331,0.0245283
Original,Original,40.0,0.01931487,0.00017007,0.00880503
Original,Original,40.0,0.01639942,0.00020628,0.01257862
Original,Original,40.0,0.01567055,0.00039423,0.02515723
Original,Original,40.0,0.01348397,0.00025441,0.01886792
Original,Original,40.0,0.0196793,0.00066835,0.03396226
Original,Original,40.0,0.01676385,0.00032684,0.01949686
Original,Original,40.0,0.01712828,0.00024777,0.01446541
Original,Original,40.0,0.01931487,0.00052235,0.02704403
Original,Original,40.0,0.01785714,0.00035939,0.02012579
Original,Original,40.0,0.02004373,0.00057988,0.02893082
Original,Original,40.0,0.01895044,0.00017878,0.00943396
Original,Original,40.0,0.01494169,0.00038529,0.02578616
Original,Original,40.0,0.02040816,0.0006161,0.03018868
Original,Original,40.0,0.02150146,0.00040569,0.01886792
Original,Original,40.0,0.01749271,0.00035205,0.02012579
Original,Original,40.0,0.01494169,0.00041348,0.02767296
Original,Original,40.0,0.01567055,0.00039423,0.02515723
Original,Original,40.0,0.01895044,0.00057209,0.03018868
Original,Original,40.0,0.0196793,0.00030942,0.01572327
Original,Original,40.0,0.01494169,0.00041348,0.02767296
Original,Original,40.0,0.01931487,0.00032799,0.01698113
Original,Original,40.0,0.01603499,0.00039331,0.0245283
Original,Original,40.0,0.01895044,0.00041715,0.02201258
Original,Original,40.0,0.02077259,0.00056177,0.02704403
Original,Original,40.0,0.01749271,0.00051708,0.02955975
Original,Original,40.0,0.01749271,0.00035205,0.02012579
Original,Original,40.0,0.02077259,0.00016984,0.0081761
Original,Original,40.0,0.01639942,0.00019597,0.01194969
Original,Original,40.0,0.01567055,0.00038437,0.0245283
Original,Original,40.0,0.01639942,0.00043319,0.02641509
Original,Original,40.0,0.01494169,0.00018795,0.01257862
Original,Original,40.0,0.01858601,0.0002221,0.01194969
Original,Original,40.0,0.01603499,0.00029246,0.01823899
Original,Original,40.0,0.01348397,0.00028834,0.02138365
Original,Original,40.0,0.01676385,0.00035847,0.02138365
Original,Original,40.0,0.01749271,0.00046207,0.02641509
Original,Original,40.0,0.01603499,0.00042357,0.02641509
Original,Original,40.0,0.01202624,0.00031767,0.02641509
Original,Original,40.0,0.01931487,0.00026725,0.01383648
Original,Original,40.0,0.01567055,0.00015769,0.01006289
Original,Original,40.0,0.01822157,0.00024066,0.01320755
Original,Original,40.0,0.01858601,0.00033899,0.01823899
Original,Original,40.0,0.01494169,0.00031011,0.02075472
Original,Original,40.0,0.01749271,0.00045107,0.02578616
Original,Original,40.0,0.01603499,0.00023195,0.01446541
Original,Original,40.0,0.01822157,0.00027504,0.01509434
Original,Original,40.0,0.01239067,0.00019482,0.01572327
Original,Original,40.0,0.01749271,0.00050608,0.02893082
Original,Original,40.0,0.02040816,0.00028238,0.01383648
Original,Original,40.0,0.01530612,0.00028879,0.01886792
Original,Original,40.0,0.01639942,0.00025785,0.01572327
Original,Original,40.0,0.02077259,0.00041806,0.02012579
Original,Original,40.0,0.01858601,0.00021041,0.01132075
Original,Original,40.0,0.01202624,0.00030255,0.02515723
Original,Original,40.0,0.01712828,0.00047399,0.02767296
Original,Original,40.0,0.01785714,0.0003257,0.01823899
Original,Original,40.0,0.01348397,0.00010177,0.00754717
Original,Original,40.0,0.01421283,0.00039331,0.02767296
Original,Original,40.0,0.02077259,0.00028742,0.01383648
Original,Original,40.0,0.01858601,0.00050264,0.02704403
Original,Original,40.0,0.01494169,0.00015036,0.01006289
Original,Original,40.0,0.01348397,0.00010177,0.00754717
Original,Original,40.0,0.01567055,0.0003548,0.02264151
Original,Original,40.0,0.01166181,0.00011735,0.01006289
Original,Original,40.0,0.01785714,0.00035939,0.02012579
Original,Original,40.0,0.01676385,0.00035847,0.02138365
Original,Original,40.0,0.0127551,0.00032088,0.02515723
Original,Original,40.0,0.01311953,0.00036306,0.02767296
Original,Original,40.0,0.02077259,0.00039194,0.01886792
Original,Original,40.0,0.01822157,0.00044694,0.0245283
Original,Original,40.0,0.01530612,0.00041394,0.02704403
Original,Original,40.0,0.01712828,0.00012927,0.00754717
Original,Original,40.0,0.01712828,0.00049554,0.02893082
Original,Original,40.0,0.0138484,0.00017419,0.01257862
Original,Original,40.0,0.01785714,0.00044924,0.02515723
Original,Original,40.0,0.01712828,0.00033395,0.01949686
Original,Original,40.0,0.01676385,0.00042173,0.02515723
Original,Original,40.0,0.01239067,0.00031951,0.02578616
Original,Original,40.0,0.01603499,0.00034289,0.02138365
Original,Original,40.0,0.01858601,0.0004325,0.02327044
Original,Original,40.0,0.01639942,0.00046413,0.02830189
Original,Original,40.0,0.02040816,0.00019253,0.00943396
Original,Original,40.0,0.02077259,0.00036581,0.01761006
Original,Original,40.0,0.01676385,0.00018978,0.01132075
Original,Original,40.0,0.01931487,0.00019436,0.01006289
Original,Original,40.0,0.02332362,0.00064543,0.02767296
Original,Original,40.0,0.01603499,0.00049416,0.03081761
Original,Original,40.0,0.01822157,0.00025212,0.01383648
Original,Original,40.0,0.01494169,0.00037589,0.02515723
Original,Original,40.0,0.01785714,0.00043801,0.0245283
Original,Original,40.0,0.01494169,0.00039469,0.02641509
Original,Original,40.0,0.01822157,0.00018336,0.01006289
Original,Original,40.0,0.01494169,0.00028192,0.01886792
Original,Original,40.0,0.01676385,0.00015815,0.00943396
Original,Original,40.0,0.01348397,0.00035618,0.02641509
Original,Original,40.0,0.01567055,0.00033509,0.02138365
Original,Original,40.0,0.01749271,0.00046207,0.02641509
Original,Original,40.0,0.01749271,0.00014302,0.0081761
Original,Original,40.0,0.01494169,0.00019734,0.01320755
Original,Original,40.0,0.0196793,0.00056934,0.02893082
Original,Original,40.0,0.01603499,0.00015127,0.00943396
Original,Original,40.0,0.01749271,0.00027504,0.01572327
Original,Original,40.0,0.01676385,0.00044282,0.02641509
Original,Original,40.0,0.0196793,0.00013615,0.00691824
Original,Original,40.0,0.01494169,0.00046047,0.03081761
Original,Original,40.0,0.01567055,0.00030553,0.01949686
Original,Original,40.0,0.01567055,0.00022668,0.01446541
Original,Original,40.0,0.01457726,0.00033922,0.02327044
Original,Original,40.0,0.01676385,0.00014761,0.00880503
Original,Original,40.0,0.02150146,0.00018932,0.00880503
Original,Original,40.0,0.01712828,0.00051708,0.03018868
Original,Original,40.0,0.01931487,0.00013362,0.00691824
Original,Original,40.0,0.01639942,0.00040225,0.0245283
Original,Original,40.0,0.01822157,0.00041256,0.02264151
Original,Original,40.0,0.02004373,0.00017649,0.00880503
Original,Original,40.0,0.01895044,0.00046482,0.0245283
Original,Original,40.0,0.01785714,0.00033693,0.01886792
Original,Original,40.0,0.01202624,0.00020422,0.01698113
Original,Original,40.0,0.01712828,0.00056017,0.0327044
Original,Original,40.0,0.01421283,0.00024135,0.01698113
Original,Original,40.0,0.01822157,0.00020628,0.01132075
Original,Original,40.0,0.01931487,0.00042517,0.02201258
Original,Original,40.0,0.01093294,0.00026817,0.0245283
Original,Original,40.0,0.01749271,0.00042907,0.0245283
Original,Original,40.0,0.01639942,0.00039194,0.02389937
Original,Original,40.0,0.02077259,0.00036581,0.01761006
Original,Original,40.0,0.01712828,0.00042013,0.0245283
Original,Original,40.0,0.01639942,0.00016503,0.01006289
Original,Original,40.0,0.01457726,0.00016503,0.01132075
Original,Original,40.0,0.01749271,0.00042907,0.0245283
Original,Original,40.0,0.01785714,0.00025831,0.01446541
Original,Original,40.0,0.01567055,0.00033509,0.02138365
Original,Original,40.0,0.01712828,0.00024777,0.01446541
Original,Original,40.0,0.01494169,0.00031011,0.02075472
Original,Original,40.0,0.01494169,0.00012216,0.0081761
Original,Original,40.0,0.01457726,0.0002017,0.01383648
Original,Original,40.0,0.01785714,0.00053908,0.03018868
Original,Original,40.0,0.01749271,0.00033005,0.01886792
Original,Original,40.0,0.01348397,0.00023745,0.01761006
Original,Original,40.0,0.01749271,0.00040706,0.02327044
Original,Original,40.0,0.0196793,0.00023516,0.01194969
Original,Original,40.0,0.02223032,0.00025166,0.01132075
Original,Original,40.0,0.01603499,0.00047399,0.02955975
Original,Original,40.0,0.01421283,0.00011621,0.0081761
Original,Original,40.0,0.01603499,0.00039331,0.0245283
Original,Original,40.0,0.01895044,0.00044099,0.02327044
Original,Original,40.0,0.01712828,0.00028009,0.0163522
Original,Original,40.0,0.01129738,0.00019184,0.01698113
Original,Original,40.0,0.01785714,0.00023585,0.01320755
Original,Original,40.0,0.0196793,0.0003218,0.0163522
Original,Original,40.0,0.01567055,0.00041394,0.02641509
Original,Original,40.0,0.01639942,0.00023722,0.01446541
Original,Original,40.0,0.01895044,0.00022645,0.01194969
Original,Original,40.0,0.0138484,0.00037452,0.02704403
Original,Original,40.0,0.01494169,0.00030071,0.02012579
Original,Original,40.0,0.01639942,0.00030942,0.01886792
Original,Original,40.0,0.01421283,0.00035756,0.02515723
Original,Original,40.0,0.01749271,0.00048408,0.02767296
Original,Original,40.0,0.01712828,0.00050631,0.02955975
Original,Original,40.0,0.01603499,0.00022187,0.01383648
Original,Original,40.0,0.01712828,0.00024777,0.01446541
Original,Original,40.0,0.01712828,0.00018313,0.01069182
Original,Original,40.0,0.01858601,0.00047926,0.02578616
Original,Original,40.0,0.02077259,0.00039194,0.01886792
Original,Original,40.0,0.01749271,0.00045107,0.02578616
Original,Original,40.0,0.01311953,0.00024754,0.01886792
Original,Original,40.0,0.01676385,0.00018978,0.01132075
Original,Original,40.0,0.01603499,0.00049416,0.03081761
Original,Original,40.0,0.01785714,0.00052785,0.02955975
Original,Original,40.0,0.01749271,0.00029705,0.01698113
Original,Original,40.0,0.01567055,0.0001774,0.01132075
Original,Original,40.0,0.01822157,0.00044694,0.0245283
Original,Original,40.0,0.01822157,0.00032088,0.01761006
Original,Original,40.0,0.01712828,0.00048476,0.02830189
Original,Original,40.0,0.01895044,0.00036947,0.01949686
Original,Original,40.0,0.01858601,0.00026885,0.01446541
Original,Original,40.0,0.01639942,0.00035068,0.02138365
Original,Original,40.0,0.01895044,0.00027413,0.01446541
Original,Original,40.0,0.01785714,0.00048293,0.02704403
Original,Original,40.0,0.01530612,0.00033693,0.02201258
Original,Original,40.0,0.01567055,0.00040408,0.02578616
Original,Original,40.0,0.01639942,0.00040225,0.0245283
Original,Original,40.0,0.01494169,0.00031951,0.02138365
Original,Original,40.0,0.01822157,0.00044694,0.0245283
Original,Original,40.0,0.01457726,0.00041256,0.02830189
Original,Original,40.0,0.01567055,0.00047307,0.03018868
Original,Original,40.0,0.01712828,0.00034472,0.02012579
Original,Original,40.0,0.02004373,0.00047903,0.02389937
Original,Original,40.0,0.01530612,0.00033693,0.02201258
Original,Original,40.0,0.02077259,0.00057484,0.02767296
Original,Original,40.0,0.01676385,0.00043228,0.02578616
Original,Original,40.0,0.01676385,0.00023195,0.01383648
Original,Original,40.0,0.01457726,0.00011919,0.0081761
Original,Original,40.0,0.01712828,0.00037704,0.02201258
Original,Original,40.0,0.01348397,0.00037314,0.02767296
Original,Original,40.0,0.0138484,0.00032226,0.02327044
Original,Original,40.0,0.01530612,0.00027917,0.01823899
Original,Original,40.0,0.01676385,0.00013706,0.0081761
Original,Original,40.0,0.01567055,0.00028582,0.01823899
Original,Original,40.0,0.01530612,0.00042357,0.02767296
Original,Original,40.0,0.01712828,0.00029086,0.01698113
Original,Original,40.0,0.01494169,0.0003383,0.02264151
Original,Original,40.0,0.01712828,0.00036627,0.02138365
Original,Original,40.0,0.01530612,0.00028879,0.01886792
Original,Original,40.0,0.01712828,0.00036627,0.02138365
Original,Original,40.0,0.01712828,0.00017236,0.01006289
Original,Original,40.0,0.01676385,0.00043228,0.02578616
Original,Original,40.0,0.01639942,0.00049508,0.03018868
Original,Original,40.0,0.01457726,0.00042173,0.02893082
Original,Original,40.0,0.01421283,0.00026817,0.01886792
Original,Original,40.0,0.01567055,0.00013798,0.00880503
Original,Original,40.0,0.01749271,0.00027504,0.01572327
Original,Original,40.0,0.01639942,0.00022691,0.01383648
Original,Original,40.0,0.01785714,0.00052785,0.02955975
Original,Original,40.0,0.02295918,0.00023104,0.01006289
Original,Original,40.0,0.01421283,0.0003218,0.02264151
Original,Original,40.0,0.02040816,0.00020537,0.01006289
Original,Original,40.0,0.01639942,0.00013408,0.0081761
Original,Original,40.0,0.01712828,0.00035549,0.02075472
Original,Original,40.0,0.02040816,0.00038506,0.01886792
Original,Original,40.0,0.01676385,0.00016869,0.01006289
Original,Original,40.0,0.01603499,0.00024204,0.01509434
Original,Original,40.0,0.01676385,0.00055879,0.03333333
Original,Original,40.0,0.02150146,0.00031103,0.01446541
Original,Original,40.0,0.01567055,0.0003548,0.02264151
Original,Original,40.0,0.01494169,0.00023493,0.01572327
Original,Original,40.0,0.01348397,0.00014417,0.01069182
Original,Original,40.0,0.01822157,0.00048132,0.02641509
Original,Original,40.0,0.01530612,0.0001444,0.00943396
Original,Original,40.0,0.01530612,0.00019253,0.01257862
Original,Original,40.0,0.0138484,0.00029613,0.02138365
Original,Original,40.0,0.01931487,0.00042517,0.02201258
Original,Original,40.0,0.01931487,0.00043732,0.02264151
Original,Original,40.0,0.01676385,0.00035847,0.02138365
Original,Original,40.0,0.01895044,0.00048866,0.02578616
Original,Original,40.0,0.01457726,0.00031171,0.02138365
Original,Original,40.0,0.01056851,0.00024593,0.02327044
Original,Original,40.0,0.01822157,0.00049278,0.02704403
Original,Original,40.0,0.01712828,0.00034472,0.02012579
Original,Original,40.0,0.01749271,0.00039606,0.02264151
Original,Original,40.0,0.01712828,0.00046322,0.02704403
Original,Original,40.0,0.01530612,0.00036581,0.02389937
Original,Original,40.0,0.01457726,0.00032088,0.02201258
Original,Original,40.0,0.01166181,0.00011735,0.01006289
Original,Original,40.0,0.01963636,0.00064057,0.03262159
Original,Original,40.0,0.02,0.0003796,0.01897983
Original,Original,40.0,0.02327273,0.00015184,0.00652432
Original,Original,40.0,0.02109091,0.00035026,0.01660735
Original,Original,40.0,0.01745455,0.00031058,0.01779359
Original,Original,40.0,0.02254545,0.00061512,0.02728351
Original,Original,40.0,0.02181818,0.00027176,0.01245552
Original,Original,40.0,0.02472727,0.00019066,0.00771056
Original,Original,40.0,0.01890909,0.00053834,0.02846975
Original,Original,40.0,0.02,0.0005694,0.02846975
Original,Original,40.0,0.02509091,0.00055063,0.02194543
Original,Original,40.0,0.01854545,0.00050599,0.02728351
Original,Original,40.0,0.02472727,0.00048399,0.01957295
Original,Original,40.0,0.02072727,0.00025817,0.01245552
Original,Original,40.0,0.02145455,0.0002036,0.00948992
Original,Original,40.0,0.02072727,0.00033193,0.01601423
Original,Original,40.0,0.02,0.00065243,0.03262159
Original,Original,40.0,0.01381818,0.00016392,0.0118624
Original,Original,40.0,0.01454545,0.00012078,0.00830368
Original,Original,40.0,0.02545455,0.00054351,0.02135231
Original,Original,40.0,0.01854545,0.00019799,0.01067616
Original,Original,40.0,0.01854545,0.00036299,0.01957295
Original,Original,40.0,0.01854545,0.00019799,0.01067616
Original,Original,40.0,0.016,0.00025623,0.01601423
Original,Original,40.0,0.01854545,0.00041799,0.02253855
Original,Original,40.0,0.02072727,0.00015982,0.00771056
Original,Original,40.0,0.02,0.0004745,0.02372479
Original,Original,40.0,0.01927273,0.00064014,0.03321471
Original,Original,40.0,0.02363636,0.0004346,0.01838671
Original,Original,40.0,0.01490909,0.00038024,0.02550415
Original,Original,40.0,0.01818182,0.00014019,0.00771056
Original,Original,40.0,0.02145455,0.00048355,0.02253855
Original,Original,40.0,0.02327273,0.00059355,0.02550415
Original,Original,40.0,0.01854545,0.00059398,0.03202847
Original,Original,40.0,0.02109091,0.00056292,0.02669039
Original,Original,40.0,0.01781818,0.00038046,0.02135231
Original,Original,40.0,0.02036364,0.00067637,0.03321471
Original,Original,40.0,0.02,0.00067616,0.03380783
Original,Original,40.0,0.02109091,0.00022517,0.01067616
Original,Original,40.0,0.01890909,0.0002916,0.01542112
Original,Original,40.0,0.02218182,0.00059204,0.02669039
Original,Original,40.0,0.01781818,0.00045444,0.02550415
Original,Original,40.0,0.01890909,0.00030281,0.01601423
Original,Original,40.0,0.01890909,0.00045983,0.02431791
Original,Original,40.0,0.01563636,0.00035242,0.02253855
Original,Original,40.0,0.01636364,0.00043675,0.02669039
Original,Original,40.0,0.02181818,0.0003494,0.01601423
Original,Original,40.0,0.02036364,0.00014494,0.00711744
Original,Original,40.0,0.01672727,0.00041669,0.02491103
Original,Original,40.0,0.01854545,0.00047299,0.02550415
Original,Original,40.0,0.01781818,0.00044387,0.02491103
Original,Original,40.0,0.01636364,0.00042705,0.02609727
Original,Original,40.0,0.01818182,0.00051763,0.02846975
Original,Original,40.0,0.02290909,0.00080168,0.03499407
Original,Original,40.0,0.02218182,0.00040785,0.01838671
Original,Original,40.0,0.02109091,0.00018764,0.0088968
Original,Original,40.0,0.02109091,0.00017513,0.00830368
Original,Original,40.0,0.02254545,0.00022733,0.01008304
Original,Original,40.0,0.02,0.00061684,0.03084223
Original,Original,40.0,0.01963636,0.00023293,0.0118624
Original,Original,40.0,0.02181818,0.00072468,0.03321471
Original,Original,40.0,0.02436364,0.00067918,0.02787663
Original,Original,40.0,0.01963636,0.00059398,0.03024911
Original,Original,40.0,0.01709091,0.00044603,0.02609727
Original,Original,40.0,0.01890909,0.00056077,0.02965599
Original,Original,40.0,0.01890909,0.00057198,0.03024911
Original,Original,40.0,0.02109091,0.00035026,0.01660735
Original,Original,40.0,0.01781818,0.00049671,0.02787663
Original,Original,40.0,0.02327273,0.00045552,0.01957295
Original,Original,40.0,0.02,0.00062871,0.03143535
Original,Original,40.0,0.01854545,0.00036299,0.01957295
Original,Original,40.0,0.02363636,0.00064488,0.02728351
Original,Original,40.0,0.02145455,0.00031813,0.014828
Original,Original,40.0,0.02072727,0.00033193,0.01601423
Original,Original,40.0,0.02109091,0.00058794,0.02787663
Original,Original,40.0,0.02181818,0.0002847,0.01304864
Original,Original,40.0,0.02181818,0.00047881,0.02194543
Original,Original,40.0,0.01781818,0.00049671,0.02787663
Original,Original,40.0,0.01781818,0.00038046,0.02135231
Original,Original,40.0,0.01927273,0.00060584,0.03143535
Original,Original,40.0,0.01563636,0.00031532,0.02016607
Original,Original,40.0,0.02218182,0.00032891,0.014828
Original,Original,40.0,0.02036364,0.00045897,0.02253855
Original,Original,40.0,0.02254545,0.00076221,0.03380783
Original,Original,40.0,0.02472727,0.00035199,0.01423488
Original,Original,40.0,0.02218182,0.00035522,0.01601423
Original,Original,40.0,0.01636364,0.00039793,0.02431791
Original,Original,40.0,0.02109091,0.00057543,0.02728351
Original,Original,40.0,0.01563636,0.0002875,0.01838671
Original,Original,40.0,0.02072727,0.00062698,0.03024911
Original,Original,40.0,0.02363636,0.00068694,0.02906287
Original,Original,40.0,0.01490909,0.00038909,0.02609727
Original,Original,40.0,0.02036364,0.00054351,0.02669039
Original,Original,40.0,0.02072727,0.00044258,0.02135231
Original,Original,40.0,0.01890909,0.0001458,0.00771056
Original,Original,40.0,0.024,0.00025623,0.01067616
Original,Original,40.0,0.016,0.0001898,0.0118624
Original,Original,40.0,0.02654545,0.00022042,0.00830368
Original,Original,40.0,0.02763636,0.00045897,0.01660735
Original,Original,40.0,0.02072727,0.00070074,0.03380783
Original,Original,40.0,0.02218182,0.00039469,0.01779359
Original,Original,40.0,0.02145455,0.0003563,0.01660735
Original,Original,40.0,0.02218182,0.0002105,0.00948992
Original,Original,40.0,0.024,0.0005694,0.02372479
Original,Original,40.0,0.01927273,0.00059441,0.03084223
Original,Original,40.0,0.01927273,0.00019433,0.01008304
Original,Original,40.0,0.02327273,0.00024846,0.01067616
Original,Original,40.0,0.01927273,0.00032007,0.01660735
Original,Original,40.0,0.01890909,0.00031403,0.01660735
Original,Original,40.0,0.01745455,0.00042446,0.02431791
Original,Original,40.0,0.02109091,0.00042532,0.02016607
Original,Original,40.0,0.02036364,0.00035026,0.01720047
Original,Original,40.0,0.01963636,0.00044258,0.02253855
Original,Original,40.0,0.02072727,0.00036881,0.01779359
Original,Original,40.0,0.02072727,0.00065157,0.03143535
Original,Original,40.0,0.02072727,0.00066386,0.03202847
Original,Original,40.0,0.02145455,0.00053445,0.02491103
Original,Original,40.0,0.02109091,0.00055042,0.02609727
Original,Original,40.0,0.02509091,0.00041669,0.01660735
Original,Original,40.0,0.02290909,0.00072016,0.03143535
Original,Original,40.0,0.02436364,0.00015896,0.00652432
Original,Original,40.0,0.01818182,0.00038822,0.02135231
Original,Original,40.0,0.01709091,0.00052712,0.03084223
Original,Original,40.0,0.02109091,0.00035026,0.01660735
Original,Original,40.0,0.01963636,0.00062892,0.03202847
Original,Original,40.0,0.02181818,0.00033646,0.01542112
Original,Original,40.0,0.02072727,0.00072533,0.03499407
Original,Original,40.0,0.01854545,0.00027499,0.014828
Original,Original,40.0,0.01818182,0.0004745,0.02609727
Original,Original,40.0,0.02690909,0.0002394,0.0088968
Original,Original,40.0,0.02072727,0.00045487,0.02194543
Original,Original,40.0,0.01709091,0.00024329,0.01423488
Original,Original,40.0,0.02072727,0.00046716,0.02253855
Original,Original,40.0,0.02,0.00064057,0.03202847
Original,Original,40.0,0.02545455,0.00043783,0.01720047
Original,Original,40.0,0.02145455,0.0004072,0.01897983
Original,Original,40.0,0.02181818,0.00031058,0.01423488
Original,Original,40.0,0.01854545,0.00060498,0.03262159
Original,Original,40.0,0.02036364,0.00064014,0.03143535
Original,Original,40.0,0.02545455,0.0006341,0.02491103
Original,Original,40.0,0.01818182,0.00022646,0.01245552
Original,Original,40.0,0.01781818,0.00019023,0.01067616
Original,Original,40.0,0.02145455,0.0001527,0.00711744
Original,Original,40.0,0.02218182,0.00056573,0.02550415
Original,Original,40.0,0.01963636,0.00024458,0.01245552
Original,Original,40.0,0.02181818,0.00064704,0.02965599
Original,Original,40.0,0.02145455,0.00053445,0.02491103
Original,Original,40.0,0.02254545,0.00080233,0.03558719
Original,Original,40.0,0.01563636,0.00043589,0.02787663
Original,Original,40.0,0.02145455,0.00052173,0.02431791
Original,Original,40.0,0.02072727,0.00050404,0.02431791
Original,Original,40.0,0.02290909,0.00042122,0.01838671
Original,Original,40.0,0.02109091,0.00070053,0.03321471
Original,Original,40.0,0.01781818,0.0002325,0.01304864
Original,Original,40.0,0.02181818,0.00075057,0.03440095
Original,Original,40.0,0.02109091,0.00056292,0.02669039
Original,Original,40.0,0.02036364,0.00021741,0.01067616
Original,Original,40.0,0.01781818,0.00034875,0.01957295
Original,Original,40.0,0.02036364,0.00071261,0.03499407
Original,Original,40.0,0.02581818,0.00032158,0.01245552
Original,Original,40.0,0.01563636,0.00042661,0.02728351
Original,Original,40.0,0.01781818,0.00046501,0.02609727
Original,Original,40.0,0.02509091,0.00034228,0.01364176
Original,Original,40.0,0.01745455,0.00042446,0.02431791
Original,Original,40.0,0.02109091,0.000663,0.03143535
Original,Original,40.0,0.02145455,0.00019088,0.0088968
Original,Original,40.0,0.01781818,0.00053898,0.03024911
Original,Original,40.0,0.02072727,0.00014753,0.00711744
Original,Original,40.0,0.02072727,0.00070074,0.03380783
Original,Original,40.0,0.02145455,0.00068716,0.03202847
Original,Original,40.0,0.01672727,0.00041669,0.02491103
Original,Original,40.0,0.02,0.00035587,0.01779359
Original,Original,40.0,0.02327273,0.00069018,0.02965599
Original,Original,40.0,0.01927273,0.00046867,0.02431791
Original,Original,40.0,0.01709091,0.00024329,0.01423488
Original,Original,40.0,0.02072727,0.00036881,0.01779359
Original,Original,40.0,0.01672727,0.00037701,0.02253855
Original,Original,40.0,0.02618182,0.00045034,0.01720047
Original,Original,40.0,0.02254545,0.00032093,0.01423488
Original,Original,40.0,0.02,0.0001898,0.00948992
Original,Original,40.0,0.01963636,0.00019799,0.01008304
Original,Original,40.0,0.02327273,0.00062116,0.02669039
Original,Original,40.0,0.02545455,0.00019627,0.00771056
Original,Original,40.0,0.01818182,0.00028038,0.01542112
Original,Original,40.0,0.02,0.0003796,0.01897983
Original,Original,40.0,0.02072727,0.00028276,0.01364176
Original,Original,40.0,0.01745455,0.00023811,0.01364176
Original,Original,40.0,0.02618182,0.00037269,0.01423488
Original,Original,40.0,0.01927273,0.00037722,0.01957295
Original,Original,40.0,0.01927273,0.000663,0.03440095
Original,Original,40.0,0.02036364,0.00042273,0.02075919
Original,Original,40.0,0.01490909,9.727e-05,0.00652432
Original,Original,40.0,0.01854545,0.000154,0.00830368
Original,Original,40.0,0.01963636,0.00040764,0.02075919
Original,Original,40.0,0.024,0.00049822,0.02075919
Original,Original,40.0,0.01818182,0.00029117,0.01601423
Original,Original,40.0,0.02218182,0.00043416,0.01957295
Original,Original,40.0,0.02072727,0.00056551,0.02728351
Original,Original,40.0,0.01890909,0.00050469,0.02669039
Original,Original,40.0,0.02145455,0.0002545,0.0118624
Original,Original,50.0,0.01413428,6.707e-05,0.00474496
Original,Original,50.0,0.0130742,8.53e-05,0.00652432
Original,Original,50.0,0.01272085,9.054e-05,0.00711744
Original,Original,50.0,0.01378092,0.00028608,0.02075919
Original,Original,50.0,0.01166078,0.00017291,0.014828
Original,Original,50.0,0.01978799,0.00024647,0.01245552
Original,Original,50.0,0.0229682,0.0001771,0.00771056
Original,Original,50.0,0.01378092,0.00027791,0.02016607
Original,Original,50.0,0.01872792,0.00025548,0.01364176
Original,Original,50.0,0.01660777,0.00042357,0.02550415
Original,Original,50.0,0.01660777,0.00035461,0.02135231
Original,Original,50.0,0.02014134,0.00020309,0.01008304
Original,Original,50.0,0.01978799,0.00032863,0.01660735
Original,Original,50.0,0.0155477,0.00011988,0.00771056
Original,Original,50.0,0.01696113,0.00017102,0.01008304
Original,Original,50.0,0.01590106,7.545e-05,0.00474496
Original,Original,50.0,0.01731449,0.00032863,0.01897983
Original,Original,50.0,0.01731449,0.00030809,0.01779359
Original,Original,50.0,0.02650177,0.00053444,0.02016607
Original,Original,50.0,0.01660777,0.00028566,0.01720047
Original,Original,50.0,0.01766784,0.00016767,0.00948992
Original,Original,50.0,0.01519435,0.00026135,0.01720047
Original,Original,50.0,0.01943463,0.00059941,0.03084223
Original,Original,50.0,0.02120141,0.00031437,0.014828
Original,Original,50.0,0.01766784,0.00014671,0.00830368
Original,Original,50.0,0.0180212,0.00040617,0.02253855
Original,Original,50.0,0.0180212,0.00039548,0.02194543
Original,Original,50.0,0.01908127,0.00013581,0.00711744
Original,Original,50.0,0.02014134,0.00032255,0.01601423
Original,Original,50.0,0.02438163,0.00014461,0.0059312
Original,Original,50.0,0.01625442,0.00039527,0.02431791
Original,Original,50.0,0.01413428,0.00014252,0.01008304
Original,Original,50.0,0.02014134,0.00039423,0.01957295
Original,Original,50.0,0.0130742,0.00013183,0.01008304
Original,Original,50.0,0.01625442,0.00028922,0.01779359
Original,Original,50.0,0.01837456,0.00010898,0.0059312
Original,Original,50.0,0.02120141,0.0004024,0.01897983
Original,Original,50.0,0.01519435,0.00025234,0.01660735
Original,Original,50.0,0.02261484,0.00028168,0.01245552
Original,Original,50.0,0.0180212,0.00034204,0.01897983
Original,Original,50.0,0.01660777,0.00025611,0.01542112
Original,Original,50.0,0.01696113,0.00026156,0.01542112
Original,Original,50.0,0.01696113,0.00044264,0.02609727
Original,Original,50.0,0.02226148,0.00031689,0.01423488
Original,Original,50.0,0.01908127,0.00023767,0.01245552
Original,Original,50.0,0.01943463,0.00028818,0.014828
Original,Original,50.0,0.01660777,0.00038417,0.02313167
Original,Original,50.0,0.01378092,0.00027791,0.02016607
Original,Original,50.0,0.02014134,0.00022698,0.01126928
Original,Original,50.0,0.01413428,0.00018443,0.01304864
Original,Original,50.0,0.02332155,0.00034581,0.014828
Original,Original,50.0,0.01978799,0.00031689,0.01601423
Original,Original,50.0,0.01766784,0.00013623,0.00771056
Original,Original,50.0,0.01660777,0.00025611,0.01542112
Original,Original,50.0,0.02685512,0.00025485,0.00948992
Original,Original,50.0,0.01766784,0.00031437,0.01779359
Original,Original,50.0,0.01696113,0.0003521,0.02075919
Original,Original,50.0,0.02614841,0.00026366,0.01008304
Original,Original,50.0,0.01660777,0.00014776,0.0088968
Original,Original,50.0,0.01696113,0.00019114,0.01126928
Original,Original,50.0,0.0155477,0.00033198,0.02135231
Original,Original,50.0,0.01660777,0.00038417,0.02313167
Original,Original,50.0,0.01590106,0.00025464,0.01601423
Original,Original,50.0,0.0180212,0.00022446,0.01245552
Original,Original,50.0,0.01908127,0.00021503,0.01126928
Original,Original,50.0,0.01484099,0.00031689,0.02135231
Original,Original,50.0,0.01660777,0.0001182,0.00711744
Original,Original,50.0,0.01731449,0.0001027,0.0059312
Original,Original,50.0,0.01766784,0.00015719,0.0088968
Original,Original,50.0,0.0204947,0.00014587,0.00711744
Original,Original,50.0,0.01590106,0.00011317,0.00711744
Original,Original,50.0,0.02120141,0.00044012,0.02075919
Original,Original,50.0,0.02473498,0.00064552,0.02609727
Original,Original,50.0,0.0155477,8.299e-05,0.00533808
Original,Original,50.0,0.01908127,0.00046402,0.02431791
Original,Original,50.0,0.01342756,0.00020707,0.01542112
Original,Original,50.0,0.02014134,0.00057342,0.02846975
Original,Original,50.0,0.01519435,0.00035147,0.02313167
Original,Original,50.0,0.01696113,0.00022132,0.01304864
Original,Original,50.0,0.01590106,0.00025464,0.01601423
Original,Original,50.0,0.02190813,0.00015593,0.00711744
Original,Original,50.0,0.0204947,0.00027958,0.01364176
Original,Original,50.0,0.02190813,0.0004418,0.02016607
Original,Original,50.0,0.01696113,0.00018108,0.01067616
Original,Original,50.0,0.01766784,0.00031437,0.01779359
Original,Original,50.0,0.02367491,0.00033701,0.01423488
Original,Original,50.0,0.01625442,0.00040491,0.02491103
Original,Original,50.0,0.01872792,0.00038878,0.02075919
Original,Original,50.0,0.01484099,0.0003433,0.02313167
Original,Original,50.0,0.01766784,0.0003039,0.01720047
Original,Original,50.0,0.02155477,0.00012785,0.0059312
Original,Original,50.0,0.01413428,0.00019282,0.01364176
Original,Original,50.0,0.01908127,0.00031689,0.01660735
Original,Original,50.0,0.02367491,0.00037914,0.01601423
Original,Original,50.0,0.02402827,0.0004133,0.01720047
Original,Original,50.0,0.01590106,0.00041497,0.02609727
Original,Original,50.0,0.02014134,0.00014335,0.00711744
Original,Original,50.0,0.01448763,0.00034372,0.02372479
Original,Original,50.0,0.01908127,0.00016976,0.0088968
Original,Original,50.0,0.01766784,0.0002515,0.01423488
Original,Original,50.0,0.01625442,0.00012533,0.00771056
Original,Original,50.0,0.01625442,0.0004724,0.02906287
Original,Original,50.0,0.01696113,0.00036216,0.02135231
Original,Original,50.0,0.01978799,0.00041078,0.02075919
Original,Original,50.0,0.01731449,0.00031836,0.01838671
Original,Original,50.0,0.01660777,0.00022656,0.01364176
Original,Original,50.0,0.01660777,0.00013791,0.00830368
Original,Original,50.0,0.01731449,0.00041078,0.02372479
Original,Original,50.0,0.01978799,0.00056336,0.02846975
Original,Original,50.0,0.01872792,0.00039988,0.02135231
Original,Original,50.0,0.0155477,9.222e-05,0.0059312
Original,Original,50.0,0.0204947,0.00024312,0.0118624
Original,Original,50.0,0.01837456,0.00016347,0.0088968
Original,Original,50.0,0.01837456,9.808e-05,0.00533808
Original,Original,50.0,0.01625442,0.00024102,0.014828
Original,Original,50.0,0.01731449,0.00020539,0.0118624
Original,Original,50.0,0.02084806,0.00059354,0.02846975
Original,Original,50.0,0.01837456,0.00031605,0.01720047
Original,Original,50.0,0.0229682,0.00027246,0.0118624
Original,Original,50.0,0.01519435,0.00027036,0.01779359
Original,Original,50.0,0.0180212,0.00022446,0.01245552
Original,Original,50.0,0.01696113,0.00036216,0.02135231
Original,Original,50.0,0.01872792,0.00011108,0.0059312
Original,Original,50.0,0.01378092,0.00010626,0.00771056
Original,Original,50.0,0.01731449,0.00021566,0.01245552
Original,Original,50.0,0.02332155,0.00062246,0.02669039
Original,Original,50.0,0.0180212,0.00014964,0.00830368
Original,Original,50.0,0.01766784,0.00037725,0.02135231
Original,Original,50.0,0.01448763,0.00036949,0.02550415
Original,Original,50.0,0.01342756,7.964e-05,0.0059312
Original,Original,50.0,0.01943463,0.00033428,0.01720047
Original,Original,50.0,0.01484099,0.00014964,0.01008304
Original,Original,50.0,0.01590106,0.00034896,0.02194543
Original,Original,50.0,0.0180212,0.00025653,0.01423488
Original,Original,50.0,0.01766784,0.0002515,0.01423488
Original,Original,50.0,0.01625442,0.00044348,0.02728351
Original,Original,50.0,0.01660777,0.0001182,0.00711744
Original,Original,50.0,0.0155477,0.00023976,0.01542112
Original,Original,50.0,0.01660777,0.00031521,0.01897983
Original,Original,50.0,0.0155477,0.00017521,0.01126928
Original,Original,50.0,0.01625442,0.00031815,0.01957295
Original,Original,50.0,0.02155477,0.00028126,0.01304864
Original,Original,50.0,0.01766784,0.0002515,0.01423488
Original,Original,50.0,0.02226148,0.00023767,0.01067616
Original,Original,50.0,0.01236749,0.00019072,0.01542112
Original,Original,50.0,0.01766784,0.0003039,0.01720047
Original,Original,50.0,0.02120141,0.00046527,0.02194543
Original,Original,50.0,0.01625442,0.00034707,0.02135231
Original,Original,50.0,0.0254417,0.00031689,0.01245552
Original,Original,50.0,0.01448763,0.00023201,0.01601423
Original,Original,50.0,0.01625442,0.00041456,0.02550415
Original,Original,50.0,0.01660777,9.85e-05,0.0059312
Original,Original,50.0,0.0155477,0.00011988,0.00771056
Original,Original,50.0,0.02155477,0.00067758,0.03143535
Original,Original,50.0,0.01731449,0.00024647,0.01423488
Original,Original,50.0,0.01908127,0.00022635,0.0118624
Original,Original,50.0,0.01625442,0.00023138,0.01423488
Original,Original,50.0,0.0180212,0.00042755,0.02372479
Original,Original,50.0,0.0204947,0.0003039,0.014828
Original,Original,50.0,0.01660777,0.00041372,0.02491103
Original,Original,50.0,0.0155477,0.00026743,0.01720047
Original,Original,50.0,0.01943463,0.0002536,0.01304864
Original,Original,50.0,0.0204947,0.00037683,0.01838671
Original,Original,50.0,0.01731449,0.00021566,0.01245552
Original,Original,50.0,0.01837456,0.00029425,0.01601423
Original,Original,50.0,0.02084806,0.00037096,0.01779359
Original,Original,50.0,0.01625442,0.00010605,0.00652432
Original,Original,50.0,0.01660777,0.00026596,0.01601423
Original,Original,50.0,0.0180212,0.0001924,0.01067616
Original,Original,50.0,0.01766784,0.00038773,0.02194543
Original,Original,50.0,0.01908127,0.00016976,0.0088968
Original,Original,50.0,0.01625442,9.641e-05,0.0059312
Original,Original,50.0,0.02720848,0.0003389,0.01245552
Original,Original,50.0,0.0180212,0.00022446,0.01245552
Original,Original,50.0,0.0155477,0.00041497,0.02669039
Original,Original,50.0,0.01625442,0.00024102,0.014828
Original,Original,50.0,0.01837456,0.00058851,0.03202847
Original,Original,50.0,0.0204947,0.0001094,0.00533808
Original,Original,50.0,0.01378092,0.00032695,0.02372479
Original,Original,50.0,0.01696113,9.054e-05,0.00533808
Original,Original,50.0,0.0180212,0.00027791,0.01542112
Original,Original,50.0,0.01731449,8.216e-05,0.00474496
Original,Original,50.0,0.01908127,0.00031689,0.01660735
Original,Original,50.0,0.01519435,0.00039653,0.02609727
Original,Original,50.0,0.01448763,0.00028357,0.01957295
Original,Original,50.0,0.01696113,0.00019114,0.01126928
Original,Original,50.0,0.01660777,0.00016746,0.01008304
Original,Original,50.0,0.02332155,0.00017982,0.00771056
Original,Original,50.0,0.02014134,0.00052563,0.02609727
Original,Original,50.0,0.02685512,0.00019114,0.00711744
Original,Original,50.0,0.01519435,0.00030641,0.02016607
Original,Original,50.0,0.0204947,0.00034036,0.01660735
Original,Original,50.0,0.02155477,0.00020455,0.00948992
Original,Original,50.0,0.02473498,0.00023473,0.00948992
Original,Original,50.0,0.0155477,0.00017521,0.01126928
Original,Original,50.0,0.01660777,0.00045312,0.02728351
Original,Original,50.0,0.01696113,0.0003018,0.01779359
Original,Original,50.0,0.01519435,0.00018925,0.01245552
Original,Original,50.0,0.01872792,0.00044432,0.02372479
Original,Original,50.0,0.02261484,0.00042923,0.01897983
Original,Original,50.0,0.01024735,0.0002188,0.02135231
Original,Original,50.0,0.01378092,8.174e-05,0.0059312
Original,Original,50.0,0.0155477,0.00024898,0.01601423
Original,Original,50.0,0.01590106,0.00031123,0.01957295
Original,Original,50.0,0.0155477,0.00023976,0.01542112
Original,Original,50.0,0.0180212,0.00027791,0.01542112
Original,Original,50.0,0.01342756,0.00015928,0.0118624
Original,Original,50.0,0.01519435,8.111e-05,0.00533808
Original,Original,50.0,0.01272085,0.00027916,0.02194543
Original,Original,50.0,0.01236749,0.00015404,0.01245552
Original,Original,50.0,0.01413428,0.00023473,0.01660735
Original,Original,50.0,0.0155477,0.00014755,0.00948992
Original,Original,50.0,0.01448763,0.00026638,0.01838671
Original,Original,50.0,0.01378092,0.00032695,0.02372479
Original,Original,50.0,0.01625442,0.0002121,0.01304864
Original,Original,50.0,0.01060071,0.00019491,0.01838671
Original,Original,50.0,0.0155477,0.00011066,0.00711744
Original,Original,50.0,0.01731449,0.00016431,0.00948992
Original,Original,50.0,0.0155477,0.00026743,0.01720047
Original,Original,50.0,0.01272085,0.00021126,0.01660735
Original,Original,50.0,0.01590106,0.00036782,0.02313167
Original,Original,50.0,0.01484099,0.00026407,0.01779359
Original,Original,50.0,0.01484099,0.00021126,0.01423488
Original,Original,50.0,0.01448763,7.734e-05,0.00533808
Original,Original,50.0,0.01448763,0.00028357,0.01957295
Original,Original,50.0,0.01448763,0.00012889,0.0088968
Original,Original,50.0,0.01731449,0.00026701,0.01542112
Original,Original,50.0,0.01696113,0.00014084,0.00830368
Original,Original,50.0,0.0130742,0.00032569,0.02491103
Original,Original,50.0,0.01484099,0.00029928,0.02016607
Original,Original,50.0,0.01519435,0.00036949,0.02431791
Original,Original,50.0,0.01696113,0.0004024,0.02372479
Original,Original,50.0,0.01130742,0.00020791,0.01838671
Original,Original,50.0,0.01448763,0.00026638,0.01838671
Original,Original,50.0,0.01272085,0.00010563,0.00830368
Original,Original,50.0,0.0130742,0.00011632,0.0088968
Original,Original,50.0,0.01484099,0.00026407,0.01779359
Original,Original,50.0,0.01413428,0.00029342,0.02075919
Original,Original,50.0,0.01272085,0.00019617,0.01542112
Original,Original,50.0,0.01660777,0.00015761,0.00948992
Original,Original,50.0,0.01201413,0.00015677,0.01304864
Original,Original,50.0,0.01519435,0.00035147,0.02313167
Original,Original,50.0,0.01590106,0.00028294,0.01779359
Original,Original,50.0,0.02014134,0.00033449,0.01660735
Original,Original,50.0,0.01625442,0.00017353,0.01067616
Original,Original,50.0,0.0130742,0.00019386,0.014828
Original,Original,50.0,0.01625442,0.00015425,0.00948992
Original,Original,50.0,0.01625442,0.00038563,0.02372479
Original,Original,50.0,0.0155477,0.00033198,0.02135231
Original,Original,50.0,0.0155477,0.00035964,0.02313167
Original,Original,50.0,0.0130742,7.755e-05,0.0059312
Original,Original,50.0,0.01484099,0.00025527,0.01720047
Original,Original,50.0,0.01448763,0.00017186,0.0118624
Original,Original,50.0,0.01413428,0.00017605,0.01245552
Original,Original,50.0,0.01590106,0.00033952,0.02135231
Original,Original,50.0,0.01378092,0.00021252,0.01542112
Original,Original,50.0,0.01660777,0.00028566,0.01720047
Original,Original,50.0,0.01943463,0.00043803,0.02253855
Original,Original,50.0,0.01484099,0.00011443,0.00771056
Original,Original,50.0,0.01731449,0.00026701,0.01542112
Original,Original,50.0,0.01519435,0.0002974,0.01957295
Original,Original,50.0,0.01413428,0.00020958,0.014828
Original,Original,50.0,0.01342756,0.00015928,0.0118624
Original,Original,50.0,0.01378092,0.000188,0.01364176
Original,Original,50.0,0.01872792,0.00041099,0.02194543
Original,Original,50.0,0.01519435,0.00025234,0.01660735
Original,Original,50.0,0.0155477,0.00028587,0.01838671
Original,Original,50.0,0.01413428,0.00017605,0.01245552
Original,Original,50.0,0.02367491,0.00051956,0.02194543
Original,Original,50.0,0.00954064,0.00018108,0.01897983
Original,Original,50.0,0.0180212,0.00024584,0.01364176
Original,Original,50.0,0.02155477,0.0001662,0.00771056
Original,Original,50.0,0.01484099,0.00011443,0.00771056
Original,Original,50.0,0.01378092,0.00021252,0.01542112
Original,Original,50.0,0.01236749,0.00014671,0.0118624
Original,Original,50.0,0.01448763,0.00011171,0.00771056
Original,Original,50.0,0.01413428,0.00023473,0.01660735
Original,Original,50.0,0.01272085,0.00012826,0.01008304
Original,Original,50.0,0.01590106,0.00014147,0.0088968
Original,Original,50.0,0.0180212,0.00023515,0.01304864
Original,Original,50.0,0.01413428,0.00028503,0.02016607
Original,Original,50.0,0.00989399,7.042e-05,0.00711744
Original,Original,50.0,0.01448763,0.0002406,0.01660735
Original,Original,50.0,0.01413428,0.00018443,0.01304864
Original,Original,50.0,0.01413428,0.00025988,0.01838671
Original,Original,50.0,0.0155477,0.00037809,0.02431791
Original,Original,50.0,0.01448763,0.0001203,0.00830368
Original,Original,50.0,0.01413428,0.0002012,0.01423488
Original,Original,50.0,0.01872792,0.00011108,0.0059312
Original,Original,50.0,0.01413428,0.00023473,0.01660735
Original,Original,50.0,0.01236749,0.00014671,0.0118624
Original,Original,50.0,0.01731449,0.00030809,0.01779359
Original,Original,50.0,0.01201413,0.00020665,0.01720047
Original,Original,50.0,0.01696113,0.00022132,0.01304864
Original,Original,50.0,0.01201413,0.00015677,0.01304864
Original,Original,50.0,0.01448763,0.00023201,0.01601423
Original,Original,50.0,0.01625442,0.00036635,0.02253855
Original,Original,50.0,0.01413428,0.0002515,0.01779359
Original,Original,50.0,0.01201413,5.701e-05,0.00474496
Original,Original,50.0,0.0155477,0.00032276,0.02075919
Original,Original,50.0,0.01095406,0.00011045,0.01008304
Original,Original,50.0,0.01342756,0.0003106,0.02313167
Original,Original,50.0,0.01130742,8.048e-05,0.00711744
Original,Original,50.0,0.01342756,0.00012743,0.00948992
Original,Original,50.0,0.0155477,0.00023054,0.014828
Original,Original,50.0,0.01413428,0.00024312,0.01720047
Original,Original,50.0,0.01130742,7.377e-05,0.00652432
Original,Original,50.0,0.01413428,0.0003018,0.02135231
Original,Original,50.0,0.01095406,0.00019491,0.01779359
Original,Original,50.0,0.0229682,0.00031333,0.01364176
Original,Original,50.0,0.01060071,0.00022006,0.02075919
Original,Original,50.0,0.0155477,0.00026743,0.01720047
Original,Original,50.0,0.01342756,9.557e-05,0.00711744
Original,Original,50.0,0.01519435,0.00013518,0.0088968
Original,Original,50.0,0.01413428,0.00014252,0.01008304
Original,Original,50.0,0.01519435,0.00028839,0.01897983
Original,Original,50.0,0.00954064,0.00013015,0.01364176
Original,Original,50.0,0.01484099,0.00025527,0.01720047
Original,Original,50.0,0.01590106,0.00016033,0.01008304
Original,Original,50.0,0.01413428,0.0003018,0.02135231
Original,Original,50.0,0.01378092,0.00017165,0.01245552
Original,Original,50.0,0.01413428,9.222e-05,0.00652432
Original,Original,50.0,0.01272085,0.00026407,0.02075919
Original,Original,50.0,0.01590106,0.00025464,0.01601423
Original,Original,50.0,0.0180212,0.00011758,0.00652432
Original,Original,50.0,0.00989399,0.0001115,0.01126928
Original,Original,50.0,0.02120141,0.00036467,0.01720047
Original,Original,50.0,0.01201413,0.0001924,0.01601423
Original,Original,50.0,0.01236749,0.00013937,0.01126928
Original,Original,50.0,0.01484099,0.0003521,0.02372479
Original,Original,50.0,0.01519435,0.00021629,0.01423488
Original,Original,50.0,0.0180212,0.00016033,0.0088968
Original,Original,50.0,0.0155477,0.00017521,0.01126928
Original,Original,50.0,0.01731449,0.00014377,0.00830368
Original,Original,50.0,0.01519435,0.00024333,0.01601423
Original,Original,50.0,0.01943463,0.00010374,0.00533808
Original,Original,50.0,0.01342756,0.00028671,0.02135231
Original,Original,50.0,0.01872792,0.00038878,0.02075919
Original,Original,50.0,0.01448763,0.00024919,0.01720047
Original,Original,50.0,0.01130742,8.719e-05,0.00771056
Original,Original,50.0,0.01625442,0.00039527,0.02431791
Original,Original,50.0,0.01448763,0.00032653,0.02253855
Original,Original,50.0,0.01519435,0.00025234,0.01660735
Original,Original,50.0,0.01201413,0.00010689,0.0088968
Original,Original,50.0,0.01908127,0.00012449,0.00652432
Original,Original,50.0,0.01519435,0.00013518,0.0088968
Original,Original,50.0,0.01484099,0.00014964,0.01008304
Original,Original,50.0,0.01625442,0.00026994,0.01660735
Original,Original,50.0,0.01342756,0.00010353,0.00771056
Original,Original,50.0,0.01448763,0.00013749,0.00948992
Original,Original,50.0,0.01766784,0.00015719,0.0088968
Original,Original,50.0,0.01908127,0.0005206,0.02728351
Original,Original,50.0,0.01272085,0.00021126,0.01660735
Original,Original,50.0,0.0155477,0.00030431,0.01957295
Original,Original,50.0,0.01484099,0.00018485,0.01245552
Original,Original,50.0,0.0155477,0.00015677,0.01008304
Original,Original,50.0,0.01872792,0.00045542,0.02431791
Original,Original,50.0,0.01342756,0.0003106,0.02313167
Original,Original,50.0,0.01095406,0.00023389,0.02135231
Original,Original,50.0,0.0204947,0.00038899,0.01897983
Original,Original,50.0,0.01448763,0.00018904,0.01304864
Original,Original,50.0,0.01696113,0.00031186,0.01838671
Original,Original,50.0,0.01484099,0.00019365,0.01304864
Original,Original,50.0,0.01519435,0.00030641,0.02016607
Original,Original,50.0,0.02084806,0.00038333,0.01838671
Original,Original,50.0,0.01766784,0.00016767,0.00948992
Original,Original,50.0,0.01731449,0.00014377,0.00830368
Original,Original,50.0,0.01590106,0.0003018,0.01897983
Original,Original,50.0,0.01519435,0.00026135,0.01720047
Original,Original,50.0,0.0130742,0.00018611,0.01423488
Original,Original,50.0,0.0130742,0.0002559,0.01957295
Original,Original,50.0,0.01978799,0.00023473,0.0118624
Original,Original,50.0,0.01448763,0.00014608,0.01008304
Original,Original,50.0,0.01484099,8.802e-05,0.0059312
Original,Original,50.0,0.01766784,0.0001991,0.01126928
Original,Original,50.0,0.0204947,0.00019449,0.00948992
Original,Original,50.0,0.0254417,0.00025653,0.01008304
Original,Original,50.0,0.01236749,0.00022006,0.01779359
Original,Original,50.0,0.01378092,0.00026973,0.01957295
Original,Original,50.0,0.01378092,0.00026156,0.01897983
Original,Original,50.0,0.01024735,0.0002188,0.02135231
Original,Original,50.0,0.01590106,0.00021692,0.01364176
Original,Original,50.0,0.01413428,0.0002012,0.01423488
Original,Original,50.0,0.01625442,0.00012533,0.00771056
Original,Original,50.0,0.01696113,0.0003018,0.01779359
Original,Original,50.0,0.01378092,0.00035147,0.02550415
Original,Original,50.0,0.01519435,0.00021629,0.01423488
Original,Original,50.0,0.01448763,0.00026638,0.01838671
Original,Original,50.0,0.01378092,0.0001553,0.01126928
Original,Original,50.0,0.0155477,0.00013832,0.0088968
Original,Original,50.0,0.01272085,0.00021126,0.01660735
Original,Original,50.0,0.0130742,0.00032569,0.02491103
Original,Original,50.0,0.01484099,0.00027288,0.01838671
Original,Original,50.0,0.01413428,0.00024312,0.01720047
Original,Original,50.0,0.01837456,0.00037054,0.02016607
Original,Original,50.0,0.0130742,0.00012407,0.00948992
Original,Original,50.0,0.01590106,0.00016033,0.01008304
Original,Original,50.0,0.0155477,0.00010144,0.00652432
Original,Original,50.0,0.0180212,0.00025653,0.01423488
Original,Original,50.0,0.01378092,7.356e-05,0.00533808
Original,Original,50.0,0.013435,0.00014341,0.01067416
Original,Original,50.0,0.01198257,0.00012117,0.01011236
Original,Original,50.0,0.013435,0.00025662,0.01910112
Original,Original,50.0,0.0130719,0.00017625,0.01348315
Original,Original,50.0,0.01053014,6.507e-05,0.00617978
Original,Original,50.0,0.01234568,0.0001942,0.01573034
Original,Original,50.0,0.01234568,9.017e-05,0.00730337
Original,Original,50.0,0.01270879,0.00026417,0.02078652
Original,Original,50.0,0.00980392,0.00018727,0.01910112
Original,Original,50.0,0.01016703,5.712e-05,0.00561798
Original,Original,50.0,0.01597676,9.873e-05,0.00617978
Original,Original,50.0,0.01198257,0.00015483,0.01292135
Original,Original,50.0,0.00944081,0.00017503,0.01853933
Original,Original,50.0,0.01234568,0.00020807,0.01685393
Original,Original,50.0,0.01270879,0.00012852,0.01011236
Original,Original,50.0,0.01452433,7.344e-05,0.00505618
Original,Original,50.0,0.01161946,0.00022847,0.01966292
Original,Original,50.0,0.01416122,7.16e-05,0.00505618
Original,Original,50.0,0.0130719,0.0001175,0.00898876
Original,Original,50.0,0.0130719,0.00013219,0.01011236
Original,Original,50.0,0.01452433,0.00019583,0.01348315
Original,Original,50.0,0.00835149,9.853e-05,0.01179775
Original,Original,50.0,0.00907771,0.00016829,0.01853933
Original,Original,50.0,0.0130719,0.00020563,0.01573034
Original,Original,50.0,0.01089325,9.18e-05,0.00842697
Original,Original,50.0,0.01488744,0.00024255,0.01629213
Original,Original,50.0,0.01379811,0.00013953,0.01011236
Original,Original,50.0,0.01016703,0.00014851,0.01460674
Original,Original,50.0,0.01379811,0.00024806,0.01797753
Original,Original,50.0,0.01379811,0.00011628,0.00842697
Original,Original,50.0,0.01125635,6.956e-05,0.00617978
Original,Original,50.0,0.01416122,0.00015911,0.01123596
Original,Original,50.0,0.01198257,0.00016156,0.01348315
Original,Original,50.0,0.01198257,0.00024234,0.02022472
Original,Original,50.0,0.0130719,0.00011016,0.00842697
Original,Original,50.0,0.01379811,0.00027131,0.01966292
Original,Original,50.0,0.01561365,9.649e-05,0.00617978
Original,Original,50.0,0.01234568,0.00020807,0.01685393
Original,Original,50.0,0.01089325,9.18e-05,0.00842697
Original,Original,50.0,0.01125635,0.00016442,0.01460674
Original,Original,50.0,0.01270879,0.00022133,0.01741573
Original,Original,50.0,0.01198257,0.00018849,0.01573034
Original,Original,50.0,0.01089325,0.00016523,0.01516854
Original,Original,50.0,0.01525054,0.00016279,0.01067416
Original,Original,50.0,0.01161946,0.00012403,0.01067416
Original,Original,50.0,0.01525054,0.00025703,0.01685393
Original,Original,50.0,0.01161946,6.528e-05,0.00561798
Original,Original,50.0,0.01161946,0.00014361,0.01235955
Original,Original,50.0,0.0130719,0.00027172,0.02078652
Original,Original,50.0,0.01053014,6.507e-05,0.00617978
Original,Original,50.0,0.0138484,0.00015677,0.01132075
Original,Original,50.0,0.01056851,0.00015288,0.01446541
Original,Original,50.0,0.01093294,0.00020628,0.01886792
Original,Original,50.0,0.01895044,0.00025029,0.01320755
Original,Original,50.0,0.01421283,8.939e-05,0.00628931
Original,Original,50.0,0.01494169,0.00011277,0.00754717
Original,Original,50.0,0.01348397,0.00028834,0.02138365
Original,Original,50.0,0.0138484,0.00016548,0.01194969
Original,Original,50.0,0.01603499,0.00024204,0.01509434
Original,Original,50.0,0.01166181,8.801e-05,0.00754717
Original,Original,50.0,0.01530612,0.00016365,0.01069182
Original,Original,50.0,0.01348397,0.00022049,0.0163522
Original,Original,50.0,0.01676385,0.00014761,0.00880503
Original,Original,50.0,0.0138484,0.00032226,0.02327044
Original,Original,50.0,0.0138484,0.00019161,0.01383648
Original,Original,50.0,0.01457726,0.00030255,0.02075472
Original,Original,50.0,0.01239067,0.00018703,0.01509434
Original,Original,50.0,0.01311953,0.00029705,0.02264151
Original,Original,50.0,0.0196793,0.00033418,0.01698113
Original,Original,50.0,0.01421283,0.00035756,0.02515723
Original,Original,50.0,0.01421283,0.00014302,0.01006289
Original,Original,50.0,0.0138484,0.00020032,0.01446541
Original,Original,50.0,0.01457726,0.00026587,0.01823899
Original,Original,50.0,0.01457726,0.00021087,0.01446541
Original,Original,50.0,0.02040816,0.00032088,0.01572327
Original,Original,50.0,0.01567055,0.00016755,0.01069182
Original,Original,50.0,0.01494169,0.0003383,0.02264151
Original,Original,50.0,0.01311953,0.00018153,0.01383648
Original,Original,50.0,0.01239067,0.00022599,0.01823899
Original,Original,50.0,0.01494169,8.458e-05,0.00566038
Original,Original,50.0,0.01348397,5.936e-05,0.00440252
Original,Original,50.0,0.00983965,0.00019184,0.01949686
Original,Original,50.0,0.01202624,0.00011346,0.00943396
Original,Original,50.0,0.01457726,9.168e-05,0.00628931
Original,Original,50.0,0.01311953,0.00019803,0.01509434
Original,Original,50.0,0.01931487,0.00017007,0.00880503
Original,Original,50.0,0.01202624,0.00019666,0.0163522
Original,Original,50.0,0.01239067,0.00025716,0.02075472
Original,Original,50.0,0.01239067,0.00028834,0.02327044
Original,Original,50.0,0.01567055,0.00015769,0.01006289
Original,Original,50.0,0.01421283,0.00022347,0.01572327
Original,Original,50.0,0.01530612,0.00026954,0.01761006
Original,Original,50.0,0.01567055,0.00028582,0.01823899
Original,Original,50.0,0.01858601,0.00018703,0.01006289
Original,Original,50.0,0.01567055,0.00029567,0.01886792
Original,Original,50.0,0.01020408,0.00019895,0.01949686
Original,Original,50.0,0.02040816,0.00037222,0.01823899
Original,Original,50.0,0.01202624,8.32e-05,0.00691824
Original,Original,50.0,0.01530612,0.00017328,0.01132075
Original,Original,50.0,0.02223032,0.00029361,0.01320755
Original,Original,50.0,0.02150146,0.00025694,0.01194969
Original,Original,50.0,0.01129738,0.00021316,0.01886792
Original,Original,50.0,0.01603499,0.00031263,0.01949686
Original,Original,50.0,0.0196793,0.00028467,0.01446541
Original,Original,50.0,0.01858601,0.00012858,0.00691824
Original,Original,50.0,0.01202624,0.00014371,0.01194969
Original,Original,50.0,0.0127551,0.00020055,0.01572327
Original,Original,50.0,0.01020408,0.00021178,0.02075472
Original,Original,50.0,0.01494169,0.00036649,0.0245283
Original,Original,50.0,0.01567055,0.00024639,0.01572327
Original,Original,50.0,0.01457726,0.00035756,0.0245283
Original,Original,50.0,0.02405248,0.00018153,0.00754717
Original,Original,50.0,0.01822157,0.00036672,0.02012579
Original,Original,50.0,0.01056851,0.000113,0.01069182
Original,Original,50.0,0.01822157,0.00013752,0.00754717
Original,Original,50.0,0.01421283,0.00028604,0.02012579
Original,Original,50.0,0.01311953,0.00025579,0.01949686
Original,Original,50.0,0.01457726,0.00033922,0.02327044
Original,Original,50.0,0.01530612,0.00012514,0.0081761
Original,Original,50.0,0.01239067,0.00014027,0.01132075
Original,Original,50.0,0.01056851,0.00014623,0.01383648
Original,Original,50.0,0.02113703,0.00025258,0.01194969
Original,Original,50.0,0.01348397,0.00022049,0.0163522
Original,Original,50.0,0.01603499,0.0004034,0.02515723
Original,Original,50.0,0.01239067,0.00011689,0.00943396
Original,Original,50.0,0.01494169,7.518e-05,0.00503145
Original,Original,50.0,0.01494169,0.0003383,0.02264151
Original,Original,50.0,0.01311953,0.00013202,0.01006289
Original,Original,50.0,0.01457726,0.00021087,0.01446541
Original,Original,50.0,0.01239067,5.455e-05,0.00440252
Original,Original,50.0,0.01457726,0.00011002,0.00754717
Original,Original,50.0,0.02077259,0.00036581,0.01761006
Original,Original,50.0,0.01457726,0.00023837,0.0163522
Original,Original,50.0,0.01421283,0.00031286,0.02201258
Original,Original,50.0,0.01093294,0.00015815,0.01446541
Original,Original,50.0,0.02040816,0.00017969,0.00880503
Original,Original,50.0,0.01567055,0.00038437,0.0245283
Original,Original,50.0,0.01639942,0.00019597,0.01194969
Original,Original,50.0,0.01567055,0.00038437,0.0245283
Original,Original,50.0,0.01639942,0.00041256,0.02515723
Original,Original,50.0,0.01093294,0.00022003,0.02012579
Original,Original,50.0,0.01421283,8.939e-05,0.00628931
Original,Original,50.0,0.0127551,0.00019253,0.01509434
Original,Original,50.0,0.0138484,9.581e-05,0.00691824
Original,Original,50.0,0.01858601,0.00030392,0.0163522
Original,Original,50.0,0.01603499,0.00026221,0.0163522
Original,Original,50.0,0.01348397,9.329e-05,0.00691824
Original,Original,50.0,0.02368805,0.00023837,0.01006289
Original,Original,50.0,0.01603499,0.00018153,0.01132075
Original,Original,50.0,0.01822157,0.00013752,0.00754717
Original,Original,50.0,0.01858601,0.00012858,0.00691824
Original,Original,50.0,0.01567055,0.00032524,0.02075472
Original,Original,50.0,0.01858601,0.00030392,0.0163522
Original,Original,50.0,0.0127551,0.00019253,0.01509434
Original,Original,50.0,0.00983965,0.00012996,0.01320755
Original,Original,50.0,0.01567055,0.0001774,0.01132075
Original,Original,50.0,0.01056851,0.00021935,0.02075472
Original,Original,50.0,0.01348397,0.00022049,0.0163522
Original,Original,50.0,0.01166181,0.00013935,0.01194969
Original,Original,50.0,0.01457726,0.00023837,0.0163522
Original,Original,50.0,0.01166181,8.801e-05,0.00754717
Original,Original,50.0,0.01530612,0.00034655,0.02264151
Original,Original,50.0,0.02004373,0.00035297,0.01761006
Original,Original,50.0,0.01421283,0.00015196,0.01069182
Original,Original,50.0,0.01676385,0.00028467,0.01698113
Original,Original,50.0,0.01603499,0.00019161,0.01194969
Original,Original,50.0,0.01530612,9.626e-05,0.00628931
Original,Original,50.0,0.0196793,0.00025992,0.01320755
Original,Original,50.0,0.0138484,0.00028742,0.02075472
Original,Original,50.0,0.0138484,0.00016548,0.01194969
Original,Original,50.0,0.0138484,0.00021774,0.01572327
Original,Original,50.0,0.01421283,0.00011621,0.0081761
Original,Original,50.0,0.01348397,0.00027138,0.02012579
Original,Original,50.0,0.01421283,0.00021453,0.01509434
Original,Original,50.0,0.01712828,0.00010773,0.00628931
Original,Original,50.0,0.01239067,0.00024937,0.02012579
Original,Original,50.0,0.01421283,0.00012514,0.00880503
Original,Original,50.0,0.02368805,0.00032776,0.01383648
Original,Original,50.0,0.01129738,0.00018474,0.0163522
Original,Original,50.0,0.01166181,8.801e-05,0.00754717
Original,Original,50.0,0.02004373,0.00036558,0.01823899
Original,Original,50.0,0.01348397,0.00020353,0.01509434
Original,Original,50.0,0.01166181,0.0001907,0.0163522
Original,Original,50.0,0.01603499,0.00034289,0.02138365
Original,Original,50.0,0.01494169,0.00013156,0.00880503
Original,Original,50.0,0.01129738,0.00018474,0.0163522
Original,Original,50.0,0.01494169,0.00021614,0.01446541
Original,Original,50.0,0.01494169,0.0003477,0.02327044
Original,Original,50.0,0.01494169,0.0003477,0.02327044
Original,Original,50.0,0.01603499,0.0002017,0.01257862
Original,Original,50.0,0.01020408,5.776e-05,0.00566038
Original,Original,50.0,0.01603499,0.00021178,0.01320755
Original,Original,50.0,0.01348397,0.00010177,0.00754717
Original,Original,50.0,0.00983965,0.00013615,0.01383648
Original,Original,50.0,0.01749271,0.00047307,0.02704403
Original,Original,50.0,0.01676385,0.00018978,0.01132075
Original,Original,50.0,0.01093294,0.00024066,0.02201258
Original,Original,50.0,0.0127551,0.00025671,0.02012579
Original,Original,50.0,0.01311953,0.00022278,0.01698113
Original,Original,50.0,0.01093294,0.00016503,0.01509434
Original,Original,50.0,0.01712828,0.00014004,0.0081761
Original,Original,50.0,0.01348397,0.00026289,0.01949686
Original,Original,50.0,0.01457726,0.00032088,0.02201258
Original,Original,50.0,0.01348397,0.00016113,0.01194969
Original,Original,50.0,0.01603499,0.00037314,0.02327044
Original,Original,50.0,0.01494169,0.00015036,0.01006289
Original,Original,50.0,0.01712828,0.00039858,0.02327044
Original,Original,50.0,0.01056851,0.00013294,0.01257862
Original,Original,50.0,0.01239067,0.00010131,0.0081761
Original,Original,50.0,0.01639942,0.00030942,0.01886792
Original,Original,50.0,0.01421283,0.00031286,0.02201258
Original,Original,50.0,0.01239067,0.00020261,0.0163522
Original,Original,50.0,0.01129738,0.00017053,0.01509434
Original,Original,50.0,0.01166181,7.334e-05,0.00628931
Original,Original,50.0,0.01311953,0.00010727,0.0081761
Original,Original,50.0,0.01129738,0.00015632,0.01383648
Original,Original,50.0,0.01239067,0.00017924,0.01446541
Original,Original,50.0,0.01530612,0.00017328,0.01132075
Original,Original,50.0,0.01311953,0.00024754,0.01886792
Original,Original,50.0,0.01494169,0.00020674,0.01383648
Original,Original,50.0,0.01785714,0.00020216,0.01132075
Original,Original,50.0,0.01311953,0.00013202,0.01006289
Original,Original,50.0,0.01056851,7.976e-05,0.00754717
Original,Original,50.0,0.01639942,0.00039194,0.02389937
Original,Original,50.0,0.01494169,0.00017855,0.01194969
Original,Original,50.0,0.0138484,0.00021774,0.01572327
Original,Original,50.0,0.01676385,0.00021087,0.01257862
Original,Original,50.0,0.01056851,0.00016617,0.01572327
Original,Original,50.0,0.01311953,0.00018978,0.01446541
Original,Original,50.0,0.01494169,0.00013156,0.00880503
Original,Original,50.0,0.01239067,0.00017144,0.01383648
Original,Original,50.0,0.01129738,0.00024158,0.02138365
Original,Original,50.0,0.01348397,0.00023745,0.01761006
Original,Original,50.0,0.01494169,0.00019734,0.01320755
Original,Original,50.0,0.01202624,0.00021935,0.01823899
Original,Original,50.0,0.02150146,0.00024341,0.01132075
Original,Original,50.0,0.01457726,0.00034839,0.02389937
Original,Original,50.0,0.0138484,0.00033097,0.02389937
Original,Original,50.0,0.01093294,0.00024066,0.02201258
Original,Original,50.0,0.01129738,6.395e-05,0.00566038
Original,Original,50.0,0.00983965,0.00012377,0.01257862
Original,Original,50.0,0.01421283,0.00025923,0.01823899
Original,Original,50.0,0.01494169,0.00020674,0.01383648
Original,Original,50.0,0.01494169,0.00017855,0.01194969
Original,Original,50.0,0.01676385,0.00015815,0.00943396
Original,Original,50.0,0.01895044,9.535e-05,0.00503145
Original,Original,50.0,0.01421283,0.00031286,0.02201258
Original,Original,50.0,0.01348397,0.00027986,0.02075472
Original,Original,50.0,0.01858601,0.00018703,0.01006289
Original,Original,50.0,0.0127551,0.00026473,0.02075472
Original,Original,50.0,0.01603499,0.00016136,0.01006289
Original,Original,50.0,0.01020408,8.343e-05,0.0081761
Original,Original,50.0,0.0138484,0.00030484,0.02201258
Original,Original,50.0,0.01421283,0.00030392,0.02138365
Original,Original,50.0,0.00947522,0.00017878,0.01886792
Original,Original,50.0,0.0127551,0.00028077,0.02201258
Original,Original,50.0,0.0127551,0.00015242,0.01194969
Original,Original,50.0,0.01239067,0.00010131,0.0081761
Original,Original,50.0,0.00983965,8.664e-05,0.00880503
Original,Original,50.0,0.01239067,0.00010131,0.0081761
Original,Original,50.0,0.01202624,9.076e-05,0.00754717
Original,Original,50.0,0.0127551,9.626e-05,0.00754717
Original,Original,50.0,0.01239067,0.00018703,0.01509434
Original,Original,50.0,0.00947522,0.00016686,0.01761006
Original,Original,50.0,0.01093294,6.876e-05,0.00628931
Original,Original,50.0,0.0138484,9.581e-05,0.00691824
Original,Original,50.0,0.01202624,0.00021935,0.01823899
Original,Original,50.0,0.00874636,0.00015952,0.01823899
Original,Original,50.0,0.0127551,0.00012835,0.01006289
Original,Original,50.0,0.01348397,0.00027986,0.02075472
Original,Original,50.0,0.01239067,0.00013248,0.01069182
Original,Original,50.0,0.0138484,0.00026129,0.01886792
Original,Original,50.0,0.0127551,0.00020055,0.01572327
Original,Original,50.0,0.00765306,0.0001444,0.01886792
Original,Original,50.0,0.01239067,0.00022599,0.01823899
Original,Original,50.0,0.01348397,0.00013569,0.01006289
Original,Original,50.0,0.0127551,0.00022462,0.01761006
Original,Original,50.0,0.01311953,0.00023104,0.01761006
Original,Original,50.0,0.01202624,0.00010589,0.00880503
Original,Original,50.0,0.01311953,0.00028879,0.02201258
Original,Original,50.0,0.00801749,0.00015127,0.01886792
Original,Original,50.0,0.01348397,0.00022897,0.01698113
Original,Original,50.0,0.01348397,0.00014417,0.01069182
Original,Original,50.0,0.01129738,5.684e-05,0.00503145
Original,Original,50.0,0.0127551,0.00020857,0.0163522
Original,Original,50.0,0.01129738,0.00017763,0.01572327
Original,Original,50.0,0.01311953,9.902e-05,0.00754717
Original,Original,50.0,0.00983965,0.00014233,0.01446541
Original,Original,50.0,0.0138484,0.00020903,0.01509434
Original,Original,50.0,0.0127551,0.00030484,0.02389937
Original,Original,50.0,0.01348397,8.48e-05,0.00628931
Original,Original,50.0,0.01129738,0.00010658,0.00943396
Original,Original,50.0,0.01712828,0.00025854,0.01509434
Original,Original,50.0,0.01202624,0.00021178,0.01761006
Original,Original,50.0,0.01311953,0.00018978,0.01446541
Original,Original,50.0,0.01202624,0.00022691,0.01886792
Original,Original,50.0,0.01311953,0.00010727,0.0081761
Original,Original,50.0,0.01166181,0.00020537,0.01761006
Original,Original,50.0,0.01348397,0.0003053,0.02264151
Original,Original,50.0,0.00947522,8.343e-05,0.00880503
Original,Original,50.0,0.01202624,0.00026473,0.02201258
Original,Original,50.0,0.00947522,5.959e-05,0.00628931
Original,Original,50.0,0.00838192,0.00012125,0.01446541
Original,Original,50.0,0.01129738,0.00016342,0.01446541
Original,Original,50.0,0.00838192,5.799e-05,0.00691824
Original,Original,50.0,0.0127551,0.00025671,0.02012579
Original,Original,50.0,0.01530612,9.626e-05,0.00628931
Original,Original,50.0,0.01202624,0.00020422,0.01698113
Original,Original,50.0,0.01311953,0.00028054,0.02138365
Original,Original,50.0,0.00947522,0.00010727,0.01132075
Original,Original,50.0,0.01421283,0.00012514,0.00880503
Original,Original,50.0,0.00911079,0.00014898,0.0163522
Original,Original,50.0,0.00911079,0.00018336,0.02012579
Original,Original,50.0,0.01202624,9.076e-05,0.00754717
Original,Original,50.0,0.00911079,0.00016617,0.01823899
Original,Original,50.0,0.01676385,0.00027413,0.0163522
Original,Original,50.0,0.01348397,0.00022897,0.01698113
Original,Original,50.0,0.0127551,0.00018451,0.01446541
Original,Original,50.0,0.01348397,0.00023745,0.01761006
Original,Original,50.0,0.01530612,0.00029842,0.01949686
Original,Original,50.0,0.01676385,0.00012652,0.00754717
Original,Original,50.0,0.01239067,0.00020261,0.0163522
Original,Original,50.0,0.01129738,0.00011368,0.01006289
Original,Original,50.0,0.0127551,0.00015242,0.01194969
Original,Original,50.0,0.01421283,0.00028604,0.02012579
Original,Original,50.0,0.00947522,0.0001609,0.01698113
Original,Original,50.0,0.0127551,0.00024066,0.01886792
Original,Original,50.0,0.01348397,0.00023745,0.01761006
Original,Original,50.0,0.01421283,8.939e-05,0.00628931
Original,Original,50.0,0.01093294,0.00015127,0.01383648
Original,Original,50.0,0.01166181,0.0001907,0.0163522
Original,Original,50.0,0.01311953,0.00011552,0.00880503
Original,Original,50.0,0.01311953,0.00017328,0.01320755
Original,Original,50.0,0.01020408,0.00022462,0.02201258
Original,Original,50.0,0.01348397,0.00022049,0.0163522
Original,Original,50.0,0.01311953,0.00027229,0.02075472
Original,Original,50.0,0.01056851,9.97e-05,0.00943396
Original,Original,50.0,0.00983965,0.00018565,0.01886792
Original,Original,50.0,0.01202624,0.00023447,0.01949686
Original,Original,50.0,0.01239067,0.00010131,0.0081761
Original,Original,50.0,0.00911079,0.00014325,0.01572327
Original,Original,50.0,0.01348397,0.00029682,0.02201258
Original,Original,50.0,0.01311953,0.00016503,0.01257862
Original,Original,50.0,0.01348397,0.00027138,0.02012579
Original,Original,50.0,0.01530612,0.00028879,0.01886792
Original,Original,50.0,0.01348397,0.00019505,0.01446541
Original,Original,50.0,0.01129738,0.00025579,0.02264151
Original,Original,50.0,0.01530612,0.00015402,0.01006289
Original,Original,50.0,0.01567055,0.00024639,0.01572327
Original,Original,50.0,0.01020408,8.985e-05,0.00880503
Original,Original,50.0,0.01421283,0.00018772,0.01320755
Original,Original,50.0,0.00947522,0.00016686,0.01761006
Original,Original,50.0,0.01348397,0.00027138,0.02012579
Original,Original,50.0,0.01239067,0.00019482,0.01572327
Original,Original,50.0,0.01239067,0.00024158,0.01949686
Original,Original,50.0,0.01166181,0.0001907,0.0163522
Original,Original,50.0,0.01056851,0.00024593,0.02327044
Original,Original,50.0,0.00947522,0.00019666,0.02075472
Original,Original,50.0,0.00947522,0.00017878,0.01886792
Original,Original,50.0,0.01348397,0.00021201,0.01572327
Original,Original,50.0,0.01311953,0.00025579,0.01949686
Original,Original,50.0,0.01239067,0.00012469,0.01006289
Original,Original,50.0,0.01202624,8.32e-05,0.00691824
Original,Original,50.0,0.01712828,0.00017236,0.01006289
Original,Original,50.0,0.00983965,0.00017947,0.01823899
Original,Original,50.0,0.01494169,0.00018795,0.01257862
Original,Original,50.0,0.0127551,0.00020857,0.0163522
Original,Original,50.0,0.01457726,0.00023837,0.0163522
Original,Original,50.0,0.01530612,0.00013477,0.00880503
Original,Original,50.0,0.01348397,0.00012721,0.00943396
Original,Original,50.0,0.01239067,0.00025716,0.02075472
Original,Original,50.0,0.00874636,0.00014852,0.01698113
Original,Original,50.0,0.01202624,0.00018153,0.01509434
Original,Original,50.0,0.01348397,0.00010177,0.00754717
Original,Original,50.0,0.01567055,0.00015769,0.01006289
Original,Original,50.0,0.01202624,0.00011346,0.00943396
Original,Original,50.0,0.01093294,6.876e-05,0.00628931
Original,Original,50.0,0.0138484,0.00020903,0.01509434
Original,Original,50.0,0.0127551,8.022e-05,0.00628931
Original,Original,50.0,0.01530612,0.00013477,0.00880503
Original,Original,50.0,0.01239067,0.00028054,0.02264151
Original,Original,50.0,0.0127551,0.00024868,0.01949686
Original,Original,50.0,0.01239067,0.0002182,0.01761006
Original,Original,50.0,0.0138484,0.00011323,0.0081761
Original,Original,50.0,0.00801749,0.00015127,0.01886792
Original,Original,50.0,0.01603499,0.00018153,0.01132075
Original,Original,50.0,0.00947522,6.555e-05,0.00691824
Original,Original,50.0,0.01348397,0.00020353,0.01509434
Original,Original,50.0,0.01202624,0.00012858,0.01069182
Original,Original,50.0,0.01202624,0.00023447,0.01949686
Original,Original,50.0,0.0127551,0.00026473,0.02075472
Original,Original,50.0,0.01056851,0.00023264,0.02201258
Original,Original,50.0,0.0127551,0.00018451,0.01446541
Original,Original,50.0,0.00911079,0.00014898,0.0163522
Original,Original,50.0,0.01457726,0.00013752,0.00943396
Original,Original,50.0,0.01311953,0.00024754,0.01886792
Original,Original,50.0,0.01603499,0.00022187,0.01383648
Original,Original,50.0,0.01348397,0.00026289,0.01949686
Original,Original,50.0,0.00983965,0.00020422,0.02075472
Original,Original,50.0,0.0127551,0.00016044,0.01257862
Original,Original,50.0,0.01202624,0.00011346,0.00943396
Original,Original,50.0,0.01457726,0.00027504,0.01886792
Original,Original,50.0,0.01166181,9.535e-05,0.0081761
Original,Original,50.0,0.01421283,0.00013408,0.00943396
Original,Original,50.0,0.01202624,0.00018909,0.01572327
Original,Original,50.0,0.01202624,0.00015127,0.01257862
Original,Original,50.0,0.01421283,0.00022347,0.01572327
Original,Original,50.0,0.01239067,0.00023379,0.01886792
Original,Original,50.0,0.01421283,0.00033074,0.02327044
Original,Original,50.0,0.0138484,0.00020032,0.01446541
Original,Original,50.0,0.01239067,0.00024937,0.02012579
Original,Original,50.0,0.00983965,0.00012996,0.01320755
Original,Original,50.0,0.01202624,9.076e-05,0.00754717
Original,Original,50.0,0.01530612,0.00010589,0.00691824
Original,Original,50.0,0.01311953,0.00014852,0.01132075
Original,Original,50.0,0.01020408,0.00015402,0.01509434
Original,Original,50.0,0.01494169,0.00028192,0.01886792
Original,Original,50.0,0.01202624,0.00013615,0.01132075
Original,Original,50.0,0.00801749,0.00010589,0.01320755
Original,Original,50.0,0.0138484,0.00027871,0.02012579
Original,Original,50.0,0.01202624,0.00013615,0.01132075
Original,Original,50.0,0.01020408,0.00019253,0.01886792
Original,Original,50.0,0.01348397,0.00022049,0.0163522
Original,Original,50.0,0.0127551,8.022e-05,0.00628931
Original,Original,50.0,0.01129738,0.00017763,0.01572327
Original,Original,50.0,0.01166181,0.00018336,0.01572327
Original,Original,50.0,0.00983965,0.00015471,0.01572327
Original,Original,50.0,0.01166181,0.00027871,0.02389937
Original,Original,50.0,0.01239067,0.00012469,0.01006289
Original,Original,50.0,0.0127551,0.00018451,0.01446541
Original,Original,50.0,0.01348397,0.00020353,0.01509434
Original,Original,50.0,0.01166181,0.00016869,0.01446541
Original,Original,50.0,0.01421283,0.00020559,0.01446541
Original,Original,50.0,0.01056851,0.0002127,0.02012579
Original,Original,50.0,0.00838192,0.00015815,0.01886792
Original,Original,50.0,0.01166181,8.068e-05,0.00691824
Original,Original,50.0,0.01494169,0.00014096,0.00943396
Original,Original,50.0,0.01311953,9.902e-05,0.00754717
Original,Original,50.0,0.01311953,0.00028879,0.02201258
Original,Original,50.0,0.01348397,0.00027986,0.02075472
Original,Original,50.0,0.01202624,0.00015884,0.01320755
Original,Original,50.0,0.01348397,0.00010177,0.00754717
Original,Original,50.0,0.01239067,7.793e-05,0.00628931
Original,Original,50.0,0.01530612,0.00030805,0.02012579
Original,Original,50.0,0.0127551,0.00028879,0.02264151
Original,Original,50.0,0.01202624,6.051e-05,0.00503145
Original,Original,50.0,0.00874636,0.00014852,0.01698113
Original,Original,50.0,0.0127551,0.00016044,0.01257862
Original,Original,50.0,0.00801749,9.076e-05,0.01132075
Original,Original,50.0,0.01202624,0.00022691,0.01886792
Original,Original,50.0,0.01311953,0.00025579,0.01949686
Original,Original,50.0,0.01093294,0.00024066,0.02201258
Original,Original,50.0,0.01202624,0.00018153,0.01509434
Original,Original,50.0,0.01311953,0.00016503,0.01257862
Original,Original,50.0,0.0127551,0.00028879,0.02264151
Original,Original,50.0,0.01093294,0.0001719,0.01572327
Original,Original,50.0,0.0138484,0.00019161,0.01383648
Original,Original,50.0,0.01020408,0.00011552,0.01132075
Original,Original,50.0,0.01166181,0.00012469,0.01069182
Original,Original,50.0,0.0127551,0.00018451,0.01446541
Original,Original,50.0,0.0138484,9.581e-05,0.00691824
Original,Original,50.0,0.01093294,0.00016503,0.01509434
Original,Original,50.0,0.01093294,0.00016503,0.01509434
Original,Original,50.0,0.0127551,0.00019253,0.01509434
Original,Original,50.0,0.01712828,0.00021545,0.01257862
Original,Original,50.0,0.0138484,0.00013065,0.00943396
Original,Original,50.0,0.0127551,0.00028879,0.02264151
Original,Original,50.0,0.01166181,0.00020537,0.01761006
Original,Original,50.0,0.0127551,0.00015242,0.01194969
Original,Original,50.0,0.00947522,0.00016686,0.01761006
Original,Original,50.0,0.01239067,0.00024158,0.01949686
Original,Original,50.0,0.01020408,0.00019895,0.01949686
Original,Original,50.0,0.0127551,0.00011231,0.00880503
Original,Original,50.0,0.00801749,8.572e-05,0.01069182
Original,Original,50.0,0.01311953,0.00027229,0.02075472
Original,Original,50.0,0.01311953,9.902e-05,0.00754717
Original,Original,50.0,0.0127551,0.00016044,0.01257862
Original,Original,50.0,0.01202624,0.00015884,0.01320755
Original,Original,50.0,0.01020408,8.985e-05,0.00880503
Original,Original,50.0,0.01056851,0.00015288,0.01446541
Original,Original,50.0,0.01457726,9.168e-05,0.00628931
Original,Original,50.0,0.0127551,0.00012033,0.00943396
Original,Original,50.0,0.01348397,0.0003053,0.02264151
Original,Original,50.0,0.00838192,0.0001107,0.01320755
Original,Original,50.0,0.01202624,7.564e-05,0.00628931
Original,Original,50.0,0.00947522,0.00015494,0.0163522
Original,Original,50.0,0.00983965,0.00019803,0.02012579
Original,Original,50.0,0.01093294,0.00013752,0.01257862
Original,Original,50.0,0.01311953,0.00017328,0.01320755
Original,Original,50.0,0.00947522,5.363e-05,0.00566038
Original,Original,50.0,0.01348397,0.00016113,0.01194969
Original,Original,50.0,0.01093294,8.251e-05,0.00754717
Original,Original,50.0,0.01348397,9.329e-05,0.00691824
Original,Original,50.0,0.01348397,0.0003053,0.02264151
Original,Original,50.0,0.01311953,0.00029705,0.02264151
Original,Original,50.0,0.0138484,0.00020032,0.01446541
Original,Original,50.0,0.01129738,0.00022737,0.02012579
Original,Original,50.0,0.0127551,0.00010429,0.0081761
Original,Original,50.0,0.01457726,0.00025671,0.01761006
Original,Original,50.0,0.01239067,0.00018703,0.01509434
Original,Original,50.0,0.01567055,0.0001774,0.01132075
Original,Original,50.0,0.01530612,0.00025029,0.0163522
Original,Original,50.0,0.01166181,0.00020537,0.01761006
Original,Original,50.0,0.01494169,0.00024433,0.0163522
Original,Original,50.0,0.00801749,6.555e-05,0.0081761
Original,Original,50.0,0.01166181,0.00014669,0.01257862
Original,Original,50.0,0.0127551,0.00011231,0.00880503
Original,Original,50.0,0.0127551,0.00017649,0.01383648
Original,Original,50.0,0.01494169,0.00014096,0.00943396
Original,Original,50.0,0.01056851,8.641e-05,0.0081761
Original,Original,50.0,0.01311953,0.00031355,0.02389937
Original,Original,50.0,0.00838192,0.00014233,0.01698113
Original,Original,50.0,0.01202624,0.00015127,0.01257862
Original,Original,50.0,0.0138484,0.00027871,0.02012579
Original,Original,50.0,0.01166181,0.00024937,0.02138365
Original,Original,50.0,0.01712828,0.00015082,0.00880503
Original,Original,50.0,0.01093294,0.00020628,0.01886792
Original,Original,50.0,0.01712828,0.00018313,0.01069182
Original,Original,50.0,0.0127551,0.00016846,0.01320755
Original,Original,50.0,0.01239067,0.00017144,0.01383648
Original,Original,50.0,0.01166181,0.00027871,0.02389937
Original,Original,50.0,0.00983965,0.00022897,0.02327044
Original,Original,50.0,0.01421283,0.00025029,0.01761006
Original,Original,50.0,0.01202624,0.00018909,0.01572327
Original,Original,50.0,0.01239067,0.00015586,0.01257862
Original,Original,50.0,0.01166181,0.00019803,0.01698113
Original,Original,50.0,0.01093294,0.0001719,0.01572327
Original,Original,50.0,0.01020408,0.00014119,0.01383648
Original,Original,50.0,0.01311953,0.00014852,0.01132075
Original,Original,50.0,0.00838192,6.326e-05,0.00754717
Original,Original,50.0,0.01239067,0.00014806,0.01194969
Original,Original,50.0,0.01530612,0.0001444,0.00943396
Original,Original,50.0,0.00874636,0.00010452,0.01194969
Original,Original,50.0,0.00911079,5.73e-05,0.00628931
Original,Original,50.0,0.01056851,0.00013958,0.01320755
Original,Original,50.0,0.01129738,0.00026289,0.02327044
Original,Original,50.0,0.01348397,0.00025441,0.01886792
Original,Original,50.0,0.01239067,0.00026496,0.02138365
Original,Original,50.0,0.0127551,8.824e-05,0.00691824
Original,Original,50.0,0.01494169,0.00015975,0.01069182
Original,Original,50.0,0.01129738,0.00024868,0.02201258
Original,Original,50.0,0.01056851,8.641e-05,0.0081761
Original,Original,50.0,0.01421283,0.00018772,0.01320755
Original,Original,50.0,0.01311953,0.00018978,0.01446541
Original,Original,50.0,0.01166181,0.0001907,0.0163522
Original,Original,50.0,0.01020408,7.701e-05,0.00754717
Original,Original,50.0,0.0127551,0.00020055,0.01572327
Original,Original,50.0,0.00911079,0.00016617,0.01823899
Original,Original,50.0,0.01530612,0.00015402,0.01006289
Original,Original,50.0,0.01239067,0.00014806,0.01194969
Original,Original,50.0,0.00911079,0.00013179,0.01446541
Original,Original,50.0,0.01311953,0.00014027,0.01069182
Original,Original,50.0,0.01530612,0.00031767,0.02075472
Original,Original,50.0,0.01202624,7.564e-05,0.00628931
Original,Original,50.0,0.01348397,0.00011025,0.0081761
Original,Original,50.0,0.01348397,7.632e-05,0.00566038
Original,Original,50.0,0.0127551,0.00010429,0.0081761
Original,Original,50.0,0.01166181,0.00013935,0.01194969
Original,Original,50.0,0.01166181,0.00012469,0.01069182
Original,Original,50.0,0.01239067,8.572e-05,0.00691824
Original,Original,50.0,0.0127551,0.00026473,0.02075472
Original,Original,50.0,0.01129738,0.00017763,0.01572327
Original,Original,50.0,0.01239067,0.00021041,0.01698113
Original,Original,50.0,0.01421283,0.00026817,0.01886792
Original,Original,50.0,0.00874636,0.00014852,0.01698113
Original,Original,50.0,0.0127551,0.00020857,0.0163522
Original,Original,50.0,0.01348397,0.00027138,0.02012579
Original,Original,50.0,0.0127551,0.00027275,0.02138365
Original,Original,50.0,0.00874636,0.00014852,0.01698113
Original,Original,50.0,0.00983965,0.00012377,0.01257862
Original,Original,50.0,0.01056851,0.00014623,0.01383648
Original,Original,50.0,0.01348397,0.00017809,0.01320755
Original,Original,50.0,0.01166181,8.068e-05,0.00691824
Original,Original,50.0,0.01421283,9.833e-05,0.00691824
Original,Original,50.0,0.0138484,0.00020032,0.01446541
Original,Original,50.0,0.01239067,0.00015586,0.01257862
Original,Original,50.0,0.01129738,0.00018474,0.0163522
Original,Original,50.0,0.00911079,0.00014325,0.01572327
Original,Original,50.0,0.0127551,0.00015242,0.01194969
Original,Original,50.0,0.00983965,8.664e-05,0.00880503
Original,Original,50.0,0.0127551,0.00018451,0.01446541
Original,Original,50.0,0.01311953,0.00023104,0.01761006
Original,Original,50.0,0.01129738,0.00021316,0.01886792
Original,Original,50.0,0.01421283,0.00015196,0.01069182
Original,Original,50.0,0.00911079,0.0001146,0.01257862
Original,Original,50.0,0.00947522,0.00019666,0.02075472
Original,Original,50.0,0.0127551,0.00019253,0.01509434
Original,Original,50.0,0.01166181,0.00020537,0.01761006
Original,Original,50.0,0.01056851,0.00013958,0.01320755
Original,Original,50.0,0.01457726,0.00014669,0.01006289
Original,Original,50.0,0.01348397,0.00016961,0.01257862
Original,Original,50.0,0.01348397,0.0003053,0.02264151
Original,Original,50.0,0.01239067,0.00012469,0.01006289
Original,Original,50.0,0.01056851,0.00015288,0.01446541
Original,Original,50.0,0.01239067,0.00029613,0.02389937
Original,Original,50.0,0.0127551,0.00020055,0.01572327
Original,Original,50.0,0.00911079,0.00010314,0.01132075
Original,Original,50.0,0.01239067,0.00011689,0.00943396
Original,Original,50.0,0.0127551,0.00024868,0.01949686
Original,Original,50.0,0.01020408,0.00021178,0.02075472
Original,Original,50.0,0.01457726,0.00016503,0.01132075
Original,Original,50.0,0.0138484,0.00028742,0.02075472
Original,Original,50.0,0.0138484,0.00013935,0.01006289
Original,Original,50.0,0.0138484,0.00012194,0.00880503
Original,Original,50.0,0.01056851,0.00013294,0.01257862
Original,Original,50.0,0.01567055,0.00025625,0.0163522
Original,Original,50.0,0.01239067,0.00019482,0.01572327
Original,Original,50.0,0.01129738,0.00019184,0.01698113
Original,Original,50.0,0.01166181,0.00019803,0.01698113
Original,Original,50.0,0.01311953,0.00013202,0.01006289
Original,Original,50.0,0.01056851,0.00013294,0.01257862
Original,Original,50.0,0.0127551,0.00012835,0.01006289
Original,Original,50.0,0.01129738,0.00017053,0.01509434
Original,Original,50.0,0.01166181,0.00019803,0.01698113
Original,Original,50.0,0.00983965,0.00013615,0.01383648
Original,Original,50.0,0.01202624,0.00019666,0.0163522
Original,Original,50.0,0.00911079,0.00014898,0.0163522
Original,Original,50.0,0.0138484,0.00019161,0.01383648
Original,Original,50.0,0.00874636,0.00017053,0.01949686
Original,Original,50.0,0.0127551,0.0002166,0.01698113
Original,Original,50.0,0.01457726,0.0002292,0.01572327
Original,Original,50.0,0.01311953,0.00018153,0.01383648
Original,Original,50.0,0.01530612,0.00011552,0.00754717
Original,Original,50.0,0.01311953,0.00019803,0.01509434
Original,Original,50.0,0.01020408,0.00018611,0.01823899
Original,Original,50.0,0.01166181,0.00012469,0.01069182
Original,Original,50.0,0.0127551,0.00028077,0.02201258
Original,Original,50.0,0.0127551,0.00016846,0.01320755
Original,Original,50.0,0.01239067,0.00012469,0.01006289
Original,Original,50.0,0.01348397,0.00026289,0.01949686
Original,Original,50.0,0.01093294,0.00022691,0.02075472
Original,Original,50.0,0.01166181,0.0001907,0.0163522
Original,Original,50.0,0.00911079,0.00016617,0.01823899
Original,Original,50.0,0.01093294,0.00023379,0.02138365
Original,Original,50.0,0.0127551,0.00019253,0.01509434
Original,Original,50.0,0.0127551,0.00024066,0.01886792
Original,Original,50.0,0.0138484,0.00024387,0.01761006
Original,Original,50.0,0.01239067,0.00020261,0.0163522
Original,Original,50.0,0.01129738,0.00023447,0.02075472
Original,Original,50.0,0.00947522,0.00010131,0.01069182
Original,Original,50.0,0.00838192,4.744e-05,0.00566038
Original,Original,50.0,0.01166181,0.00026404,0.02264151
Original,Original,50.0,0.01530612,0.00013477,0.00880503
Original,Original,50.0,0.00801749,6.555e-05,0.0081761
Original,Original,50.0,0.01311953,0.00021453,0.0163522
Original,Original,50.0,0.01239067,0.00018703,0.01509434
Original,Original,50.0,0.01348397,0.00026289,0.01949686
Original,Original,50.0,0.01056851,0.00011964,0.01132075
Original,Original,50.0,0.01093294,0.0001719,0.01572327
Original,Original,50.0,0.0127551,0.00020857,0.0163522
Original,Original,50.0,0.0127551,0.00028077,0.02201258
Original,Original,50.0,0.01676385,0.00021087,0.01257862
Original,Original,50.0,0.01348397,0.00027138,0.02012579
Original,Original,50.0,0.01530612,0.0003273,0.02138365
Original,Original,50.0,0.01567055,0.0001774,0.01132075
Original,Original,50.0,0.01639942,0.00045382,0.02767296
Original,Original,50.0,0.01093294,0.00019941,0.01823899
Original,Original,50.0,0.0196793,0.00018565,0.00943396
Original,Original,50.0,0.0138484,0.00028742,0.02075472
Original,Original,50.0,0.01749271,0.00038506,0.02201258
Original,Original,50.0,0.01895044,0.00030988,0.0163522
Original,Original,50.0,0.01895044,0.00020261,0.01069182
Original,Original,50.0,0.01348397,0.0003053,0.02264151
Original,Original,50.0,0.01494169,0.00029132,0.01949686
Original,Original,50.0,0.01239067,0.00014027,0.01132075
Original,Original,50.0,0.01530612,0.00016365,0.01069182
Original,Original,50.0,0.01567055,0.00021683,0.01383648
Original,Original,50.0,0.0127551,0.00023264,0.01823899
Original,Original,50.0,0.0127551,0.00031286,0.0245283
Original,Original,50.0,0.01567055,0.00043365,0.02767296
Original,Original,50.0,0.01457726,0.00017419,0.01194969
Original,Original,50.0,0.01311953,0.00014027,0.01069182
Original,Original,50.0,0.01166181,0.00019803,0.01698113
Original,Original,50.0,0.01639942,0.00012377,0.00754717
Original,Original,50.0,0.01056851,0.000113,0.01069182
Original,Original,50.0,0.01129738,0.00011368,0.01006289
Original,Original,50.0,0.01457726,0.00031171,0.02138365
Original,Original,50.0,0.01239067,0.00027275,0.02201258
Original,Original,50.0,0.01129738,0.00024868,0.02201258
Original,Original,50.0,0.00983965,0.00017947,0.01823899
Original,Original,50.0,0.0127551,6.418e-05,0.00503145
Original,Original,50.0,0.0138484,0.00012194,0.00880503
Original,Original,50.0,0.0138484,0.00032226,0.02327044
Original,Original,50.0,0.0138484,0.00027871,0.02012579
Original,Original,50.0,0.0138484,0.00026129,0.01886792
Original,Original,50.0,0.0138484,0.00026129,0.01886792
Original,Original,50.0,0.0127551,0.00015242,0.01194969
Original,Original,50.0,0.0138484,0.00010452,0.00754717
Original,Original,50.0,0.01530612,8.664e-05,0.00566038
Original,Original,50.0,0.01457726,0.00036672,0.02515723
Original,Original,50.0,0.01421283,0.00023241,0.0163522
Original,Original,50.0,0.01494169,0.00024433,0.0163522
Original,Original,50.0,0.01858601,0.00029223,0.01572327
Original,Original,50.0,0.01603499,0.00030255,0.01886792
Original,Original,50.0,0.01348397,0.00020353,0.01509434
Original,Original,50.0,0.01202624,0.00013615,0.01132075
Original,Original,50.0,0.01530612,0.00020216,0.01320755
Original,Original,50.0,0.01311953,0.00028054,0.02138365
Original,Original,50.0,0.01311953,0.00023104,0.01761006
Original,Original,50.0,0.01239067,0.00023379,0.01886792
Original,Original,50.0,0.0127551,0.00026473,0.02075472
Original,Original,50.0,0.01785714,0.00024708,0.01383648
Original,Original,50.0,0.01567055,0.00015769,0.01006289
Original,Original,50.0,0.01494169,0.00023493,0.01572327
Original,Original,50.0,0.0127551,0.00020857,0.0163522
Original,Original,50.0,0.01712828,0.00018313,0.01069182
Original,Original,50.0,0.01421283,0.00019666,0.01383648
Original,Original,50.0,0.0138484,0.00013065,0.00943396
Original,Original,50.0,0.01639942,0.00012377,0.00754717
Original,Original,50.0,0.01676385,0.00013706,0.0081761
Original,Original,50.0,0.01348397,0.00027986,0.02075472
Original,Original,50.0,0.01348397,0.00018657,0.01383648
Original,Original,50.0,0.01676385,0.00037956,0.02264151
Original,Original,50.0,0.01530612,0.0001829,0.01194969
Original,Original,50.0,0.01311953,9.076e-05,0.00691824
Original,Original,50.0,0.01421283,0.00033968,0.02389937
Original,Original,50.0,0.01494169,0.00013156,0.00880503
Original,Original,50.0,0.01530612,0.00016365,0.01069182
Original,Original,50.0,0.01530612,0.00025029,0.0163522
Original,Original,50.0,0.01895044,0.00017878,0.00943396
Original,Original,50.0,0.01603499,0.00041348,0.02578616
Original,Original,50.0,0.01603499,0.00014119,0.00880503
Original,Original,50.0,0.01858601,0.00019872,0.01069182
Original,Original,50.0,0.0127551,9.626e-05,0.00754717
Original,Original,50.0,0.01421283,0.0003218,0.02264151
Original,Original,50.0,0.01311953,0.00016503,0.01257862
Original,Original,50.0,0.01567055,0.00034495,0.02201258
Original,Original,50.0,0.01603499,0.00037314,0.02327044
Original,Original,50.0,0.01494169,0.00039469,0.02641509
Original,Original,50.0,0.01530612,0.00029842,0.01949686
Original,Original,50.0,0.01020408,0.00011552,0.01132075
Original,Original,50.0,0.01567055,0.00011827,0.00754717
Original,Original,50.0,0.01056851,0.00019276,0.01823899
Original,Original,50.0,0.01202624,0.00010589,0.00880503
Original,Original,50.0,0.01421283,0.00035756,0.02515723
Original,Original,50.0,0.01457726,0.00033005,0.02264151
Original,Original,50.0,0.01457726,0.00018336,0.01257862
Original,Original,50.0,0.01129738,0.00024868,0.02201258
Original,Original,50.0,0.01567055,0.00043365,0.02767296
Original,Original,50.0,0.01603499,0.00015127,0.00943396
Original,Original,50.0,0.01348397,0.00022897,0.01698113
Original,Original,50.0,0.01129738,0.00024868,0.02201258
Original,Original,50.0,0.01239067,0.00019482,0.01572327
Original,Original,50.0,0.01239067,0.00014806,0.01194969
Original,Original,50.0,0.01639942,0.00046413,0.02830189
Original,Original,50.0,0.0138484,0.00032226,0.02327044
Original,Original,50.0,0.01421283,0.00014302,0.01006289
Original,Original,50.0,0.01202624,0.00014371,0.01194969
Original,Original,50.0,0.0138484,0.00023516,0.01698113
Original,Original,50.0,0.01676385,0.00012652,0.00754717
Original,Original,50.0,0.01457726,0.00019253,0.01320755
Original,Original,50.0,0.01202624,0.0002496,0.02075472
Original,Original,50.0,0.01311953,0.00014027,0.01069182
Original,Original,50.0,0.01202624,0.00021935,0.01823899
Original,Original,50.0,0.01056851,6.647e-05,0.00628931
Original,Original,50.0,0.01494169,0.00010337,0.00691824
Original,Original,50.0,0.0138484,0.00023516,0.01698113
Original,Original,50.0,0.01457726,7.334e-05,0.00503145
Original,Original,50.0,0.01348397,0.0003477,0.02578616
Original,Original,50.0,0.0127551,0.00015242,0.01194969
Original,Original,50.0,0.01494169,0.00042288,0.02830189
Original,Original,50.0,0.01494169,0.00027252,0.01823899
Original,Original,50.0,0.0127551,0.00029682,0.02327044
Original,Original,50.0,0.0138484,0.00034839,0.02515723
Original,Original,50.0,0.01530612,0.00041394,0.02704403
Original,Original,50.0,0.01749271,0.00011002,0.00628931
Original,Original,50.0,0.01311953,0.00010727,0.0081761
Original,Original,50.0,0.01457726,0.0002017,0.01383648
Original,Original,50.0,0.01567055,0.00038437,0.0245283
Original,Original,50.0,0.01567055,0.00028582,0.01823899
Original,Original,50.0,0.01530612,0.0001444,0.00943396
Original,Original,50.0,0.01202624,0.00027229,0.02264151
Original,Original,50.0,0.01530612,0.00035618,0.02327044
Original,Original,50.0,0.01603499,0.00010085,0.00628931
Original,Original,50.0,0.01530612,0.00026954,0.01761006
Original,Original,50.0,0.01530612,0.00015402,0.01006289
Original,Original,50.0,0.01567055,0.00028582,0.01823899
Original,Original,50.0,0.01421283,0.00033968,0.02389937
Original,Original,50.0,0.01712828,0.00029086,0.01698113
Original,Original,50.0,0.01567055,0.00042379,0.02704403
Original,Original,50.0,0.01603499,0.00031263,0.01949686
Original,Original,50.0,0.01567055,0.00023654,0.01509434
Original,Original,50.0,0.01348397,0.00023745,0.01761006
Original,Original,50.0,0.01603499,0.00042357,0.02641509
Original,Original,50.0,0.01749271,0.00023104,0.01320755
Original,Original,50.0,0.02004373,0.00026473,0.01320755
Original,Original,50.0,0.01603499,0.00045382,0.02830189
Original,Original,50.0,0.01421283,0.00016984,0.01194969
Original,Original,50.0,0.01348397,0.00019505,0.01446541
Original,Original,50.0,0.01202624,0.00015884,0.01320755
Original,Original,50.0,0.01457726,0.00034839,0.02389937
Original,Original,50.0,0.0127551,0.00010429,0.0081761
Original,Original,50.0,0.02004373,0.00013867,0.00691824
Original,Original,50.0,0.01639942,9.283e-05,0.00566038
Original,Original,50.0,0.01858601,0.00018703,0.01006289
Original,Original,50.0,0.01567055,0.00019711,0.01257862
Original,Original,50.0,0.01530612,0.00010589,0.00691824
Original,Original,50.0,0.01822157,0.00010314,0.00566038
Original,Original,50.0,0.01494169,0.00022553,0.01509434
Original,Original,50.0,0.0127551,0.00025671,0.02012579
Original,Original,50.0,0.01530612,0.00010589,0.00691824
Original,Original,50.0,0.01639942,0.00026817,0.0163522
Original,Original,50.0,0.0127551,0.00018451,0.01446541
Original,Original,50.0,0.01457726,0.00013752,0.00943396
Original,Original,50.0,0.01639942,0.00039194,0.02389937
Original,Original,50.0,0.01457726,0.00024754,0.01698113
Original,Original,50.0,0.01421283,0.00025923,0.01823899
Original,Original,50.0,0.01348397,0.00025441,0.01886792
Original,Original,50.0,0.01311953,0.00014852,0.01132075
Original,Original,50.0,0.01712828,0.00015082,0.00880503
Original,Original,50.0,0.01712828,0.00034472,0.02012579
Original,Original,50.0,0.01639942,0.0002166,0.01320755
Original,Original,50.0,0.01567055,0.00011827,0.00754717
Original,Original,50.0,0.01202624,0.00015884,0.01320755
Original,Original,50.0,0.01931487,0.00019436,0.01006289
Original,Original,50.0,0.01348397,0.00017809,0.01320755
Original,Original,50.0,0.01603499,0.00025212,0.01572327
Original,Original,50.0,0.0138484,0.00015677,0.01132075
Original,Original,50.0,0.01202624,0.00024204,0.02012579
Original,Original,50.0,0.01749271,0.00028604,0.0163522
Original,Original,50.0,0.01166181,0.00022737,0.01949686
Original,Original,50.0,0.01749271,0.00050608,0.02893082
Original,Original,50.0,0.01239067,7.014e-05,0.00566038
Original,Original,50.0,0.01530612,0.00039469,0.02578616
Original,Original,50.0,0.01567055,0.00013798,0.00880503
Original,Original,50.0,0.01093294,0.00012377,0.01132075
Original,Original,50.0,0.0196793,0.00035893,0.01823899
Original,Original,50.0,0.01785714,0.00041554,0.02327044
Original,Original,50.0,0.01567055,0.00018726,0.01194969
Original,Original,50.0,0.01457726,0.00032088,0.02201258
Original,Original,50.0,0.01567055,0.00042379,0.02704403
Original,Original,50.0,0.01712828,0.00030163,0.01761006
Original,Original,50.0,0.01931487,0.00015792,0.0081761
Original,Original,50.0,0.01676385,0.00046391,0.02767296
Original,Original,50.0,0.01567055,7.885e-05,0.00503145
Original,Original,50.0,0.01421283,0.00028604,0.02012579
Original,Original,50.0,0.01457726,0.00026587,0.01823899
Original,Original,50.0,0.01311953,0.00010727,0.0081761
Original,Original,50.0,0.01348397,0.00024593,0.01823899
Original,Original,50.0,0.01457726,0.00030255,0.02075472
Original,Original,50.0,0.01457726,0.00032088,0.02201258
Original,Original,50.0,0.01494169,0.00044167,0.02955975
Original,Original,50.0,0.01421283,0.00030392,0.02138365
Original,Original,50.0,0.01931487,0.00036443,0.01886792
Original,Original,50.0,0.01239067,7.014e-05,0.00566038
Original,Original,50.0,0.02004373,0.0002017,0.01006289
Original,Original,50.0,0.01421283,8.939e-05,0.00628931
Original,Original,50.0,0.01494169,0.00023493,0.01572327
Original,Original,50.0,0.01530612,0.00037543,0.0245283
Original,Original,50.0,0.01311953,0.00023104,0.01761006
Original,Original,60.0,0.01484099,0.00027288,0.01838671
Original,Original,60.0,0.00918728,7.084e-05,0.00771056
Original,Original,60.0,0.01484099,0.00022886,0.01542112
Original,Original,60.0,0.00883392,0.00014671,0.01660735
Original,Original,60.0,0.01448763,0.00031794,0.02194543
Original,Original,60.0,0.01236749,0.00019806,0.01601423
Original,Original,60.0,0.00954064,5.093e-05,0.00533808
Original,Original,60.0,0.01166078,0.00022132,0.01897983
Original,Original,60.0,0.01201413,0.00021377,0.01779359
Original,Original,60.0,0.01378092,0.00012261,0.0088968
Original,Original,60.0,0.01201413,0.00017102,0.01423488
Original,Original,60.0,0.01236749,0.0002274,0.01838671
Original,Original,60.0,0.01272085,0.00018862,0.014828
Original,Original,60.0,0.01342756,0.0001115,0.00830368
Original,Original,60.0,0.01766784,0.0002515,0.01423488
Original,Original,60.0,0.01378092,0.00020434,0.014828
Original,Original,60.0,0.01731449,0.00015404,0.0088968
Original,Original,60.0,0.01872792,0.00036656,0.01957295
Original,Original,60.0,0.01130742,0.00019449,0.01720047
Original,Original,60.0,0.00848057,0.00011066,0.01304864
Original,Original,60.0,0.01272085,0.00022635,0.01779359
Original,Original,60.0,0.01130742,0.00014755,0.01304864
Original,Original,60.0,0.01484099,0.00022006,0.014828
Original,Original,60.0,0.01024735,9.117e-05,0.0088968
Original,Original,60.0,0.01201413,0.00021377,0.01779359
Original,Original,60.0,0.01024735,8.509e-05,0.00830368
Original,Original,60.0,0.01095406,0.00012994,0.0118624
Original,Original,60.0,0.01378092,0.00022069,0.01601423
Original,Original,60.0,0.01166078,0.00018674,0.01601423
Original,Original,60.0,0.01342756,0.00025485,0.01897983
Original,Original,60.0,0.01236749,0.00011003,0.0088968
Original,Original,60.0,0.01272085,8.299e-05,0.00652432
Original,Original,60.0,0.01378092,9.808e-05,0.00711744
Original,Original,60.0,0.01095406,5.847e-05,0.00533808
Original,Original,60.0,0.0155477,8.299e-05,0.00533808
Original,Original,60.0,0.01236749,0.00023473,0.01897983
Original,Original,60.0,0.01413428,0.0001006,0.00711744
Original,Original,60.0,0.01590106,0.00019806,0.01245552
Original,Original,60.0,0.01236749,5.135e-05,0.00415184
Original,Original,60.0,0.00812721,4.338e-05,0.00533808
Original,Original,60.0,0.01378092,5.722e-05,0.00415184
Original,Original,60.0,0.01024735,0.00014587,0.01423488
Original,Original,60.0,0.0130742,0.00011632,0.0088968
Original,Original,60.0,0.01272085,9.054e-05,0.00711744
Original,Original,60.0,0.01166078,9.683e-05,0.00830368
Original,Original,60.0,0.01236749,0.0002494,0.02016607
Original,Original,60.0,0.01484099,0.00014084,0.00948992
Original,Original,60.0,0.01201413,0.00022803,0.01897983
Original,Original,60.0,0.01236749,5.868e-05,0.00474496
Original,Original,60.0,0.01378092,0.00017982,0.01304864
Original,Original,60.0,0.01236749,0.00016871,0.01364176
Original,Original,60.0,0.01236749,8.802e-05,0.00711744
Original,Original,60.0,0.0130742,0.00010081,0.00771056
Original,Original,60.0,0.01236749,8.802e-05,0.00711744
Original,Original,60.0,0.01236749,0.00022006,0.01779359
Original,Original,60.0,0.01201413,0.00021377,0.01779359
Original,Original,60.0,0.01024735,8.509e-05,0.00830368
Original,Original,60.0,0.0155477,0.00031354,0.02016607
Original,Original,60.0,0.00989399,6.455e-05,0.00652432
Original,Original,60.0,0.01342756,0.0001115,0.00830368
Original,Original,60.0,0.01413428,0.00016767,0.0118624
Original,Original,60.0,0.01166078,9.683e-05,0.00830368
Original,Original,60.0,0.01519435,0.00027937,0.01838671
Original,Original,60.0,0.01201413,0.00013539,0.01126928
Original,Original,60.0,0.01378092,0.00020434,0.014828
Original,Original,60.0,0.01130742,8.719e-05,0.00771056
Original,Original,60.0,0.01272085,0.00014335,0.01126928
Original,Original,60.0,0.01484099,0.00012323,0.00830368
Original,Original,60.0,0.01095406,9.096e-05,0.00830368
Original,Original,60.0,0.01413428,0.00020958,0.014828
Original,Original,60.0,0.01166078,7.608e-05,0.00652432
Original,Original,60.0,0.00918728,3.814e-05,0.00415184
Original,Original,60.0,0.0155477,0.00018443,0.0118624
Original,Original,60.0,0.01095406,0.00019491,0.01779359
Original,Original,60.0,0.01448763,0.00013749,0.00948992
Original,Original,60.0,0.01236749,0.0001027,0.00830368
Original,Original,60.0,0.01342756,0.00012743,0.00948992
Original,Original,60.0,0.01378092,0.00023704,0.01720047
Original,Original,60.0,0.01272085,0.00018862,0.014828
Original,Original,60.0,0.01731449,0.00027728,0.01601423
Original,Original,60.0,0.01095406,0.00020141,0.01838671
Original,Original,60.0,0.01060071,6.916e-05,0.00652432
Original,Original,60.0,0.01731449,0.00028755,0.01660735
Original,Original,60.0,0.01166078,0.00017982,0.01542112
Original,Original,60.0,0.01201413,7.126e-05,0.0059312
Original,Original,60.0,0.01272085,9.808e-05,0.00771056
Original,Original,60.0,0.01201413,0.0002209,0.01838671
Original,Original,60.0,0.01201413,0.00010689,0.0088968
Original,Original,60.0,0.01060071,0.00020749,0.01957295
Original,Original,60.0,0.0130742,0.00015509,0.0118624
Original,Original,60.0,0.0130742,6.204e-05,0.00474496
Original,Original,60.0,0.01166078,0.0002144,0.01838671
Original,Original,60.0,0.0180212,0.00027791,0.01542112
Original,Original,60.0,0.01236749,0.00020539,0.01660735
Original,Original,60.0,0.01448763,0.00011171,0.00771056
Original,Original,60.0,0.01024735,0.00018234,0.01779359
Original,Original,60.0,0.01484099,0.00019365,0.01304864
Original,Original,60.0,0.01272085,0.00024898,0.01957295
Original,Original,60.0,0.01130742,6.036e-05,0.00533808
Original,Original,60.0,0.01130742,0.00018779,0.01660735
Original,Original,60.0,0.01236749,0.00011737,0.00948992
Original,Original,60.0,0.01625442,0.0002121,0.01304864
Original,Original,60.0,0.01201413,0.00012114,0.01008304
Original,Original,60.0,0.01201413,0.00010689,0.0088968
Original,Original,60.0,0.01166078,0.00020057,0.01720047
Original,Original,60.0,0.00954064,0.00014713,0.01542112
Original,Original,60.0,0.01236749,5.868e-05,0.00474496
Original,Original,60.0,0.01448763,0.00023201,0.01601423
Original,Original,60.0,0.01166078,0.00017982,0.01542112
Original,Original,60.0,0.01236749,0.00019072,0.01542112
Original,Original,60.0,0.00989399,0.0001115,0.01126928
Original,Original,60.0,0.01024735,0.00014587,0.01423488
Original,Original,60.0,0.01342756,0.00027078,0.02016607
Original,Original,60.0,0.01342756,0.00020707,0.01542112
Original,Original,60.0,0.01166078,7.608e-05,0.00652432
Original,Original,60.0,0.01484099,0.00017605,0.0118624
Original,Original,60.0,0.01095406,0.00011695,0.01067616
Original,Original,60.0,0.01201413,0.00020665,0.01720047
Original,Original,60.0,0.01060071,0.00016347,0.01542112
Original,Original,60.0,0.01166078,6.225e-05,0.00533808
Original,Original,60.0,0.01236749,5.135e-05,0.00415184
Original,Original,60.0,0.01166078,0.00012449,0.01067616
Original,Original,60.0,0.01696113,0.00018108,0.01067616
Original,Original,60.0,0.01130742,8.048e-05,0.00711744
Original,Original,60.0,0.01236749,9.536e-05,0.00771056
Original,Original,60.0,0.01166078,8.299e-05,0.00711744
Original,Original,60.0,0.0130742,0.00026366,0.02016607
Original,Original,60.0,0.01201413,0.00014964,0.01245552
Original,Original,60.0,0.01484099,0.00029048,0.01957295
Original,Original,60.0,0.01272085,0.00018862,0.014828
Original,Original,60.0,0.0130742,0.00022488,0.01720047
Original,Original,60.0,0.01236749,0.00016871,0.01364176
Original,Original,60.0,0.01342756,0.0001991,0.014828
Original,Original,60.0,0.01342756,0.00029467,0.02194543
Original,Original,60.0,0.01095406,0.00017542,0.01601423
Original,Original,60.0,0.01448763,0.00020623,0.01423488
Original,Original,60.0,0.01872792,0.00013329,0.00711744
Original,Original,60.0,0.01448763,0.00031794,0.02194543
Original,Original,60.0,0.01236749,8.069e-05,0.00652432
Original,Original,60.0,0.01166078,0.00020057,0.01720047
Original,Original,60.0,0.01236749,8.802e-05,0.00711744
Original,Original,60.0,0.01590106,0.00025464,0.01601423
Original,Original,60.0,0.00989399,7.629e-05,0.00771056
Original,Original,60.0,0.01272085,0.00018862,0.014828
Original,Original,60.0,0.01342756,0.00023892,0.01779359
Original,Original,60.0,0.0130742,0.00018611,0.01423488
Original,Original,60.0,0.01378092,0.00022886,0.01660735
Original,Original,60.0,0.01378092,8.174e-05,0.0059312
Original,Original,60.0,0.01342756,9.557e-05,0.00711744
Original,Original,60.0,0.01201413,0.00012826,0.01067616
Original,Original,60.0,0.01448763,0.00015467,0.01067616
Original,Original,60.0,0.01448763,0.00022342,0.01542112
Original,Original,60.0,0.01484099,0.00010563,0.00711744
Original,Original,60.0,0.01484099,0.00021126,0.01423488
Original,Original,60.0,0.0130742,6.204e-05,0.00474496
Original,Original,60.0,0.01342756,9.557e-05,0.00711744
Original,Original,60.0,0.01378092,0.00011443,0.00830368
Original,Original,60.0,0.01166078,8.299e-05,0.00711744
Original,Original,60.0,0.01166078,0.00011758,0.01008304
Original,Original,60.0,0.01166078,0.00024207,0.02075919
Original,Original,60.0,0.01201413,0.0001924,0.01601423
Original,Original,60.0,0.02120141,0.00016347,0.00771056
Original,Original,60.0,0.0130742,0.00014734,0.01126928
Original,Original,60.0,0.01236749,9.536e-05,0.00771056
Original,Original,60.0,0.01766784,0.00014671,0.00830368
Original,Original,60.0,0.01625442,0.00029887,0.01838671
Original,Original,60.0,0.01943463,0.00017291,0.0088968
Original,Original,60.0,0.00918728,7.629e-05,0.00830368
Original,Original,60.0,0.01660777,0.00029551,0.01779359
Original,Original,60.0,0.01766784,0.00028294,0.01601423
Original,Original,60.0,0.01484099,0.00028168,0.01897983
Original,Original,60.0,0.0155477,0.00018443,0.0118624
Original,Original,60.0,0.01272085,9.808e-05,0.00771056
Original,Original,60.0,0.01519435,7.21e-05,0.00474496
Original,Original,60.0,0.01413428,0.00015928,0.01126928
Original,Original,60.0,0.01095406,0.00016243,0.014828
Original,Original,60.0,0.01378092,0.00013078,0.00948992
Original,Original,60.0,0.01236749,0.00016138,0.01304864
Original,Original,60.0,0.0130742,0.00017836,0.01364176
Original,Original,60.0,0.01696113,0.00014084,0.00830368
Original,Original,60.0,0.01484099,9.683e-05,0.00652432
Original,Original,60.0,0.00954064,0.00011317,0.0118624
Original,Original,60.0,0.01766784,0.00029342,0.01660735
Original,Original,60.0,0.01660777,0.00013791,0.00830368
Original,Original,60.0,0.01696113,0.00018108,0.01067616
Original,Original,60.0,0.0155477,0.00014755,0.00948992
Original,Original,60.0,0.01378092,0.00027791,0.02016607
Original,Original,60.0,0.01166078,0.00014524,0.01245552
Original,Original,60.0,0.01413428,0.00028503,0.02016607
Original,Original,60.0,0.01272085,0.00026407,0.02075919
Original,Original,60.0,0.01342756,6.371e-05,0.00474496
Original,Original,60.0,0.01378092,8.174e-05,0.0059312
Original,Original,60.0,0.01272085,0.00023389,0.01838671
Original,Original,60.0,0.01272085,0.00012072,0.00948992
Original,Original,60.0,0.01166078,9.683e-05,0.00830368
Original,Original,60.0,0.01696113,0.00028168,0.01660735
Original,Original,60.0,0.0130742,0.00013958,0.01067616
Original,Original,60.0,0.01166078,7.608e-05,0.00652432
Original,Original,60.0,0.00883392,0.00012575,0.01423488
Original,Original,60.0,0.0130742,0.00014734,0.01126928
Original,Original,60.0,0.00989399,9.389e-05,0.00948992
Original,Original,60.0,0.01413428,8.383e-05,0.0059312
Original,Original,60.0,0.01413428,0.00028503,0.02016607
Original,Original,60.0,0.01236749,0.00017605,0.01423488
Original,Original,60.0,0.0155477,0.00023976,0.01542112
Original,Original,60.0,0.01272085,9.054e-05,0.00711744
Original,Original,60.0,0.01272085,0.00016599,0.01304864
Original,Original,60.0,0.01024735,4.255e-05,0.00415184
Original,Original,60.0,0.01413428,0.00020958,0.014828
Original,Original,60.0,0.01272085,0.00019617,0.01542112
Original,Original,60.0,0.00954064,6.79e-05,0.00711744
Original,Original,60.0,0.01201413,8.551e-05,0.00711744
Original,Original,60.0,0.01660777,0.00010835,0.00652432
Original,Original,60.0,0.01272085,0.00017353,0.01364176
Original,Original,60.0,0.01272085,7.545e-05,0.0059312
Original,Original,60.0,0.01342756,0.00012743,0.00948992
Original,Original,60.0,0.01166078,0.00022132,0.01897983
Original,Original,60.0,0.01272085,0.0001509,0.0118624
Original,Original,60.0,0.01130742,0.00014755,0.01304864
Original,Original,60.0,0.01236749,9.536e-05,0.00771056
Original,Original,60.0,0.01201413,0.00013539,0.01126928
Original,Original,60.0,0.01272085,0.00023389,0.01838671
Original,Original,60.0,0.0155477,7.377e-05,0.00474496
Original,Original,60.0,0.00848057,0.00013078,0.01542112
Original,Original,60.0,0.01342756,0.00018318,0.01364176
Original,Original,60.0,0.01696113,0.0001006,0.0059312
Original,Original,60.0,0.01130742,0.00016767,0.014828
Original,Original,60.0,0.01660777,0.00018716,0.01126928
Original,Original,60.0,0.01201413,5.701e-05,0.00474496
Original,Original,60.0,0.01484099,0.00014964,0.01008304
Original,Original,60.0,0.01060071,0.00012575,0.0118624
Original,Original,60.0,0.01166078,0.00020749,0.01779359
Original,Original,60.0,0.01060071,0.00011317,0.01067616
Original,Original,60.0,0.01236749,0.00019806,0.01601423
Original,Original,60.0,0.01130742,0.00018108,0.01601423
Original,Original,60.0,0.00989399,9.976e-05,0.01008304
Original,Original,60.0,0.01060071,8.802e-05,0.00830368
Original,Original,60.0,0.01024735,0.00017626,0.01720047
Original,Original,60.0,0.00883392,0.00012051,0.01364176
Original,Original,60.0,0.01272085,0.00010563,0.00830368
Original,Original,60.0,0.01519435,0.00023431,0.01542112
Original,Original,60.0,0.01130742,0.00016767,0.014828
Original,Original,60.0,0.01060071,8.174e-05,0.00771056
Original,Original,60.0,0.01378092,0.00013078,0.00948992
Original,Original,60.0,0.01060071,0.00014461,0.01364176
Original,Original,60.0,0.01236749,0.00027141,0.02194543
Original,Original,60.0,0.01095406,7.796e-05,0.00711744
Original,Original,60.0,0.01378092,0.00026156,0.01897983
Original,Original,60.0,0.01236749,0.00018339,0.014828
Original,Original,60.0,0.0130742,0.00020937,0.01601423
Original,Original,60.0,0.01236749,0.00017605,0.01423488
Original,Original,60.0,0.01236749,7.335e-05,0.0059312
Original,Original,60.0,0.01236749,5.135e-05,0.00415184
Original,Original,60.0,0.01201413,9.264e-05,0.00771056
Original,Original,60.0,0.01696113,0.00026156,0.01542112
Original,Original,60.0,0.01272085,0.00018108,0.01423488
Original,Original,60.0,0.01625442,0.00025066,0.01542112
Original,Original,60.0,0.01095406,0.00011695,0.01067616
Original,Original,60.0,0.01484099,0.00010563,0.00711744
Original,Original,60.0,0.01166078,0.00019365,0.01660735
Original,Original,60.0,0.0130742,0.00012407,0.00948992
Original,Original,60.0,0.01696113,0.00023138,0.01364176
Original,Original,60.0,0.01166078,0.00016599,0.01423488
Original,Original,60.0,0.01660777,0.00024626,0.014828
Original,Original,60.0,0.01130742,0.00018108,0.01601423
Original,Original,60.0,0.02155477,0.00019177,0.0088968
Original,Original,60.0,0.01378092,0.00026973,0.01957295
Original,Original,60.0,0.01519435,0.00024333,0.01601423
Original,Original,60.0,0.01766784,0.00031437,0.01779359
Original,Original,60.0,0.01484099,0.00033449,0.02253855
Original,Original,60.0,0.01378092,0.00026973,0.01957295
Original,Original,60.0,0.01166078,0.00012449,0.01067616
Original,Original,60.0,0.01201413,6.413e-05,0.00533808
Original,Original,60.0,0.01484099,0.00023767,0.01601423
Original,Original,60.0,0.01696113,0.00018108,0.01067616
Original,Original,60.0,0.01272085,0.00014335,0.01126928
Original,Original,60.0,0.01272085,0.00024898,0.01957295
Original,Original,60.0,0.01272085,0.00021126,0.01660735
Original,Original,60.0,0.01448763,0.00026638,0.01838671
Original,Original,60.0,0.01201413,0.00013539,0.01126928
Original,Original,60.0,0.01484099,0.00023767,0.01601423
Original,Original,60.0,0.01660777,0.00027581,0.01660735
Original,Original,60.0,0.01272085,9.808e-05,0.00771056
Original,Original,60.0,0.00918728,0.00015803,0.01720047
Original,Original,60.0,0.01201413,0.00013539,0.01126928
Original,Original,60.0,0.01272085,0.00013581,0.01067616
Original,Original,60.0,0.01448763,0.00017186,0.0118624
Original,Original,60.0,0.01236749,0.00025674,0.02075919
Original,Original,60.0,0.0180212,0.00024584,0.01364176
Original,Original,60.0,0.01413428,0.00029342,0.02075919
Original,Original,60.0,0.01166078,0.00011758,0.01008304
Original,Original,60.0,0.01130742,0.00018108,0.01601423
Original,Original,60.0,0.01272085,0.00013581,0.01067616
Original,Original,60.0,0.01272085,8.299e-05,0.00652432
Original,Original,60.0,0.01342756,6.371e-05,0.00474496
Original,Original,60.0,0.0130742,0.00023264,0.01779359
Original,Original,60.0,0.0130742,0.00017836,0.01364176
Original,Original,60.0,0.01625442,0.00024102,0.014828
Original,Original,60.0,0.01342756,0.00021503,0.01601423
Original,Original,60.0,0.01201413,0.0002494,0.02075919
Original,Original,60.0,0.01484099,0.00010563,0.00711744
Original,Original,60.0,0.00954064,0.00010186,0.01067616
Original,Original,60.0,0.01024735,0.00015803,0.01542112
Original,Original,60.0,0.01236749,9.536e-05,0.00771056
Original,Original,60.0,0.01236749,0.0001027,0.00830368
Original,Original,60.0,0.01095406,0.00018842,0.01720047
Original,Original,60.0,0.01413428,0.00024312,0.01720047
Original,Original,60.0,0.01342756,0.00020707,0.01542112
Original,Original,60.0,0.01272085,0.00012826,0.01008304
Original,Original,60.0,0.01060071,6.287e-05,0.0059312
Original,Original,60.0,0.01378092,0.00026156,0.01897983
Original,Original,60.0,0.01660777,0.00022656,0.01364176
Original,Original,60.0,0.01201413,0.0001924,0.01601423
Original,Original,60.0,0.01130742,0.00014084,0.01245552
Original,Original,60.0,0.01342756,0.0001115,0.00830368
Original,Original,60.0,0.01413428,0.00012575,0.0088968
Original,Original,60.0,0.00848057,0.00010563,0.01245552
Original,Original,60.0,0.01201413,9.264e-05,0.00771056
Original,Original,60.0,0.01130742,0.00010731,0.00948992
Original,Original,60.0,0.01130742,0.00011401,0.01008304
Original,Original,60.0,0.01943463,0.00014985,0.00771056
Original,Original,60.0,0.01590106,0.0003018,0.01897983
Original,Original,60.0,0.01201413,0.00014252,0.0118624
Original,Original,60.0,0.01272085,0.00018862,0.014828
Original,Original,60.0,0.01837456,0.00011988,0.00652432
Original,Original,60.0,0.01519435,9.012e-05,0.0059312
Original,Original,60.0,0.00848057,6.036e-05,0.00711744
Original,Original,60.0,0.01236749,0.0002494,0.02016607
Original,Original,60.0,0.01201413,0.00017102,0.01423488
Original,Original,60.0,0.01342756,0.0001991,0.014828
Original,Original,60.0,0.01342756,9.557e-05,0.00711744
Original,Original,60.0,0.01484099,0.0003521,0.02372479
Original,Original,60.0,0.01236749,0.00023473,0.01897983
Original,Original,60.0,0.01060071,0.0001006,0.00948992
Original,Original,60.0,0.0155477,0.00014755,0.00948992
Original,Original,60.0,0.01660777,0.00020686,0.01245552
Original,Original,60.0,0.01236749,0.0002494,0.02016607
Original,Original,60.0,0.01272085,0.00015844,0.01245552
Original,Original,60.0,0.01201413,5.701e-05,0.00474496
Original,Original,60.0,0.01166078,0.00011066,0.00948992
Original,Original,60.0,0.01448763,0.00025779,0.01779359
Original,Original,60.0,0.01837456,0.00028336,0.01542112
Original,Original,60.0,0.01484099,8.802e-05,0.0059312
Original,Original,60.0,0.01448763,0.00018045,0.01245552
Original,Original,60.0,0.01625442,0.00023138,0.01423488
Original,Original,60.0,0.01731449,0.00035943,0.02075919
Original,Original,60.0,0.01519435,0.00030641,0.02016607
Original,Original,60.0,0.01201413,0.00021377,0.01779359
Original,Original,60.0,0.01448763,0.00029216,0.02016607
Original,Original,60.0,0.01166078,0.00015216,0.01304864
Original,Original,60.0,0.01130742,6.036e-05,0.00533808
Original,Original,60.0,0.01236749,0.00019806,0.01601423
Original,Original,60.0,0.01590106,0.0001509,0.00948992
Original,Original,60.0,0.00954064,0.00017542,0.01838671
Original,Original,60.0,0.00989399,5.281e-05,0.00533808
Original,Original,60.0,0.01342756,7.168e-05,0.00533808
Original,Original,60.0,0.01448763,0.0002406,0.01660735
Original,Original,60.0,0.01130742,6.036e-05,0.00533808
Original,Original,60.0,0.01236749,0.00025674,0.02075919
Original,Original,60.0,0.01201413,0.00014252,0.0118624
Original,Original,60.0,0.01519435,0.00011716,0.00771056
Original,Original,60.0,0.01130742,5.365e-05,0.00474496
Original,Original,60.0,0.01166078,0.00017291,0.014828
Original,Original,60.0,0.01201413,0.00017102,0.01423488
Original,Original,60.0,0.01236749,0.00014671,0.0118624
Original,Original,60.0,0.01378092,0.00027791,0.02016607
Original,Original,60.0,0.01095406,0.00015593,0.01423488
Original,Original,60.0,0.01660777,8.865e-05,0.00533808
Original,Original,60.0,0.01342756,0.00029467,0.02194543
Original,Original,60.0,0.01201413,9.264e-05,0.00771056
Original,Original,60.0,0.01060071,0.00010689,0.01008304
Original,Original,60.0,0.01095406,7.796e-05,0.00711744
Original,Original,60.0,0.01166078,0.00016599,0.01423488
Original,Original,60.0,0.01837456,0.00017437,0.00948992
Original,Original,60.0,0.01342756,0.00018318,0.01364176
Original,Original,60.0,0.01590106,0.00029237,0.01838671
Original,Original,60.0,0.01448763,0.00026638,0.01838671
Original,Original,60.0,0.01130742,0.00016767,0.014828
Original,Original,60.0,0.0155477,0.0002121,0.01364176
Original,Original,60.0,0.01060071,0.00010689,0.01008304
Original,Original,60.0,0.01201413,0.00012114,0.01008304
Original,Original,60.0,0.00918728,0.00016892,0.01838671
Original,Original,60.0,0.01731449,0.00022593,0.01304864
Original,Original,60.0,0.00918728,0.00015803,0.01720047
Original,Original,60.0,0.01060071,0.00014461,0.01364176
Original,Original,60.0,0.01201413,0.00018527,0.01542112
Original,Original,60.0,0.01484099,0.00029928,0.02016607
Original,Original,60.0,0.01272085,0.00013581,0.01067616
Original,Original,60.0,0.01378092,0.00011443,0.00830368
Original,Original,60.0,0.01166078,6.225e-05,0.00533808
Original,Original,60.0,0.00883392,0.00015195,0.01720047
Original,Original,60.0,0.01095406,0.00017542,0.01601423
Original,Original,60.0,0.01378092,9.808e-05,0.00711744
Original,Original,60.0,0.01272085,9.808e-05,0.00771056
Original,Original,60.0,0.00989399,0.00018779,0.01897983
Original,Original,60.0,0.01166078,0.00020057,0.01720047
Original,Original,60.0,0.01272085,0.0001509,0.0118624
Original,Original,60.0,0.01625442,0.00020246,0.01245552
Original,Original,60.0,0.01024735,0.00018234,0.01779359
Original,Original,60.0,0.01272085,0.0002188,0.01720047
Original,Original,60.0,0.01272085,0.00013581,0.01067616
Original,Original,60.0,0.01484099,0.00012323,0.00830368
Original,Original,60.0,0.0180212,0.00027791,0.01542112
Original,Original,60.0,0.01416122,0.00019094,0.01348315
Original,Original,60.0,0.0130719,0.00021297,0.01629213
Original,Original,60.0,0.01379811,0.0002093,0.01516854
Original,Original,60.0,0.01742919,9.792e-05,0.00561798
Original,Original,60.0,0.01234568,0.00022194,0.01797753
Original,Original,60.0,0.01525054,0.00018849,0.01235955
Original,Original,60.0,0.01525054,0.00011995,0.00786517
Original,Original,60.0,0.01706609,0.00029722,0.01741573
Original,Original,60.0,0.013435,0.00016605,0.01235955
Original,Original,60.0,0.01488744,0.00034291,0.02303371
Original,Original,60.0,0.01416122,0.00023867,0.01685393
Original,Original,60.0,0.01379811,0.0002248,0.01629213
Original,Original,60.0,0.01851852,0.00015605,0.00842697
Original,Original,60.0,0.01270879,0.00024989,0.01966292
Original,Original,60.0,0.0130719,0.00025703,0.01966292
Original,Original,60.0,0.013435,0.0001585,0.01179775
Original,Original,60.0,0.01125635,0.00017707,0.01573034
Original,Original,60.0,0.01016703,0.0001428,0.01404494
Original,Original,60.0,0.01379811,0.00026356,0.01910112
Original,Original,60.0,0.01379811,0.00020155,0.01460674
Original,Original,60.0,0.01488744,0.00022582,0.01516854
Original,Original,60.0,0.01270879,7.854e-05,0.00617978
Original,Original,60.0,0.01452433,0.00032639,0.02247191
Original,Original,60.0,0.01270879,9.282e-05,0.00730337
Original,Original,60.0,0.01597676,0.0002603,0.01629213
Original,Original,60.0,0.01525054,0.00017992,0.01179775
Original,Original,60.0,0.01379811,0.00017829,0.01292135
Original,Original,60.0,0.013435,0.0001736,0.01292135
Original,Original,60.0,0.01416122,0.00026254,0.01853933
Original,Original,60.0,0.01452433,0.00028559,0.01966292
Original,Original,60.0,0.01452433,0.00016319,0.01123596
Original,Original,60.0,0.01416122,0.00017503,0.01235955
Original,Original,60.0,0.0130719,0.00013953,0.01067416
Original,Original,60.0,0.01525054,8.568e-05,0.00561798
Original,Original,60.0,0.01561365,0.00030701,0.01966292
Original,Original,60.0,0.0130719,0.00024969,0.01910112
Original,Original,60.0,0.01561365,0.00018421,0.01179775
Original,Original,60.0,0.013435,0.00027927,0.02078652
Original,Original,60.0,0.01488744,0.00029273,0.01966292
Original,Original,60.0,0.01706609,0.00018217,0.01067416
Original,Original,60.0,0.01488744,0.000184,0.01235955
Original,Original,60.0,0.01089325,0.00011016,0.01011236
Original,Original,60.0,0.01597676,0.00022439,0.01404494
Original,Original,60.0,0.01452433,0.00016319,0.01123596
Original,Original,60.0,0.01161946,8.486e-05,0.00730337
Original,Original,60.0,0.0130719,0.00024234,0.01853933
Original,Original,60.0,0.01525054,0.0002913,0.01910112
Original,Original,60.0,0.013435,0.00030191,0.02247191
Original,Original,60.0,0.01525054,0.0002656,0.01741573
Original,Original,60.0,0.013435,0.00021134,0.01573034
Original,Original,60.0,0.0127551,0.00017649,0.01383648
Original,Original,60.0,0.01603499,0.00037314,0.02327044
Original,Original,60.0,0.01129738,0.00019184,0.01698113
Original,Original,60.0,0.00983965,0.00017947,0.01823899
Original,Original,60.0,0.01311953,0.00019803,0.01509434
Original,Original,60.0,0.01129738,0.00014921,0.01320755
Original,Original,60.0,0.01239067,0.00015586,0.01257862
Original,Original,60.0,0.01129738,0.00020605,0.01823899
Original,Original,60.0,0.01348397,0.00027138,0.02012579
Original,Original,60.0,0.0127551,7.22e-05,0.00566038
Original,Original,60.0,0.0127551,0.00017649,0.01383648
Original,Original,60.0,0.00874636,0.00013752,0.01572327
Original,Original,60.0,0.01166181,0.00010268,0.00880503
Original,Original,60.0,0.01166181,0.00013935,0.01194969
Original,Original,60.0,0.01202624,0.00023447,0.01949686
Original,Original,60.0,0.01166181,0.00026404,0.02264151
Original,Original,60.0,0.01494169,0.00018795,0.01257862
Original,Original,60.0,0.01488744,0.00016727,0.01123596
Original,Original,60.0,0.01270879,0.00024275,0.01910112
Original,Original,60.0,0.01997095,0.00026927,0.01348315
Original,Original,60.0,0.01488744,0.00026764,0.01797753
Original,Original,60.0,0.01452433,0.00018767,0.01292135
Original,Original,60.0,0.01452433,0.00017951,0.01235955
Original,Original,60.0,0.01053014,0.00016564,0.01573034
Original,Original,60.0,0.0177923,0.00011995,0.00674157
Original,Original,60.0,0.01234568,0.00012484,0.01011236
Original,Original,60.0,0.00980392,0.00016523,0.01685393
Original,Original,60.0,0.01270879,4.998e-05,0.00393258
Original,Original,60.0,0.01270879,0.00021419,0.01685393
Original,Original,60.0,0.01452433,9.792e-05,0.00674157
Original,Original,60.0,0.01416122,0.00026254,0.01853933
Original,Original,60.0,0.01016703,0.00016564,0.01629213
Original,Original,60.0,0.01161946,5.875e-05,0.00505618
Original,Original,60.0,0.013435,0.00027927,0.02078652
Original,Original,60.0,0.01234568,0.00018033,0.01460674
Original,Original,60.0,0.01234568,0.00015259,0.01235955
Original,Original,60.0,0.0130719,0.00013219,0.01011236
Original,Original,60.0,0.01270879,0.00020705,0.01629213
Original,Original,60.0,0.01452433,0.00023663,0.01629213
Original,Original,60.0,0.01488744,0.00029273,0.01966292
Original,Original,60.0,0.01742919,0.00032313,0.01853933
Original,Original,60.0,0.01416122,0.00012729,0.00898876
Original,Original,60.0,0.0130719,0.00021297,0.01629213
Original,Original,60.0,0.01234568,0.00012484,0.01011236
Original,Original,60.0,0.01488744,0.00030109,0.02022472
Original,Original,60.0,0.02178649,0.00017135,0.00786517
Original,Original,60.0,0.01234568,0.00021501,0.01741573
Original,Original,60.0,0.013435,0.00025662,0.01910112
Original,Original,60.0,0.0177923,0.00030987,0.01741573
Original,Original,60.0,0.01125635,0.00010118,0.00898876
Original,Original,60.0,0.01452433,0.00027743,0.01910112
Original,Original,60.0,0.01089325,9.18e-05,0.00842697
Original,Original,60.0,0.01198257,0.00022888,0.01910112
Original,Original,60.0,0.01016703,3.998e-05,0.00393258
Original,Original,60.0,0.01525054,0.00030844,0.02022472
Original,Original,60.0,0.01053014,0.0001479,0.01404494
Original,Original,60.0,0.01016703,0.00010281,0.01011236
Original,Original,60.0,0.01452433,0.00025295,0.01741573
Original,Original,60.0,0.01161946,0.00018278,0.01573034
Original,Original,60.0,0.013435,0.00016605,0.01235955
Original,Original,60.0,0.01270879,0.00022133,0.01741573
Original,Original,60.0,0.01270879,0.00013566,0.01067416
Original,Original,60.0,0.01452433,0.00025295,0.01741573
Original,Original,60.0,0.01815541,0.00027539,0.01516854
Original,Original,60.0,0.01633987,0.00033965,0.02078652
Original,Original,60.0,0.01379811,0.00027131,0.01966292
Original,Original,60.0,0.01379811,0.00025581,0.01853933
Original,Original,60.0,0.01234568,0.00018033,0.01460674
Original,Original,60.0,0.01452433,0.00022031,0.01516854
Original,Original,60.0,0.01742919,0.00039167,0.02247191
Original,Original,60.0,0.0130719,0.00013219,0.01011236
Original,Original,60.0,0.01452433,0.00015503,0.01067416
Original,Original,60.0,0.01234568,0.00012484,0.01011236
Original,Original,60.0,0.01379811,0.0002403,0.01741573
Original,Original,60.0,0.01234568,0.00013872,0.01123596
Original,Original,60.0,0.01924473,0.00022704,0.01179775
Original,Original,60.0,0.01597676,0.00035903,0.02247191
Original,Original,60.0,0.01670298,8.445e-05,0.00505618
Original,Original,60.0,0.01452433,0.00010608,0.00730337
Original,Original,60.0,0.01234568,0.00021501,0.01741573
Original,Original,60.0,0.01452433,0.00017951,0.01235955
Original,Original,60.0,0.01379811,0.00024806,0.01797753
Original,Original,60.0,0.01488744,0.00010036,0.00674157
Original,Original,60.0,0.01379811,0.0002248,0.01629213
Original,Original,60.0,0.01125635,0.0001328,0.01179775
Original,Original,60.0,0.01270879,0.00022133,0.01741573
Original,Original,60.0,0.01016703,0.00014851,0.01460674
Original,Original,60.0,0.01234568,0.00021501,0.01741573
Original,Original,60.0,0.01452433,0.00031007,0.02134831
Original,Original,60.0,0.0130719,0.00014688,0.01123596
Original,Original,60.0,0.0130719,0.00024969,0.01910112
Original,Original,60.0,0.01416122,0.0002705,0.01910112
Original,Original,60.0,0.013435,0.00014341,0.01067416
Original,Original,60.0,0.01379811,4.651e-05,0.00337079
Original,Original,60.0,0.013435,0.00025662,0.01910112
Original,Original,60.0,0.01706609,8.629e-05,0.00505618
Original,Original,60.0,0.01960784,0.00036352,0.01853933
Original,Original,60.0,0.01416122,0.00027845,0.01966292
Original,Original,60.0,0.01888163,0.00023337,0.01235955
Original,Original,60.0,0.0177923,0.00029987,0.01685393
Original,Original,60.0,0.01016703,0.00017135,0.01685393
Original,Original,60.0,0.01561365,0.00026315,0.01685393
Original,Original,60.0,0.00980392,8.813e-05,0.00898876
Original,Original,60.0,0.01234568,0.00022194,0.01797753
Original,Original,60.0,0.01125635,0.00018971,0.01685393
Original,Original,60.0,0.01416122,0.00024663,0.01741573
Original,Original,60.0,0.01198257,0.00010771,0.00898876
Original,Original,60.0,0.01452433,0.00016319,0.01123596
Original,Original,60.0,0.01379811,0.00014728,0.01067416
Original,Original,60.0,0.01125635,0.00012648,0.01123596
Original,Original,60.0,0.01706609,0.00023969,0.01404494
Original,Original,60.0,0.01379811,6.977e-05,0.00505618
Original,Original,60.0,0.01270879,0.00024275,0.01910112
Original,Original,60.0,0.01416122,0.00025458,0.01797753
Original,Original,60.0,0.01234568,0.00024275,0.01966292
Original,Original,60.0,0.01234568,0.00014565,0.01179775
Original,Original,60.0,0.01525054,0.00031701,0.02078652
Original,Original,60.0,0.01416122,0.00023867,0.01685393
Original,Original,60.0,0.01525054,9.424e-05,0.00617978
Original,Original,60.0,0.01452433,0.00020399,0.01404494
Original,Original,60.0,0.013435,0.0001736,0.01292135
Original,Original,60.0,0.01452433,0.00029375,0.02022472
Original,Original,60.0,0.02033406,0.00031986,0.01573034
Original,Original,60.0,0.01561365,0.00032455,0.02078652
Original,Original,60.0,0.01053014,0.00011832,0.01123596
Original,Original,60.0,0.0130719,0.00011016,0.00842697
Original,Original,60.0,0.01633987,0.00031211,0.01910112
Original,Original,60.0,0.01416122,0.0002705,0.01910112
Original,Original,60.0,0.01016703,0.00013137,0.01292135
Original,Original,60.0,0.01053014,5.916e-05,0.00561798
Original,Original,60.0,0.01089325,0.00017747,0.01629213
Original,Original,60.0,0.01379811,5.426e-05,0.00393258
Original,Original,60.0,0.01416122,0.00029436,0.02078652
Original,Original,60.0,0.01924473,0.00017299,0.00898876
Original,Original,60.0,0.01379811,0.00024806,0.01797753
Original,Original,60.0,0.01234568,0.00023582,0.01910112
Original,Original,60.0,0.01016703,0.00013708,0.01348315
Original,Original,60.0,0.01452433,0.00019583,0.01348315
Original,Original,60.0,0.01379811,0.00027906,0.02022472
Original,Original,60.0,0.01597676,7.181e-05,0.00449438
Original,Original,60.0,0.01488744,0.00010873,0.00730337
Original,Original,60.0,0.01379811,0.00012403,0.00898876
Original,Original,60.0,0.01416122,0.00023072,0.01629213
Original,Original,60.0,0.01597676,7.181e-05,0.00449438
Original,Original,60.0,0.00980392,0.00014871,0.01516854
Original,Original,60.0,0.01053014,0.00017156,0.01629213
Original,Original,60.0,0.01270879,0.00020705,0.01629213
Original,Original,60.0,0.01488744,0.000276,0.01853933
Original,Original,60.0,0.0130719,0.00025703,0.01966292
Original,Original,60.0,0.01670298,0.0003472,0.02078652
Original,Original,60.0,0.01488744,0.00016727,0.01123596
Original,Original,60.0,0.01089325,0.00012852,0.01179775
Original,Original,60.0,0.0130719,0.00025703,0.01966292
Original,Original,60.0,0.01561365,0.00010526,0.00674157
Original,Original,60.0,0.01633987,0.00026621,0.01629213
Original,Original,60.0,0.01488744,0.00029273,0.01966292
Original,Original,60.0,0.0130719,0.000235,0.01797753
Original,Original,60.0,0.00944081,0.00010608,0.01123596
Original,Original,60.0,0.01416122,0.00029436,0.02078652
Original,Original,60.0,0.01379811,0.00027131,0.01966292
Original,Original,60.0,0.013435,0.00021134,0.01573034
Original,Original,60.0,0.013435,0.00022643,0.01685393
Original,Original,60.0,0.01416122,0.00023072,0.01629213
Original,Original,60.0,0.01851852,0.0002809,0.01516854
Original,Original,60.0,0.01161946,0.00026111,0.02247191
Original,Original,60.0,0.01706609,0.00027804,0.01629213
Original,Original,60.0,0.01198257,0.00019522,0.01629213
Original,Original,60.0,0.01416122,0.0002705,0.01910112
Original,Original,60.0,0.01379811,0.00027906,0.02022472
Original,Original,60.0,0.01198257,0.0001279,0.01067416
Original,Original,60.0,0.01525054,0.0002656,0.01741573
Original,Original,60.0,0.01633987,0.00033965,0.02078652
Original,Original,60.0,0.01379811,0.00029457,0.02134831
Original,Original,60.0,0.0130719,0.00022766,0.01741573
Original,Original,60.0,0.00980392,0.00017074,0.01741573
Original,Original,60.0,0.01089325,0.00010404,0.00955056
Original,Original,60.0,0.01452433,0.00017135,0.01179775
Original,Original,60.0,0.01016703,0.00010281,0.01011236
Original,Original,60.0,0.01488744,0.00029273,0.01966292
Original,Original,60.0,0.01815541,0.00017339,0.00955056
Original,Original,60.0,0.01379811,5.426e-05,0.00393258
Original,Original,60.0,0.01198257,6.732e-05,0.00561798
Original,Original,60.0,0.00944081,0.0001326,0.01404494
Original,Original,60.0,0.01488744,0.00021746,0.01460674
Original,Original,60.0,0.01488744,0.00029273,0.01966292
Original,Original,60.0,0.01270879,5.712e-05,0.00449438
Original,Original,60.0,0.01161946,8.486e-05,0.00730337
Original,Original,60.0,0.01234568,0.00023582,0.01910112
Original,Original,60.0,0.01379811,0.00017829,0.01292135
Original,Original,60.0,0.01161946,5.222e-05,0.00449438
Original,Original,60.0,0.013435,0.00024908,0.01853933
Original,Original,60.0,0.01234568,0.00022888,0.01853933
Original,Original,60.0,0.01416122,0.00024663,0.01741573
Original,Original,60.0,0.01198257,0.00018849,0.01573034
Original,Original,60.0,0.01125635,0.00010118,0.00898876
Original,Original,60.0,0.00980392,8.813e-05,0.00898876
Original,Original,60.0,0.01270879,0.00014994,0.01179775
Original,Original,60.0,0.01089325,4.896e-05,0.00449438
Original,Original,60.0,0.01488744,0.000276,0.01853933
Original,Original,60.0,0.01452433,0.00025295,0.01741573
Original,Original,60.0,0.01125635,0.00011383,0.01011236
Original,Original,60.0,0.013435,0.00022643,0.01685393
Original,Original,60.0,0.01161946,0.00013056,0.01123596
Original,Original,60.0,0.01053014,0.00016564,0.01573034
Original,Original,60.0,0.01488744,0.00033455,0.02247191
Original,Original,60.0,0.01089325,4.284e-05,0.00393258
Original,Original,60.0,0.0130719,5.141e-05,0.00393258
Original,Original,60.0,0.01016703,0.00015422,0.01516854
Original,Original,60.0,0.01488744,0.00031782,0.02134831
Original,Original,60.0,0.01016703,0.00016564,0.01629213
Original,Original,60.0,0.01597676,0.00021542,0.01348315
Original,Original,60.0,0.01270879,0.00022847,0.01797753
Original,Original,60.0,0.0177923,0.0002399,0.01348315
Original,Original,60.0,0.01089325,0.000153,0.01404494
Original,Original,60.0,0.01270879,0.00024275,0.01910112
Original,Original,60.0,0.013435,0.00024908,0.01853933
Original,Original,60.0,0.01488744,0.00029273,0.01966292
Original,Original,60.0,0.01639942,0.00022691,0.01383648
Original,Original,60.0,0.01421283,0.00033968,0.02389937
Original,Original,60.0,0.0138484,0.00031355,0.02264151
Original,Original,60.0,0.01530612,0.00030805,0.02012579
Original,Original,60.0,0.01129738,0.00022026,0.01949686
Original,Original,60.0,0.01676385,9.489e-05,0.00566038
Original,Original,60.0,0.01858601,0.00012858,0.00691824
Original,Original,60.0,0.01494169,0.00010337,0.00691824
Original,Original,60.0,0.01639942,0.00026817,0.0163522
Original,Original,60.0,0.01239067,0.00015586,0.01257862
Original,Original,60.0,0.01311953,0.00021453,0.0163522
Original,Original,60.0,0.0127551,0.00016846,0.01320755
Original,Original,60.0,0.01749271,0.00022003,0.01257862
Original,Original,60.0,0.01093294,5.501e-05,0.00503145
Original,Original,60.0,0.01457726,0.00038506,0.02641509
Original,Original,60.0,0.01129738,0.00019895,0.01761006
Original,Original,60.0,0.01348397,6.784e-05,0.00503145
Original,Original,60.0,0.01202624,0.00012102,0.01006289
Original,Original,60.0,0.01202624,9.076e-05,0.00754717
Original,Original,60.0,0.01166181,0.00016136,0.01383648
Original,Original,60.0,0.01202624,0.00012858,0.01069182
Original,Original,60.0,0.01202624,0.00018153,0.01509434
Original,Original,60.0,0.01020408,7.059e-05,0.00691824
Original,Original,60.0,0.01421283,0.00012514,0.00880503
Original,Original,60.0,0.0127551,5.615e-05,0.00440252
Original,Original,60.0,0.01093294,0.00019253,0.01761006
Original,Original,60.0,0.01202624,0.00012858,0.01069182
Original,Original,60.0,0.00801749,0.00012606,0.01572327
Original,Original,60.0,0.01056851,0.00017947,0.01698113
Original,Original,60.0,0.01093294,7.564e-05,0.00691824
Original,Original,60.0,0.01166181,0.00020537,0.01761006
Original,Original,60.0,0.01166181,0.00024204,0.02075472
Original,Original,60.0,0.01166181,0.0001907,0.0163522
Original,Original,60.0,0.01202624,0.00023447,0.01949686
Original,Original,60.0,0.01202624,0.00022691,0.01886792
Original,Original,60.0,0.01093294,0.00022003,0.02012579
Original,Original,60.0,0.01129738,0.00019184,0.01698113
Original,Original,60.0,0.01166181,0.00022737,0.01949686
Original,Original,60.0,0.01093294,0.00015815,0.01446541
Original,Original,60.0,0.00838192,0.00015288,0.01823899
Original,Original,60.0,0.01202624,9.076e-05,0.00754717
Original,Original,60.0,0.01056851,0.00014623,0.01383648
Original,Original,60.0,0.01129738,0.00015632,0.01383648
Original,Original,60.0,0.00911079,7.449e-05,0.0081761
Original,Original,60.0,0.01020408,0.00019253,0.01886792
Original,Original,60.0,0.0138484,0.00020032,0.01446541
Original,Original,60.0,0.01348397,0.00011025,0.0081761
Original,Original,60.0,0.01202624,0.0002496,0.02075472
Original,Original,60.0,0.01239067,0.00026496,0.02138365
Original,Original,60.0,0.01348397,0.00031378,0.02327044
Original,Original,60.0,0.0127551,0.00025671,0.02012579
Original,Original,60.0,0.01202624,0.00011346,0.00943396
Original,Original,60.0,0.00983965,6.807e-05,0.00691824
Original,Original,60.0,0.01056851,5.982e-05,0.00566038
Original,Original,60.0,0.01166181,0.00015402,0.01320755
Original,Original,60.0,0.01129738,0.00022737,0.02012579
Original,Original,60.0,0.01202624,0.00020422,0.01698113
Original,Original,60.0,0.0138484,0.00012194,0.00880503
Original,Original,60.0,0.01239067,0.00023379,0.01886792
Original,Original,60.0,0.01421283,0.00021453,0.01509434
Original,Original,60.0,0.01020408,0.00013477,0.01320755
Original,Original,60.0,0.01348397,9.329e-05,0.00691824
Original,Original,60.0,0.01239067,0.00024158,0.01949686
Original,Original,60.0,0.01129738,9.237e-05,0.0081761
Original,Original,60.0,0.01129738,0.00012789,0.01132075
Original,Original,60.0,0.01494169,0.00018795,0.01257862
Original,Original,60.0,0.01056851,0.00010635,0.01006289
Original,Original,60.0,0.01056851,0.00017947,0.01698113
Original,Original,60.0,0.01129738,0.00014211,0.01257862
Original,Original,60.0,0.01311953,0.00023104,0.01761006
Original,Original,60.0,0.01166181,0.00011002,0.00943396
Original,Original,60.0,0.01093294,0.00015815,0.01446541
Original,Original,60.0,0.01166181,5.868e-05,0.00503145
Original,Original,60.0,0.01129738,4.974e-05,0.00440252
Original,Original,60.0,0.01311953,0.00012377,0.00943396
Original,Original,60.0,0.01093294,0.00022003,0.02012579
Original,Original,60.0,0.00983965,0.00011139,0.01132075
Original,Original,60.0,0.01311953,0.00014852,0.01132075
Original,Original,60.0,0.0127551,0.00016044,0.01257862
Original,Original,60.0,0.01093294,0.00017878,0.0163522
Original,Original,60.0,0.01202624,0.00012102,0.01006289
Original,Original,60.0,0.00947522,9.535e-05,0.01006289
Original,Original,60.0,0.01056851,0.00015952,0.01509434
Original,Original,60.0,0.01093294,8.251e-05,0.00754717
Original,Original,60.0,0.00874636,9.351e-05,0.01069182
Original,Original,60.0,0.01166181,0.00019803,0.01698113
Original,Original,60.0,0.01129738,0.00012789,0.01132075
Original,Original,60.0,0.01166181,0.00011735,0.01006289
Original,Original,60.0,0.01239067,0.00014806,0.01194969
Original,Original,60.0,0.01093294,0.00023379,0.02138365
Original,Original,60.0,0.01202624,0.00021935,0.01823899
Original,Original,60.0,0.01421283,0.0001609,0.01132075
Original,Original,60.0,0.01567055,0.00016755,0.01069182
Original,Original,60.0,0.00947522,4.767e-05,0.00503145
Original,Original,60.0,0.01166181,0.00014669,0.01257862
Original,Original,60.0,0.01020408,0.00015402,0.01509434
Original,Original,60.0,0.00911079,0.0001719,0.01886792
Original,Original,60.0,0.00947522,5.363e-05,0.00566038
Original,Original,60.0,0.01020408,0.00014119,0.01383648
Original,Original,60.0,0.01166181,0.00014669,0.01257862
Original,Original,60.0,0.0127551,0.00011231,0.00880503
Original,Original,60.0,0.01129738,0.00020605,0.01823899
Original,Original,60.0,0.01056851,0.00017947,0.01698113
Original,Original,60.0,0.01129738,9.947e-05,0.00880503
Original,Original,60.0,0.01056851,0.00014623,0.01383648
Original,Original,60.0,0.01129738,0.00022026,0.01949686
Original,Original,60.0,0.0127551,0.00016044,0.01257862
Original,Original,60.0,0.00911079,0.00014898,0.0163522
Original,Original,60.0,0.01129738,0.00022026,0.01949686
Original,Original,60.0,0.00983965,0.0001609,0.0163522
Original,Original,60.0,0.01166181,0.00020537,0.01761006
Original,Original,60.0,0.01056851,0.00020605,0.01949686
Original,Original,60.0,0.01457726,0.00013752,0.00943396
Original,Original,60.0,0.01311953,0.00012377,0.00943396
Original,Original,60.0,0.00947522,4.767e-05,0.00503145
Original,Original,60.0,0.01056851,0.00020605,0.01949686
Original,Original,60.0,0.01020408,0.00016686,0.0163522
Original,Original,60.0,0.01166181,8.801e-05,0.00754717
Original,Original,60.0,0.01129738,0.00012079,0.01069182
Original,Original,60.0,0.00874636,0.00012102,0.01383648
Original,Original,60.0,0.00874636,0.00016503,0.01886792
Original,Original,60.0,0.01202624,0.00018153,0.01509434
Original,Original,60.0,0.01239067,9.351e-05,0.00754717
Original,Original,60.0,0.01202624,0.00019666,0.0163522
Original,Original,60.0,0.01056851,0.00016617,0.01572327
Original,Original,60.0,0.01166181,0.00010268,0.00880503
Original,Original,60.0,0.01093294,0.00013065,0.01194969
Original,Original,60.0,0.00874636,0.00015402,0.01761006
Original,Original,60.0,0.0138484,0.00019161,0.01383648
Original,Original,60.0,0.01202624,0.00017396,0.01446541
Original,Original,60.0,0.01093294,5.501e-05,0.00503145
Original,Original,60.0,0.01202624,0.00021178,0.01761006
Original,Original,60.0,0.0127551,0.00020857,0.0163522
Original,Original,60.0,0.01239067,0.00014027,0.01132075
Original,Original,60.0,0.01311953,0.00014852,0.01132075
Original,Original,60.0,0.01348397,0.00018657,0.01383648
Original,Original,60.0,0.01020408,6.418e-05,0.00628931
Original,Original,60.0,0.01202624,0.00014371,0.01194969
Original,Original,60.0,0.01166181,0.00022737,0.01949686
Original,Original,60.0,0.01020408,9.626e-05,0.00943396
Original,Original,60.0,0.01311953,9.076e-05,0.00691824
Original,Original,60.0,0.01166181,0.0001907,0.0163522
Original,Original,60.0,0.01202624,0.00021178,0.01761006
Original,Original,60.0,0.01311953,0.00014027,0.01069182
Original,Original,60.0,0.01166181,0.00013935,0.01194969
Original,Original,60.0,0.0127551,0.00020857,0.0163522
Original,Original,60.0,0.00983965,0.00013615,0.01383648
Original,Original,60.0,0.01129738,0.00020605,0.01823899
Original,Original,60.0,0.00874636,0.00015952,0.01823899
Original,Original,60.0,0.00911079,0.00012606,0.01383648
Original,Original,60.0,0.01020408,5.776e-05,0.00566038
Original,Original,60.0,0.01093294,0.00013065,0.01194969
Original,Original,60.0,0.01056851,0.00012629,0.01194969
Original,Original,60.0,0.01093294,0.00013752,0.01257862
Original,Original,60.0,0.01129738,0.00015632,0.01383648
Original,Original,60.0,0.00947522,7.151e-05,0.00754717
Original,Original,60.0,0.01056851,0.00019941,0.01886792
Original,Original,60.0,0.01348397,0.00021201,0.01572327
Original,Original,60.0,0.01348397,0.00022897,0.01698113
Original,Original,60.0,0.01239067,0.00024937,0.02012579
Original,Original,60.0,0.01129738,9.237e-05,0.0081761
Original,Original,60.0,0.01166181,6.601e-05,0.00566038
Original,Original,60.0,0.01056851,0.00012629,0.01194969
Original,Original,60.0,0.00838192,7.38e-05,0.00880503
Original,Original,60.0,0.01202624,0.00012102,0.01006289
Original,Original,60.0,0.01166181,8.068e-05,0.00691824
Original,Original,60.0,0.01166181,0.00022737,0.01949686
Original,Original,60.0,0.01020408,6.418e-05,0.00628931
Original,Original,60.0,0.00911079,0.00014898,0.0163522
Original,Original,60.0,0.00947522,0.00018474,0.01949686
Original,Original,60.0,0.01166181,0.00020537,0.01761006
Original,Original,60.0,0.0127551,8.824e-05,0.00691824
Original,Original,60.0,0.01166181,0.00020537,0.01761006
Original,Original,60.0,0.00838192,0.00015288,0.01823899
Original,Original,60.0,0.01093294,7.564e-05,0.00691824
Original,Original,60.0,0.00947522,0.00014898,0.01572327
Original,Original,60.0,0.01020408,0.00017969,0.01761006
Original,Original,60.0,0.01129738,7.816e-05,0.00691824
Original,Original,60.0,0.01020408,5.776e-05,0.00566038
Original,Original,60.0,0.01166181,0.00014669,0.01257862
Original,Original,60.0,0.01129738,0.00021316,0.01886792
Original,Original,60.0,0.01166181,0.0001907,0.0163522
Original,Original,60.0,0.00947522,0.0001311,0.01383648
Original,Original,60.0,0.00765306,5.776e-05,0.00754717
Original,Original,60.0,0.00911079,0.00012033,0.01320755
Original,Original,60.0,0.01166181,0.00022737,0.01949686
Original,Original,60.0,0.01311953,0.00014027,0.01069182
Original,Original,60.0,0.01166181,0.00019803,0.01698113
Original,Original,60.0,0.01056851,0.00012629,0.01194969
Original,Original,60.0,0.01239067,0.00019482,0.01572327
Original,Original,60.0,0.01202624,0.00014371,0.01194969
Original,Original,60.0,0.01348397,0.00020353,0.01509434
Original,Original,60.0,0.01129738,9.947e-05,0.00880503
Original,Original,60.0,0.01530612,0.0001444,0.00943396
Original,Original,60.0,0.01020408,0.00019895,0.01949686
Original,Original,60.0,0.01093294,0.00010314,0.00943396
Original,Original,60.0,0.01020408,7.059e-05,0.00691824
Original,Original,60.0,0.01348397,0.00025441,0.01886792
Original,Original,60.0,0.0138484,0.00022645,0.0163522
Original,Original,60.0,0.0138484,0.00016548,0.01194969
Original,Original,60.0,0.01166181,0.00017603,0.01509434
Original,Original,60.0,0.01129738,0.00020605,0.01823899
Original,Original,60.0,0.01166181,0.0002127,0.01823899
Original,Original,60.0,0.0127551,0.00010429,0.0081761
Original,Original,60.0,0.01202624,0.00022691,0.01886792
Original,Original,60.0,0.01421283,0.00025923,0.01823899
Original,Original,60.0,0.00983965,0.00014852,0.01509434
Original,Original,60.0,0.01056851,0.00016617,0.01572327
Original,Original,60.0,0.01202624,0.00025716,0.02138365
Original,Original,60.0,0.00838192,7.907e-05,0.00943396
Original,Original,60.0,0.01202624,0.00013615,0.01132075
Original,Original,60.0,0.0138484,0.00024387,0.01761006
Original,Original,60.0,0.00838192,0.0001107,0.01320755
Original,Original,60.0,0.0127551,0.00019253,0.01509434
Original,Original,60.0,0.01202624,0.00013615,0.01132075
Original,Original,60.0,0.01056851,7.976e-05,0.00754717
Original,Original,60.0,0.01129738,9.947e-05,0.00880503
Original,Original,60.0,0.01056851,0.00015952,0.01509434
Original,Original,60.0,0.00728863,0.00011919,0.0163522
Original,Original,60.0,0.01056851,6.647e-05,0.00628931
Original,Original,60.0,0.0138484,0.00019161,0.01383648
Original,Original,60.0,0.01093294,0.00016503,0.01509434
Original,Original,60.0,0.01239067,8.572e-05,0.00691824
Original,Original,60.0,0.01056851,7.312e-05,0.00691824
Original,Original,60.0,0.01494169,8.458e-05,0.00566038
Original,Original,60.0,0.01020408,6.418e-05,0.00628931
Original,Original,60.0,0.0127551,0.00012033,0.00943396
Original,Original,60.0,0.01166181,0.0002127,0.01823899
Original,Original,60.0,0.00947522,0.00014302,0.01509434
Original,Original,60.0,0.01093294,9.626e-05,0.00880503
Original,Original,60.0,0.0127551,6.418e-05,0.00503145
Original,Original,60.0,0.0127551,0.00025671,0.02012579
Original,Original,60.0,0.01129738,0.00012079,0.01069182
Original,Original,60.0,0.01239067,0.00013248,0.01069182
Original,Original,60.0,0.01676385,9.489e-05,0.00566038
Original,Original,60.0,0.00947522,9.535e-05,0.01006289
Original,Original,60.0,0.0138484,0.00013065,0.00943396
Original,Original,60.0,0.0127551,0.00011231,0.00880503
Original,Original,60.0,0.01056851,0.00015288,0.01446541
Original,Original,60.0,0.0127551,9.626e-05,0.00754717
Original,Original,60.0,0.00728863,0.0001146,0.01572327
Original,Original,60.0,0.01129738,0.00014921,0.01320755
Original,Original,60.0,0.01166181,0.00013202,0.01132075
Original,Original,60.0,0.0127551,0.00024868,0.01949686
Original,Original,60.0,0.00947522,7.151e-05,0.00754717
Original,Original,60.0,0.01129738,8.526e-05,0.00754717
Original,Original,60.0,0.01056851,0.00011964,0.01132075
Original,Original,60.0,0.01457726,0.00011002,0.00754717
Original,Original,60.0,0.01311953,7.426e-05,0.00566038
Original,Original,60.0,0.01093294,0.00015815,0.01446541
Original,Original,60.0,0.01348397,0.00022897,0.01698113
Original,Original,60.0,0.01129738,0.00021316,0.01886792
Original,Original,60.0,0.01166181,0.00014669,0.01257862
Original,Original,60.0,0.01056851,0.00010635,0.01006289
Original,Original,60.0,0.0127551,0.00016846,0.01320755
Original,Original,60.0,0.01093294,4.813e-05,0.00440252
Original,Original,60.0,0.01020408,0.00016686,0.0163522
Original,Original,60.0,0.01202624,6.807e-05,0.00566038
Original,Original,60.0,0.01202624,0.00017396,0.01446541
Original,Original,60.0,0.0127551,0.00028077,0.02201258
Original,Original,60.0,0.01166181,0.00020537,0.01761006
Original,Original,60.0,0.01311953,0.00014852,0.01132075
Original,Original,60.0,0.01166181,0.00017603,0.01509434
Original,Original,60.0,0.01166181,0.00019803,0.01698113
Original,Original,60.0,0.01056851,0.00014623,0.01383648
Original,Original,60.0,0.01348397,9.329e-05,0.00691824
Original,Original,60.0,0.01056851,0.00018611,0.01761006
Original,Original,60.0,0.01166181,0.00016136,0.01383648
Original,Original,60.0,0.01166181,0.00016136,0.01383648
Original,Original,60.0,0.01056851,0.00013958,0.01320755
Original,Original,60.0,0.01129738,0.00014211,0.01257862
Original,Original,60.0,0.01129738,0.00022737,0.02012579
Original,Original,60.0,0.01093294,0.00021316,0.01949686
Original,Original,60.0,0.00983965,3.713e-05,0.00377358
Original,Original,60.0,0.01166181,0.00018336,0.01572327
Original,Original,60.0,0.00728863,7.334e-05,0.01006289
Original,Original,60.0,0.01020408,0.00010268,0.01006289
Original,Original,60.0,0.00801749,4.034e-05,0.00503145
Original,Original,60.0,0.01129738,0.00019895,0.01761006
Original,Original,60.0,0.01311953,0.00023104,0.01761006
Original,Original,60.0,0.01056851,0.00019941,0.01886792
Original,Original,60.0,0.01056851,0.00013958,0.01320755
Original,Original,60.0,0.01166181,0.00016869,0.01446541
Original,Original,60.0,0.01020408,0.00014761,0.01446541
Original,Original,60.0,0.01093294,0.00019941,0.01823899
Original,Original,60.0,0.0127551,0.00012033,0.00943396
Original,Original,60.0,0.0138484,0.00014806,0.01069182
Original,Original,60.0,0.01311953,0.00016503,0.01257862
Original,Original,60.0,0.01020408,0.00014761,0.01446541
Original,Original,60.0,0.01348397,0.00021201,0.01572327
Original,Original,60.0,0.01129738,0.00014921,0.01320755
Original,Original,60.0,0.01239067,0.00011689,0.00943396
Original,Original,60.0,0.01166181,0.00022003,0.01886792
Original,Original,60.0,0.00983965,5.57e-05,0.00566038
Original,Original,60.0,0.01166181,7.334e-05,0.00628931
Original,Original,60.0,0.01020408,0.00010268,0.01006289
Original,Original,60.0,0.01093294,0.00018565,0.01698113
Original,Original,60.0,0.01056851,0.00014623,0.01383648
Original,Original,60.0,0.01129738,0.00012789,0.01132075
Original,Original,60.0,0.01202624,0.00015884,0.01320755
Original,Original,60.0,0.01421283,0.00020559,0.01446541
Original,Original,60.0,0.01020408,9.626e-05,0.00943396
Original,Original,60.0,0.0138484,0.00011323,0.0081761
Original,Original,60.0,0.01129738,0.00022026,0.01949686
Original,Original,60.0,0.0127551,0.00020857,0.0163522
Original,Original,60.0,0.01129738,0.00015632,0.01383648
Original,Original,60.0,0.01056851,9.306e-05,0.00880503
Original,Original,60.0,0.01311953,0.00028879,0.02201258
Original,Original,60.0,0.01202624,9.833e-05,0.0081761
Original,Original,60.0,0.01202624,0.00019666,0.0163522
Original,Original,60.0,0.01093294,0.00016503,0.01509434
Original,Original,60.0,0.01749271,0.00031905,0.01823899
Original,Original,60.0,0.01457726,0.00015586,0.01069182
Original,Original,60.0,0.01311953,0.00024754,0.01886792
Original,Original,60.0,0.01348397,0.00027138,0.02012579
Original,Original,60.0,0.01421283,0.00023241,0.0163522
Original,Original,60.0,0.01129738,0.00021316,0.01886792
Original,Original,60.0,0.01166181,0.00022737,0.01949686
Original,Original,60.0,0.01567055,0.00029567,0.01886792
Original,Original,60.0,0.01093294,0.00019941,0.01823899
Original,Original,60.0,0.01567055,0.00031538,0.02012579
Original,Original,60.0,0.01567055,0.00024639,0.01572327
Original,Original,60.0,0.01603499,0.00022187,0.01383648
Original,Original,60.0,0.01603499,0.00032272,0.02012579
Original,Original,60.0,0.01202624,0.00019666,0.0163522
Original,Original,60.0,0.01530612,0.00028879,0.01886792
Original,Original,60.0,0.01020408,0.00017328,0.01698113
Original,Original,60.0,0.01166181,0.00014669,0.01257862
Original,Original,60.0,0.01166181,0.00015402,0.01320755
Original,Original,60.0,0.01530612,0.00011552,0.00754717
Original,Original,60.0,0.01567055,0.00010841,0.00691824
Original,Original,60.0,0.00947522,8.939e-05,0.00943396
Original,Original,60.0,0.01020408,0.00017328,0.01698113
Original,Original,60.0,0.00801749,0.00013615,0.01698113
Original,Original,60.0,0.00911079,0.00016044,0.01761006
Original,Original,60.0,0.00947522,0.00014898,0.01572327
Original,Original,60.0,0.00983965,0.00014233,0.01446541
Original,Original,60.0,0.01056851,0.00016617,0.01572327
Original,Original,60.0,0.01093294,0.00015815,0.01446541
Original,Original,60.0,0.01020408,0.00014761,0.01446541
Original,Original,60.0,0.00728863,0.0001146,0.01572327
Original,Original,60.0,0.00801749,9.581e-05,0.01194969
Original,Original,60.0,0.01020408,0.00017328,0.01698113
Original,Original,60.0,0.01166181,8.801e-05,0.00754717
Original,Original,60.0,0.01093294,0.00013752,0.01257862
Original,Original,60.0,0.00801749,0.00013615,0.01698113
Original,Original,60.0,0.01093294,0.00015127,0.01383648
Original,Original,60.0,0.01056851,0.00012629,0.01194969
Original,Original,60.0,0.00947522,8.939e-05,0.00943396
Original,Original,60.0,0.00801749,0.00013615,0.01698113
Original,Original,60.0,0.00947522,0.00011919,0.01257862
Original,Original,60.0,0.01166181,0.00011735,0.01006289
Original,Original,60.0,0.01056851,0.000113,0.01069182
Original,Original,60.0,0.01020408,5.134e-05,0.00503145
Original,Original,60.0,0.01020408,0.00016686,0.0163522
Original,Original,60.0,0.00838192,0.0001107,0.01320755
Original,Original,60.0,0.00728863,9.626e-05,0.01320755
Original,Original,60.0,0.01020408,8.343e-05,0.0081761
Original,Original,60.0,0.00983965,8.045e-05,0.0081761
Original,Original,60.0,0.00947522,0.00014302,0.01509434
Original,Original,60.0,0.01020408,0.00014119,0.01383648
Original,Original,60.0,0.00983965,5.57e-05,0.00566038
Original,Original,60.0,0.00911079,5.73e-05,0.00628931
Original,Original,60.0,0.00728863,7.334e-05,0.01006289
Original,Original,60.0,0.00765306,7.22e-05,0.00943396
Original,Original,60.0,0.00838192,0.00011598,0.01383648
Original,Original,60.0,0.01166181,5.868e-05,0.00503145
Original,Original,60.0,0.00874636,0.00015952,0.01823899
Original,Original,60.0,0.01093294,0.00016503,0.01509434
Original,Original,60.0,0.01311953,6.601e-05,0.00503145
Original,Original,60.0,0.00874636,9.351e-05,0.01069182
Original,Original,60.0,0.01166181,0.00011002,0.00943396
Original,Original,60.0,0.01020408,0.00017328,0.01698113
Original,Original,60.0,0.0069242,5.226e-05,0.00754717
Original,Original,60.0,0.00728863,9.626e-05,0.01320755
Original,Original,60.0,0.01056851,0.00012629,0.01194969
Original,Original,60.0,0.0138484,6.968e-05,0.00503145
Original,Original,60.0,0.01020408,5.776e-05,0.00566038
Original,Original,60.0,0.01056851,9.306e-05,0.00880503
Original,Original,60.0,0.01020408,5.776e-05,0.00566038
Original,Original,60.0,0.01166181,8.801e-05,0.00754717
Original,Original,60.0,0.0069242,6.968e-05,0.01006289
Original,Original,60.0,0.0069242,0.00010016,0.01446541
Original,Original,60.0,0.00655977,5.776e-05,0.00880503
Original,Original,60.0,0.00947522,4.767e-05,0.00503145
Original,Original,60.0,0.01093294,0.00010314,0.00943396
Original,Original,60.0,0.01056851,7.976e-05,0.00754717
Original,Original,60.0,0.0127551,0.00013638,0.01069182
Original,Original,60.0,0.00728863,6.418e-05,0.00880503
Original,Original,60.0,0.00874636,4.401e-05,0.00503145
Original,Original,60.0,0.00801749,9.581e-05,0.01194969
Original,Original,60.0,0.01166181,0.00015402,0.01320755
Original,Original,60.0,0.00874636,0.00010452,0.01194969
Original,Original,60.0,0.00801749,8.572e-05,0.01069182
Original,Original,60.0,0.01056851,0.0002127,0.02012579
Original,Original,60.0,0.00619534,7.014e-05,0.01132075
Original,Original,60.0,0.01129738,6.395e-05,0.00566038
Original,Original,60.0,0.01020408,0.00019253,0.01886792
Original,Original,60.0,0.00838192,0.00012652,0.01509434
Original,Original,60.0,0.00801749,0.00015127,0.01886792
Original,Original,60.0,0.00947522,0.00011919,0.01257862
Original,Original,60.0,0.01239067,6.234e-05,0.00503145
Original,Original,60.0,0.00874636,0.00015402,0.01761006
Original,Original,60.0,0.00945455,0.00015701,0.01660735
Original,Original,60.0,0.01054545,0.00015011,0.01423488
Original,Original,60.0,0.01381818,0.00027046,0.01957295
Original,Original,60.0,0.01163636,0.00020015,0.01720047
Original,Original,60.0,0.01309091,0.000132,0.01008304
Original,Original,60.0,0.00981818,0.0001747,0.01779359
Original,Original,60.0,0.01418182,0.00026076,0.01838671
Original,Original,60.0,0.01163636,0.00021395,0.01838671
Original,Original,60.0,0.012,0.00024911,0.02075919
Original,Original,60.0,0.01418182,0.00023552,0.01660735
Original,Original,60.0,0.01781818,0.00017966,0.01008304
Original,Original,60.0,0.01818182,0.00031274,0.01720047
Original,Original,60.0,0.01418182,0.000143,0.01008304
Original,Original,60.0,0.01127273,0.00017384,0.01542112
Original,Original,60.0,0.01345455,0.00018354,0.01364176
Original,Original,60.0,0.01090909,0.00010353,0.00948992
Original,Original,60.0,0.01345455,0.00026335,0.01957295
Original,Original,60.0,0.01309091,0.00023293,0.01779359
Original,Original,60.0,0.01490909,0.00014149,0.00948992
Original,Original,60.0,0.012,0.00024199,0.02016607
Original,Original,60.0,0.01381818,0.00026227,0.01897983
Original,Original,60.0,0.01309091,5.435e-05,0.00415184
Original,Original,60.0,0.012,0.00011388,0.00948992
Original,Original,60.0,0.01745455,9.317e-05,0.00533808
Original,Original,60.0,0.01345455,6.384e-05,0.00474496
Original,Original,60.0,0.01345455,0.00031123,0.02313167
Original,Original,60.0,0.01163636,0.00010353,0.0088968
Original,Original,60.0,0.01345455,0.00016758,0.01245552
Original,Original,60.0,0.01272727,0.00012833,0.01008304
Original,Original,60.0,0.01345455,0.00021546,0.01601423
Original,Original,60.0,0.01490909,0.00022991,0.01542112
Original,Original,60.0,0.016,0.00017082,0.01067616
Original,Original,60.0,0.01309091,7.764e-05,0.0059312
Original,Original,60.0,0.01381818,0.00014753,0.01067616
Original,Original,60.0,0.01381818,8.196e-05,0.0059312
Original,Original,60.0,0.01345455,0.00015162,0.01126928
Original,Original,60.0,0.01381818,0.00012294,0.0088968
Original,Original,60.0,0.00945455,0.0001458,0.01542112
Original,Original,60.0,0.01345455,0.00021546,0.01601423
Original,Original,60.0,0.01345455,0.0002394,0.01779359
Original,Original,60.0,0.01454545,0.00020705,0.01423488
Original,Original,60.0,0.00872727,3.623e-05,0.00415184
Original,Original,60.0,0.01381818,0.0001967,0.01423488
Original,Original,60.0,0.01054545,0.00018139,0.01720047
Original,Original,60.0,0.01272727,0.00026421,0.02075919
Original,Original,60.0,0.01490909,6.19e-05,0.00415184
Original,Original,60.0,0.01127273,8.023e-05,0.00711744
Original,Original,60.0,0.01527273,0.0002627,0.01720047
Original,Original,60.0,0.012,0.00019929,0.01660735
Original,Original,60.0,0.01236364,0.00019799,0.01601423
Original,Original,60.0,0.01454545,0.00019843,0.01364176
Original,Original,60.0,0.01054545,0.00017513,0.01660735
Original,Original,60.0,0.01090909,0.00015529,0.01423488
Original,Original,60.0,0.01018182,0.00015701,0.01542112
Original,Original,60.0,0.01272727,0.00014343,0.01126928
Original,Original,60.0,0.01309091,0.00016305,0.01245552
Original,Original,60.0,0.01418182,0.0002187,0.01542112
Original,Original,60.0,0.01709091,0.00011151,0.00652432
Original,Original,60.0,0.01309091,0.00017082,0.01304864
Original,Original,60.0,0.016,0.00025623,0.01601423
Original,Original,60.0,0.01163636,8.282e-05,0.00711744
Original,Original,60.0,0.01163636,0.00018635,0.01601423
Original,Original,60.0,0.01272727,9.813e-05,0.00771056
Original,Original,60.0,0.01163636,0.00015184,0.01304864
Original,Original,60.0,0.012,0.00010676,0.0088968
Original,Original,60.0,0.01527273,0.00016305,0.01067616
Original,Original,60.0,0.01745455,0.00020705,0.0118624
Original,Original,60.0,0.01418182,0.00015982,0.01126928
Original,Original,60.0,0.01163636,0.00015874,0.01364176
Original,Original,60.0,0.01309091,0.00012423,0.00948992
Original,Original,60.0,0.00981818,9.9e-05,0.01008304
Original,Original,60.0,0.01090909,0.00010353,0.00948992
Original,Original,60.0,0.01272727,6.039e-05,0.00474496
Original,Original,60.0,0.01454545,0.00023293,0.01601423
Original,Original,60.0,0.01272727,0.00018872,0.014828
Original,Original,60.0,0.01345455,0.00027931,0.02075919
Original,Original,60.0,0.01345455,0.0002394,0.01779359
Original,Original,60.0,0.01345455,0.00022344,0.01660735
Original,Original,60.0,0.01272727,6.039e-05,0.00474496
Original,Original,60.0,0.01272727,0.00021137,0.01660735
Original,Original,60.0,0.01418182,0.00026917,0.01897983
Original,Original,60.0,0.01272727,6.039e-05,0.00474496
Original,Original,60.0,0.01418182,0.00026076,0.01838671
Original,Original,60.0,0.01381818,0.0001885,0.01364176
Original,Original,60.0,0.01381818,0.00022948,0.01660735
Original,Original,60.0,0.01309091,0.00014753,0.01126928
Original,Original,60.0,0.01309091,6.212e-05,0.00474496
Original,Original,60.0,0.01527273,0.00018117,0.0118624
Original,Original,60.0,0.01236364,9.533e-05,0.00771056
Original,Original,60.0,0.01236364,0.00023466,0.01897983
Original,Original,60.0,0.01527273,0.00023552,0.01542112
Original,Original,60.0,0.01454545,0.00033646,0.02313167
Original,Original,60.0,0.01418182,0.00026917,0.01897983
Original,Original,60.0,0.01381818,0.0001885,0.01364176
Original,Original,60.0,0.01054545,0.00015637,0.014828
Original,Original,60.0,0.01090909,0.00019411,0.01779359
Original,Original,60.0,0.01345455,0.00023142,0.01720047
Original,Original,60.0,0.01781818,0.00024307,0.01364176
Original,Original,60.0,0.01527273,0.00019929,0.01304864
Original,Original,60.0,0.01418182,0.00028599,0.02016607
Original,Original,60.0,0.01527273,0.00030799,0.02016607
Original,Original,60.0,0.01781818,0.00029591,0.01660735
Original,Original,60.0,0.01309091,0.00028729,0.02194543
Original,Original,60.0,0.01272727,0.00013588,0.01067616
Original,Original,60.0,0.01454545,0.00027607,0.01897983
Original,Original,60.0,0.01090909,0.0001747,0.01601423
Original,Original,60.0,0.01272727,0.00027931,0.02194543
Original,Original,60.0,0.01054545,4.378e-05,0.00415184
Original,Original,60.0,0.01163636,6.212e-05,0.00533808
Original,Original,60.0,0.01272727,0.00020382,0.01601423
Original,Original,60.0,0.01345455,0.00018354,0.01364176
Original,Original,60.0,0.01381818,0.00030325,0.02194543
Original,Original,60.0,0.01236364,0.000132,0.01067616
Original,Original,60.0,0.01381818,0.00030325,0.02194543
Original,Original,60.0,0.01163636,8.972e-05,0.00771056
Original,Original,60.0,0.01418182,0.00011776,0.00830368
Original,Original,60.0,0.01272727,0.00023401,0.01838671
Original,Original,60.0,0.01418182,0.00025235,0.01779359
Original,Original,60.0,0.01490909,7.074e-05,0.00474496
Original,Original,60.0,0.01418182,0.00010094,0.00711744
Original,Original,60.0,0.01418182,0.00031123,0.02194543
Original,Original,60.0,0.01054545,0.00015637,0.014828
Original,Original,60.0,0.01272727,0.00024911,0.01957295
Original,Original,60.0,0.01636364,0.00026205,0.01601423
Original,Original,60.0,0.012,0.00018505,0.01542112
Original,Original,60.0,0.01745455,0.00035199,0.02016607
Original,Original,60.0,0.01418182,0.00020188,0.01423488
Original,Original,60.0,0.01090909,0.0001747,0.01601423
Original,Original,60.0,0.01163636,0.00016564,0.01423488
Original,Original,60.0,0.01127273,0.00017384,0.01542112
Original,Original,60.0,0.01054545,0.0001939,0.01838671
Original,Original,60.0,0.01490909,0.00016801,0.01126928
Original,Original,60.0,0.01090909,0.00018764,0.01720047
Original,Original,60.0,0.01418182,0.00024393,0.01720047
Original,Original,60.0,0.01381818,0.00031144,0.02253855
Original,Original,60.0,0.01381818,0.00029505,0.02135231
Original,Original,60.0,0.01454545,6.902e-05,0.00474496
Original,Original,60.0,0.01345455,0.0002394,0.01779359
Original,Original,60.0,0.01418182,7.57e-05,0.00533808
Original,Original,60.0,0.01745455,0.0001967,0.01126928
Original,Original,60.0,0.01309091,0.00023293,0.01779359
Original,Original,60.0,0.01163636,5.521e-05,0.00474496
Original,Original,60.0,0.01418182,0.00026076,0.01838671
Original,Original,60.0,0.01418182,0.00026076,0.01838671
Original,Original,60.0,0.01345455,0.00019152,0.01423488
Original,Original,60.0,0.01127273,0.00022064,0.01957295
Original,Original,60.0,0.01272727,0.00021137,0.01660735
Original,Original,60.0,0.01418182,0.00025235,0.01779359
Original,Original,60.0,0.01345455,7.98e-05,0.0059312
Original,Original,60.0,0.01490909,8.843e-05,0.0059312
Original,Original,60.0,0.01527273,0.00021741,0.01423488
Original,Original,60.0,0.01672727,0.00019843,0.0118624
Original,Original,60.0,0.012,0.00024199,0.02016607
Original,Original,60.0,0.01527273,0.00020835,0.01364176
Original,Original,60.0,0.01236364,7.333e-05,0.0059312
Original,Original,60.0,0.01272727,0.00024156,0.01897983
Original,Original,60.0,0.01381818,0.00024588,0.01779359
Original,Original,60.0,0.01236364,0.00017599,0.01423488
Original,Original,60.0,0.01018182,0.00015098,0.014828
Original,Original,60.0,0.01163636,8.282e-05,0.00711744
Original,Original,60.0,0.01345455,0.00012768,0.00948992
Original,Original,60.0,0.01454545,0.00020705,0.01423488
Original,Original,60.0,0.01272727,0.00024156,0.01897983
Original,Original,60.0,0.01163636,6.212e-05,0.00533808
Original,Original,60.0,0.01345455,0.00011172,0.00830368
Original,Original,60.0,0.01418182,0.00010094,0.00711744
Original,Original,60.0,0.01127273,0.00012704,0.01126928
Original,Original,60.0,0.01163636,0.00016564,0.01423488
Original,Original,60.0,0.01345455,8.778e-05,0.00652432
Original,Original,60.0,0.01490909,0.00034487,0.02313167
Original,Original,60.0,0.01490909,0.00028297,0.01897983
Original,Original,60.0,0.01090909,0.00014235,0.01304864
Original,Original,60.0,0.01418182,0.00015982,0.01126928
Original,Original,60.0,0.01418182,7.57e-05,0.00533808
Original,Original,60.0,0.01381818,0.00018031,0.01304864
Original,Original,60.0,0.01345455,0.00015162,0.01126928
Original,Original,60.0,0.01272727,0.00024156,0.01897983
Original,Original,60.0,0.01309091,0.00022517,0.01720047
Original,Original,60.0,0.01054545,6.88e-05,0.00652432
Original,Original,60.0,0.01418182,0.00025235,0.01779359
Original,Original,60.0,0.01054545,0.00013135,0.01245552
Original,Original,60.0,0.01345455,0.00028729,0.02135231
Original,Original,60.0,0.01127273,6.017e-05,0.00533808
Original,Original,60.0,0.01236364,8.8e-05,0.00711744
Original,Original,60.0,0.01418182,0.000143,0.01008304
Original,Original,60.0,0.00945455,0.00011776,0.01245552
Original,Original,60.0,0.01345455,0.00025537,0.01897983
Original,Original,60.0,0.01345455,0.0001995,0.014828
Original,Original,60.0,0.01490909,0.00025644,0.01720047
Original,Original,60.0,0.01236364,0.00014666,0.0118624
Original,Original,60.0,0.01236364,0.00026399,0.02135231
Original,Original,60.0,0.01272727,0.00014343,0.01126928
Original,Original,60.0,0.01345455,0.00027133,0.02016607
Original,Original,60.0,0.01454545,0.00013804,0.00948992
Original,Original,60.0,0.012,0.00020641,0.01720047
Original,Original,60.0,0.01490909,0.00023876,0.01601423
Original,Original,60.0,0.00981818,5.241e-05,0.00533808
Original,Original,60.0,0.01672727,0.00010913,0.00652432
Original,Original,60.0,0.01454545,0.0002847,0.01957295
Original,Original,60.0,0.01527273,0.00017211,0.01126928
Original,Original,60.0,0.01309091,0.00028729,0.02194543
Original,Original,60.0,0.01236364,0.00011733,0.00948992
Original,Original,60.0,0.01418182,0.00027758,0.01957295
Original,Original,60.0,0.01527273,0.00029893,0.01957295
Original,Original,60.0,0.00909091,4.314e-05,0.00474496
Original,Original,60.0,0.01054545,0.00016888,0.01601423
Original,Original,60.0,0.01018182,0.00015701,0.01542112
Original,Original,60.0,0.01272727,0.00017362,0.01364176
Original,Original,60.0,0.01709091,0.00017233,0.01008304
Original,Original,60.0,0.00945455,0.00012898,0.01364176
Original,Original,60.0,0.012,0.00022064,0.01838671
Original,Original,60.0,0.01309091,0.00028729,0.02194543
Original,Original,60.0,0.01345455,0.00027931,0.02075919
Original,Original,60.0,0.01636364,0.00032028,0.01957295
Original,Original,60.0,0.01236364,0.00010266,0.00830368
Original,Original,60.0,0.00981818,0.00010482,0.01067616
Original,Original,60.0,0.01163636,0.00015874,0.01364176
Original,Original,60.0,0.01345455,0.00015162,0.01126928
Original,Original,60.0,0.01309091,0.00020964,0.01601423
Original,Original,60.0,0.01345455,0.00012768,0.00948992
Original,Original,60.0,0.01309091,0.00028729,0.02194543
Original,Original,60.0,0.01236364,0.00023466,0.01897983
Original,Original,60.0,0.012,7.117e-05,0.0059312
Original,Original,60.0,0.01563636,9.274e-05,0.0059312
Original,Original,60.0,0.01345455,0.00028729,0.02135231
Original,Original,60.0,0.01527273,0.00019023,0.01245552
Original,Original,60.0,0.01381818,0.00030325,0.02194543
Original,Original,60.0,0.01163636,0.00022776,0.01957295
Original,Original,60.0,0.01163636,0.00020015,0.01720047
Original,Original,60.0,0.01018182,9.059e-05,0.0088968
Original,Original,60.0,0.01236364,0.00017599,0.01423488
Original,Original,60.0,0.01345455,0.00022344,0.01660735
Original,Original,60.0,0.01345455,0.00021546,0.01601423
Original,Original,60.0,0.01345455,0.00023142,0.01720047
Original,Original,60.0,0.01236364,0.00016866,0.01364176
Original,Original,60.0,0.00909091,8.088e-05,0.0088968
Original,Original,60.0,0.012,0.00012811,0.01067616
Original,Original,60.0,0.01490909,7.959e-05,0.00533808
Original,Original,60.0,0.01345455,0.00025537,0.01897983
Original,Original,60.0,0.01345455,0.00015162,0.01126928
Original,Original,60.0,0.01381818,9.835e-05,0.00711744
Original,Original,60.0,0.01309091,0.00012423,0.00948992
Original,Original,60.0,0.016,0.00019929,0.01245552
Original,Original,60.0,0.01309091,0.00031058,0.02372479
Original,Original,60.0,0.01345455,0.0001197,0.0088968
Original,Original,60.0,0.01236364,0.00011733,0.00948992
Original,Original,60.0,0.01272727,0.00015098,0.0118624
Original,Original,60.0,0.01563636,0.00016694,0.01067616
Original,Original,70.0,0.01060071,7.545e-05,0.00711744
Original,Original,70.0,0.01095406,0.00019491,0.01779359
Original,Original,70.0,0.01060071,0.0001006,0.00948992
Original,Original,70.0,0.01413428,0.00017605,0.01245552
Original,Original,70.0,0.01342756,0.00023096,0.01720047
Original,Original,70.0,0.01236749,0.00016138,0.01304864
Original,Original,70.0,0.01166078,7.608e-05,0.00652432
Original,Original,70.0,0.00883392,8.383e-05,0.00948992
Original,Original,70.0,0.00918728,0.00016347,0.01779359
Original,Original,70.0,0.00918728,8.719e-05,0.00948992
Original,Original,70.0,0.01413428,0.00018443,0.01304864
Original,Original,70.0,0.01024735,9.117e-05,0.0088968
Original,Original,70.0,0.00918728,0.00013078,0.01423488
Original,Original,70.0,0.01201413,0.00023515,0.01957295
Original,Original,70.0,0.01201413,0.00020665,0.01720047
Original,Original,70.0,0.01696113,0.00022132,0.01304864
Original,Original,70.0,0.01413428,0.00022635,0.01601423
Original,Original,70.0,0.01272085,0.00024144,0.01897983
Original,Original,70.0,0.01024735,3.647e-05,0.00355872
Original,Original,70.0,0.01236749,0.00022006,0.01779359
Original,Original,70.0,0.01060071,7.545e-05,0.00711744
Original,Original,70.0,0.01166078,0.00010374,0.0088968
Original,Original,70.0,0.01095406,4.548e-05,0.00415184
Original,Original,70.0,0.01272085,0.00022635,0.01779359
Original,Original,70.0,0.00954064,0.00011883,0.01245552
Original,Original,70.0,0.01201413,0.00021377,0.01779359
Original,Original,70.0,0.01484099,0.00018485,0.01245552
Original,Original,70.0,0.01060071,3.772e-05,0.00355872
Original,Original,70.0,0.01024735,0.00012764,0.01245552
Original,Original,70.0,0.00989399,0.00011737,0.0118624
Original,Original,70.0,0.01378092,8.991e-05,0.00652432
Original,Original,70.0,0.01236749,0.00018339,0.014828
Original,Original,70.0,0.01201413,0.00013539,0.01126928
Original,Original,70.0,0.01378092,9.808e-05,0.00711744
Original,Original,70.0,0.00989399,9.976e-05,0.01008304
Original,Original,70.0,0.01908127,9.054e-05,0.00474496
Original,Original,70.0,0.0155477,0.00024898,0.01601423
Original,Original,70.0,0.01378092,0.000188,0.01364176
Original,Original,70.0,0.01731449,0.00022593,0.01304864
Original,Original,70.0,0.01236749,0.00022006,0.01779359
Original,Original,70.0,0.01342756,0.00021503,0.01601423
Original,Original,70.0,0.01272085,0.0001509,0.0118624
Original,Original,70.0,0.01201413,0.00016389,0.01364176
Original,Original,70.0,0.01342756,0.00020707,0.01542112
Original,Original,70.0,0.01201413,7.126e-05,0.0059312
Original,Original,70.0,0.01413428,8.383e-05,0.0059312
Original,Original,70.0,0.00989399,4.695e-05,0.00474496
Original,Original,70.0,0.01519435,6.308e-05,0.00415184
Original,Original,70.0,0.01130742,5.365e-05,0.00474496
Original,Original,70.0,0.00989399,3.521e-05,0.00355872
Original,Original,70.0,0.01095406,0.00017542,0.01601423
Original,Original,70.0,0.00848057,0.00010563,0.01245552
Original,Original,70.0,0.00954064,9.62e-05,0.01008304
Original,Original,70.0,0.01060071,5.659e-05,0.00533808
Original,Original,70.0,0.01095406,7.147e-05,0.00652432
Original,Original,70.0,0.00989399,0.00014084,0.01423488
Original,Original,70.0,0.01236749,0.00019806,0.01601423
Original,Original,70.0,0.01166078,0.00012449,0.01067616
Original,Original,70.0,0.01731449,0.00012323,0.00711744
Original,Original,70.0,0.01130742,0.00016096,0.01423488
Original,Original,70.0,0.01413428,0.0001509,0.01067616
Original,Original,70.0,0.01236749,0.0002274,0.01838671
Original,Original,70.0,0.01378092,0.00020434,0.014828
Original,Original,70.0,0.01660777,0.00029551,0.01779359
Original,Original,70.0,0.01236749,0.00011003,0.0088968
Original,Original,70.0,0.00989399,0.00010563,0.01067616
Original,Original,70.0,0.0130742,0.00019386,0.014828
Original,Original,70.0,0.00989399,7.629e-05,0.00771056
Original,Original,70.0,0.0130742,0.00018611,0.01423488
Original,Original,70.0,0.01342756,0.00017521,0.01304864
Original,Original,70.0,0.0130742,0.00027141,0.02075919
Original,Original,70.0,0.01696113,0.00022132,0.01304864
Original,Original,70.0,0.01130742,9.389e-05,0.00830368
Original,Original,70.0,0.01166078,0.00018674,0.01601423
Original,Original,70.0,0.01130742,0.00018779,0.01660735
Original,Original,70.0,0.01272085,0.00024898,0.01957295
Original,Original,70.0,0.00989399,5.868e-05,0.0059312
Original,Original,70.0,0.01095406,0.00020141,0.01838671
Original,Original,70.0,0.01484099,0.00014964,0.01008304
Original,Original,70.0,0.00918728,8.719e-05,0.00948992
Original,Original,70.0,0.01943463,0.00014985,0.00771056
Original,Original,70.0,0.01378092,0.00021252,0.01542112
Original,Original,70.0,0.01024735,0.00011548,0.01126928
Original,Original,70.0,0.01060071,8.174e-05,0.00771056
Original,Original,70.0,0.01095406,0.00018192,0.01660735
Original,Original,70.0,0.00954064,0.00014147,0.014828
Original,Original,70.0,0.01413428,0.00024312,0.01720047
Original,Original,70.0,0.01166078,0.00017982,0.01542112
Original,Original,70.0,0.00954064,0.00013015,0.01364176
Original,Original,70.0,0.01060071,0.00012575,0.0118624
Original,Original,70.0,0.00989399,4.695e-05,0.00474496
Original,Original,70.0,0.01590106,0.00027351,0.01720047
Original,Original,70.0,0.01519435,0.00014419,0.00948992
Original,Original,70.0,0.01201413,7.838e-05,0.00652432
Original,Original,70.0,0.01166078,0.00011066,0.00948992
Original,Original,70.0,0.01201413,0.0002209,0.01838671
Original,Original,70.0,0.01060071,8.802e-05,0.00830368
Original,Original,70.0,0.0130742,0.00013958,0.01067616
Original,Original,70.0,0.01448763,0.00023201,0.01601423
Original,Original,70.0,0.01272085,0.00021126,0.01660735
Original,Original,70.0,0.01342756,0.00015928,0.0118624
Original,Original,70.0,0.01378092,0.00023704,0.01720047
Original,Original,70.0,0.01272085,0.00012826,0.01008304
Original,Original,70.0,0.01236749,0.00018339,0.014828
Original,Original,70.0,0.01024735,0.00013979,0.01364176
Original,Original,70.0,0.01095406,0.00015593,0.01423488
Original,Original,70.0,0.01024735,4.255e-05,0.00415184
Original,Original,70.0,0.01166078,0.00017291,0.014828
Original,Original,70.0,0.01378092,0.000188,0.01364176
Original,Original,70.0,0.01166078,0.00023515,0.02016607
Original,Original,70.0,0.00954064,6.225e-05,0.00652432
Original,Original,70.0,0.01236749,7.335e-05,0.0059312
Original,Original,70.0,0.01378092,7.356e-05,0.00533808
Original,Original,70.0,0.01766784,0.00012575,0.00711744
Original,Original,70.0,0.01236749,0.00019072,0.01542112
Original,Original,70.0,0.01625442,0.00013497,0.00830368
Original,Original,70.0,0.00918728,0.00013078,0.01423488
Original,Original,70.0,0.01095406,9.746e-05,0.0088968
Original,Original,70.0,0.01413428,0.00021797,0.01542112
Original,Original,70.0,0.01166078,0.00019365,0.01660735
Original,Original,70.0,0.00989399,0.00010563,0.01067616
Original,Original,70.0,0.01236749,0.00014671,0.0118624
Original,Original,70.0,0.00989399,5.281e-05,0.00533808
Original,Original,70.0,0.01024735,0.00017018,0.01660735
Original,Original,70.0,0.01166078,0.0002144,0.01838671
Original,Original,70.0,0.01095406,0.00015593,0.01423488
Original,Original,70.0,0.01060071,3.772e-05,0.00355872
Original,Original,70.0,0.01236749,0.00019072,0.01542112
Original,Original,70.0,0.01590106,8.488e-05,0.00533808
Original,Original,70.0,0.01696113,0.0001006,0.0059312
Original,Original,70.0,0.01060071,0.00018862,0.01779359
Original,Original,70.0,0.01201413,0.00016389,0.01364176
Original,Original,70.0,0.00989399,0.00012323,0.01245552
Original,Original,70.0,0.01130742,0.00019449,0.01720047
Original,Original,70.0,0.01272085,0.00017353,0.01364176
Original,Original,70.0,0.0130742,0.00021713,0.01660735
Original,Original,70.0,0.01660777,9.85e-05,0.0059312
Original,Original,70.0,0.01166078,0.00018674,0.01601423
Original,Original,70.0,0.01201413,0.0002209,0.01838671
Original,Original,70.0,0.0130742,0.00018611,0.01423488
Original,Original,70.0,0.01060071,8.174e-05,0.00771056
Original,Original,70.0,0.01236749,5.135e-05,0.00415184
Original,Original,70.0,0.01201413,0.00020665,0.01720047
Original,Original,70.0,0.01166078,0.00014524,0.01245552
Original,Original,70.0,0.00918728,4.904e-05,0.00533808
Original,Original,70.0,0.01342756,0.00017521,0.01304864
Original,Original,70.0,0.01660777,0.00017731,0.01067616
Original,Original,70.0,0.01872792,0.00023327,0.01245552
Original,Original,70.0,0.01590106,8.488e-05,0.00533808
Original,Original,70.0,0.01166078,0.00015907,0.01364176
Original,Original,70.0,0.01413428,0.00021797,0.01542112
Original,Original,70.0,0.01130742,0.00012072,0.01067616
Original,Original,70.0,0.01130742,0.00013413,0.0118624
Original,Original,70.0,0.01201413,0.00019952,0.01660735
Original,Original,70.0,0.00954064,0.00010186,0.01067616
Original,Original,70.0,0.01236749,8.802e-05,0.00711744
Original,Original,70.0,0.01484099,0.00014084,0.00948992
Original,Original,70.0,0.01060071,0.00013204,0.01245552
Original,Original,70.0,0.01201413,9.976e-05,0.00830368
Original,Original,70.0,0.0155477,0.00011066,0.00711744
Original,Original,70.0,0.01024735,0.00018234,0.01779359
Original,Original,70.0,0.01130742,0.00012072,0.01067616
Original,Original,70.0,0.01378092,6.539e-05,0.00474496
Original,Original,70.0,0.01201413,0.00019952,0.01660735
Original,Original,70.0,0.01660777,7.88e-05,0.00474496
Original,Original,70.0,0.01095406,0.00017542,0.01601423
Original,Original,70.0,0.01448763,0.00026638,0.01838671
Original,Original,70.0,0.01484099,0.00014964,0.01008304
Original,Original,70.0,0.00918728,0.00013078,0.01423488
Original,Original,70.0,0.0155477,0.00019365,0.01245552
Original,Original,70.0,0.01448763,0.00030075,0.02075919
Original,Original,70.0,0.01024735,0.00012156,0.0118624
Original,Original,70.0,0.01060071,0.00013204,0.01245552
Original,Original,70.0,0.01201413,4.988e-05,0.00415184
Original,Original,70.0,0.01272085,8.299e-05,0.00652432
Original,Original,70.0,0.0130742,0.00017836,0.01364176
Original,Original,70.0,0.01448763,0.00014608,0.01008304
Original,Original,70.0,0.0130742,6.979e-05,0.00533808
Original,Original,70.0,0.01625442,0.00018318,0.01126928
Original,Original,70.0,0.01236749,0.00020539,0.01660735
Original,Original,70.0,0.01166078,0.00022132,0.01897983
Original,Original,70.0,0.01166078,0.00012449,0.01067616
Original,Original,70.0,0.01484099,0.00022886,0.01542112
Original,Original,70.0,0.01272085,0.00010563,0.00830368
Original,Original,70.0,0.01201413,0.00013539,0.01126928
Original,Original,70.0,0.01060071,0.00016347,0.01542112
Original,Original,70.0,0.01060071,0.00012575,0.0118624
Original,Original,70.0,0.01696113,0.00012072,0.00711744
Original,Original,70.0,0.01201413,9.264e-05,0.00771056
Original,Original,70.0,0.01166078,4.841e-05,0.00415184
Original,Original,70.0,0.01378092,0.00022886,0.01660735
Original,Original,70.0,0.01413428,0.0001006,0.00711744
Original,Original,70.0,0.01130742,0.00021461,0.01897983
Original,Original,70.0,0.01236749,7.335e-05,0.0059312
Original,Original,70.0,0.01024735,0.00012156,0.0118624
Original,Original,70.0,0.00954064,0.00011883,0.01245552
Original,Original,70.0,0.01378092,0.00013078,0.00948992
Original,Original,70.0,0.01024735,0.00012156,0.0118624
Original,Original,70.0,0.01201413,0.0002494,0.02075919
Original,Original,70.0,0.01413428,5.868e-05,0.00415184
Original,Original,70.0,0.01625442,0.0002121,0.01304864
Original,Original,70.0,0.00883392,8.383e-05,0.00948992
Original,Original,70.0,0.01060071,3.772e-05,0.00355872
Original,Original,70.0,0.01236749,8.802e-05,0.00711744
Original,Original,70.0,0.01201413,9.976e-05,0.00830368
Original,Original,70.0,0.01201413,0.00012114,0.01008304
Original,Original,70.0,0.01166078,5.533e-05,0.00474496
Original,Original,70.0,0.01130742,0.00020791,0.01838671
Original,Original,70.0,0.01236749,0.0001027,0.00830368
Original,Original,70.0,0.01236749,4.401e-05,0.00355872
Original,Original,70.0,0.01060071,5.03e-05,0.00474496
Original,Original,70.0,0.01024735,0.00013979,0.01364176
Original,Original,70.0,0.00989399,0.00015844,0.01601423
Original,Original,70.0,0.00989399,0.00013497,0.01364176
Original,Original,70.0,0.01272085,0.00018108,0.01423488
Original,Original,70.0,0.0180212,8.551e-05,0.00474496
Original,Original,70.0,0.0130742,0.00019386,0.014828
Original,Original,70.0,0.0130742,6.979e-05,0.00533808
Original,Original,70.0,0.01130742,0.00019449,0.01720047
Original,Original,70.0,0.01166078,0.00013832,0.0118624
Original,Original,70.0,0.01519435,0.00017123,0.01126928
Original,Original,70.0,0.01342756,0.0001115,0.00830368
Original,Original,70.0,0.01236749,0.0002274,0.01838671
Original,Original,70.0,0.00954064,9.054e-05,0.00948992
Original,Original,70.0,0.02014134,0.00021503,0.01067616
Original,Original,70.0,0.01095406,0.00014294,0.01304864
Original,Original,70.0,0.01166078,0.00015907,0.01364176
Original,Original,70.0,0.0130742,7.755e-05,0.0059312
Original,Original,70.0,0.01625442,0.00010605,0.00652432
Original,Original,70.0,0.01236749,0.00020539,0.01660735
Original,Original,70.0,0.01201413,0.00021377,0.01779359
Original,Original,70.0,0.00954064,3.961e-05,0.00415184
Original,Original,70.0,0.00989399,0.00014671,0.014828
Original,Original,70.0,0.01095406,0.00011045,0.01008304
Original,Original,70.0,0.01166078,0.00010374,0.0088968
Original,Original,70.0,0.01236749,6.602e-05,0.00533808
Original,Original,70.0,0.01060071,0.00011946,0.01126928
Original,Original,70.0,0.01166078,9.683e-05,0.00830368
Original,Original,70.0,0.00883392,4.192e-05,0.00474496
Original,Original,70.0,0.00883392,0.00014147,0.01601423
Original,Original,70.0,0.01625442,0.00011569,0.00711744
Original,Original,70.0,0.01236749,7.335e-05,0.0059312
Original,Original,70.0,0.01130742,6.707e-05,0.0059312
Original,Original,70.0,0.01024735,0.00010332,0.01008304
Original,Original,70.0,0.01166078,0.00011758,0.01008304
Original,Original,70.0,0.01272085,6.036e-05,0.00474496
Original,Original,70.0,0.00918728,9.264e-05,0.01008304
Original,Original,70.0,0.01342756,0.000223,0.01660735
Original,Original,70.0,0.01166078,0.00020749,0.01779359
Original,Original,70.0,0.01024735,7.293e-05,0.00711744
Original,Original,70.0,0.01130742,0.00019449,0.01720047
Original,Original,70.0,0.00954064,0.00010752,0.01126928
Original,Original,70.0,0.0130742,4.653e-05,0.00355872
Original,Original,70.0,0.0155477,0.0002121,0.01364176
Original,Original,70.0,0.00883392,6.811e-05,0.00771056
Original,Original,70.0,0.01378092,0.00023704,0.01720047
Original,Original,70.0,0.01236749,5.135e-05,0.00415184
Original,Original,70.0,0.01696113,0.0001006,0.0059312
Original,Original,70.0,0.01272085,0.00014335,0.01126928
Original,Original,70.0,0.01978799,0.00014084,0.00711744
Original,Original,70.0,0.01413428,5.03e-05,0.00355872
Original,Original,70.0,0.01378092,0.00023704,0.01720047
Original,Original,70.0,0.01272085,0.0001509,0.0118624
Original,Original,70.0,0.01095406,4.548e-05,0.00415184
Original,Original,70.0,0.0130742,0.00019386,0.014828
Original,Original,70.0,0.01095406,0.00011045,0.01008304
Original,Original,70.0,0.01342756,7.168e-05,0.00533808
Original,Original,70.0,0.00989399,0.00014671,0.014828
Original,Original,70.0,0.01166078,9.683e-05,0.00830368
Original,Original,70.0,0.01696113,0.00011066,0.00652432
Original,Original,70.0,0.01342756,0.00019114,0.01423488
Original,Original,70.0,0.01201413,0.00019952,0.01660735
Original,Original,70.0,0.01201413,9.264e-05,0.00771056
Original,Original,70.0,0.00954064,7.922e-05,0.00830368
Original,Original,70.0,0.01272085,0.00020371,0.01601423
Original,Original,70.0,0.01272085,0.00017353,0.01364176
Original,Original,70.0,0.01448763,0.00024919,0.01720047
Original,Original,70.0,0.00989399,0.0001115,0.01126928
Original,Original,70.0,0.01519435,0.00032443,0.02135231
Original,Original,70.0,0.01130742,0.00012743,0.01126928
Original,Original,70.0,0.01166078,0.00012449,0.01067616
Original,Original,70.0,0.01448763,6.874e-05,0.00474496
Original,Original,70.0,0.01130742,0.00014755,0.01304864
Original,Original,70.0,0.01660777,0.00030536,0.01838671
Original,Original,70.0,0.01448763,0.00016327,0.01126928
Original,Original,70.0,0.00989399,6.455e-05,0.00652432
Original,Original,70.0,0.00918728,5.994e-05,0.00652432
Original,Original,70.0,0.01625442,6.749e-05,0.00415184
Original,Original,70.0,0.0130742,0.00015509,0.0118624
Original,Original,70.0,0.01272085,0.00018108,0.01423488
Original,Original,70.0,0.01413428,0.0001509,0.01067616
Original,Original,70.0,0.01166078,0.00013141,0.01126928
Original,Original,70.0,0.01024735,0.00013371,0.01304864
Original,Original,70.0,0.01060071,6.287e-05,0.0059312
Original,Original,70.0,0.01342756,7.964e-05,0.0059312
Original,Original,70.0,0.01378092,0.00013895,0.01008304
Original,Original,70.0,0.01130742,9.389e-05,0.00830368
Original,Original,70.0,0.01519435,0.00018024,0.0118624
Original,Original,70.0,0.00954064,0.00014147,0.014828
Original,Original,70.0,0.01166078,0.00015216,0.01304864
Original,Original,70.0,0.01201413,4.988e-05,0.00415184
Original,Original,70.0,0.01378092,0.000188,0.01364176
Original,Original,70.0,0.01060071,0.00016347,0.01542112
Original,Original,70.0,0.01236749,0.00021273,0.01720047
Original,Original,70.0,0.01342756,0.00025485,0.01897983
Original,Original,70.0,0.01342756,0.0001115,0.00830368
Original,Original,70.0,0.01872792,0.00019994,0.01067616
Original,Original,70.0,0.01060071,0.00011946,0.01126928
Original,Original,70.0,0.01095406,0.00018192,0.01660735
Original,Original,70.0,0.01872792,0.00033324,0.01779359
Original,Original,70.0,0.01448763,6.015e-05,0.00415184
Original,Original,70.0,0.01236749,0.00015404,0.01245552
Original,Original,70.0,0.00989399,0.00017018,0.01720047
Original,Original,70.0,0.01236749,0.0001247,0.01008304
Original,Original,70.0,0.01095406,0.00013644,0.01245552
Original,Original,70.0,0.01236749,4.401e-05,0.00355872
Original,Original,70.0,0.01236749,0.0002274,0.01838671
Original,Original,70.0,0.01625442,0.00019282,0.0118624
Original,Original,70.0,0.01130742,0.00018108,0.01601423
Original,Original,70.0,0.01272085,0.00021126,0.01660735
Original,Original,70.0,0.01024735,0.00015195,0.014828
Original,Original,70.0,0.01272085,0.00011317,0.0088968
Original,Original,70.0,0.02084806,8.656e-05,0.00415184
Original,Original,70.0,0.01484099,0.00021126,0.01423488
Original,Original,70.0,0.01236749,0.00018339,0.014828
Original,Original,70.0,0.01625442,0.00023138,0.01423488
Original,Original,70.0,0.00989399,0.00010563,0.01067616
Original,Original,70.0,0.01236749,0.0002494,0.02016607
Original,Original,70.0,0.01236749,8.802e-05,0.00711744
Original,Original,70.0,0.01201413,0.00014964,0.01245552
Original,Original,70.0,0.00989399,8.216e-05,0.00830368
Original,Original,70.0,0.01272085,0.00014335,0.01126928
Original,Original,70.0,0.01272085,0.00026407,0.02075919
Original,Original,70.0,0.01908127,0.00031689,0.01660735
Original,Original,70.0,0.01837456,9.808e-05,0.00533808
Original,Original,70.0,0.01413428,0.00022635,0.01601423
Original,Original,70.0,0.01448763,9.452e-05,0.00652432
Original,Original,70.0,0.01342756,7.168e-05,0.00533808
Original,Original,70.0,0.01272085,0.00012072,0.00948992
Original,Original,70.0,0.01342756,8.761e-05,0.00652432
Original,Original,70.0,0.01342756,0.0001991,0.014828
Original,Original,70.0,0.01342756,0.0001991,0.014828
Original,Original,70.0,0.01413428,0.0002012,0.01423488
Original,Original,70.0,0.01024735,0.00011548,0.01126928
Original,Original,70.0,0.01130742,4.024e-05,0.00355872
Original,Original,70.0,0.01413428,0.00013413,0.00948992
Original,Original,70.0,0.01060071,0.0001509,0.01423488
Original,Original,70.0,0.01519435,0.00021629,0.01423488
Original,Original,70.0,0.01696113,8.048e-05,0.00474496
Original,Original,70.0,0.01095406,5.198e-05,0.00474496
Original,Original,70.0,0.01095406,0.00010395,0.00948992
Original,Original,70.0,0.01378092,0.00013078,0.00948992
Original,Original,70.0,0.01272085,0.00018862,0.014828
Original,Original,70.0,0.01519435,6.308e-05,0.00415184
Original,Original,70.0,0.01130742,0.00022132,0.01957295
Original,Original,70.0,0.01413428,0.0002515,0.01779359
Original,Original,70.0,0.01448763,7.734e-05,0.00533808
Original,Original,70.0,0.01696113,0.00014084,0.00830368
Original,Original,70.0,0.00918728,5.994e-05,0.00652432
Original,Original,70.0,0.01484099,0.00010563,0.00711744
Original,Original,70.0,0.01272085,0.00014335,0.01126928
Original,Original,70.0,0.0130742,0.00016285,0.01245552
Original,Original,70.0,0.01166078,0.00020749,0.01779359
Original,Original,70.0,0.01342756,5.575e-05,0.00415184
Original,Original,70.0,0.01342756,0.00013539,0.01008304
Original,Original,70.0,0.00954064,0.00010186,0.01067616
Original,Original,70.0,0.00954064,0.00011317,0.0118624
Original,Original,70.0,0.01378092,9.808e-05,0.00711744
Original,Original,70.0,0.01342756,0.00015132,0.01126928
Original,Original,70.0,0.01201413,7.126e-05,0.0059312
Original,Original,70.0,0.01272085,9.808e-05,0.00771056
Original,Original,70.0,0.01413428,0.00011737,0.00830368
Original,Original,70.0,0.01024735,0.00011548,0.01126928
Original,Original,70.0,0.0130742,6.204e-05,0.00474496
Original,Original,70.0,0.01378092,0.00022886,0.01660735
Original,Original,70.0,0.01201413,7.838e-05,0.00652432
Original,Original,70.0,0.0130742,0.00026366,0.02016607
Original,Original,70.0,0.0155477,7.377e-05,0.00474496
Original,Original,70.0,0.01519435,0.00027036,0.01779359
Original,Original,70.0,0.01272085,0.00015844,0.01245552
Original,Original,70.0,0.01272085,0.00018108,0.01423488
Original,Original,70.0,0.01060071,0.00019491,0.01838671
Original,Original,70.0,0.01166078,0.00017982,0.01542112
Original,Original,70.0,0.0130742,0.00021713,0.01660735
Original,Original,70.0,0.01060071,0.0001509,0.01423488
Original,Original,70.0,0.01236749,0.00022006,0.01779359
Original,Original,70.0,0.0130742,0.00013958,0.01067616
Original,Original,70.0,0.01201413,4.275e-05,0.00355872
Original,Original,70.0,0.01166078,0.00022824,0.01957295
Original,Original,70.0,0.0130742,0.00016285,0.01245552
Original,Original,70.0,0.01166078,0.00012449,0.01067616
Original,Original,70.0,0.01272085,5.281e-05,0.00415184
Original,Original,70.0,0.01130742,4.695e-05,0.00415184
Original,Original,70.0,0.01236749,0.00016138,0.01304864
Original,Original,70.0,0.01236749,8.802e-05,0.00711744
Original,Original,70.0,0.01130742,0.00016096,0.01423488
Original,Original,70.0,0.01201413,9.264e-05,0.00771056
Original,Original,70.0,0.01413428,0.00013413,0.00948992
Original,Original,70.0,0.0130742,6.979e-05,0.00533808
Original,Original,70.0,0.01236749,0.0002494,0.02016607
Original,Original,70.0,0.01660777,9.85e-05,0.0059312
Original,Original,70.0,0.01766784,0.00022006,0.01245552
Original,Original,70.0,0.00989399,4.108e-05,0.00415184
Original,Original,70.0,0.01130742,0.00012743,0.01126928
Original,Original,70.0,0.01378092,0.00027791,0.02016607
Original,Original,70.0,0.01236749,0.00016871,0.01364176
Original,Original,70.0,0.01095406,0.00015593,0.01423488
Original,Original,70.0,0.01166078,4.841e-05,0.00415184
Original,Original,70.0,0.01130742,0.00020791,0.01838671
Original,Original,70.0,0.01095406,5.198e-05,0.00474496
Original,Original,70.0,0.00954064,8.488e-05,0.0088968
Original,Original,70.0,0.01024735,0.00012764,0.01245552
Original,Original,70.0,0.01448763,0.00019764,0.01364176
Original,Original,70.0,0.01272085,0.00011317,0.0088968
Original,Original,70.0,0.01236749,0.00022006,0.01779359
Original,Original,70.0,0.01519435,9.012e-05,0.0059312
Original,Original,70.0,0.01236749,9.536e-05,0.00771056
Original,Original,70.0,0.00954064,2.829e-05,0.0029656
Original,Original,70.0,0.01342756,0.00027875,0.02075919
Original,Original,70.0,0.01236749,8.069e-05,0.00652432
Original,Original,70.0,0.01166078,0.00020749,0.01779359
Original,Original,70.0,0.01484099,0.00014084,0.00948992
Original,Original,70.0,0.01378092,0.00023704,0.01720047
Original,Original,70.0,0.01236749,0.00024207,0.01957295
Original,Original,70.0,0.01236749,0.00016138,0.01304864
Original,Original,70.0,0.01236749,3.668e-05,0.0029656
Original,Original,70.0,0.0155477,0.00017521,0.01126928
Original,Original,70.0,0.01236749,8.069e-05,0.00652432
Original,Original,70.0,0.01024735,0.0001641,0.01601423
Original,Original,70.0,0.01272085,0.00021126,0.01660735
Original,Original,70.0,0.01484099,0.00024647,0.01660735
Original,Original,70.0,0.01837456,0.00013078,0.00711744
Original,Original,70.0,0.01342756,0.00015132,0.01126928
Original,Original,70.0,0.01272085,0.00013581,0.01067616
Original,Original,70.0,0.01625442,0.00029887,0.01838671
Original,Original,70.0,0.01095406,0.00012994,0.0118624
Original,Original,70.0,0.00989399,0.00014084,0.01423488
Original,Original,70.0,0.0130742,0.00026366,0.02016607
Original,Original,70.0,0.00918728,3.269e-05,0.00355872
Original,Original,70.0,0.01130742,0.00012743,0.01126928
Original,Original,70.0,0.01166078,0.00019365,0.01660735
Original,Original,70.0,0.01166078,0.00020057,0.01720047
Original,Original,70.0,0.01872792,0.00017773,0.00948992
Original,Original,70.0,0.01272085,0.00016599,0.01304864
Original,Original,70.0,0.01095406,0.00018842,0.01720047
Original,Original,70.0,0.01060071,8.174e-05,0.00771056
Original,Original,70.0,0.01166078,0.00017291,0.014828
Original,Original,70.0,0.01448763,0.00013749,0.00948992
Original,Original,70.0,0.01166078,0.00011066,0.00948992
Original,Original,70.0,0.01095406,0.00015593,0.01423488
Original,Original,70.0,0.01060071,0.00011317,0.01067616
Original,Original,70.0,0.01236364,0.00011733,0.00948992
Original,Original,70.0,0.01090909,9.059e-05,0.00830368
Original,Original,70.0,0.01127273,6.017e-05,0.00533808
Original,Original,70.0,0.01018182,0.0001389,0.01364176
Original,Original,70.0,0.012,0.00010676,0.0088968
Original,Original,70.0,0.00945455,7.851e-05,0.00830368
Original,Original,70.0,0.01418182,7.57e-05,0.00533808
Original,Original,70.0,0.01018182,0.00012078,0.0118624
Original,Original,70.0,0.01236364,8.066e-05,0.00652432
Original,Original,70.0,0.00763636,3.623e-05,0.00474496
Original,Original,70.0,0.00981818,3.494e-05,0.00355872
Original,Original,70.0,0.01163636,0.00013804,0.0118624
Original,Original,70.0,0.01090909,7.117e-05,0.00652432
Original,Original,70.0,0.01090909,7.117e-05,0.00652432
Original,Original,70.0,0.01090909,0.00012294,0.01126928
Original,Original,70.0,0.01090909,0.00015529,0.01423488
Original,Original,70.0,0.012,4.982e-05,0.00415184
Original,Original,70.0,0.01236364,0.00010266,0.00830368
Original,Original,70.0,0.01163636,5.521e-05,0.00474496
Original,Original,70.0,0.01054545,0.00014386,0.01364176
Original,Original,70.0,0.01163636,0.00010353,0.0088968
Original,Original,70.0,0.01090909,0.00011647,0.01067616
Original,Original,70.0,0.00981818,0.00016305,0.01660735
Original,Original,70.0,0.00981818,0.00016888,0.01720047
Original,Original,70.0,0.012,0.00017082,0.01423488
Original,Original,70.0,0.00981818,0.00013394,0.01364176
Original,Original,70.0,0.01127273,0.00013372,0.0118624
Original,Original,70.0,0.01018182,0.00011474,0.01126928
Original,Original,70.0,0.01054545,0.0001939,0.01838671
Original,Original,70.0,0.00981818,0.00014558,0.014828
Original,Original,70.0,0.00909091,0.00015098,0.01660735
Original,Original,70.0,0.00981818,0.00011064,0.01126928
Original,Original,70.0,0.00945455,7.29e-05,0.00771056
Original,Original,70.0,0.01054545,0.00012509,0.0118624
Original,Original,70.0,0.01163636,8.972e-05,0.00771056
Original,Original,70.0,0.01054545,0.00021266,0.02016607
Original,Original,70.0,0.00909091,0.00014019,0.01542112
Original,Original,70.0,0.01309091,0.00013976,0.01067616
Original,Original,70.0,0.00981818,0.00010482,0.01067616
Original,Original,70.0,0.01054545,6.88e-05,0.00652432
Original,Original,70.0,0.01018182,0.00016305,0.01601423
Original,Original,70.0,0.00945455,6.729e-05,0.00711744
Original,Original,70.0,0.00909091,0.00015637,0.01720047
Original,Original,70.0,0.008,3.321e-05,0.00415184
Original,Original,70.0,0.01127273,6.686e-05,0.0059312
Original,Original,70.0,0.00945455,5.047e-05,0.00533808
Original,Original,70.0,0.00763636,3.623e-05,0.00474496
Original,Original,70.0,0.00872727,7.764e-05,0.0088968
Original,Original,70.0,0.01127273,0.00020058,0.01779359
Original,Original,70.0,0.00981818,0.00012229,0.01245552
Original,Original,70.0,0.00909091,9.166e-05,0.01008304
Original,Original,70.0,0.00909091,0.00012402,0.01364176
Original,Original,70.0,0.00872727,6.729e-05,0.00771056
Original,Original,70.0,0.01418182,0.00010935,0.00771056
Original,Original,70.0,0.01090909,0.00016823,0.01542112
Original,Original,70.0,0.01127273,5.349e-05,0.00474496
Original,Original,70.0,0.00945455,0.0001458,0.01542112
Original,Original,70.0,0.00945455,0.00010094,0.01067616
Original,Original,70.0,0.01054545,0.00016888,0.01601423
Original,Original,70.0,0.00945455,6.168e-05,0.00652432
Original,Original,70.0,0.00945455,0.00011215,0.0118624
Original,Original,70.0,0.008,8.066e-05,0.01008304
Original,Original,70.0,0.00945455,0.00012337,0.01304864
Original,Original,70.0,0.00654545,4.27e-05,0.00652432
Original,Original,70.0,0.00872727,7.247e-05,0.00830368
Original,Original,70.0,0.008,3.321e-05,0.00415184
Original,Original,70.0,0.00945455,3.365e-05,0.00355872
Original,Original,70.0,0.00945455,5.047e-05,0.00533808
Original,Original,70.0,0.00872727,4.141e-05,0.00474496
Original,Original,70.0,0.008,9.49e-05,0.0118624
Original,Original,70.0,0.01018182,0.00014494,0.01423488
Original,Original,70.0,0.01236364,0.00010266,0.00830368
Original,Original,70.0,0.00909091,0.00014558,0.01601423
Original,Original,70.0,0.01054545,8.757e-05,0.00830368
Original,Original,70.0,0.00763636,9.059e-05,0.0118624
Original,Original,70.0,0.01054545,8.131e-05,0.00771056
Original,Original,70.0,0.01163636,4.141e-05,0.00355872
Original,Original,70.0,0.01090909,5.823e-05,0.00533808
Original,Original,70.0,0.012,4.982e-05,0.00415184
Original,Original,70.0,0.01163636,0.00017254,0.014828
Original,Original,70.0,0.01127273,9.361e-05,0.00830368
Original,Original,70.0,0.01090909,5.823e-05,0.00533808
Original,Original,70.0,0.01163636,0.00013113,0.01126928
Original,Original,70.0,0.00945455,0.00012337,0.01304864
Original,Original,70.0,0.00945455,9.533e-05,0.01008304
Original,Original,70.0,0.01236364,0.00020533,0.01660735
Original,Original,70.0,0.01090909,0.0001747,0.01601423
Original,Original,70.0,0.01090909,0.00011,0.01008304
Original,Original,70.0,0.00690909,9.835e-05,0.01423488
Original,Original,70.0,0.00945455,8.412e-05,0.0088968
Original,Original,70.0,0.00945455,3.365e-05,0.00355872
Original,Original,70.0,0.01236364,0.00010266,0.00830368
Original,Original,70.0,0.01127273,0.00012704,0.01126928
Original,Original,70.0,0.012,0.00010676,0.0088968
Original,Original,70.0,0.01054545,0.00012509,0.0118624
Original,Original,70.0,0.01018182,8.455e-05,0.00830368
Original,Original,70.0,0.00909091,0.00010784,0.0118624
Original,Original,70.0,0.00981818,0.00010482,0.01067616
Original,Original,70.0,0.00872727,8.282e-05,0.00948992
Original,Original,70.0,0.01236364,5.866e-05,0.00474496
Original,Original,70.0,0.01054545,0.00011258,0.01067616
Original,Original,70.0,0.01166181,5.134e-05,0.00440252
Original,Original,70.0,0.00765306,0.00010589,0.01383648
Original,Original,70.0,0.00947522,0.0001311,0.01383648
Original,Original,70.0,0.01056851,9.306e-05,0.00880503
Original,Original,70.0,0.00874636,0.00010452,0.01194969
Original,Original,70.0,0.01129738,7.816e-05,0.00691824
Original,Original,70.0,0.01056851,4.653e-05,0.00440252
Original,Original,70.0,0.00838192,0.00014761,0.01761006
Original,Original,70.0,0.01093294,8.251e-05,0.00754717
Original,Original,70.0,0.01239067,0.0001091,0.00880503
Original,Original,70.0,0.01129738,8.526e-05,0.00754717
Original,Original,70.0,0.01020408,0.00016686,0.0163522
Original,Original,70.0,0.00728863,8.251e-05,0.01132075
Original,Original,70.0,0.01093294,0.00013752,0.01257862
Original,Original,70.0,0.01056851,5.982e-05,0.00566038
Original,Original,70.0,0.00874636,0.00014302,0.0163522
Original,Original,70.0,0.00983965,0.00014852,0.01509434
Original,Original,70.0,0.01056851,9.97e-05,0.00943396
Original,Original,70.0,0.01457726,0.00014669,0.01006289
Original,Original,70.0,0.01020408,9.626e-05,0.00943396
Original,Original,70.0,0.01311953,0.00010727,0.0081761
Original,Original,70.0,0.01056851,0.00017947,0.01698113
Original,Original,70.0,0.01020408,8.985e-05,0.00880503
Original,Original,70.0,0.01239067,0.00016365,0.01320755
Original,Original,70.0,0.01129738,0.00014211,0.01257862
Original,Original,70.0,0.01020408,0.00017969,0.01761006
Original,Original,70.0,0.01166181,0.00019803,0.01698113
Original,Original,70.0,0.00911079,0.00010314,0.01132075
Original,Original,70.0,0.00728863,8.251e-05,0.01132075
Original,Original,70.0,0.01056851,0.00019276,0.01823899
Original,Original,70.0,0.01129738,0.00018474,0.0163522
Original,Original,70.0,0.00911079,0.00014325,0.01572327
Original,Original,70.0,0.01020408,0.00015402,0.01509434
Original,Original,70.0,0.01166181,5.868e-05,0.00503145
Original,Original,70.0,0.0127551,0.00010429,0.0081761
Original,Original,70.0,0.01020408,7.059e-05,0.00691824
Original,Original,70.0,0.01093294,0.00012377,0.01132075
Original,Original,70.0,0.01202624,0.00021178,0.01761006
Original,Original,70.0,0.01202624,0.0001664,0.01383648
Original,Original,70.0,0.0127551,0.0001444,0.01132075
Original,Original,70.0,0.0138484,0.00013065,0.00943396
Original,Original,70.0,0.01239067,0.00017144,0.01383648
Original,Original,70.0,0.01202624,0.00019666,0.0163522
Original,Original,70.0,0.0127551,0.0002166,0.01698113
Original,Original,70.0,0.01202624,0.00015127,0.01257862
Original,Original,70.0,0.00983965,0.00013615,0.01383648
Original,Original,70.0,0.01129738,0.00024158,0.02138365
Original,Original,70.0,0.01239067,0.00013248,0.01069182
Original,Original,70.0,0.01166181,0.00014669,0.01257862
Original,Original,70.0,0.01129738,6.395e-05,0.00566038
Original,Original,70.0,0.01421283,0.00017878,0.01257862
Original,Original,70.0,0.00947522,0.00013706,0.01446541
Original,Original,70.0,0.01166181,8.801e-05,0.00754717
Original,Original,70.0,0.00983965,0.00015471,0.01572327
Original,Original,70.0,0.01239067,0.00025716,0.02075472
Original,Original,70.0,0.01093294,0.00015815,0.01446541
Original,Original,70.0,0.0127551,9.626e-05,0.00754717
Original,Original,70.0,0.01020408,0.00012835,0.01257862
Original,Original,70.0,0.01056851,0.00012629,0.01194969
Original,Original,70.0,0.01129738,0.00011368,0.01006289
Original,Original,70.0,0.00911079,0.00013752,0.01509434
Original,Original,70.0,0.01129738,0.00012079,0.01069182
Original,Original,70.0,0.01239067,0.00025716,0.02075472
Original,Original,70.0,0.01129738,0.00012789,0.01132075
Original,Original,70.0,0.00911079,9.168e-05,0.01006289
Original,Original,70.0,0.01421283,0.00011621,0.0081761
Original,Original,70.0,0.01020408,5.134e-05,0.00503145
Original,Original,70.0,0.01129738,0.00012789,0.01132075
Original,Original,70.0,0.01166181,0.00024204,0.02075472
Original,Original,70.0,0.01202624,0.00018153,0.01509434
Original,Original,70.0,0.0127551,0.00016846,0.01320755
Original,Original,70.0,0.01166181,0.00020537,0.01761006
Original,Original,70.0,0.01202624,0.00021935,0.01823899
Original,Original,70.0,0.01166181,0.00016869,0.01446541
Original,Original,70.0,0.01239067,0.00022599,0.01823899
Original,Original,70.0,0.01202624,0.0002496,0.02075472
Original,Original,70.0,0.0127551,0.00028077,0.02201258
Original,Original,70.0,0.01166181,0.0002127,0.01823899
Original,Original,70.0,0.01311953,9.076e-05,0.00691824
Original,Original,70.0,0.01166181,5.134e-05,0.00440252
Original,Original,70.0,0.00911079,3.438e-05,0.00377358
Original,Original,70.0,0.01239067,0.00018703,0.01509434
Original,Original,70.0,0.01129738,0.00017763,0.01572327
Original,Original,70.0,0.01202624,5.295e-05,0.00440252
Original,Original,70.0,0.00983965,8.045e-05,0.0081761
Original,Original,70.0,0.01348397,0.00011873,0.00880503
Original,Original,70.0,0.00983965,0.00014233,0.01446541
Original,Original,70.0,0.01311953,9.902e-05,0.00754717
Original,Original,70.0,0.00983965,0.00012996,0.01320755
Original,Original,70.0,0.01530612,0.00015402,0.01006289
Original,Original,70.0,0.01311953,7.426e-05,0.00566038
Original,Original,70.0,0.01202624,0.00025716,0.02138365
Original,Original,70.0,0.01311953,0.00027229,0.02075472
Original,Original,70.0,0.01129738,0.00021316,0.01886792
Original,Original,70.0,0.01239067,0.00024158,0.01949686
Original,Original,70.0,0.01421283,0.00025923,0.01823899
Original,Original,70.0,0.01129738,0.00022026,0.01949686
Original,Original,70.0,0.01166181,5.868e-05,0.00503145
Original,Original,70.0,0.01129738,0.00014921,0.01320755
Original,Original,70.0,0.00983965,0.00012377,0.01257862
Original,Original,70.0,0.00765306,0.00010108,0.01320755
Original,Original,70.0,0.00765306,0.00011552,0.01509434
Original,Original,70.0,0.00911079,9.741e-05,0.01069182
Original,Original,70.0,0.01129738,8.526e-05,0.00754717
Original,Original,70.0,0.01129738,0.00015632,0.01383648
Original,Original,70.0,0.0069242,0.00010016,0.01446541
Original,Original,70.0,0.00911079,4.011e-05,0.00440252
Original,Original,70.0,0.01093294,0.00016503,0.01509434
Original,Original,70.0,0.01348397,0.00010177,0.00754717
Original,Original,70.0,0.00728863,0.00011002,0.01509434
Original,Original,70.0,0.01202624,7.564e-05,0.00628931
Original,Original,70.0,0.01129738,0.000135,0.01194969
Original,Original,70.0,0.00983965,3.713e-05,0.00377358
Original,Original,70.0,0.00874636,6.051e-05,0.00691824
Original,Original,70.0,0.01093294,0.00010314,0.00943396
Original,Original,70.0,0.00983965,0.00014852,0.01509434
Original,Original,70.0,0.01093294,0.00016503,0.01509434
Original,Original,70.0,0.01056851,0.00010635,0.01006289
Original,Original,70.0,0.00911079,0.00015471,0.01698113
Original,Original,70.0,0.01093294,0.00012377,0.01132075
Original,Original,70.0,0.01056851,8.641e-05,0.0081761
Original,Original,70.0,0.00983965,0.00016709,0.01698113
Original,Original,70.0,0.01020408,0.00016044,0.01572327
Original,Original,70.0,0.01129738,4.263e-05,0.00377358
Original,Original,70.0,0.01129738,0.00016342,0.01446541
Original,Original,70.0,0.00765306,0.00010108,0.01320755
Original,Original,70.0,0.00911079,0.00012033,0.01320755
Original,Original,70.0,0.01056851,0.00017282,0.0163522
Original,Original,70.0,0.01093294,0.0001719,0.01572327
Original,Original,70.0,0.01202624,9.833e-05,0.0081761
Original,Original,70.0,0.01129738,0.00012789,0.01132075
Original,Original,70.0,0.01202624,0.00011346,0.00943396
Original,Original,70.0,0.00947522,0.00010131,0.01069182
Original,Original,70.0,0.01093294,0.00011002,0.01006289
Original,Original,70.0,0.00947522,0.00012514,0.01320755
Original,Original,70.0,0.00983965,0.00018565,0.01886792
Original,Original,70.0,0.00947522,0.00012514,0.01320755
Original,Original,70.0,0.01202624,0.00011346,0.00943396
Original,Original,70.0,0.01166181,0.0001907,0.0163522
Original,Original,70.0,0.00983965,0.00014852,0.01509434
Original,Original,70.0,0.01056851,0.00013294,0.01257862
Original,Original,70.0,0.01093294,5.501e-05,0.00503145
Original,Original,70.0,0.01020408,0.00017328,0.01698113
Original,Original,70.0,0.01129738,0.00017763,0.01572327
Original,Original,70.0,0.0127551,0.00018451,0.01446541
Original,Original,70.0,0.00801749,0.00012606,0.01572327
Original,Original,70.0,0.00947522,7.747e-05,0.0081761
Original,Original,70.0,0.01056851,5.317e-05,0.00503145
Original,Original,70.0,0.01202624,7.564e-05,0.00628931
Original,Original,70.0,0.00983965,0.00016709,0.01698113
Original,Original,70.0,0.0127551,9.626e-05,0.00754717
Original,Original,70.0,0.00911079,5.73e-05,0.00628931
Original,Original,70.0,0.01129738,0.00010658,0.00943396
Original,Original,70.0,0.00947522,0.00011323,0.01194969
Original,Original,70.0,0.0127551,0.00023264,0.01823899
Original,Original,70.0,0.01348397,0.00011025,0.0081761
Original,Original,70.0,0.01166181,0.00011002,0.00943396
Original,Original,70.0,0.0127551,0.0002166,0.01698113
Original,Original,70.0,0.00801749,9.581e-05,0.01194969
Original,Original,70.0,0.01093294,0.00019253,0.01761006
Original,Original,70.0,0.01093294,0.00019253,0.01761006
Original,Original,70.0,0.01166181,0.00024937,0.02138365
Original,Original,70.0,0.01093294,0.00019253,0.01761006
Original,Original,70.0,0.00983965,4.332e-05,0.00440252
Original,Original,70.0,0.00983965,0.00013615,0.01383648
Original,Original,70.0,0.00983965,9.902e-05,0.01006289
Original,Original,70.0,0.01129738,0.00016342,0.01446541
Original,Original,70.0,0.01166181,0.0002347,0.02012579
Original,Original,70.0,0.00983965,0.00011758,0.01194969
Original,Original,70.0,0.01093294,0.00013065,0.01194969
Original,Original,70.0,0.01166181,0.00012469,0.01069182
Original,Original,70.0,0.00947522,0.00010131,0.01069182
Original,Original,70.0,0.01457726,7.334e-05,0.00503145
Original,Original,70.0,0.01348397,0.00017809,0.01320755
Original,Original,70.0,0.01093294,0.00018565,0.01698113
Original,Original,70.0,0.01202624,0.00021178,0.01761006
Original,Original,70.0,0.00947522,0.00015494,0.0163522
Original,Original,70.0,0.00838192,0.00012125,0.01446541
Original,Original,70.0,0.0127551,0.00019253,0.01509434
Original,Original,70.0,0.00983965,0.00015471,0.01572327
Original,Original,70.0,0.01457726,0.00018336,0.01257862
Original,Original,70.0,0.01020408,0.00016686,0.0163522
Original,Original,70.0,0.00983965,0.00013615,0.01383648
Original,Original,70.0,0.01093294,0.00013065,0.01194969
Original,Original,70.0,0.0138484,6.097e-05,0.00440252
Original,Original,70.0,0.01202624,0.00021935,0.01823899
Original,Original,70.0,0.00911079,0.00016044,0.01761006
Original,Original,70.0,0.00838192,0.00010543,0.01257862
Original,Original,70.0,0.0127551,0.00010429,0.0081761
Original,Original,70.0,0.01056851,8.641e-05,0.0081761
Original,Original,70.0,0.01239067,9.351e-05,0.00754717
Original,Original,70.0,0.00911079,6.303e-05,0.00691824
Original,Original,70.0,0.00838192,0.00010016,0.01194969
Original,Original,70.0,0.01129738,0.00019895,0.01761006
Original,Original,70.0,0.01129738,7.816e-05,0.00691824
Original,Original,70.0,0.01166181,0.00014669,0.01257862
Original,Original,70.0,0.01166181,5.134e-05,0.00440252
Original,Original,70.0,0.01093294,0.00020628,0.01886792
Original,Original,70.0,0.01348397,0.00011873,0.00880503
Original,Original,70.0,0.01166181,0.00022737,0.01949686
Original,Original,70.0,0.0127551,0.00012835,0.01006289
Original,Original,70.0,0.01348397,9.329e-05,0.00691824
Original,Original,70.0,0.00911079,0.00010887,0.01194969
Original,Original,70.0,0.00911079,0.0001146,0.01257862
Original,Original,70.0,0.00983965,0.00012996,0.01320755
Original,Original,70.0,0.01202624,9.076e-05,0.00754717
Original,Original,70.0,0.01239067,0.0002182,0.01761006
Original,Original,70.0,0.00983965,0.00015471,0.01572327
Original,Original,70.0,0.00874636,7.701e-05,0.00880503
Original,Original,70.0,0.01239067,7.793e-05,0.00628931
Original,Original,70.0,0.01093294,0.00020628,0.01886792
Original,Original,70.0,0.01129738,0.00017763,0.01572327
Original,Original,70.0,0.01129738,0.00020605,0.01823899
Original,Original,70.0,0.01202624,0.00020422,0.01698113
Original,Original,70.0,0.01129738,5.684e-05,0.00503145
Original,Original,70.0,0.01202624,9.833e-05,0.0081761
Original,Original,70.0,0.0138484,8.71e-05,0.00628931
Original,Original,70.0,0.01093294,9.626e-05,0.00880503
Original,Original,70.0,0.01166181,0.00017603,0.01509434
Original,Original,70.0,0.01056851,0.00017282,0.0163522
Original,Original,70.0,0.01020408,3.851e-05,0.00377358
Original,Original,70.0,0.0127551,0.0001444,0.01132075
Original,Original,70.0,0.01020408,0.00016044,0.01572327
Original,Original,70.0,0.01129738,0.00015632,0.01383648
Original,Original,70.0,0.00947522,0.00018474,0.01949686
Original,Original,70.0,0.01166181,0.00024937,0.02138365
Original,Original,70.0,0.01348397,5.936e-05,0.00440252
Original,Original,70.0,0.01056851,0.00017282,0.0163522
Original,Original,70.0,0.01166181,7.334e-05,0.00628931
Original,Original,70.0,0.00911079,0.00016044,0.01761006
Original,Original,70.0,0.01129738,0.00021316,0.01886792
Original,Original,70.0,0.01056851,0.00012629,0.01194969
Original,Original,70.0,0.01020408,0.00016686,0.0163522
Original,Original,70.0,0.00947522,5.363e-05,0.00566038
Original,Original,70.0,0.01129738,8.526e-05,0.00754717
Original,Original,70.0,0.01202624,0.00015127,0.01257862
Original,Original,70.0,0.01166181,0.00011002,0.00943396
Original,Original,70.0,0.0127551,0.00010429,0.0081761
Original,Original,70.0,0.01311953,7.426e-05,0.00566038
Original,Original,70.0,0.00911079,0.00016044,0.01761006
Original,Original,70.0,0.01457726,0.00010085,0.00691824
Original,Original,70.0,0.01239067,0.00012469,0.01006289
Original,Original,70.0,0.01311953,0.00014852,0.01132075
Original,Original,70.0,0.00947522,0.00011919,0.01257862
Original,Original,70.0,0.01093294,0.00010314,0.00943396
Original,Original,70.0,0.01494169,0.00017855,0.01194969
Original,Original,70.0,0.01239067,5.455e-05,0.00440252
Original,Original,70.0,0.01166181,0.00011735,0.01006289
Original,Original,70.0,0.01093294,0.00011689,0.01069182
Original,Original,70.0,0.01166181,0.00016869,0.01446541
Original,Original,70.0,0.01056851,0.00019276,0.01823899
Original,Original,70.0,0.01093294,0.00019253,0.01761006
Original,Original,70.0,0.01020408,7.059e-05,0.00691824
Original,Original,70.0,0.01239067,0.00011689,0.00943396
Original,Original,70.0,0.00983965,0.00017328,0.01761006
Original,Original,70.0,0.01311953,0.00017328,0.01320755
Original,Original,70.0,0.01020408,8.343e-05,0.0081761
Original,Original,70.0,0.01166181,0.00019803,0.01698113
Original,Original,70.0,0.01093294,0.00012377,0.01132075
Original,Original,70.0,0.01093294,0.00020628,0.01886792
Original,Original,70.0,0.00983965,0.00014233,0.01446541
Original,Original,70.0,0.01020408,0.00015402,0.01509434
Original,Original,70.0,0.01020408,0.00012835,0.01257862
Original,Original,70.0,0.01457726,0.00011919,0.0081761
Original,Original,70.0,0.01056851,5.982e-05,0.00566038
Original,Original,70.0,0.01093294,0.00011689,0.01069182
Original,Original,70.0,0.00838192,0.00010543,0.01257862
Original,Original,70.0,0.01129738,9.237e-05,0.0081761
Original,Original,70.0,0.00983965,0.00013615,0.01383648
Original,Original,70.0,0.01020408,0.00015402,0.01509434
Original,Original,70.0,0.01239067,7.793e-05,0.00628931
Original,Original,70.0,0.0138484,0.00016548,0.01194969
Original,Original,70.0,0.01129738,0.00014211,0.01257862
Original,Original,70.0,0.01202624,0.00022691,0.01886792
Original,Original,70.0,0.01311953,0.00014852,0.01132075
Original,Original,70.0,0.01056851,0.00015952,0.01509434
Original,Original,70.0,0.01166181,0.00016136,0.01383648
Original,Original,70.0,0.01020408,0.00017969,0.01761006
Original,Original,70.0,0.01020408,0.00011552,0.01132075
Original,Original,70.0,0.00801749,4.034e-05,0.00503145
Original,Original,70.0,0.01056851,0.00020605,0.01949686
Original,Original,70.0,0.00911079,0.00013752,0.01509434
Original,Original,70.0,0.01020408,0.00018611,0.01823899
Original,Original,70.0,0.01202624,0.00012102,0.01006289
Original,Original,70.0,0.01202624,0.00018153,0.01509434
Original,Original,70.0,0.01129738,7.816e-05,0.00691824
Original,Original,70.0,0.00947522,0.00011919,0.01257862
Original,Original,70.0,0.01056851,0.00017947,0.01698113
Original,Original,70.0,0.00983965,8.664e-05,0.00880503
Original,Original,70.0,0.01239067,0.00010131,0.0081761
Original,Original,70.0,0.00947522,0.00013706,0.01446541
Original,Original,70.0,0.01166181,0.00015402,0.01320755
Original,Original,70.0,0.00983965,0.00014233,0.01446541
Original,Original,70.0,0.01056851,0.00013294,0.01257862
Original,Original,70.0,0.00874636,0.00012102,0.01383648
Original,Original,70.0,0.01093294,9.626e-05,0.00880503
Original,Original,70.0,0.01020408,0.00016686,0.0163522
Original,Original,70.0,0.01129738,0.00014211,0.01257862
Original,Original,70.0,0.00911079,5.157e-05,0.00566038
Original,Original,70.0,0.01166181,0.00022737,0.01949686
Original,Original,70.0,0.01166181,0.00012469,0.01069182
Original,Original,70.0,0.0138484,0.00011323,0.0081761
Original,Original,70.0,0.0138484,0.00022645,0.0163522
Original,Original,70.0,0.00765306,0.00012033,0.01572327
Original,Original,70.0,0.01239067,0.0001091,0.00880503
Original,Original,70.0,0.01166181,0.00014669,0.01257862
Original,Original,70.0,0.01056851,0.00010635,0.01006289
Original,Original,70.0,0.01202624,9.833e-05,0.0081761
Original,Original,70.0,0.01202624,6.051e-05,0.00503145
Original,Original,70.0,0.00765306,5.776e-05,0.00754717
Original,Original,70.0,0.01239067,7.793e-05,0.00628931
Original,Original,70.0,0.0127551,0.0001444,0.01132075
Original,Original,70.0,0.00838192,0.0001107,0.01320755
Original,Original,70.0,0.00983965,0.00013615,0.01383648
Original,Original,70.0,0.01129738,8.526e-05,0.00754717
Original,Original,70.0,0.00983965,8.045e-05,0.0081761
Original,Original,70.0,0.01129738,5.684e-05,0.00503145
Original,Original,70.0,0.01239067,0.0001091,0.00880503
Original,Original,70.0,0.01020408,5.776e-05,0.00566038
Original,Original,70.0,0.00911079,9.741e-05,0.01069182
Original,Original,70.0,0.0127551,0.00020055,0.01572327
Original,Original,70.0,0.00983965,0.0001609,0.0163522
Original,Original,70.0,0.00911079,0.00012606,0.01383648
Original,Original,70.0,0.01129738,0.00022026,0.01949686
Original,Original,70.0,0.01202624,0.00020422,0.01698113
Original,Original,70.0,0.01129738,0.00015632,0.01383648
Original,Original,70.0,0.01311953,0.00011552,0.00880503
Original,Original,70.0,0.01093294,6.188e-05,0.00566038
Original,Original,70.0,0.01166181,0.00017603,0.01509434
Original,Original,70.0,0.00801749,0.0001311,0.0163522
Original,Original,70.0,0.01056851,9.306e-05,0.00880503
Original,Original,70.0,0.00874636,0.00011552,0.01320755
Original,Original,70.0,0.00983965,0.00017328,0.01761006
Original,Original,70.0,0.0138484,0.00025258,0.01823899
Original,Original,70.0,0.01093294,0.00019253,0.01761006
Original,Original,70.0,0.01129738,0.00018474,0.0163522
Original,Original,70.0,0.00947522,0.00013706,0.01446541
Original,Original,70.0,0.0127551,0.0001444,0.01132075
Original,Original,70.0,0.00947522,0.0001311,0.01383648
Original,Original,70.0,0.01093294,0.0001719,0.01572327
Original,Original,70.0,0.01093294,0.00019941,0.01823899
Original,Original,70.0,0.0127551,0.00023264,0.01823899
Original,Original,70.0,0.01166181,0.00018336,0.01572327
Original,Original,70.0,0.00947522,0.00017282,0.01823899
Original,Original,70.0,0.01093294,0.0001719,0.01572327
Original,Original,70.0,0.01129738,0.00021316,0.01886792
Original,Original,70.0,0.00838192,6.326e-05,0.00754717
Original,Original,70.0,0.00983965,4.332e-05,0.00440252
Original,Original,70.0,0.01166181,0.00017603,0.01509434
Original,Original,70.0,0.01239067,0.00010131,0.0081761
Original,Original,70.0,0.00765306,0.00012033,0.01572327
Original,Original,70.0,0.01056851,0.00011964,0.01132075
Original,Original,70.0,0.00947522,0.00010131,0.01069182
Original,Original,70.0,0.01056851,0.00017282,0.0163522
Original,Original,70.0,0.01093294,8.251e-05,0.00754717
Original,Original,70.0,0.01421283,0.00022347,0.01572327
Original,Original,70.0,0.01166181,0.00011002,0.00943396
Original,Original,70.0,0.01129738,0.00012789,0.01132075
Original,Original,70.0,0.01056851,9.306e-05,0.00880503
Original,Original,70.0,0.01166181,0.0002347,0.02012579
Original,Original,70.0,0.00911079,9.168e-05,0.01006289
Original,Original,70.0,0.01093294,8.251e-05,0.00754717
Original,Original,70.0,0.01311953,0.00014027,0.01069182
Original,Original,70.0,0.00911079,0.00013179,0.01446541
Original,Original,70.0,0.01093294,0.00017878,0.0163522
Original,Original,70.0,0.01239067,0.00016365,0.01320755
Original,Original,70.0,0.0127551,0.00013638,0.01069182
Original,Original,70.0,0.01093294,0.00011689,0.01069182
Original,Original,70.0,0.01239067,0.00017144,0.01383648
Original,Original,70.0,0.01202624,0.0001664,0.01383648
Original,Original,70.0,0.01020408,8.985e-05,0.00880503
Original,Original,70.0,0.01166181,0.00022003,0.01886792
Original,Original,70.0,0.00874636,4.951e-05,0.00566038
Original,Original,70.0,0.00874636,4.401e-05,0.00503145
Original,Original,70.0,0.01166181,0.00024204,0.02075472
Original,Original,70.0,0.01166181,0.00013202,0.01132075
Original,Original,70.0,0.01020408,5.776e-05,0.00566038
Original,Original,70.0,0.01093294,0.00011002,0.01006289
Original,Original,70.0,0.01166181,0.00011002,0.00943396
Original,Original,70.0,0.01129738,0.00015632,0.01383648
Original,Original,70.0,0.01129738,9.237e-05,0.0081761
Original,Original,70.0,0.01020408,0.00012835,0.01257862
Original,Original,70.0,0.0127551,0.00012835,0.01006289
Original,Original,70.0,0.01020408,8.343e-05,0.0081761
Original,Original,70.0,0.0127551,0.00022462,0.01761006
Original,Original,70.0,0.01093294,0.00019941,0.01823899
Original,Original,70.0,0.01020408,9.626e-05,0.00943396
Original,Original,70.0,0.00983965,7.426e-05,0.00754717
Original,Original,70.0,0.01056851,0.00016617,0.01572327
Original,Original,70.0,0.01056851,0.00018611,0.01761006
Original,Original,70.0,0.01202624,7.564e-05,0.00628931
Original,Original,70.0,0.01020408,0.00011552,0.01132075
Original,Original,70.0,0.01311953,0.00023104,0.01761006
Original,Original,70.0,0.01093294,0.00015815,0.01446541
Original,Original,70.0,0.01093294,6.876e-05,0.00628931
Original,Original,70.0,0.01020408,0.00014761,0.01446541
Original,Original,70.0,0.01129738,4.974e-05,0.00440252
Original,Original,70.0,0.01166181,0.00020537,0.01761006
Original,Original,70.0,0.01202624,9.076e-05,0.00754717
Original,Original,70.0,0.01166181,0.00012469,0.01069182
Original,Original,70.0,0.00983965,0.0001609,0.0163522
Original,Original,70.0,0.01020408,9.626e-05,0.00943396
Original,Original,70.0,0.00874636,0.00012102,0.01383648
Original,Original,70.0,0.00765306,0.00012033,0.01572327
Original,Original,70.0,0.01129738,0.00015632,0.01383648
Original,Original,70.0,0.00983965,0.00014852,0.01509434
Original,Original,70.0,0.0127551,0.00016044,0.01257862
Original,Original,70.0,0.00983965,0.00012377,0.01257862
Original,Original,70.0,0.00983965,0.0001609,0.0163522
Original,Original,70.0,0.01202624,0.00021178,0.01761006
Original,Original,70.0,0.01202624,0.00018153,0.01509434
Original,Original,70.0,0.01093294,0.00015815,0.01446541
Original,Original,70.0,0.01056851,0.00017947,0.01698113
Original,Original,70.0,0.01239067,7.014e-05,0.00566038
Original,Original,70.0,0.00728863,0.00010543,0.01446541
Original,Original,70.0,0.00838192,9.489e-05,0.01132075
Original,Original,70.0,0.01166181,0.00011735,0.01006289
Original,Original,70.0,0.00983965,0.00014233,0.01446541
Original,Original,70.0,0.01020408,0.0001091,0.01069182
Original,Original,70.0,0.01056851,0.00015952,0.01509434
Original,Original,70.0,0.01239067,0.00017924,0.01446541
Original,Original,70.0,0.01239067,0.00019482,0.01572327
Original,Original,70.0,0.01056851,0.00017947,0.01698113
Original,Original,70.0,0.01056851,0.00017282,0.0163522
Original,Original,70.0,0.01457726,0.00017419,0.01194969
Original,Original,70.0,0.00947522,0.00010131,0.01069182
Original,Original,70.0,0.00947522,0.00016686,0.01761006
Original,Original,70.0,0.01129738,0.00011368,0.01006289
Original,Original,70.0,0.00947522,0.00011323,0.01194969
Original,Original,70.0,0.01093294,0.00012377,0.01132075
Original,Original,70.0,0.00838192,0.00012652,0.01509434
Original,Original,70.0,0.01311953,0.00017328,0.01320755
Original,Original,70.0,0.01093294,0.00017878,0.0163522
Original,Original,70.0,0.01020408,0.00016044,0.01572327
Original,Original,70.0,0.01311953,0.00014852,0.01132075
Original,Original,70.0,0.00874636,0.00014302,0.0163522
Original,Original,70.0,0.01129738,0.00016342,0.01446541
Original,Original,70.0,0.00983965,0.00011758,0.01194969
Original,Original,70.0,0.01166181,0.00014669,0.01257862
Original,Original,70.0,0.00838192,0.0001107,0.01320755
Original,Original,70.0,0.00874636,0.00013752,0.01572327
Original,Original,70.0,0.00983965,8.045e-05,0.0081761
Original,Original,70.0,0.01056851,0.00015952,0.01509434
Original,Original,70.0,0.00983965,0.00013615,0.01383648
Original,Original,70.0,0.01093294,0.00020628,0.01886792
Original,Original,70.0,0.00983965,0.00011758,0.01194969
Original,Original,70.0,0.01202624,6.807e-05,0.00566038
Original,Original,70.0,0.01056851,0.00015288,0.01446541
Original,Original,70.0,0.0127551,0.00011231,0.00880503
Original,Original,70.0,0.01020408,7.059e-05,0.00691824
Original,Original,70.0,0.01166181,0.00011735,0.01006289
Original,Original,70.0,0.00874636,0.00011552,0.01320755
Original,Original,70.0,0.00947522,0.00015494,0.0163522
Original,Original,70.0,0.00838192,0.00013706,0.0163522
Original,Original,70.0,0.01311953,0.00011552,0.00880503
Original,Original,70.0,0.01020408,7.701e-05,0.00754717
Original,Original,70.0,0.00947522,0.00016686,0.01761006
Original,Original,70.0,0.00983965,7.426e-05,0.00754717
Original,Original,70.0,0.01421283,0.00020559,0.01446541
Original,Original,70.0,0.01166181,8.068e-05,0.00691824
Original,Original,70.0,0.01202624,0.00015884,0.01320755
Original,Original,70.0,0.01020408,3.851e-05,0.00377358
Original,Original,70.0,0.01093294,0.00012377,0.01132075
Original,Original,70.0,0.01093294,5.501e-05,0.00503145
Original,Original,70.0,0.01166181,5.868e-05,0.00503145
Original,Original,70.0,0.01311953,8.251e-05,0.00628931
Original,Original,70.0,0.01056851,0.000113,0.01069182
Original,Original,70.0,0.01056851,0.00017947,0.01698113
Original,Original,70.0,0.01056851,0.00019941,0.01886792
Original,Original,70.0,0.01093294,0.00015815,0.01446541
Original,Original,70.0,0.00874636,0.00014852,0.01698113
Original,Original,70.0,0.01166181,0.00016869,0.01446541
Original,Original,70.0,0.00983965,0.00015471,0.01572327
Original,Original,70.0,0.00947522,0.00017282,0.01823899
Original,Original,70.0,0.01020408,6.418e-05,0.00628931
Original,Original,70.0,0.01311953,0.00020628,0.01572327
Original,Original,70.0,0.00947522,0.00010727,0.01132075
Original,Original,70.0,0.01311953,9.902e-05,0.00754717
Original,Original,70.0,0.00947522,4.171e-05,0.00440252
Original,Original,70.0,0.01020408,8.343e-05,0.0081761
Original,Original,70.0,0.01166181,0.00015402,0.01320755
Original,Original,70.0,0.01093294,7.564e-05,0.00691824
Original,Original,70.0,0.00983965,0.0001052,0.01069182
Original,Original,70.0,0.01129738,0.00021316,0.01886792
Original,Original,70.0,0.01239067,0.00017144,0.01383648
Original,Original,70.0,0.00911079,0.00012033,0.01320755
Original,Original,70.0,0.00983965,0.00014852,0.01509434
Original,Original,70.0,0.01239067,8.572e-05,0.00691824
Original,Original,70.0,0.00801749,7.059e-05,0.00880503
Original,Original,70.0,0.01129738,0.00021316,0.01886792
Original,Original,70.0,0.01093294,9.626e-05,0.00880503
Original,Original,70.0,0.01093294,0.00017878,0.0163522
Original,Original,70.0,0.01202624,0.00018153,0.01509434
Original,Original,70.0,0.00947522,4.767e-05,0.00503145
Original,Original,70.0,0.00947522,4.171e-05,0.00440252
Original,Original,70.0,0.00983965,0.00017328,0.01761006
Original,Original,70.0,0.01093294,0.00021316,0.01949686
Original,Original,70.0,0.01093294,0.00012377,0.01132075
Original,Original,70.0,0.01166181,0.00019803,0.01698113
Original,Original,70.0,0.01127273,5.349e-05,0.00474496
Original,Original,70.0,0.00981818,6.406e-05,0.00652432
Original,Original,70.0,0.01090909,0.00015529,0.01423488
Original,Original,70.0,0.01090909,0.00020058,0.01838671
Original,Original,70.0,0.01054545,5.629e-05,0.00533808
Original,Original,70.0,0.01054545,6.255e-05,0.0059312
Original,Original,70.0,0.01309091,6.212e-05,0.00474496
Original,Original,70.0,0.01127273,0.00010698,0.00948992
Original,Original,70.0,0.01054545,0.00020015,0.01897983
Original,Original,70.0,0.01090909,0.00014882,0.01364176
Original,Original,70.0,0.01490909,8.843e-05,0.0059312
Original,Original,70.0,0.01272727,0.00027176,0.02135231
Original,Original,70.0,0.01381818,0.0001967,0.01423488
Original,Original,70.0,0.01236364,0.00019066,0.01542112
Original,Original,70.0,0.01527273,9.964e-05,0.00652432
Original,Original,70.0,0.01272727,0.00019627,0.01542112
Original,Original,70.0,0.01272727,0.00012078,0.00948992
Original,Original,70.0,0.00981818,0.00011064,0.01126928
Original,Original,70.0,0.01272727,0.00018117,0.01423488
Original,Original,70.0,0.01054545,0.00016888,0.01601423
Original,Original,70.0,0.01127273,0.00020727,0.01838671
Original,Original,70.0,0.01345455,0.00021546,0.01601423
Original,Original,70.0,0.012,9.253e-05,0.00771056
Original,Original,70.0,0.012,0.00022776,0.01897983
Original,Original,70.0,0.01127273,0.00018052,0.01601423
Original,Original,70.0,0.012,0.00012811,0.01067616
Original,Original,70.0,0.00909091,9.706e-05,0.01067616
Original,Original,70.0,0.01054545,0.00016888,0.01601423
Original,Original,70.0,0.01054545,0.00016262,0.01542112
Original,Original,70.0,0.01127273,0.00017384,0.01542112
Original,Original,70.0,0.01563636,8.347e-05,0.00533808
Original,Original,70.0,0.012,8.541e-05,0.00711744
Original,Original,70.0,0.01163636,0.00022086,0.01897983
Original,Original,70.0,0.01090909,0.00018117,0.01660735
Original,Original,70.0,0.012,0.00015658,0.01304864
Original,Original,70.0,0.01236364,0.00021999,0.01779359
Original,Original,70.0,0.01272727,0.00020382,0.01601423
Original,Original,70.0,0.01272727,0.00018117,0.01423488
Original,Original,70.0,0.01127273,0.00020727,0.01838671
Original,Original,70.0,0.01272727,6.039e-05,0.00474496
Original,Original,70.0,0.012,0.000121,0.01008304
Original,Original,70.0,0.00981818,0.00011647,0.0118624
Original,Original,70.0,0.01018182,0.00017513,0.01720047
Original,Original,70.0,0.01309091,0.0001087,0.00830368
Original,Original,70.0,0.01127273,5.349e-05,0.00474496
Original,Original,70.0,0.01127273,0.00015378,0.01364176
Original,Original,70.0,0.01090909,9.059e-05,0.00830368
Original,Original,70.0,0.01018182,0.00015701,0.01542112
Original,Original,70.0,0.012,0.00021352,0.01779359
Original,Original,70.0,0.01163636,7.592e-05,0.00652432
Original,Original,70.0,0.01127273,0.00016715,0.014828
Original,Original,70.0,0.01309091,0.00020964,0.01601423
Original,Original,70.0,0.01345455,0.00011172,0.00830368
Original,Original,70.0,0.012,0.00017082,0.01423488
Original,Original,70.0,0.01054545,7.506e-05,0.00711744
Original,Original,70.0,0.01054545,0.00017513,0.01660735
Original,Original,70.0,0.01236364,0.000154,0.01245552
Original,Original,70.0,0.01272727,0.00023401,0.01838671
Original,Original,70.0,0.01127273,0.00020058,0.01779359
Original,Original,70.0,0.00945455,9.533e-05,0.01008304
Original,Original,70.0,0.012,0.00021352,0.01779359
Original,Original,70.0,0.01090909,0.00013588,0.01245552
Original,Original,70.0,0.01054545,5.004e-05,0.00474496
Original,Original,70.0,0.01054545,7.506e-05,0.00711744
Original,Original,70.0,0.00909091,0.0001348,0.014828
Original,Original,70.0,0.01236364,0.00019799,0.01601423
Original,Original,70.0,0.01018182,7.247e-05,0.00711744
Original,Original,70.0,0.00981818,3.494e-05,0.00355872
Original,Original,70.0,0.01272727,0.00018117,0.01423488
Original,Original,70.0,0.01418182,0.00022711,0.01601423
Original,Original,70.0,0.01090909,9.706e-05,0.0088968
Original,Original,70.0,0.01163636,8.282e-05,0.00711744
Original,Original,70.0,0.01127273,4.012e-05,0.00355872
Original,Original,70.0,0.01490909,0.0002476,0.01660735
Original,Original,70.0,0.00909091,0.00011323,0.01245552
Original,Original,70.0,0.01309091,0.000132,0.01008304
Original,Original,70.0,0.01054545,0.00018764,0.01779359
Original,Original,70.0,0.01309091,5.435e-05,0.00415184
Original,Original,70.0,0.01418182,0.00017664,0.01245552
Original,Original,70.0,0.01127273,6.017e-05,0.00533808
Original,Original,70.0,0.01309091,0.000132,0.01008304
Original,Original,70.0,0.01127273,6.686e-05,0.0059312
Original,Original,70.0,0.01309091,0.000132,0.01008304
Original,Original,70.0,0.012,0.00017794,0.014828
Original,Original,70.0,0.01236364,0.00016866,0.01364176
Original,Original,70.0,0.01236364,4.4e-05,0.00355872
Original,Original,70.0,0.01127273,0.00016047,0.01423488
Original,Original,70.0,0.01090909,0.00016176,0.014828
Original,Original,70.0,0.01309091,0.0001087,0.00830368
Original,Original,70.0,0.01272727,6.039e-05,0.00474496
Original,Original,70.0,0.01054545,0.00018139,0.01720047
Original,Original,70.0,0.01236364,0.00021266,0.01720047
Original,Original,70.0,0.01090909,0.00012941,0.0118624
Original,Original,70.0,0.012,5.694e-05,0.00474496
Original,Original,70.0,0.01272727,7.549e-05,0.0059312
Original,Original,70.0,0.012,0.00019217,0.01601423
Original,Original,70.0,0.00981818,8.735e-05,0.0088968
Original,Original,70.0,0.00909091,0.0001348,0.014828
Original,Original,70.0,0.01236364,0.00023466,0.01897983
Original,Original,70.0,0.01272727,0.00021137,0.01660735
Original,Original,70.0,0.01163636,0.00022776,0.01957295
Original,Original,70.0,0.012,0.00024199,0.02016607
Original,Original,70.0,0.01454545,0.00025882,0.01779359
Original,Original,70.0,0.01381818,0.00023768,0.01720047
Original,Original,70.0,0.01127273,0.00020058,0.01779359
Original,Original,70.0,0.01236364,0.00014666,0.0118624
Original,Original,70.0,0.01272727,0.00014343,0.01126928
Original,Original,70.0,0.01127273,0.00016715,0.014828
Original,Original,70.0,0.01127273,0.00010029,0.0088968
Original,Original,70.0,0.01163636,0.00010353,0.0088968
Original,Original,70.0,0.01127273,6.017e-05,0.00533808
Original,Original,70.0,0.01054545,5.629e-05,0.00533808
Original,Original,70.0,0.01236364,0.00016866,0.01364176
Original,Original,70.0,0.01163636,0.00011733,0.01008304
Original,Original,70.0,0.01163636,6.902e-05,0.0059312
Original,Original,70.0,0.00945455,0.0001458,0.01542112
Original,Original,70.0,0.01272727,0.00014343,0.01126928
Original,Original,70.0,0.01054545,0.00018139,0.01720047
Original,Original,70.0,0.01381818,7.376e-05,0.00533808
Original,Original,70.0,0.01127273,8.692e-05,0.00771056
Original,Original,70.0,0.01236364,0.00020533,0.01660735
Original,Original,70.0,0.01454545,0.00011215,0.00771056
Original,Original,70.0,0.01236364,0.000154,0.01245552
Original,Original,70.0,0.01236364,7.333e-05,0.0059312
Original,Original,70.0,0.01272727,6.794e-05,0.00533808
Original,Original,70.0,0.01018182,0.00010266,0.01008304
Original,Original,70.0,0.01236364,8.8e-05,0.00711744
Original,Original,70.0,0.00945455,3.925e-05,0.00415184
Original,Original,70.0,0.01272727,0.00012833,0.01008304
Original,Original,70.0,0.01090909,0.00012941,0.0118624
Original,Original,70.0,0.01236364,8.8e-05,0.00711744
Original,Original,70.0,0.01236364,8.066e-05,0.00652432
Original,Original,70.0,0.01054545,0.00012509,0.0118624
Original,Original,70.0,0.01236364,0.00016866,0.01364176
Original,Original,70.0,0.012,0.00017082,0.01423488
Original,Original,70.0,0.00909091,0.00012941,0.01423488
Original,Original,70.0,0.01163636,0.00017254,0.014828
Original,Original,70.0,0.012,8.541e-05,0.00711744
Original,Original,70.0,0.012,0.0001637,0.01364176
Original,Original,70.0,0.01418182,0.00015982,0.01126928
Original,Original,70.0,0.01163636,0.00021395,0.01838671
Original,Original,70.0,0.01127273,0.00016047,0.01423488
Original,Original,70.0,0.01345455,0.00021546,0.01601423
Original,Original,70.0,0.01090909,6.47e-05,0.0059312
Original,Original,70.0,0.01345455,0.00013566,0.01008304
Original,Original,70.0,0.01054545,5.629e-05,0.00533808
Original,Original,70.0,0.01018182,9.662e-05,0.00948992
Original,Original,70.0,0.01090909,0.0001747,0.01601423
Original,Original,70.0,0.01381818,0.00014753,0.01067616
Original,Original,70.0,0.00981818,0.00012229,0.01245552
Original,Original,70.0,0.00945455,3.925e-05,0.00415184
Original,Original,70.0,0.01272727,0.00020382,0.01601423
Original,Original,70.0,0.01163636,0.00022086,0.01897983
Original,Original,70.0,0.01018182,0.0001087,0.01067616
Original,Original,70.0,0.01163636,0.00020015,0.01720047
Original,Original,70.0,0.00945455,5.047e-05,0.00533808
Original,Original,70.0,0.01054545,0.00015011,0.01423488
Original,Original,70.0,0.01563636,9.274e-05,0.0059312
Original,Original,70.0,0.01236364,0.00020533,0.01660735
Original,Original,70.0,0.01454545,0.00012941,0.0088968
Original,Original,70.0,0.01345455,5.586e-05,0.00415184
Original,Original,70.0,0.01090909,0.0001747,0.01601423
Original,Original,70.0,0.00872727,7.247e-05,0.00830368
Original,Original,70.0,0.01127273,0.00013372,0.0118624
Original,Original,70.0,0.00909091,4.314e-05,0.00474496
Original,Original,70.0,0.01127273,0.00014709,0.01304864
Original,Original,70.0,0.01054545,0.00015011,0.01423488
Original,Original,70.0,0.01163636,0.00013113,0.01126928
Original,Original,70.0,0.01127273,0.00016715,0.014828
Original,Original,70.0,0.01018182,6.643e-05,0.00652432
Original,Original,70.0,0.01127273,0.00021395,0.01897983
Original,Original,70.0,0.01236364,0.00012466,0.01008304
Original,Original,70.0,0.01127273,0.00012035,0.01067616
Original,Original,70.0,0.00909091,9.166e-05,0.01008304
Original,Original,70.0,0.00981818,0.00010482,0.01067616
Original,Original,70.0,0.01127273,6.017e-05,0.00533808
Original,Original,70.0,0.01272727,0.00012833,0.01008304
Original,Original,70.0,0.012,0.00018505,0.01542112
Original,Original,70.0,0.01090909,4.529e-05,0.00415184
Original,Original,70.0,0.01054545,0.00015011,0.01423488
Original,Original,70.0,0.01236364,0.000154,0.01245552
Original,Original,70.0,0.00981818,0.00015141,0.01542112
Original,Original,70.0,0.01381818,9.015e-05,0.00652432
Original,Original,70.0,0.01163636,0.00022086,0.01897983
Original,Original,70.0,0.01381818,0.00017211,0.01245552
Original,Original,70.0,0.01018182,0.00018117,0.01779359
Original,Original,70.0,0.01345455,0.0002394,0.01779359
Original,Original,70.0,0.01018182,0.00012682,0.01245552
Original,Original,70.0,0.01090909,0.00016823,0.01542112
Original,Original,70.0,0.01127273,7.355e-05,0.00652432
Original,Original,70.0,0.01309091,0.00017082,0.01304864
Original,Original,70.0,0.00872727,6.729e-05,0.00771056
Original,Original,70.0,0.01090909,0.00019411,0.01779359
Original,Original,70.0,0.00945455,0.00011776,0.01245552
Original,Original,70.0,0.00909091,7.549e-05,0.00830368
Original,Original,70.0,0.012,0.00019217,0.01601423
Original,Original,70.0,0.00981818,8.735e-05,0.0088968
Original,Original,70.0,0.01090909,0.00018117,0.01660735
Original,Original,70.0,0.01127273,0.00011366,0.01008304
Original,Original,70.0,0.00981818,9.317e-05,0.00948992
Original,Original,70.0,0.00763636,5.888e-05,0.00771056
Original,Original,70.0,0.01236364,0.00014666,0.0118624
Original,Original,70.0,0.01054545,0.00016888,0.01601423
Original,Original,80.0,0.00848057,8.048e-05,0.00948992
Original,Original,80.0,0.00706714,2.515e-05,0.00355872
Original,Original,80.0,0.01060071,6.916e-05,0.00652432
Original,Original,80.0,0.00812721,0.00010123,0.01245552
Original,Original,80.0,0.00848057,0.00010563,0.01245552
Original,Original,80.0,0.00812721,0.00010123,0.01245552
Original,Original,80.0,0.01024735,0.00012156,0.0118624
Original,Original,80.0,0.00848057,5.533e-05,0.00652432
Original,Original,80.0,0.00883392,5.764e-05,0.00652432
Original,Original,80.0,0.00918728,4.359e-05,0.00474496
Original,Original,80.0,0.00777385,5.994e-05,0.00771056
Original,Original,80.0,0.01095406,8.446e-05,0.00771056
Original,Original,80.0,0.00954064,3.961e-05,0.00415184
Original,Original,80.0,0.01413428,0.00017605,0.01245552
Original,Original,80.0,0.00883392,0.00011527,0.01304864
Original,Original,80.0,0.00918728,7.629e-05,0.00830368
Original,Original,80.0,0.00777385,5.072e-05,0.00652432
Original,Original,80.0,0.01024735,6.686e-05,0.00652432
Original,Original,80.0,0.00777385,5.994e-05,0.00771056
Original,Original,80.0,0.00989399,0.00011737,0.0118624
Original,Original,80.0,0.00812721,8.677e-05,0.01067616
Original,Original,80.0,0.01272085,5.281e-05,0.00415184
Original,Original,80.0,0.01201413,0.00014252,0.0118624
Original,Original,80.0,0.00954064,0.00013015,0.01364176
Original,Original,80.0,0.00883392,0.00011003,0.01245552
Original,Original,80.0,0.01166078,7.608e-05,0.00652432
Original,Original,80.0,0.00812721,5.784e-05,0.00711744
Original,Original,80.0,0.00848057,2.515e-05,0.0029656
Original,Original,80.0,0.00954064,3.961e-05,0.00415184
Original,Original,80.0,0.00954064,5.659e-05,0.0059312
Original,Original,80.0,0.00848057,6.539e-05,0.00771056
Original,Original,80.0,0.00530035,6.287e-05,0.0118624
Original,Original,80.0,0.01130742,8.719e-05,0.00771056
Original,Original,80.0,0.00812721,8.677e-05,0.01067616
Original,Original,80.0,0.01130742,0.00012743,0.01126928
Original,Original,80.0,0.00777385,3.689e-05,0.00474496
Original,Original,80.0,0.01095406,0.00016892,0.01542112
Original,Original,80.0,0.00706714,5.868e-05,0.00830368
Original,Original,80.0,0.00883392,0.00010479,0.0118624
Original,Original,80.0,0.01236749,5.868e-05,0.00474496
Original,Original,80.0,0.01201413,8.551e-05,0.00711744
Original,Original,80.0,0.01060071,0.00013832,0.01304864
Original,Original,80.0,0.00812721,9.641e-05,0.0118624
Original,Original,80.0,0.00742049,5.722e-05,0.00771056
Original,Original,80.0,0.00848057,9.557e-05,0.01126928
Original,Original,80.0,0.00636042,7.545e-05,0.0118624
Original,Original,80.0,0.00918728,9.808e-05,0.01067616
Original,Original,80.0,0.00636042,3.395e-05,0.00533808
Original,Original,80.0,0.00848057,7.545e-05,0.0088968
Original,Original,80.0,0.00918728,0.00011988,0.01304864
Original,Original,80.0,0.00812721,6.267e-05,0.00771056
Original,Original,80.0,0.00742049,8.362e-05,0.01126928
Original,Original,80.0,0.00742049,7.482e-05,0.01008304
Original,Original,80.0,0.00954064,9.62e-05,0.01008304
Original,Original,80.0,0.00706714,7.126e-05,0.01008304
Original,Original,80.0,0.00671378,7.566e-05,0.01126928
Original,Original,80.0,0.00848057,0.00011569,0.01364176
Original,Original,80.0,0.00954064,7.356e-05,0.00771056
Original,Original,80.0,0.00777385,6.916e-05,0.0088968
Original,Original,80.0,0.00848057,9.557e-05,0.01126928
Original,Original,80.0,0.00636042,6.036e-05,0.00948992
Original,Original,80.0,0.00883392,9.431e-05,0.01067616
Original,Original,80.0,0.00954064,9.62e-05,0.01008304
Original,Original,80.0,0.00812721,6.749e-05,0.00830368
Original,Original,80.0,0.00883392,4.716e-05,0.00533808
Original,Original,80.0,0.00671378,4.778e-05,0.00711744
Original,Original,80.0,0.01166078,8.991e-05,0.00771056
Original,Original,80.0,0.00918728,5.449e-05,0.0059312
Original,Original,80.0,0.01060071,0.00010689,0.01008304
Original,Original,80.0,0.01060071,6.916e-05,0.00652432
Original,Original,80.0,0.00777385,3.228e-05,0.00415184
Original,Original,80.0,0.00600707,7.838e-05,0.01304864
Original,Original,80.0,0.00706714,7.545e-05,0.01067616
Original,Original,80.0,0.00848057,4.527e-05,0.00533808
Original,Original,80.0,0.01095406,0.00012994,0.0118624
Original,Original,80.0,0.00671378,6.371e-05,0.00948992
Original,Original,80.0,0.00848057,9.054e-05,0.01067616
Original,Original,80.0,0.00989399,9.389e-05,0.00948992
Original,Original,80.0,0.00742049,8.362e-05,0.01126928
Original,Original,80.0,0.00954064,5.093e-05,0.00533808
Original,Original,80.0,0.00777385,9.222e-05,0.0118624
Original,Original,80.0,0.00812721,8.195e-05,0.01008304
Original,Original,80.0,0.00636042,7.168e-05,0.01126928
Original,Original,80.0,0.00812721,4.82e-05,0.0059312
Original,Original,80.0,0.00812721,6.267e-05,0.00771056
Original,Original,80.0,0.00671378,8.761e-05,0.01304864
Original,Original,80.0,0.00883392,6.287e-05,0.00711744
Original,Original,80.0,0.00848057,5.533e-05,0.00652432
Original,Original,80.0,0.00954064,8.488e-05,0.0088968
Original,Original,80.0,0.00918728,8.719e-05,0.00948992
Original,Original,80.0,0.00954064,6.79e-05,0.00711744
Original,Original,80.0,0.00812721,4.82e-05,0.0059312
Original,Original,80.0,0.00918728,0.00013623,0.014828
Original,Original,80.0,0.00777385,8.761e-05,0.01126928
Original,Original,80.0,0.00848057,7.042e-05,0.00830368
Original,Original,80.0,0.00777385,7.838e-05,0.01008304
Original,Original,80.0,0.00848057,4.527e-05,0.00533808
Original,Original,80.0,0.01095406,7.147e-05,0.00652432
Original,Original,80.0,0.00848057,4.527e-05,0.00533808
Original,Original,80.0,0.00883392,0.00011003,0.01245552
Original,Original,80.0,0.01272085,0.00012826,0.01008304
Original,Original,80.0,0.00918728,5.994e-05,0.00652432
Original,Original,80.0,0.00848057,8.551e-05,0.01008304
Original,Original,80.0,0.00883392,4.716e-05,0.00533808
Original,Original,80.0,0.00671378,5.973e-05,0.0088968
Original,Original,80.0,0.00918728,0.00013078,0.01423488
Original,Original,80.0,0.01024735,0.0001641,0.01601423
Original,Original,80.0,0.00954064,0.00010752,0.01126928
Original,Original,80.0,0.01236749,9.536e-05,0.00771056
Original,Original,80.0,0.00883392,8.383e-05,0.00948992
Original,Original,80.0,0.00918728,7.084e-05,0.00771056
Original,Original,80.0,0.00918728,0.00010353,0.01126928
Original,Original,80.0,0.00918728,0.00010898,0.0118624
Original,Original,80.0,0.01201413,0.00011401,0.00948992
Original,Original,80.0,0.00883392,4.192e-05,0.00474496
Original,Original,80.0,0.00848057,0.00012072,0.01423488
Original,Original,80.0,0.01060071,0.00013832,0.01304864
Original,Original,80.0,0.00954064,0.00013015,0.01364176
Original,Original,80.0,0.00883392,8.383e-05,0.00948992
Original,Original,80.0,0.00883392,4.192e-05,0.00474496
Original,Original,80.0,0.01095406,7.147e-05,0.00652432
Original,Original,80.0,0.01024735,9.725e-05,0.00948992
Original,Original,80.0,0.00918728,0.00011988,0.01304864
Original,Original,80.0,0.00989399,9.389e-05,0.00948992
Original,Original,80.0,0.00918728,9.808e-05,0.01067616
Original,Original,80.0,0.00883392,9.955e-05,0.01126928
Original,Original,80.0,0.00848057,6.539e-05,0.00771056
Original,Original,80.0,0.00742049,7.042e-05,0.00948992
Original,Original,80.0,0.00636042,3.395e-05,0.00533808
Original,Original,80.0,0.01095406,0.00013644,0.01245552
Original,Original,80.0,0.00812721,5.302e-05,0.00652432
Original,Original,80.0,0.00954064,4.527e-05,0.00474496
Original,Original,80.0,0.01166078,0.00013832,0.0118624
Original,Original,80.0,0.00918728,6.539e-05,0.00711744
Original,Original,80.0,0.00883392,0.00011527,0.01304864
Original,Original,80.0,0.01236749,6.602e-05,0.00533808
Original,Original,80.0,0.01060071,0.00015719,0.014828
Original,Original,80.0,0.01236749,0.0001027,0.00830368
Original,Original,80.0,0.00706714,8.802e-05,0.01245552
Original,Original,80.0,0.00883392,0.00013623,0.01542112
Original,Original,80.0,0.01024735,5.47e-05,0.00533808
Original,Original,80.0,0.00706714,7.126e-05,0.01008304
Original,Original,80.0,0.00812721,0.00010123,0.01245552
Original,Original,80.0,0.00954064,7.922e-05,0.00830368
Original,Original,80.0,0.01024735,0.0001094,0.01067616
Original,Original,80.0,0.00812721,7.231e-05,0.0088968
Original,Original,80.0,0.00989399,0.00014084,0.01423488
Original,Original,80.0,0.00918728,4.359e-05,0.00474496
Original,Original,80.0,0.00671378,5.973e-05,0.0088968
Original,Original,80.0,0.01413428,6.707e-05,0.00474496
Original,Original,80.0,0.00883392,0.00012051,0.01364176
Original,Original,80.0,0.00848057,8.048e-05,0.00948992
Original,Original,80.0,0.01095406,0.00011695,0.01067616
Original,Original,80.0,0.00848057,8.551e-05,0.01008304
Original,Original,80.0,0.00918728,8.719e-05,0.00948992
Original,Original,80.0,0.00954064,7.356e-05,0.00771056
Original,Original,80.0,0.00883392,0.00012051,0.01364176
Original,Original,80.0,0.00883392,7.335e-05,0.00830368
Original,Original,80.0,0.00812721,7.713e-05,0.00948992
Original,Original,80.0,0.00600707,7.482e-05,0.01245552
Original,Original,80.0,0.00848057,7.545e-05,0.0088968
Original,Original,80.0,0.00812721,3.856e-05,0.00474496
Original,Original,80.0,0.00954064,0.00010186,0.01067616
Original,Original,80.0,0.00777385,0.00011066,0.01423488
Original,Original,80.0,0.00883392,8.383e-05,0.00948992
Original,Original,80.0,0.00918728,5.994e-05,0.00652432
Original,Original,80.0,0.00918728,0.00012533,0.01364176
Original,Original,80.0,0.00565371,3.689e-05,0.00652432
Original,Original,80.0,0.01024735,5.47e-05,0.00533808
Original,Original,80.0,0.00812721,0.00010123,0.01245552
Original,Original,80.0,0.00848057,3.521e-05,0.00415184
Original,Original,80.0,0.00636042,7.545e-05,0.0118624
Original,Original,80.0,0.00954064,7.356e-05,0.00771056
Original,Original,80.0,0.00777385,6.455e-05,0.00830368
Original,Original,80.0,0.01024735,0.00017018,0.01660735
Original,Original,80.0,0.01130742,4.024e-05,0.00355872
Original,Original,80.0,0.00989399,7.042e-05,0.00711744
Original,Original,80.0,0.00671378,7.566e-05,0.01126928
Original,Original,80.0,0.00777385,0.00010605,0.01364176
Original,Original,80.0,0.01060071,0.00010689,0.01008304
Original,Original,80.0,0.00777385,0.00011066,0.01423488
Original,Original,80.0,0.00777385,3.689e-05,0.00474496
Original,Original,80.0,0.00777385,7.377e-05,0.00948992
Original,Original,80.0,0.00848057,5.533e-05,0.00652432
Original,Original,80.0,0.00706714,3.353e-05,0.00474496
Original,Original,80.0,0.00954064,0.00013015,0.01364176
Original,Original,80.0,0.01130742,5.365e-05,0.00474496
Original,Original,80.0,0.00706714,3.353e-05,0.00474496
Original,Original,80.0,0.00812721,6.267e-05,0.00771056
Original,Original,80.0,0.00600707,6.77e-05,0.01126928
Original,Original,80.0,0.00742049,3.081e-05,0.00415184
Original,Original,80.0,0.00848057,8.551e-05,0.01008304
Original,Original,80.0,0.00918728,0.00010353,0.01126928
Original,Original,80.0,0.01024735,4.255e-05,0.00415184
Original,Original,80.0,0.00883392,3.144e-05,0.00355872
Original,Original,80.0,0.00989399,9.976e-05,0.01008304
Original,Original,80.0,0.00848057,4.024e-05,0.00474496
Original,Original,80.0,0.00954064,7.922e-05,0.00830368
Original,Original,80.0,0.00848057,8.048e-05,0.00948992
Original,Original,80.0,0.01024735,0.0001094,0.01067616
Original,Original,80.0,0.00883392,0.00012051,0.01364176
Original,Original,80.0,0.00848057,4.527e-05,0.00533808
Original,Original,80.0,0.00742049,7.482e-05,0.01008304
Original,Original,80.0,0.01166078,8.991e-05,0.00771056
Original,Original,80.0,0.00954064,3.961e-05,0.00415184
Original,Original,80.0,0.00742049,3.081e-05,0.00415184
Original,Original,80.0,0.00989399,8.802e-05,0.0088968
Original,Original,80.0,0.00848057,4.024e-05,0.00474496
Original,Original,80.0,0.00600707,2.85e-05,0.00474496
Original,Original,80.0,0.00883392,8.383e-05,0.00948992
Original,Original,80.0,0.01024735,0.00013371,0.01304864
Original,Original,80.0,0.00989399,7.042e-05,0.00711744
Original,Original,80.0,0.00671378,6.371e-05,0.00948992
Original,Original,80.0,0.01166078,0.00013832,0.0118624
Original,Original,80.0,0.00777385,7.377e-05,0.00948992
Original,Original,80.0,0.00777385,3.689e-05,0.00474496
Original,Original,80.0,0.00848057,0.00011066,0.01304864
Original,Original,80.0,0.00955414,4.807e-05,0.00503145
Original,Original,80.0,0.01203114,0.0001135,0.00943396
Original,Original,80.0,0.00955414,7.211e-05,0.00754717
Original,Original,80.0,0.00884643,8.902e-05,0.01006289
Original,Original,80.0,0.00920028,0.00012151,0.01320755
Original,Original,80.0,0.009908,0.00014332,0.01446541
Original,Original,80.0,0.00920028,8.101e-05,0.00880503
Original,Original,80.0,0.00955414,5.408e-05,0.00566038
Original,Original,80.0,0.00920028,0.00010994,0.01194969
Original,Original,80.0,0.01521585,6.699e-05,0.00440252
Original,Original,80.0,0.00920028,8.101e-05,0.00880503
Original,Original,80.0,0.00778485,6.365e-05,0.0081761
Original,Original,80.0,0.00884643,8.346e-05,0.00943396
Original,Original,80.0,0.01026185,0.0001549,0.01509434
Original,Original,80.0,0.00849257,9.614e-05,0.01132075
Original,Original,80.0,0.00707714,9.347e-05,0.01320755
Original,Original,80.0,0.00955414,5.408e-05,0.00566038
Original,Original,80.0,0.00636943,4.006e-05,0.00628931
Original,Original,80.0,0.009908,0.00016825,0.01698113
Original,Original,80.0,0.00955414,0.00010215,0.01069182
Original,Original,80.0,0.01203114,6.81e-05,0.00566038
Original,Original,80.0,0.00920028,4.05e-05,0.00440252
Original,Original,80.0,0.00955414,8.412e-05,0.00880503
Original,Original,80.0,0.00920028,0.0001273,0.01383648
Original,Original,80.0,0.01344657,0.00016914,0.01257862
Original,Original,80.0,0.01273885,0.00015223,0.01194969
Original,Original,80.0,0.01026185,9.036e-05,0.00880503
Original,Original,80.0,0.01380042,6.944e-05,0.00503145
Original,Original,80.0,0.00813871,8.19e-05,0.01006289
Original,Original,80.0,0.00920028,4.05e-05,0.00440252
Original,Original,80.0,0.00849257,0.00013353,0.01572327
Original,Original,80.0,0.00707714,4.451e-05,0.00628931
Original,Original,80.0,0.01026185,0.0001678,0.0163522
Original,Original,80.0,0.00707714,7.122e-05,0.01006289
Original,Original,80.0,0.00778485,9.792e-05,0.01257862
Original,Original,80.0,0.00920028,9.258e-05,0.01006289
Original,Original,80.0,0.00884643,3.338e-05,0.00377358
Original,Original,80.0,0.009908,8.101e-05,0.0081761
Original,Original,80.0,0.01096957,0.00013798,0.01257862
Original,Original,80.0,0.00955414,3.004e-05,0.00314465
Original,Original,80.0,0.01026185,6.454e-05,0.00628931
Original,Original,80.0,0.007431,4.206e-05,0.00566038
Original,Original,80.0,0.01026185,0.00014844,0.01446541
Original,Original,80.0,0.00884643,8.346e-05,0.00943396
Original,Original,80.0,0.012385,0.00014021,0.01132075
Original,Original,80.0,0.00849257,9.614e-05,0.01132075
Original,Original,80.0,0.00920028,0.00014466,0.01572327
Original,Original,80.0,0.009908,3.116e-05,0.00314465
Original,Original,80.0,0.00955414,7.211e-05,0.00754717
Original,Original,80.0,0.00920028,8.101e-05,0.00880503
Original,Original,80.0,0.01273885,6.409e-05,0.00503145
Original,Original,80.0,0.00707714,8.902e-05,0.01257862
Original,Original,80.0,0.01132343,0.00012819,0.01132075
Original,Original,80.0,0.01309271,4.941e-05,0.00377358
Original,Original,80.0,0.00955414,0.00014421,0.01509434
Original,Original,80.0,0.00955414,5.408e-05,0.00566038
Original,Original,80.0,0.01344657,0.00016068,0.01194969
Original,Original,80.0,0.00849257,6.409e-05,0.00754717
Original,Original,80.0,0.00778485,0.00011261,0.01446541
Original,Original,80.0,0.01273885,0.00012819,0.01006289
Original,Original,80.0,0.00955414,0.00016825,0.01761006
Original,Original,80.0,0.00813871,8.702e-05,0.01069182
Original,Original,80.0,0.009908,9.347e-05,0.00943396
Original,Original,80.0,0.01273885,0.00015223,0.01194969
Original,Original,80.0,0.01132343,0.0001638,0.01446541
Original,Original,80.0,0.01061571,0.00012685,0.01194969
Original,Original,80.0,0.01026185,4.518e-05,0.00440252
Original,Original,80.0,0.01273885,4.807e-05,0.00377358
Original,Original,80.0,0.01096957,4.139e-05,0.00377358
Original,Original,80.0,0.00778485,9.792e-05,0.01257862
Original,Original,80.0,0.009908,5.608e-05,0.00566038
Original,Original,80.0,0.00813871,3.583e-05,0.00440252
Original,Original,80.0,0.00707714,4.006e-05,0.00566038
Original,Original,80.0,0.01380042,7.812e-05,0.00566038
Original,Original,80.0,0.00955414,0.00014421,0.01509434
Original,Original,80.0,0.00955414,0.00016224,0.01698113
Original,Original,80.0,0.01132343,0.00014243,0.01257862
Original,Original,80.0,0.01132343,4.985e-05,0.00440252
Original,Original,80.0,0.01061571,9.347e-05,0.00880503
Original,Original,80.0,0.00849257,0.00010682,0.01257862
Original,Original,80.0,0.00955414,6.009e-05,0.00628931
Original,Original,80.0,0.01096957,8.279e-05,0.00754717
Original,Original,80.0,0.00920028,6.944e-05,0.00754717
Original,Original,80.0,0.01380042,0.00018227,0.01320755
Original,Original,80.0,0.01026185,0.00018071,0.01761006
Original,Original,80.0,0.00884643,7.789e-05,0.00880503
Original,Original,80.0,0.009908,6.855e-05,0.00691824
Original,Original,80.0,0.00920028,6.944e-05,0.00754717
Original,Original,80.0,0.009908,4.985e-05,0.00503145
Original,Original,80.0,0.009908,8.101e-05,0.0081761
Original,Original,80.0,0.00955414,4.807e-05,0.00503145
Original,Original,80.0,0.01026185,0.00012263,0.01194969
Original,Original,80.0,0.01167728,8.813e-05,0.00754717
Original,Original,80.0,0.01132343,9.97e-05,0.00880503
Original,Original,80.0,0.00778485,5.875e-05,0.00754717
Original,Original,80.0,0.00955414,6.61e-05,0.00691824
Original,Original,80.0,0.01415428,6.231e-05,0.00440252
Original,Original,80.0,0.00920028,3.472e-05,0.00377358
Original,Original,80.0,0.00955414,0.00012018,0.01257862
Original,Original,80.0,0.01096957,6.209e-05,0.00566038
Original,Original,80.0,0.00849257,0.00011751,0.01383648
Original,Original,80.0,0.01061571,4.674e-05,0.00440252
Original,Original,80.0,0.009908,0.00015579,0.01572327
Original,Original,80.0,0.01096957,0.00013798,0.01257862
Original,Original,80.0,0.00849257,3.205e-05,0.00377358
Original,Original,80.0,0.00920028,0.00011573,0.01257862
Original,Original,80.0,0.01096957,0.00019317,0.01761006
Original,Original,80.0,0.01132343,0.00021365,0.01886792
Original,Original,80.0,0.00849257,0.00011217,0.01320755
Original,Original,80.0,0.01026185,5.809e-05,0.00566038
Original,Original,80.0,0.01167728,7.344e-05,0.00628931
Original,Original,80.0,0.012385,0.00011684,0.00943396
Original,Original,80.0,0.00707714,6.231e-05,0.00880503
Original,Original,80.0,0.00778485,9.792e-05,0.01257862
Original,Original,80.0,0.00707714,9.347e-05,0.01320755
Original,Original,80.0,0.00920028,5.786e-05,0.00628931
Original,Original,80.0,0.00672328,7.611e-05,0.01132075
Original,Original,80.0,0.00778485,3.917e-05,0.00503145
Original,Original,80.0,0.01132343,5.697e-05,0.00503145
Original,Original,80.0,0.00884643,5.007e-05,0.00566038
Original,Original,80.0,0.00849257,0.00013887,0.0163522
Original,Original,80.0,0.00955414,8.412e-05,0.00880503
Original,Original,80.0,0.01096957,0.00012418,0.01132075
Original,Original,80.0,0.00884643,0.0001224,0.01383648
Original,Original,80.0,0.00813871,9.214e-05,0.01132075
Original,Original,80.0,0.00884643,0.00012797,0.01446541
Original,Original,80.0,0.01061571,0.00010015,0.00943396
Original,Original,80.0,0.00636943,7.611e-05,0.01194969
Original,Original,80.0,0.00636943,4.807e-05,0.00754717
Original,Original,80.0,0.00813871,7.678e-05,0.00943396
Original,Original,80.0,0.007431,8.412e-05,0.01132075
Original,Original,80.0,0.00849257,0.00010148,0.01194969
Original,Original,80.0,0.00849257,9.08e-05,0.01069182
Original,Original,80.0,0.00778485,8.323e-05,0.01069182
Original,Original,80.0,0.00849257,9.614e-05,0.01132075
Original,Original,80.0,0.00884643,6.12e-05,0.00691824
Original,Original,80.0,0.00672328,9.303e-05,0.01383648
Original,Original,80.0,0.00884643,4.451e-05,0.00503145
Original,Original,80.0,0.00813871,0.00010237,0.01257862
Original,Original,80.0,0.00778485,4.407e-05,0.00566038
Original,Original,80.0,0.00778485,7.834e-05,0.01006289
Original,Original,80.0,0.00884643,4.451e-05,0.00503145
Original,Original,80.0,0.00813871,8.19e-05,0.01006289
Original,Original,80.0,0.00566171,7.478e-05,0.01320755
Original,Original,80.0,0.01132343,4.985e-05,0.00440252
Original,Original,80.0,0.00778485,8.323e-05,0.01069182
Original,Original,80.0,0.00955414,0.00010816,0.01132075
Original,Original,80.0,0.00601557,7.188e-05,0.01194969
Original,Original,80.0,0.00707714,3.116e-05,0.00440252
Original,Original,80.0,0.00778485,3.917e-05,0.00503145
Original,Original,80.0,0.00636943,8.813e-05,0.01383648
Original,Original,80.0,0.007431,2.804e-05,0.00377358
Original,Original,80.0,0.01096957,5.519e-05,0.00503145
Original,Original,80.0,0.00778485,8.323e-05,0.01069182
Original,Original,80.0,0.00707714,4.006e-05,0.00566038
Original,Original,80.0,0.00955414,3.605e-05,0.00377358
Original,Original,80.0,0.01167728,5.875e-05,0.00503145
Original,Original,80.0,0.01309271,8.234e-05,0.00628931
Original,Original,80.0,0.00672328,6.343e-05,0.00943396
Original,Original,80.0,0.007431,7.01e-05,0.00943396
Original,Original,80.0,0.01096957,8.969e-05,0.0081761
Original,Original,80.0,0.00813871,9.726e-05,0.01194969
Original,Original,80.0,0.00849257,7.478e-05,0.00880503
Original,Original,80.0,0.009908,0.00010593,0.01069182
Original,Original,80.0,0.007431,6.543e-05,0.00880503
Original,Original,80.0,0.007431,0.00010282,0.01383648
Original,Original,80.0,0.00601557,5.297e-05,0.00880503
Original,Original,80.0,0.00672328,4.651e-05,0.00691824
Original,Original,80.0,0.00813871,4.607e-05,0.00566038
Original,Original,80.0,0.01273885,7.211e-05,0.00566038
Original,Original,80.0,0.00707714,9.347e-05,0.01320755
Original,Original,80.0,0.007431,6.076e-05,0.0081761
Original,Original,80.0,0.00955414,5.408e-05,0.00566038
Original,Original,80.0,0.00813871,9.726e-05,0.01194969
Original,Original,80.0,0.00672328,5.497e-05,0.0081761
Original,Original,80.0,0.00955414,4.206e-05,0.00440252
Original,Original,80.0,0.00813871,0.00010237,0.01257862
Original,Original,80.0,0.00636943,4.807e-05,0.00754717
Original,Original,80.0,0.01061571,7.344e-05,0.00691824
Original,Original,80.0,0.007431,0.00010749,0.01446541
Original,Original,80.0,0.007431,7.01e-05,0.00943396
Original,Original,80.0,0.00707714,8.012e-05,0.01132075
Original,Original,80.0,0.00672328,2.537e-05,0.00377358
Original,Original,80.0,0.00955414,3.605e-05,0.00377358
Original,Original,80.0,0.00955414,0.00012619,0.01320755
Original,Original,80.0,0.00849257,7.478e-05,0.00880503
Original,Original,80.0,0.00813871,7.678e-05,0.00943396
Original,Original,80.0,0.00884643,8.902e-05,0.01006289
Original,Original,80.0,0.007431,4.674e-05,0.00628931
Original,Original,80.0,0.00530786,5.341e-05,0.01006289
Original,Original,80.0,0.00813871,8.702e-05,0.01069182
Original,Original,80.0,0.00884643,8.902e-05,0.01006289
Original,Original,80.0,0.00601557,4.918e-05,0.0081761
Original,Original,80.0,0.00849257,9.614e-05,0.01132075
Original,Original,80.0,0.00813871,5.119e-05,0.00628931
Original,Original,80.0,0.00813871,5.119e-05,0.00628931
Original,Original,80.0,0.00636943,4.807e-05,0.00754717
Original,Original,80.0,0.007431,5.608e-05,0.00754717
Original,Original,80.0,0.00707714,8.457e-05,0.01194969
Original,Original,80.0,0.01132343,9.258e-05,0.0081761
Original,Original,80.0,0.00849257,8.546e-05,0.01006289
Original,Original,80.0,0.007431,7.01e-05,0.00943396
Original,Original,80.0,0.00884643,0.00010571,0.01194969
Original,Original,80.0,0.00813871,4.607e-05,0.00566038
Original,Original,80.0,0.01026185,9.036e-05,0.00880503
Original,Original,80.0,0.007431,7.01e-05,0.00943396
Original,Original,80.0,0.00884643,2.782e-05,0.00314465
Original,Original,80.0,0.00884643,7.789e-05,0.00880503
Original,Original,80.0,0.00813871,4.095e-05,0.00503145
Original,Original,80.0,0.01132343,5.697e-05,0.00503145
Original,Original,80.0,0.01061571,0.00010015,0.00943396
Original,Original,80.0,0.00636943,5.608e-05,0.00880503
Original,Original,80.0,0.00813871,7.166e-05,0.00880503
Original,Original,80.0,0.00849257,0.00010682,0.01257862
Original,Original,80.0,0.00778485,7.834e-05,0.01006289
Original,Original,80.0,0.00672328,3.806e-05,0.00566038
Original,Original,80.0,0.00920028,6.944e-05,0.00754717
Original,Original,80.0,0.00672328,7.611e-05,0.01132075
Original,Original,80.0,0.00778485,6.365e-05,0.0081761
Original,Original,80.0,0.00778485,7.344e-05,0.00943396
Original,Original,80.0,0.00707714,5.341e-05,0.00754717
Original,Original,80.0,0.01061571,6.677e-05,0.00628931
Original,Original,80.0,0.01167728,6.61e-05,0.00566038
Original,Original,80.0,0.01132343,7.122e-05,0.00628931
Original,Original,80.0,0.00849257,0.00010148,0.01194969
Original,Original,80.0,0.01026185,7.099e-05,0.00691824
Original,Original,80.0,0.01096957,6.209e-05,0.00566038
Original,Original,80.0,0.00813871,5.119e-05,0.00628931
Original,Original,80.0,0.00849257,9.08e-05,0.01069182
Original,Original,80.0,0.00778485,3.917e-05,0.00503145
Original,Original,80.0,0.00778485,0.00010771,0.01383648
Original,Original,80.0,0.00778485,3.917e-05,0.00503145
Original,Original,80.0,0.00566171,6.766e-05,0.01194969
Original,Original,80.0,0.00778485,4.896e-05,0.00628931
Original,Original,80.0,0.01132343,9.97e-05,0.00880503
Original,Original,80.0,0.00601557,2.27e-05,0.00377358
Original,Original,80.0,0.00813871,9.726e-05,0.01194969
Original,Original,80.0,0.00778485,3.917e-05,0.00503145
Original,Original,80.0,0.00778485,9.303e-05,0.01194969
Original,Original,80.0,0.00778485,8.323e-05,0.01069182
Original,Original,80.0,0.00672328,2.114e-05,0.00314465
Original,Original,80.0,0.00672328,3.806e-05,0.00566038
Original,Original,80.0,0.00636943,5.208e-05,0.0081761
Original,Original,80.0,0.00849257,9.08e-05,0.01069182
Original,Original,80.0,0.00778485,4.407e-05,0.00566038
Original,Original,80.0,0.007431,6.076e-05,0.0081761
Original,Original,80.0,0.007431,6.543e-05,0.00880503
Original,Original,80.0,0.01093294,6.188e-05,0.00566038
Original,Original,80.0,0.01056851,0.00012629,0.01194969
Original,Original,80.0,0.01202624,0.00015127,0.01257862
Original,Original,80.0,0.01202624,0.00021178,0.01761006
Original,Original,80.0,0.01093294,0.00015127,0.01383648
Original,Original,80.0,0.01056851,0.00015952,0.01509434
Original,Original,80.0,0.01093294,5.501e-05,0.00503145
Original,Original,80.0,0.01093294,0.00012377,0.01132075
Original,Original,80.0,0.01056851,3.988e-05,0.00377358
Original,Original,80.0,0.00983965,0.00013615,0.01383648
Original,Original,80.0,0.01056851,0.00011964,0.01132075
Original,Original,80.0,0.01056851,5.317e-05,0.00503145
Original,Original,80.0,0.00911079,0.00014898,0.0163522
Original,Original,80.0,0.01129738,0.00019895,0.01761006
Original,Original,80.0,0.01093294,0.00013752,0.01257862
Original,Original,80.0,0.00947522,3.576e-05,0.00377358
Original,Original,80.0,0.01056851,0.00019941,0.01886792
Original,Original,80.0,0.01239067,0.00019482,0.01572327
Original,Original,80.0,0.00983965,0.00015471,0.01572327
Original,Original,80.0,0.00838192,9.489e-05,0.01132075
Original,Original,80.0,0.00838192,7.38e-05,0.00880503
Original,Original,80.0,0.00874636,0.00013752,0.01572327
Original,Original,80.0,0.01166181,4.401e-05,0.00377358
Original,Original,80.0,0.01020408,0.00013477,0.01320755
Original,Original,80.0,0.01020408,3.851e-05,0.00377358
Original,Original,80.0,0.00983965,0.00012377,0.01257862
Original,Original,80.0,0.01020408,0.00011552,0.01132075
Original,Original,80.0,0.00765306,4.332e-05,0.00566038
Original,Original,80.0,0.01239067,0.00014806,0.01194969
Original,Original,80.0,0.00947522,0.00014302,0.01509434
Original,Original,80.0,0.00947522,0.00012514,0.01320755
Original,Original,80.0,0.01093294,0.00019941,0.01823899
Original,Original,80.0,0.00874636,0.00012652,0.01446541
Original,Original,80.0,0.00838192,0.00010543,0.01257862
Original,Original,80.0,0.01129738,8.526e-05,0.00754717
Original,Original,80.0,0.00983965,0.00016709,0.01698113
Original,Original,80.0,0.01129738,4.263e-05,0.00377358
Original,Original,80.0,0.01129738,0.00022737,0.02012579
Original,Original,80.0,0.01020408,3.851e-05,0.00377358
Original,Original,80.0,0.01020408,0.00018611,0.01823899
Original,Original,80.0,0.01129738,7.816e-05,0.00691824
Original,Original,80.0,0.00911079,0.00014898,0.0163522
Original,Original,80.0,0.00838192,0.00011598,0.01383648
Original,Original,80.0,0.01056851,0.00016617,0.01572327
Original,Original,80.0,0.01129738,9.237e-05,0.0081761
Original,Original,80.0,0.01056851,0.00017947,0.01698113
Original,Original,80.0,0.00874636,3.851e-05,0.00440252
Original,Original,80.0,0.01129738,0.00012789,0.01132075
Original,Original,80.0,0.01056851,5.982e-05,0.00566038
Original,Original,80.0,0.00947522,0.00014302,0.01509434
Original,Original,80.0,0.00983965,0.00013615,0.01383648
Original,Original,80.0,0.01020408,0.0001091,0.01069182
Original,Original,80.0,0.01202624,5.295e-05,0.00440252
Original,Original,80.0,0.00911079,0.00016044,0.01761006
Original,Original,80.0,0.00874636,0.00011552,0.01320755
Original,Original,80.0,0.00801749,0.00010589,0.01320755
Original,Original,80.0,0.01020408,0.00017969,0.01761006
Original,Original,80.0,0.01202624,0.00013615,0.01132075
Original,Original,80.0,0.01056851,0.00020605,0.01949686
Original,Original,80.0,0.01166181,0.00011002,0.00943396
Original,Original,80.0,0.01056851,5.982e-05,0.00566038
Original,Original,80.0,0.01020408,3.209e-05,0.00314465
Original,Original,80.0,0.01093294,8.939e-05,0.0081761
Original,Original,80.0,0.00874636,4.401e-05,0.00503145
Original,Original,80.0,0.01093294,0.00013752,0.01257862
Original,Original,80.0,0.01166181,0.00013935,0.01194969
Original,Original,80.0,0.01129738,0.00020605,0.01823899
Original,Original,80.0,0.01129738,7.816e-05,0.00691824
Original,Original,80.0,0.01166181,6.601e-05,0.00566038
Original,Original,80.0,0.01129738,0.00014211,0.01257862
Original,Original,80.0,0.01020408,0.00014119,0.01383648
Original,Original,80.0,0.01129738,7.105e-05,0.00628931
Original,Original,80.0,0.01056851,0.00017947,0.01698113
Original,Original,80.0,0.00983965,9.902e-05,0.01006289
Original,Original,80.0,0.00983965,0.00012377,0.01257862
Original,Original,80.0,0.01056851,3.323e-05,0.00314465
Original,Original,80.0,0.00983965,6.188e-05,0.00628931
Original,Original,80.0,0.00947522,0.00013706,0.01446541
Original,Original,80.0,0.01129738,0.00017053,0.01509434
Original,Original,80.0,0.01056851,5.982e-05,0.00566038
Original,Original,80.0,0.00983965,0.00015471,0.01572327
Original,Original,80.0,0.01056851,0.00017282,0.0163522
Original,Original,80.0,0.0127551,0.00017649,0.01383648
Original,Original,80.0,0.01056851,9.306e-05,0.00880503
Original,Original,80.0,0.0127551,0.00010429,0.0081761
Original,Original,80.0,0.00801749,0.00011093,0.01383648
Original,Original,80.0,0.01239067,0.00016365,0.01320755
Original,Original,80.0,0.01020408,0.0001091,0.01069182
Original,Original,80.0,0.00947522,0.0001609,0.01698113
Original,Original,80.0,0.0127551,9.626e-05,0.00754717
Original,Original,80.0,0.01056851,0.00015952,0.01509434
Original,Original,80.0,0.01166181,0.00020537,0.01761006
Original,Original,80.0,0.00947522,0.00011919,0.01257862
Original,Original,80.0,0.01129738,0.00017763,0.01572327
Original,Original,80.0,0.01093294,0.00021316,0.01949686
Original,Original,80.0,0.01129738,5.684e-05,0.00503145
Original,Original,80.0,0.01056851,0.00019276,0.01823899
Original,Original,80.0,0.01093294,8.251e-05,0.00754717
Original,Original,80.0,0.00874636,3.851e-05,0.00440252
Original,Original,80.0,0.00801749,0.00011598,0.01446541
Original,Original,80.0,0.01056851,0.00017282,0.0163522
Original,Original,80.0,0.00983965,4.332e-05,0.00440252
Original,Original,80.0,0.00801749,6.051e-05,0.00754717
Original,Original,80.0,0.01056851,0.00018611,0.01761006
Original,Original,80.0,0.01020408,0.00016044,0.01572327
Original,Original,80.0,0.00874636,0.00013752,0.01572327
Original,Original,80.0,0.00874636,0.00012652,0.01446541
Original,Original,80.0,0.01056851,0.00018611,0.01761006
Original,Original,80.0,0.00983965,8.045e-05,0.0081761
Original,Original,80.0,0.01202624,8.32e-05,0.00691824
Original,Original,80.0,0.00947522,0.00011323,0.01194969
Original,Original,80.0,0.00947522,0.00014302,0.01509434
Original,Original,80.0,0.00911079,8.022e-05,0.00880503
Original,Original,80.0,0.01020408,5.134e-05,0.00503145
Original,Original,80.0,0.00838192,7.907e-05,0.00943396
Original,Original,80.0,0.01202624,0.00013615,0.01132075
Original,Original,80.0,0.01093294,0.00013065,0.01194969
Original,Original,80.0,0.00947522,0.0001311,0.01383648
Original,Original,80.0,0.01020408,7.059e-05,0.00691824
Original,Original,80.0,0.01056851,0.00015952,0.01509434
Original,Original,80.0,0.01093294,0.00019941,0.01823899
Original,Original,80.0,0.01129738,0.00014211,0.01257862
Original,Original,80.0,0.01020408,0.00012194,0.01194969
Original,Original,80.0,0.00765306,9.145e-05,0.01194969
Original,Original,80.0,0.01020408,5.776e-05,0.00566038
Original,Original,80.0,0.00765306,6.739e-05,0.00880503
Original,Original,80.0,0.01056851,0.00015952,0.01509434
Original,Original,80.0,0.01020408,9.626e-05,0.00943396
Original,Original,80.0,0.01166181,5.868e-05,0.00503145
Original,Original,80.0,0.00874636,9.351e-05,0.01069182
Original,Original,80.0,0.00947522,0.00013706,0.01446541
Original,Original,80.0,0.00947522,0.00013706,0.01446541
Original,Original,80.0,0.00947522,8.939e-05,0.00943396
Original,Original,80.0,0.00765306,3.851e-05,0.00503145
Original,Original,80.0,0.00947522,5.363e-05,0.00566038
Original,Original,80.0,0.00874636,8.251e-05,0.00943396
Original,Original,80.0,0.00619534,3.507e-05,0.00566038
Original,Original,80.0,0.00874636,0.00013752,0.01572327
Original,Original,80.0,0.00947522,0.0001311,0.01383648
Original,Original,80.0,0.00911079,0.00012033,0.01320755
Original,Original,80.0,0.00911079,6.876e-05,0.00754717
Original,Original,80.0,0.00983965,8.664e-05,0.00880503
Original,Original,80.0,0.01056851,7.312e-05,0.00691824
Original,Original,80.0,0.00911079,5.73e-05,0.00628931
Original,Original,80.0,0.01020408,0.00017969,0.01761006
Original,Original,80.0,0.00874636,0.00014302,0.0163522
Original,Original,80.0,0.00728863,2.292e-05,0.00314465
Original,Original,80.0,0.00911079,0.00010314,0.01132075
Original,Original,80.0,0.00911079,3.438e-05,0.00377358
Original,Original,80.0,0.01239067,0.00011689,0.00943396
Original,Original,80.0,0.00801749,6.555e-05,0.0081761
Original,Original,80.0,0.01056851,0.00012629,0.01194969
Original,Original,80.0,0.00947522,0.00010727,0.01132075
Original,Original,80.0,0.01020408,8.985e-05,0.00880503
Original,Original,80.0,0.00983965,8.045e-05,0.0081761
Original,Original,80.0,0.00911079,3.438e-05,0.00377358
Original,Original,80.0,0.00947522,5.363e-05,0.00566038
Original,Original,80.0,0.01020408,0.00016686,0.0163522
Original,Original,80.0,0.01056851,3.988e-05,0.00377358
Original,Original,80.0,0.00874636,2.75e-05,0.00314465
Original,Original,80.0,0.00947522,0.00012514,0.01320755
Original,Original,80.0,0.00801749,0.00012102,0.01509434
Original,Original,80.0,0.00983965,0.0001609,0.0163522
Original,Original,80.0,0.00983965,0.00014233,0.01446541
Original,Original,80.0,0.00911079,0.0001146,0.01257862
Original,Original,80.0,0.01093294,0.00017878,0.0163522
Original,Original,80.0,0.01166181,0.00010268,0.00880503
Original,Original,80.0,0.01020408,0.00016686,0.0163522
Original,Original,80.0,0.00911079,7.449e-05,0.0081761
Original,Original,80.0,0.00765306,0.00010108,0.01320755
Original,Original,80.0,0.01129738,8.526e-05,0.00754717
Original,Original,80.0,0.00765306,0.00011552,0.01509434
Original,Original,80.0,0.01020408,0.00011552,0.01132075
Original,Original,80.0,0.00947522,0.00011919,0.01257862
Original,Original,80.0,0.01020408,0.00017969,0.01761006
Original,Original,80.0,0.01093294,0.00011689,0.01069182
Original,Original,80.0,0.00947522,3.576e-05,0.00377358
Original,Original,80.0,0.01020408,0.00016044,0.01572327
Original,Original,80.0,0.01166181,9.535e-05,0.0081761
Original,Original,80.0,0.01093294,0.00017878,0.0163522
Original,Original,80.0,0.01129738,0.00011368,0.01006289
Original,Original,80.0,0.00983965,7.426e-05,0.00754717
Original,Original,80.0,0.01166181,8.801e-05,0.00754717
Original,Original,80.0,0.00983965,9.283e-05,0.00943396
Original,Original,80.0,0.00911079,0.00014898,0.0163522
Original,Original,80.0,0.00765306,0.0001107,0.01446541
Original,Original,80.0,0.01020408,0.00016686,0.0163522
Original,Original,80.0,0.01056851,0.00013294,0.01257862
Original,Original,80.0,0.01056851,0.00018611,0.01761006
Original,Original,80.0,0.01093294,0.00018565,0.01698113
Original,Original,80.0,0.01093294,0.00010314,0.00943396
Original,Original,80.0,0.01093294,0.0001444,0.01320755
Original,Original,80.0,0.00801749,0.00010085,0.01257862
Original,Original,80.0,0.00801749,7.564e-05,0.00943396
Original,Original,80.0,0.01056851,0.00017282,0.0163522
Original,Original,80.0,0.01129738,0.00014211,0.01257862
Original,Original,80.0,0.01093294,0.00013752,0.01257862
Original,Original,80.0,0.00983965,0.00014852,0.01509434
Original,Original,80.0,0.01239067,9.351e-05,0.00754717
Original,Original,80.0,0.00838192,5.272e-05,0.00628931
Original,Original,80.0,0.01129738,4.974e-05,0.00440252
Original,Original,80.0,0.00874636,4.951e-05,0.00566038
Original,Original,80.0,0.01093294,7.564e-05,0.00691824
Original,Original,80.0,0.01129738,0.00022026,0.01949686
Original,Original,80.0,0.00838192,6.326e-05,0.00754717
Original,Original,80.0,0.00983965,8.664e-05,0.00880503
Original,Original,80.0,0.01020408,0.00018611,0.01823899
Original,Original,80.0,0.00983965,3.713e-05,0.00377358
Original,Original,80.0,0.00765306,8.183e-05,0.01069182
Original,Original,80.0,0.00874636,4.951e-05,0.00566038
Original,Original,80.0,0.00765306,0.0001107,0.01446541
Original,Original,80.0,0.01129738,0.00020605,0.01823899
Original,Original,80.0,0.01129738,0.00011368,0.01006289
Original,Original,80.0,0.00983965,7.426e-05,0.00754717
Original,Original,80.0,0.00947522,5.363e-05,0.00566038
Original,Original,80.0,0.0127551,0.00013638,0.01069182
Original,Original,80.0,0.00983965,0.00016709,0.01698113
Original,Original,80.0,0.01129738,0.00014921,0.01320755
Original,Original,80.0,0.00911079,0.00014325,0.01572327
Original,Original,80.0,0.00838192,0.0001107,0.01320755
Original,Original,80.0,0.01093294,0.00018565,0.01698113
Original,Original,80.0,0.00911079,0.00014898,0.0163522
Original,Original,80.0,0.00874636,3.851e-05,0.00440252
Original,Original,80.0,0.01056851,0.00017947,0.01698113
Original,Original,80.0,0.00983965,0.00014852,0.01509434
Original,Original,80.0,0.01348397,8.48e-05,0.00628931
Original,Original,80.0,0.01020408,5.134e-05,0.00503145
Original,Original,80.0,0.00983965,8.045e-05,0.0081761
Original,Original,80.0,0.00838192,0.00011598,0.01383648
Original,Original,80.0,0.00911079,9.741e-05,0.01069182
Original,Original,80.0,0.01239067,0.00011689,0.00943396
Original,Original,80.0,0.00838192,5.272e-05,0.00628931
Original,Original,80.0,0.01056851,5.982e-05,0.00566038
Original,Original,80.0,0.01020408,0.00013477,0.01320755
Original,Original,80.0,0.00838192,0.00012125,0.01446541
Original,Original,80.0,0.01093294,8.251e-05,0.00754717
Original,Original,80.0,0.01129738,0.000135,0.01194969
Original,Original,80.0,0.01020408,0.00017969,0.01761006
Original,Original,80.0,0.00983965,0.00012996,0.01320755
Original,Original,80.0,0.0127551,0.00010429,0.0081761
Original,Original,80.0,0.00911079,8.022e-05,0.00880503
Original,Original,80.0,0.00983965,4.332e-05,0.00440252
Original,Original,80.0,0.01056851,0.00017947,0.01698113
Original,Original,80.0,0.01093294,0.00015815,0.01446541
Original,Original,80.0,0.00983965,0.00017328,0.01761006
Original,Original,80.0,0.01166181,0.00016869,0.01446541
Original,Original,80.0,0.00947522,7.151e-05,0.00754717
Original,Original,80.0,0.00911079,9.741e-05,0.01069182
Original,Original,80.0,0.01239067,0.00018703,0.01509434
Original,Original,80.0,0.01129738,0.00011368,0.01006289
Original,Original,80.0,0.01020408,4.492e-05,0.00440252
Original,Original,80.0,0.00765306,4.332e-05,0.00566038
Original,Original,80.0,0.00874636,0.00011552,0.01320755
Original,Original,80.0,0.01020408,0.00017969,0.01761006
Original,Original,80.0,0.00983965,0.00011139,0.01132075
Original,Original,80.0,0.01129738,0.00016342,0.01446541
Original,Original,80.0,0.00765306,9.626e-05,0.01257862
Original,Original,80.0,0.01020408,5.134e-05,0.00503145
Original,Original,80.0,0.01093294,6.188e-05,0.00566038
Original,Original,80.0,0.00947522,0.00010727,0.01132075
Original,Original,80.0,0.00983965,0.00011139,0.01132075
Original,Original,80.0,0.01093294,0.00019253,0.01761006
Original,Original,80.0,0.00983965,4.951e-05,0.00503145
Original,Original,80.0,0.01056851,0.00017282,0.0163522
Original,Original,80.0,0.0138484,6.968e-05,0.00503145
Original,Original,80.0,0.00911079,5.73e-05,0.00628931
Original,Original,80.0,0.01020408,7.059e-05,0.00691824
Original,Original,80.0,0.01020408,0.00017328,0.01698113
Original,Original,80.0,0.01093294,6.876e-05,0.00628931
Original,Original,80.0,0.00874636,4.401e-05,0.00503145
Original,Original,80.0,0.00874636,0.00010452,0.01194969
Original,Original,80.0,0.01056851,0.00015288,0.01446541
Original,Original,80.0,0.01202624,0.00020422,0.01698113
Original,Original,80.0,0.00911079,4.011e-05,0.00440252
Original,Original,80.0,0.00947522,9.535e-05,0.01006289
Original,Original,80.0,0.00983965,6.807e-05,0.00691824
Original,Original,80.0,0.01202624,0.00015884,0.01320755
Original,Original,80.0,0.01020408,8.343e-05,0.0081761
Original,Original,80.0,0.01093294,4.126e-05,0.00377358
Original,Original,80.0,0.01020408,7.701e-05,0.00754717
Original,Original,80.0,0.01093294,8.251e-05,0.00754717
Original,Original,80.0,0.01166181,4.401e-05,0.00377358
Original,Original,80.0,0.01129738,0.00014211,0.01257862
Original,Original,80.0,0.01348397,0.00011025,0.0081761
Original,Original,80.0,0.00983965,0.00016709,0.01698113
Original,Original,80.0,0.01093294,0.00019941,0.01823899
Original,Original,80.0,0.01129738,0.00019895,0.01761006
Original,Original,80.0,0.00983965,0.0001609,0.0163522
Original,Original,80.0,0.01093294,0.00013065,0.01194969
Original,Original,80.0,0.01020408,9.626e-05,0.00943396
Original,Original,80.0,0.01020408,0.00010268,0.01006289
Original,Original,80.0,0.01093294,0.00019941,0.01823899
Original,Original,80.0,0.00911079,8.595e-05,0.00943396
Original,Original,80.0,0.00983965,4.951e-05,0.00503145
Original,Original,80.0,0.00874636,7.151e-05,0.0081761
Original,Original,80.0,0.00838192,5.799e-05,0.00691824
Original,Original,80.0,0.00874636,0.00011552,0.01320755
Original,Original,80.0,0.01093294,0.00017878,0.0163522
Original,Original,80.0,0.00838192,6.326e-05,0.00754717
Original,Original,80.0,0.00947522,0.00014898,0.01572327
Original,Original,80.0,0.01129738,0.00019895,0.01761006
Original,Original,80.0,0.01202624,8.32e-05,0.00691824
Original,Original,80.0,0.01056851,0.00013958,0.01320755
Original,Original,80.0,0.00983965,0.00017947,0.01823899
Original,Original,80.0,0.01348397,5.088e-05,0.00377358
Original,Original,80.0,0.00947522,0.00013706,0.01446541
Original,Original,80.0,0.00983965,0.00016709,0.01698113
Original,Original,80.0,0.01166181,0.00014669,0.01257862
Original,Original,80.0,0.00874636,7.151e-05,0.0081761
Original,Original,80.0,0.01056851,0.00010635,0.01006289
Original,Original,80.0,0.01020408,4.492e-05,0.00440252
Original,Original,80.0,0.01056851,0.00015288,0.01446541
Original,Original,80.0,0.01056851,0.00019941,0.01886792
Original,Original,80.0,0.01093294,4.126e-05,0.00377358
Original,Original,80.0,0.00911079,4.584e-05,0.00503145
Original,Original,80.0,0.00801749,9.076e-05,0.01132075
Original,Original,80.0,0.01093294,0.00019253,0.01761006
Original,Original,80.0,0.01020408,5.776e-05,0.00566038
Original,Original,80.0,0.00838192,0.00011598,0.01383648
Original,Original,80.0,0.00911079,4.584e-05,0.00503145
Original,Original,80.0,0.01020408,0.00017969,0.01761006
Original,Original,80.0,0.01202624,0.00011346,0.00943396
Original,Original,80.0,0.00801749,3.025e-05,0.00377358
Original,Original,80.0,0.00947522,0.00011919,0.01257862
Original,Original,80.0,0.01020408,0.0001091,0.01069182
Original,Original,80.0,0.01239067,6.234e-05,0.00503145
Original,Original,80.0,0.00947522,0.00014898,0.01572327
Original,Original,80.0,0.00765306,7.701e-05,0.01006289
Original,Original,80.0,0.01129738,0.00015632,0.01383648
Original,Original,80.0,0.00911079,0.00012606,0.01383648
Original,Original,80.0,0.00874636,9.902e-05,0.01132075
Original,Original,80.0,0.01202624,0.00015127,0.01257862
Original,Original,80.0,0.00874636,7.151e-05,0.0081761
Original,Original,80.0,0.01166181,0.00015402,0.01320755
Original,Original,80.0,0.01056851,0.00019941,0.01886792
Original,Original,80.0,0.0127551,0.00010429,0.0081761
Original,Original,80.0,0.01202624,7.564e-05,0.00628931
Original,Original,80.0,0.00801749,8.068e-05,0.01006289
Original,Original,80.0,0.00947522,0.00014898,0.01572327
Original,Original,80.0,0.00983965,7.426e-05,0.00754717
Original,Original,80.0,0.00911079,0.00010887,0.01194969
Original,Original,80.0,0.01020408,0.00016686,0.0163522
Original,Original,80.0,0.00983965,0.00014852,0.01509434
Original,Original,80.0,0.00983965,0.0001609,0.0163522
Original,Original,80.0,0.01056851,0.00012629,0.01194969
Original,Original,80.0,0.01020408,0.00017328,0.01698113
Original,Original,80.0,0.01020408,0.00019253,0.01886792
Original,Original,80.0,0.00911079,0.00012033,0.01320755
Original,Original,80.0,0.01020408,6.418e-05,0.00628931
Original,Original,80.0,0.01056851,3.988e-05,0.00377358
Original,Original,80.0,0.00801749,0.00010589,0.01320755
Original,Original,80.0,0.0127551,5.615e-05,0.00440252
Original,Original,80.0,0.01020408,0.00014119,0.01383648
Original,Original,80.0,0.01239067,0.00023379,0.01886792
Original,Original,80.0,0.00911079,6.876e-05,0.00754717
Original,Original,80.0,0.01129738,0.00012079,0.01069182
Original,Original,80.0,0.00838192,3.69e-05,0.00440252
Original,Original,80.0,0.00983965,0.00015471,0.01572327
Original,Original,80.0,0.00983965,0.00012377,0.01257862
Original,Original,80.0,0.00947522,5.363e-05,0.00566038
Original,Original,80.0,0.00765306,5.776e-05,0.00754717
Original,Original,80.0,0.01020408,0.00018611,0.01823899
Original,Original,80.0,0.00947522,0.00010727,0.01132075
Original,Original,80.0,0.00911079,0.00012033,0.01320755
Original,Original,80.0,0.01093294,0.00019941,0.01823899
Original,Original,80.0,0.00911079,0.00010887,0.01194969
Original,Original,80.0,0.01020408,0.00016044,0.01572327
Original,Original,80.0,0.01129738,0.00015632,0.01383648
Original,Original,80.0,0.01129738,6.395e-05,0.00566038
Original,Original,80.0,0.00838192,0.00012125,0.01446541
Original,Original,80.0,0.01311953,9.902e-05,0.00754717
Original,Original,80.0,0.01093294,0.00013065,0.01194969
Original,Original,80.0,0.00801749,7.564e-05,0.00943396
Original,Original,80.0,0.00765306,4.332e-05,0.00566038
Original,Original,80.0,0.00838192,5.272e-05,0.00628931
Original,Original,80.0,0.01020408,0.00017328,0.01698113
Original,Original,80.0,0.00765306,9.626e-05,0.01257862
Original,Original,80.0,0.00838192,7.38e-05,0.00880503
Original,Original,80.0,0.01020408,0.0001091,0.01069182
Original,Original,80.0,0.01129738,0.000135,0.01194969
Original,Original,80.0,0.01421283,7.151e-05,0.00503145
Original,Original,80.0,0.00947522,5.959e-05,0.00628931
Original,Original,80.0,0.01093294,0.00010314,0.00943396
Original,Original,80.0,0.01020408,0.00014119,0.01383648
Original,Original,80.0,0.01020408,0.00017969,0.01761006
Original,Original,80.0,0.00838192,7.907e-05,0.00943396
Original,Original,80.0,0.00874636,0.00013202,0.01509434
Original,Original,80.0,0.01093294,7.564e-05,0.00691824
Original,Original,80.0,0.00911079,0.00010887,0.01194969
Original,Original,80.0,0.01202624,0.00012102,0.01006289
Original,Original,80.0,0.01056851,0.00015952,0.01509434
Original,Original,80.0,0.01020408,5.776e-05,0.00566038
Original,Original,80.0,0.01093294,0.00015815,0.01446541
Original,Original,80.0,0.01056851,0.00018611,0.01761006
Original,Original,80.0,0.00801749,9.076e-05,0.01132075
Original,Original,80.0,0.01056851,0.00013294,0.01257862
Original,Original,80.0,0.01129738,0.00019895,0.01761006
Original,Original,80.0,0.01056851,0.00019941,0.01886792
Original,Original,80.0,0.00874636,2.75e-05,0.00314465
Original,Original,80.0,0.00911079,0.00010314,0.01132075
Original,Original,80.0,0.01129738,5.684e-05,0.00503145
Original,Original,80.0,0.00801749,0.00010589,0.01320755
Original,Original,80.0,0.01020408,0.00014761,0.01446541
Original,Original,80.0,0.00874636,0.00012102,0.01383648
Original,Original,80.0,0.01311953,0.00017328,0.01320755
Original,Original,80.0,0.01166181,6.601e-05,0.00566038
Original,Original,80.0,0.01129738,0.00016342,0.01446541
Original,Original,80.0,0.01056851,5.317e-05,0.00503145
Original,Original,80.0,0.01020408,0.00017969,0.01761006
Original,Original,80.0,0.01056851,0.00012629,0.01194969
Original,Original,80.0,0.01239067,0.00016365,0.01320755
Original,Original,80.0,0.01202624,0.00011346,0.00943396
Original,Original,80.0,0.01129738,9.237e-05,0.0081761
Original,Original,80.0,0.01129738,0.00017053,0.01509434
Original,Original,80.0,0.01020408,0.00012194,0.01194969
Original,Original,80.0,0.01056851,0.00015288,0.01446541
Original,Original,80.0,0.00983965,9.902e-05,0.01006289
Original,Original,80.0,0.01020408,7.701e-05,0.00754717
Original,Original,80.0,0.0138484,0.00010452,0.00754717
Original,Original,80.0,0.00947522,4.767e-05,0.00503145
Original,Original,80.0,0.01093294,5.501e-05,0.00503145
Original,Original,80.0,0.00911079,0.0001146,0.01257862
Original,Original,80.0,0.00983965,0.00015471,0.01572327
Original,Original,80.0,0.00728863,9.168e-05,0.01257862
Original,Original,80.0,0.01020408,0.00012194,0.01194969
Original,Original,80.0,0.01056851,0.00012629,0.01194969
Original,Original,80.0,0.01166181,8.068e-05,0.00691824
Original,Original,80.0,0.00911079,0.00014325,0.01572327
Original,Original,80.0,0.00983965,0.0001609,0.0163522
Original,Original,80.0,0.00874636,0.00011002,0.01257862
Original,Original,80.0,0.00911079,5.157e-05,0.00566038
Original,Original,80.0,0.00874636,5.501e-05,0.00628931
Original,Original,80.0,0.00874636,0.00013202,0.01509434
Original,Original,80.0,0.01129738,9.947e-05,0.00880503
Original,Original,80.0,0.01129738,0.00017763,0.01572327
Original,Original,80.0,0.01056851,0.00014623,0.01383648
Original,Original,80.0,0.01056851,0.00011964,0.01132075
Original,Original,80.0,0.00801749,9.581e-05,0.01194969
Original,Original,80.0,0.01129738,7.105e-05,0.00628931
Original,Original,80.0,0.00838192,6.326e-05,0.00754717
Original,Original,80.0,0.01056851,0.00013294,0.01257862
Original,Original,80.0,0.00838192,5.799e-05,0.00691824
Original,Original,80.0,0.00801749,4.538e-05,0.00566038
Original,Original,80.0,0.00874636,6.601e-05,0.00754717
Original,Original,80.0,0.00728863,5.959e-05,0.0081761
Original,Original,80.0,0.0069242,3.919e-05,0.00566038
Original,Original,80.0,0.00765306,2.888e-05,0.00377358
Original,Original,80.0,0.00801749,8.572e-05,0.01069182
Original,Original,80.0,0.0069242,8.274e-05,0.01194969
Original,Original,80.0,0.00874636,0.00010452,0.01194969
Original,Original,80.0,0.00874636,5.501e-05,0.00628931
Original,Original,80.0,0.0058309,5.501e-05,0.00943396
Original,Original,80.0,0.0069242,6.532e-05,0.00943396
Original,Original,80.0,0.00619534,7.014e-05,0.01132075
Original,Original,80.0,0.00911079,4.584e-05,0.00503145
Original,Original,80.0,0.00838192,0.0001107,0.01320755
Original,Original,80.0,0.00801749,9.581e-05,0.01194969
Original,Original,80.0,0.00765306,7.701e-05,0.01006289
Original,Original,80.0,0.00947522,7.747e-05,0.0081761
Original,Original,80.0,0.00801749,7.564e-05,0.00943396
Original,Original,80.0,0.00655977,3.301e-05,0.00503145
Original,Original,80.0,0.0069242,2.613e-05,0.00377358
Original,Original,80.0,0.00911079,5.157e-05,0.00566038
Original,Original,80.0,0.00838192,5.272e-05,0.00628931
Original,Original,80.0,0.00838192,0.00010543,0.01257862
Original,Original,80.0,0.00546647,3.782e-05,0.00691824
Original,Original,80.0,0.00801749,8.572e-05,0.01069182
Original,Original,80.0,0.00801749,7.059e-05,0.00880503
Original,Original,80.0,0.0069242,9.145e-05,0.01320755
Original,Original,80.0,0.00510204,4.813e-05,0.00943396
Original,Original,80.0,0.00911079,0.0001146,0.01257862
Original,Original,80.0,0.00655977,5.776e-05,0.00880503
Original,Original,80.0,0.00947522,8.939e-05,0.00943396
Original,Original,80.0,0.00983965,8.045e-05,0.0081761
Original,Original,80.0,0.00947522,0.00010131,0.01069182
Original,Original,80.0,0.01056851,0.000113,0.01069182
Original,Original,80.0,0.00911079,6.303e-05,0.00691824
Original,Original,80.0,0.01056851,0.00019276,0.01823899
Original,Original,80.0,0.01056851,0.00014623,0.01383648
Original,Original,80.0,0.00728863,0.00010085,0.01383648
Original,Original,80.0,0.01093294,0.00015127,0.01383648
Original,Original,80.0,0.01056851,0.00015952,0.01509434
Original,Original,80.0,0.01202624,0.00013615,0.01132075
Original,Original,80.0,0.01056851,0.00015288,0.01446541
Original,Original,80.0,0.01020408,0.00017328,0.01698113
Original,Original,80.0,0.01020408,8.343e-05,0.0081761
Original,Original,80.0,0.01093294,0.0001719,0.01572327
Original,Original,80.0,0.01093294,8.251e-05,0.00754717
Original,Original,80.0,0.00983965,0.00012377,0.01257862
Original,Original,80.0,0.01056851,9.306e-05,0.00880503
Original,Original,80.0,0.00765306,0.0001107,0.01446541
Original,Original,80.0,0.00728863,4.126e-05,0.00566038
Original,Original,80.0,0.01202624,0.00018909,0.01572327
Original,Original,80.0,0.00947522,0.00014302,0.01509434
Original,Original,80.0,0.01166181,0.00013202,0.01132075
Original,Original,80.0,0.00911079,0.00015471,0.01698113
Original,Original,80.0,0.00838192,5.799e-05,0.00691824
Original,Original,80.0,0.01056851,0.00012629,0.01194969
Original,Original,80.0,0.01056851,0.00019276,0.01823899
Original,Original,80.0,0.01020408,5.776e-05,0.00566038
Original,Original,80.0,0.01093294,8.939e-05,0.0081761
Original,Original,80.0,0.00983965,0.0001609,0.0163522
Original,Original,80.0,0.00801749,9.076e-05,0.01132075
Original,Original,80.0,0.01020408,0.0001091,0.01069182
Original,Original,80.0,0.00947522,9.535e-05,0.01006289
Original,Original,80.0,0.00801749,4.034e-05,0.00503145
Original,Original,80.0,0.01020408,7.059e-05,0.00691824
Original,Original,80.0,0.01166181,9.535e-05,0.0081761
Original,Original,80.0,0.00947522,8.343e-05,0.00880503
Original,Original,80.0,0.00947522,0.00010131,0.01069182
Original,Original,80.0,0.00947522,7.747e-05,0.0081761
Original,Original,80.0,0.01093294,0.00017878,0.0163522
Original,Original,80.0,0.01056851,0.00013294,0.01257862
Original,Original,80.0,0.00874636,5.501e-05,0.00628931
Original,Original,80.0,0.00911079,4.011e-05,0.00440252
Original,Original,80.0,0.01056851,5.317e-05,0.00503145
Original,Original,80.0,0.01056851,0.00010635,0.01006289
Original,Original,80.0,0.01166181,9.535e-05,0.0081761
Original,Original,80.0,0.01056851,0.00013294,0.01257862
Original,Original,80.0,0.00911079,4.011e-05,0.00440252
Original,Original,80.0,0.01202624,9.833e-05,0.0081761
Original,Original,80.0,0.01202624,0.00018153,0.01509434
Original,Original,80.0,0.01056851,0.00017947,0.01698113
Original,Original,80.0,0.01129738,0.00012789,0.01132075
Original,Original,80.0,0.00911079,7.449e-05,0.0081761
Original,Original,80.0,0.00983965,0.00012377,0.01257862
Original,Original,80.0,0.00838192,6.853e-05,0.0081761
Original,Original,80.0,0.01056851,0.00018611,0.01761006
Original,Original,80.0,0.00838192,0.00011598,0.01383648
Original,Original,80.0,0.00801749,5.547e-05,0.00691824
Original,Original,80.0,0.00801749,4.538e-05,0.00566038
Original,Original,80.0,0.00983965,0.00015471,0.01572327
Original,Original,80.0,0.01129738,0.00010658,0.00943396
Original,Original,80.0,0.01020408,0.00017328,0.01698113
Original,Original,80.0,0.01239067,0.00017144,0.01383648
Original,Original,80.0,0.01311953,9.902e-05,0.00754717
Original,Original,80.0,0.01056851,0.00017282,0.0163522
Original,Original,80.0,0.01020408,9.626e-05,0.00943396
Original,Original,80.0,0.00983965,0.00014852,0.01509434
Original,Original,80.0,0.01056851,6.647e-05,0.00628931
Original,Original,80.0,0.01202624,0.00014371,0.01194969
Original,Original,80.0,0.01202624,0.00010589,0.00880503
Original,Original,80.0,0.01020408,0.00015402,0.01509434
Original,Original,80.0,0.01020408,0.00016686,0.0163522
Original,Original,80.0,0.01056851,3.988e-05,0.00377358
Original,Original,80.0,0.01020408,0.00018611,0.01823899
Original,Original,80.0,0.01202624,0.00018153,0.01509434
Original,Original,80.0,0.00947522,7.747e-05,0.0081761
Original,Original,80.0,0.00801749,6.555e-05,0.0081761
Original,Original,80.0,0.01129738,6.395e-05,0.00566038
Original,Original,80.0,0.00838192,0.00012125,0.01446541
Original,Original,80.0,0.01056851,0.00018611,0.01761006
Original,Original,80.0,0.00911079,0.00012606,0.01383648
Original,Original,80.0,0.01020408,5.134e-05,0.00503145
Original,Original,80.0,0.00983965,9.902e-05,0.01006289
Original,Original,80.0,0.00983965,5.57e-05,0.00566038
Original,Original,80.0,0.01093294,8.251e-05,0.00754717
Original,Original,80.0,0.01056851,9.97e-05,0.00943396
Original,Original,80.0,0.00874636,2.75e-05,0.00314465
Original,Original,80.0,0.01056851,0.00019941,0.01886792
Original,Original,80.0,0.00911079,0.00014325,0.01572327
Original,Original,80.0,0.01020408,0.00018611,0.01823899
Original,Original,80.0,0.00838192,0.00010543,0.01257862
Original,Original,80.0,0.01056851,0.00017947,0.01698113
Original,Original,80.0,0.01093294,0.00020628,0.01886792
Original,Original,80.0,0.01129738,0.00016342,0.01446541
Original,Original,80.0,0.01056851,0.00013294,0.01257862
Original,Original,80.0,0.01129738,9.947e-05,0.00880503
Original,Original,80.0,0.00801749,0.00010589,0.01320755
Original,Original,80.0,0.01093294,0.00017878,0.0163522
Original,Original,80.0,0.00983965,0.00015471,0.01572327
Original,Original,80.0,0.00874636,0.00013202,0.01509434
Original,Original,80.0,0.00911079,4.584e-05,0.00503145
Original,Original,80.0,0.01239067,0.00015586,0.01257862
Original,Original,80.0,0.01093294,0.00019941,0.01823899
Original,Original,80.0,0.00947522,0.00012514,0.01320755
Original,Original,80.0,0.00911079,9.168e-05,0.01006289
Original,Original,80.0,0.00765306,0.00010108,0.01320755
Original,Original,80.0,0.00947522,2.98e-05,0.00314465
Original,Original,80.0,0.01056851,6.647e-05,0.00628931
Original,Original,80.0,0.01056851,0.00011964,0.01132075
Original,Original,80.0,0.00947522,0.00010131,0.01069182
Original,Original,80.0,0.00983965,0.00013615,0.01383648
Original,Original,80.0,0.00874636,0.00013202,0.01509434
Original,Original,80.0,0.00801749,0.00011093,0.01383648
Original,Original,80.0,0.00911079,0.00014898,0.0163522
Original,Original,80.0,0.00983965,0.00016709,0.01698113
Original,Original,80.0,0.00911079,0.00013179,0.01446541
Original,Original,80.0,0.01056851,3.988e-05,0.00377358
Original,Original,80.0,0.01093294,0.00011002,0.01006289
Original,Original,80.0,0.00983965,0.00013615,0.01383648
Original,Original,80.0,0.01202624,6.807e-05,0.00566038
Original,Original,80.0,0.00874636,0.00011002,0.01257862
Original,Original,80.0,0.01056851,0.00010635,0.01006289
Original,Original,80.0,0.01056851,6.647e-05,0.00628931
Original,Original,80.0,0.00838192,0.00012652,0.01509434
Original,Original,80.0,0.01129738,0.00012789,0.01132075
Original,Original,80.0,0.00911079,0.00014325,0.01572327
Original,Original,80.0,0.01202624,9.833e-05,0.0081761
Original,Original,80.0,0.01093294,0.00021316,0.01949686
Original,Original,80.0,0.01127273,5.349e-05,0.00474496
Original,Original,80.0,0.01090909,0.00014882,0.01364176
Original,Original,80.0,0.01090909,0.00012294,0.01126928
Original,Original,80.0,0.01018182,8.455e-05,0.00830368
Original,Original,80.0,0.00945455,5.608e-05,0.0059312
Original,Original,80.0,0.01090909,0.00012941,0.0118624
Original,Original,80.0,0.01018182,4.227e-05,0.00415184
Original,Original,80.0,0.01018182,7.247e-05,0.00711744
Original,Original,80.0,0.01090909,0.00013588,0.01245552
Original,Original,80.0,0.00872727,0.00010353,0.0118624
Original,Original,80.0,0.00981818,4.076e-05,0.00415184
Original,Original,80.0,0.01272727,0.00011323,0.0088968
Original,Original,80.0,0.01090909,5.823e-05,0.00533808
Original,Original,80.0,0.01018182,8.455e-05,0.00830368
Original,Original,80.0,0.00981818,4.076e-05,0.00415184
Original,Original,80.0,0.01018182,3.623e-05,0.00355872
Original,Original,80.0,0.01163636,0.00011043,0.00948992
Original,Original,80.0,0.00727273,9.059e-05,0.01245552
Original,Original,80.0,0.00763636,8.153e-05,0.01067616
Original,Original,80.0,0.00836364,0.00010913,0.01304864
Original,Original,80.0,0.01090909,0.00015529,0.01423488
Original,Original,80.0,0.00836364,5.457e-05,0.00652432
Original,Original,80.0,0.01054545,7.506e-05,0.00711744
Original,Original,80.0,0.01054545,0.00011884,0.01126928
Original,Original,80.0,0.012,7.829e-05,0.00652432
Original,Original,80.0,0.01127273,7.355e-05,0.00652432
Original,Original,80.0,0.01090909,9.059e-05,0.00830368
Original,Original,80.0,0.00909091,9.706e-05,0.01067616
Original,Original,80.0,0.008,9.49e-05,0.0118624
Original,Original,80.0,0.01018182,0.00014494,0.01423488
Original,Original,80.0,0.012,0.00012811,0.01067616
Original,Original,80.0,0.01272727,4.529e-05,0.00355872
Original,Original,80.0,0.00945455,0.00012337,0.01304864
Original,Original,80.0,0.012,0.00015658,0.01304864
Original,Original,80.0,0.00981818,3.494e-05,0.00355872
Original,Original,80.0,0.00872727,0.00011906,0.01364176
Original,Original,80.0,0.01018182,0.00017513,0.01720047
Original,Original,80.0,0.00945455,7.851e-05,0.00830368
Original,Original,80.0,0.01127273,8.023e-05,0.00711744
Original,Original,80.0,0.01090909,0.00014882,0.01364176
Original,Original,80.0,0.01018182,0.00016909,0.01660735
Original,Original,80.0,0.00872727,9.317e-05,0.01067616
Original,Original,80.0,0.01090909,0.00019411,0.01779359
Original,Original,80.0,0.00909091,0.00010784,0.0118624
Original,Original,80.0,0.01090909,8.412e-05,0.00771056
Original,Original,80.0,0.01090909,6.47e-05,0.0059312
Original,Original,80.0,0.01018182,7.851e-05,0.00771056
Original,Original,80.0,0.00945455,0.00011776,0.01245552
Original,Original,80.0,0.01127273,0.00014041,0.01245552
Original,Original,80.0,0.00909091,0.00012941,0.01423488
Original,Original,80.0,0.00763636,7.7e-05,0.01008304
Original,Original,80.0,0.00872727,9.835e-05,0.01126928
Original,Original,80.0,0.01272727,8.304e-05,0.00652432
Original,Original,80.0,0.008,5.219e-05,0.00652432
Original,Original,80.0,0.01054545,0.00016262,0.01542112
Original,Original,80.0,0.00981818,0.00011064,0.01126928
Original,Original,80.0,0.00763636,9.511e-05,0.01245552
Original,Original,80.0,0.00909091,0.0001348,0.014828
Original,Original,80.0,0.00945455,0.00011776,0.01245552
Original,Original,80.0,0.00836364,9.921e-05,0.0118624
Original,Original,80.0,0.00981818,9.9e-05,0.01008304
Original,Original,80.0,0.00763636,7.7e-05,0.01008304
Original,Original,80.0,0.01054545,6.255e-05,0.0059312
Original,Original,80.0,0.008,5.694e-05,0.00711744
Original,Original,80.0,0.00945455,8.972e-05,0.00948992
Original,Original,80.0,0.00836364,4.465e-05,0.00533808
Original,Original,80.0,0.00909091,0.0001348,0.014828
Original,Original,80.0,0.01090909,0.00010353,0.00948992
Original,Original,80.0,0.01054545,6.88e-05,0.00652432
Original,Original,80.0,0.008,6.168e-05,0.00771056
Original,Original,80.0,0.00872727,0.00012423,0.01423488
Original,Original,80.0,0.008,2.847e-05,0.00355872
Original,Original,80.0,0.01418182,0.00011776,0.00830368
Original,Original,80.0,0.00981818,6.406e-05,0.00652432
Original,Original,80.0,0.00909091,8.088e-05,0.0088968
Original,Original,80.0,0.01163636,4.141e-05,0.00355872
Original,Original,80.0,0.00981818,4.076e-05,0.00415184
Original,Original,80.0,0.00872727,9.835e-05,0.01126928
Original,Original,80.0,0.00945455,6.168e-05,0.00652432
Original,Original,80.0,0.00981818,8.153e-05,0.00830368
Original,Original,80.0,0.00909091,0.00011862,0.01304864
Original,Original,80.0,0.00981818,8.153e-05,0.00830368
Original,Original,80.0,0.01054545,6.88e-05,0.00652432
Original,Original,80.0,0.00981818,0.00010482,0.01067616
Original,Original,80.0,0.00981818,0.00012229,0.01245552
Original,Original,80.0,0.01018182,3.02e-05,0.0029656
Original,Original,80.0,0.01090909,0.00015529,0.01423488
Original,Original,80.0,0.01054545,0.00011258,0.01067616
Original,Original,80.0,0.00981818,0.00013394,0.01364176
Original,Original,80.0,0.00981818,4.076e-05,0.00415184
Original,Original,80.0,0.00981818,5.241e-05,0.00533808
Original,Original,80.0,0.008,0.00011862,0.014828
Original,Original,80.0,0.012,0.00011388,0.00948992
Original,Original,80.0,0.01018182,0.00015701,0.01542112
Original,Original,80.0,0.01054545,0.00018139,0.01720047
Original,Original,80.0,0.00981818,0.00013976,0.01423488
Original,Original,80.0,0.01054545,0.00011884,0.01126928
Original,Original,80.0,0.00872727,6.729e-05,0.00771056
Original,Original,80.0,0.01018182,4.227e-05,0.00415184
Original,Original,80.0,0.01018182,0.00013286,0.01304864
Original,Original,80.0,0.00981818,0.00015141,0.01542112
Original,Original,80.0,0.01381818,7.376e-05,0.00533808
Original,Original,80.0,0.00945455,8.972e-05,0.00948992
Original,Original,80.0,0.01309091,9.317e-05,0.00711744
Original,Original,80.0,0.00981818,0.00015723,0.01601423
Original,Original,80.0,0.00909091,0.00014558,0.01601423
Original,Original,80.0,0.01090909,0.00016823,0.01542112
Original,Original,80.0,0.01090909,8.412e-05,0.00771056
Original,Original,80.0,0.00763636,0.0001087,0.01423488
Original,Original,80.0,0.01236364,0.000132,0.01067616
Original,Original,80.0,0.01018182,0.00012078,0.0118624
Original,Original,80.0,0.01090909,6.47e-05,0.0059312
Original,Original,80.0,0.01163636,0.00015184,0.01304864
Original,Original,80.0,0.008,9.964e-05,0.01245552
Original,Original,80.0,0.01163636,0.00015874,0.01364176
Original,Original,80.0,0.00981818,9.317e-05,0.00948992
Original,Original,80.0,0.00981818,0.00014558,0.014828
Original,Original,80.0,0.008,9.015e-05,0.01126928
Original,Original,80.0,0.01127273,8.692e-05,0.00771056
Original,Original,80.0,0.01309091,5.435e-05,0.00415184
Original,Original,80.0,0.01272727,4.529e-05,0.00355872
Original,Original,80.0,0.01054545,0.00013135,0.01245552
Original,Original,80.0,0.00909091,9.706e-05,0.01067616
Original,Original,80.0,0.012,0.00012811,0.01067616
Original,Original,80.0,0.01090909,4.529e-05,0.00415184
Original,Original,80.0,0.00945455,8.972e-05,0.00948992
Original,Original,80.0,0.01272727,0.00018872,0.014828
Original,Original,80.0,0.00945455,0.00014019,0.014828
Original,Original,80.0,0.01090909,0.00011647,0.01067616
Original,Original,80.0,0.01490909,8.843e-05,0.0059312
Original,Original,80.0,0.00981818,5.241e-05,0.00533808
Original,Original,80.0,0.012,0.00011388,0.00948992
Original,Original,80.0,0.01054545,0.00010008,0.00948992
Original,Original,80.0,0.01018182,7.247e-05,0.00711744
Original,Original,80.0,0.01090909,5.823e-05,0.00533808
Original,Original,80.0,0.01018182,0.00010266,0.01008304
Original,Original,80.0,0.01345455,7.182e-05,0.00533808
Original,Original,80.0,0.01018182,0.00015701,0.01542112
Original,Original,80.0,0.00909091,6.47e-05,0.00711744
Original,Original,80.0,0.01163636,0.00010353,0.0088968
Original,Original,80.0,0.01054545,8.131e-05,0.00771056
Original,Original,80.0,0.01018182,4.227e-05,0.00415184
Original,Original,80.0,0.00763636,9.964e-05,0.01304864
Original,Original,80.0,0.00981818,4.659e-05,0.00474496
Original,Original,80.0,0.01090909,0.00011,0.01008304
Original,Original,80.0,0.01272727,4.529e-05,0.00355872
Original,Original,80.0,0.01163636,5.521e-05,0.00474496
Original,Original,80.0,0.01236364,8.8e-05,0.00711744
Original,Original,80.0,0.01018182,7.247e-05,0.00711744
Original,Original,80.0,0.01127273,0.00013372,0.0118624
Original,Original,80.0,0.01018182,6.039e-05,0.0059312
Original,Original,80.0,0.00909091,6.47e-05,0.00711744
Original,Original,80.0,0.01054545,0.00012509,0.0118624
Original,Original,80.0,0.01018182,0.00011474,0.01126928
Original,Original,80.0,0.00836364,3.969e-05,0.00474496
Original,Original,80.0,0.00872727,0.00012423,0.01423488
Original,Original,80.0,0.01090909,5.823e-05,0.00533808
Original,Original,80.0,0.01090909,0.0001747,0.01601423
Original,Original,80.0,0.01090909,5.823e-05,0.00533808
Original,Original,80.0,0.01090909,0.00018117,0.01660735
Original,Original,80.0,0.00872727,4.659e-05,0.00533808
Original,Original,80.0,0.00872727,0.00011388,0.01304864
Original,Original,80.0,0.00981818,5.823e-05,0.0059312
Original,Original,80.0,0.01090909,0.00014882,0.01364176
Original,Original,80.0,0.01163636,0.00015184,0.01304864
Original,Original,80.0,0.01127273,5.349e-05,0.00474496
Original,Original,80.0,0.01127273,0.00014041,0.01245552
Original,Original,80.0,0.01054545,0.00011258,0.01067616
Original,Original,80.0,0.012,0.00017082,0.01423488
Original,Original,80.0,0.01163636,0.00013804,0.0118624
Original,Original,80.0,0.01054545,8.757e-05,0.00830368
Original,Original,80.0,0.01054545,0.00010008,0.00948992
Original,Original,80.0,0.00872727,0.00011906,0.01364176
Original,Original,80.0,0.00872727,9.317e-05,0.01067616
Original,Original,80.0,0.01418182,0.00015982,0.01126928
Original,Original,80.0,0.00909091,3.235e-05,0.00355872
Original,Original,80.0,0.00763636,8.153e-05,0.01067616
Original,Original,80.0,0.00945455,0.00015141,0.01601423
Original,Original,80.0,0.01090909,0.00016823,0.01542112
Original,Original,80.0,0.01090909,7.117e-05,0.00652432
Original,Original,80.0,0.00981818,0.00011647,0.0118624
Original,Original,80.0,0.01018182,5.435e-05,0.00533808
Original,Original,80.0,0.01054545,0.00016262,0.01542112
Original,Original,80.0,0.00836364,5.457e-05,0.00652432
Original,Original,80.0,0.00872727,3.106e-05,0.00355872
Original,Original,80.0,0.00763636,8.606e-05,0.01126928
Original,Original,80.0,0.00763636,8.606e-05,0.01126928
Original,Original,80.0,0.00909091,5.392e-05,0.0059312
Original,Original,80.0,0.00981818,0.00016305,0.01660735
Original,Original,80.0,0.01054545,0.00014386,0.01364176
Original,Original,80.0,0.00909091,0.00010245,0.01126928
Original,Original,80.0,0.01054545,0.00016262,0.01542112
Original,Original,80.0,0.01090909,0.00012941,0.0118624
Original,Original,80.0,0.01054545,8.131e-05,0.00771056
Original,Original,80.0,0.01054545,8.131e-05,0.00771056
Original,Original,80.0,0.00727273,7.333e-05,0.01008304
Original,Original,80.0,0.01236364,9.533e-05,0.00771056
Original,Original,80.0,0.01236364,5.133e-05,0.00415184
Original,Original,80.0,0.01054545,0.00018139,0.01720047
Original,Original,80.0,0.01054545,0.00011884,0.01126928
Original,Original,80.0,0.01018182,0.00015098,0.014828
Original,Original,80.0,0.01090909,0.00020705,0.01897983
Original,Original,80.0,0.01018182,0.00016305,0.01601423
Original,Original,80.0,0.00945455,0.00015141,0.01601423
Original,Original,80.0,0.00836364,0.00010913,0.01304864
Original,Original,80.0,0.01090909,7.117e-05,0.00652432
Original,Original,80.0,0.01127273,0.00012035,0.01067616
Original,Original,80.0,0.01127273,0.00017384,0.01542112
Original,Original,80.0,0.01309091,4.659e-05,0.00355872
Original,Original,80.0,0.00909091,0.0001348,0.014828
Original,Original,80.0,0.00981818,3.494e-05,0.00355872
Original,Original,80.0,0.01163636,0.00018635,0.01601423
Original,Original,80.0,0.01090909,0.00012941,0.0118624
Original,Original,80.0,0.01090909,9.706e-05,0.0088968
Original,Original,80.0,0.01018182,7.247e-05,0.00711744
Original,Original,80.0,0.00945455,0.00010655,0.01126928
Original,Original,80.0,0.01018182,0.00014494,0.01423488
Original,Original,80.0,0.00981818,0.00013976,0.01423488
Original,Original,90.0,0.00989399,9.389e-05,0.00948992
Original,Original,90.0,0.00706714,8.802e-05,0.01245552
Original,Original,90.0,0.00812721,8.195e-05,0.01008304
Original,Original,90.0,0.00742049,7.042e-05,0.00948992
Original,Original,90.0,0.00777385,7.838e-05,0.01008304
Original,Original,90.0,0.00883392,5.24e-05,0.0059312
Original,Original,90.0,0.00918728,7.629e-05,0.00830368
Original,Original,90.0,0.01272085,9.808e-05,0.00771056
Original,Original,90.0,0.00671378,2.787e-05,0.00415184
Original,Original,90.0,0.01130742,7.377e-05,0.00652432
Original,Original,90.0,0.00671378,5.973e-05,0.0088968
Original,Original,90.0,0.00812721,8.677e-05,0.01067616
Original,Original,90.0,0.00848057,0.00011569,0.01364176
Original,Original,90.0,0.00671378,7.964e-05,0.0118624
Original,Original,90.0,0.00600707,3.919e-05,0.00652432
Original,Original,90.0,0.00812721,9.159e-05,0.01126928
Original,Original,90.0,0.00742049,7.042e-05,0.00948992
Original,Original,90.0,0.00777385,2.766e-05,0.00355872
Original,Original,90.0,0.00812721,7.713e-05,0.00948992
Original,Original,90.0,0.00777385,8.761e-05,0.01126928
Original,Original,90.0,0.00777385,4.611e-05,0.0059312
Original,Original,90.0,0.00954064,6.225e-05,0.00652432
Original,Original,90.0,0.01201413,6.413e-05,0.00533808
Original,Original,90.0,0.00848057,8.048e-05,0.00948992
Original,Original,90.0,0.00883392,9.955e-05,0.01126928
Original,Original,90.0,0.00671378,7.566e-05,0.01126928
Original,Original,90.0,0.00636042,5.659e-05,0.0088968
Original,Original,90.0,0.00918728,9.264e-05,0.01008304
Original,Original,90.0,0.00671378,3.186e-05,0.00474496
Original,Original,90.0,0.00777385,5.994e-05,0.00771056
Original,Original,90.0,0.00671378,7.964e-05,0.0118624
Original,Original,90.0,0.00848057,0.00010563,0.01245552
Original,Original,90.0,0.00989399,5.281e-05,0.00533808
Original,Original,90.0,0.00706714,7.126e-05,0.01008304
Original,Original,90.0,0.00600707,6.057e-05,0.01008304
Original,Original,90.0,0.00812721,2.892e-05,0.00355872
Original,Original,90.0,0.00742049,8.362e-05,0.01126928
Original,Original,90.0,0.00989399,7.629e-05,0.00771056
Original,Original,90.0,0.01130742,7.377e-05,0.00652432
Original,Original,90.0,0.00989399,6.455e-05,0.00652432
Original,Original,90.0,0.00777385,3.689e-05,0.00474496
Original,Original,90.0,0.00848057,0.0001006,0.0118624
Original,Original,90.0,0.00706714,3.772e-05,0.00533808
Original,Original,90.0,0.00742049,5.281e-05,0.00711744
Original,Original,90.0,0.00706714,4.192e-05,0.0059312
Original,Original,90.0,0.00636042,1.886e-05,0.0029656
Original,Original,90.0,0.00777385,4.15e-05,0.00533808
Original,Original,90.0,0.00848057,7.545e-05,0.0088968
Original,Original,90.0,0.00706714,2.515e-05,0.00355872
Original,Original,90.0,0.00565371,5.701e-05,0.01008304
Original,Original,90.0,0.01095406,4.548e-05,0.00415184
Original,Original,90.0,0.00812721,5.302e-05,0.00652432
Original,Original,90.0,0.00883392,4.192e-05,0.00474496
Original,Original,90.0,0.00883392,0.00011003,0.01245552
Original,Original,90.0,0.00883392,0.00011003,0.01245552
Original,Original,90.0,0.00636042,3.772e-05,0.0059312
Original,Original,90.0,0.00883392,0.00010479,0.0118624
Original,Original,90.0,0.00742049,7.482e-05,0.01008304
Original,Original,90.0,0.00812721,0.00010605,0.01304864
Original,Original,90.0,0.00636042,3.018e-05,0.00474496
Original,Original,90.0,0.00777385,9.222e-05,0.0118624
Original,Original,90.0,0.00848057,4.024e-05,0.00474496
Original,Original,90.0,0.00812721,4.338e-05,0.00533808
Original,Original,90.0,0.00742049,4.841e-05,0.00652432
Original,Original,90.0,0.00812721,9.159e-05,0.01126928
Original,Original,90.0,0.01236749,7.335e-05,0.0059312
Original,Original,90.0,0.00989399,3.521e-05,0.00355872
Original,Original,90.0,0.00706714,2.934e-05,0.00415184
Original,Original,90.0,0.00883392,3.144e-05,0.00355872
Original,Original,90.0,0.00848057,4.527e-05,0.00533808
Original,Original,90.0,0.00848057,6.036e-05,0.00711744
Original,Original,90.0,0.00954064,7.922e-05,0.00830368
Original,Original,90.0,0.00636042,7.922e-05,0.01245552
Original,Original,90.0,0.00883392,7.335e-05,0.00830368
Original,Original,90.0,0.00812721,9.159e-05,0.01126928
Original,Original,90.0,0.00812721,6.267e-05,0.00771056
Original,Original,90.0,0.00812721,2.41e-05,0.0029656
Original,Original,90.0,0.00636042,7.545e-05,0.0118624
Original,Original,90.0,0.00777385,9.683e-05,0.01245552
Original,Original,90.0,0.00742049,8.802e-05,0.0118624
Original,Original,90.0,0.00812721,4.82e-05,0.0059312
Original,Original,90.0,0.00565371,3.353e-05,0.0059312
Original,Original,90.0,0.00565371,3.018e-05,0.00533808
Original,Original,90.0,0.00812721,9.159e-05,0.01126928
Original,Original,90.0,0.00918728,5.994e-05,0.00652432
Original,Original,90.0,0.00777385,3.228e-05,0.00415184
Original,Original,90.0,0.00954064,7.356e-05,0.00771056
Original,Original,90.0,0.00742049,6.162e-05,0.00830368
Original,Original,90.0,0.00812721,5.302e-05,0.00652432
Original,Original,90.0,0.00777385,3.689e-05,0.00474496
Original,Original,90.0,0.00600707,6.413e-05,0.01067616
Original,Original,90.0,0.00989399,9.389e-05,0.00948992
Original,Original,90.0,0.00742049,5.722e-05,0.00771056
Original,Original,90.0,0.00777385,5.072e-05,0.00652432
Original,Original,90.0,0.00706714,5.868e-05,0.00830368
Original,Original,90.0,0.00812721,6.267e-05,0.00771056
Original,Original,90.0,0.00777385,8.299e-05,0.01067616
Original,Original,90.0,0.00848057,5.03e-05,0.0059312
Original,Original,90.0,0.00600707,2.85e-05,0.00474496
Original,Original,90.0,0.00671378,7.566e-05,0.01126928
Original,Original,90.0,0.00530035,5.659e-05,0.01067616
Original,Original,90.0,0.01024735,0.00012764,0.01245552
Original,Original,90.0,0.00918728,7.629e-05,0.00830368
Original,Original,90.0,0.00777385,8.299e-05,0.01067616
Original,Original,90.0,0.00777385,0.00010605,0.01364176
Original,Original,90.0,0.00777385,2.766e-05,0.00355872
Original,Original,90.0,0.00812721,2.41e-05,0.0029656
Original,Original,90.0,0.01166078,6.225e-05,0.00533808
Original,Original,90.0,0.00777385,9.222e-05,0.0118624
Original,Original,90.0,0.00777385,3.228e-05,0.00415184
Original,Original,90.0,0.00742049,4.841e-05,0.00652432
Original,Original,90.0,0.00600707,5.344e-05,0.0088968
Original,Original,90.0,0.00742049,3.521e-05,0.00474496
Original,Original,90.0,0.01024735,4.862e-05,0.00474496
Original,Original,90.0,0.00883392,4.192e-05,0.00474496
Original,Original,90.0,0.00706714,4.611e-05,0.00652432
Original,Original,90.0,0.01272085,5.281e-05,0.00415184
Original,Original,90.0,0.00918728,5.449e-05,0.0059312
Original,Original,90.0,0.00883392,6.287e-05,0.00711744
Original,Original,90.0,0.00636042,1.886e-05,0.0029656
Original,Original,90.0,0.00954064,4.527e-05,0.00474496
Original,Original,90.0,0.00883392,3.144e-05,0.00355872
Original,Original,90.0,0.00777385,6.916e-05,0.0088968
Original,Original,90.0,0.00812721,0.00010605,0.01304864
Original,Original,90.0,0.00742049,5.722e-05,0.00771056
Original,Original,90.0,0.00883392,3.668e-05,0.00415184
Original,Original,90.0,0.00918728,8.174e-05,0.0088968
Original,Original,90.0,0.00742049,7.922e-05,0.01067616
Original,Original,90.0,0.00812721,7.713e-05,0.00948992
Original,Original,90.0,0.00742049,4.841e-05,0.00652432
Original,Original,90.0,0.01024735,0.00012764,0.01245552
Original,Original,90.0,0.00671378,6.77e-05,0.01008304
Original,Original,90.0,0.00812721,7.231e-05,0.0088968
Original,Original,90.0,0.00989399,6.455e-05,0.00652432
Original,Original,90.0,0.00742049,2.641e-05,0.00355872
Original,Original,90.0,0.00848057,8.551e-05,0.01008304
Original,Original,90.0,0.00848057,0.0001006,0.0118624
Original,Original,90.0,0.01166078,7.608e-05,0.00652432
Original,Original,90.0,0.00777385,7.377e-05,0.00948992
Original,Original,90.0,0.00883392,3.668e-05,0.00415184
Original,Original,90.0,0.00636042,6.413e-05,0.01008304
Original,Original,90.0,0.00636042,5.281e-05,0.00830368
Original,Original,90.0,0.00777385,8.761e-05,0.01126928
Original,Original,90.0,0.00989399,4.695e-05,0.00474496
Original,Original,90.0,0.01095406,8.446e-05,0.00771056
Original,Original,90.0,0.00954064,5.659e-05,0.0059312
Original,Original,90.0,0.00883392,9.955e-05,0.01126928
Original,Original,90.0,0.00883392,3.668e-05,0.00415184
Original,Original,90.0,0.00706714,8.802e-05,0.01245552
Original,Original,90.0,0.00742049,7.922e-05,0.01067616
Original,Original,90.0,0.01095406,0.00012994,0.0118624
Original,Original,90.0,0.00848057,0.00011066,0.01304864
Original,Original,90.0,0.00812721,6.267e-05,0.00771056
Original,Original,90.0,0.00812721,6.749e-05,0.00830368
Original,Original,90.0,0.00777385,8.299e-05,0.01067616
Original,Original,90.0,0.00636042,4.15e-05,0.00652432
Original,Original,90.0,0.00742049,8.802e-05,0.0118624
Original,Original,90.0,0.00883392,5.24e-05,0.0059312
Original,Original,90.0,0.00671378,6.77e-05,0.01008304
Original,Original,90.0,0.00742049,6.602e-05,0.0088968
Original,Original,90.0,0.01060071,8.802e-05,0.00830368
Original,Original,90.0,0.00636042,7.545e-05,0.0118624
Original,Original,90.0,0.00954064,0.00013015,0.01364176
Original,Original,90.0,0.00671378,6.371e-05,0.00948992
Original,Original,90.0,0.00742049,4.841e-05,0.00652432
Original,Original,90.0,0.00671378,6.77e-05,0.01008304
Original,Original,90.0,0.01060071,8.174e-05,0.00771056
Original,Original,90.0,0.00989399,3.521e-05,0.00355872
Original,Original,90.0,0.00671378,7.168e-05,0.01067616
Original,Original,90.0,0.00706714,7.964e-05,0.01126928
Original,Original,90.0,0.00706714,6.287e-05,0.0088968
Original,Original,90.0,0.00812721,8.195e-05,0.01008304
Original,Original,90.0,0.00671378,7.964e-05,0.0118624
Original,Original,90.0,0.00918728,5.449e-05,0.0059312
Original,Original,90.0,0.00812721,3.856e-05,0.00474496
Original,Original,90.0,0.00954064,2.829e-05,0.0029656
Original,Original,90.0,0.00918728,0.00010353,0.01126928
Original,Original,90.0,0.00671378,1.991e-05,0.0029656
Original,Original,90.0,0.00777385,6.916e-05,0.0088968
Original,Original,90.0,0.00777385,7.377e-05,0.00948992
Original,Original,90.0,0.00955414,0.00015623,0.0163522
Original,Original,90.0,0.01167728,0.00018361,0.01572327
Original,Original,90.0,0.01273885,0.00011217,0.00880503
Original,Original,90.0,0.01273885,7.211e-05,0.00566038
Original,Original,90.0,0.01026185,0.00013553,0.01320755
Original,Original,90.0,0.00884643,7.789e-05,0.00880503
Original,Original,90.0,0.01132343,0.00014243,0.01257862
Original,Original,90.0,0.01132343,0.00017092,0.01509434
Original,Original,90.0,0.01344657,6.766e-05,0.00503145
Original,Original,90.0,0.009908,0.0001184,0.01194969
Original,Original,90.0,0.00955414,0.0001322,0.01383648
Original,Original,90.0,0.00920028,5.208e-05,0.00566038
Original,Original,90.0,0.012385,7.01e-05,0.00566038
Original,Original,90.0,0.00849257,5.341e-05,0.00628931
Original,Original,90.0,0.00920028,0.0001273,0.01383648
Original,Original,90.0,0.009908,8.724e-05,0.00880503
Original,Original,90.0,0.00884643,5.007e-05,0.00566038
Original,Original,90.0,0.009908,3.739e-05,0.00377358
Original,Original,90.0,0.00955414,6.009e-05,0.00628931
Original,Original,90.0,0.012385,6.231e-05,0.00503145
Original,Original,90.0,0.01167728,0.00011751,0.01006289
Original,Original,90.0,0.00920028,0.00011573,0.01257862
Original,Original,90.0,0.00707714,4.451e-05,0.00628931
Original,Original,90.0,0.00955414,4.807e-05,0.00503145
Original,Original,90.0,0.01273885,6.409e-05,0.00503145
Original,Original,90.0,0.00920028,8.101e-05,0.00880503
Original,Original,90.0,0.00955414,0.0001322,0.01383648
Original,Original,90.0,0.01132343,5.697e-05,0.00503145
Original,Original,90.0,0.00955414,0.0001322,0.01383648
Original,Original,90.0,0.01026185,5.809e-05,0.00566038
Original,Original,90.0,0.01273885,0.00014421,0.01132075
Original,Original,90.0,0.01167728,7.344e-05,0.00628931
Original,Original,90.0,0.01415428,0.00012463,0.00880503
Original,Original,90.0,0.01203114,0.0001816,0.01509434
Original,Original,90.0,0.009908,6.231e-05,0.00628931
Original,Original,90.0,0.01627742,0.00014332,0.00880503
Original,Original,90.0,0.00955414,9.013e-05,0.00943396
Original,Original,90.0,0.01344657,0.00010994,0.0081761
Original,Original,90.0,0.00672328,2.96e-05,0.00440252
Original,Original,90.0,0.009908,0.00014332,0.01446541
Original,Original,90.0,0.01096957,4.829e-05,0.00440252
Original,Original,90.0,0.00920028,0.00013309,0.01446541
Original,Original,90.0,0.01344657,9.303e-05,0.00691824
Original,Original,90.0,0.01132343,0.00015668,0.01383648
Original,Original,90.0,0.00884643,0.00012797,0.01446541
Original,Original,90.0,0.00707714,6.231e-05,0.00880503
Original,Original,90.0,0.00707714,6.231e-05,0.00880503
Original,Original,90.0,0.00849257,5.341e-05,0.00628931
Original,Original,90.0,0.00672328,5.92e-05,0.00880503
Original,Original,90.0,0.01096957,0.00011039,0.01006289
Original,Original,90.0,0.007431,6.543e-05,0.00880503
Original,Original,90.0,0.007431,2.804e-05,0.00377358
Original,Original,90.0,0.00636943,2.003e-05,0.00314465
Original,Original,90.0,0.00920028,3.472e-05,0.00377358
Original,Original,90.0,0.00884643,6.12e-05,0.00691824
Original,Original,90.0,0.00778485,7.344e-05,0.00943396
Original,Original,90.0,0.00672328,6.343e-05,0.00943396
Original,Original,90.0,0.00778485,4.407e-05,0.00566038
Original,Original,90.0,0.00849257,0.00010148,0.01194969
Original,Original,90.0,0.00672328,5.497e-05,0.0081761
Original,Original,90.0,0.00707714,4.006e-05,0.00566038
Original,Original,90.0,0.01061571,9.347e-05,0.00880503
Original,Original,90.0,0.00672328,4.651e-05,0.00691824
Original,Original,90.0,0.00849257,2.671e-05,0.00314465
Original,Original,90.0,0.007431,1.869e-05,0.00251572
Original,Original,90.0,0.00920028,5.786e-05,0.00628931
Original,Original,90.0,0.00920028,8.68e-05,0.00943396
Original,Original,90.0,0.00884643,7.233e-05,0.0081761
Original,Original,90.0,0.00920028,0.00012151,0.01320755
Original,Original,90.0,0.00813871,3.071e-05,0.00377358
Original,Original,90.0,0.00849257,4.807e-05,0.00566038
Original,Original,90.0,0.00849257,0.00011751,0.01383648
Original,Original,90.0,0.00884643,0.00010015,0.01132075
Original,Original,90.0,0.00884643,0.0001224,0.01383648
Original,Original,90.0,0.00849257,0.00011751,0.01383648
Original,Original,90.0,0.00707714,8.902e-05,0.01257862
Original,Original,90.0,0.00884643,2.782e-05,0.00314465
Original,Original,90.0,0.01061571,9.347e-05,0.00880503
Original,Original,90.0,0.00884643,5.564e-05,0.00628931
Original,Original,90.0,0.00707714,5.786e-05,0.0081761
Original,Original,90.0,0.00601557,4.918e-05,0.0081761
Original,Original,90.0,0.00636943,5.208e-05,0.0081761
Original,Original,90.0,0.00530786,1.669e-05,0.00314465
Original,Original,90.0,0.01096957,4.139e-05,0.00377358
Original,Original,90.0,0.00884643,5.007e-05,0.00566038
Original,Original,90.0,0.00813871,7.678e-05,0.00943396
Original,Original,90.0,0.00849257,9.614e-05,0.01132075
Original,Original,90.0,0.01203114,0.0001135,0.00943396
Original,Original,90.0,0.00778485,4.896e-05,0.00628931
Original,Original,90.0,0.00707714,9.792e-05,0.01383648
Original,Original,90.0,0.00566171,6.409e-05,0.01132075
Original,Original,90.0,0.00884643,4.451e-05,0.00503145
Original,Original,90.0,0.00636943,4.006e-05,0.00628931
Original,Original,90.0,0.00849257,9.614e-05,0.01132075
Original,Original,90.0,0.00884643,8.346e-05,0.00943396
Original,Original,90.0,0.00778485,8.813e-05,0.01132075
Original,Original,90.0,0.00672328,5.497e-05,0.0081761
Original,Original,90.0,0.00884643,6.677e-05,0.00754717
Original,Original,90.0,0.007431,4.206e-05,0.00566038
Original,Original,90.0,0.009908,4.362e-05,0.00440252
Original,Original,90.0,0.00849257,8.546e-05,0.01006289
Original,Original,90.0,0.00955414,4.206e-05,0.00440252
Original,Original,90.0,0.01132343,6.409e-05,0.00566038
Original,Original,90.0,0.00530786,6.343e-05,0.01194969
Original,Original,90.0,0.00955414,4.206e-05,0.00440252
Original,Original,90.0,0.00849257,8.012e-05,0.00943396
Original,Original,90.0,0.00813871,4.607e-05,0.00566038
Original,Original,90.0,0.00813871,9.726e-05,0.01194969
Original,Original,90.0,0.00778485,3.917e-05,0.00503145
Original,Original,90.0,0.007431,3.739e-05,0.00503145
Original,Original,90.0,0.00849257,0.00011217,0.01320755
Original,Original,90.0,0.00672328,3.383e-05,0.00503145
Original,Original,90.0,0.007431,8.88e-05,0.01194969
Original,Original,90.0,0.00849257,2.671e-05,0.00314465
Original,Original,90.0,0.00778485,6.365e-05,0.0081761
Original,Original,90.0,0.00778485,4.407e-05,0.00566038
Original,Original,90.0,0.007431,6.076e-05,0.0081761
Original,Original,90.0,0.00884643,2.782e-05,0.00314465
Original,Original,90.0,0.01132343,9.97e-05,0.00880503
Original,Original,90.0,0.00672328,4.228e-05,0.00628931
Original,Original,90.0,0.00884643,0.00011684,0.01320755
Original,Original,90.0,0.00955414,8.412e-05,0.00880503
Original,Original,90.0,0.00601557,3.027e-05,0.00503145
Original,Original,90.0,0.00884643,0.00010571,0.01194969
Original,Original,90.0,0.007431,8.412e-05,0.01132075
Original,Original,90.0,0.00601557,2.648e-05,0.00440252
Original,Original,90.0,0.00778485,7.834e-05,0.01006289
Original,Original,90.0,0.00813871,9.214e-05,0.01132075
Original,Original,90.0,0.01096957,6.899e-05,0.00628931
Original,Original,90.0,0.00778485,6.365e-05,0.0081761
Original,Original,90.0,0.007431,6.543e-05,0.00880503
Original,Original,90.0,0.00849257,0.00011751,0.01383648
Original,Original,90.0,0.007431,5.608e-05,0.00754717
Original,Original,90.0,0.01096957,4.139e-05,0.00377358
Original,Original,90.0,0.00955414,8.412e-05,0.00880503
Original,Original,90.0,0.00920028,9.837e-05,0.01069182
Original,Original,90.0,0.009908,6.855e-05,0.00691824
Original,Original,90.0,0.00707714,4.006e-05,0.00566038
Original,Original,90.0,0.00955414,0.00010816,0.01132075
Original,Original,90.0,0.01167728,8.079e-05,0.00691824
Original,Original,90.0,0.00813871,0.00011773,0.01446541
Original,Original,90.0,0.01061571,8.68e-05,0.0081761
Original,Original,90.0,0.009908,0.00010593,0.01069182
Original,Original,90.0,0.00813871,5.119e-05,0.00628931
Original,Original,90.0,0.01132343,7.122e-05,0.00628931
Original,Original,90.0,0.00672328,2.537e-05,0.00377358
Original,Original,90.0,0.01167728,8.813e-05,0.00754717
Original,Original,90.0,0.01167728,9.547e-05,0.0081761
Original,Original,90.0,0.00920028,3.472e-05,0.00377358
Original,Original,90.0,0.00778485,5.386e-05,0.00691824
Original,Original,90.0,0.00707714,6.677e-05,0.00943396
Original,Original,90.0,0.00849257,2.671e-05,0.00314465
Original,Original,90.0,0.00884643,8.346e-05,0.00943396
Original,Original,90.0,0.00813871,0.00010749,0.01320755
Original,Original,90.0,0.00955414,0.0001322,0.01383648
Original,Original,90.0,0.00813871,0.00011773,0.01446541
Original,Original,90.0,0.00849257,5.875e-05,0.00691824
Original,Original,90.0,0.00920028,0.00010415,0.01132075
Original,Original,90.0,0.00601557,2.27e-05,0.00377358
Original,Original,90.0,0.009908,8.101e-05,0.0081761
Original,Original,90.0,0.00601557,3.405e-05,0.00566038
Original,Original,90.0,0.00707714,7.122e-05,0.01006289
Original,Original,90.0,0.00672328,4.651e-05,0.00691824
Original,Original,90.0,0.00884643,0.00011684,0.01320755
Original,Original,90.0,0.00601557,6.81e-05,0.01132075
Original,Original,90.0,0.00672328,4.228e-05,0.00628931
Original,Original,90.0,0.00778485,8.323e-05,0.01069182
Original,Original,90.0,0.00707714,3.116e-05,0.00440252
Original,Original,90.0,0.00813871,8.702e-05,0.01069182
Original,Original,90.0,0.00460014,4.05e-05,0.00880503
Original,Original,90.0,0.00955414,3.605e-05,0.00377358
Original,Original,90.0,0.00530786,3.672e-05,0.00691824
Original,Original,90.0,0.009908,8.724e-05,0.00880503
Original,Original,90.0,0.00778485,4.896e-05,0.00628931
Original,Original,90.0,0.007431,6.543e-05,0.00880503
Original,Original,90.0,0.009908,4.362e-05,0.00440252
Original,Original,90.0,0.00920028,6.944e-05,0.00754717
Original,Original,90.0,0.00672328,4.228e-05,0.00628931
Original,Original,90.0,0.00955414,8.412e-05,0.00880503
Original,Original,90.0,0.00813871,5.119e-05,0.00628931
Original,Original,90.0,0.00672328,8.88e-05,0.01320755
Original,Original,90.0,0.004954,4.985e-05,0.01006289
Original,Original,90.0,0.00778485,4.896e-05,0.00628931
Original,Original,90.0,0.00672328,2.537e-05,0.00377358
Original,Original,90.0,0.00707714,3.116e-05,0.00440252
Original,Original,90.0,0.00601557,2.27e-05,0.00377358
Original,Original,90.0,0.00601557,4.918e-05,0.0081761
Original,Original,90.0,0.007431,5.141e-05,0.00691824
Original,Original,90.0,0.00778485,3.427e-05,0.00440252
Original,Original,90.0,0.00601557,7.188e-05,0.01194969
Original,Original,90.0,0.00636943,5.608e-05,0.00880503
Original,Original,90.0,0.00707714,8.012e-05,0.01132075
Original,Original,90.0,0.00566171,6.409e-05,0.01132075
Original,Original,90.0,0.00813871,5.631e-05,0.00691824
Original,Original,90.0,0.00707714,3.116e-05,0.00440252
Original,Original,90.0,0.00884643,7.233e-05,0.0081761
Original,Original,90.0,0.00813871,0.00010237,0.01257862
Original,Original,90.0,0.007431,7.945e-05,0.01069182
Original,Original,90.0,0.00707714,5.786e-05,0.0081761
Original,Original,90.0,0.00884643,0.00010015,0.01132075
Original,Original,90.0,0.00601557,4.162e-05,0.00691824
Original,Original,90.0,0.00849257,8.012e-05,0.00943396
Original,Original,90.0,0.00672328,5.92e-05,0.00880503
Original,Original,90.0,0.00672328,5.497e-05,0.0081761
Original,Original,90.0,0.00601557,3.405e-05,0.00566038
Original,Original,90.0,0.00672328,5.92e-05,0.00880503
Original,Original,90.0,0.00778485,9.303e-05,0.01194969
Original,Original,90.0,0.00849257,8.012e-05,0.00943396
Original,Original,90.0,0.00707714,6.677e-05,0.00943396
Original,Original,90.0,0.00530786,2.337e-05,0.00440252
Original,Original,90.0,0.00778485,7.344e-05,0.00943396
Original,Original,90.0,0.00601557,4.54e-05,0.00754717
Original,Original,90.0,0.00601557,4.162e-05,0.00691824
Original,Original,90.0,0.00707714,7.122e-05,0.01006289
Original,Original,90.0,0.00672328,7.188e-05,0.01069182
Original,Original,90.0,0.004954,5.297e-05,0.01069182
Original,Original,90.0,0.00566171,5.697e-05,0.01006289
Original,Original,90.0,0.00813871,3.583e-05,0.00440252
Original,Original,90.0,0.00707714,5.341e-05,0.00754717
Original,Original,90.0,0.00813871,6.654e-05,0.0081761
Original,Original,90.0,0.00955414,7.812e-05,0.0081761
Original,Original,90.0,0.00636943,5.208e-05,0.0081761
Original,Original,90.0,0.00778485,5.875e-05,0.00754717
Original,Original,90.0,0.00920028,6.365e-05,0.00691824
Original,Original,90.0,0.00672328,7.611e-05,0.01132075
Original,Original,90.0,0.01026185,3.872e-05,0.00377358
Original,Original,90.0,0.00601557,5.297e-05,0.00880503
Original,Original,90.0,0.00778485,8.813e-05,0.01132075
Original,Original,90.0,0.00636943,6.009e-05,0.00943396
Original,Original,90.0,0.01132343,4.273e-05,0.00377358
Original,Original,90.0,0.007431,8.88e-05,0.01194969
Original,Original,90.0,0.00672328,2.114e-05,0.00314465
Original,Original,90.0,0.00672328,8.034e-05,0.01194969
Original,Original,90.0,0.00636943,6.009e-05,0.00943396
Original,Original,90.0,0.00672328,6.766e-05,0.01006289
Original,Original,90.0,0.00707714,2.226e-05,0.00314465
Original,Original,90.0,0.00601557,7.188e-05,0.01194969
Original,Original,90.0,0.00601557,2.27e-05,0.00377358
Original,Original,90.0,0.007431,6.543e-05,0.00880503
Original,Original,90.0,0.00636943,4.407e-05,0.00691824
Original,Original,90.0,0.007431,7.01e-05,0.00943396
Original,Original,90.0,0.00672328,7.188e-05,0.01069182
Original,Original,90.0,0.007431,7.945e-05,0.01069182
Original,Original,90.0,0.00601557,4.162e-05,0.00691824
Original,Original,90.0,0.00884643,9.458e-05,0.01069182
Original,Original,90.0,0.00813871,7.166e-05,0.00880503
Original,Original,90.0,0.00778485,7.344e-05,0.00943396
Original,Original,90.0,0.00672328,5.497e-05,0.0081761
Original,Original,90.0,0.00601557,6.81e-05,0.01132075
Original,Original,90.0,0.007431,4.674e-05,0.00628931
Original,Original,90.0,0.00530786,5.675e-05,0.01069182
Original,Original,90.0,0.00778485,2.448e-05,0.00314465
Original,Original,90.0,0.00707714,8.457e-05,0.01194969
Original,Original,90.0,0.00672328,5.497e-05,0.0081761
Original,Original,90.0,0.00530786,5.675e-05,0.01069182
Original,Original,90.0,0.01061571,4.006e-05,0.00377358
Original,Original,90.0,0.00672328,2.114e-05,0.00314465
Original,Original,90.0,0.01020408,5.134e-05,0.00503145
Original,Original,90.0,0.01020408,6.418e-05,0.00628931
Original,Original,90.0,0.01020408,3.851e-05,0.00377358
Original,Original,90.0,0.00801749,0.00012102,0.01509434
Original,Original,90.0,0.00801749,9.076e-05,0.01132075
Original,Original,90.0,0.01093294,0.0001444,0.01320755
Original,Original,90.0,0.00874636,0.00012102,0.01383648
Original,Original,90.0,0.01166181,4.401e-05,0.00377358
Original,Original,90.0,0.00874636,4.951e-05,0.00566038
Original,Original,90.0,0.01020408,0.00012835,0.01257862
Original,Original,90.0,0.00983965,4.951e-05,0.00503145
Original,Original,90.0,0.01020408,0.00011552,0.01132075
Original,Original,90.0,0.00838192,3.69e-05,0.00440252
Original,Original,90.0,0.01020408,0.00018611,0.01823899
Original,Original,90.0,0.00765306,7.701e-05,0.01006289
Original,Original,90.0,0.00983965,0.00014852,0.01509434
Original,Original,90.0,0.00947522,0.0001609,0.01698113
Original,Original,90.0,0.00947522,0.00012514,0.01320755
Original,Original,90.0,0.01020408,3.209e-05,0.00314465
Original,Original,90.0,0.00911079,7.449e-05,0.0081761
Original,Original,90.0,0.00838192,7.907e-05,0.00943396
Original,Original,90.0,0.00911079,0.00014325,0.01572327
Original,Original,90.0,0.00947522,8.343e-05,0.00880503
Original,Original,90.0,0.01129738,5.684e-05,0.00503145
Original,Original,90.0,0.00838192,0.00010543,0.01257862
Original,Original,90.0,0.01056851,5.317e-05,0.00503145
Original,Original,90.0,0.00911079,8.022e-05,0.00880503
Original,Original,90.0,0.00728863,5.501e-05,0.00754717
Original,Original,90.0,0.00655977,6.188e-05,0.00943396
Original,Original,90.0,0.00801749,3.025e-05,0.00377358
Original,Original,90.0,0.00765306,7.22e-05,0.00943396
Original,Original,90.0,0.00911079,4.584e-05,0.00503145
Original,Original,90.0,0.00838192,3.163e-05,0.00377358
Original,Original,90.0,0.00546647,5.845e-05,0.01069182
Original,Original,90.0,0.00655977,4.951e-05,0.00754717
Original,Original,90.0,0.00619534,2.338e-05,0.00377358
Original,Original,90.0,0.00801749,0.00010085,0.01257862
Original,Original,90.0,0.00728863,7.793e-05,0.01069182
Original,Original,90.0,0.00874636,4.401e-05,0.00503145
Original,Original,90.0,0.00728863,4.126e-05,0.00566038
Original,Original,90.0,0.00655977,4.951e-05,0.00754717
Original,Original,90.0,0.00874636,4.401e-05,0.00503145
Original,Original,90.0,0.00838192,0.00010016,0.01194969
Original,Original,90.0,0.0069242,5.661e-05,0.0081761
Original,Original,90.0,0.00655977,7.426e-05,0.01132075
Original,Original,90.0,0.0058309,4.401e-05,0.00754717
Original,Original,90.0,0.00728863,3.667e-05,0.00503145
Original,Original,90.0,0.00801749,3.53e-05,0.00440252
Original,Original,90.0,0.0069242,7.839e-05,0.01132075
Original,Original,90.0,0.00619534,7.403e-05,0.01194969
Original,Original,90.0,0.00728863,0.00010085,0.01383648
Original,Original,90.0,0.00874636,0.00010452,0.01194969
Original,Original,90.0,0.00655977,6.188e-05,0.00943396
Original,Original,90.0,0.00728863,5.042e-05,0.00691824
Original,Original,90.0,0.00765306,2.888e-05,0.00377358
Original,Original,90.0,0.00619534,3.507e-05,0.00566038
Original,Original,90.0,0.00728863,0.00010085,0.01383648
Original,Original,90.0,0.00838192,4.744e-05,0.00566038
Original,Original,90.0,0.00765306,2.407e-05,0.00314465
Original,Original,90.0,0.00801749,8.068e-05,0.01006289
Original,Original,90.0,0.00655977,6.601e-05,0.01006289
Original,Original,90.0,0.00801749,6.555e-05,0.0081761
Original,Original,90.0,0.00765306,8.183e-05,0.01069182
Original,Original,90.0,0.00801749,8.068e-05,0.01006289
Original,Original,90.0,0.0069242,8.71e-05,0.01257862
Original,Original,90.0,0.00801749,7.059e-05,0.00880503
Original,Original,90.0,0.00838192,0.00010543,0.01257862
Original,Original,90.0,0.00801749,6.051e-05,0.00754717
Original,Original,90.0,0.00801749,0.00010085,0.01257862
Original,Original,90.0,0.00728863,2.292e-05,0.00314465
Original,Original,90.0,0.01020408,5.134e-05,0.00503145
Original,Original,90.0,0.00838192,3.163e-05,0.00377358
Original,Original,90.0,0.00619534,6.624e-05,0.01069182
Original,Original,90.0,0.00765306,9.145e-05,0.01194969
Original,Original,90.0,0.00765306,2.888e-05,0.00377358
Original,Original,90.0,0.01056851,3.988e-05,0.00377358
Original,Original,90.0,0.00728863,5.042e-05,0.00691824
Original,Original,90.0,0.00765306,3.369e-05,0.00440252
Original,Original,90.0,0.0069242,8.71e-05,0.01257862
Original,Original,90.0,0.00728863,6.418e-05,0.00880503
Original,Original,90.0,0.00765306,9.626e-05,0.01257862
Original,Original,90.0,0.00546647,1.719e-05,0.00314465
Original,Original,90.0,0.00801749,0.00011093,0.01383648
Original,Original,90.0,0.00728863,8.71e-05,0.01194969
Original,Original,90.0,0.00473761,5.065e-05,0.01069182
Original,Original,90.0,0.00728863,3.667e-05,0.00503145
Original,Original,90.0,0.00838192,2.636e-05,0.00314465
Original,Original,90.0,0.00838192,2.636e-05,0.00314465
Original,Original,90.0,0.00546647,5.845e-05,0.01069182
Original,Original,90.0,0.00655977,7.839e-05,0.01194969
Original,Original,90.0,0.00655977,6.188e-05,0.00943396
Original,Original,90.0,0.00838192,7.907e-05,0.00943396
Original,Original,90.0,0.00983965,4.951e-05,0.00503145
Original,Original,90.0,0.00728863,4.126e-05,0.00566038
Original,Original,90.0,0.00838192,0.00012125,0.01446541
Original,Original,90.0,0.0069242,2.613e-05,0.00377358
Original,Original,90.0,0.00874636,0.00011552,0.01320755
Original,Original,90.0,0.00728863,6.876e-05,0.00943396
Original,Original,90.0,0.00655977,2.475e-05,0.00377358
Original,Original,90.0,0.00801749,0.00010589,0.01320755
Original,Original,90.0,0.00801749,0.00010589,0.01320755
Original,Original,90.0,0.00801749,5.547e-05,0.00691824
Original,Original,90.0,0.00765306,7.22e-05,0.00943396
Original,Original,90.0,0.00838192,6.853e-05,0.0081761
Original,Original,90.0,0.00947522,5.363e-05,0.00566038
Original,Original,90.0,0.00546647,5.157e-05,0.00943396
Original,Original,90.0,0.00655977,4.951e-05,0.00754717
Original,Original,90.0,0.00801749,7.059e-05,0.00880503
Original,Original,90.0,0.01020408,4.492e-05,0.00440252
Original,Original,90.0,0.00801749,9.076e-05,0.01132075
Original,Original,90.0,0.00801749,9.581e-05,0.01194969
Original,Original,90.0,0.00546647,4.469e-05,0.0081761
Original,Original,90.0,0.00546647,6.532e-05,0.01194969
Original,Original,90.0,0.00838192,9.489e-05,0.01132075
Original,Original,90.0,0.0069242,5.661e-05,0.0081761
Original,Original,90.0,0.0069242,3.048e-05,0.00440252
Original,Original,90.0,0.00874636,3.301e-05,0.00377358
Original,Original,90.0,0.00874636,4.951e-05,0.00566038
Original,Original,90.0,0.0069242,5.226e-05,0.00754717
Original,Original,90.0,0.00801749,5.042e-05,0.00628931
Original,Original,90.0,0.00801749,9.581e-05,0.01194969
Original,Original,90.0,0.00765306,0.00010108,0.01320755
Original,Original,90.0,0.00728863,5.959e-05,0.0081761
Original,Original,90.0,0.00728863,6.418e-05,0.00880503
Original,Original,90.0,0.00655977,5.363e-05,0.0081761
Original,Original,90.0,0.00801749,2.521e-05,0.00314465
Original,Original,90.0,0.00838192,8.435e-05,0.01006289
Original,Original,90.0,0.00838192,6.326e-05,0.00754717
Original,Original,90.0,0.00765306,0.00010108,0.01320755
Original,Original,90.0,0.00911079,8.022e-05,0.00880503
Original,Original,90.0,0.00801749,9.581e-05,0.01194969
Original,Original,90.0,0.00801749,5.547e-05,0.00691824
Original,Original,90.0,0.00765306,7.22e-05,0.00943396
Original,Original,90.0,0.00619534,7.403e-05,0.01194969
Original,Original,90.0,0.00874636,4.951e-05,0.00566038
Original,Original,90.0,0.00765306,9.626e-05,0.01257862
Original,Original,90.0,0.00728863,9.626e-05,0.01320755
Original,Original,90.0,0.00801749,6.051e-05,0.00754717
Original,Original,90.0,0.00728863,7.334e-05,0.01006289
Original,Original,90.0,0.00655977,1.65e-05,0.00251572
Original,Original,90.0,0.00619534,7.793e-05,0.01257862
Original,Original,90.0,0.00728863,8.71e-05,0.01194969
Original,Original,90.0,0.00765306,6.739e-05,0.00880503
Original,Original,90.0,0.00765306,5.295e-05,0.00691824
Original,Original,90.0,0.0069242,6.532e-05,0.00943396
Original,Original,90.0,0.00801749,9.076e-05,0.01132075
Original,Original,90.0,0.00838192,0.00010543,0.01257862
Original,Original,90.0,0.00874636,8.801e-05,0.01006289
Original,Original,90.0,0.00619534,6.624e-05,0.01069182
Original,Original,90.0,0.00728863,2.292e-05,0.00314465
Original,Original,90.0,0.00619534,7.793e-05,0.01257862
Original,Original,90.0,0.00874636,2.75e-05,0.00314465
Original,Original,90.0,0.00765306,0.0001107,0.01446541
Original,Original,90.0,0.00728863,7.334e-05,0.01006289
Original,Original,90.0,0.00874636,7.701e-05,0.00880503
Original,Original,90.0,0.00728863,5.042e-05,0.00691824
Original,Original,90.0,0.00765306,6.739e-05,0.00880503
Original,Original,90.0,0.00619534,6.624e-05,0.01069182
Original,Original,90.0,0.00838192,8.435e-05,0.01006289
Original,Original,90.0,0.00510204,4.492e-05,0.00880503
Original,Original,90.0,0.00911079,7.449e-05,0.0081761
Original,Original,90.0,0.00801749,0.00010589,0.01320755
Original,Original,90.0,0.0058309,5.868e-05,0.01006289
Original,Original,90.0,0.00838192,0.00011598,0.01383648
Original,Original,90.0,0.00801749,6.555e-05,0.0081761
Original,Original,90.0,0.00765306,8.664e-05,0.01132075
Original,Original,90.0,0.00765306,9.626e-05,0.01257862
Original,Original,90.0,0.00765306,9.145e-05,0.01194969
Original,Original,90.0,0.0069242,1.742e-05,0.00251572
Original,Original,90.0,0.00874636,9.902e-05,0.01132075
Original,Original,90.0,0.00728863,3.209e-05,0.00440252
Original,Original,90.0,0.0069242,2.613e-05,0.00377358
Original,Original,90.0,0.00801749,9.581e-05,0.01194969
Original,Original,90.0,0.00728863,5.959e-05,0.0081761
Original,Original,90.0,0.00874636,6.051e-05,0.00691824
Original,Original,90.0,0.00546647,2.75e-05,0.00503145
Original,Original,90.0,0.00728863,7.793e-05,0.01069182
Original,Original,90.0,0.00619534,1.948e-05,0.00314465
Original,Original,90.0,0.00874636,9.902e-05,0.01132075
Original,Original,90.0,0.00546647,4.126e-05,0.00754717
Original,Original,90.0,0.00911079,2.865e-05,0.00314465
Original,Original,90.0,0.00801749,0.00010589,0.01320755
Original,Original,90.0,0.00728863,3.209e-05,0.00440252
Original,Original,90.0,0.00619534,1.948e-05,0.00314465
Original,Original,90.0,0.01020408,5.776e-05,0.00566038
Original,Original,90.0,0.00728863,0.00010085,0.01383648
Original,Original,90.0,0.0058309,6.601e-05,0.01132075
Original,Original,90.0,0.00801749,5.042e-05,0.00628931
Original,Original,90.0,0.0069242,5.661e-05,0.0081761
Original,Original,90.0,0.00801749,8.572e-05,0.01069182
Original,Original,90.0,0.00655977,3.713e-05,0.00566038
Original,Original,90.0,0.00801749,6.051e-05,0.00754717
Original,Original,90.0,0.00838192,8.962e-05,0.01069182
Original,Original,90.0,0.00728863,3.209e-05,0.00440252
Original,Original,90.0,0.00801749,8.572e-05,0.01069182
Original,Original,90.0,0.00801749,7.059e-05,0.00880503
Original,Original,90.0,0.00874636,8.251e-05,0.00943396
Original,Original,90.0,0.0058309,5.501e-05,0.00943396
Original,Original,90.0,0.00546647,6.532e-05,0.01194969
Original,Original,90.0,0.00728863,5.501e-05,0.00754717
Original,Original,90.0,0.00838192,0.00010016,0.01194969
Original,Original,90.0,0.00801749,5.042e-05,0.00628931
Original,Original,90.0,0.00619534,3.117e-05,0.00503145
Original,Original,90.0,0.00510204,6.097e-05,0.01194969
Original,Original,90.0,0.00911079,0.0001146,0.01257862
Original,Original,90.0,0.0069242,6.532e-05,0.00943396
Original,Original,90.0,0.00838192,8.435e-05,0.01006289
Original,Original,90.0,0.00911079,0.00013179,0.01446541
Original,Original,90.0,0.00619534,7.793e-05,0.01257862
Original,Original,90.0,0.01020408,0.00012835,0.01257862
Original,Original,90.0,0.00947522,0.00010131,0.01069182
Original,Original,90.0,0.00728863,5.501e-05,0.00754717
Original,Original,90.0,0.00801749,3.025e-05,0.00377358
Original,Original,90.0,0.00801749,9.581e-05,0.01194969
Original,Original,90.0,0.00874636,6.601e-05,0.00754717
Original,Original,90.0,0.00911079,4.584e-05,0.00503145
Original,Original,90.0,0.00874636,7.151e-05,0.0081761
Original,Original,90.0,0.00874636,2.2e-05,0.00251572
Original,Original,90.0,0.00838192,0.00010016,0.01194969
Original,Original,90.0,0.00947522,0.00011323,0.01194969
Original,Original,90.0,0.00838192,0.00011598,0.01383648
Original,Original,90.0,0.00728863,5.959e-05,0.0081761
Original,Original,90.0,0.00838192,0.00011598,0.01383648
Original,Original,90.0,0.00874636,0.00013202,0.01509434
Original,Original,90.0,0.00801749,9.581e-05,0.01194969
Original,Original,90.0,0.00983965,0.00013615,0.01383648
Original,Original,90.0,0.00983965,6.807e-05,0.00691824
Original,Original,90.0,0.00911079,4.584e-05,0.00503145
Original,Original,90.0,0.00947522,0.00014302,0.01509434
Original,Original,90.0,0.00728863,9.168e-05,0.01257862
Original,Original,90.0,0.00947522,5.959e-05,0.00628931
Original,Original,90.0,0.00765306,0.00010589,0.01383648
Original,Original,90.0,0.00911079,0.00013179,0.01446541
Original,Original,90.0,0.00911079,9.168e-05,0.01006289
Original,Original,90.0,0.0069242,2.177e-05,0.00314465
Original,Original,90.0,0.00947522,4.171e-05,0.00440252
Original,Original,90.0,0.00983965,0.00011758,0.01194969
Original,Original,90.0,0.00838192,7.907e-05,0.00943396
Original,Original,90.0,0.00838192,3.163e-05,0.00377358
Original,Original,90.0,0.00838192,3.69e-05,0.00440252
Original,Original,90.0,0.00983965,7.426e-05,0.00754717
Original,Original,90.0,0.00874636,0.00014302,0.0163522
Original,Original,90.0,0.00801749,5.547e-05,0.00691824
Original,Original,90.0,0.00728863,5.959e-05,0.0081761
Original,Original,90.0,0.00874636,0.00012652,0.01446541
Original,Original,90.0,0.00947522,7.747e-05,0.0081761
Original,Original,90.0,0.00947522,5.959e-05,0.00628931
Original,Original,90.0,0.00874636,6.601e-05,0.00754717
Original,Original,90.0,0.0069242,8.274e-05,0.01194969
Original,Original,90.0,0.00838192,5.799e-05,0.00691824
Original,Original,90.0,0.0069242,8.71e-05,0.01257862
Original,Original,90.0,0.00728863,6.418e-05,0.00880503
Original,Original,90.0,0.00947522,0.00010131,0.01069182
Original,Original,90.0,0.0069242,7.403e-05,0.01069182
Original,Original,90.0,0.00874636,6.601e-05,0.00754717
Original,Original,90.0,0.00801749,4.034e-05,0.00503145
Original,Original,90.0,0.00874636,9.351e-05,0.01069182
Original,Original,90.0,0.00838192,8.962e-05,0.01069182
Original,Original,90.0,0.00911079,0.00012033,0.01320755
Original,Original,90.0,0.00874636,0.00010452,0.01194969
Original,Original,90.0,0.00911079,7.449e-05,0.0081761
Original,Original,90.0,0.00911079,0.00013179,0.01446541
Original,Original,90.0,0.0069242,9.145e-05,0.01320755
Original,Original,90.0,0.00874636,0.00013202,0.01509434
Original,Original,90.0,0.0069242,7.839e-05,0.01132075
Original,Original,90.0,0.01056851,0.000113,0.01069182
Original,Original,90.0,0.00619534,6.624e-05,0.01069182
Original,Original,90.0,0.00947522,0.00014302,0.01509434
Original,Original,90.0,0.00728863,6.876e-05,0.00943396
Original,Original,90.0,0.00874636,6.051e-05,0.00691824
Original,Original,90.0,0.00911079,5.157e-05,0.00566038
Original,Original,90.0,0.00874636,3.301e-05,0.00377358
Original,Original,90.0,0.00911079,2.865e-05,0.00314465
Original,Original,90.0,0.00911079,0.00012033,0.01320755
Original,Original,90.0,0.00911079,0.00014325,0.01572327
Original,Original,90.0,0.00874636,5.501e-05,0.00628931
Original,Original,90.0,0.00838192,0.00011598,0.01383648
Original,Original,90.0,0.0069242,3.919e-05,0.00566038
Original,Original,90.0,0.00765306,0.00010589,0.01383648
Original,Original,90.0,0.00947522,0.00011323,0.01194969
Original,Original,90.0,0.00874636,0.00011552,0.01320755
Original,Original,90.0,0.01056851,0.000113,0.01069182
Original,Original,90.0,0.00728863,7.334e-05,0.01006289
Original,Original,90.0,0.00947522,5.363e-05,0.00566038
Original,Original,90.0,0.00838192,7.907e-05,0.00943396
Original,Original,90.0,0.0069242,0.00010016,0.01446541
Original,Original,90.0,0.00801749,5.042e-05,0.00628931
Original,Original,90.0,0.00765306,6.257e-05,0.0081761
Original,Original,90.0,0.00947522,8.343e-05,0.00880503
Original,Original,90.0,0.00765306,0.0001107,0.01446541
Original,Original,90.0,0.00911079,0.00013752,0.01509434
Original,Original,90.0,0.00874636,2.2e-05,0.00251572
Original,Original,90.0,0.00728863,8.251e-05,0.01132075
Original,Original,90.0,0.01056851,7.976e-05,0.00754717
Original,Original,90.0,0.00874636,2.75e-05,0.00314465
Original,Original,90.0,0.00874636,9.351e-05,0.01069182
Original,Original,90.0,0.0069242,5.661e-05,0.0081761
Original,Original,90.0,0.00801749,9.076e-05,0.01132075
Original,Original,90.0,0.01020408,3.209e-05,0.00314465
Original,Original,90.0,0.00728863,0.00010543,0.01446541
Original,Original,90.0,0.01093294,4.126e-05,0.00377358
Original,Original,90.0,0.00801749,7.564e-05,0.00943396
Original,Original,90.0,0.00728863,7.793e-05,0.01069182
Original,Original,90.0,0.00728863,9.626e-05,0.01320755
Original,Original,90.0,0.00911079,3.438e-05,0.00377358
Original,Original,90.0,0.00947522,0.00012514,0.01320755
Original,Original,90.0,0.00728863,6.418e-05,0.00880503
Original,Original,90.0,0.0058309,2.934e-05,0.00503145
Original,Original,90.0,0.00801749,9.581e-05,0.01194969
Original,Original,90.0,0.00874636,6.601e-05,0.00754717
Original,Original,90.0,0.00765306,2.407e-05,0.00314465
Original,Original,90.0,0.00728863,4.584e-05,0.00628931
Original,Original,90.0,0.00765306,3.851e-05,0.00503145
Original,Original,90.0,0.00765306,3.851e-05,0.00503145
Original,Original,90.0,0.0069242,7.403e-05,0.01069182
Original,Original,90.0,0.00911079,9.741e-05,0.01069182
Original,Original,90.0,0.0058309,5.134e-05,0.00880503
Original,Original,90.0,0.00874636,7.151e-05,0.0081761
Original,Original,90.0,0.00801749,8.572e-05,0.01069182
Original,Original,90.0,0.0069242,6.532e-05,0.00943396
Original,Original,90.0,0.00619534,4.676e-05,0.00754717
Original,Original,90.0,0.00874636,9.351e-05,0.01069182
Original,Original,90.0,0.00473761,4.767e-05,0.01006289
Original,Original,90.0,0.0058309,5.868e-05,0.01006289
Original,Original,90.0,0.00874636,5.501e-05,0.00628931
Original,Original,90.0,0.00765306,6.739e-05,0.00880503
Original,Original,90.0,0.00728863,9.168e-05,0.01257862
Original,Original,90.0,0.00765306,0.00010589,0.01383648
Original,Original,90.0,0.00801749,8.572e-05,0.01069182
Original,Original,90.0,0.00838192,0.00010543,0.01257862
Original,Original,90.0,0.00874636,6.601e-05,0.00754717
Original,Original,90.0,0.00801749,9.076e-05,0.01132075
Original,Original,90.0,0.00911079,8.595e-05,0.00943396
Original,Original,90.0,0.0069242,9.145e-05,0.01320755
Original,Original,90.0,0.00765306,5.776e-05,0.00754717
Original,Original,90.0,0.00947522,7.747e-05,0.0081761
Original,Original,90.0,0.00655977,8.664e-05,0.01320755
Original,Original,90.0,0.0069242,6.532e-05,0.00943396
Original,Original,90.0,0.00838192,0.00010543,0.01257862
Original,Original,90.0,0.00874636,9.902e-05,0.01132075
Original,Original,90.0,0.0069242,7.403e-05,0.01069182
Original,Original,90.0,0.00838192,4.744e-05,0.00566038
Original,Original,90.0,0.00655977,2.063e-05,0.00314465
Original,Original,90.0,0.0069242,2.177e-05,0.00314465
Original,Original,90.0,0.00728863,4.126e-05,0.00566038
Original,Original,90.0,0.00801749,8.572e-05,0.01069182
Original,Original,90.0,0.00765306,6.257e-05,0.0081761
Original,Original,90.0,0.00801749,0.00011093,0.01383648
Original,Original,90.0,0.00765306,6.257e-05,0.0081761
Original,Original,90.0,0.0069242,7.839e-05,0.01132075
Original,Original,90.0,0.00838192,0.0001107,0.01320755
Original,Original,90.0,0.00728863,9.626e-05,0.01320755
Original,Original,90.0,0.00838192,7.907e-05,0.00943396
Original,Original,90.0,0.00874636,7.701e-05,0.00880503
Original,Original,90.0,0.00801749,8.572e-05,0.01069182
Original,Original,90.0,0.00728863,8.71e-05,0.01194969
Original,Original,90.0,0.00838192,6.853e-05,0.0081761
Original,Original,90.0,0.00728863,5.959e-05,0.0081761
Original,Original,90.0,0.00838192,8.435e-05,0.01006289
Original,Original,90.0,0.00838192,0.00011598,0.01383648
Original,Original,90.0,0.00510204,5.776e-05,0.01132075
Original,Original,90.0,0.0069242,3.484e-05,0.00503145
Original,Original,90.0,0.00765306,9.145e-05,0.01194969
Original,Original,90.0,0.01020408,6.418e-05,0.00628931
Original,Original,90.0,0.00728863,8.251e-05,0.01132075
Original,Original,90.0,0.00874636,0.00012102,0.01383648
Original,Original,90.0,0.00655977,2.475e-05,0.00377358
Original,Original,90.0,0.00801749,8.068e-05,0.01006289
Original,Original,90.0,0.00911079,7.449e-05,0.0081761
Original,Original,90.0,0.00765306,8.664e-05,0.01132075
Original,Original,90.0,0.00801749,4.538e-05,0.00566038
Original,Original,90.0,0.00983965,9.283e-05,0.00943396
Original,Original,90.0,0.0069242,6.532e-05,0.00943396
Original,Original,90.0,0.00911079,0.00010887,0.01194969
Original,Original,90.0,0.00619534,3.117e-05,0.00503145
Original,Original,90.0,0.00655977,2.888e-05,0.00440252
Original,Original,90.0,0.00838192,7.38e-05,0.00880503
Original,Original,90.0,0.0069242,4.79e-05,0.00691824
Original,Original,90.0,0.00801749,7.059e-05,0.00880503
Original,Original,90.0,0.00655977,2.475e-05,0.00377358
Original,Original,90.0,0.00728863,5.959e-05,0.0081761
Original,Original,90.0,0.00801749,0.00012102,0.01509434
Original,Original,90.0,0.00838192,6.326e-05,0.00754717
Original,Original,90.0,0.00983965,4.332e-05,0.00440252
Original,Original,90.0,0.0058309,7.334e-05,0.01257862
Original,Original,90.0,0.00765306,9.626e-05,0.01257862
Original,Original,90.0,0.00874636,9.902e-05,0.01132075
Original,Original,90.0,0.00728863,8.251e-05,0.01132075
Original,Original,90.0,0.00765306,7.701e-05,0.01006289
Original,Original,90.0,0.00947522,6.555e-05,0.00691824
Original,Original,90.0,0.00838192,0.00011598,0.01383648
Original,Original,90.0,0.00546647,4.126e-05,0.00754717
Original,Original,90.0,0.00801749,2.521e-05,0.00314465
Original,Original,90.0,0.00911079,7.449e-05,0.0081761
Original,Original,90.0,0.0069242,2.613e-05,0.00377358
Original,Original,90.0,0.00801749,0.00011598,0.01446541
Original,Original,90.0,0.00801749,8.068e-05,0.01006289
Original,Original,90.0,0.00911079,8.022e-05,0.00880503
Original,Original,90.0,0.00838192,6.853e-05,0.0081761
Original,Original,90.0,0.00801749,0.00011093,0.01383648
Original,Original,90.0,0.0069242,8.71e-05,0.01257862
Original,Original,90.0,0.00947522,4.171e-05,0.00440252
Original,Original,90.0,0.00765306,4.332e-05,0.00566038
Original,Original,90.0,0.00801749,0.00011598,0.01446541
Original,Original,90.0,0.00655977,2.063e-05,0.00314465
Original,Original,90.0,0.00655977,4.538e-05,0.00691824
Original,Original,90.0,0.00765306,9.145e-05,0.01194969
Original,Original,90.0,0.00911079,6.303e-05,0.00691824
Original,Original,90.0,0.00655977,7.839e-05,0.01194969
Original,Original,90.0,0.0069242,8.71e-05,0.01257862
Original,Original,90.0,0.00546647,6.532e-05,0.01194969
Original,Original,90.0,0.00655977,5.776e-05,0.00880503
Original,Original,90.0,0.00911079,6.876e-05,0.00754717
Original,Original,90.0,0.00728863,5.959e-05,0.0081761
Original,Original,90.0,0.00765306,8.664e-05,0.01132075
Original,Original,90.0,0.01020408,9.626e-05,0.00943396
Original,Original,90.0,0.00801749,0.00010085,0.01257862
Original,Original,90.0,0.00728863,6.418e-05,0.00880503
Original,Original,90.0,0.00765306,7.22e-05,0.00943396
Original,Original,90.0,0.00728863,8.251e-05,0.01132075
Original,Original,90.0,0.00765306,5.295e-05,0.00691824
Original,Original,90.0,0.00765306,8.183e-05,0.01069182
Original,Original,90.0,0.00874636,2.75e-05,0.00314465
Original,Original,90.0,0.00619534,7.793e-05,0.01257862
Original,Original,90.0,0.00911079,0.00010314,0.01132075
Original,Original,90.0,0.00655977,5.776e-05,0.00880503
Original,Original,90.0,0.00911079,0.0001146,0.01257862
Original,Original,90.0,0.00728863,7.334e-05,0.01006289
Original,Original,90.0,0.00765306,0.00010589,0.01383648
Original,Original,90.0,0.00983965,0.0001052,0.01069182
Original,Original,90.0,0.00801749,9.581e-05,0.01194969
Original,Original,90.0,0.00473761,4.767e-05,0.01006289
Original,Original,90.0,0.00838192,5.272e-05,0.00628931
Original,Original,90.0,0.00911079,4.011e-05,0.00440252
Original,Original,90.0,0.0069242,8.71e-05,0.01257862
Original,Original,90.0,0.00510204,5.455e-05,0.01069182
Original,Original,90.0,0.00473761,3.576e-05,0.00754717
Original,Original,90.0,0.0069242,5.661e-05,0.0081761
Original,Original,90.0,0.00801749,9.076e-05,0.01132075
Original,Original,90.0,0.00619534,5.455e-05,0.00880503
Original,Original,90.0,0.00655977,2.888e-05,0.00440252
Original,Original,90.0,0.00765306,0.00010108,0.01320755
Original,Original,90.0,0.00838192,0.00011598,0.01383648
Original,Original,90.0,0.00874636,9.902e-05,0.01132075
Original,Original,90.0,0.00765306,8.664e-05,0.01132075
Original,Original,90.0,0.00765306,3.369e-05,0.00440252
Original,Original,90.0,0.00801749,0.00010589,0.01320755
Original,Original,90.0,0.00510204,5.455e-05,0.01069182
Original,Original,90.0,0.00546647,5.157e-05,0.00943396
Original,Original,90.0,0.00765306,8.664e-05,0.01132075
Original,Original,90.0,0.00728863,7.793e-05,0.01069182
Original,Original,90.0,0.00473761,1.788e-05,0.00377358
Original,Original,90.0,0.00765306,5.295e-05,0.00691824
Original,Original,90.0,0.00801749,8.572e-05,0.01069182
Original,Original,90.0,0.00874636,7.701e-05,0.00880503
Original,Original,90.0,0.00838192,8.435e-05,0.01006289
Original,Original,90.0,0.0069242,3.048e-05,0.00440252
Original,Original,90.0,0.00765306,8.664e-05,0.01132075
Original,Original,90.0,0.00728863,6.418e-05,0.00880503
Original,Original,90.0,0.00765306,8.664e-05,0.01132075
Original,Original,90.0,0.00983965,6.188e-05,0.00628931
Original,Original,90.0,0.0069242,8.71e-05,0.01257862
Original,Original,90.0,0.00765306,6.739e-05,0.00880503
Original,Original,90.0,0.00728863,9.626e-05,0.01320755
Original,Original,90.0,0.00874636,9.351e-05,0.01069182
Original,Original,90.0,0.00765306,5.776e-05,0.00754717
Original,Original,90.0,0.0069242,6.968e-05,0.01006289
Original,Original,90.0,0.00546647,6.188e-05,0.01132075
Original,Original,90.0,0.00619534,5.845e-05,0.00943396
Original,Original,90.0,0.00728863,6.418e-05,0.00880503
Original,Original,90.0,0.00765306,5.295e-05,0.00691824
Original,Original,90.0,0.00619534,4.286e-05,0.00691824
Original,Original,90.0,0.00874636,0.00011552,0.01320755
Original,Original,90.0,0.00765306,9.626e-05,0.01257862
Original,Original,90.0,0.00655977,6.188e-05,0.00943396
Original,Original,90.0,0.00765306,8.664e-05,0.01132075
Original,Original,90.0,0.0069242,4.79e-05,0.00691824
Original,Original,90.0,0.00619534,7.403e-05,0.01194969
Original,Original,90.0,0.00765306,0.00010108,0.01320755
Original,Original,90.0,0.0069242,2.613e-05,0.00377358
Original,Original,90.0,0.00765306,1.925e-05,0.00251572
Original,Original,90.0,0.00765306,9.145e-05,0.01194969
Original,Original,90.0,0.00765306,7.701e-05,0.01006289
Original,Original,90.0,0.00765306,5.776e-05,0.00754717
Original,Original,90.0,0.00546647,6.188e-05,0.01132075
Original,Original,90.0,0.00765306,3.369e-05,0.00440252
Original,Original,90.0,0.00801749,0.00011093,0.01383648
Original,Original,90.0,0.00728863,8.251e-05,0.01132075
Original,Original,90.0,0.0058309,3.667e-05,0.00628931
Original,Original,90.0,0.00546647,1.719e-05,0.00314465
Original,Original,90.0,0.00838192,6.326e-05,0.00754717
Original,Original,90.0,0.00911079,6.303e-05,0.00691824
Original,Original,90.0,0.00765306,9.145e-05,0.01194969
Original,Original,90.0,0.00765306,0.0001107,0.01446541
Original,Original,90.0,0.00546647,5.845e-05,0.01069182
Original,Original,90.0,0.00874636,7.701e-05,0.00880503
Original,Original,90.0,0.00765306,3.369e-05,0.00440252
Original,Original,90.0,0.00655977,6.188e-05,0.00943396
Original,Original,90.0,0.00801749,9.581e-05,0.01194969
Original,Original,90.0,0.00765306,0.0001107,0.01446541
Original,Original,90.0,0.00728863,8.71e-05,0.01194969
Original,Original,90.0,0.0069242,9.581e-05,0.01383648
Original,Original,90.0,0.00801749,5.042e-05,0.00628931
Original,Original,90.0,0.00838192,0.00012125,0.01446541
Original,Original,90.0,0.0058309,5.134e-05,0.00880503
Original,Original,90.0,0.00728863,2.75e-05,0.00377358
Original,Original,90.0,0.00874636,9.351e-05,0.01069182
Original,Original,90.0,0.0069242,2.177e-05,0.00314465
Original,Original,90.0,0.00765306,3.851e-05,0.00503145
Original,Original,90.0,0.00765306,8.664e-05,0.01132075
Original,Original,90.0,0.0058309,8.068e-05,0.01383648
Original,Original,90.0,0.00765306,8.183e-05,0.01069182
Original,Original,90.0,0.00765306,3.369e-05,0.00440252
Original,Original,90.0,0.00765306,9.145e-05,0.01194969
Original,Original,90.0,0.00765306,4.332e-05,0.00566038
Original,Original,90.0,0.00619534,4.676e-05,0.00754717
Original,Original,90.0,0.00874636,3.301e-05,0.00377358
Original,Original,90.0,0.0058309,4.767e-05,0.0081761
Original,Original,90.0,0.00765306,7.701e-05,0.01006289
Original,Original,90.0,0.00728863,6.418e-05,0.00880503
Original,Original,90.0,0.0069242,4.355e-05,0.00628931
Original,Original,90.0,0.00728863,4.126e-05,0.00566038
Original,Original,90.0,0.00510204,5.134e-05,0.01006289
Original,Original,90.0,0.0069242,7.839e-05,0.01132075
Original,Original,90.0,0.00728863,9.626e-05,0.01320755
Original,Original,90.0,0.00510204,3.53e-05,0.00691824
Original,Original,90.0,0.00728863,3.209e-05,0.00440252
Original,Original,90.0,0.00655977,4.951e-05,0.00754717
Original,Original,90.0,0.00728863,7.334e-05,0.01006289
Original,Original,90.0,0.00765306,4.332e-05,0.00566038
Original,Original,90.0,0.0058309,4.401e-05,0.00754717
Original,Original,90.0,0.00655977,8.664e-05,0.01320755
Original,Original,90.0,0.00728863,6.418e-05,0.00880503
Original,Original,90.0,0.00655977,5.776e-05,0.00880503
Original,Original,90.0,0.0069242,2.613e-05,0.00377358
Original,Original,90.0,0.00546647,2.063e-05,0.00377358
Original,Original,90.0,0.00655977,8.664e-05,0.01320755
Original,Original,90.0,0.00765306,2.888e-05,0.00377358
Original,Original,90.0,0.00838192,4.217e-05,0.00503145
Original,Original,90.0,0.00728863,6.418e-05,0.00880503
Original,Original,90.0,0.00765306,0.00010108,0.01320755
Original,Original,90.0,0.0069242,6.097e-05,0.00880503
Original,Original,90.0,0.00546647,4.126e-05,0.00754717
Original,Original,90.0,0.00874636,3.301e-05,0.00377358
Original,Original,90.0,0.00801749,5.547e-05,0.00691824
Original,Original,90.0,0.00728863,7.793e-05,0.01069182
Original,Original,90.0,0.00728863,7.334e-05,0.01006289
Original,Original,90.0,0.0069242,9.581e-05,0.01383648
Original,Original,90.0,0.00510204,6.097e-05,0.01194969
Original,Original,90.0,0.00765306,4.332e-05,0.00566038
Original,Original,90.0,0.0069242,3.484e-05,0.00503145
Original,Original,90.0,0.00728863,9.168e-05,0.01257862
Original,Original,90.0,0.00546647,3.438e-05,0.00628931
Original,Original,90.0,0.00619534,6.234e-05,0.01006289
Original,Original,90.0,0.00655977,7.426e-05,0.01132075
Original,Original,90.0,0.00765306,9.626e-05,0.01257862
Original,Original,90.0,0.00801749,6.051e-05,0.00754717
Original,Original,90.0,0.00765306,3.369e-05,0.00440252
Original,Original,90.0,0.00728863,8.71e-05,0.01194969
Original,Original,90.0,0.00838192,7.38e-05,0.00880503
Original,Original,90.0,0.00619534,4.286e-05,0.00691824
Original,Original,90.0,0.00655977,2.063e-05,0.00314465
Original,Original,90.0,0.00801749,6.555e-05,0.0081761
Original,Original,90.0,0.00655977,7.839e-05,0.01194969
Original,Original,90.0,0.00801749,5.042e-05,0.00628931
Original,Original,90.0,0.00765306,3.851e-05,0.00503145
Original,Original,90.0,0.00728863,8.251e-05,0.01132075
Original,Original,90.0,0.00765306,8.183e-05,0.01069182
Original,Original,90.0,0.00655977,2.475e-05,0.00377358
Original,Original,90.0,0.00801749,0.00011093,0.01383648
Original,Original,90.0,0.00765306,0.00010108,0.01320755
Original,Original,90.0,0.00728863,7.793e-05,0.01069182
Original,Original,90.0,0.0058309,5.501e-05,0.00943396
Original,Original,90.0,0.00728863,8.251e-05,0.01132075
Original,Original,90.0,0.0069242,7.839e-05,0.01132075
Original,Original,90.0,0.00619534,7.403e-05,0.01194969
Original,Original,90.0,0.00838192,8.435e-05,0.01006289
Original,Original,90.0,0.00728863,4.584e-05,0.00628931
Original,Original,90.0,0.00619534,8.183e-05,0.01320755
Original,Original,90.0,0.00728863,5.042e-05,0.00691824
Original,Original,90.0,0.00838192,7.907e-05,0.00943396
Original,Original,90.0,0.00728863,6.418e-05,0.00880503
Original,Original,90.0,0.00801749,4.538e-05,0.00566038
Original,Original,90.0,0.00728863,7.793e-05,0.01069182
Original,Original,90.0,0.00765306,4.332e-05,0.00566038
Original,Original,90.0,0.00911079,5.157e-05,0.00566038
Original,Original,90.0,0.00947522,4.171e-05,0.00440252
Original,Original,90.0,0.00838192,9.489e-05,0.01132075
Original,Original,90.0,0.00911079,4.584e-05,0.00503145
Original,Original,90.0,0.0069242,7.403e-05,0.01069182
Original,Original,90.0,0.00765306,8.183e-05,0.01069182
Original,Original,90.0,0.00728863,0.00010543,0.01446541
Original,Original,90.0,0.00874636,9.351e-05,0.01069182
Original,Original,90.0,0.00546647,5.845e-05,0.01069182
Original,Original,90.0,0.00619534,4.676e-05,0.00754717
Original,Original,90.0,0.00838192,5.272e-05,0.00628931
Original,Original,90.0,0.00655977,8.251e-05,0.01257862
Original,Original,90.0,0.00983965,6.807e-05,0.00691824
Original,Original,90.0,0.0058309,3.667e-05,0.00628931
Original,Original,90.0,0.00510204,5.134e-05,0.01006289
Original,Original,90.0,0.00690909,8.196e-05,0.0118624
Original,Original,90.0,0.00872727,8.8e-05,0.01008304
Original,Original,90.0,0.00872727,7.247e-05,0.00830368
Original,Original,90.0,0.00836364,0.00011906,0.01423488
Original,Original,90.0,0.01018182,0.0001087,0.01067616
Original,Original,90.0,0.01018182,4.831e-05,0.00474496
Original,Original,90.0,0.01054545,3.753e-05,0.00355872
Original,Original,90.0,0.00872727,0.00011388,0.01304864
Original,Original,90.0,0.00945455,6.729e-05,0.00711744
Original,Original,90.0,0.00909091,9.706e-05,0.01067616
Original,Original,90.0,0.008,2.847e-05,0.00355872
Original,Original,90.0,0.01090909,9.059e-05,0.00830368
Original,Original,90.0,0.00836364,7.937e-05,0.00948992
Original,Original,90.0,0.00909091,0.00010245,0.01126928
Original,Original,90.0,0.00690909,6.557e-05,0.00948992
Original,Original,90.0,0.00727273,9.059e-05,0.01245552
Original,Original,90.0,0.00909091,0.00010784,0.0118624
Original,Original,90.0,0.00836364,0.00011409,0.01364176
Original,Original,90.0,0.008,0.00012337,0.01542112
Original,Original,90.0,0.00618182,4.767e-05,0.00771056
Original,Original,90.0,0.00945455,3.925e-05,0.00415184
Original,Original,90.0,0.00981818,9.9e-05,0.01008304
Original,Original,90.0,0.00872727,0.00012941,0.014828
Original,Original,90.0,0.00945455,0.00010655,0.01126928
Original,Original,90.0,0.00872727,0.00011388,0.01304864
Original,Original,90.0,0.00909091,4.853e-05,0.00533808
Original,Original,90.0,0.00945455,7.29e-05,0.00771056
Original,Original,90.0,0.01018182,0.00010266,0.01008304
Original,Original,90.0,0.00727273,5.176e-05,0.00711744
Original,Original,90.0,0.008,7.592e-05,0.00948992
Original,Original,90.0,0.00836364,8.929e-05,0.01067616
Original,Original,90.0,0.00945455,6.168e-05,0.00652432
Original,Original,90.0,0.00690909,5.327e-05,0.00771056
Original,Original,90.0,0.00909091,0.00012941,0.01423488
Original,Original,90.0,0.008,2.847e-05,0.00355872
Original,Original,90.0,0.00872727,7.247e-05,0.00830368
Original,Original,90.0,0.00945455,0.00010655,0.01126928
Original,Original,90.0,0.00690909,6.966e-05,0.01008304
Original,Original,90.0,0.008,4.745e-05,0.0059312
Original,Original,90.0,0.00727273,8.196e-05,0.01126928
Original,Original,90.0,0.008,7.117e-05,0.0088968
Original,Original,90.0,0.00763636,9.059e-05,0.0118624
Original,Original,90.0,0.00618182,1.467e-05,0.00237248
Original,Original,90.0,0.00872727,0.00011906,0.01364176
Original,Original,90.0,0.00836364,2.48e-05,0.0029656
Original,Original,90.0,0.00690909,4.918e-05,0.00711744
Original,Original,90.0,0.00763636,6.794e-05,0.0088968
Original,Original,90.0,0.00909091,7.549e-05,0.00830368
Original,Original,90.0,0.00836364,5.953e-05,0.00711744
Original,Original,90.0,0.00654545,8.153e-05,0.01245552
Original,Original,90.0,0.00945455,2.804e-05,0.0029656
Original,Original,90.0,0.00581818,3.796e-05,0.00652432
Original,Original,90.0,0.00654545,5.047e-05,0.00771056
Original,Original,90.0,0.00690909,7.376e-05,0.01067616
Original,Original,90.0,0.00872727,7.764e-05,0.0088968
Original,Original,90.0,0.00945455,0.00010655,0.01126928
Original,Original,90.0,0.00727273,5.608e-05,0.00771056
Original,Original,90.0,0.00836364,6.449e-05,0.00771056
Original,Original,90.0,0.00872727,7.247e-05,0.00830368
Original,Original,90.0,0.008,8.541e-05,0.01067616
Original,Original,90.0,0.00981818,8.735e-05,0.0088968
Original,Original,90.0,0.00727273,7.764e-05,0.01067616
Original,Original,90.0,0.00872727,0.0001087,0.01245552
Original,Original,90.0,0.01054545,8.757e-05,0.00830368
Original,Original,90.0,0.01054545,0.00011884,0.01126928
Original,Original,90.0,0.00872727,2.071e-05,0.00237248
Original,Original,90.0,0.00836364,8.929e-05,0.01067616
Original,Original,90.0,0.00727273,3.451e-05,0.00474496
Original,Original,90.0,0.00909091,9.706e-05,0.01067616
Original,Original,90.0,0.00872727,0.0001087,0.01245552
Original,Original,90.0,0.00945455,3.365e-05,0.00355872
Original,Original,90.0,0.00981818,6.406e-05,0.00652432
Original,Original,90.0,0.00981818,4.659e-05,0.00474496
Original,Original,90.0,0.00872727,0.00010353,0.0118624
Original,Original,90.0,0.00909091,0.00014558,0.01601423
Original,Original,90.0,0.00872727,8.282e-05,0.00948992
Original,Original,90.0,0.00836364,0.00010417,0.01245552
Original,Original,90.0,0.008,5.219e-05,0.00652432
Original,Original,90.0,0.00581818,1.725e-05,0.0029656
Original,Original,90.0,0.00945455,8.412e-05,0.0088968
Original,Original,90.0,0.00836364,8.433e-05,0.01008304
Original,Original,90.0,0.00945455,0.00014019,0.014828
Original,Original,90.0,0.00872727,5.694e-05,0.00652432
Original,Original,90.0,0.00836364,6.945e-05,0.00830368
Original,Original,90.0,0.00618182,7.7e-05,0.01245552
Original,Original,90.0,0.01018182,0.00012682,0.01245552
Original,Original,90.0,0.00909091,0.0001348,0.014828
Original,Original,90.0,0.00872727,0.00011906,0.01364176
Original,Original,90.0,0.00618182,8.433e-05,0.01364176
Original,Original,90.0,0.00909091,8.627e-05,0.00948992
Original,Original,90.0,0.00909091,0.00014019,0.01542112
Original,Original,90.0,0.00763636,3.623e-05,0.00474496
Original,Original,90.0,0.00872727,7.764e-05,0.0088968
Original,Original,90.0,0.008,9.49e-05,0.0118624
Original,Original,90.0,0.00945455,3.925e-05,0.00415184
Original,Original,90.0,0.00872727,0.0001087,0.01245552
Original,Original,90.0,0.00727273,9.921e-05,0.01364176
Original,Original,90.0,0.00872727,0.00012941,0.014828
Original,Original,90.0,0.00872727,0.00013458,0.01542112
Original,Original,90.0,0.00872727,5.176e-05,0.0059312
Original,Original,90.0,0.00981818,0.00014558,0.014828
Original,Original,90.0,0.00763636,0.00010417,0.01364176
Original,Original,90.0,0.00618182,7.333e-05,0.0118624
Original,Original,90.0,0.00945455,7.29e-05,0.00771056
Original,Original,90.0,0.00981818,4.659e-05,0.00474496
Original,Original,90.0,0.00654545,5.047e-05,0.00771056
Original,Original,90.0,0.00690909,7.376e-05,0.01067616
Original,Original,90.0,0.00909091,0.00011862,0.01304864
Original,Original,90.0,0.00945455,8.412e-05,0.0088968
Original,Original,90.0,0.00836364,4.961e-05,0.0059312
Original,Original,90.0,0.00981818,9.317e-05,0.00948992
Original,Original,90.0,0.00872727,3.623e-05,0.00415184
Original,Original,90.0,0.00909091,4.853e-05,0.00533808
Original,Original,90.0,0.008,4.745e-05,0.0059312
Original,Original,90.0,0.00981818,6.406e-05,0.00652432
Original,Original,90.0,0.00727273,8.196e-05,0.01126928
Original,Original,90.0,0.00909091,9.166e-05,0.01008304
Original,Original,90.0,0.00836364,4.961e-05,0.0059312
Original,Original,90.0,0.00872727,0.00011906,0.01364176
Original,Original,90.0,0.00618182,4.767e-05,0.00771056
Original,Original,90.0,0.00763636,0.00010417,0.01364176
Original,Original,90.0,0.00945455,8.412e-05,0.0088968
Original,Original,90.0,0.00836364,0.00011906,0.01423488
Original,Original,90.0,0.00836364,5.953e-05,0.00711744
Original,Original,90.0,0.00763636,6.341e-05,0.00830368
Original,Original,90.0,0.01018182,9.662e-05,0.00948992
Original,Original,90.0,0.00763636,3.17e-05,0.00415184
Original,Original,90.0,0.008,7.117e-05,0.0088968
Original,Original,90.0,0.00909091,0.00010784,0.0118624
Original,Original,90.0,0.00981818,4.076e-05,0.00415184
Original,Original,90.0,0.00945455,0.00013458,0.01423488
Original,Original,90.0,0.00872727,7.764e-05,0.0088968
Original,Original,90.0,0.00909091,0.0001348,0.014828
Original,Original,90.0,0.00690909,2.049e-05,0.0029656
Original,Original,90.0,0.00763636,7.247e-05,0.00948992
Original,Original,90.0,0.00836364,0.00011906,0.01423488
Original,Original,90.0,0.00872727,9.835e-05,0.01126928
Original,Original,90.0,0.00945455,0.00012337,0.01304864
Original,Original,90.0,0.00872727,0.00011906,0.01364176
Original,Original,90.0,0.00945455,4.486e-05,0.00474496
Original,Original,90.0,0.00836364,7.441e-05,0.0088968
Original,Original,90.0,0.00909091,0.00010245,0.01126928
Original,Original,90.0,0.00872727,4.141e-05,0.00474496
Original,Original,90.0,0.00872727,0.00013976,0.01601423
Original,Original,90.0,0.00872727,9.835e-05,0.01126928
Original,Original,90.0,0.00690909,6.557e-05,0.00948992
Original,Original,90.0,0.00872727,9.317e-05,0.01067616
Original,Original,90.0,0.00909091,0.00010784,0.0118624
Original,Original,90.0,0.00872727,5.176e-05,0.0059312
Original,Original,90.0,0.00981818,5.241e-05,0.00533808
Original,Original,90.0,0.00654545,4.659e-05,0.00711744
Original,Original,90.0,0.00763636,6.341e-05,0.00830368
Original,Original,90.0,0.00727273,7.333e-05,0.01008304
Original,Original,90.0,0.00981818,0.00010482,0.01067616
Original,Original,90.0,0.00945455,0.00014019,0.014828
Original,Original,90.0,0.00836364,2.48e-05,0.0029656
Original,Original,90.0,0.008,9.964e-05,0.01245552
Original,Original,90.0,0.00872727,8.282e-05,0.00948992
Original,Original,90.0,0.00618182,6.966e-05,0.01126928
Original,Original,90.0,0.00872727,5.176e-05,0.0059312
Original,Original,90.0,0.00690909,5.327e-05,0.00771056
Original,Original,90.0,0.00909091,5.931e-05,0.00652432
Original,Original,90.0,0.008,9.015e-05,0.01126928
Original,Original,90.0,0.00763636,7.247e-05,0.00948992
Original,Original,90.0,0.00872727,0.00012423,0.01423488
Original,Original,90.0,0.01090909,3.882e-05,0.00355872
Original,Original,90.0,0.008,8.066e-05,0.01008304
Original,Original,90.0,0.00872727,4.141e-05,0.00474496
Original,Original,90.0,0.00763636,4.982e-05,0.00652432
Original,Original,90.0,0.00909091,0.00012402,0.01364176
Original,Original,90.0,0.00909091,0.00012941,0.01423488
Original,Original,90.0,0.00872727,0.00013458,0.01542112
Original,Original,90.0,0.00909091,0.0001348,0.014828
Original,Original,90.0,0.00909091,8.627e-05,0.00948992
Original,Original,90.0,0.008,0.00010913,0.01364176
Original,Original,90.0,0.00690909,9.015e-05,0.01304864
Original,Original,90.0,0.01018182,7.851e-05,0.00771056
Original,Original,90.0,0.00945455,7.851e-05,0.00830368
Original,Original,90.0,0.00909091,5.392e-05,0.0059312
Original,Original,90.0,0.00836364,9.921e-05,0.0118624
Original,Original,90.0,0.00872727,0.00012941,0.014828
Original,Original,90.0,0.00581818,6.557e-05,0.01126928
Original,Original,90.0,0.01018182,4.831e-05,0.00474496
Original,Original,90.0,0.00872727,0.00011388,0.01304864
Original,Original,90.0,0.00690909,4.918e-05,0.00711744
Original,Original,90.0,0.00836364,0.00011906,0.01423488
Original,Original,90.0,0.00727273,9.921e-05,0.01364176
Original,Original,90.0,0.00872727,8.8e-05,0.01008304
Original,Original,90.0,0.00945455,3.925e-05,0.00415184
Original,Original,90.0,0.00618182,5.866e-05,0.00948992
Original,Original,90.0,0.00909091,2.696e-05,0.0029656
Original,Original,90.0,0.00909091,5.931e-05,0.00652432
Original,Original,90.0,0.008,8.066e-05,0.01008304
Original,Original,90.0,0.00836364,0.00011409,0.01364176
Original,Original,90.0,0.00981818,5.823e-05,0.0059312
Original,Original,90.0,0.00690909,6.147e-05,0.0088968
Original,Original,90.0,0.00727273,5.608e-05,0.00771056
Original,Original,90.0,0.00763636,9.059e-05,0.0118624
Original,Original,90.0,0.00945455,0.00011215,0.0118624
Original,Original,90.0,0.00690909,5.327e-05,0.00771056
Original,Original,100.0,0.00636943,7.211e-05,0.01132075
Original,Original,100.0,0.007431,9.347e-05,0.01257862
Original,Original,100.0,0.00920028,9.258e-05,0.01006289
Original,Original,100.0,0.00778485,3.917e-05,0.00503145
Original,Original,100.0,0.00884643,3.338e-05,0.00377358
Original,Original,100.0,0.00813871,6.142e-05,0.00754717
Original,Original,100.0,0.01344657,5.92e-05,0.00440252
Original,Original,100.0,0.00672328,3.383e-05,0.00503145
Original,Original,100.0,0.00672328,4.228e-05,0.00628931
Original,Original,100.0,0.007431,6.076e-05,0.0081761
Original,Original,100.0,0.009908,4.362e-05,0.00440252
Original,Original,100.0,0.00920028,5.208e-05,0.00566038
Original,Original,100.0,0.01132343,5.697e-05,0.00503145
Original,Original,100.0,0.00636943,7.611e-05,0.01194969
Original,Original,100.0,0.01132343,4.273e-05,0.00377358
Original,Original,100.0,0.00707714,4.451e-05,0.00628931
Original,Original,100.0,0.00884643,9.458e-05,0.01069182
Original,Original,100.0,0.00672328,5.074e-05,0.00754717
Original,Original,100.0,0.00778485,9.303e-05,0.01194969
Original,Original,100.0,0.009908,4.985e-05,0.00503145
Original,Original,100.0,0.00920028,8.101e-05,0.00880503
Original,Original,100.0,0.00672328,5.497e-05,0.0081761
Original,Original,100.0,0.01167728,5.875e-05,0.00503145
Original,Original,100.0,0.01061571,0.00012685,0.01194969
Original,Original,100.0,0.01132343,4.273e-05,0.00377358
Original,Original,100.0,0.00849257,5.875e-05,0.00691824
Original,Original,100.0,0.00813871,4.095e-05,0.00503145
Original,Original,100.0,0.00955414,0.00015022,0.01572327
Original,Original,100.0,0.009908,0.0001184,0.01194969
Original,Original,100.0,0.00813871,4.095e-05,0.00503145
Original,Original,100.0,0.00813871,0.00010237,0.01257862
Original,Original,100.0,0.00813871,2.047e-05,0.00251572
Original,Original,100.0,0.00849257,5.875e-05,0.00691824
Original,Original,100.0,0.00672328,7.188e-05,0.01069182
Original,Original,100.0,0.01273885,9.614e-05,0.00754717
Original,Original,100.0,0.00813871,3.071e-05,0.00377358
Original,Original,100.0,0.01026185,3.227e-05,0.00314465
Original,Original,100.0,0.00778485,0.00010282,0.01320755
Original,Original,100.0,0.00601557,6.432e-05,0.01069182
Original,Original,100.0,0.00813871,5.631e-05,0.00691824
Original,Original,100.0,0.00849257,5.875e-05,0.00691824
Original,Original,100.0,0.00813871,0.00011261,0.01383648
Original,Original,100.0,0.007431,2.337e-05,0.00314465
Original,Original,100.0,0.00813871,7.678e-05,0.00943396
Original,Original,100.0,0.00884643,0.00011128,0.01257862
Original,Original,100.0,0.00849257,9.08e-05,0.01069182
Original,Original,100.0,0.00813871,5.119e-05,0.00628931
Original,Original,100.0,0.00778485,6.365e-05,0.0081761
Original,Original,100.0,0.00636943,3.605e-05,0.00566038
Original,Original,100.0,0.01061571,6.009e-05,0.00566038
Original,Original,100.0,0.01026185,0.00010972,0.01069182
Original,Original,100.0,0.00778485,2.938e-05,0.00377358
Original,Original,100.0,0.009908,7.478e-05,0.00754717
Original,Original,100.0,0.00636943,6.81e-05,0.01069182
Original,Original,100.0,0.00566171,6.409e-05,0.01132075
Original,Original,100.0,0.01026185,4.518e-05,0.00440252
Original,Original,100.0,0.00920028,4.629e-05,0.00503145
Original,Original,100.0,0.007431,2.804e-05,0.00377358
Original,Original,100.0,0.00672328,6.766e-05,0.01006289
Original,Original,100.0,0.007431,5.141e-05,0.00691824
Original,Original,100.0,0.00884643,3.338e-05,0.00377358
Original,Original,100.0,0.00778485,3.917e-05,0.00503145
Original,Original,100.0,0.00813871,0.00011261,0.01383648
Original,Original,100.0,0.00813871,9.214e-05,0.01132075
Original,Original,100.0,0.00884643,4.451e-05,0.00503145
Original,Original,100.0,0.00955414,7.812e-05,0.0081761
Original,Original,100.0,0.00566171,4.273e-05,0.00754717
Original,Original,100.0,0.00672328,7.188e-05,0.01069182
Original,Original,100.0,0.00778485,9.303e-05,0.01194969
Original,Original,100.0,0.00884643,0.00011684,0.01320755
Original,Original,100.0,0.00884643,2.782e-05,0.00314465
Original,Original,100.0,0.007431,8.412e-05,0.01132075
Original,Original,100.0,0.00707714,6.677e-05,0.00943396
Original,Original,100.0,0.00707714,0.00010237,0.01446541
Original,Original,100.0,0.00636943,6.009e-05,0.00943396
Original,Original,100.0,0.00636943,4.807e-05,0.00754717
Original,Original,100.0,0.007431,7.478e-05,0.01006289
Original,Original,100.0,0.00636943,4.407e-05,0.00691824
Original,Original,100.0,0.00778485,6.365e-05,0.0081761
Original,Original,100.0,0.00849257,5.341e-05,0.00628931
Original,Original,100.0,0.00707714,8.012e-05,0.01132075
Original,Original,100.0,0.00884643,5.564e-05,0.00628931
Original,Original,100.0,0.00778485,8.813e-05,0.01132075
Original,Original,100.0,0.00601557,3.027e-05,0.00503145
Original,Original,100.0,0.00778485,4.896e-05,0.00628931
Original,Original,100.0,0.00955414,6.61e-05,0.00691824
Original,Original,100.0,0.00813871,9.726e-05,0.01194969
Original,Original,100.0,0.00601557,6.053e-05,0.01006289
Original,Original,100.0,0.00566171,1.424e-05,0.00251572
Original,Original,100.0,0.00813871,9.214e-05,0.01132075
Original,Original,100.0,0.00672328,4.228e-05,0.00628931
Original,Original,100.0,0.00778485,9.303e-05,0.01194969
Original,Original,100.0,0.00778485,3.427e-05,0.00440252
Original,Original,100.0,0.00849257,6.409e-05,0.00754717
Original,Original,100.0,0.00778485,4.407e-05,0.00566038
Original,Original,100.0,0.007431,6.076e-05,0.0081761
Original,Original,100.0,0.00849257,4.807e-05,0.00566038
Original,Original,100.0,0.007431,1.869e-05,0.00251572
Original,Original,100.0,0.00884643,3.895e-05,0.00440252
Original,Original,100.0,0.00813871,0.00012285,0.01509434
Original,Original,100.0,0.01026185,0.00014844,0.01446541
Original,Original,100.0,0.01026185,6.454e-05,0.00628931
Original,Original,100.0,0.01026185,0.00012263,0.01194969
Original,Original,100.0,0.00955414,0.00010816,0.01132075
Original,Original,100.0,0.00707714,8.457e-05,0.01194969
Original,Original,100.0,0.00955414,0.00012619,0.01320755
Original,Original,100.0,0.00813871,9.214e-05,0.01132075
Original,Original,100.0,0.01167728,8.813e-05,0.00754717
Original,Original,100.0,0.00778485,0.00010282,0.01320755
Original,Original,100.0,0.00707714,7.122e-05,0.01006289
Original,Original,100.0,0.00849257,0.00011751,0.01383648
Original,Original,100.0,0.01273885,0.00012819,0.01006289
Original,Original,100.0,0.00849257,0.00011217,0.01320755
Original,Original,100.0,0.00707714,4.006e-05,0.00566038
Original,Original,100.0,0.01203114,5.297e-05,0.00440252
Original,Original,100.0,0.00884643,0.00012797,0.01446541
Original,Original,100.0,0.009908,3.116e-05,0.00314465
Original,Original,100.0,0.00884643,5.007e-05,0.00566038
Original,Original,100.0,0.00920028,3.472e-05,0.00377358
Original,Original,100.0,0.00849257,7.478e-05,0.00880503
Original,Original,100.0,0.00778485,6.855e-05,0.00880503
Original,Original,100.0,0.00707714,4.896e-05,0.00691824
Original,Original,100.0,0.00778485,8.813e-05,0.01132075
Original,Original,100.0,0.00672328,7.188e-05,0.01069182
Original,Original,100.0,0.00778485,2.938e-05,0.00377358
Original,Original,100.0,0.00813871,8.702e-05,0.01069182
Original,Original,100.0,0.00849257,2.136e-05,0.00251572
Original,Original,100.0,0.007431,6.076e-05,0.0081761
Original,Original,100.0,0.007431,6.076e-05,0.0081761
Original,Original,100.0,0.00636943,6.409e-05,0.01006289
Original,Original,100.0,0.007431,0.00011684,0.01572327
Original,Original,100.0,0.009908,4.985e-05,0.00503145
Original,Original,100.0,0.00955414,4.206e-05,0.00440252
Original,Original,100.0,0.00955414,0.00014421,0.01509434
Original,Original,100.0,0.00884643,0.00013353,0.01509434
Original,Original,100.0,0.01309271,4.941e-05,0.00377358
Original,Original,100.0,0.00813871,7.678e-05,0.00943396
Original,Original,100.0,0.00884643,0.00013353,0.01509434
Original,Original,100.0,0.01026185,3.227e-05,0.00314465
Original,Original,100.0,0.00778485,9.792e-05,0.01257862
Original,Original,100.0,0.01344657,0.00016914,0.01257862
Original,Original,100.0,0.009908,4.985e-05,0.00503145
Original,Original,100.0,0.009908,0.00014332,0.01446541
Original,Original,100.0,0.009908,0.00013086,0.01320755
Original,Original,100.0,0.00849257,3.205e-05,0.00377358
Original,Original,100.0,0.00920028,0.00013309,0.01446541
Original,Original,100.0,0.00672328,6.343e-05,0.00943396
Original,Original,100.0,0.00778485,8.813e-05,0.01132075
Original,Original,100.0,0.00672328,6.766e-05,0.01006289
Original,Original,100.0,0.00884643,0.00011684,0.01320755
Original,Original,100.0,0.00601557,3.783e-05,0.00628931
Original,Original,100.0,0.00849257,0.00011217,0.01320755
Original,Original,100.0,0.00778485,5.875e-05,0.00754717
Original,Original,100.0,0.00849257,0.00012285,0.01446541
Original,Original,100.0,0.00813871,0.00011773,0.01446541
Original,Original,100.0,0.012385,0.00019473,0.01572327
Original,Original,100.0,0.00813871,7.166e-05,0.00880503
Original,Original,100.0,0.009908,0.00012463,0.01257862
Original,Original,100.0,0.00813871,0.00010749,0.01320755
Original,Original,100.0,0.00778485,9.303e-05,0.01194969
Original,Original,100.0,0.00920028,3.472e-05,0.00377358
Original,Original,100.0,0.009908,0.00010593,0.01069182
Original,Original,100.0,0.00813871,8.702e-05,0.01069182
Original,Original,100.0,0.009908,6.855e-05,0.00691824
Original,Original,100.0,0.01167728,5.875e-05,0.00503145
Original,Original,100.0,0.007431,3.739e-05,0.00503145
Original,Original,100.0,0.007431,4.674e-05,0.00628931
Original,Original,100.0,0.00778485,0.00010282,0.01320755
Original,Original,100.0,0.01061571,3.338e-05,0.00314465
Original,Original,100.0,0.00778485,3.427e-05,0.00440252
Original,Original,100.0,0.012385,0.00017915,0.01446541
Original,Original,100.0,0.01026185,4.518e-05,0.00440252
Original,Original,100.0,0.007431,0.00010282,0.01383648
Original,Original,100.0,0.009908,9.347e-05,0.00943396
Original,Original,100.0,0.00849257,0.00011217,0.01320755
Original,Original,100.0,0.007431,2.337e-05,0.00314465
Original,Original,100.0,0.00955414,3.605e-05,0.00377358
Original,Original,100.0,0.007431,9.347e-05,0.01257862
Original,Original,100.0,0.00849257,5.341e-05,0.00628931
Original,Original,100.0,0.009908,4.362e-05,0.00440252
Original,Original,100.0,0.00778485,8.813e-05,0.01132075
Original,Original,100.0,0.00778485,5.875e-05,0.00754717
Original,Original,100.0,0.00707714,8.012e-05,0.01132075
Original,Original,100.0,0.00849257,3.205e-05,0.00377358
Original,Original,100.0,0.00849257,0.00011217,0.01320755
Original,Original,100.0,0.00813871,3.071e-05,0.00377358
Original,Original,100.0,0.00778485,6.855e-05,0.00880503
Original,Original,100.0,0.00707714,8.457e-05,0.01194969
Original,Original,100.0,0.00813871,7.678e-05,0.00943396
Original,Original,100.0,0.00884643,0.00011684,0.01320755
Original,Original,100.0,0.00778485,4.407e-05,0.00566038
Original,Original,100.0,0.00955414,6.009e-05,0.00628931
Original,Original,100.0,0.00849257,5.341e-05,0.00628931
Original,Original,100.0,0.01132343,0.00012107,0.01069182
Original,Original,100.0,0.00884643,4.451e-05,0.00503145
Original,Original,100.0,0.00672328,7.188e-05,0.01069182
Original,Original,100.0,0.01203114,0.00010593,0.00880503
Original,Original,100.0,0.01096957,5.519e-05,0.00503145
Original,Original,100.0,0.00813871,8.702e-05,0.01069182
Original,Original,100.0,0.00920028,0.00013309,0.01446541
Original,Original,100.0,0.00920028,0.00011573,0.01257862
Original,Original,100.0,0.00707714,2.226e-05,0.00314465
Original,Original,100.0,0.00778485,5.386e-05,0.00691824
Original,Original,100.0,0.00884643,0.00011684,0.01320755
Original,Original,100.0,0.00920028,2.315e-05,0.00251572
Original,Original,100.0,0.01026185,3.227e-05,0.00314465
Original,Original,100.0,0.00920028,5.208e-05,0.00566038
Original,Original,100.0,0.00849257,0.00010148,0.01194969
Original,Original,100.0,0.00884643,0.00012797,0.01446541
Original,Original,100.0,0.00707714,4.451e-05,0.00628931
Original,Original,100.0,0.00778485,9.303e-05,0.01194969
Original,Original,100.0,0.01061571,8.68e-05,0.0081761
Original,Original,100.0,0.00849257,0.00010682,0.01257862
Original,Original,100.0,0.00707714,8.902e-05,0.01257862
Original,Original,100.0,0.007431,8.88e-05,0.01194969
Original,Original,100.0,0.00778485,2.938e-05,0.00377358
Original,Original,100.0,0.01026185,0.00013553,0.01320755
Original,Original,100.0,0.007431,8.412e-05,0.01132075
Original,Original,100.0,0.01167728,5.875e-05,0.00503145
Original,Original,100.0,0.00920028,6.365e-05,0.00691824
Original,Original,100.0,0.009908,0.00013086,0.01320755
Original,Original,100.0,0.00884643,4.451e-05,0.00503145
Original,Original,100.0,0.00778485,2.938e-05,0.00377358
Original,Original,100.0,0.00672328,5.074e-05,0.00754717
Original,Original,100.0,0.00636943,7.211e-05,0.01132075
Original,Original,100.0,0.01026185,9.036e-05,0.00880503
Original,Original,100.0,0.007431,2.337e-05,0.00314465
Original,Original,100.0,0.00707714,5.341e-05,0.00754717
Original,Original,100.0,0.01096957,0.00012418,0.01132075
Original,Original,100.0,0.01167728,5.875e-05,0.00503145
Original,Original,100.0,0.00920028,0.0001273,0.01383648
Original,Original,100.0,0.00778485,0.00010771,0.01383648
Original,Original,100.0,0.00884643,0.00013909,0.01572327
Original,Original,100.0,0.01132343,4.985e-05,0.00440252
Original,Original,100.0,0.00849257,8.546e-05,0.01006289
Original,Original,100.0,0.00813871,9.726e-05,0.01194969
Original,Original,100.0,0.00884643,8.902e-05,0.01006289
Original,Original,100.0,0.00707714,4.451e-05,0.00628931
Original,Original,100.0,0.007431,8.412e-05,0.01132075
Original,Original,100.0,0.00778485,0.00010771,0.01383648
Original,Original,100.0,0.00920028,5.786e-05,0.00628931
Original,Original,100.0,0.009908,8.724e-05,0.00880503
Original,Original,100.0,0.01203114,0.0001362,0.01132075
Original,Original,100.0,0.00672328,4.228e-05,0.00628931
Original,Original,100.0,0.01061571,0.00016024,0.01509434
Original,Original,100.0,0.00884643,0.00011128,0.01257862
Original,Original,100.0,0.00636943,4.006e-05,0.00628931
Original,Original,100.0,0.01026185,0.00013553,0.01320755
Original,Original,100.0,0.009908,0.00013709,0.01383648
Original,Original,100.0,0.00636943,4.407e-05,0.00691824
Original,Original,100.0,0.00849257,9.614e-05,0.01132075
Original,Original,100.0,0.00849257,5.875e-05,0.00691824
Original,Original,100.0,0.00813871,0.00010237,0.01257862
Original,Original,100.0,0.00884643,0.0001224,0.01383648
Original,Original,100.0,0.007431,6.543e-05,0.00880503
Original,Original,100.0,0.01061571,0.00012685,0.01194969
Original,Original,100.0,0.00884643,5.007e-05,0.00566038
Original,Original,100.0,0.00884643,5.564e-05,0.00628931
Original,Original,100.0,0.00920028,5.208e-05,0.00566038
Original,Original,100.0,0.01309271,0.00015645,0.01194969
Original,Original,100.0,0.00849257,3.205e-05,0.00377358
Original,Original,100.0,0.00920028,0.00015044,0.0163522
Original,Original,100.0,0.00849257,9.08e-05,0.01069182
Original,Original,100.0,0.01096957,8.969e-05,0.0081761
Original,Original,100.0,0.00778485,8.813e-05,0.01132075
Original,Original,100.0,0.00672328,8.034e-05,0.01194969
Original,Original,100.0,0.007431,7.945e-05,0.01069182
Original,Original,100.0,0.00778485,8.813e-05,0.01132075
Original,Original,100.0,0.009908,0.00013086,0.01320755
Original,Original,100.0,0.00884643,0.00010015,0.01132075
Original,Original,100.0,0.012385,0.00010126,0.0081761
Original,Original,100.0,0.00849257,5.875e-05,0.00691824
Original,Original,100.0,0.009908,0.00011217,0.01132075
Original,Original,100.0,0.00672328,4.651e-05,0.00691824
Original,Original,100.0,0.00707714,3.116e-05,0.00440252
Original,Original,100.0,0.009908,5.608e-05,0.00566038
Original,Original,100.0,0.00884643,5.564e-05,0.00628931
Original,Original,100.0,0.01132343,0.00012107,0.01069182
Original,Original,100.0,0.00955414,6.009e-05,0.00628931
Original,Original,100.0,0.009908,6.855e-05,0.00691824
Original,Original,100.0,0.00920028,0.0001273,0.01383648
Original,Original,100.0,0.00920028,0.00010415,0.01132075
Original,Original,100.0,0.00955414,2.404e-05,0.00251572
Original,Original,100.0,0.01096957,4.829e-05,0.00440252
Original,Original,100.0,0.01096957,9.659e-05,0.00880503
Original,Original,100.0,0.01132343,9.258e-05,0.0081761
Original,Original,100.0,0.00884643,0.00011684,0.01320755
Original,Original,100.0,0.01026185,5.809e-05,0.00566038
Original,Original,100.0,0.00707714,2.226e-05,0.00314465
Original,Original,100.0,0.00636943,7.611e-05,0.01194969
Original,Original,100.0,0.00955414,0.00011417,0.01194969
Original,Original,100.0,0.00955414,0.00010816,0.01132075
Original,Original,100.0,0.00849257,9.614e-05,0.01132075
Original,Original,100.0,0.00849257,5.341e-05,0.00628931
Original,Original,100.0,0.00884643,0.00011684,0.01320755
Original,Original,100.0,0.01344657,0.0001184,0.00880503
Original,Original,100.0,0.01026185,0.00013553,0.01320755
Original,Original,100.0,0.00920028,5.786e-05,0.00628931
Original,Original,100.0,0.00813871,6.142e-05,0.00754717
Original,Original,100.0,0.00955414,0.0001382,0.01446541
Original,Original,100.0,0.00849257,4.807e-05,0.00566038
Original,Original,100.0,0.00813871,7.166e-05,0.00880503
Original,Original,100.0,0.00849257,5.341e-05,0.00628931
Original,Original,100.0,0.00813871,8.19e-05,0.01006289
Original,Original,100.0,0.01380042,0.00011283,0.0081761
Original,Original,100.0,0.00955414,0.0001322,0.01383648
Original,Original,100.0,0.01061571,8.68e-05,0.0081761
Original,Original,100.0,0.00884643,8.346e-05,0.00943396
Original,Original,100.0,0.00813871,5.119e-05,0.00628931
Original,Original,100.0,0.00707714,8.012e-05,0.01132075
Original,Original,100.0,0.01132343,7.122e-05,0.00628931
Original,Original,100.0,0.00955414,6.61e-05,0.00691824
Original,Original,100.0,0.01026185,5.163e-05,0.00503145
Original,Original,100.0,0.00601557,2.648e-05,0.00440252
Original,Original,100.0,0.007431,3.739e-05,0.00503145
Original,Original,100.0,0.00849257,7.478e-05,0.00880503
Original,Original,100.0,0.00849257,8.546e-05,0.01006289
Original,Original,100.0,0.00920028,5.208e-05,0.00566038
Original,Original,100.0,0.00955414,6.009e-05,0.00628931
Original,Original,100.0,0.01026185,9.036e-05,0.00880503
Original,Original,100.0,0.01026185,5.163e-05,0.00503145
Original,Original,100.0,0.00884643,4.451e-05,0.00503145
Original,Original,100.0,0.01026185,7.745e-05,0.00754717
Original,Original,100.0,0.01273885,6.409e-05,0.00503145
Original,Original,100.0,0.007431,6.076e-05,0.0081761
Original,Original,100.0,0.00884643,0.00010571,0.01194969
Original,Original,100.0,0.01061571,0.00010015,0.00943396
Original,Original,100.0,0.00778485,3.917e-05,0.00503145
Original,Original,100.0,0.01096957,8.279e-05,0.00754717
Original,Original,100.0,0.00955414,9.614e-05,0.01006289
Original,Original,100.0,0.00955414,6.61e-05,0.00691824
Original,Original,100.0,0.007431,4.674e-05,0.00628931
Original,Original,100.0,0.00920028,9.837e-05,0.01069182
Original,Original,100.0,0.01167728,8.813e-05,0.00754717
Original,Original,100.0,0.00707714,8.457e-05,0.01194969
Original,Original,100.0,0.00920028,8.68e-05,0.00943396
Original,Original,100.0,0.00849257,0.00012285,0.01446541
Original,Original,100.0,0.01096957,0.00014488,0.01320755
Original,Original,100.0,0.00920028,6.944e-05,0.00754717
Original,Original,100.0,0.007431,6.076e-05,0.0081761
Original,Original,100.0,0.01132343,8.546e-05,0.00754717
Original,Original,100.0,0.00884643,6.677e-05,0.00754717
Original,Original,100.0,0.00778485,8.323e-05,0.01069182
Original,Original,100.0,0.00672328,3.806e-05,0.00566038
Original,Original,100.0,0.012385,6.231e-05,0.00503145
Original,Original,100.0,0.01026185,7.745e-05,0.00754717
Original,Original,100.0,0.01132343,6.409e-05,0.00566038
Original,Original,100.0,0.00778485,7.834e-05,0.01006289
Original,Original,100.0,0.01026185,8.39e-05,0.0081761
Original,Original,100.0,0.01026185,0.00010972,0.01069182
Original,Original,100.0,0.00778485,2.938e-05,0.00377358
Original,Original,100.0,0.00813871,0.00010237,0.01257862
Original,Original,100.0,0.007431,7.478e-05,0.01006289
Original,Original,100.0,0.00955414,6.61e-05,0.00691824
Original,Original,100.0,0.00707714,5.341e-05,0.00754717
Original,Original,100.0,0.007431,9.347e-05,0.01257862
Original,Original,100.0,0.00920028,0.00012151,0.01320755
Original,Original,100.0,0.00884643,0.00011128,0.01257862
Original,Original,100.0,0.01026185,0.00014199,0.01383648
Original,Original,100.0,0.01096957,5.519e-05,0.00503145
Original,Original,100.0,0.00778485,4.407e-05,0.00566038
Original,Original,100.0,0.00884643,5.564e-05,0.00628931
Original,Original,100.0,0.009908,0.00014332,0.01446541
Original,Original,100.0,0.009908,5.608e-05,0.00566038
Original,Original,100.0,0.00813871,3.583e-05,0.00440252
Original,Original,100.0,0.007431,0.00010282,0.01383648
Original,Original,100.0,0.00849257,6.944e-05,0.0081761
Original,Original,100.0,0.00813871,2.559e-05,0.00314465
Original,Original,100.0,0.00778485,6.365e-05,0.0081761
Original,Original,100.0,0.009908,8.724e-05,0.00880503
Original,Original,100.0,0.00920028,8.101e-05,0.00880503
Original,Original,100.0,0.00813871,0.00011773,0.01446541
Original,Original,100.0,0.00955414,0.00010215,0.01069182
Original,Original,100.0,0.00849257,5.875e-05,0.00691824
Original,Original,100.0,0.00707714,8.012e-05,0.01132075
Original,Original,100.0,0.00707714,6.231e-05,0.00880503
Original,Original,100.0,0.01096957,5.519e-05,0.00503145
Original,Original,100.0,0.00849257,6.409e-05,0.00754717
Original,Original,100.0,0.01167728,0.00010282,0.00880503
Original,Original,100.0,0.01203114,0.0001589,0.01320755
Original,Original,100.0,0.01026185,0.0001549,0.01509434
Original,Original,100.0,0.00884643,8.902e-05,0.01006289
Original,Original,100.0,0.00849257,2.671e-05,0.00314465
Original,Original,100.0,0.00884643,3.338e-05,0.00377358
Original,Original,100.0,0.00813871,2.559e-05,0.00314465
Original,Original,100.0,0.01026185,0.00013553,0.01320755
Original,Original,100.0,0.00707714,6.231e-05,0.00880503
Original,Original,100.0,0.00813871,9.726e-05,0.01194969
Original,Original,100.0,0.012385,0.00010905,0.00880503
Original,Original,100.0,0.00920028,6.365e-05,0.00691824
Original,Original,100.0,0.01061571,8.68e-05,0.0081761
Original,Original,100.0,0.00849257,5.875e-05,0.00691824
Original,Original,100.0,0.00884643,8.346e-05,0.00943396
Original,Original,100.0,0.01203114,4.54e-05,0.00377358
Original,Original,100.0,0.01273885,6.409e-05,0.00503145
Original,Original,100.0,0.00884643,0.0001224,0.01383648
Original,Original,100.0,0.01273885,4.807e-05,0.00377358
Original,Original,100.0,0.009908,6.855e-05,0.00691824
Original,Original,100.0,0.007431,8.412e-05,0.01132075
Original,Original,100.0,0.00813871,0.00010237,0.01257862
Original,Original,100.0,0.00884643,0.0001224,0.01383648
Original,Original,100.0,0.00849257,8.546e-05,0.01006289
Original,Original,100.0,0.00636943,4.006e-05,0.00628931
Original,Original,100.0,0.009908,0.00013709,0.01383648
Original,Original,100.0,0.00544662,3.366e-05,0.00617978
Original,Original,100.0,0.00689906,1.938e-05,0.00280899
Original,Original,100.0,0.00726216,3.264e-05,0.00449438
Original,Original,100.0,0.0043573,3.672e-05,0.00842697
Original,Original,100.0,0.00580973,3.917e-05,0.00674157
Original,Original,100.0,0.00835149,5.161e-05,0.00617978
Original,Original,100.0,0.0087146,2.938e-05,0.00337079
Original,Original,100.0,0.00689906,6.201e-05,0.00898876
Original,Original,100.0,0.00726216,2.856e-05,0.00393258
Original,Original,100.0,0.00689906,4.651e-05,0.00674157
Original,Original,100.0,0.00617284,4.855e-05,0.00786517
Original,Original,100.0,0.00689906,5.814e-05,0.00842697
Original,Original,100.0,0.00653595,4.406e-05,0.00674157
Original,Original,100.0,0.0087146,6.365e-05,0.00730337
Original,Original,100.0,0.00762527,4.712e-05,0.00617978
Original,Original,100.0,0.00689906,4.263e-05,0.00617978
Original,Original,100.0,0.00580973,3.264e-05,0.00561798
Original,Original,100.0,0.00689906,6.201e-05,0.00898876
Original,Original,100.0,0.00617284,4.855e-05,0.00786517
Original,Original,100.0,0.00726216,2.448e-05,0.00337079
Original,Original,100.0,0.00689906,6.977e-05,0.01011236
Original,Original,100.0,0.00762527,6.854e-05,0.00898876
Original,Original,100.0,0.00798838,6.283e-05,0.00786517
Original,Original,100.0,0.00798838,3.141e-05,0.00393258
Original,Original,100.0,0.00762527,7.711e-05,0.01011236
Original,Original,100.0,0.00835149,2.815e-05,0.00337079
Original,Original,100.0,0.0043573,3.917e-05,0.00898876
Original,Original,100.0,0.00653595,4.406e-05,0.00674157
Original,Original,100.0,0.00689906,1.938e-05,0.00280899
Original,Original,100.0,0.00689906,5.814e-05,0.00842697
Original,Original,100.0,0.0043573,2.938e-05,0.00674157
Original,Original,100.0,0.00544662,3.672e-05,0.00674157
Original,Original,100.0,0.00653595,5.141e-05,0.00786517
Original,Original,100.0,0.00653595,5.141e-05,0.00786517
Original,Original,100.0,0.00472041,2.652e-05,0.00561798
Original,Original,100.0,0.00689906,3.876e-05,0.00561798
Original,Original,100.0,0.00762527,2.57e-05,0.00337079
Original,Original,100.0,0.00544662,1.836e-05,0.00337079
Original,Original,100.0,0.00689906,6.977e-05,0.01011236
Original,Original,100.0,0.00580973,5.875e-05,0.01011236
Original,Original,100.0,0.00580973,5.222e-05,0.00898876
Original,Original,100.0,0.00762527,4.284e-05,0.00561798
Original,Original,100.0,0.00617284,1.734e-05,0.00280899
Original,Original,100.0,0.00835149,7.038e-05,0.00842697
Original,Original,100.0,0.00835149,6.099e-05,0.00730337
Original,Original,100.0,0.00580973,3.917e-05,0.00674157
Original,Original,100.0,0.00508351,2.57e-05,0.00505618
Original,Original,100.0,0.00544662,5.508e-05,0.01011236
Original,Original,100.0,0.00580973,3.917e-05,0.00674157
Original,Original,100.0,0.00689906,5.814e-05,0.00842697
Original,Original,100.0,0.00473761,2.086e-05,0.00440252
Original,Original,100.0,0.0069242,4.79e-05,0.00691824
Original,Original,100.0,0.00546647,6.188e-05,0.01132075
Original,Original,100.0,0.0058309,4.767e-05,0.0081761
Original,Original,100.0,0.00619534,7.014e-05,0.01132075
Original,Original,100.0,0.00510204,3.851e-05,0.00754717
Original,Original,100.0,0.00510204,1.604e-05,0.00314465
Original,Original,100.0,0.00437318,2.2e-05,0.00503145
Original,Original,100.0,0.00619534,3.896e-05,0.00628931
Original,Original,100.0,0.00546647,2.75e-05,0.00503145
Original,Original,100.0,0.00655977,5.363e-05,0.0081761
Original,Original,100.0,0.00400875,1.513e-05,0.00377358
Original,Original,100.0,0.00728863,5.501e-05,0.00754717
Original,Original,100.0,0.00838192,4.217e-05,0.00503145
Original,Original,100.0,0.00619534,7.403e-05,0.01194969
Original,Original,100.0,0.00619534,7.014e-05,0.01132075
Original,Original,100.0,0.00619534,5.065e-05,0.0081761
Original,Original,100.0,0.00546647,5.501e-05,0.01006289
Original,Original,100.0,0.00801749,8.068e-05,0.01006289
Original,Original,100.0,0.0069242,7.839e-05,0.01132075
Original,Original,100.0,0.00546647,5.845e-05,0.01069182
Original,Original,100.0,0.0069242,3.048e-05,0.00440252
Original,Original,100.0,0.00801749,5.042e-05,0.00628931
Original,Original,100.0,0.00728863,1.834e-05,0.00251572
Original,Original,100.0,0.0069242,5.226e-05,0.00754717
Original,Original,100.0,0.0058309,3.667e-05,0.00628931
Original,Original,100.0,0.00473761,3.278e-05,0.00691824
Original,Original,100.0,0.00619534,4.676e-05,0.00754717
Original,Original,100.0,0.0058309,1.834e-05,0.00314465
Original,Original,100.0,0.00546647,2.063e-05,0.00377358
Original,Original,100.0,0.00838192,4.217e-05,0.00503145
Original,Original,100.0,0.00655977,5.776e-05,0.00880503
Original,Original,100.0,0.00619534,4.286e-05,0.00691824
Original,Original,100.0,0.00655977,6.601e-05,0.01006289
Original,Original,100.0,0.00619534,6.234e-05,0.01006289
Original,Original,100.0,0.0069242,1.742e-05,0.00251572
Original,Original,100.0,0.00655977,4.126e-05,0.00628931
Original,Original,100.0,0.00546647,5.845e-05,0.01069182
Original,Original,100.0,0.0069242,4.355e-05,0.00628931
Original,Original,100.0,0.00473761,2.682e-05,0.00566038
Original,Original,100.0,0.00619534,7.014e-05,0.01132075
Original,Original,100.0,0.0069242,1.742e-05,0.00251572
Original,Original,100.0,0.00655977,7.014e-05,0.01069182
Original,Original,100.0,0.00510204,2.567e-05,0.00503145
Original,Original,100.0,0.00838192,7.38e-05,0.00880503
Original,Original,100.0,0.0069242,4.355e-05,0.00628931
Original,Original,100.0,0.0069242,6.968e-05,0.01006289
Original,Original,100.0,0.0058309,1.467e-05,0.00251572
Original,Original,100.0,0.00728863,5.959e-05,0.0081761
Original,Original,100.0,0.00728863,5.042e-05,0.00691824
Original,Original,100.0,0.0058309,5.134e-05,0.00880503
Original,Original,100.0,0.0069242,6.097e-05,0.00880503
Original,Original,100.0,0.00619534,1.948e-05,0.00314465
Original,Original,100.0,0.00473761,4.767e-05,0.01006289
Original,Original,100.0,0.00510204,5.134e-05,0.01006289
Original,Original,100.0,0.00473761,5.065e-05,0.01069182
Original,Original,100.0,0.00801749,5.042e-05,0.00628931
Original,Original,100.0,0.00655977,7.426e-05,0.01132075
Original,Original,100.0,0.00619534,7.403e-05,0.01194969
Original,Original,100.0,0.00728863,5.501e-05,0.00754717
Original,Original,100.0,0.0058309,3.301e-05,0.00566038
Original,Original,100.0,0.00655977,7.426e-05,0.01132075
Original,Original,100.0,0.0069242,5.226e-05,0.00754717
Original,Original,100.0,0.00473761,1.49e-05,0.00314465
Original,Original,100.0,0.00728863,4.584e-05,0.00628931
Original,Original,100.0,0.00728863,5.959e-05,0.0081761
Original,Original,100.0,0.00728863,7.334e-05,0.01006289
Original,Original,100.0,0.0058309,6.234e-05,0.01069182
Original,Original,100.0,0.0069242,6.097e-05,0.00880503
Original,Original,100.0,0.00619534,5.845e-05,0.00943396
Original,Original,100.0,0.00400875,4.034e-05,0.01006289
Original,Original,100.0,0.00619534,4.676e-05,0.00754717
Original,Original,100.0,0.00655977,4.951e-05,0.00754717
Original,Original,100.0,0.00728863,9.168e-05,0.01257862
Original,Original,100.0,0.0069242,5.661e-05,0.0081761
Original,Original,100.0,0.0058309,3.667e-05,0.00628931
Original,Original,100.0,0.00801749,2.521e-05,0.00314465
Original,Original,100.0,0.00473761,4.469e-05,0.00943396
Original,Original,100.0,0.00728863,3.209e-05,0.00440252
Original,Original,100.0,0.00619534,5.845e-05,0.00943396
Original,Original,100.0,0.00655977,3.713e-05,0.00566038
Original,Original,100.0,0.00655977,7.426e-05,0.01132075
Original,Original,100.0,0.0058309,1.834e-05,0.00314465
Original,Original,100.0,0.00546647,6.188e-05,0.01132075
Original,Original,100.0,0.00546647,4.126e-05,0.00754717
Original,Original,100.0,0.00655977,3.713e-05,0.00566038
Original,Original,100.0,0.0069242,6.532e-05,0.00943396
Original,Original,100.0,0.00655977,2.888e-05,0.00440252
Original,Original,100.0,0.0069242,5.661e-05,0.0081761
Original,Original,100.0,0.00655977,2.063e-05,0.00314465
Original,Original,100.0,0.00619534,3.117e-05,0.00503145
Original,Original,100.0,0.0069242,6.532e-05,0.00943396
Original,Original,100.0,0.0069242,5.226e-05,0.00754717
Original,Original,100.0,0.00728863,8.251e-05,0.01132075
Original,Original,100.0,0.00655977,7.014e-05,0.01069182
Original,Original,100.0,0.00619534,3.507e-05,0.00566038
Original,Original,100.0,0.00801749,6.051e-05,0.00754717
Original,Original,100.0,0.00546647,3.094e-05,0.00566038
Original,Original,100.0,0.00728863,4.584e-05,0.00628931
Original,Original,100.0,0.00473761,4.171e-05,0.00880503
Original,Original,100.0,0.0058309,2.934e-05,0.00503145
Original,Original,100.0,0.0058309,6.601e-05,0.01132075
Original,Original,100.0,0.00437318,3.851e-05,0.00880503
Original,Original,100.0,0.00655977,5.363e-05,0.0081761
Original,Original,100.0,0.0069242,3.048e-05,0.00440252
Original,Original,100.0,0.0058309,1.834e-05,0.00314465
Original,Original,100.0,0.00546647,4.126e-05,0.00754717
Original,Original,100.0,0.0069242,2.177e-05,0.00314465
Original,Original,100.0,0.0058309,6.601e-05,0.01132075
Original,Original,100.0,0.00619534,5.455e-05,0.00880503
Original,Original,100.0,0.0058309,5.501e-05,0.00943396
Original,Original,100.0,0.00437318,3.025e-05,0.00691824
Original,Original,100.0,0.00619534,6.624e-05,0.01069182
Original,Original,100.0,0.00874636,2.2e-05,0.00251572
Original,Original,100.0,0.0069242,7.403e-05,0.01069182
Original,Original,100.0,0.00546647,4.126e-05,0.00754717
Original,Original,100.0,0.00619534,3.507e-05,0.00566038
Original,Original,100.0,0.00619534,6.234e-05,0.01006289
Original,Original,100.0,0.00510204,3.851e-05,0.00754717
Original,Original,100.0,0.0058309,5.868e-05,0.01006289
Original,Original,100.0,0.00473761,2.682e-05,0.00566038
Original,Original,100.0,0.00473761,3.278e-05,0.00691824
Original,Original,100.0,0.0069242,5.226e-05,0.00754717
Original,Original,100.0,0.00728863,3.209e-05,0.00440252
Original,Original,100.0,0.00765306,5.776e-05,0.00754717
Original,Original,100.0,0.00655977,7.014e-05,0.01069182
Original,Original,100.0,0.00728863,7.334e-05,0.01006289
Original,Original,100.0,0.00619534,5.455e-05,0.00880503
Original,Original,100.0,0.00838192,5.272e-05,0.00628931
Original,Original,100.0,0.0058309,3.667e-05,0.00628931
Original,Original,100.0,0.00728863,6.418e-05,0.00880503
Original,Original,100.0,0.00510204,2.567e-05,0.00503145
Original,Original,100.0,0.00437318,3.576e-05,0.0081761
Original,Original,100.0,0.00546647,3.094e-05,0.00566038
Original,Original,100.0,0.00655977,6.188e-05,0.00943396
Original,Original,100.0,0.00655977,2.888e-05,0.00440252
Original,Original,100.0,0.00619534,6.624e-05,0.01069182
Original,Original,100.0,0.00655977,5.776e-05,0.00880503
Original,Original,100.0,0.00473761,4.469e-05,0.00943396
Original,Original,100.0,0.00801749,8.068e-05,0.01006289
Original,Original,100.0,0.0058309,4.034e-05,0.00691824
Original,Original,100.0,0.00655977,2.888e-05,0.00440252
Original,Original,100.0,0.00655977,5.776e-05,0.00880503
Original,Original,100.0,0.0058309,3.301e-05,0.00566038
Original,Original,100.0,0.0069242,8.274e-05,0.01194969
Original,Original,100.0,0.00655977,2.063e-05,0.00314465
Original,Original,100.0,0.00728863,5.042e-05,0.00691824
Original,Original,100.0,0.00765306,2.407e-05,0.00314465
Original,Original,100.0,0.0058309,3.667e-05,0.00628931
Original,Original,100.0,0.00546647,2.063e-05,0.00377358
Original,Original,100.0,0.00728863,4.584e-05,0.00628931
Original,Original,100.0,0.0058309,4.767e-05,0.0081761
Original,Original,100.0,0.00765306,2.407e-05,0.00314465
Original,Original,100.0,0.00619534,7.403e-05,0.01194969
Original,Original,100.0,0.0058309,4.401e-05,0.00754717
Original,Original,100.0,0.00437318,3.851e-05,0.00880503
Original,Original,100.0,0.0058309,4.767e-05,0.0081761
Original,Original,100.0,0.00728863,7.334e-05,0.01006289
Original,Original,100.0,0.0058309,4.034e-05,0.00691824
Original,Original,100.0,0.00728863,5.959e-05,0.0081761
Original,Original,100.0,0.00655977,2.888e-05,0.00440252
Original,Original,100.0,0.0058309,4.767e-05,0.0081761
Original,Original,100.0,0.00655977,5.776e-05,0.00880503
Original,Original,100.0,0.00728863,4.126e-05,0.00566038
Original,Original,100.0,0.0058309,5.134e-05,0.00880503
Original,Original,100.0,0.0058309,6.601e-05,0.01132075
Original,Original,100.0,0.00510204,5.134e-05,0.01006289
Original,Original,100.0,0.00619534,4.286e-05,0.00691824
Original,Original,100.0,0.00473761,3.278e-05,0.00691824
Original,Original,100.0,0.00437318,4.401e-05,0.01006289
Original,Original,100.0,0.00655977,5.363e-05,0.0081761
Original,Original,100.0,0.00546647,1.719e-05,0.00314465
Original,Original,100.0,0.00655977,4.951e-05,0.00754717
Original,Original,100.0,0.00655977,5.776e-05,0.00880503
Original,Original,100.0,0.0058309,6.234e-05,0.01069182
Original,Original,100.0,0.00619534,7.014e-05,0.01132075
Original,Original,100.0,0.00655977,4.126e-05,0.00628931
Original,Original,100.0,0.00728863,7.793e-05,0.01069182
Original,Original,100.0,0.00619534,4.286e-05,0.00691824
Original,Original,100.0,0.0069242,2.177e-05,0.00314465
Original,Original,100.0,0.0058309,6.601e-05,0.01132075
Original,Original,100.0,0.00619534,1.559e-05,0.00251572
Original,Original,100.0,0.0058309,1.834e-05,0.00314465
Original,Original,100.0,0.00655977,7.014e-05,0.01069182
Original,Original,100.0,0.00546647,4.469e-05,0.0081761
Original,Original,100.0,0.00728863,2.75e-05,0.00377358
Original,Original,100.0,0.00473761,1.192e-05,0.00251572
Original,Original,100.0,0.0069242,7.839e-05,0.01132075
Original,Original,100.0,0.0058309,5.501e-05,0.00943396
Original,Original,100.0,0.00765306,2.407e-05,0.00314465
Original,Original,100.0,0.0058309,4.034e-05,0.00691824
Original,Original,100.0,0.00838192,5.799e-05,0.00691824
Original,Original,100.0,0.00655977,6.601e-05,0.01006289
Original,Original,100.0,0.0058309,1.834e-05,0.00314465
Original,Original,100.0,0.00619534,7.014e-05,0.01132075
Original,Original,100.0,0.00619534,3.507e-05,0.00566038
Original,Original,100.0,0.00655977,6.188e-05,0.00943396
Original,Original,100.0,0.00400875,3.782e-05,0.00943396
Original,Original,100.0,0.00728863,2.75e-05,0.00377358
Original,Original,100.0,0.00510204,4.171e-05,0.0081761
Original,Original,100.0,0.00920028,0.0001273,0.01383648
Original,Original,100.0,0.00636943,2.003e-05,0.00314465
Original,Original,100.0,0.009908,6.231e-05,0.00628931
Original,Original,100.0,0.00778485,9.792e-05,0.01257862
Original,Original,100.0,0.012385,9.347e-05,0.00754717
Original,Original,100.0,0.00884643,3.895e-05,0.00440252
Original,Original,100.0,0.00813871,9.214e-05,0.01132075
Original,Original,100.0,0.00849257,6.944e-05,0.0081761
Original,Original,100.0,0.00778485,2.448e-05,0.00314465
Original,Original,100.0,0.00849257,8.012e-05,0.00943396
Original,Original,100.0,0.00849257,0.00010682,0.01257862
Original,Original,100.0,0.007431,8.412e-05,0.01132075
Original,Original,100.0,0.00813871,4.095e-05,0.00503145
Original,Original,100.0,0.01167728,0.00014688,0.01257862
Original,Original,100.0,0.00672328,2.96e-05,0.00440252
Original,Original,100.0,0.01061571,0.00013353,0.01257862
Original,Original,100.0,0.00920028,4.629e-05,0.00503145
Original,Original,100.0,0.00849257,2.671e-05,0.00314465
Original,Original,100.0,0.00849257,0.00010148,0.01194969
Original,Original,100.0,0.01203114,0.00010593,0.00880503
Original,Original,100.0,0.007431,8.412e-05,0.01132075
Original,Original,100.0,0.00778485,0.00010771,0.01383648
Original,Original,100.0,0.00849257,3.205e-05,0.00377358
Original,Original,100.0,0.00920028,3.472e-05,0.00377358
Original,Original,100.0,0.00672328,7.188e-05,0.01069182
Original,Original,100.0,0.00920028,6.944e-05,0.00754717
Original,Original,100.0,0.01273885,6.409e-05,0.00503145
Original,Original,100.0,0.01309271,0.00011528,0.00880503
Original,Original,100.0,0.009908,0.00011217,0.01132075
Original,Original,100.0,0.00955414,0.00012619,0.01320755
Original,Original,100.0,0.00884643,0.00010015,0.01132075
Original,Original,100.0,0.00849257,8.546e-05,0.01006289
Original,Original,100.0,0.00884643,0.00011128,0.01257862
Original,Original,100.0,0.00849257,4.273e-05,0.00503145
Original,Original,100.0,0.00849257,3.205e-05,0.00377358
Original,Original,100.0,0.009908,7.478e-05,0.00754717
Original,Original,100.0,0.01309271,0.00016469,0.01257862
Original,Original,100.0,0.01344657,0.00012685,0.00943396
Original,Original,100.0,0.007431,9.347e-05,0.01257862
Original,Original,100.0,0.00884643,0.00011684,0.01320755
Original,Original,100.0,0.01309271,9.881e-05,0.00754717
Original,Original,100.0,0.00813871,6.142e-05,0.00754717
Original,Original,100.0,0.00530786,5.675e-05,0.01069182
Original,Original,100.0,0.00636943,3.205e-05,0.00503145
Original,Original,100.0,0.007431,6.543e-05,0.00880503
Original,Original,100.0,0.00955414,9.013e-05,0.00943396
Original,Original,100.0,0.00601557,4.54e-05,0.00754717
Original,Original,100.0,0.007431,7.478e-05,0.01006289
Original,Original,100.0,0.00672328,2.114e-05,0.00314465
Original,Original,100.0,0.00707714,5.341e-05,0.00754717
Original,Original,100.0,0.00672328,5.074e-05,0.00754717
Original,Original,100.0,0.00636943,2.804e-05,0.00440252
Original,Original,100.0,0.007431,8.88e-05,0.01194969
Original,Original,100.0,0.007431,8.88e-05,0.01194969
Original,Original,100.0,0.007431,9.815e-05,0.01320755
Original,Original,100.0,0.007431,8.412e-05,0.01132075
Original,Original,100.0,0.01026185,0.00010326,0.01006289
Original,Original,100.0,0.00601557,1.892e-05,0.00314465
Original,Original,100.0,0.00849257,8.012e-05,0.00943396
Original,Original,100.0,0.00636943,3.605e-05,0.00566038
Original,Original,100.0,0.007431,7.01e-05,0.00943396
Original,Original,100.0,0.01061571,6.009e-05,0.00566038
Original,Original,100.0,0.00601557,6.81e-05,0.01132075
Original,Original,100.0,0.00601557,4.918e-05,0.0081761
Original,Original,100.0,0.009908,6.855e-05,0.00691824
Original,Original,100.0,0.007431,6.076e-05,0.0081761
Original,Original,100.0,0.00778485,3.427e-05,0.00440252
Original,Original,100.0,0.00707714,5.786e-05,0.0081761
Original,Original,100.0,0.00801749,0.00012102,0.01509434
Original,Original,100.0,0.01129738,7.105e-05,0.00628931
Original,Original,100.0,0.01056851,0.00013958,0.01320755
Original,Original,100.0,0.00838192,2.109e-05,0.00251572
Original,Original,100.0,0.00838192,2.636e-05,0.00314465
Original,Original,100.0,0.01020408,3.209e-05,0.00314465
Original,Original,100.0,0.01093294,4.813e-05,0.00440252
Original,Original,100.0,0.00801749,3.53e-05,0.00440252
Original,Original,100.0,0.00911079,4.584e-05,0.00503145
Original,Original,100.0,0.0069242,4.355e-05,0.00628931
Original,Original,100.0,0.00874636,0.00011552,0.01320755
Original,Original,100.0,0.00874636,0.00010452,0.01194969
Original,Original,100.0,0.01166181,3.667e-05,0.00314465
Original,Original,100.0,0.00765306,8.183e-05,0.01069182
Original,Original,100.0,0.01093294,0.0001444,0.01320755
Original,Original,100.0,0.00874636,9.351e-05,0.01069182
Original,Original,100.0,0.01056851,4.653e-05,0.00440252
Original,Original,100.0,0.00801749,5.547e-05,0.00691824
Original,Original,100.0,0.00911079,9.168e-05,0.01006289
Original,Original,100.0,0.00655977,5.776e-05,0.00880503
Original,Original,100.0,0.00947522,4.171e-05,0.00440252
Original,Original,100.0,0.00911079,4.011e-05,0.00440252
Original,Original,100.0,0.00765306,2.407e-05,0.00314465
Original,Original,100.0,0.00765306,2.888e-05,0.00377358
Original,Original,100.0,0.00911079,5.73e-05,0.00628931
Original,Original,100.0,0.00911079,9.168e-05,0.01006289
Original,Original,100.0,0.00765306,8.183e-05,0.01069182
Original,Original,100.0,0.00874636,2.75e-05,0.00314465
Original,Original,100.0,0.01166181,0.00011002,0.00943396
Original,Original,100.0,0.00728863,5.501e-05,0.00754717
Original,Original,100.0,0.00765306,7.22e-05,0.00943396
Original,Original,100.0,0.00983965,0.00011139,0.01132075
Original,Original,100.0,0.00838192,3.69e-05,0.00440252
Original,Original,100.0,0.00765306,9.145e-05,0.01194969
Original,Original,100.0,0.00838192,8.962e-05,0.01069182
Original,Original,100.0,0.00728863,2.292e-05,0.00314465
Original,Original,100.0,0.00655977,6.601e-05,0.01006289
Original,Original,100.0,0.00801749,7.059e-05,0.00880503
Original,Original,100.0,0.00765306,7.701e-05,0.01006289
Original,Original,100.0,0.00874636,0.00012102,0.01383648
Original,Original,100.0,0.00838192,3.69e-05,0.00440252
Original,Original,100.0,0.01239067,0.00010131,0.0081761
Original,Original,100.0,0.00874636,8.251e-05,0.00943396
Original,Original,100.0,0.00911079,8.595e-05,0.00943396
Original,Original,100.0,0.00874636,7.701e-05,0.00880503
Original,Original,100.0,0.00765306,7.22e-05,0.00943396
Original,Original,100.0,0.00874636,2.2e-05,0.00251572
Original,Original,100.0,0.01020408,7.701e-05,0.00754717
Original,Original,100.0,0.00911079,0.00012606,0.01383648
Original,Original,100.0,0.01093294,0.00013065,0.01194969
Original,Original,100.0,0.00947522,6.555e-05,0.00691824
Original,Original,100.0,0.00911079,4.011e-05,0.00440252
Original,Original,100.0,0.01348397,7.632e-05,0.00566038
Original,Original,100.0,0.00947522,0.00011919,0.01257862
Original,Original,100.0,0.00801749,7.564e-05,0.00943396
Original,Original,100.0,0.00801749,0.00010589,0.01320755
Original,Original,100.0,0.00728863,8.251e-05,0.01132075
Original,Original,100.0,0.00911079,5.73e-05,0.00628931
Original,Original,100.0,0.00874636,2.75e-05,0.00314465
Original,Original,100.0,0.00911079,0.0001146,0.01257862
Original,Original,100.0,0.00801749,0.00010085,0.01257862
Original,Original,100.0,0.01056851,5.317e-05,0.00503145
Original,Original,100.0,0.00765306,7.22e-05,0.00943396
Original,Original,100.0,0.00983965,4.951e-05,0.00503145
Original,Original,100.0,0.00911079,7.449e-05,0.0081761
Original,Original,100.0,0.00728863,8.251e-05,0.01132075
Original,Original,100.0,0.00983965,9.283e-05,0.00943396
Original,Original,100.0,0.00801749,8.572e-05,0.01069182
Original,Original,100.0,0.00947522,7.151e-05,0.00754717
Original,Original,100.0,0.00838192,0.0001107,0.01320755
Original,Original,100.0,0.00728863,1.834e-05,0.00251572
Original,Original,100.0,0.00728863,7.793e-05,0.01069182
Original,Original,100.0,0.00728863,0.00010085,0.01383648
Original,Original,100.0,0.0069242,6.532e-05,0.00943396
Original,Original,100.0,0.00801749,4.538e-05,0.00566038
Original,Original,100.0,0.00911079,0.00012033,0.01320755
Original,Original,100.0,0.00765306,8.664e-05,0.01132075
Original,Original,100.0,0.00874636,6.051e-05,0.00691824
Original,Original,100.0,0.00838192,0.0001107,0.01320755
Original,Original,100.0,0.00947522,8.343e-05,0.00880503
Original,Original,100.0,0.00911079,8.595e-05,0.00943396
Original,Original,100.0,0.01421283,8.045e-05,0.00566038
Original,Original,100.0,0.00874636,2.2e-05,0.00251572
Original,Original,100.0,0.0069242,4.79e-05,0.00691824
Original,Original,100.0,0.01311953,9.076e-05,0.00691824
Original,Original,100.0,0.00874636,3.301e-05,0.00377358
Original,Original,100.0,0.00874636,6.051e-05,0.00691824
Original,Original,100.0,0.00765306,2.407e-05,0.00314465
Original,Original,100.0,0.00801749,6.051e-05,0.00754717
Original,Original,100.0,0.01020408,3.209e-05,0.00314465
Original,Original,100.0,0.00874636,0.00012102,0.01383648
Original,Original,100.0,0.01311953,4.951e-05,0.00377358
Original,Original,100.0,0.00728863,5.959e-05,0.0081761
Original,Original,100.0,0.01166181,9.535e-05,0.0081761
Original,Original,100.0,0.00874636,7.151e-05,0.0081761
Original,Original,100.0,0.00911079,8.022e-05,0.00880503
Original,Original,100.0,0.00911079,0.00010314,0.01132075
Original,Original,100.0,0.00655977,7.014e-05,0.01069182
Original,Original,100.0,0.00728863,1.834e-05,0.00251572
Original,Original,100.0,0.01166181,4.401e-05,0.00377358
Original,Original,100.0,0.00801749,0.00012606,0.01572327
Original,Original,100.0,0.00911079,0.00010887,0.01194969
Original,Original,100.0,0.00874636,0.00012652,0.01446541
Original,Original,100.0,0.00983965,6.807e-05,0.00691824
Original,Original,100.0,0.00838192,0.00010016,0.01194969
Original,Original,100.0,0.00838192,9.489e-05,0.01132075
Original,Original,100.0,0.00983965,9.902e-05,0.01006289
Original,Original,100.0,0.00765306,8.183e-05,0.01069182
Original,Original,100.0,0.00728863,4.584e-05,0.00628931
Original,Original,100.0,0.00947522,4.171e-05,0.00440252
Original,Original,100.0,0.00983965,6.807e-05,0.00691824
Original,Original,100.0,0.0058309,5.501e-05,0.00943396
Original,Original,100.0,0.00801749,7.059e-05,0.00880503
Original,Original,100.0,0.00874636,0.00011002,0.01257862
Original,Original,100.0,0.00801749,0.00010589,0.01320755
Original,Original,100.0,0.0069242,6.532e-05,0.00943396
Original,Original,100.0,0.00655977,4.538e-05,0.00691824
Original,Original,100.0,0.0058309,6.601e-05,0.01132075
Original,Original,100.0,0.00947522,3.576e-05,0.00377358
Original,Original,100.0,0.00728863,7.793e-05,0.01069182
Original,Original,100.0,0.00546647,6.188e-05,0.01132075
Original,Original,100.0,0.00728863,8.251e-05,0.01132075
Original,Original,100.0,0.00874636,3.301e-05,0.00377358
Original,Original,100.0,0.00765306,0.00010108,0.01320755
Original,Original,100.0,0.00765306,9.145e-05,0.01194969
Original,Original,100.0,0.00801749,6.051e-05,0.00754717
Original,Original,100.0,0.00728863,2.75e-05,0.00377358
Original,Original,100.0,0.00801749,3.53e-05,0.00440252
Original,Original,100.0,0.00911079,4.011e-05,0.00440252
Original,Original,100.0,0.00838192,0.00010016,0.01194969
Original,Original,100.0,0.00728863,3.667e-05,0.00503145
Original,Original,100.0,0.0058309,2.567e-05,0.00440252
Original,Original,100.0,0.00765306,4.332e-05,0.00566038
Original,Original,100.0,0.0058309,2.567e-05,0.00440252
Original,Original,100.0,0.0069242,7.403e-05,0.01069182
Original,Original,100.0,0.00765306,8.183e-05,0.01069182
Original,Original,100.0,0.00765306,5.295e-05,0.00691824
Original,Original,100.0,0.00838192,4.744e-05,0.00566038
Original,Original,100.0,0.0058309,5.501e-05,0.00943396
Original,Original,100.0,0.00765306,6.739e-05,0.00880503
Original,Original,100.0,0.00801749,7.059e-05,0.00880503
Original,Original,100.0,0.00801749,0.00010589,0.01320755
Original,Original,100.0,0.00655977,3.713e-05,0.00566038
Original,Original,100.0,0.00765306,2.407e-05,0.00314465
Original,Original,100.0,0.00801749,7.059e-05,0.00880503
Original,Original,100.0,0.0069242,5.226e-05,0.00754717
Original,Original,100.0,0.00728863,9.168e-05,0.01257862
Original,Original,100.0,0.00728863,5.042e-05,0.00691824
Original,Original,100.0,0.00510204,2.567e-05,0.00503145
Original,Original,100.0,0.0069242,6.968e-05,0.01006289
Original,Original,100.0,0.0058309,5.868e-05,0.01006289
Original,Original,100.0,0.00765306,0.0001107,0.01446541
Original,Original,100.0,0.00619534,6.234e-05,0.01006289
Original,Original,100.0,0.00655977,6.188e-05,0.00943396
Original,Original,100.0,0.00765306,8.664e-05,0.01132075
Original,Original,100.0,0.00801749,3.025e-05,0.00377358
Original,Original,100.0,0.00510204,4.492e-05,0.00880503
Original,Original,100.0,0.00728863,4.126e-05,0.00566038
Original,Original,100.0,0.00874636,9.902e-05,0.01132075
Original,Original,100.0,0.00801749,6.051e-05,0.00754717
Original,Original,100.0,0.00655977,7.014e-05,0.01069182
Original,Original,100.0,0.00655977,4.951e-05,0.00754717
Original,Original,100.0,0.0069242,2.177e-05,0.00314465
Original,Original,100.0,0.00765306,9.626e-05,0.01257862
Original,Original,100.0,0.00728863,7.793e-05,0.01069182
Original,Original,100.0,0.00765306,2.407e-05,0.00314465
Original,Original,100.0,0.0058309,2.567e-05,0.00440252
Original,Original,100.0,0.0069242,9.145e-05,0.01320755
Original,Original,100.0,0.0069242,5.661e-05,0.0081761
Original,Original,100.0,0.00801749,6.051e-05,0.00754717
Original,Original,100.0,0.0069242,6.968e-05,0.01006289
Original,Original,100.0,0.00655977,6.188e-05,0.00943396
Original,Original,100.0,0.00801749,7.564e-05,0.00943396
Original,Original,100.0,0.00655977,5.776e-05,0.00880503
Original,Original,100.0,0.00765306,5.776e-05,0.00754717
Original,Original,100.0,0.00911079,4.584e-05,0.00503145
Original,Original,100.0,0.00619534,6.234e-05,0.01006289
Original,Original,100.0,0.00801749,0.00011598,0.01446541
Original,Original,100.0,0.00655977,5.363e-05,0.0081761
Original,Original,100.0,0.00874636,3.301e-05,0.00377358
Original,Original,100.0,0.00801749,2.521e-05,0.00314465
Original,Original,100.0,0.00801749,0.00011598,0.01446541
Original,Original,100.0,0.0069242,3.919e-05,0.00566038
Original,Original,100.0,0.00655977,6.188e-05,0.00943396
Original,Original,100.0,0.00874636,0.00012102,0.01383648
Original,Original,100.0,0.00765306,9.145e-05,0.01194969
Original,Original,100.0,0.0069242,3.048e-05,0.00440252
Original,Original,100.0,0.00728863,7.334e-05,0.01006289
Original,Original,100.0,0.00765306,4.332e-05,0.00566038
Original,Original,100.0,0.00801749,6.555e-05,0.0081761
Original,Original,100.0,0.00983965,0.00011139,0.01132075
Original,Original,100.0,0.00801749,8.572e-05,0.01069182
Original,Original,100.0,0.00728863,4.126e-05,0.00566038
Original,Original,100.0,0.00765306,4.332e-05,0.00566038
Original,Original,100.0,0.00801749,4.538e-05,0.00566038
Original,Original,100.0,0.00655977,6.601e-05,0.01006289
Original,Original,100.0,0.00619534,5.455e-05,0.00880503
Original,Original,100.0,0.00765306,9.626e-05,0.01257862
Original,Original,100.0,0.0058309,6.234e-05,0.01069182
Original,Original,100.0,0.00801749,7.564e-05,0.00943396
Original,Original,100.0,0.00801749,6.051e-05,0.00754717
Original,Original,100.0,0.00728863,2.292e-05,0.00314465
Original,Original,100.0,0.00874636,8.251e-05,0.00943396
Original,Original,100.0,0.0069242,8.71e-05,0.01257862
Original,Original,100.0,0.01020408,8.985e-05,0.00880503
Original,Original,100.0,0.00728863,5.959e-05,0.0081761
Original,Original,100.0,0.00801749,2.521e-05,0.00314465
Original,Original,100.0,0.00619534,4.676e-05,0.00754717
Original,Original,100.0,0.00801749,3.53e-05,0.00440252
Original,Original,100.0,0.0069242,5.226e-05,0.00754717
Original,Original,100.0,0.00801749,6.555e-05,0.0081761
Original,Original,100.0,0.00801749,0.00011598,0.01446541
Original,Original,100.0,0.00874636,3.301e-05,0.00377358
Original,Original,100.0,0.00619534,6.624e-05,0.01069182
Original,Original,100.0,0.01020408,6.418e-05,0.00628931
Original,Original,100.0,0.00874636,2.75e-05,0.00314465
Original,Original,100.0,0.0058309,3.667e-05,0.00628931
Original,Original,100.0,0.0069242,6.097e-05,0.00880503
Original,Original,100.0,0.00801749,3.53e-05,0.00440252
Original,Original,100.0,0.0069242,3.048e-05,0.00440252
Original,Original,100.0,0.00838192,0.00010016,0.01194969
Original,Original,100.0,0.00838192,0.00010543,0.01257862
Original,Original,100.0,0.00801749,0.00010085,0.01257862
Original,Original,100.0,0.00947522,0.00010131,0.01069182
Original,Original,100.0,0.00874636,8.801e-05,0.01006289
Original,Original,100.0,0.00838192,8.435e-05,0.01006289
Original,Original,100.0,0.00655977,7.014e-05,0.01069182
Original,Original,100.0,0.00838192,2.109e-05,0.00251572
Original,Original,100.0,0.00801749,4.034e-05,0.00503145
Original,Original,100.0,0.00619534,3.896e-05,0.00628931
Original,Original,100.0,0.00947522,2.98e-05,0.00314465
Original,Original,100.0,0.0069242,4.355e-05,0.00628931
Original,Original,100.0,0.00801749,4.034e-05,0.00503145
Original,Original,100.0,0.00728863,6.418e-05,0.00880503
Original,Original,100.0,0.00911079,4.011e-05,0.00440252
Original,Original,100.0,0.00838192,5.799e-05,0.00691824
Original,Original,100.0,0.00655977,5.776e-05,0.00880503
Original,Original,100.0,0.0069242,7.403e-05,0.01069182
Original,Original,100.0,0.00765306,0.0001107,0.01446541
Original,Original,100.0,0.00838192,2.636e-05,0.00314465
Original,Original,100.0,0.00838192,4.744e-05,0.00566038
Original,Original,100.0,0.00728863,2.75e-05,0.00377358
Original,Original,100.0,0.00728863,5.501e-05,0.00754717
Original,Original,100.0,0.00801749,9.581e-05,0.01194969
Original,Original,100.0,0.00655977,7.839e-05,0.01194969
Original,Original,100.0,0.00728863,7.334e-05,0.01006289
Original,Original,100.0,0.00911079,5.157e-05,0.00566038
Original,Original,100.0,0.00801749,9.076e-05,0.01132075
Original,Original,100.0,0.00765306,5.295e-05,0.00691824
Original,Original,100.0,0.00911079,4.584e-05,0.00503145
Original,Original,100.0,0.00765306,6.739e-05,0.00880503
Original,Original,100.0,0.00801749,9.076e-05,0.01132075
Original,Original,100.0,0.00728863,3.209e-05,0.00440252
Original,Original,100.0,0.00655977,8.664e-05,0.01320755
Original,Original,100.0,0.00874636,0.00010452,0.01194969
Original,Original,100.0,0.00765306,8.664e-05,0.01132075
Original,Original,100.0,0.00838192,7.907e-05,0.00943396
Original,Original,100.0,0.00801749,9.076e-05,0.01132075
Original,Original,100.0,0.00874636,0.00011002,0.01257862
Original,Original,100.0,0.00801749,0.00011598,0.01446541
Original,Original,100.0,0.0069242,5.661e-05,0.0081761
Original,Original,100.0,0.00801749,0.00011093,0.01383648
Original,Original,100.0,0.0069242,6.097e-05,0.00880503
Original,Original,100.0,0.00874636,0.00012652,0.01446541
Original,Original,100.0,0.00728863,6.876e-05,0.00943396
Original,Original,100.0,0.00728863,5.959e-05,0.0081761
Original,Original,100.0,0.00838192,5.799e-05,0.00691824
Original,Original,100.0,0.00801749,6.051e-05,0.00754717
Original,Original,100.0,0.00838192,2.109e-05,0.00251572
Original,Original,100.0,0.00801749,4.538e-05,0.00566038
Original,Original,100.0,0.00619534,5.065e-05,0.0081761
Original,Original,100.0,0.00655977,2.475e-05,0.00377358
Original,Original,100.0,0.00655977,7.426e-05,0.01132075
Original,Original,100.0,0.00947522,7.747e-05,0.0081761
Original,Original,100.0,0.0058309,6.234e-05,0.01069182
Original,Original,100.0,0.00765306,7.22e-05,0.00943396
Original,Original,100.0,0.00728863,9.168e-05,0.01257862
Original,Original,100.0,0.0069242,6.968e-05,0.01006289
Original,Original,100.0,0.00765306,4.813e-05,0.00628931
Original,Original,100.0,0.00947522,7.747e-05,0.0081761
Original,Original,100.0,0.00874636,9.351e-05,0.01069182
Original,Original,100.0,0.00874636,8.251e-05,0.00943396
Original,Original,100.0,0.00838192,0.00011598,0.01383648
Original,Original,100.0,0.00947522,9.535e-05,0.01006289
Original,Original,100.0,0.00801749,8.068e-05,0.01006289
Original,Original,100.0,0.00801749,8.572e-05,0.01069182
Original,Original,100.0,0.00838192,6.853e-05,0.0081761
Original,Original,100.0,0.00728863,7.334e-05,0.01006289
Original,Original,100.0,0.00801749,0.00010589,0.01320755
Original,Original,100.0,0.0069242,2.613e-05,0.00377358
Original,Original,100.0,0.00838192,7.38e-05,0.00880503
Original,Original,100.0,0.00546647,6.188e-05,0.01132075
Original,Original,100.0,0.00619534,6.234e-05,0.01006289
Original,Original,100.0,0.00728863,7.334e-05,0.01006289
Original,Original,100.0,0.0069242,8.71e-05,0.01257862
Original,Original,100.0,0.00838192,0.00010543,0.01257862
Original,Original,100.0,0.00874636,0.00012102,0.01383648
Original,Original,100.0,0.00838192,3.69e-05,0.00440252
Original,Original,100.0,0.0058309,3.301e-05,0.00566038
Original,Original,100.0,0.00655977,7.014e-05,0.01069182
Original,Original,100.0,0.00983965,3.094e-05,0.00314465
Original,Original,100.0,0.00838192,9.489e-05,0.01132075
Original,Original,100.0,0.00874636,8.801e-05,0.01006289
Original,Original,100.0,0.0069242,7.403e-05,0.01069182
Original,Original,100.0,0.00801749,7.059e-05,0.00880503
Original,Original,100.0,0.00765306,9.626e-05,0.01257862
Original,Original,100.0,0.00801749,4.538e-05,0.00566038
Original,Original,100.0,0.00838192,5.799e-05,0.00691824
Original,Original,100.0,0.00801749,7.059e-05,0.00880503
Original,Original,100.0,0.00655977,6.188e-05,0.00943396
Original,Original,100.0,0.00801749,7.564e-05,0.00943396
Original,Original,100.0,0.00838192,9.489e-05,0.01132075
Original,Original,100.0,0.0069242,7.839e-05,0.01132075
Original,Original,100.0,0.00801749,0.00010589,0.01320755
Original,Original,100.0,0.00765306,6.257e-05,0.0081761
Original,Original,100.0,0.00801749,5.547e-05,0.00691824
Original,Original,100.0,0.00728863,8.251e-05,0.01132075
Original,Original,100.0,0.00801749,9.076e-05,0.01132075
Original,Original,100.0,0.00838192,8.435e-05,0.01006289
Original,Original,100.0,0.00801749,2.521e-05,0.00314465
Original,Original,100.0,0.00765306,5.295e-05,0.00691824
Original,Original,100.0,0.00911079,4.584e-05,0.00503145
Original,Original,100.0,0.00728863,2.75e-05,0.00377358
Original,Original,100.0,0.00655977,2.063e-05,0.00314465
Original,Original,100.0,0.00765306,4.332e-05,0.00566038
Original,Original,100.0,0.00874636,8.801e-05,0.01006289
Original,Original,100.0,0.00801749,0.00010085,0.01257862
Original,Original,100.0,0.00801749,0.00010589,0.01320755
Original,Original,100.0,0.00765306,5.776e-05,0.00754717
Original,Original,100.0,0.0069242,8.71e-05,0.01257862
Original,Original,100.0,0.00801749,4.538e-05,0.00566038
Original,Original,100.0,0.0069242,3.484e-05,0.00503145
Original,Original,100.0,0.00727273,9.059e-05,0.01245552
Original,Original,100.0,0.00581818,1.725e-05,0.0029656
Original,Original,100.0,0.00763636,4.982e-05,0.00652432
Original,Original,100.0,0.00690909,8.606e-05,0.01245552
Original,Original,100.0,0.00872727,0.00011906,0.01364176
Original,Original,100.0,0.00763636,6.794e-05,0.0088968
Original,Original,100.0,0.00690909,1.639e-05,0.00237248
Original,Original,100.0,0.00654545,3.494e-05,0.00533808
Original,Original,100.0,0.00836364,8.433e-05,0.01008304
Original,Original,100.0,0.00909091,5.392e-05,0.0059312
Original,Original,100.0,0.00836364,9.425e-05,0.01126928
Original,Original,100.0,0.00727273,4.314e-05,0.0059312
Original,Original,100.0,0.00836364,0.00011409,0.01364176
Original,Original,100.0,0.008,5.694e-05,0.00711744
Original,Original,100.0,0.00690909,5.737e-05,0.00830368
Original,Original,100.0,0.00909091,0.00010784,0.0118624
Original,Original,100.0,0.008,9.49e-05,0.0118624
Original,Original,100.0,0.00654545,6.212e-05,0.00948992
Original,Original,100.0,0.00727273,8.196e-05,0.01126928
Original,Original,100.0,0.00872727,6.212e-05,0.00711744
Original,Original,100.0,0.00872727,2.071e-05,0.00237248
Original,Original,100.0,0.00727273,4.745e-05,0.00652432
Original,Original,100.0,0.00763636,7.247e-05,0.00948992
Original,Original,100.0,0.008,0.00011388,0.01423488
Original,Original,100.0,0.008,7.117e-05,0.0088968
Original,Original,100.0,0.00654545,2.329e-05,0.00355872
Original,Original,100.0,0.00872727,2.071e-05,0.00237248
Original,Original,100.0,0.00727273,4.745e-05,0.00652432
Original,Original,100.0,0.008,4.745e-05,0.0059312
Original,Original,100.0,0.00654545,5.047e-05,0.00771056
Original,Original,100.0,0.00836364,6.945e-05,0.00830368
Original,Original,100.0,0.00727273,6.902e-05,0.00948992
Original,Original,100.0,0.00654545,4.659e-05,0.00711744
Original,Original,100.0,0.00690909,4.918e-05,0.00711744
Original,Original,100.0,0.00763636,2.265e-05,0.0029656
Original,Original,100.0,0.00690909,8.196e-05,0.0118624
Original,Original,100.0,0.00654545,5.047e-05,0.00771056
Original,Original,100.0,0.00909091,7.01e-05,0.00771056
Original,Original,100.0,0.00654545,6.988e-05,0.01067616
Original,Original,100.0,0.00909091,3.774e-05,0.00415184
Original,Original,100.0,0.00872727,4.659e-05,0.00533808
Original,Original,100.0,0.00872727,9.835e-05,0.01126928
Original,Original,100.0,0.00836364,5.457e-05,0.00652432
Original,Original,100.0,0.00836364,0.00010913,0.01304864
Original,Original,100.0,0.00763636,5.435e-05,0.00711744
Original,Original,100.0,0.00872727,7.247e-05,0.00830368
Original,Original,100.0,0.00909091,4.314e-05,0.00474496
Original,Original,100.0,0.00945455,6.168e-05,0.00652432
Original,Original,100.0,0.00872727,0.00011906,0.01364176
Original,Original,100.0,0.00654545,4.27e-05,0.00652432
Original,Original,100.0,0.00909091,7.01e-05,0.00771056
Original,Original,100.0,0.00654545,5.047e-05,0.00771056
Original,Original,100.0,0.00727273,3.451e-05,0.00474496
Original,Original,100.0,0.00909091,9.166e-05,0.01008304
Original,Original,100.0,0.00872727,9.317e-05,0.01067616
Original,Original,100.0,0.00763636,4.982e-05,0.00652432
Original,Original,100.0,0.00654545,6.988e-05,0.01067616
Original,Original,100.0,0.00763636,9.059e-05,0.0118624
Original,Original,100.0,0.00945455,0.00011776,0.01245552
Original,Original,100.0,0.00654545,6.6e-05,0.01008304
Original,Original,100.0,0.01018182,4.227e-05,0.00415184
Original,Original,100.0,0.00618182,6.233e-05,0.01008304
Original,Original,100.0,0.00945455,0.00010094,0.01067616
Original,Original,100.0,0.00654545,4.659e-05,0.00711744
Original,Original,100.0,0.00872727,4.659e-05,0.00533808
Original,Original,100.0,0.00581818,3.796e-05,0.00652432
Original,Original,100.0,0.00654545,5.047e-05,0.00771056
Original,Original,100.0,0.00654545,4.27e-05,0.00652432
Original,Original,100.0,0.008,8.541e-05,0.01067616
Original,Original,100.0,0.00763636,7.7e-05,0.01008304
Original,Original,100.0,0.00909091,8.627e-05,0.00948992
Original,Original,100.0,0.00836364,9.425e-05,0.01126928
Original,Original,100.0,0.00727273,7.764e-05,0.01067616
Original,Original,100.0,0.00836364,4.465e-05,0.00533808
Original,Original,100.0,0.00836364,9.425e-05,0.01126928
Original,Original,100.0,0.00654545,6.988e-05,0.01067616
Original,Original,100.0,0.00836364,8.929e-05,0.01067616
Original,Original,100.0,0.00763636,7.247e-05,0.00948992
Original,Original,100.0,0.008,7.117e-05,0.0088968
Original,Original,100.0,0.00909091,0.00011323,0.01245552
Original,Original,100.0,0.00872727,9.835e-05,0.01126928
Original,Original,100.0,0.00909091,8.627e-05,0.00948992
Original,Original,100.0,0.008,5.694e-05,0.00711744
Original,Original,100.0,0.00872727,4.141e-05,0.00474496
Original,Original,100.0,0.00836364,6.945e-05,0.00830368
Original,Original,100.0,0.00836364,4.465e-05,0.00533808
Original,Original,100.0,0.00654545,3.106e-05,0.00474496
Original,Original,100.0,0.00618182,6.233e-05,0.01008304
Original,Original,100.0,0.00836364,8.433e-05,0.01008304
Original,Original,100.0,0.00836364,7.937e-05,0.00948992
Original,Original,100.0,0.00763636,9.964e-05,0.01304864
Original,Original,100.0,0.01018182,8.455e-05,0.00830368
Original,Original,100.0,0.00654545,3.494e-05,0.00533808
Original,Original,100.0,0.00763636,9.059e-05,0.0118624
Original,Original,100.0,0.00945455,3.925e-05,0.00415184
Original,Original,100.0,0.00909091,3.774e-05,0.00415184
Original,Original,100.0,0.00763636,9.059e-05,0.0118624
Original,Original,100.0,0.00654545,7.376e-05,0.01126928
Original,Original,100.0,0.008,5.694e-05,0.00711744
Original,Original,100.0,0.00727273,6.902e-05,0.00948992
Original,Original,100.0,0.00727273,8.627e-05,0.0118624
Original,Original,100.0,0.008,8.066e-05,0.01008304
Original,Original,100.0,0.00690909,5.327e-05,0.00771056
Original,Original,100.0,0.00763636,7.247e-05,0.00948992
Original,Original,100.0,0.00727273,7.333e-05,0.01008304
Original,Original,100.0,0.008,9.964e-05,0.01245552
Original,Original,100.0,0.008,8.066e-05,0.01008304
Original,Original,100.0,0.00763636,6.794e-05,0.0088968
Original,Original,100.0,0.00654545,1.941e-05,0.0029656
Original,Original,100.0,0.00836364,8.433e-05,0.01008304
Original,Original,100.0,0.00945455,8.412e-05,0.0088968
Original,Original,100.0,0.00836364,2.48e-05,0.0029656
Original,Original,100.0,0.00836364,9.425e-05,0.01126928
Original,Original,100.0,0.008,2.847e-05,0.00355872
Original,Original,100.0,0.00618182,4.767e-05,0.00771056
Original,Original,100.0,0.00909091,7.01e-05,0.00771056
Original,Original,100.0,0.00618182,3.3e-05,0.00533808
Original,Original,100.0,0.00690909,6.147e-05,0.0088968
Original,Original,100.0,0.00727273,3.451e-05,0.00474496
Original,Original,100.0,0.00727273,6.039e-05,0.00830368
Original,Original,100.0,0.00945455,0.00010094,0.01067616
Original,Original,100.0,0.00836364,7.937e-05,0.00948992
Original,Original,100.0,0.00836364,6.449e-05,0.00771056
Original,Original,100.0,0.00836364,5.953e-05,0.00711744
Original,Original,100.0,0.00763636,8.606e-05,0.01126928
Original,Original,100.0,0.00836364,0.00012402,0.014828
Original,Original,100.0,0.00690909,6.147e-05,0.0088968
Original,Original,100.0,0.00727273,6.039e-05,0.00830368
Original,Original,100.0,0.00727273,5.608e-05,0.00771056
Original,Original,100.0,0.00654545,1.553e-05,0.00237248
Original,Original,100.0,0.00909091,8.627e-05,0.00948992
Original,Original,100.0,0.00836364,5.953e-05,0.00711744
Original,Original,100.0,0.00763636,5.435e-05,0.00711744
Original,Original,100.0,0.00581818,5.866e-05,0.01008304
Original,Original,100.0,0.00727273,3.882e-05,0.00533808
Original,Original,100.0,0.00690909,4.508e-05,0.00652432
Original,Original,100.0,0.008,0.00010913,0.01364176
Original,Original,100.0,0.00836364,5.457e-05,0.00652432
Original,Original,100.0,0.00945455,9.533e-05,0.01008304
Original,Original,100.0,0.00836364,0.00010417,0.01245552
Original,Original,100.0,0.008,7.592e-05,0.00948992
Original,Original,100.0,0.00654545,6.212e-05,0.00948992
Original,Original,100.0,0.008,9.964e-05,0.01245552
Original,Original,100.0,0.00836364,1.984e-05,0.00237248
Original,Original,100.0,0.00909091,0.00010245,0.01126928
Original,Original,100.0,0.00690909,7.376e-05,0.01067616
Original,Original,100.0,0.00618182,2.2e-05,0.00355872
Original,Original,100.0,0.00836364,6.945e-05,0.00830368
Original,Original,100.0,0.00690909,4.918e-05,0.00711744
Original,Original,100.0,0.00836364,9.425e-05,0.01126928
Original,Original,100.0,0.00618182,6.233e-05,0.01008304
Original,Original,100.0,0.00872727,8.282e-05,0.00948992
Original,Original,100.0,0.00872727,6.729e-05,0.00771056
Original,Original,100.0,0.00836364,3.969e-05,0.00474496
Original,Original,100.0,0.008,0.00010439,0.01304864
Original,Original,100.0,0.00909091,8.088e-05,0.0088968
Original,Original,100.0,0.00836364,0.00011906,0.01423488
Original,Original,100.0,0.00618182,5.5e-05,0.0088968
Original,Original,100.0,0.00872727,3.106e-05,0.00355872
Original,Original,100.0,0.008,3.796e-05,0.00474496
Original,Original,100.0,0.00581818,4.831e-05,0.00830368
Original,Original,100.0,0.01018182,4.227e-05,0.00415184
Original,Original,100.0,0.00872727,0.00011388,0.01304864
Original,Original,100.0,0.008,4.745e-05,0.0059312
Original,Original,100.0,0.00727273,7.333e-05,0.01008304
Original,Original,100.0,0.00581818,3.451e-05,0.0059312
Original,Original,100.0,0.00763636,8.153e-05,0.01067616
Original,Original,100.0,0.008,3.796e-05,0.00474496
Original,Original,100.0,0.00909091,6.47e-05,0.00711744
Original,Original,100.0,0.008,3.796e-05,0.00474496
Original,Original,100.0,0.00909091,6.47e-05,0.00711744
Original,Original,100.0,0.00836364,6.449e-05,0.00771056
Original,Original,100.0,0.00763636,1.812e-05,0.00237248
Original,Original,100.0,0.00909091,3.235e-05,0.00355872
Original,Original,100.0,0.008,4.745e-05,0.0059312
Original,Original,100.0,0.00909091,6.47e-05,0.00711744
Original,Original,100.0,0.00727273,7.764e-05,0.01067616
Original,Original,100.0,0.00836364,5.953e-05,0.00711744
Original,Original,100.0,0.01090909,5.823e-05,0.00533808
Original,Original,100.0,0.00654545,6.212e-05,0.00948992
Original,Original,100.0,0.00727273,6.47e-05,0.0088968
Original,Original,100.0,0.00690909,4.098e-05,0.0059312
Original,Original,100.0,0.00872727,8.8e-05,0.01008304
Original,Original,100.0,0.00909091,7.549e-05,0.00830368
Original,Original,100.0,0.01018182,4.831e-05,0.00474496
Original,Original,100.0,0.00836364,5.457e-05,0.00652432
Original,Original,100.0,0.00654545,5.435e-05,0.00830368
Original,Original,100.0,0.00945455,3.925e-05,0.00415184
Original,Original,100.0,0.00654545,6.6e-05,0.01008304
Original,Original,100.0,0.00872727,6.729e-05,0.00771056
Original,Original,100.0,0.00909091,8.627e-05,0.00948992
Original,Original,100.0,0.00872727,0.0001087,0.01245552
Original,Original,100.0,0.00872727,8.8e-05,0.01008304
Original,Original,100.0,0.00945455,0.00010655,0.01126928
Original,Original,100.0,0.008,9.015e-05,0.01126928
Original,Original,100.0,0.00763636,9.059e-05,0.0118624
Original,Original,100.0,0.00763636,8.606e-05,0.01126928
Original,Original,100.0,0.00763636,9.511e-05,0.01245552
Original,Original,100.0,0.00690909,5.737e-05,0.00830368
Original,Original,100.0,0.00836364,5.953e-05,0.00711744
Original,Original,115.0,0.00838192,3.163e-05,0.00377358
Original,Original,115.0,0.00728863,5.501e-05,0.00754717
Original,Original,115.0,0.0058309,2.2e-05,0.00377358
Original,Original,115.0,0.00838192,8.962e-05,0.01069182
Original,Original,115.0,0.00765306,5.776e-05,0.00754717
Original,Original,115.0,0.00728863,6.876e-05,0.00943396
Original,Original,115.0,0.00947522,4.767e-05,0.00503145
Original,Original,115.0,0.00801749,8.068e-05,0.01006289
Original,Original,115.0,0.00728863,4.584e-05,0.00628931
Original,Original,115.0,0.00874636,8.251e-05,0.00943396
Original,Original,115.0,0.00838192,0.00010016,0.01194969
Original,Original,115.0,0.00947522,2.98e-05,0.00314465
Original,Original,115.0,0.00838192,8.435e-05,0.01006289
Original,Original,115.0,0.00874636,8.801e-05,0.01006289
Original,Original,115.0,0.00874636,3.301e-05,0.00377358
Original,Original,115.0,0.00619534,4.676e-05,0.00754717
Original,Original,115.0,0.00655977,4.951e-05,0.00754717
Original,Original,115.0,0.00765306,7.701e-05,0.01006289
Original,Original,115.0,0.00728863,9.626e-05,0.01320755
Original,Original,115.0,0.00765306,9.626e-05,0.01257862
Original,Original,115.0,0.00911079,5.157e-05,0.00566038
Original,Original,115.0,0.00838192,7.907e-05,0.00943396
Original,Original,115.0,0.00655977,2.475e-05,0.00377358
Original,Original,115.0,0.00765306,5.295e-05,0.00691824
Original,Original,115.0,0.00765306,6.257e-05,0.0081761
Original,Original,115.0,0.0069242,6.968e-05,0.01006289
Original,Original,115.0,0.0069242,6.097e-05,0.00880503
Original,Original,115.0,0.00801749,2.017e-05,0.00251572
Original,Original,115.0,0.00728863,6.418e-05,0.00880503
Original,Original,115.0,0.00728863,5.042e-05,0.00691824
Original,Original,115.0,0.00801749,8.068e-05,0.01006289
Original,Original,115.0,0.00728863,8.71e-05,0.01194969
Original,Original,115.0,0.0069242,8.274e-05,0.01194969
Original,Original,115.0,0.00765306,2.888e-05,0.00377358
Original,Original,115.0,0.00655977,8.251e-05,0.01257862
Original,Original,115.0,0.00655977,6.601e-05,0.01006289
Original,Original,115.0,0.00765306,0.00010108,0.01320755
Original,Original,115.0,0.00801749,5.547e-05,0.00691824
Original,Original,115.0,0.00765306,5.776e-05,0.00754717
Original,Original,115.0,0.00655977,4.126e-05,0.00628931
Original,Original,115.0,0.00728863,5.959e-05,0.0081761
Original,Original,115.0,0.00728863,4.126e-05,0.00566038
Original,Original,115.0,0.00546647,5.157e-05,0.00943396
Original,Original,115.0,0.0058309,5.501e-05,0.00943396
Original,Original,115.0,0.00655977,2.063e-05,0.00314465
Original,Original,115.0,0.00728863,5.959e-05,0.0081761
Original,Original,115.0,0.0069242,2.613e-05,0.00377358
Original,Original,115.0,0.00510204,4.492e-05,0.00880503
Original,Original,115.0,0.0069242,1.742e-05,0.00251572
Original,Original,115.0,0.00728863,8.71e-05,0.01194969
Original,Original,115.0,0.00765306,9.626e-05,0.01257862
Original,Original,115.0,0.00619534,6.624e-05,0.01069182
Original,Original,115.0,0.00765306,8.664e-05,0.01132075
Original,Original,115.0,0.00765306,9.626e-05,0.01257862
Original,Original,115.0,0.0058309,5.868e-05,0.01006289
Original,Original,115.0,0.00838192,7.907e-05,0.00943396
Original,Original,115.0,0.00765306,1.925e-05,0.00251572
Original,Original,115.0,0.00728863,9.168e-05,0.01257862
Original,Original,115.0,0.0058309,2.934e-05,0.00503145
Original,Original,115.0,0.00765306,0.00010108,0.01320755
Original,Original,115.0,0.0069242,4.355e-05,0.00628931
Original,Original,115.0,0.00728863,9.168e-05,0.01257862
Original,Original,115.0,0.00619534,6.624e-05,0.01069182
Original,Original,115.0,0.00728863,7.334e-05,0.01006289
Original,Original,115.0,0.00728863,8.251e-05,0.01132075
Original,Original,115.0,0.00655977,6.188e-05,0.00943396
Original,Original,115.0,0.00801749,9.076e-05,0.01132075
Original,Original,115.0,0.00728863,7.334e-05,0.01006289
Original,Original,115.0,0.00801749,4.034e-05,0.00503145
Original,Original,115.0,0.0069242,6.532e-05,0.00943396
Original,Original,115.0,0.00765306,3.851e-05,0.00503145
Original,Original,115.0,0.00546647,5.501e-05,0.01006289
Original,Original,115.0,0.00655977,7.014e-05,0.01069182
Original,Original,115.0,0.00728863,8.71e-05,0.01194969
Original,Original,115.0,0.00765306,7.22e-05,0.00943396
Original,Original,115.0,0.00765306,2.407e-05,0.00314465
Original,Original,115.0,0.00765306,5.776e-05,0.00754717
Original,Original,115.0,0.00655977,1.65e-05,0.00251572
Original,Original,115.0,0.00838192,8.435e-05,0.01006289
Original,Original,115.0,0.00728863,6.876e-05,0.00943396
Original,Original,115.0,0.0069242,6.532e-05,0.00943396
Original,Original,115.0,0.00801749,0.00010589,0.01320755
Original,Original,115.0,0.00728863,5.501e-05,0.00754717
Original,Original,115.0,0.00619534,6.624e-05,0.01069182
Original,Original,115.0,0.00911079,4.584e-05,0.00503145
Original,Original,115.0,0.00765306,7.701e-05,0.01006289
Original,Original,115.0,0.00947522,9.535e-05,0.01006289
Original,Original,115.0,0.00655977,7.426e-05,0.01132075
Original,Original,115.0,0.00655977,5.363e-05,0.0081761
Original,Original,115.0,0.00838192,3.69e-05,0.00440252
Original,Original,115.0,0.0058309,2.2e-05,0.00377358
Original,Original,115.0,0.00728863,7.793e-05,0.01069182
Original,Original,115.0,0.00619534,6.234e-05,0.01006289
Original,Original,115.0,0.0069242,3.484e-05,0.00503145
Original,Original,115.0,0.00655977,6.188e-05,0.00943396
Original,Original,115.0,0.00728863,2.292e-05,0.00314465
Original,Original,115.0,0.0069242,5.226e-05,0.00754717
Original,Original,115.0,0.00728863,8.71e-05,0.01194969
Original,Original,115.0,0.0069242,3.048e-05,0.00440252
Original,Original,115.0,0.00765306,7.701e-05,0.01006289
Original,Original,115.0,0.0069242,4.79e-05,0.00691824
Original,Original,115.0,0.00655977,2.888e-05,0.00440252
Original,Original,115.0,0.00728863,2.75e-05,0.00377358
Original,Original,115.0,0.0069242,4.355e-05,0.00628931
Original,Original,115.0,0.0058309,5.134e-05,0.00880503
Original,Original,115.0,0.0069242,6.968e-05,0.01006289
Original,Original,115.0,0.00655977,7.426e-05,0.01132075
Original,Original,115.0,0.00510204,3.209e-05,0.00628931
Original,Original,115.0,0.00838192,2.636e-05,0.00314465
Original,Original,115.0,0.0069242,7.839e-05,0.01132075
Original,Original,115.0,0.00619534,2.338e-05,0.00377358
Original,Original,115.0,0.00619534,1.169e-05,0.00188679
Original,Original,115.0,0.00655977,7.014e-05,0.01069182
Original,Original,115.0,0.00728863,3.667e-05,0.00503145
Original,Original,115.0,0.00619534,5.455e-05,0.00880503
Original,Original,115.0,0.00619534,4.286e-05,0.00691824
Original,Original,115.0,0.00619534,7.014e-05,0.01132075
Original,Original,115.0,0.0058309,4.767e-05,0.0081761
Original,Original,115.0,0.00619534,4.286e-05,0.00691824
Original,Original,115.0,0.00655977,7.426e-05,0.01132075
Original,Original,115.0,0.0058309,2.2e-05,0.00377358
Original,Original,115.0,0.00728863,4.126e-05,0.00566038
Original,Original,115.0,0.00655977,3.713e-05,0.00566038
Original,Original,115.0,0.00619534,1.559e-05,0.00251572
Original,Original,115.0,0.00801749,9.076e-05,0.01132075
Original,Original,115.0,0.00765306,3.369e-05,0.00440252
Original,Original,115.0,0.00655977,2.888e-05,0.00440252
Original,Original,115.0,0.00655977,5.776e-05,0.00880503
Original,Original,115.0,0.0058309,5.501e-05,0.00943396
Original,Original,115.0,0.00655977,7.014e-05,0.01069182
Original,Original,115.0,0.00619534,2.728e-05,0.00440252
Original,Original,115.0,0.00801749,4.034e-05,0.00503145
Original,Original,115.0,0.00619534,2.338e-05,0.00377358
Original,Original,115.0,0.00473761,4.469e-05,0.00943396
Original,Original,115.0,0.00655977,7.426e-05,0.01132075
Original,Original,115.0,0.00728863,3.667e-05,0.00503145
Original,Original,115.0,0.00546647,1.719e-05,0.00314465
Original,Original,115.0,0.00728863,3.667e-05,0.00503145
Original,Original,115.0,0.00765306,7.22e-05,0.00943396
Original,Original,115.0,0.00510204,4.171e-05,0.0081761
Original,Original,115.0,0.00765306,3.369e-05,0.00440252
Original,Original,115.0,0.00655977,7.426e-05,0.01132075
Original,Original,115.0,0.0069242,2.613e-05,0.00377358
Original,Original,115.0,0.00473761,4.171e-05,0.00880503
Original,Original,115.0,0.0058309,2.567e-05,0.00440252
Original,Original,115.0,0.00655977,2.475e-05,0.00377358
Original,Original,115.0,0.00546647,5.845e-05,0.01069182
Original,Original,115.0,0.00510204,1.604e-05,0.00314465
Original,Original,115.0,0.00728863,6.418e-05,0.00880503
Original,Original,115.0,0.00619534,3.507e-05,0.00566038
Original,Original,115.0,0.00655977,2.888e-05,0.00440252
Original,Original,115.0,0.0069242,7.403e-05,0.01069182
Original,Original,115.0,0.0058309,4.034e-05,0.00691824
Original,Original,115.0,0.00619534,5.065e-05,0.0081761
Original,Original,115.0,0.00437318,3.025e-05,0.00691824
Original,Original,115.0,0.0069242,3.048e-05,0.00440252
Original,Original,115.0,0.00728863,3.209e-05,0.00440252
Original,Original,115.0,0.00874636,8.251e-05,0.00943396
Original,Original,115.0,0.00655977,1.65e-05,0.00251572
Original,Original,115.0,0.00473761,4.469e-05,0.00943396
Original,Original,115.0,0.00546647,6.188e-05,0.01132075
Original,Original,115.0,0.00510204,4.813e-05,0.00943396
Original,Original,115.0,0.0069242,7.839e-05,0.01132075
Original,Original,115.0,0.00546647,4.469e-05,0.0081761
Original,Original,115.0,0.0069242,5.226e-05,0.00754717
Original,Original,115.0,0.00765306,4.332e-05,0.00566038
Original,Original,115.0,0.00473761,2.384e-05,0.00503145
Original,Original,115.0,0.00801749,5.042e-05,0.00628931
Original,Original,115.0,0.00510204,2.567e-05,0.00503145
Original,Original,115.0,0.00619534,7.014e-05,0.01132075
Original,Original,115.0,0.0058309,2.567e-05,0.00440252
Original,Original,115.0,0.00655977,7.426e-05,0.01132075
Original,Original,115.0,0.00619534,7.403e-05,0.01194969
Original,Original,115.0,0.00619534,3.896e-05,0.00628931
Original,Original,115.0,0.00619534,5.455e-05,0.00880503
Original,Original,115.0,0.00801749,4.034e-05,0.00503145
Original,Original,115.0,0.0058309,4.034e-05,0.00691824
Original,Original,115.0,0.0058309,3.301e-05,0.00566038
Original,Original,115.0,0.0058309,2.934e-05,0.00503145
Original,Original,115.0,0.00546647,3.782e-05,0.00691824
Original,Original,115.0,0.00510204,9.63e-06,0.00188679
Original,Original,115.0,0.0058309,4.034e-05,0.00691824
Original,Original,115.0,0.00655977,3.713e-05,0.00566038
Original,Original,115.0,0.00619534,6.624e-05,0.01069182
Original,Original,115.0,0.00619534,4.286e-05,0.00691824
Original,Original,115.0,0.00619534,4.286e-05,0.00691824
Original,Original,115.0,0.00546647,4.126e-05,0.00754717
Original,Original,115.0,0.0058309,5.868e-05,0.01006289
Original,Original,115.0,0.00655977,6.601e-05,0.01006289
Original,Original,115.0,0.00619534,5.065e-05,0.0081761
Original,Original,115.0,0.00655977,4.951e-05,0.00754717
Original,Original,115.0,0.00619534,4.676e-05,0.00754717
Original,Original,115.0,0.0058309,6.601e-05,0.01132075
Original,Original,115.0,0.00619534,3.117e-05,0.00503145
Original,Original,115.0,0.0058309,3.301e-05,0.00566038
Original,Original,115.0,0.00546647,1.719e-05,0.00314465
Original,Original,115.0,0.00546647,4.126e-05,0.00754717
Original,Original,115.0,0.0058309,4.034e-05,0.00691824
Original,Original,115.0,0.00546647,3.094e-05,0.00566038
Original,Original,115.0,0.00619534,3.507e-05,0.00566038
Original,Original,115.0,0.00473761,1.192e-05,0.00251572
Original,Original,115.0,0.0058309,2.934e-05,0.00503145
Original,Original,115.0,0.00364431,2.98e-05,0.0081761
Original,Original,115.0,0.0058309,5.134e-05,0.00880503
Original,Original,115.0,0.00765306,4.813e-05,0.00628931
Original,Original,115.0,0.00510204,5.134e-05,0.01006289
Original,Original,115.0,0.00619534,3.507e-05,0.00566038
Original,Original,115.0,0.00473761,4.767e-05,0.01006289
Original,Original,115.0,0.00510204,4.171e-05,0.0081761
Original,Original,115.0,0.0058309,3.667e-05,0.00628931
Original,Original,115.0,0.0058309,1.834e-05,0.00314465
Original,Original,115.0,0.0058309,2.2e-05,0.00377358
Original,Original,115.0,0.0058309,5.501e-05,0.00943396
Original,Original,115.0,0.00546647,2.407e-05,0.00440252
Original,Original,115.0,0.00400875,2.773e-05,0.00691824
Original,Original,115.0,0.00619534,3.117e-05,0.00503145
Original,Original,115.0,0.00655977,4.951e-05,0.00754717
Original,Original,115.0,0.00546647,3.438e-05,0.00628931
Original,Original,115.0,0.0058309,4.401e-05,0.00754717
Original,Original,115.0,0.00619534,2.728e-05,0.00440252
Original,Original,115.0,0.00546647,4.126e-05,0.00754717
Original,Original,115.0,0.0058309,2.934e-05,0.00503145
Original,Original,115.0,0.00655977,6.188e-05,0.00943396
Original,Original,115.0,0.00546647,3.782e-05,0.00691824
Original,Original,115.0,0.00765306,2.407e-05,0.00314465
Original,Original,115.0,0.0058309,4.401e-05,0.00754717
Original,Original,115.0,0.0069242,3.048e-05,0.00440252
Original,Original,115.0,0.00473761,2.682e-05,0.00566038
Original,Original,115.0,0.00619534,5.845e-05,0.00943396
Original,Original,115.0,0.00619534,6.234e-05,0.01006289
Original,Original,115.0,0.00546647,2.063e-05,0.00377358
Original,Original,115.0,0.00655977,2.063e-05,0.00314465
Original,Original,115.0,0.0058309,4.767e-05,0.0081761
Original,Original,115.0,0.00619534,1.948e-05,0.00314465
Original,Original,115.0,0.00546647,5.157e-05,0.00943396
Original,Original,115.0,0.0058309,4.401e-05,0.00754717
Original,Original,115.0,0.0058309,2.2e-05,0.00377358
Original,Original,115.0,0.00655977,7.014e-05,0.01069182
Original,Original,115.0,0.00655977,3.713e-05,0.00566038
Original,Original,115.0,0.0058309,1.467e-05,0.00251572
Original,Original,115.0,0.00510204,3.53e-05,0.00691824
Original,Original,115.0,0.0058309,5.134e-05,0.00880503
Original,Original,115.0,0.00619534,4.286e-05,0.00691824
Original,Original,115.0,0.00437318,1.1e-05,0.00251572
Original,Original,115.0,0.00619534,2.728e-05,0.00440252
Original,Original,115.0,0.00510204,4.171e-05,0.0081761
Original,Original,115.0,0.00400875,3.782e-05,0.00943396
Original,Original,115.0,0.00510204,1.284e-05,0.00251572
Original,Original,115.0,0.00619534,6.234e-05,0.01006289
Original,Original,115.0,0.00619534,3.507e-05,0.00566038
Original,Original,115.0,0.00655977,6.188e-05,0.00943396
Original,Original,115.0,0.00473761,2.086e-05,0.00440252
Original,Original,115.0,0.00728863,2.75e-05,0.00377358
Original,Original,115.0,0.0058309,1.834e-05,0.00314465
Original,Original,115.0,0.0058309,2.567e-05,0.00440252
Original,Original,115.0,0.00619534,6.624e-05,0.01069182
Original,Original,115.0,0.00546647,4.469e-05,0.0081761
Original,Original,115.0,0.0058309,3.301e-05,0.00566038
Original,Original,115.0,0.00510204,2.567e-05,0.00503145
Original,Original,115.0,0.00619534,2.338e-05,0.00377358
Original,Original,115.0,0.00473761,2.384e-05,0.00503145
Original,Original,115.0,0.00728863,4.584e-05,0.00628931
Original,Original,115.0,0.00400875,3.025e-05,0.00754717
Original,Original,115.0,0.0058309,4.767e-05,0.0081761
Original,Original,115.0,0.0069242,3.919e-05,0.00566038
Original,Original,115.0,0.00728863,3.209e-05,0.00440252
Original,Original,115.0,0.00510204,1.604e-05,0.00314465
Original,Original,115.0,0.00546647,5.157e-05,0.00943396
Original,Original,115.0,0.0058309,1.834e-05,0.00314465
Original,Original,115.0,0.00437318,4.126e-05,0.00943396
Original,Original,115.0,0.00655977,2.063e-05,0.00314465
Original,Original,115.0,0.0069242,5.661e-05,0.0081761
Original,Original,115.0,0.00619534,5.065e-05,0.0081761
Original,Original,115.0,0.00510204,3.851e-05,0.00754717
Original,Original,115.0,0.00473761,1.788e-05,0.00377358
Original,Original,115.0,0.00473761,2.682e-05,0.00566038
Original,Original,115.0,0.0058309,5.501e-05,0.00943396
Original,Original,115.0,0.00619534,3.896e-05,0.00628931
Original,Original,115.0,0.00364431,1.834e-05,0.00503145
Original,Original,115.0,0.00473761,1.49e-05,0.00314465
Original,Original,115.0,0.00473761,1.788e-05,0.00377358
Original,Original,115.0,0.00546647,3.782e-05,0.00691824
Original,Original,115.0,0.0058309,3.301e-05,0.00566038
Original,Original,115.0,0.00765306,2.407e-05,0.00314465
Original,Original,115.0,0.0058309,6.234e-05,0.01069182
Original,Original,115.0,0.0058309,5.134e-05,0.00880503
Original,Original,115.0,0.0058309,5.501e-05,0.00943396
Original,Original,115.0,0.00473761,1.49e-05,0.00314465
Original,Original,115.0,0.00546647,3.438e-05,0.00628931
Original,Original,115.0,0.00510204,3.53e-05,0.00691824
Original,Original,115.0,0.0058309,4.767e-05,0.0081761
Original,Original,115.0,0.00619534,6.234e-05,0.01006289
Original,Original,115.0,0.00619534,5.065e-05,0.0081761
Original,Original,115.0,0.0058309,1.467e-05,0.00251572
Original,Original,115.0,0.00473761,2.086e-05,0.00440252
Original,Original,115.0,0.00655977,5.776e-05,0.00880503
Original,Original,115.0,0.00619534,3.507e-05,0.00566038
Original,Original,115.0,0.00546647,5.845e-05,0.01069182
Original,Original,115.0,0.00437318,1.925e-05,0.00440252
Original,Original,115.0,0.0058309,2.567e-05,0.00440252
Original,Original,115.0,0.00510204,3.53e-05,0.00691824
Original,Original,115.0,0.00619534,1.559e-05,0.00251572
Original,Original,115.0,0.00619534,1.559e-05,0.00251572
Original,Original,115.0,0.0058309,3.667e-05,0.00628931
Original,Original,115.0,0.0058309,4.767e-05,0.0081761
Original,Original,115.0,0.00619534,5.065e-05,0.0081761
Original,Original,115.0,0.00546647,4.469e-05,0.0081761
Original,Original,115.0,0.00765306,6.739e-05,0.00880503
Original,Original,115.0,0.00546647,4.126e-05,0.00754717
Original,Original,115.0,0.0069242,2.613e-05,0.00377358
Original,Original,115.0,0.00473761,4.171e-05,0.00880503
Original,Original,115.0,0.00473761,3.874e-05,0.0081761
Original,Original,115.0,0.0058309,5.134e-05,0.00880503
Original,Original,115.0,0.00619534,1.559e-05,0.00251572
Original,Original,115.0,0.0058309,6.234e-05,0.01069182
Original,Original,115.0,0.00510204,1.925e-05,0.00377358
Original,Original,115.0,0.0069242,3.048e-05,0.00440252
Original,Original,115.0,0.00473761,3.278e-05,0.00691824
Original,Original,115.0,0.00655977,6.601e-05,0.01006289
Original,Original,115.0,0.00655977,7.014e-05,0.01069182
Original,Original,115.0,0.00655977,6.601e-05,0.01006289
Original,Original,115.0,0.0058309,5.134e-05,0.00880503
Original,Original,115.0,0.0058309,6.234e-05,0.01069182
Original,Original,115.0,0.0069242,6.532e-05,0.00943396
Original,Original,115.0,0.00801749,3.53e-05,0.00440252
Original,Original,115.0,0.00655977,7.426e-05,0.01132075
Original,Original,115.0,0.00801749,2.521e-05,0.00314465
Original,Original,115.0,0.0058309,5.501e-05,0.00943396
Original,Original,115.0,0.00655977,6.188e-05,0.00943396
Original,Original,115.0,0.0069242,6.532e-05,0.00943396
Original,Original,115.0,0.0069242,6.097e-05,0.00880503
Original,Original,115.0,0.00619534,5.455e-05,0.00880503
Original,Original,115.0,0.00765306,5.295e-05,0.00691824
Original,Original,115.0,0.00619534,3.117e-05,0.00503145
Original,Original,115.0,0.00510204,3.209e-05,0.00628931
Original,Original,115.0,0.00765306,3.851e-05,0.00503145
Original,Original,115.0,0.0069242,7.403e-05,0.01069182
Original,Original,115.0,0.00510204,2.888e-05,0.00566038
Original,Original,115.0,0.0058309,6.234e-05,0.01069182
Original,Original,115.0,0.0058309,4.034e-05,0.00691824
Original,Original,115.0,0.0069242,3.919e-05,0.00566038
Original,Original,115.0,0.0058309,5.134e-05,0.00880503
Original,Original,115.0,0.00655977,5.363e-05,0.0081761
Original,Original,115.0,0.00473761,4.171e-05,0.00880503
Original,Original,115.0,0.00619534,1.948e-05,0.00314465
Original,Original,115.0,0.00619534,7.014e-05,0.01132075
Original,Original,115.0,0.00473761,2.682e-05,0.00566038
Original,Original,115.0,0.00801749,5.042e-05,0.00628931
Original,Original,115.0,0.0069242,3.484e-05,0.00503145
Original,Original,115.0,0.00546647,2.063e-05,0.00377358
Original,Original,115.0,0.0069242,8.274e-05,0.01194969
Original,Original,115.0,0.00728863,5.042e-05,0.00691824
Original,Original,115.0,0.0069242,7.403e-05,0.01069182
Original,Original,115.0,0.0058309,2.567e-05,0.00440252
Original,Original,115.0,0.0058309,5.501e-05,0.00943396
Original,Original,115.0,0.00655977,3.301e-05,0.00503145
Original,Original,115.0,0.00801749,4.538e-05,0.00566038
Original,Original,115.0,0.0069242,2.613e-05,0.00377358
Original,Original,115.0,0.00546647,2.063e-05,0.00377358
Original,Original,115.0,0.00546647,1.719e-05,0.00314465
Original,Original,115.0,0.0069242,6.968e-05,0.01006289
Original,Original,115.0,0.00546647,2.75e-05,0.00503145
Original,Original,115.0,0.00510204,1.925e-05,0.00377358
Original,Original,115.0,0.00655977,6.601e-05,0.01006289
Original,Original,115.0,0.00655977,4.951e-05,0.00754717
Original,Original,115.0,0.00728863,8.251e-05,0.01132075
Original,Original,115.0,0.00655977,6.188e-05,0.00943396
Original,Original,115.0,0.00437318,3.851e-05,0.00880503
Original,Original,115.0,0.00546647,5.845e-05,0.01069182
Original,Original,115.0,0.00801749,7.564e-05,0.00943396
Original,Original,115.0,0.00655977,2.475e-05,0.00377358
Original,Original,115.0,0.00655977,7.426e-05,0.01132075
Original,Original,115.0,0.00655977,6.601e-05,0.01006289
Original,Original,115.0,0.0058309,4.401e-05,0.00754717
Original,Original,115.0,0.00546647,3.782e-05,0.00691824
Original,Original,115.0,0.00655977,5.363e-05,0.0081761
Original,Original,115.0,0.00619534,1.559e-05,0.00251572
Original,Original,115.0,0.0069242,2.177e-05,0.00314465
Original,Original,115.0,0.00655977,4.126e-05,0.00628931
Original,Original,115.0,0.0069242,3.919e-05,0.00566038
Original,Original,115.0,0.0069242,8.71e-05,0.01257862
Original,Original,115.0,0.0069242,6.097e-05,0.00880503
Original,Original,115.0,0.00801749,6.051e-05,0.00754717
Original,Original,115.0,0.00655977,5.776e-05,0.00880503
Original,Original,115.0,0.0069242,1.742e-05,0.00251572
Original,Original,115.0,0.00655977,5.776e-05,0.00880503
Original,Original,115.0,0.00838192,6.853e-05,0.0081761
Original,Original,115.0,0.00655977,1.65e-05,0.00251572
Original,Original,115.0,0.0058309,3.301e-05,0.00566038
Original,Original,115.0,0.00765306,4.813e-05,0.00628931
Original,Original,115.0,0.00655977,4.538e-05,0.00691824
Original,Original,115.0,0.00619534,7.014e-05,0.01132075
Original,Original,115.0,0.0058309,5.501e-05,0.00943396
Original,Original,115.0,0.00655977,3.713e-05,0.00566038
Original,Original,115.0,0.00655977,4.538e-05,0.00691824
Original,Original,115.0,0.00655977,7.426e-05,0.01132075
Original,Original,115.0,0.00546647,4.813e-05,0.00880503
Original,Original,115.0,0.00546647,2.407e-05,0.00440252
Original,Original,115.0,0.00619534,1.559e-05,0.00251572
Original,Original,115.0,0.00619534,1.559e-05,0.00251572
Original,Original,115.0,0.00726216,6.528e-05,0.00898876
Original,Original,115.0,0.00689906,1.55e-05,0.00224719
Original,Original,115.0,0.0087146,2.448e-05,0.00280899
Original,Original,115.0,0.00762527,8.996e-05,0.01179775
Original,Original,115.0,0.00689906,3.876e-05,0.00561798
Original,Original,115.0,0.00726216,3.672e-05,0.00505618
Original,Original,115.0,0.00689906,4.263e-05,0.00617978
Original,Original,115.0,0.00653595,5.141e-05,0.00786517
Original,Original,115.0,0.00580973,4.569e-05,0.00786517
Original,Original,115.0,0.00617284,6.242e-05,0.01011236
Original,Original,115.0,0.00580973,2.285e-05,0.00393258
Original,Original,115.0,0.00689906,6.201e-05,0.00898876
Original,Original,115.0,0.00762527,6.426e-05,0.00842697
Original,Original,115.0,0.00689906,6.201e-05,0.00898876
Original,Original,115.0,0.00835149,4.692e-05,0.00561798
Original,Original,115.0,0.00762527,6.426e-05,0.00842697
Original,Original,115.0,0.00798838,6.732e-05,0.00842697
Original,Original,115.0,0.00726216,6.12e-05,0.00842697
Original,Original,115.0,0.00726216,3.264e-05,0.00449438
Original,Original,115.0,0.00798838,3.141e-05,0.00393258
Original,Original,115.0,0.00762527,7.711e-05,0.01011236
Original,Original,115.0,0.00580973,4.243e-05,0.00730337
Original,Original,115.0,0.00580973,4.896e-05,0.00842697
Original,Original,115.0,0.00835149,2.815e-05,0.00337079
Original,Original,115.0,0.00726216,7.752e-05,0.01067416
Original,Original,115.0,0.00726216,2.856e-05,0.00393258
Original,Original,115.0,0.00544662,4.284e-05,0.00786517
Original,Original,115.0,0.00617284,6.242e-05,0.01011236
Original,Original,115.0,0.0087146,5.385e-05,0.00617978
Original,Original,115.0,0.00762527,7.711e-05,0.01011236
Original,Original,115.0,0.00726216,2.856e-05,0.00393258
Original,Original,115.0,0.00907771,3.06e-05,0.00337079
Original,Original,115.0,0.00798838,8.976e-05,0.01123596
Original,Original,115.0,0.00653595,4.039e-05,0.00617978
Original,Original,115.0,0.00798838,1.795e-05,0.00224719
Original,Original,115.0,0.00544662,1.836e-05,0.00337079
Original,Original,115.0,0.00653595,6.609e-05,0.01011236
Original,Original,115.0,0.00617284,3.815e-05,0.00617978
Original,Original,115.0,0.00689906,7.364e-05,0.01067416
Original,Original,115.0,0.00762527,3.427e-05,0.00449438
Original,Original,115.0,0.0087146,5.385e-05,0.00617978
Original,Original,115.0,0.0087146,2.448e-05,0.00280899
Original,Original,115.0,0.00762527,3.855e-05,0.00505618
Original,Original,115.0,0.00653595,1.469e-05,0.00224719
Original,Original,115.0,0.00835149,7.976e-05,0.00955056
Original,Original,115.0,0.00762527,4.712e-05,0.00617978
Original,Original,115.0,0.00689906,6.589e-05,0.00955056
Original,Original,115.0,0.00798838,2.244e-05,0.00280899
Original,Original,115.0,0.00762527,4.712e-05,0.00617978
Original,Original,115.0,0.00762527,5.141e-05,0.00674157
Original,Original,115.0,0.00617284,5.895e-05,0.00955056
Original,Original,115.0,0.00726216,7.344e-05,0.01011236
Original,Original,115.0,0.00653595,2.57e-05,0.00393258
Original,Original,115.0,0.00580973,2.611e-05,0.00449438
Original,Original,115.0,0.00580973,4.569e-05,0.00786517
Original,Original,115.0,0.00726216,6.528e-05,0.00898876
Original,Original,115.0,0.00798838,6.283e-05,0.00786517
Original,Original,115.0,0.00653595,4.773e-05,0.00730337
Original,Original,115.0,0.00726216,2.448e-05,0.00337079
Original,Original,115.0,0.00762527,4.712e-05,0.00617978
Original,Original,115.0,0.00689906,1.938e-05,0.00280899
Original,Original,115.0,0.00762527,6.426e-05,0.00842697
Original,Original,115.0,0.00907771,7.65e-05,0.00842697
Original,Original,115.0,0.0087146,2.938e-05,0.00337079
Original,Original,115.0,0.00617284,3.815e-05,0.00617978
Original,Original,115.0,0.00617284,5.895e-05,0.00955056
Original,Original,115.0,0.00726216,7.344e-05,0.01011236
Original,Original,115.0,0.00762527,8.568e-05,0.01123596
Original,Original,115.0,0.00689906,1.938e-05,0.00280899
Original,Original,115.0,0.00726216,2.856e-05,0.00393258
Original,Original,115.0,0.00762527,6.426e-05,0.00842697
Original,Original,115.0,0.00798838,3.59e-05,0.00449438
Original,Original,115.0,0.00762527,5.141e-05,0.00674157
Original,Original,115.0,0.00726216,4.08e-05,0.00561798
Original,Original,115.0,0.00580973,4.569e-05,0.00786517
Original,Original,115.0,0.00617284,2.774e-05,0.00449438
Original,Original,115.0,0.00726216,4.896e-05,0.00674157
Original,Original,115.0,0.00726216,2.448e-05,0.00337079
Original,Original,115.0,0.00762527,8.996e-05,0.01179775
Original,Original,115.0,0.00689906,3.876e-05,0.00561798
Original,Original,115.0,0.00726216,6.12e-05,0.00842697
Original,Original,115.0,0.00798838,9.873e-05,0.01235955
Original,Original,115.0,0.00726216,4.896e-05,0.00674157
Original,Original,115.0,0.00689906,6.589e-05,0.00955056
Original,Original,115.0,0.00580973,4.243e-05,0.00730337
Original,Original,115.0,0.00726216,5.304e-05,0.00730337
Original,Original,115.0,0.00726216,4.488e-05,0.00617978
Original,Original,115.0,0.00762527,8.568e-05,0.01123596
Original,Original,115.0,0.00617284,5.202e-05,0.00842697
Original,Original,115.0,0.00689906,6.589e-05,0.00955056
Original,Original,115.0,0.00617284,3.121e-05,0.00505618
Original,Original,115.0,0.00689906,5.039e-05,0.00730337
Original,Original,115.0,0.00762527,8.996e-05,0.01179775
Original,Original,115.0,0.0087146,2.938e-05,0.00337079
Original,Original,115.0,0.0087146,3.917e-05,0.00449438
Original,Original,115.0,0.00726216,6.528e-05,0.00898876
Original,Original,115.0,0.00798838,9.424e-05,0.01179775
Original,Original,115.0,0.00762527,2.142e-05,0.00280899
Original,Original,115.0,0.00726216,6.12e-05,0.00842697
Original,Original,115.0,0.00726216,8.16e-05,0.01123596
Original,Original,115.0,0.00617284,4.161e-05,0.00674157
Original,Original,115.0,0.00798838,8.527e-05,0.01067416
Original,Original,115.0,0.00798838,8.527e-05,0.01067416
Original,Original,115.0,0.00689906,2.326e-05,0.00337079
Original,Original,115.0,0.00798838,8.078e-05,0.01011236
Original,Original,115.0,0.00762527,3.855e-05,0.00505618
Original,Original,115.0,0.00726216,7.752e-05,0.01067416
Original,Original,115.0,0.00798838,4.039e-05,0.00505618
Original,Original,115.0,0.00617284,5.202e-05,0.00842697
Original,Original,115.0,0.00689906,6.589e-05,0.00955056
Original,Original,115.0,0.00835149,3.284e-05,0.00393258
Original,Original,115.0,0.00762527,7.711e-05,0.01011236
Original,Original,115.0,0.00653595,6.242e-05,0.00955056
Original,Original,115.0,0.00798838,2.693e-05,0.00337079
Original,Original,115.0,0.00653595,5.141e-05,0.00786517
Original,Original,115.0,0.00762527,8.996e-05,0.01179775
Original,Original,115.0,0.00726216,6.936e-05,0.00955056
Original,Original,115.0,0.00944081,2.652e-05,0.00280899
Original,Original,115.0,0.00653595,2.203e-05,0.00337079
Original,Original,115.0,0.00798838,5.385e-05,0.00674157
Original,Original,115.0,0.00653595,6.609e-05,0.01011236
Original,Original,115.0,0.00762527,6.426e-05,0.00842697
Original,Original,115.0,0.00726216,2.448e-05,0.00337079
Original,Original,115.0,0.00762527,5.141e-05,0.00674157
Original,Original,115.0,0.00580973,3.264e-05,0.00561798
Original,Original,115.0,0.00653595,4.406e-05,0.00674157
Original,Original,115.0,0.00689906,5.814e-05,0.00842697
Original,Original,115.0,0.0087146,7.833e-05,0.00898876
Original,Original,115.0,0.0087146,4.406e-05,0.00505618
Original,Original,115.0,0.00653595,2.57e-05,0.00393258
Original,Original,115.0,0.00980392,3.305e-05,0.00337079
Original,Original,115.0,0.00762527,8.568e-05,0.01123596
Original,Original,115.0,0.0087146,5.875e-05,0.00674157
Original,Original,115.0,0.00798838,4.039e-05,0.00505618
Original,Original,115.0,0.00835149,2.346e-05,0.00280899
Original,Original,115.0,0.00689906,5.426e-05,0.00786517
Original,Original,115.0,0.0087146,4.896e-05,0.00561798
Original,Original,115.0,0.00798838,4.937e-05,0.00617978
Original,Original,115.0,0.00798838,6.732e-05,0.00842697
Original,Original,115.0,0.00726216,6.936e-05,0.00955056
Original,Original,115.0,0.00835149,5.161e-05,0.00617978
Original,Original,115.0,0.00726216,7.752e-05,0.01067416
Original,Original,115.0,0.00617284,1.734e-05,0.00280899
Original,Original,115.0,0.00762527,8.139e-05,0.01067416
Original,Original,115.0,0.00835149,6.099e-05,0.00730337
Original,Original,115.0,0.00653595,2.938e-05,0.00449438
Original,Original,115.0,0.00689906,6.977e-05,0.01011236
Original,Original,115.0,0.00617284,3.815e-05,0.00617978
Original,Original,115.0,0.00835149,4.223e-05,0.00505618
Original,Original,115.0,0.00617284,5.202e-05,0.00842697
Original,Original,115.0,0.00798838,2.244e-05,0.00280899
Original,Original,115.0,0.00726216,8.16e-05,0.01123596
Original,Original,115.0,0.00798838,1.795e-05,0.00224719
Original,Original,115.0,0.00689906,6.977e-05,0.01011236
Original,Original,115.0,0.00762527,2.57e-05,0.00337079
Original,Original,115.0,0.00762527,4.284e-05,0.00561798
Original,Original,115.0,0.00653595,4.039e-05,0.00617978
Original,Original,115.0,0.00580973,5.222e-05,0.00898876
Original,Original,115.0,0.00726216,4.08e-05,0.00561798
Original,Original,115.0,0.00653595,3.305e-05,0.00505618
Original,Original,115.0,0.00617284,4.508e-05,0.00730337
Original,Original,115.0,0.00653595,4.039e-05,0.00617978
Original,Original,115.0,0.00653595,6.609e-05,0.01011236
Original,Original,115.0,0.00762527,7.283e-05,0.00955056
Original,Original,115.0,0.00835149,3.753e-05,0.00449438
Original,Original,115.0,0.00762527,5.569e-05,0.00730337
Original,Original,115.0,0.00689906,1.938e-05,0.00280899
Original,Original,115.0,0.00944081,6.365e-05,0.00674157
Original,Original,115.0,0.00762527,8.139e-05,0.01067416
Original,Original,115.0,0.00762527,5.141e-05,0.00674157
Original,Original,115.0,0.00798838,8.976e-05,0.01123596
Original,Original,115.0,0.00726216,7.344e-05,0.01011236
Original,Original,115.0,0.00653595,4.773e-05,0.00730337
Original,Original,115.0,0.00689906,7.364e-05,0.01067416
Original,Original,115.0,0.00689906,4.263e-05,0.00617978
Original,Original,115.0,0.00689906,1.55e-05,0.00224719
Original,Original,115.0,0.00580973,4.896e-05,0.00842697
Original,Original,115.0,0.00726216,7.752e-05,0.01067416
Original,Original,115.0,0.00544662,5.202e-05,0.00955056
Original,Original,115.0,0.00726216,8.16e-05,0.01123596
Original,Original,115.0,0.00762527,8.568e-05,0.01123596
Original,Original,115.0,0.00835149,7.507e-05,0.00898876
Original,Original,115.0,0.00653595,6.609e-05,0.01011236
Original,Original,115.0,0.00726216,7.344e-05,0.01011236
Original,Original,115.0,0.00762527,1.714e-05,0.00224719
Original,Original,115.0,0.00798838,7.181e-05,0.00898876
Original,Original,115.0,0.00762527,8.139e-05,0.01067416
Original,Original,115.0,0.00580973,4.569e-05,0.00786517
Original,Original,115.0,0.00580973,4.569e-05,0.00786517
Original,Original,115.0,0.00617284,2.081e-05,0.00337079
Original,Original,115.0,0.00689906,6.977e-05,0.01011236
Original,Original,115.0,0.00617284,1.734e-05,0.00280899
Original,Original,115.0,0.00944081,3.182e-05,0.00337079
Original,Original,115.0,0.00726216,4.08e-05,0.00561798
Original,Original,115.0,0.00726216,7.344e-05,0.01011236
Original,Original,115.0,0.00580973,3.264e-05,0.00561798
Original,Original,115.0,0.0087146,7.833e-05,0.00898876
Original,Original,115.0,0.00835149,2.346e-05,0.00280899
Original,Original,115.0,0.00689906,3.488e-05,0.00505618
Original,Original,115.0,0.00580973,3.59e-05,0.00617978
Original,Original,115.0,0.00618182,3.3e-05,0.00533808
Original,Original,115.0,0.00581818,3.796e-05,0.00652432
Original,Original,115.0,0.00545455,2.588e-05,0.00474496
Original,Original,115.0,0.00618182,4.033e-05,0.00652432
Original,Original,115.0,0.00654545,4.27e-05,0.00652432
Original,Original,115.0,0.00618182,2.2e-05,0.00355872
Original,Original,115.0,0.00727273,9.059e-05,0.01245552
Original,Original,115.0,0.00654545,7.764e-05,0.0118624
Original,Original,115.0,0.00836364,9.921e-05,0.0118624
Original,Original,115.0,0.00618182,3.3e-05,0.00533808
Original,Original,115.0,0.00909091,5.392e-05,0.0059312
Original,Original,115.0,0.00509091,3.321e-05,0.00652432
Original,Original,115.0,0.00763636,9.964e-05,0.01304864
Original,Original,115.0,0.00618182,3.3e-05,0.00533808
Original,Original,115.0,0.00763636,3.623e-05,0.00474496
Original,Original,115.0,0.00618182,4.767e-05,0.00771056
Original,Original,115.0,0.00581818,4.831e-05,0.00830368
Original,Original,115.0,0.00581818,2.416e-05,0.00415184
Original,Original,115.0,0.00545455,4.853e-05,0.0088968
Original,Original,115.0,0.00654545,5.047e-05,0.00771056
Original,Original,115.0,0.00727273,6.47e-05,0.0088968
Original,Original,115.0,0.00618182,5.866e-05,0.00948992
Original,Original,115.0,0.008,7.117e-05,0.0088968
Original,Original,115.0,0.00509091,4.529e-05,0.0088968
Original,Original,115.0,0.00690909,7.786e-05,0.01126928
Original,Original,115.0,0.00436364,1.553e-05,0.00355872
Original,Original,115.0,0.00727273,7.764e-05,0.01067616
Original,Original,115.0,0.00618182,4.033e-05,0.00652432
Original,Original,115.0,0.00654545,3.882e-05,0.0059312
Original,Original,115.0,0.00509091,3.623e-05,0.00711744
Original,Original,115.0,0.00581818,1.38e-05,0.00237248
Original,Original,115.0,0.00618182,1.833e-05,0.0029656
Original,Original,115.0,0.008,0.00010439,0.01304864
Original,Original,115.0,0.00545455,1.941e-05,0.00355872
Original,Original,115.0,0.00690909,6.966e-05,0.01008304
Original,Original,115.0,0.00618182,4.4e-05,0.00711744
Original,Original,115.0,0.00763636,8.153e-05,0.01067616
Original,Original,115.0,0.00654545,2.329e-05,0.00355872
Original,Original,115.0,0.00654545,4.659e-05,0.00711744
Original,Original,115.0,0.00581818,5.521e-05,0.00948992
Original,Original,115.0,0.00836364,5.457e-05,0.00652432
Original,Original,115.0,0.00472727,4.206e-05,0.0088968
Original,Original,115.0,0.00763636,8.153e-05,0.01067616
Original,Original,115.0,0.00545455,4.206e-05,0.00771056
Original,Original,115.0,0.00727273,2.588e-05,0.00355872
Original,Original,115.0,0.00618182,2.2e-05,0.00355872
Original,Original,115.0,0.00618182,3.667e-05,0.0059312
Original,Original,115.0,0.00581818,1.38e-05,0.00237248
Original,Original,115.0,0.00945455,4.486e-05,0.00474496
Original,Original,115.0,0.00509091,1.208e-05,0.00237248
Original,Original,115.0,0.00727273,4.745e-05,0.00652432
Original,Original,115.0,0.00509091,1.51e-05,0.0029656
Original,Original,115.0,0.00618182,6.6e-05,0.01067616
Original,Original,115.0,0.00509091,9.06e-06,0.00177936
Original,Original,115.0,0.00545455,3.235e-05,0.0059312
Original,Original,115.0,0.00545455,3.559e-05,0.00652432
Original,Original,115.0,0.00690909,7.786e-05,0.01126928
Original,Original,115.0,0.00509091,3.925e-05,0.00771056
Original,Original,115.0,0.00872727,2.588e-05,0.0029656
Original,Original,115.0,0.00581818,3.106e-05,0.00533808
Original,Original,115.0,0.00618182,2.2e-05,0.00355872
Original,Original,115.0,0.00618182,5.5e-05,0.0088968
Original,Original,115.0,0.00581818,3.796e-05,0.00652432
Original,Original,115.0,0.00509091,4.529e-05,0.0088968
Original,Original,115.0,0.00727273,9.49e-05,0.01304864
Original,Original,115.0,0.00436364,1.035e-05,0.00237248
Original,Original,115.0,0.008,6.168e-05,0.00771056
Original,Original,115.0,0.00581818,2.761e-05,0.00474496
Original,Original,115.0,0.00618182,5.866e-05,0.00948992
Original,Original,115.0,0.00618182,5.133e-05,0.00830368
Original,Original,115.0,0.00981818,6.406e-05,0.00652432
Original,Original,115.0,0.00654545,3.494e-05,0.00533808
Original,Original,115.0,0.00763636,9.511e-05,0.01245552
Original,Original,115.0,0.00545455,5.823e-05,0.01067616
Original,Original,115.0,0.00581818,4.831e-05,0.00830368
Original,Original,115.0,0.00581818,5.176e-05,0.0088968
Original,Original,115.0,0.00836364,5.457e-05,0.00652432
Original,Original,115.0,0.00509091,2.718e-05,0.00533808
Original,Original,115.0,0.00945455,0.00010655,0.01126928
Original,Original,115.0,0.00472727,3.084e-05,0.00652432
Original,Original,115.0,0.00836364,6.449e-05,0.00771056
Original,Original,115.0,0.00654545,5.047e-05,0.00771056
Original,Original,115.0,0.008,4.27e-05,0.00533808
Original,Original,115.0,0.00436364,2.847e-05,0.00652432
Original,Original,115.0,0.00654545,4.659e-05,0.00711744
Original,Original,115.0,0.00581818,3.106e-05,0.00533808
Original,Original,115.0,0.008,9.015e-05,0.01126928
Original,Original,115.0,0.00509091,2.718e-05,0.00533808
Original,Original,115.0,0.00763636,3.17e-05,0.00415184
Original,Original,115.0,0.00581818,3.106e-05,0.00533808
Original,Original,115.0,0.00690909,1.229e-05,0.00177936
Original,Original,115.0,0.00436364,2.329e-05,0.00533808
Original,Original,115.0,0.00690909,5.327e-05,0.00771056
Original,Original,115.0,0.00690909,2.049e-05,0.0029656
Original,Original,115.0,0.00763636,7.247e-05,0.00948992
Original,Original,115.0,0.00472727,4.206e-05,0.0088968
Original,Original,115.0,0.00763636,2.265e-05,0.0029656
Original,Original,115.0,0.00581818,3.451e-05,0.0059312
Original,Original,115.0,0.008,5.694e-05,0.00711744
Original,Original,115.0,0.00763636,6.341e-05,0.00830368
Original,Original,115.0,0.00581818,5.176e-05,0.0088968
Original,Original,115.0,0.00618182,4.4e-05,0.00711744
Original,Original,115.0,0.00581818,4.141e-05,0.00711744
Original,Original,115.0,0.00727273,8.196e-05,0.01126928
Original,Original,115.0,0.00509091,4.227e-05,0.00830368
Original,Original,115.0,0.00909091,2.696e-05,0.0029656
Original,Original,115.0,0.00472727,3.925e-05,0.00830368
Original,Original,115.0,0.008,6.168e-05,0.00771056
Original,Original,115.0,0.00545455,1.294e-05,0.00237248
Original,Original,115.0,0.00618182,5.866e-05,0.00948992
Original,Original,115.0,0.00581818,1.035e-05,0.00177936
Original,Original,115.0,0.00836364,6.449e-05,0.00771056
Original,Original,115.0,0.00654545,2.718e-05,0.00415184
Original,Original,115.0,0.00618182,5.133e-05,0.00830368
Original,Original,115.0,0.00581818,5.176e-05,0.0088968
Original,Original,115.0,0.00581818,4.486e-05,0.00771056
Original,Original,115.0,0.00581818,2.071e-05,0.00355872
Original,Original,115.0,0.00690909,5.327e-05,0.00771056
Original,Original,115.0,0.00654545,1.553e-05,0.00237248
Original,Original,115.0,0.00581818,2.416e-05,0.00415184
Original,Original,115.0,0.00727273,1.725e-05,0.00237248
Original,Original,115.0,0.00654545,2.329e-05,0.00355872
Original,Original,115.0,0.00727273,7.333e-05,0.01008304
Original,Original,115.0,0.00690909,1.229e-05,0.00177936
Original,Original,115.0,0.00763636,7.7e-05,0.01008304
Original,Original,115.0,0.00618182,4.4e-05,0.00711744
Original,Original,115.0,0.00727273,8.627e-05,0.0118624
Original,Original,115.0,0.00618182,3.667e-05,0.0059312
Original,Original,115.0,0.00618182,2.2e-05,0.00355872
Original,Original,115.0,0.00545455,5.176e-05,0.00948992
Original,Original,115.0,0.00654545,6.212e-05,0.00948992
Original,Original,115.0,0.00763636,7.247e-05,0.00948992
Original,Original,115.0,0.00472727,2.243e-05,0.00474496
Original,Original,115.0,0.00654545,2.718e-05,0.00415184
Original,Original,115.0,0.00654545,1.941e-05,0.0029656
Original,Original,115.0,0.00872727,5.176e-05,0.0059312
Original,Original,115.0,0.00618182,4.767e-05,0.00771056
Original,Original,115.0,0.00727273,3.02e-05,0.00415184
Original,Original,115.0,0.00618182,4.4e-05,0.00711744
Original,Original,115.0,0.00581818,5.521e-05,0.00948992
Original,Original,115.0,0.00763636,3.17e-05,0.00415184
Original,Original,115.0,0.00836364,4.465e-05,0.00533808
Original,Original,115.0,0.00545455,2.588e-05,0.00474496
Original,Original,115.0,0.00727273,2.157e-05,0.0029656
Original,Original,115.0,0.004,9.49e-06,0.00237248
Original,Original,115.0,0.00545455,4.853e-05,0.0088968
Original,Original,115.0,0.00472727,4.206e-05,0.0088968
Original,Original,115.0,0.00763636,5.435e-05,0.00711744
Original,Original,115.0,0.00509091,2.718e-05,0.00533808
Original,Original,115.0,0.008,9.015e-05,0.01126928
Original,Original,115.0,0.00618182,5.5e-05,0.0088968
Original,Original,115.0,0.00727273,2.588e-05,0.00355872
Original,Original,115.0,0.00618182,2.567e-05,0.00415184
Original,Original,115.0,0.00727273,8.627e-05,0.0118624
Original,Original,115.0,0.00472727,2.523e-05,0.00533808
Original,Original,115.0,0.00581818,3.106e-05,0.00533808
Original,Original,115.0,0.00436364,3.623e-05,0.00830368
Original,Original,115.0,0.00654545,4.27e-05,0.00652432
Original,Original,115.0,0.00618182,2.2e-05,0.00355872
Original,Original,115.0,0.00690909,8.196e-05,0.0118624
Original,Original,115.0,0.00581818,5.176e-05,0.0088968
Original,Original,115.0,0.00581818,3.796e-05,0.00652432
Original,Original,115.0,0.004,1.186e-05,0.0029656
Original,Original,115.0,0.00618182,2.567e-05,0.00415184
Original,Original,115.0,0.004,3.084e-05,0.00771056
Original,Original,115.0,0.00727273,4.314e-05,0.0059312
Original,Original,115.0,0.00545455,4.206e-05,0.00771056
Original,Original,115.0,0.00581818,4.141e-05,0.00711744
Original,Original,115.0,0.00545455,2.588e-05,0.00474496
Original,Original,115.0,0.00763636,9.511e-05,0.01245552
Original,Original,115.0,0.00654545,1.941e-05,0.0029656
Original,Original,115.0,0.00509091,4.831e-05,0.00948992
Original,Original,115.0,0.00509091,2.718e-05,0.00533808
Original,Original,115.0,0.00763636,4.076e-05,0.00533808
Original,Original,115.0,0.00509091,3.623e-05,0.00711744
Original,Original,115.0,0.00654545,1.941e-05,0.0029656
Original,Original,115.0,0.00472727,2.523e-05,0.00533808
Original,Original,115.0,0.00618182,4.4e-05,0.00711744
Original,Original,115.0,0.00581818,2.416e-05,0.00415184
Original,Original,115.0,0.00618182,5.133e-05,0.00830368
Original,Original,115.0,0.00654545,3.882e-05,0.0059312
Original,Original,115.0,0.00654545,5.047e-05,0.00771056
Original,Original,115.0,0.00581818,3.451e-05,0.0059312
Original,Original,115.0,0.00872727,6.212e-05,0.00711744
Original,Original,115.0,0.00581818,4.141e-05,0.00711744
Original,Original,115.0,0.00763636,7.7e-05,0.01008304
Original,Original,115.0,0.00436364,2.329e-05,0.00533808
Original,Original,115.0,0.00581818,2.761e-05,0.00474496
Original,Original,115.0,0.00436364,2.329e-05,0.00533808
Original,Original,115.0,0.00654545,4.27e-05,0.00652432
Original,Original,115.0,0.00545455,2.588e-05,0.00474496
Original,Original,115.0,0.00727273,8.196e-05,0.01126928
Original,Original,115.0,0.00509091,1.51e-05,0.0029656
Original,Original,115.0,0.00727273,3.02e-05,0.00415184
Original,Original,115.0,0.00618182,5.866e-05,0.00948992
Original,Original,115.0,0.00545455,5.176e-05,0.00948992
Original,Original,115.0,0.00581818,5.521e-05,0.00948992
Original,Original,115.0,0.00581818,5.521e-05,0.00948992
Original,Original,115.0,0.00545455,5.176e-05,0.00948992
Original,Original,115.0,0.00618182,4.4e-05,0.00711744
Original,Original,115.0,0.00581818,5.521e-05,0.00948992
Original,Original,115.0,0.00581818,5.866e-05,0.01008304
Original,Original,115.0,0.00581818,4.486e-05,0.00771056
Original,Original,115.0,0.00727273,2.588e-05,0.00355872
Original,Original,115.0,0.00581818,2.071e-05,0.00355872
Original,Original,115.0,0.00690909,2.459e-05,0.00355872
Original,Original,115.0,0.00545455,3.235e-05,0.0059312
Original,Original,115.0,0.00690909,4.098e-05,0.0059312
Original,Original,115.0,0.00581818,4.486e-05,0.00771056
Original,Original,115.0,0.00654545,4.659e-05,0.00711744
Original,Original,115.0,0.004,9.49e-06,0.00237248
Original,Original,115.0,0.00690909,7.376e-05,0.01067616
Original,Original,115.0,0.00545455,3.559e-05,0.00652432
Original,Original,115.0,0.008,3.796e-05,0.00474496
Original,Original,115.0,0.00654545,6.212e-05,0.00948992
Original,Original,115.0,0.00727273,1.725e-05,0.00237248
Original,Original,115.0,0.00581818,3.106e-05,0.00533808
Original,Original,115.0,0.00654545,3.882e-05,0.0059312
Original,Original,115.0,0.00654545,3.882e-05,0.0059312
Original,Original,115.0,0.00836364,1.984e-05,0.00237248
Original,Original,115.0,0.00654545,5.047e-05,0.00771056
Original,Original,115.0,0.00727273,7.764e-05,0.01067616
Original,Original,115.0,0.00545455,2.912e-05,0.00533808
Original,Original,115.0,0.00872727,0.0001087,0.01245552
Original,Original,115.0,0.00654545,5.435e-05,0.00830368
Original,Original,115.0,0.00727273,6.039e-05,0.00830368
Original,Original,115.0,0.00545455,2.265e-05,0.00415184
Original,Original,115.0,0.00654545,3.106e-05,0.00474496
Original,Original,115.0,0.00581818,4.486e-05,0.00771056
Original,Original,115.0,0.00690909,4.918e-05,0.00711744
Original,Original,115.0,0.004,1.898e-05,0.00474496
Original,Original,115.0,0.008,6.643e-05,0.00830368
Original,Original,115.0,0.00545455,3.235e-05,0.0059312
Original,Original,115.0,0.00763636,8.153e-05,0.01067616
Original,Original,115.0,0.00436364,2.588e-05,0.0059312
Original,Original,115.0,0.008,8.541e-05,0.01067616
Original,Original,115.0,0.00618182,5.5e-05,0.0088968
Original,Original,115.0,0.00690909,6.147e-05,0.0088968
Original,Original,115.0,0.00581818,2.761e-05,0.00474496
Original,Original,115.0,0.00763636,4.982e-05,0.00652432
Original,Original,115.0,0.00545455,3.882e-05,0.00711744
Original,Original,115.0,0.00654545,7.376e-05,0.01126928
Original,Original,115.0,0.00690909,4.098e-05,0.0059312
Original,Original,115.0,0.00545455,4.206e-05,0.00771056
Original,Original,115.0,0.00363636,8.63e-06,0.00237248
Original,Original,115.0,0.00727273,4.314e-05,0.0059312
Original,Original,115.0,0.00618182,3.667e-05,0.0059312
Original,Original,115.0,0.00836364,9.425e-05,0.01126928
Original,Original,115.0,0.00545455,4.853e-05,0.0088968
Original,Original,115.0,0.008,9.49e-05,0.0118624
Original,Original,115.0,0.00472727,1.963e-05,0.00415184
Original,Original,115.0,0.00981818,5.241e-05,0.00533808
Original,Original,115.0,0.00618182,3.3e-05,0.00533808
Original,Original,115.0,0.00690909,6.966e-05,0.01008304
Original,Original,115.0,0.00618182,3.667e-05,0.0059312
Original,Original,115.0,0.008,1.898e-05,0.00237248
Original,Original,115.0,0.00618182,1.467e-05,0.00237248
Original,Original,115.0,0.00618182,5.866e-05,0.00948992
Original,Original,115.0,0.00545455,2.588e-05,0.00474496
Original,Original,115.0,0.00763636,8.153e-05,0.01067616
Original,Original,115.0,0.00472727,3.925e-05,0.00830368
Original,Original,115.0,0.008,5.219e-05,0.00652432
Original,Original,115.0,0.00509091,2.718e-05,0.00533808
Original,Original,115.0,0.00836364,4.465e-05,0.00533808
Original,Original,115.0,0.00654545,4.659e-05,0.00711744
Original,Original,115.0,0.00763636,3.623e-05,0.00474496
Original,Original,115.0,0.00509091,3.623e-05,0.00711744
Original,Original,115.0,0.00727273,3.451e-05,0.00474496
Original,Original,115.0,0.00545455,5.176e-05,0.00948992
Original,Original,115.0,0.00690909,6.557e-05,0.00948992
Original,Original,115.0,0.00545455,1.618e-05,0.0029656
Original,Original,115.0,0.00654545,5.823e-05,0.0088968
Original,Original,115.0,0.00545455,2.912e-05,0.00533808
Original,Original,115.0,0.00836364,4.465e-05,0.00533808
Original,Original,115.0,0.00545455,2.912e-05,0.00533808
Original,Original,115.0,0.00727273,4.314e-05,0.0059312
Original,Original,115.0,0.00581818,5.176e-05,0.0088968
Original,Original,115.0,0.00727273,7.764e-05,0.01067616
Original,Original,115.0,0.00581818,1.725e-05,0.0029656
Original,Original,115.0,0.008,2.372e-05,0.0029656
Original,Original,115.0,0.00581818,3.106e-05,0.00533808
Original,Original,115.0,0.008,3.321e-05,0.00415184
Original,Original,115.0,0.00509091,4.227e-05,0.00830368
Original,Original,115.0,0.00836364,5.953e-05,0.00711744
Original,Original,115.0,0.00618182,5.133e-05,0.00830368
Original,Original,115.0,0.00909091,2.696e-05,0.0029656
Original,Original,115.0,0.00581818,4.141e-05,0.00711744
Original,Original,115.0,0.00654545,6.6e-05,0.01008304
Original,Original,115.0,0.00363636,8.63e-06,0.00237248
Original,Original,115.0,0.00727273,7.333e-05,0.01008304
Original,Original,115.0,0.00436364,2.847e-05,0.00652432
Original,Original,115.0,0.00763636,6.794e-05,0.0088968
Original,Original,115.0,0.00618182,5.5e-05,0.0088968
Original,Original,115.0,0.00618182,5.866e-05,0.00948992
Original,Original,115.0,0.00654545,4.659e-05,0.00711744
Original,Original,115.0,0.00581818,4.831e-05,0.00830368
Original,Original,115.0,0.00690909,4.918e-05,0.00711744
Original,Original,115.0,0.00872727,4.141e-05,0.00474496
Original,Original,115.0,0.00690909,5.327e-05,0.00771056
Original,Original,115.0,0.00654545,5.047e-05,0.00771056
Original,Original,115.0,0.00618182,5.133e-05,0.00830368
Original,Original,115.0,0.00545455,3.882e-05,0.00711744
Original,Original,115.0,0.00727273,3.882e-05,0.00533808
Original,Original,115.0,0.00690909,6.557e-05,0.00948992
Original,Original,115.0,0.00436364,1.812e-05,0.00415184
Original,Original,115.0,0.00872727,7.247e-05,0.00830368
Original,Original,115.0,0.00581818,5.176e-05,0.0088968
Original,Original,115.0,0.00727273,7.764e-05,0.01067616
Original,Original,115.0,0.00436364,2.847e-05,0.00652432
Original,Original,115.0,0.00763636,8.606e-05,0.01126928
Original,Original,115.0,0.00581818,5.521e-05,0.00948992
Original,Original,115.0,0.00690909,4.098e-05,0.0059312
Original,Original,115.0,0.00654545,3.106e-05,0.00474496
Original,Original,115.0,0.00654545,1.941e-05,0.0029656
Original,Original,115.0,0.00654545,4.27e-05,0.00652432
Original,Original,115.0,0.00727273,2.157e-05,0.0029656
Original,Original,115.0,0.00836364,9.921e-05,0.0118624
Original,Original,115.0,0.00363636,1.941e-05,0.00533808
Original,Original,115.0,0.00727273,3.02e-05,0.00415184
Original,Original,115.0,0.00363636,2.804e-05,0.00771056
Original,Original,115.0,0.00618182,6.233e-05,0.01008304
Original,Original,115.0,0.00472727,3.365e-05,0.00711744
Original,Original,115.0,0.00618182,5.866e-05,0.00948992
Original,Original,115.0,0.00618182,5.866e-05,0.00948992
Original,Original,115.0,0.00763636,4.529e-05,0.0059312
Original,Original,115.0,0.00618182,3.667e-05,0.0059312
Original,Original,115.0,0.00618182,4.4e-05,0.00711744
Original,Original,115.0,0.00472727,4.486e-05,0.00948992
Original,Original,115.0,0.008,4.745e-05,0.0059312
Original,Original,115.0,0.00509091,2.114e-05,0.00415184
Original,Original,115.0,0.00690909,6.557e-05,0.00948992
Original,Original,115.0,0.00545455,3.559e-05,0.00652432
Original,Original,115.0,0.00872727,8.282e-05,0.00948992
Original,Original,115.0,0.00654545,2.329e-05,0.00355872
Original,Original,115.0,0.00763636,2.265e-05,0.0029656
Original,Original,115.0,0.00763636,3.623e-05,0.00474496
Original,Original,115.0,0.00727273,6.039e-05,0.00830368
Original,Original,115.0,0.00545455,1.294e-05,0.00237248
Original,Original,115.0,0.00618182,5.866e-05,0.00948992
Original,Original,115.0,0.00581818,2.761e-05,0.00474496
Original,Original,115.0,0.00763636,7.247e-05,0.00948992
Original,Original,115.0,0.00472727,3.645e-05,0.00771056
Original,Original,115.0,0.00763636,2.718e-05,0.00355872
Original,Original,115.0,0.00618182,4.4e-05,0.00711744
Original,Original,115.0,0.00763636,9.059e-05,0.0118624
Original,Original,115.0,0.00618182,1.833e-05,0.0029656
Original,Original,115.0,0.00581818,3.451e-05,0.0059312
Original,Original,115.0,0.00581818,3.796e-05,0.00652432
Original,Original,115.0,0.00836364,5.457e-05,0.00652432
Original,Original,115.0,0.00581818,3.106e-05,0.00533808
Original,Original,115.0,0.00690909,8.606e-05,0.01245552
Original,Original,115.0,0.00436364,3.882e-05,0.0088968
Original,Original,115.0,0.00581818,4.486e-05,0.00771056
Original,Original,115.0,0.00509091,1.51e-05,0.0029656
Original,Original,115.0,0.00727273,3.882e-05,0.00533808
Original,Original,115.0,0.00509091,1.812e-05,0.00355872
Original,Original,115.0,0.00654545,6.6e-05,0.01008304
Original,Original,115.0,0.00545455,4.529e-05,0.00830368
Original,Original,115.0,0.00763636,4.076e-05,0.00533808
Original,Original,115.0,0.00545455,5.176e-05,0.00948992
Original,Original,115.0,0.00763636,3.17e-05,0.00415184
Original,Original,115.0,0.00509091,4.831e-05,0.00948992
Original,Original,115.0,0.00872727,4.141e-05,0.00474496
Original,Original,115.0,0.00581818,5.176e-05,0.0088968
Original,Original,115.0,0.00727273,3.02e-05,0.00415184
Original,Original,115.0,0.00618182,1.467e-05,0.00237248
Original,Original,115.0,0.00872727,7.247e-05,0.00830368
Original,Original,115.0,0.00618182,4.4e-05,0.00711744
Original,Original,115.0,0.00690909,2.869e-05,0.00415184
Original,Original,115.0,0.004,9.49e-06,0.00237248
Original,Original,115.0,0.00981818,2.912e-05,0.0029656
Original,Original,115.0,0.00363636,2.804e-05,0.00771056
Original,Original,115.0,0.00763636,2.718e-05,0.00355872
Original,Original,115.0,0.00690909,3.278e-05,0.00474496
Original,Original,115.0,0.008,4.745e-05,0.0059312
Original,Original,115.0,0.00581818,4.831e-05,0.00830368
Original,Original,115.0,0.00690909,7.786e-05,0.01126928
Original,Original,115.0,0.00581818,4.831e-05,0.00830368
Original,Original,115.0,0.00909091,5.392e-05,0.0059312
Original,Original,115.0,0.00472727,3.084e-05,0.00652432
Original,Original,115.0,0.00763636,8.606e-05,0.01126928
Original,Original,115.0,0.004,1.898e-05,0.00474496
Original,Original,115.0,0.00727273,3.02e-05,0.00415184
Original,Original,115.0,0.00581818,5.521e-05,0.00948992
Original,Original,115.0,0.00909091,3.235e-05,0.00355872
Original,Original,115.0,0.00581818,5.521e-05,0.00948992
Original,Original,115.0,0.00690909,8.196e-05,0.0118624
Original,Original,115.0,0.00727273,2.588e-05,0.00355872
Original,Original,115.0,0.00763636,6.794e-05,0.0088968
Original,Original,115.0,0.00727273,4.314e-05,0.0059312
Original,Original,115.0,0.00654545,3.494e-05,0.00533808
Original,Original,115.0,0.00472727,4.206e-05,0.0088968
Original,Original,115.0,0.00727273,5.608e-05,0.00771056
Original,Original,115.0,0.00581818,4.141e-05,0.00711744
Original,Original,115.0,0.008,4.27e-05,0.00533808
Original,Original,115.0,0.00509091,3.02e-05,0.0059312
Original,Original,115.0,0.00654545,5.435e-05,0.00830368
Original,Original,115.0,0.00654545,4.27e-05,0.00652432
Original,Original,115.0,0.00618182,5.866e-05,0.00948992
Original,Original,115.0,0.00618182,3.3e-05,0.00533808
Original,Original,115.0,0.00619534,2.338e-05,0.00377358
Original,Original,115.0,0.00546647,3.438e-05,0.00628931
Original,Original,115.0,0.00581818,1.725e-05,0.0029656
Original,Original,115.0,0.00581818,4.831e-05,0.00830368
Original,Original,115.0,0.00581818,5.521e-05,0.00948992
Original,Original,115.0,0.00581818,3.796e-05,0.00652432
Original,Original,115.0,0.00618182,2.2e-05,0.00355872
Original,Original,115.0,0.00509091,1.812e-05,0.00355872
Original,Original,115.0,0.00727273,2.588e-05,0.00355872
Original,Original,115.0,0.00618182,5.866e-05,0.00948992
Original,Original,115.0,0.00545455,3.559e-05,0.00652432
Original,Original,115.0,0.00618182,4.033e-05,0.00652432
Original,Original,115.0,0.00655977,4.951e-05,0.00754717
Original,Original,115.0,0.00546647,4.469e-05,0.0081761
Original,Original,115.0,0.0069242,3.048e-05,0.00440252
Original,Original,115.0,0.00473761,1.49e-05,0.00314465
Original,Original,115.0,0.00655977,7.839e-05,0.01194969
Original,Original,115.0,0.0058309,4.401e-05,0.00754717
Original,Original,115.0,0.0058309,4.401e-05,0.00754717
Original,Original,115.0,0.00546647,2.407e-05,0.00440252
Original,Original,115.0,0.0058309,4.034e-05,0.00691824
Original,Original,115.0,0.0058309,1.467e-05,0.00251572
Original,Original,115.0,0.00546647,3.782e-05,0.00691824
Original,Original,115.0,0.00473761,2.98e-05,0.00628931
Original,Original,115.0,0.00510204,3.851e-05,0.00754717
Original,Original,115.0,0.00473761,2.682e-05,0.00566038
Original,Original,115.0,0.00619534,4.676e-05,0.00754717
Original,Original,115.0,0.00619534,4.676e-05,0.00754717
Original,Original,115.0,0.00546647,4.469e-05,0.0081761
Original,Original,115.0,0.00619534,3.896e-05,0.00628931
Original,Original,115.0,0.00546647,2.75e-05,0.00503145
Original,Original,115.0,0.0069242,3.919e-05,0.00566038
Original,Original,115.0,0.00655977,5.776e-05,0.00880503
Original,Original,115.0,0.00619534,4.676e-05,0.00754717
Original,Original,115.0,0.0058309,4.767e-05,0.0081761
Original,Original,115.0,0.00473761,4.171e-05,0.00880503
Original,Original,115.0,0.00619534,4.286e-05,0.00691824
Original,Original,115.0,0.00546647,4.126e-05,0.00754717
Original,Original,115.0,0.00728863,2.292e-05,0.00314465
Original,Original,115.0,0.00437318,4.126e-05,0.00943396
Original,Original,115.0,0.00619534,5.455e-05,0.00880503
Original,Original,115.0,0.00510204,2.246e-05,0.00440252
Original,Original,115.0,0.00510204,3.53e-05,0.00691824
Original,Original,115.0,0.0058309,5.868e-05,0.01006289
Original,Original,115.0,0.00836364,3.969e-05,0.00474496
Original,Original,115.0,0.00618182,4.4e-05,0.00711744
Original,Original,115.0,0.00618182,6.233e-05,0.01008304
Original,Original,115.0,0.00909091,2.157e-05,0.00237248
Original,Original,115.0,0.00654545,5.435e-05,0.00830368
Original,Original,115.0,0.00727273,7.333e-05,0.01008304
Original,Original,115.0,0.008,2.372e-05,0.0029656
Original,Original,115.0,0.008,2.372e-05,0.0029656
Original,Original,115.0,0.00618182,5.866e-05,0.00948992
Original,Original,115.0,0.00763636,4.529e-05,0.0059312
Original,Original,115.0,0.00909091,2.696e-05,0.0029656
Original,Original,115.0,0.00690909,6.147e-05,0.0088968
Original,Original,115.0,0.00836364,2.48e-05,0.0029656
Original,Original,115.0,0.00690909,5.327e-05,0.00771056
Original,Original,115.0,0.00581818,4.141e-05,0.00711744
Original,Original,115.0,0.00727273,7.333e-05,0.01008304
Original,Original,115.0,0.00581818,4.831e-05,0.00830368
Original,Original,115.0,0.00727273,3.02e-05,0.00415184
Original,Original,115.0,0.00472727,4.206e-05,0.0088968
Original,Original,115.0,0.00654545,2.329e-05,0.00355872
Original,Original,115.0,0.00763636,5.435e-05,0.00711744
Original,Original,115.0,0.00727273,2.588e-05,0.00355872
Original,Original,115.0,0.00690909,4.918e-05,0.00711744
Original,Original,115.0,0.00581818,5.866e-05,0.01008304
Original,Original,115.0,0.00581818,4.486e-05,0.00771056
Original,Original,115.0,0.00581818,5.176e-05,0.0088968
Original,Original,115.0,0.00545455,1.294e-05,0.00237248
Original,Original,115.0,0.00836364,4.961e-05,0.0059312
Original,Original,115.0,0.00618182,1.467e-05,0.00237248
Original,Original,115.0,0.008,2.372e-05,0.0029656
Original,Original,115.0,0.00836364,2.48e-05,0.0029656
Original,Original,115.0,0.00618182,2.2e-05,0.00355872
Original,Original,115.0,0.00654545,4.27e-05,0.00652432
Original,Original,115.0,0.00836364,5.953e-05,0.00711744
Original,Original,115.0,0.00618182,5.866e-05,0.00948992
Original,Original,115.0,0.00618182,5.5e-05,0.0088968
Original,Original,115.0,0.00545455,5.5e-05,0.01008304
Original,Original,115.0,0.00654545,5.435e-05,0.00830368
Original,Original,115.0,0.00618182,4.4e-05,0.00711744
Original,Original,115.0,0.00654545,7.764e-05,0.0118624
Original,Original,115.0,0.00654545,3.882e-05,0.0059312
Original,Original,115.0,0.00690909,4.098e-05,0.0059312
Original,Original,115.0,0.00690909,2.869e-05,0.00415184
Original,Original,115.0,0.0058309,1.834e-05,0.00314465
Original,Original,115.0,0.00619534,7.014e-05,0.01132075
Original,Original,115.0,0.00546647,3.782e-05,0.00691824
Original,Original,115.0,0.0069242,5.661e-05,0.0081761
Original,Original,115.0,0.0069242,4.79e-05,0.00691824
Original,Original,115.0,0.00473761,2.98e-05,0.00628931
Original,Original,115.0,0.00655977,1.65e-05,0.00251572
Original,Original,115.0,0.00473761,3.874e-05,0.0081761
Original,Original,115.0,0.00510204,3.209e-05,0.00628931
Original,Original,115.0,0.0058309,3.301e-05,0.00566038
Original,Original,115.0,0.00655977,4.951e-05,0.00754717
Original,Original,115.0,0.0069242,4.355e-05,0.00628931
Original,Original,115.0,0.00765306,4.813e-05,0.00628931
Original,Original,115.0,0.00510204,1.925e-05,0.00377358
Original,Original,115.0,0.00619534,6.624e-05,0.01069182
Original,Original,115.0,0.00545455,3.559e-05,0.00652432
Original,Original,115.0,0.00581818,4.831e-05,0.00830368
Original,Original,115.0,0.00509091,3.321e-05,0.00652432
Original,Original,115.0,0.00690909,4.918e-05,0.00711744
Original,Original,115.0,0.00581818,3.106e-05,0.00533808
Original,Original,115.0,0.00654545,2.329e-05,0.00355872
Original,Original,115.0,0.00581818,2.416e-05,0.00415184
Original,Original,115.0,0.00581818,5.866e-05,0.01008304
Original,Original,115.0,0.00581818,4.141e-05,0.00711744
Original,Original,115.0,0.00727273,5.608e-05,0.00771056
Original,Original,115.0,0.00545455,5.176e-05,0.00948992
Original,Original,115.0,0.00581818,6.212e-05,0.01067616
Original,Original,115.0,0.00727273,2.588e-05,0.00355872
Original,Original,115.0,0.00436364,2.329e-05,0.00533808
Original,Original,115.0,0.00509091,3.321e-05,0.00652432
Original,Original,115.0,0.00436364,3.623e-05,0.00830368
Original,Original,115.0,0.00581818,3.796e-05,0.00652432
Original,Original,115.0,0.00581818,3.106e-05,0.00533808
Original,Original,115.0,0.00581818,4.831e-05,0.00830368
Original,Original,115.0,0.00654545,5.047e-05,0.00771056
Original,Original,115.0,0.00654545,1.941e-05,0.0029656
Original,Original,115.0,0.00581818,2.416e-05,0.00415184
Original,Original,115.0,0.00618182,5.133e-05,0.00830368
Original,Original,115.0,0.00581818,4.141e-05,0.00711744
Original,Original,115.0,0.00581818,3.796e-05,0.00652432
Original,Original,115.0,0.00654545,1.553e-05,0.00237248
Original,Original,115.0,0.00509091,9.06e-06,0.00177936
Original,Original,115.0,0.00618182,4.767e-05,0.00771056
Original,Original,115.0,0.00581818,4.831e-05,0.00830368
Original,Original,115.0,0.00618182,3.667e-05,0.0059312
Original,Original,115.0,0.00727273,3.02e-05,0.00415184
Original,Original,115.0,0.00581818,3.796e-05,0.00652432
Original,Original,115.0,0.00618182,2.2e-05,0.00355872
Original,Original,115.0,0.00581818,2.761e-05,0.00474496
Original,Original,115.0,0.00581818,3.451e-05,0.0059312
Original,Original,115.0,0.00618182,5.133e-05,0.00830368
Original,Original,115.0,0.00509091,2.416e-05,0.00474496
Original,Original,115.0,0.00618182,6.233e-05,0.01008304
Original,Original,115.0,0.00472727,2.523e-05,0.00533808
Original,Original,115.0,0.00509091,4.529e-05,0.0088968
Original,Original,115.0,0.00654545,1.941e-05,0.0029656
Original,Original,115.0,0.00690909,5.737e-05,0.00830368
Original,Original,115.0,0.00545455,3.882e-05,0.00711744
Original,Original,115.0,0.00545455,5.176e-05,0.00948992
Original,Original,115.0,0.00436364,3.623e-05,0.00830368
Original,Original,115.0,0.00545455,4.206e-05,0.00771056
Original,Original,115.0,0.00654545,3.106e-05,0.00474496
Original,Original,115.0,0.00618182,2.933e-05,0.00474496
Original,Original,115.0,0.00581818,2.761e-05,0.00474496
Original,Original,115.0,0.00727273,3.451e-05,0.00474496
Original,Original,115.0,0.00618182,6.6e-05,0.01067616
Original,Original,115.0,0.00727273,7.764e-05,0.01067616
Original,Original,115.0,0.00727273,5.608e-05,0.00771056
Original,Original,115.0,0.00618182,6.233e-05,0.01008304
Original,Original,115.0,0.00509091,3.925e-05,0.00771056
Original,Original,115.0,0.00436364,3.623e-05,0.00830368
Original,Original,115.0,0.00472727,1.402e-05,0.0029656
Original,Original,115.0,0.00618182,7.333e-05,0.0118624
Original,Original,115.0,0.00545455,5.176e-05,0.00948992
Original,Original,115.0,0.00545455,2.912e-05,0.00533808
Original,Original,115.0,0.00654545,6.6e-05,0.01008304
Original,Original,115.0,0.00654545,4.659e-05,0.00711744
Original,Original,115.0,0.00763636,4.529e-05,0.0059312
Original,Original,115.0,0.00618182,1.833e-05,0.0029656
Original,Original,115.0,0.00472727,2.804e-05,0.0059312
Original,Original,115.0,0.00690909,7.376e-05,0.01067616
Original,Original,115.0,0.00618182,4.4e-05,0.00711744
Original,Original,115.0,0.00727273,3.882e-05,0.00533808
Original,Original,115.0,0.00763636,5.888e-05,0.00771056
Original,Original,115.0,0.00545455,2.265e-05,0.00415184
Original,Original,115.0,0.00545455,1.618e-05,0.0029656
Original,Original,115.0,0.00654545,4.27e-05,0.00652432
Original,Original,115.0,0.00654545,3.106e-05,0.00474496
Original,Original,115.0,0.00509091,1.51e-05,0.0029656
Original,Original,115.0,0.00654545,3.494e-05,0.00533808
Original,Original,115.0,0.00545455,5.5e-05,0.01008304
Original,Original,115.0,0.00581818,5.521e-05,0.00948992
Original,Original,115.0,0.00618182,4.033e-05,0.00652432
Original,Original,115.0,0.00545455,3.235e-05,0.0059312
Original,Original,115.0,0.00618182,2.567e-05,0.00415184
Original,Original,115.0,0.00727273,5.608e-05,0.00771056
Original,Original,115.0,0.00690909,5.737e-05,0.00830368
Original,Original,115.0,0.00618182,6.966e-05,0.01126928
Original,Original,115.0,0.00618182,5.133e-05,0.00830368
Original,Original,115.0,0.00654545,2.718e-05,0.00415184
Original,Original,115.0,0.00654545,6.988e-05,0.01067616
Original,Original,115.0,0.00581818,1.725e-05,0.0029656
Original,Original,115.0,0.00618182,6.233e-05,0.01008304
Original,Original,115.0,0.00690909,3.278e-05,0.00474496
Original,Original,115.0,0.00436364,1.553e-05,0.00355872
Original,Original,115.0,0.00690909,6.966e-05,0.01008304
Original,Original,115.0,0.00618182,4.767e-05,0.00771056
Original,Original,115.0,0.00545455,3.882e-05,0.00711744
Original,Original,115.0,0.00654545,5.823e-05,0.0088968
Original,Original,115.0,0.00690909,7.786e-05,0.01126928
Original,Original,115.0,0.00836364,7.441e-05,0.0088968
Original,Original,115.0,0.00690909,2.049e-05,0.0029656
Original,Original,115.0,0.00727273,1.725e-05,0.00237248
Original,Original,115.0,0.00581818,4.831e-05,0.00830368
Original,Original,115.0,0.008,1.898e-05,0.00237248
Original,Original,115.0,0.00545455,4.206e-05,0.00771056
Original,Original,115.0,0.00690909,1.639e-05,0.00237248
Original,Original,115.0,0.00472727,3.925e-05,0.00830368
Original,Original,115.0,0.00654545,3.882e-05,0.0059312
Original,Original,115.0,0.00654545,1.553e-05,0.00237248
Original,Original,115.0,0.00509091,1.51e-05,0.0029656
Original,Original,115.0,0.00690909,5.327e-05,0.00771056
Original,Original,115.0,0.008,4.27e-05,0.00533808
Original,Original,115.0,0.00654545,5.435e-05,0.00830368
Original,Original,115.0,0.008,2.847e-05,0.00355872
Original,Original,115.0,0.00618182,3.3e-05,0.00533808
Original,Original,115.0,0.00581818,5.866e-05,0.01008304
Original,Original,115.0,0.00618182,5.133e-05,0.00830368
Original,Original,115.0,0.00545455,5.176e-05,0.00948992
Original,Original,115.0,0.00618182,1.833e-05,0.0029656
Original,Original,115.0,0.008,4.745e-05,0.0059312
Original,Original,115.0,0.00581818,3.106e-05,0.00533808
Original,Original,115.0,0.00436364,2.071e-05,0.00474496
Original,Original,115.0,0.00654545,7.376e-05,0.01126928
Original,Original,115.0,0.00690909,6.147e-05,0.0088968
Original,Original,115.0,0.00618182,2.2e-05,0.00355872
Original,Original,115.0,0.00618182,4.4e-05,0.00711744
Original,Original,115.0,0.00727273,6.039e-05,0.00830368
Original,Original,115.0,0.00545455,2.912e-05,0.00533808
Original,Original,115.0,0.00581818,2.761e-05,0.00474496
Original,Original,115.0,0.00727273,3.02e-05,0.00415184
Original,Original,115.0,0.00690909,4.098e-05,0.0059312
Original,Original,115.0,0.00545455,2.265e-05,0.00415184
Original,Original,115.0,0.00618182,7.333e-05,0.0118624
Original,Original,115.0,0.00581818,5.521e-05,0.00948992
Original,Original,115.0,0.00654545,3.494e-05,0.00533808
Original,Original,115.0,0.00836364,2.976e-05,0.00355872
Original,Original,115.0,0.00690909,4.508e-05,0.00652432
Original,Original,115.0,0.00654545,5.823e-05,0.0088968
Original,Original,115.0,0.00472727,3.084e-05,0.00652432
Original,Original,115.0,0.00690909,2.049e-05,0.0029656
Original,Original,115.0,0.00472727,4.206e-05,0.0088968
Original,Original,115.0,0.00654545,1.941e-05,0.0029656
Original,Original,115.0,0.00545455,2.588e-05,0.00474496
Original,Original,115.0,0.00618182,5.5e-05,0.0088968
Original,Original,115.0,0.00654545,6.988e-05,0.01067616
Original,Original,115.0,0.00581818,2.761e-05,0.00474496
Original,Original,115.0,0.00545455,5.176e-05,0.00948992
Original,Original,115.0,0.00654545,4.659e-05,0.00711744
Original,Original,115.0,0.00763636,1.812e-05,0.00237248
Original,Original,115.0,0.00545455,2.588e-05,0.00474496
Original,Original,115.0,0.00618182,3.3e-05,0.00533808
Original,Original,115.0,0.00690909,2.049e-05,0.0029656
Original,Original,115.0,0.00654545,3.882e-05,0.0059312
Original,Original,115.0,0.00581818,5.866e-05,0.01008304
Original,Original,115.0,0.00618182,6.233e-05,0.01008304
Original,Original,115.0,0.00436364,3.106e-05,0.00711744
Original,Original,115.0,0.00545455,3.882e-05,0.00711744
Original,Original,115.0,0.00581818,3.451e-05,0.0059312
Original,Original,115.0,0.00690909,7.786e-05,0.01126928
Original,Original,115.0,0.00509091,4.227e-05,0.00830368
Original,Original,115.0,0.00727273,2.588e-05,0.00355872
Original,Original,115.0,0.00654545,5.435e-05,0.00830368
Original,Original,115.0,0.00581818,2.071e-05,0.00355872
Original,Original,115.0,0.00618182,5.866e-05,0.00948992
Original,Original,115.0,0.00690909,7.786e-05,0.01126928
Original,Original,115.0,0.00690909,2.869e-05,0.00415184
Original,Original,115.0,0.00690909,7.786e-05,0.01126928
Original,Original,115.0,0.00618182,5.133e-05,0.00830368
Original,Original,115.0,0.00654545,7.376e-05,0.01126928
Original,Original,115.0,0.00690909,5.327e-05,0.00771056
Original,Original,115.0,0.00690909,7.376e-05,0.01067616
Original,Original,115.0,0.00690909,7.786e-05,0.01126928
Original,Original,115.0,0.00436364,2.071e-05,0.00474496
Original,Original,115.0,0.00618182,4.4e-05,0.00711744
Original,Original,115.0,0.00545455,3.559e-05,0.00652432
Original,Original,115.0,0.00836364,4.465e-05,0.00533808
Original,Original,115.0,0.00618182,3.667e-05,0.0059312
Original,Original,115.0,0.00545455,3.559e-05,0.00652432
Original,Original,115.0,0.00654545,3.106e-05,0.00474496
Original,Original,115.0,0.00618182,6.233e-05,0.01008304
Original,Original,115.0,0.00581818,5.176e-05,0.0088968
Original,Original,115.0,0.00654545,2.718e-05,0.00415184
Original,Original,115.0,0.00618182,4.4e-05,0.00711744
Original,Original,115.0,0.00690909,7.786e-05,0.01126928
Original,Original,115.0,0.00690909,2.459e-05,0.00355872
Original,Original,115.0,0.00654545,4.659e-05,0.00711744
Original,Original,115.0,0.00581818,1.035e-05,0.00177936
Original,Original,115.0,0.00654545,2.718e-05,0.00415184
Original,Original,115.0,0.00763636,6.341e-05,0.00830368
Original,Original,115.0,0.00654545,6.212e-05,0.00948992
Original,Original,115.0,0.00690909,8.196e-05,0.0118624
Original,Original,115.0,0.00654545,5.047e-05,0.00771056
Original,Original,115.0,0.00690909,3.688e-05,0.00533808
Original,Original,115.0,0.00654545,3.882e-05,0.0059312
Original,Original,115.0,0.00654545,3.882e-05,0.0059312
Original,Original,115.0,0.00763636,3.17e-05,0.00415184
Original,Original,115.0,0.00727273,4.314e-05,0.0059312
Original,Original,115.0,0.00472727,2.243e-05,0.00474496
Original,Original,115.0,0.00545455,2.588e-05,0.00474496
Original,Original,115.0,0.00654545,6.6e-05,0.01008304
Original,Original,115.0,0.00690909,4.508e-05,0.00652432
Original,Original,115.0,0.00727273,5.608e-05,0.00771056
Original,Original,115.0,0.00545455,2.588e-05,0.00474496
Original,Original,115.0,0.00509091,2.416e-05,0.00474496
Original,Original,115.0,0.00690909,6.147e-05,0.0088968
Original,Original,115.0,0.00654545,2.718e-05,0.00415184
Original,Original,115.0,0.00654545,5.047e-05,0.00771056
Original,Original,115.0,0.00727273,6.47e-05,0.0088968
Original,Original,115.0,0.00618182,2.567e-05,0.00415184
Original,Original,115.0,0.00690909,1.229e-05,0.00177936
Original,Original,115.0,0.00545455,1.941e-05,0.00355872
Original,Original,115.0,0.00727273,3.451e-05,0.00474496
Original,Original,115.0,0.00654545,2.329e-05,0.00355872
Original,Original,115.0,0.00509091,3.321e-05,0.00652432
Original,Original,115.0,0.00654545,4.27e-05,0.00652432
Original,Original,115.0,0.00727273,6.47e-05,0.0088968
Original,Original,115.0,0.00509091,1.208e-05,0.00237248
Original,Original,115.0,0.00727273,1.725e-05,0.00237248
Original,Original,115.0,0.00690909,6.557e-05,0.00948992
Original,Original,115.0,0.00690909,4.098e-05,0.0059312
Original,Original,115.0,0.00690909,2.049e-05,0.0029656
Original,Original,115.0,0.00654545,5.047e-05,0.00771056
Original,Original,115.0,0.00690909,4.098e-05,0.0059312
Original,Original,115.0,0.00763636,6.341e-05,0.00830368
Original,Original,115.0,0.00727273,2.157e-05,0.0029656
Original,Original,115.0,0.00654545,6.988e-05,0.01067616
Original,Original,115.0,0.00618182,3.667e-05,0.0059312
Original,Original,115.0,0.00618182,4.767e-05,0.00771056
Original,Original,125.0,0.00510204,3.209e-05,0.00628931
Original,Original,125.0,0.00546647,2.75e-05,0.00503145
Original,Original,125.0,0.00619534,1.948e-05,0.00314465
Original,Original,125.0,0.00546647,4.469e-05,0.0081761
Original,Original,125.0,0.00546647,2.407e-05,0.00440252
Original,Original,125.0,0.00473761,4.171e-05,0.00880503
Original,Original,125.0,0.00546647,1.719e-05,0.00314465
Original,Original,125.0,0.00510204,4.813e-05,0.00943396
Original,Original,125.0,0.00473761,1.49e-05,0.00314465
Original,Original,125.0,0.0058309,4.401e-05,0.00754717
Original,Original,125.0,0.00546647,4.469e-05,0.0081761
Original,Original,125.0,0.00510204,3.53e-05,0.00691824
Original,Original,125.0,0.0058309,4.034e-05,0.00691824
Original,Original,125.0,0.00619534,5.845e-05,0.00943396
Original,Original,125.0,0.00400875,1.261e-05,0.00314465
Original,Original,125.0,0.00619534,2.338e-05,0.00377358
Original,Original,125.0,0.00510204,5.134e-05,0.01006289
Original,Original,125.0,0.00619534,3.117e-05,0.00503145
Original,Original,125.0,0.00364431,2.98e-05,0.0081761
Original,Original,125.0,0.00510204,1.284e-05,0.00251572
Original,Original,125.0,0.00619534,1.559e-05,0.00251572
Original,Original,125.0,0.00655977,2.888e-05,0.00440252
Original,Original,125.0,0.00437318,2.475e-05,0.00566038
Original,Original,125.0,0.00655977,4.538e-05,0.00691824
Original,Original,125.0,0.00473761,1.788e-05,0.00377358
Original,Original,125.0,0.00473761,2.98e-05,0.00628931
Original,Original,125.0,0.00327988,1.65e-05,0.00503145
Original,Original,125.0,0.00364431,2.75e-05,0.00754717
Original,Original,125.0,0.00510204,1.925e-05,0.00377358
Original,Original,125.0,0.0058309,3.301e-05,0.00566038
Original,Original,125.0,0.00510204,3.851e-05,0.00754717
Original,Original,125.0,0.00546647,3.782e-05,0.00691824
Original,Original,125.0,0.00400875,3.278e-05,0.0081761
Original,Original,125.0,0.00510204,3.209e-05,0.00628931
Original,Original,125.0,0.00473761,4.171e-05,0.00880503
Original,Original,125.0,0.00546647,4.126e-05,0.00754717
Original,Original,125.0,0.00437318,2.75e-05,0.00628931
Original,Original,125.0,0.00473761,1.49e-05,0.00314465
Original,Original,125.0,0.00510204,3.851e-05,0.00754717
Original,Original,125.0,0.00364431,2.292e-05,0.00628931
Original,Original,125.0,0.00364431,1.375e-05,0.00377358
Original,Original,125.0,0.00473761,2.682e-05,0.00566038
Original,Original,125.0,0.00400875,2.773e-05,0.00691824
Original,Original,125.0,0.00364431,3.209e-05,0.00880503
Original,Original,125.0,0.0058309,2.567e-05,0.00440252
Original,Original,125.0,0.00510204,4.171e-05,0.0081761
Original,Original,125.0,0.00546647,4.126e-05,0.00754717
Original,Original,125.0,0.00619534,1.948e-05,0.00314465
Original,Original,125.0,0.00619534,3.507e-05,0.00566038
Original,Original,125.0,0.00327988,2.269e-05,0.00691824
Original,Original,125.0,0.00400875,2.773e-05,0.00691824
Original,Original,125.0,0.00546647,3.782e-05,0.00691824
Original,Original,125.0,0.00437318,1.65e-05,0.00377358
Original,Original,125.0,0.0058309,3.301e-05,0.00566038
Original,Original,125.0,0.00546647,2.75e-05,0.00503145
Original,Original,125.0,0.00437318,2.475e-05,0.00566038
Original,Original,125.0,0.00510204,2.246e-05,0.00440252
Original,Original,125.0,0.0058309,1.467e-05,0.00251572
Original,Original,125.0,0.00400875,1.261e-05,0.00314465
Original,Original,125.0,0.00510204,3.53e-05,0.00691824
Original,Original,125.0,0.00619534,4.286e-05,0.00691824
Original,Original,125.0,0.00437318,3.851e-05,0.00880503
Original,Original,125.0,0.00546647,5.157e-05,0.00943396
Original,Original,125.0,0.00473761,8.94e-06,0.00188679
Original,Original,125.0,0.00546647,4.469e-05,0.0081761
Original,Original,125.0,0.00546647,3.782e-05,0.00691824
Original,Original,125.0,0.0058309,3.301e-05,0.00566038
Original,Original,125.0,0.00546647,3.094e-05,0.00566038
Original,Original,125.0,0.00510204,3.209e-05,0.00628931
Original,Original,125.0,0.00400875,1.261e-05,0.00314465
Original,Original,125.0,0.0069242,2.613e-05,0.00377358
Original,Original,125.0,0.00619534,1.559e-05,0.00251572
Original,Original,125.0,0.00546647,4.813e-05,0.00880503
Original,Original,125.0,0.00546647,4.813e-05,0.00880503
Original,Original,125.0,0.00546647,4.813e-05,0.00880503
Original,Original,125.0,0.00510204,3.851e-05,0.00754717
Original,Original,125.0,0.00510204,2.246e-05,0.00440252
Original,Original,125.0,0.00510204,4.171e-05,0.0081761
Original,Original,125.0,0.00364431,2.98e-05,0.0081761
Original,Original,125.0,0.00546647,2.407e-05,0.00440252
Original,Original,125.0,0.00327988,2.475e-05,0.00754717
Original,Original,125.0,0.00364431,6.88e-06,0.00188679
Original,Original,125.0,0.00437318,2.2e-05,0.00503145
Original,Original,125.0,0.00510204,3.209e-05,0.00628931
Original,Original,125.0,0.00619534,1.559e-05,0.00251572
Original,Original,125.0,0.00546647,2.407e-05,0.00440252
Original,Original,125.0,0.00546647,5.845e-05,0.01069182
Original,Original,125.0,0.00510204,1.925e-05,0.00377358
Original,Original,125.0,0.0058309,4.401e-05,0.00754717
Original,Original,125.0,0.0058309,4.034e-05,0.00691824
Original,Original,125.0,0.0058309,2.567e-05,0.00440252
Original,Original,125.0,0.00437318,1.65e-05,0.00377358
Original,Original,125.0,0.00473761,4.469e-05,0.00943396
Original,Original,125.0,0.00364431,2.292e-05,0.00628931
Original,Original,125.0,0.00437318,3.576e-05,0.0081761
Original,Original,125.0,0.00364431,2.98e-05,0.0081761
Original,Original,125.0,0.00510204,3.209e-05,0.00628931
Original,Original,125.0,0.00400875,1.765e-05,0.00440252
Original,Original,125.0,0.00510204,5.134e-05,0.01006289
Original,Original,125.0,0.00510204,3.209e-05,0.00628931
Original,Original,125.0,0.00510204,2.567e-05,0.00503145
Original,Original,125.0,0.00655977,2.063e-05,0.00314465
Original,Original,125.0,0.0058309,4.034e-05,0.00691824
Original,Original,125.0,0.00400875,3.025e-05,0.00754717
Original,Original,125.0,0.00400875,2.773e-05,0.00691824
Original,Original,125.0,0.0058309,5.868e-05,0.01006289
Original,Original,125.0,0.00546647,4.469e-05,0.0081761
Original,Original,125.0,0.00510204,2.567e-05,0.00503145
Original,Original,125.0,0.00546647,2.063e-05,0.00377358
Original,Original,125.0,0.00473761,3.278e-05,0.00691824
Original,Original,125.0,0.00437318,2.475e-05,0.00566038
Original,Original,125.0,0.00437318,2.75e-05,0.00628931
Original,Original,125.0,0.00473761,1.788e-05,0.00377358
Original,Original,125.0,0.00473761,3.874e-05,0.0081761
Original,Original,125.0,0.00473761,2.98e-05,0.00628931
Original,Original,125.0,0.00546647,1.719e-05,0.00314465
Original,Original,125.0,0.00655977,3.301e-05,0.00503145
Original,Original,125.0,0.0058309,5.134e-05,0.00880503
Original,Original,125.0,0.00546647,4.469e-05,0.0081761
Original,Original,125.0,0.00510204,4.813e-05,0.00943396
Original,Original,125.0,0.00546647,3.782e-05,0.00691824
Original,Original,125.0,0.00546647,4.813e-05,0.00880503
Original,Original,125.0,0.00655977,1.65e-05,0.00251572
Original,Original,125.0,0.00546647,2.407e-05,0.00440252
Original,Original,125.0,0.00473761,3.874e-05,0.0081761
Original,Original,125.0,0.00400875,2.017e-05,0.00503145
Original,Original,125.0,0.00546647,3.782e-05,0.00691824
Original,Original,125.0,0.0069242,2.613e-05,0.00377358
Original,Original,125.0,0.0058309,3.667e-05,0.00628931
Original,Original,125.0,0.00400875,1.008e-05,0.00251572
Original,Original,125.0,0.00510204,3.851e-05,0.00754717
Original,Original,125.0,0.00437318,3.576e-05,0.0081761
Original,Original,125.0,0.00546647,3.094e-05,0.00566038
Original,Original,125.0,0.00546647,2.063e-05,0.00377358
Original,Original,125.0,0.00546647,4.469e-05,0.0081761
Original,Original,125.0,0.00510204,3.851e-05,0.00754717
Original,Original,125.0,0.0058309,2.934e-05,0.00503145
Original,Original,125.0,0.00546647,3.438e-05,0.00628931
Original,Original,125.0,0.00400875,3.278e-05,0.0081761
Original,Original,125.0,0.00473761,2.384e-05,0.00503145
Original,Original,125.0,0.00473761,4.171e-05,0.00880503
Original,Original,125.0,0.00437318,3.301e-05,0.00754717
Original,Original,125.0,0.0058309,3.667e-05,0.00628931
Original,Original,125.0,0.00510204,4.171e-05,0.0081761
Original,Original,125.0,0.00437318,2.75e-05,0.00628931
Original,Original,125.0,0.00364431,2.75e-05,0.00754717
Original,Original,125.0,0.00546647,1.375e-05,0.00251572
Original,Original,125.0,0.00400875,2.017e-05,0.00503145
Original,Original,125.0,0.00510204,2.567e-05,0.00503145
Original,Original,125.0,0.00473761,3.278e-05,0.00691824
Original,Original,125.0,0.00510204,2.888e-05,0.00566038
Original,Original,125.0,0.00655977,5.363e-05,0.0081761
Original,Original,125.0,0.00364431,2.063e-05,0.00566038
Original,Original,125.0,0.00510204,1.925e-05,0.00377358
Original,Original,125.0,0.00437318,3.576e-05,0.0081761
Original,Original,125.0,0.00473761,8.94e-06,0.00188679
Original,Original,125.0,0.0058309,4.401e-05,0.00754717
Original,Original,125.0,0.00510204,4.171e-05,0.0081761
Original,Original,125.0,0.0069242,3.484e-05,0.00503145
Original,Original,125.0,0.00400875,3.025e-05,0.00754717
Original,Original,125.0,0.00510204,1.604e-05,0.00314465
Original,Original,125.0,0.00510204,5.134e-05,0.01006289
Original,Original,125.0,0.00400875,3.782e-05,0.00943396
Original,Original,125.0,0.00437318,3.851e-05,0.00880503
Original,Original,125.0,0.00327988,2.269e-05,0.00691824
Original,Original,125.0,0.00546647,2.75e-05,0.00503145
Original,Original,125.0,0.00510204,2.888e-05,0.00566038
Original,Original,125.0,0.00437318,3.301e-05,0.00754717
Original,Original,125.0,0.00437318,3.851e-05,0.00880503
Original,Original,125.0,0.00546647,3.782e-05,0.00691824
Original,Original,125.0,0.0058309,2.934e-05,0.00503145
Original,Original,125.0,0.00473761,1.49e-05,0.00314465
Original,Original,125.0,0.0058309,2.934e-05,0.00503145
Original,Original,125.0,0.0058309,3.667e-05,0.00628931
Original,Original,125.0,0.00728863,2.292e-05,0.00314465
Original,Original,125.0,0.00619534,5.065e-05,0.0081761
Original,Original,125.0,0.0069242,7.839e-05,0.01132075
Original,Original,125.0,0.0069242,5.226e-05,0.00754717
Original,Original,125.0,0.00838192,2.636e-05,0.00314465
Original,Original,125.0,0.0069242,2.613e-05,0.00377358
Original,Original,125.0,0.00546647,4.126e-05,0.00754717
Original,Original,125.0,0.00728863,9.168e-05,0.01257862
Original,Original,125.0,0.00655977,7.426e-05,0.01132075
Original,Original,125.0,0.00728863,5.959e-05,0.0081761
Original,Original,125.0,0.00765306,2.888e-05,0.00377358
Original,Original,125.0,0.00874636,3.301e-05,0.00377358
Original,Original,125.0,0.00728863,2.292e-05,0.00314465
Original,Original,125.0,0.00801749,3.53e-05,0.00440252
Original,Original,125.0,0.0069242,7.839e-05,0.01132075
Original,Original,125.0,0.00765306,8.183e-05,0.01069182
Original,Original,125.0,0.0069242,6.532e-05,0.00943396
Original,Original,125.0,0.0069242,6.968e-05,0.01006289
Original,Original,125.0,0.00546647,4.813e-05,0.00880503
Original,Original,125.0,0.00510204,1.284e-05,0.00251572
Original,Original,125.0,0.00655977,6.188e-05,0.00943396
Original,Original,125.0,0.0069242,6.968e-05,0.01006289
Original,Original,125.0,0.00655977,4.126e-05,0.00628931
Original,Original,125.0,0.00546647,4.813e-05,0.00880503
Original,Original,125.0,0.0058309,3.301e-05,0.00566038
Original,Original,125.0,0.00655977,7.426e-05,0.01132075
Original,Original,125.0,0.00655977,7.014e-05,0.01069182
Original,Original,125.0,0.00728863,8.71e-05,0.01194969
Original,Original,125.0,0.00655977,2.888e-05,0.00440252
Original,Original,125.0,0.00655977,5.363e-05,0.0081761
Original,Original,125.0,0.00801749,3.025e-05,0.00377358
Original,Original,125.0,0.00510204,3.209e-05,0.00628931
Original,Original,125.0,0.0069242,4.79e-05,0.00691824
Original,Original,125.0,0.00655977,7.839e-05,0.01194969
Original,Original,125.0,0.0069242,1.742e-05,0.00251572
Original,Original,125.0,0.00655977,7.426e-05,0.01132075
Original,Original,125.0,0.00655977,7.839e-05,0.01194969
Original,Original,125.0,0.0058309,3.667e-05,0.00628931
Original,Original,125.0,0.00619534,6.234e-05,0.01006289
Original,Original,125.0,0.0069242,1.742e-05,0.00251572
Original,Original,125.0,0.00838192,5.799e-05,0.00691824
Original,Original,125.0,0.00655977,7.014e-05,0.01069182
Original,Original,125.0,0.00655977,4.538e-05,0.00691824
Original,Original,125.0,0.00655977,4.126e-05,0.00628931
Original,Original,125.0,0.0058309,5.501e-05,0.00943396
Original,Original,125.0,0.00728863,8.251e-05,0.01132075
Original,Original,125.0,0.00801749,4.538e-05,0.00566038
Original,Original,125.0,0.00838192,7.907e-05,0.00943396
Original,Original,125.0,0.00655977,7.014e-05,0.01069182
Original,Original,125.0,0.00765306,2.888e-05,0.00377358
Original,Original,125.0,0.0069242,8.71e-05,0.01257862
Original,Original,125.0,0.00728863,6.418e-05,0.00880503
Original,Original,125.0,0.00510204,4.813e-05,0.00943396
Original,Original,125.0,0.0069242,4.79e-05,0.00691824
Original,Original,125.0,0.00655977,2.888e-05,0.00440252
Original,Original,125.0,0.00838192,8.962e-05,0.01069182
Original,Original,125.0,0.00765306,1.925e-05,0.00251572
Original,Original,125.0,0.00655977,6.601e-05,0.01006289
Original,Original,125.0,0.00619534,3.117e-05,0.00503145
Original,Original,125.0,0.00765306,7.22e-05,0.00943396
Original,Original,125.0,0.00619534,1.559e-05,0.00251572
Original,Original,125.0,0.0069242,6.532e-05,0.00943396
Original,Original,125.0,0.00619534,3.507e-05,0.00566038
Original,Original,125.0,0.00801749,6.555e-05,0.0081761
Original,Original,125.0,0.00765306,9.145e-05,0.01194969
Original,Original,125.0,0.0069242,4.79e-05,0.00691824
Original,Original,125.0,0.0058309,3.667e-05,0.00628931
Original,Original,125.0,0.00619534,5.065e-05,0.0081761
Original,Original,125.0,0.00801749,7.564e-05,0.00943396
Original,Original,125.0,0.0058309,2.567e-05,0.00440252
Original,Original,125.0,0.00546647,4.813e-05,0.00880503
Original,Original,125.0,0.00728863,5.959e-05,0.0081761
Original,Original,125.0,0.0069242,4.355e-05,0.00628931
Original,Original,125.0,0.0069242,8.71e-05,0.01257862
Original,Original,125.0,0.00546647,4.126e-05,0.00754717
Original,Original,125.0,0.00510204,2.246e-05,0.00440252
Original,Original,125.0,0.0069242,4.79e-05,0.00691824
Original,Original,125.0,0.0069242,3.919e-05,0.00566038
Original,Original,125.0,0.00619534,3.896e-05,0.00628931
Original,Original,125.0,0.00546647,2.407e-05,0.00440252
Original,Original,125.0,0.00619534,1.559e-05,0.00251572
Original,Original,125.0,0.0069242,4.79e-05,0.00691824
Original,Original,125.0,0.00655977,7.426e-05,0.01132075
Original,Original,125.0,0.0069242,6.097e-05,0.00880503
Original,Original,125.0,0.00728863,4.584e-05,0.00628931
Original,Original,125.0,0.0069242,3.919e-05,0.00566038
Original,Original,125.0,0.00619534,3.507e-05,0.00566038
Original,Original,125.0,0.0069242,7.403e-05,0.01069182
Original,Original,125.0,0.00619534,5.845e-05,0.00943396
Original,Original,125.0,0.00728863,8.71e-05,0.01194969
Original,Original,125.0,0.0058309,1.467e-05,0.00251572
Original,Original,125.0,0.00911079,4.584e-05,0.00503145
Original,Original,125.0,0.00728863,5.042e-05,0.00691824
Original,Original,125.0,0.00655977,4.538e-05,0.00691824
Original,Original,125.0,0.00510204,3.209e-05,0.00628931
Original,Original,125.0,0.00728863,6.876e-05,0.00943396
Original,Original,125.0,0.0058309,4.767e-05,0.0081761
Original,Original,125.0,0.00655977,3.301e-05,0.00503145
Original,Original,125.0,0.00728863,1.834e-05,0.00251572
Original,Original,125.0,0.0069242,2.177e-05,0.00314465
Original,Original,125.0,0.0069242,7.403e-05,0.01069182
Original,Original,125.0,0.00655977,7.426e-05,0.01132075
Original,Original,125.0,0.00655977,4.126e-05,0.00628931
Original,Original,125.0,0.00510204,4.492e-05,0.00880503
Original,Original,125.0,0.00911079,4.011e-05,0.00440252
Original,Original,125.0,0.0069242,6.097e-05,0.00880503
Original,Original,125.0,0.0058309,4.401e-05,0.00754717
Original,Original,125.0,0.00765306,8.664e-05,0.01132075
Original,Original,125.0,0.00619534,5.845e-05,0.00943396
Original,Original,125.0,0.00728863,5.501e-05,0.00754717
Original,Original,125.0,0.00655977,7.426e-05,0.01132075
Original,Original,125.0,0.0069242,4.79e-05,0.00691824
Original,Original,125.0,0.00655977,4.538e-05,0.00691824
Original,Original,125.0,0.00546647,1.375e-05,0.00251572
Original,Original,125.0,0.0069242,4.79e-05,0.00691824
Original,Original,125.0,0.00728863,7.793e-05,0.01069182
Original,Original,125.0,0.00655977,3.713e-05,0.00566038
Original,Original,125.0,0.00546647,5.845e-05,0.01069182
Original,Original,125.0,0.0069242,6.532e-05,0.00943396
Original,Original,125.0,0.00655977,7.839e-05,0.01194969
Original,Original,125.0,0.00874636,2.75e-05,0.00314465
Original,Original,125.0,0.00546647,4.469e-05,0.0081761
Original,Original,125.0,0.00655977,4.538e-05,0.00691824
Original,Original,125.0,0.00765306,6.739e-05,0.00880503
Original,Original,125.0,0.00619534,6.624e-05,0.01069182
Original,Original,125.0,0.00838192,5.272e-05,0.00628931
Original,Original,125.0,0.0058309,1.467e-05,0.00251572
Original,Original,125.0,0.00728863,5.501e-05,0.00754717
Original,Original,125.0,0.00619534,4.676e-05,0.00754717
Original,Original,125.0,0.0069242,3.919e-05,0.00566038
Original,Original,125.0,0.00765306,7.701e-05,0.01006289
Original,Original,125.0,0.00728863,5.501e-05,0.00754717
Original,Original,125.0,0.00655977,1.238e-05,0.00188679
Original,Original,125.0,0.00765306,4.332e-05,0.00566038
Original,Original,125.0,0.0058309,1.834e-05,0.00314465
Original,Original,125.0,0.00619534,2.338e-05,0.00377358
Original,Original,125.0,0.0058309,3.667e-05,0.00628931
Original,Original,125.0,0.0069242,1.742e-05,0.00251572
Original,Original,125.0,0.0058309,5.868e-05,0.01006289
Original,Original,125.0,0.00655977,4.538e-05,0.00691824
Original,Original,125.0,0.00801749,2.521e-05,0.00314465
Original,Original,125.0,0.0058309,5.501e-05,0.00943396
Original,Original,125.0,0.00655977,5.776e-05,0.00880503
Original,Original,125.0,0.0058309,5.501e-05,0.00943396
Original,Original,125.0,0.00911079,2.865e-05,0.00314465
Original,Original,125.0,0.00655977,6.601e-05,0.01006289
Original,Original,125.0,0.0069242,6.097e-05,0.00880503
Original,Original,125.0,0.00655977,5.363e-05,0.0081761
Original,Original,125.0,0.00546647,5.157e-05,0.00943396
Original,Original,125.0,0.00765306,3.369e-05,0.00440252
Original,Original,125.0,0.00765306,1.925e-05,0.00251572
Original,Original,125.0,0.0069242,4.355e-05,0.00628931
Original,Original,125.0,0.00655977,6.188e-05,0.00943396
Original,Original,125.0,0.00655977,2.063e-05,0.00314465
Original,Original,125.0,0.00655977,3.301e-05,0.00503145
Original,Original,125.0,0.0069242,4.355e-05,0.00628931
Original,Original,125.0,0.00619534,6.234e-05,0.01006289
Original,Original,125.0,0.0069242,5.661e-05,0.0081761
Original,Original,125.0,0.0058309,2.2e-05,0.00377358
Original,Original,125.0,0.00546647,3.438e-05,0.00628931
Original,Original,125.0,0.00655977,5.363e-05,0.0081761
Original,Original,125.0,0.00801749,3.53e-05,0.00440252
Original,Original,125.0,0.00728863,3.209e-05,0.00440252
Original,Original,125.0,0.00619534,5.065e-05,0.0081761
Original,Original,125.0,0.00510204,1.925e-05,0.00377358
Original,Original,125.0,0.00765306,4.332e-05,0.00566038
Original,Original,125.0,0.00728863,3.209e-05,0.00440252
Original,Original,125.0,0.0069242,3.484e-05,0.00503145
Original,Original,125.0,0.0069242,2.613e-05,0.00377358
Original,Original,125.0,0.00765306,3.369e-05,0.00440252
Original,Original,125.0,0.00510204,4.813e-05,0.00943396
Original,Original,125.0,0.00619534,2.338e-05,0.00377358
Original,Original,125.0,0.00510204,3.851e-05,0.00754717
Original,Original,125.0,0.00655977,4.538e-05,0.00691824
Original,Original,125.0,0.00619534,3.507e-05,0.00566038
Original,Original,125.0,0.0069242,9.145e-05,0.01320755
Original,Original,125.0,0.00619534,3.117e-05,0.00503145
Original,Original,125.0,0.00728863,5.042e-05,0.00691824
Original,Original,125.0,0.00655977,3.713e-05,0.00566038
Original,Original,125.0,0.00619534,2.338e-05,0.00377358
Original,Original,125.0,0.00546647,4.126e-05,0.00754717
Original,Original,125.0,0.00801749,3.025e-05,0.00377358
Original,Original,125.0,0.00728863,2.75e-05,0.00377358
Original,Original,125.0,0.00619534,3.507e-05,0.00566038
Original,Original,125.0,0.00765306,3.851e-05,0.00503145
Original,Original,125.0,0.00655977,2.888e-05,0.00440252
Original,Original,125.0,0.0058309,3.301e-05,0.00566038
Original,Original,125.0,0.00619534,6.234e-05,0.01006289
Original,Original,125.0,0.00473761,3.278e-05,0.00691824
Original,Original,125.0,0.0058309,1.1e-05,0.00188679
Original,Original,125.0,0.0069242,1.742e-05,0.00251572
Original,Original,125.0,0.00728863,7.793e-05,0.01069182
Original,Original,125.0,0.00655977,5.363e-05,0.0081761
Original,Original,125.0,0.00728863,3.667e-05,0.00503145
Original,Original,125.0,0.00655977,3.301e-05,0.00503145
Original,Original,125.0,0.0069242,2.177e-05,0.00314465
Original,Original,125.0,0.00765306,4.813e-05,0.00628931
Original,Original,125.0,0.0069242,6.532e-05,0.00943396
Original,Original,125.0,0.00619534,7.014e-05,0.01132075
Original,Original,125.0,0.0069242,8.274e-05,0.01194969
Original,Original,125.0,0.00911079,1.719e-05,0.00188679
Original,Original,125.0,0.0069242,8.274e-05,0.01194969
Original,Original,125.0,0.00801749,7.059e-05,0.00880503
Original,Original,125.0,0.00947522,4.171e-05,0.00440252
Original,Original,125.0,0.00765306,5.776e-05,0.00754717
Original,Original,125.0,0.00801749,3.025e-05,0.00377358
Original,Original,125.0,0.00874636,4.401e-05,0.00503145
Original,Original,125.0,0.0069242,5.226e-05,0.00754717
Original,Original,125.0,0.0069242,4.79e-05,0.00691824
Original,Original,125.0,0.0058309,5.868e-05,0.01006289
Original,Original,125.0,0.00510204,4.813e-05,0.00943396
Original,Original,125.0,0.0069242,3.048e-05,0.00440252
Original,Original,125.0,0.00801749,7.059e-05,0.00880503
Original,Original,125.0,0.00728863,3.667e-05,0.00503145
Original,Original,125.0,0.0058309,5.868e-05,0.01006289
Original,Original,125.0,0.00619534,5.845e-05,0.00943396
Original,Original,125.0,0.00546647,5.157e-05,0.00943396
Original,Original,125.0,0.00655977,4.538e-05,0.00691824
Original,Original,125.0,0.00728863,8.71e-05,0.01194969
Original,Original,125.0,0.00655977,7.839e-05,0.01194969
Original,Original,125.0,0.00619534,1.948e-05,0.00314465
Original,Original,125.0,0.0069242,1.742e-05,0.00251572
Original,Original,125.0,0.0069242,8.274e-05,0.01194969
Original,Original,125.0,0.00655977,7.426e-05,0.01132075
Original,Original,125.0,0.00728863,5.042e-05,0.00691824
Original,Original,125.0,0.00619534,6.624e-05,0.01069182
Original,Original,125.0,0.00617284,5.202e-05,0.00842697
Original,Original,125.0,0.00508351,3.141e-05,0.00617978
Original,Original,125.0,0.00689906,6.977e-05,0.01011236
Original,Original,125.0,0.00689906,3.101e-05,0.00449438
Original,Original,125.0,0.00617284,3.468e-05,0.00561798
Original,Original,125.0,0.00689906,1.55e-05,0.00224719
Original,Original,125.0,0.00653595,2.203e-05,0.00337079
Original,Original,125.0,0.00689906,5.039e-05,0.00730337
Original,Original,125.0,0.00617284,4.855e-05,0.00786517
Original,Original,125.0,0.00762527,1.714e-05,0.00224719
Original,Original,125.0,0.00580973,2.285e-05,0.00393258
Original,Original,125.0,0.00653595,1.102e-05,0.00168539
Original,Original,125.0,0.00798838,4.039e-05,0.00505618
Original,Original,125.0,0.00653595,5.875e-05,0.00898876
Original,Original,125.0,0.00653595,6.242e-05,0.00955056
Original,Original,125.0,0.00617284,6.242e-05,0.01011236
Original,Original,125.0,0.00689906,1.938e-05,0.00280899
Original,Original,125.0,0.00689906,3.101e-05,0.00449438
Original,Original,125.0,0.00762527,4.284e-05,0.00561798
Original,Original,125.0,0.00617284,5.549e-05,0.00898876
Original,Original,125.0,0.00689906,5.039e-05,0.00730337
Original,Original,125.0,0.00689906,1.163e-05,0.00168539
Original,Original,125.0,0.00726216,6.528e-05,0.00898876
Original,Original,125.0,0.00617284,6.242e-05,0.01011236
Original,Original,125.0,0.00544662,4.284e-05,0.00786517
Original,Original,125.0,0.00544662,3.672e-05,0.00674157
Original,Original,125.0,0.00472041,2.652e-05,0.00561798
Original,Original,125.0,0.0087146,5.875e-05,0.00674157
Original,Original,125.0,0.00544662,3.978e-05,0.00730337
Original,Original,125.0,0.00798838,2.693e-05,0.00337079
Original,Original,125.0,0.00617284,5.202e-05,0.00842697
Original,Original,125.0,0.00689906,2.713e-05,0.00393258
Original,Original,125.0,0.00544662,1.836e-05,0.00337079
Original,Original,125.0,0.00580973,1.958e-05,0.00337079
Original,Original,125.0,0.00689906,5.814e-05,0.00842697
Original,Original,125.0,0.00580973,5.549e-05,0.00955056
Original,Original,125.0,0.00617284,4.508e-05,0.00730337
Original,Original,125.0,0.00617284,4.508e-05,0.00730337
Original,Original,125.0,0.00653595,6.609e-05,0.01011236
Original,Original,125.0,0.00726216,6.528e-05,0.00898876
Original,Original,125.0,0.00508351,3.998e-05,0.00786517
Original,Original,125.0,0.00653595,2.57e-05,0.00393258
Original,Original,125.0,0.00726216,6.528e-05,0.00898876
Original,Original,125.0,0.00653595,4.406e-05,0.00674157
Original,Original,125.0,0.00617284,5.895e-05,0.00955056
Original,Original,125.0,0.00617284,5.202e-05,0.00842697
Original,Original,125.0,0.00653595,1.102e-05,0.00168539
Original,Original,125.0,0.00617284,2.081e-05,0.00337079
Original,Original,125.0,0.00653595,5.875e-05,0.00898876
Original,Original,125.0,0.00689906,6.977e-05,0.01011236
Original,Original,125.0,0.00653595,5.141e-05,0.00786517
Original,Original,125.0,0.0087146,3.427e-05,0.00393258
Original,Original,125.0,0.00762527,4.284e-05,0.00561798
Original,Original,125.0,0.00580973,3.59e-05,0.00617978
Original,Original,125.0,0.00653595,4.406e-05,0.00674157
Original,Original,125.0,0.00653595,1.102e-05,0.00168539
Original,Original,125.0,0.00617284,3.468e-05,0.00561798
Original,Original,125.0,0.00726216,8.16e-05,0.01123596
Original,Original,125.0,0.00689906,2.713e-05,0.00393258
Original,Original,125.0,0.00653595,6.242e-05,0.00955056
Original,Original,125.0,0.00726216,4.896e-05,0.00674157
Original,Original,125.0,0.00653595,6.242e-05,0.00955056
Original,Original,125.0,0.00544662,3.672e-05,0.00674157
Original,Original,125.0,0.00653595,3.672e-05,0.00561798
Original,Original,125.0,0.00508351,2.856e-05,0.00561798
Original,Original,125.0,0.00617284,3.468e-05,0.00561798
Original,Original,125.0,0.00617284,1.734e-05,0.00280899
Original,Original,125.0,0.00580973,5.549e-05,0.00955056
Original,Original,125.0,0.00617284,4.161e-05,0.00674157
Original,Original,125.0,0.00544662,3.672e-05,0.00674157
Original,Original,125.0,0.00617284,2.428e-05,0.00393258
Original,Original,125.0,0.00835149,3.284e-05,0.00393258
Original,Original,125.0,0.00580973,2.285e-05,0.00393258
Original,Original,125.0,0.00653595,4.406e-05,0.00674157
Original,Original,125.0,0.00726216,7.344e-05,0.01011236
Original,Original,125.0,0.00653595,1.469e-05,0.00224719
Original,Original,125.0,0.00544662,4.59e-05,0.00842697
Original,Original,125.0,0.00689906,4.651e-05,0.00674157
Original,Original,125.0,0.00689906,6.977e-05,0.01011236
Original,Original,125.0,0.00617284,4.855e-05,0.00786517
Original,Original,125.0,0.00726216,3.264e-05,0.00449438
Original,Original,125.0,0.00726216,7.344e-05,0.01011236
Original,Original,125.0,0.00617284,2.081e-05,0.00337079
Original,Original,125.0,0.00580973,4.243e-05,0.00730337
Original,Original,125.0,0.00508351,4.284e-05,0.00842697
Original,Original,125.0,0.00798838,2.244e-05,0.00280899
Original,Original,125.0,0.00762527,5.569e-05,0.00730337
Original,Original,125.0,0.00544662,4.896e-05,0.00898876
Original,Original,125.0,0.00544662,4.284e-05,0.00786517
Original,Original,125.0,0.00798838,6.283e-05,0.00786517
Original,Original,125.0,0.00762527,2.142e-05,0.00280899
Original,Original,125.0,0.00580973,2.285e-05,0.00393258
Original,Original,125.0,0.00617284,4.161e-05,0.00674157
Original,Original,125.0,0.00689906,3.101e-05,0.00449438
Original,Original,125.0,0.00726216,2.856e-05,0.00393258
Original,Original,125.0,0.00580973,3.264e-05,0.00561798
Original,Original,125.0,0.00689906,3.488e-05,0.00505618
Original,Original,125.0,0.00798838,6.732e-05,0.00842697
Original,Original,125.0,0.00653595,3.305e-05,0.00505618
Original,Original,125.0,0.00726216,5.712e-05,0.00786517
Original,Original,125.0,0.00653595,1.836e-05,0.00280899
Original,Original,125.0,0.00726216,8.16e-05,0.01123596
Original,Original,125.0,0.00617284,3.815e-05,0.00617978
Original,Original,125.0,0.00689906,6.977e-05,0.01011236
Original,Original,125.0,0.00726216,1.632e-05,0.00224719
Original,Original,125.0,0.00653595,4.773e-05,0.00730337
Original,Original,125.0,0.00689906,2.713e-05,0.00393258
Original,Original,125.0,0.00653595,2.938e-05,0.00449438
Original,Original,125.0,0.00617284,2.428e-05,0.00393258
Original,Original,125.0,0.00726216,7.752e-05,0.01067416
Original,Original,125.0,0.00580973,4.896e-05,0.00842697
Original,Original,125.0,0.00617284,2.774e-05,0.00449438
Original,Original,125.0,0.00689906,3.876e-05,0.00561798
Original,Original,125.0,0.00689906,6.589e-05,0.00955056
Original,Original,125.0,0.00617284,3.815e-05,0.00617978
Original,Original,125.0,0.00689906,2.713e-05,0.00393258
Original,Original,125.0,0.00653595,1.102e-05,0.00168539
Original,Original,125.0,0.00689906,4.263e-05,0.00617978
Original,Original,125.0,0.00617284,3.121e-05,0.00505618
Original,Original,125.0,0.00580973,5.549e-05,0.00955056
Original,Original,125.0,0.00762527,6.426e-05,0.00842697
Original,Original,125.0,0.00689906,7.364e-05,0.01067416
Original,Original,125.0,0.00580973,3.917e-05,0.00674157
Original,Original,125.0,0.00907771,2.04e-05,0.00224719
Original,Original,125.0,0.00689906,4.651e-05,0.00674157
Original,Original,125.0,0.00689906,7.364e-05,0.01067416
Original,Original,125.0,0.00580973,3.59e-05,0.00617978
Original,Original,125.0,0.00472041,2.917e-05,0.00617978
Original,Original,125.0,0.00726216,4.08e-05,0.00561798
Original,Original,125.0,0.00653595,5.141e-05,0.00786517
Original,Original,125.0,0.00835149,2.815e-05,0.00337079
Original,Original,125.0,0.00617284,6.589e-05,0.01067416
Original,Original,125.0,0.00689906,4.263e-05,0.00617978
Original,Original,125.0,0.00689906,6.589e-05,0.00955056
Original,Original,125.0,0.00726216,6.12e-05,0.00842697
Original,Original,125.0,0.00653595,3.305e-05,0.00505618
Original,Original,125.0,0.00653595,6.242e-05,0.00955056
Original,Original,125.0,0.00653595,5.875e-05,0.00898876
Original,Original,125.0,0.00653595,6.609e-05,0.01011236
Original,Original,125.0,0.00508351,3.998e-05,0.00786517
Original,Original,125.0,0.00689906,4.263e-05,0.00617978
Original,Original,125.0,0.00653595,3.672e-05,0.00561798
Original,Original,125.0,0.00726216,4.896e-05,0.00674157
Original,Original,125.0,0.00580973,2.938e-05,0.00505618
Original,Original,125.0,0.00617284,5.549e-05,0.00898876
Original,Original,125.0,0.00762527,5.997e-05,0.00786517
Original,Original,125.0,0.00726216,5.712e-05,0.00786517
Original,Original,125.0,0.00653595,1.469e-05,0.00224719
Original,Original,125.0,0.00726216,5.304e-05,0.00730337
Original,Original,125.0,0.00653595,5.141e-05,0.00786517
Original,Original,125.0,0.00762527,5.997e-05,0.00786517
Original,Original,125.0,0.00653595,4.406e-05,0.00674157
Original,Original,125.0,0.00762527,4.284e-05,0.00561798
Original,Original,125.0,0.00580973,4.243e-05,0.00730337
Original,Original,125.0,0.00689906,6.589e-05,0.00955056
Original,Original,125.0,0.00508351,3.998e-05,0.00786517
Original,Original,125.0,0.00617284,4.508e-05,0.00730337
Original,Original,125.0,0.00653595,2.938e-05,0.00449438
Original,Original,125.0,0.00653595,1.102e-05,0.00168539
Original,Original,125.0,0.00689906,7.752e-05,0.01123596
Original,Original,125.0,0.00617284,5.202e-05,0.00842697
Original,Original,125.0,0.00617284,1.734e-05,0.00280899
Original,Original,125.0,0.00726216,6.12e-05,0.00842697
Original,Original,125.0,0.00580973,1.632e-05,0.00280899
Original,Original,125.0,0.00508351,3.427e-05,0.00674157
Original,Original,125.0,0.00653595,6.977e-05,0.01067416
Original,Original,125.0,0.00653595,3.672e-05,0.00561798
Original,Original,125.0,0.00835149,4.223e-05,0.00505618
Original,Original,125.0,0.00544662,3.978e-05,0.00730337
Original,Original,125.0,0.00508351,3.713e-05,0.00730337
Original,Original,125.0,0.00689906,6.201e-05,0.00898876
Original,Original,125.0,0.00762527,5.141e-05,0.00674157
Original,Original,125.0,0.00726216,4.488e-05,0.00617978
Original,Original,125.0,0.00689906,3.101e-05,0.00449438
Original,Original,125.0,0.00653595,1.469e-05,0.00224719
Original,Original,125.0,0.00508351,2.856e-05,0.00561798
Original,Original,125.0,0.00689906,2.713e-05,0.00393258
Original,Original,125.0,0.00798838,7.629e-05,0.00955056
Original,Original,125.0,0.00617284,3.468e-05,0.00561798
Original,Original,125.0,0.00508351,3.427e-05,0.00674157
Original,Original,125.0,0.00689906,3.876e-05,0.00561798
Original,Original,125.0,0.00689906,7.364e-05,0.01067416
Original,Original,125.0,0.00580973,4.243e-05,0.00730337
Original,Original,125.0,0.00544662,3.672e-05,0.00674157
Original,Original,125.0,0.00617284,5.202e-05,0.00842697
Original,Original,125.0,0.00653595,5.875e-05,0.00898876
Original,Original,125.0,0.0087146,3.917e-05,0.00449438
Original,Original,125.0,0.00798838,3.141e-05,0.00393258
Original,Original,125.0,0.00653595,4.039e-05,0.00617978
Original,Original,125.0,0.00762527,5.997e-05,0.00786517
Original,Original,125.0,0.00653595,5.875e-05,0.00898876
Original,Original,125.0,0.00653595,4.406e-05,0.00674157
Original,Original,125.0,0.00653595,3.305e-05,0.00505618
Original,Original,125.0,0.00689906,6.977e-05,0.01011236
Original,Original,125.0,0.00689906,6.201e-05,0.00898876
Original,Original,125.0,0.00580973,5.875e-05,0.01011236
Original,Original,125.0,0.00653595,5.508e-05,0.00842697
Original,Original,125.0,0.0087146,4.406e-05,0.00505618
Original,Original,125.0,0.00653595,2.57e-05,0.00393258
Original,Original,125.0,0.00689906,7.364e-05,0.01067416
Original,Original,125.0,0.0058309,3.667e-05,0.00628931
Original,Original,125.0,0.00546647,2.063e-05,0.00377358
Original,Original,125.0,0.00510204,2.246e-05,0.00440252
Original,Original,125.0,0.00546647,4.126e-05,0.00754717
Original,Original,125.0,0.00655977,2.475e-05,0.00377358
Original,Original,125.0,0.00546647,5.845e-05,0.01069182
Original,Original,125.0,0.00619534,5.845e-05,0.00943396
Original,Original,125.0,0.00655977,2.888e-05,0.00440252
Original,Original,125.0,0.00655977,5.363e-05,0.0081761
Original,Original,125.0,0.00801749,3.53e-05,0.00440252
Original,Original,125.0,0.00546647,5.157e-05,0.00943396
Original,Original,125.0,0.00510204,4.813e-05,0.00943396
Original,Original,125.0,0.00546647,4.469e-05,0.0081761
Original,Original,125.0,0.0069242,7.403e-05,0.01069182
Original,Original,125.0,0.00510204,3.53e-05,0.00691824
Original,Original,125.0,0.0058309,4.401e-05,0.00754717
Original,Original,125.0,0.0058309,5.134e-05,0.00880503
Original,Original,125.0,0.00874636,3.851e-05,0.00440252
Original,Original,125.0,0.00546647,4.813e-05,0.00880503
Original,Original,125.0,0.00838192,3.163e-05,0.00377358
Original,Original,125.0,0.00728863,5.042e-05,0.00691824
Original,Original,125.0,0.00655977,4.126e-05,0.00628931
Original,Original,125.0,0.00765306,5.776e-05,0.00754717
Original,Original,125.0,0.00765306,2.407e-05,0.00314465
Original,Original,125.0,0.00546647,4.469e-05,0.0081761
Original,Original,125.0,0.00473761,4.469e-05,0.00943396
Original,Original,125.0,0.00619534,6.624e-05,0.01069182
Original,Original,125.0,0.00619534,3.896e-05,0.00628931
Original,Original,125.0,0.0069242,3.484e-05,0.00503145
Original,Original,125.0,0.00655977,2.063e-05,0.00314465
Original,Original,125.0,0.0058309,4.767e-05,0.0081761
Original,Original,125.0,0.00728863,6.418e-05,0.00880503
Original,Original,125.0,0.0058309,6.234e-05,0.01069182
Original,Original,125.0,0.00655977,3.713e-05,0.00566038
Original,Original,125.0,0.0069242,8.274e-05,0.01194969
Original,Original,125.0,0.00510204,3.53e-05,0.00691824
Original,Original,125.0,0.0069242,2.177e-05,0.00314465
Original,Original,125.0,0.0058309,5.134e-05,0.00880503
Original,Original,125.0,0.0058309,4.034e-05,0.00691824
Original,Original,125.0,0.00619534,3.507e-05,0.00566038
Original,Original,125.0,0.0058309,2.567e-05,0.00440252
Original,Original,125.0,0.00546647,1.031e-05,0.00188679
Original,Original,125.0,0.0069242,6.532e-05,0.00943396
Original,Original,125.0,0.0058309,5.134e-05,0.00880503
Original,Original,125.0,0.00655977,3.713e-05,0.00566038
Original,Original,125.0,0.00510204,5.134e-05,0.01006289
Original,Original,125.0,0.0069242,6.968e-05,0.01006289
Original,Original,125.0,0.0058309,5.134e-05,0.00880503
Original,Original,125.0,0.00655977,5.776e-05,0.00880503
Original,Original,125.0,0.00655977,5.776e-05,0.00880503
Original,Original,125.0,0.00619534,5.455e-05,0.00880503
Original,Original,125.0,0.00765306,1.444e-05,0.00188679
Original,Original,125.0,0.0069242,5.661e-05,0.0081761
Original,Original,125.0,0.0069242,7.839e-05,0.01132075
Original,Original,125.0,0.0058309,2.934e-05,0.00503145
Original,Original,125.0,0.00655977,7.014e-05,0.01069182
Original,Original,125.0,0.00655977,3.713e-05,0.00566038
Original,Original,125.0,0.00765306,4.813e-05,0.00628931
Original,Original,125.0,0.0069242,1.742e-05,0.00251572
Original,Original,125.0,0.00510204,1.284e-05,0.00251572
Original,Original,125.0,0.0069242,3.048e-05,0.00440252
Original,Original,125.0,0.0058309,4.401e-05,0.00754717
Original,Original,125.0,0.00619534,5.845e-05,0.00943396
Original,Original,125.0,0.00801749,3.025e-05,0.00377358
Original,Original,125.0,0.00655977,6.188e-05,0.00943396
Original,Original,125.0,0.00546647,3.782e-05,0.00691824
Original,Original,125.0,0.0069242,4.79e-05,0.00691824
Original,Original,125.0,0.00510204,1.604e-05,0.00314465
Original,Original,125.0,0.00655977,4.538e-05,0.00691824
Original,Original,125.0,0.00838192,5.799e-05,0.00691824
Original,Original,125.0,0.00619534,1.559e-05,0.00251572
Original,Original,125.0,0.0069242,4.79e-05,0.00691824
Original,Original,125.0,0.0069242,2.613e-05,0.00377358
Original,Original,125.0,0.00765306,2.888e-05,0.00377358
Original,Original,125.0,0.00728863,5.042e-05,0.00691824
Original,Original,125.0,0.00619534,4.676e-05,0.00754717
Original,Original,125.0,0.00546647,5.845e-05,0.01069182
Original,Original,125.0,0.0058309,3.301e-05,0.00566038
Original,Original,125.0,0.00655977,7.014e-05,0.01069182
Original,Original,125.0,0.0058309,2.2e-05,0.00377358
Original,Original,125.0,0.00546647,5.157e-05,0.00943396
Original,Original,125.0,0.00655977,3.713e-05,0.00566038
Original,Original,125.0,0.00765306,7.701e-05,0.01006289
Original,Original,125.0,0.00655977,1.65e-05,0.00251572
Original,Original,125.0,0.00765306,3.369e-05,0.00440252
Original,Original,125.0,0.00655977,5.363e-05,0.0081761
Original,Original,125.0,0.0058309,5.134e-05,0.00880503
Original,Original,125.0,0.00655977,4.951e-05,0.00754717
Original,Original,125.0,0.00655977,5.776e-05,0.00880503
Original,Original,125.0,0.0058309,5.868e-05,0.01006289
Original,Original,125.0,0.0058309,1.834e-05,0.00314465
Original,Original,125.0,0.00655977,1.65e-05,0.00251572
Original,Original,125.0,0.00619534,7.403e-05,0.01194969
Original,Original,125.0,0.00728863,2.75e-05,0.00377358
Original,Original,125.0,0.00546647,2.75e-05,0.00503145
Original,Original,125.0,0.0058309,5.501e-05,0.00943396
Original,Original,125.0,0.00801749,3.53e-05,0.00440252
Original,Original,125.0,0.00655977,5.363e-05,0.0081761
Original,Original,125.0,0.0058309,2.567e-05,0.00440252
Original,Original,125.0,0.0058309,5.501e-05,0.00943396
Original,Original,125.0,0.00619534,5.845e-05,0.00943396
Original,Original,125.0,0.0058309,3.301e-05,0.00566038
Original,Original,125.0,0.00546647,4.469e-05,0.0081761
Original,Original,125.0,0.00473761,3.874e-05,0.0081761
Original,Original,125.0,0.0069242,3.048e-05,0.00440252
Original,Original,125.0,0.00510204,3.851e-05,0.00754717
Original,Original,125.0,0.00546647,5.501e-05,0.01006289
Original,Original,125.0,0.00655977,2.063e-05,0.00314465
Original,Original,125.0,0.0058309,1.834e-05,0.00314465
Original,Original,125.0,0.00728863,7.334e-05,0.01006289
Original,Original,125.0,0.00655977,4.126e-05,0.00628931
Original,Original,125.0,0.00765306,4.813e-05,0.00628931
Original,Original,125.0,0.00765306,6.739e-05,0.00880503
Original,Original,125.0,0.00510204,4.171e-05,0.0081761
Original,Original,125.0,0.00801749,2.521e-05,0.00314465
Original,Original,125.0,0.00655977,3.301e-05,0.00503145
Original,Original,125.0,0.0069242,8.274e-05,0.01194969
Original,Original,125.0,0.0069242,2.177e-05,0.00314465
Original,Original,125.0,0.00655977,1.65e-05,0.00251572
Original,Original,125.0,0.00619534,4.676e-05,0.00754717
Original,Original,125.0,0.00510204,5.134e-05,0.01006289
Original,Original,125.0,0.00728863,7.334e-05,0.01006289
Original,Original,125.0,0.0069242,4.79e-05,0.00691824
Original,Original,125.0,0.00546647,5.845e-05,0.01069182
Original,Original,125.0,0.00655977,2.888e-05,0.00440252
Original,Original,125.0,0.00728863,5.501e-05,0.00754717
Original,Original,125.0,0.00728863,5.959e-05,0.0081761
Original,Original,125.0,0.00874636,2.75e-05,0.00314465
Original,Original,125.0,0.0058309,2.2e-05,0.00377358
Original,Original,125.0,0.00728863,2.292e-05,0.00314465
Original,Original,125.0,0.00546647,2.063e-05,0.00377358
Original,Original,125.0,0.00655977,7.014e-05,0.01069182
Original,Original,125.0,0.00619534,6.624e-05,0.01069182
Original,Original,125.0,0.00765306,5.295e-05,0.00691824
Original,Original,125.0,0.0058309,2.2e-05,0.00377358
Original,Original,125.0,0.00727273,1.725e-05,0.00237248
Original,Original,125.0,0.00836364,4.465e-05,0.00533808
Original,Original,125.0,0.00545455,4.853e-05,0.0088968
Original,Original,125.0,0.00690909,5.737e-05,0.00830368
Original,Original,125.0,0.00690909,5.737e-05,0.00830368
Original,Original,125.0,0.00618182,6.6e-05,0.01067616
Original,Original,125.0,0.00763636,5.888e-05,0.00771056
Original,Original,125.0,0.00690909,5.327e-05,0.00771056
Original,Original,125.0,0.00472727,3.925e-05,0.00830368
Original,Original,125.0,0.00727273,3.882e-05,0.00533808
Original,Original,125.0,0.00654545,5.047e-05,0.00771056
Original,Original,125.0,0.00654545,6.6e-05,0.01008304
Original,Original,125.0,0.00763636,6.794e-05,0.0088968
Original,Original,125.0,0.00509091,3.925e-05,0.00771056
Original,Original,125.0,0.00690909,3.688e-05,0.00533808
Original,Original,125.0,0.00727273,8.196e-05,0.01126928
Original,Original,125.0,0.00581818,3.451e-05,0.0059312
Original,Original,125.0,0.00654545,3.106e-05,0.00474496
Original,Original,125.0,0.00618182,6.233e-05,0.01008304
Original,Original,125.0,0.00654545,6.988e-05,0.01067616
Original,Original,125.0,0.00654545,5.823e-05,0.0088968
Original,Original,125.0,0.00690909,5.737e-05,0.00830368
Original,Original,125.0,0.00654545,6.988e-05,0.01067616
Original,Original,125.0,0.00690909,3.278e-05,0.00474496
Original,Original,125.0,0.00690909,4.508e-05,0.00652432
Original,Original,125.0,0.00545455,2.588e-05,0.00474496
Original,Original,125.0,0.00654545,6.6e-05,0.01008304
Original,Original,125.0,0.00545455,3.882e-05,0.00711744
Original,Original,125.0,0.00690909,5.327e-05,0.00771056
Original,Original,125.0,0.00618182,5.866e-05,0.00948992
Original,Original,125.0,0.00545455,1.294e-05,0.00237248
Original,Original,125.0,0.008,2.372e-05,0.0029656
Original,Original,125.0,0.00654545,1.941e-05,0.0029656
Original,Original,125.0,0.00509091,1.208e-05,0.00237248
Original,Original,125.0,0.00618182,1.833e-05,0.0029656
Original,Original,125.0,0.00836364,8.929e-05,0.01067616
Original,Original,125.0,0.00727273,4.314e-05,0.0059312
Original,Original,125.0,0.00618182,6.233e-05,0.01008304
Original,Original,125.0,0.00763636,3.623e-05,0.00474496
Original,Original,125.0,0.00690909,2.459e-05,0.00355872
Original,Original,125.0,0.00727273,6.902e-05,0.00948992
Original,Original,125.0,0.00654545,2.718e-05,0.00415184
Original,Original,125.0,0.00618182,6.6e-05,0.01067616
Original,Original,125.0,0.00509091,2.114e-05,0.00415184
Original,Original,125.0,0.00690909,4.508e-05,0.00652432
Original,Original,125.0,0.00654545,5.823e-05,0.0088968
Original,Original,125.0,0.00690909,4.918e-05,0.00711744
Original,Original,125.0,0.00509091,4.227e-05,0.00830368
Original,Original,125.0,0.008,5.219e-05,0.00652432
Original,Original,125.0,0.00618182,6.966e-05,0.01126928
Original,Original,125.0,0.00836364,4.465e-05,0.00533808
Original,Original,125.0,0.00727273,6.902e-05,0.00948992
Original,Original,125.0,0.00509091,2.416e-05,0.00474496
Original,Original,125.0,0.00727273,4.745e-05,0.00652432
Original,Original,125.0,0.00472727,3.084e-05,0.00652432
Original,Original,125.0,0.00654545,7.376e-05,0.01126928
Original,Original,125.0,0.00618182,5.5e-05,0.0088968
Original,Original,125.0,0.00654545,3.494e-05,0.00533808
Original,Original,125.0,0.00727273,1.725e-05,0.00237248
Original,Original,125.0,0.00581818,5.521e-05,0.00948992
Original,Original,125.0,0.00690909,6.966e-05,0.01008304
Original,Original,125.0,0.00545455,3.235e-05,0.0059312
Original,Original,125.0,0.00509091,4.227e-05,0.00830368
Original,Original,125.0,0.00727273,6.039e-05,0.00830368
Original,Original,125.0,0.00690909,7.376e-05,0.01067616
Original,Original,125.0,0.00690909,4.918e-05,0.00711744
Original,Original,125.0,0.00836364,5.953e-05,0.00711744
Original,Original,125.0,0.00654545,6.6e-05,0.01008304
Original,Original,125.0,0.00727273,8.627e-05,0.0118624
Original,Original,125.0,0.00654545,4.659e-05,0.00711744
Original,Original,125.0,0.00509091,2.114e-05,0.00415184
Original,Original,125.0,0.00509091,2.718e-05,0.00533808
Original,Original,125.0,0.00581818,3.106e-05,0.00533808
Original,Original,125.0,0.00763636,6.341e-05,0.00830368
Original,Original,125.0,0.00654545,3.494e-05,0.00533808
Original,Original,125.0,0.00690909,4.508e-05,0.00652432
Original,Original,125.0,0.00545455,4.529e-05,0.00830368
Original,Original,125.0,0.00727273,6.039e-05,0.00830368
Original,Original,125.0,0.00654545,1.941e-05,0.0029656
Original,Original,125.0,0.00654545,3.494e-05,0.00533808
Original,Original,125.0,0.00654545,5.435e-05,0.00830368
Original,Original,125.0,0.00727273,2.157e-05,0.0029656
Original,Original,125.0,0.00690909,7.376e-05,0.01067616
Original,Original,125.0,0.008,5.219e-05,0.00652432
Original,Original,125.0,0.00690909,5.327e-05,0.00771056
Original,Original,125.0,0.00690909,6.557e-05,0.00948992
Original,Original,125.0,0.00581818,4.831e-05,0.00830368
Original,Original,125.0,0.00872727,3.623e-05,0.00415184
Original,Original,125.0,0.00509091,4.227e-05,0.00830368
Original,Original,125.0,0.00618182,3.3e-05,0.00533808
Original,Original,125.0,0.00618182,4.4e-05,0.00711744
Original,Original,125.0,0.00472727,4.206e-05,0.0088968
Original,Original,125.0,0.00654545,6.6e-05,0.01008304
Original,Original,125.0,0.00618182,2.933e-05,0.00474496
Original,Original,125.0,0.00654545,6.6e-05,0.01008304
Original,Original,125.0,0.00581818,4.141e-05,0.00711744
Original,Original,125.0,0.00654545,1.553e-05,0.00237248
Original,Original,125.0,0.00654545,3.882e-05,0.0059312
Original,Original,125.0,0.00509091,1.51e-05,0.0029656
Original,Original,125.0,0.00581818,3.796e-05,0.00652432
Original,Original,125.0,0.00654545,4.659e-05,0.00711744
Original,Original,125.0,0.00690909,4.918e-05,0.00711744
Original,Original,125.0,0.008,4.27e-05,0.00533808
Original,Original,125.0,0.00727273,1.725e-05,0.00237248
Original,Original,125.0,0.00545455,4.853e-05,0.0088968
Original,Original,125.0,0.00654545,6.6e-05,0.01008304
Original,Original,125.0,0.00654545,5.047e-05,0.00771056
Original,Original,125.0,0.00763636,3.623e-05,0.00474496
Original,Original,125.0,0.00581818,5.176e-05,0.0088968
Original,Original,125.0,0.00654545,5.047e-05,0.00771056
Original,Original,125.0,0.00727273,7.764e-05,0.01067616
Original,Original,125.0,0.00727273,4.314e-05,0.0059312
Original,Original,125.0,0.00727273,4.745e-05,0.00652432
Original,Original,125.0,0.00654545,6.988e-05,0.01067616
Original,Original,125.0,0.00581818,5.521e-05,0.00948992
Original,Original,125.0,0.008,3.796e-05,0.00474496
Original,Original,125.0,0.00690909,2.869e-05,0.00415184
Original,Original,125.0,0.00581818,1.38e-05,0.00237248
Original,Original,125.0,0.00654545,4.27e-05,0.00652432
Original,Original,125.0,0.00727273,6.47e-05,0.0088968
Original,Original,125.0,0.00690909,1.639e-05,0.00237248
Original,Original,125.0,0.00581818,5.176e-05,0.0088968
Original,Original,125.0,0.00690909,2.459e-05,0.00355872
Original,Original,125.0,0.00618182,2.567e-05,0.00415184
Original,Original,125.0,0.00727273,2.588e-05,0.00355872
Original,Original,125.0,0.00763636,4.529e-05,0.0059312
Original,Original,125.0,0.00654545,1.941e-05,0.0029656
Original,Original,125.0,0.00727273,8.196e-05,0.01126928
Original,Original,125.0,0.00581818,5.866e-05,0.01008304
Original,Original,125.0,0.00690909,3.688e-05,0.00533808
Original,Original,125.0,0.00509091,2.718e-05,0.00533808
Original,Original,125.0,0.00727273,4.314e-05,0.0059312
Original,Original,125.0,0.00581818,5.176e-05,0.0088968
Original,Original,125.0,0.00727273,6.902e-05,0.00948992
Original,Original,125.0,0.00618182,6.233e-05,0.01008304
Original,Original,125.0,0.00618182,4.4e-05,0.00711744
Original,Original,125.0,0.00581818,5.521e-05,0.00948992
Original,Original,125.0,0.00727273,6.902e-05,0.00948992
Original,Original,125.0,0.00509091,3.02e-05,0.0059312
Original,Original,125.0,0.00763636,6.794e-05,0.0088968
Original,Original,125.0,0.00545455,2.265e-05,0.00415184
Original,Original,125.0,0.00654545,6.6e-05,0.01008304
Original,Original,125.0,0.00618182,6.233e-05,0.01008304
Original,Original,125.0,0.00690909,6.966e-05,0.01008304
Original,Original,125.0,0.00618182,2.2e-05,0.00355872
Original,Original,125.0,0.00763636,7.7e-05,0.01008304
Original,Original,125.0,0.00545455,4.529e-05,0.00830368
Original,Original,125.0,0.00690909,4.098e-05,0.0059312
Original,Original,125.0,0.00581818,5.866e-05,0.01008304
Original,Original,125.0,0.00545455,4.853e-05,0.0088968
Original,Original,125.0,0.00581818,5.866e-05,0.01008304
Original,Original,125.0,0.00618182,6.966e-05,0.01126928
Original,Original,125.0,0.00763636,5.888e-05,0.00771056
Original,Original,125.0,0.008,5.219e-05,0.00652432
Original,Original,125.0,0.00509091,2.114e-05,0.00415184
Original,Original,125.0,0.00618182,2.2e-05,0.00355872
Original,Original,125.0,0.00509091,1.51e-05,0.0029656
Original,Original,125.0,0.00654545,1.941e-05,0.0029656
Original,Original,125.0,0.00690909,6.557e-05,0.00948992
Original,Original,125.0,0.00654545,1.941e-05,0.0029656
Original,Original,125.0,0.00690909,4.508e-05,0.00652432
Original,Original,125.0,0.00690909,4.918e-05,0.00711744
Original,Original,125.0,0.00763636,4.529e-05,0.0059312
Original,Original,125.0,0.00690909,6.966e-05,0.01008304
Original,Original,125.0,0.00690909,8.606e-05,0.01245552
Original,Original,125.0,0.00545455,3.235e-05,0.0059312
Original,Original,125.0,0.00690909,3.688e-05,0.00533808
Original,Original,125.0,0.00618182,2.567e-05,0.00415184
Original,Original,125.0,0.0058309,5.501e-05,0.00943396
Original,Original,125.0,0.00473761,2.98e-05,0.00628931
Original,Original,125.0,0.00619534,5.065e-05,0.0081761
Original,Original,125.0,0.0058309,3.301e-05,0.00566038
Original,Original,125.0,0.00546647,3.782e-05,0.00691824
Original,Original,125.0,0.00473761,1.788e-05,0.00377358
Original,Original,125.0,0.00619534,5.845e-05,0.00943396
Original,Original,125.0,0.00619534,5.845e-05,0.00943396
Original,Original,125.0,0.0058309,3.301e-05,0.00566038
Original,Original,125.0,0.00546647,3.782e-05,0.00691824
Original,Original,125.0,0.00510204,1.604e-05,0.00314465
Original,Original,125.0,0.00510204,4.492e-05,0.00880503
Original,Original,125.0,0.00619534,7.014e-05,0.01132075
Original,Original,125.0,0.00619534,6.624e-05,0.01069182
Original,Original,125.0,0.00619534,2.338e-05,0.00377358
Original,Original,125.0,0.00619534,5.845e-05,0.00943396
Original,Original,125.0,0.0058309,5.134e-05,0.00880503
Original,Original,125.0,0.00546647,2.407e-05,0.00440252
Original,Original,125.0,0.0069242,2.177e-05,0.00314465
Original,Original,125.0,0.00546647,3.438e-05,0.00628931
Original,Original,125.0,0.00619534,6.234e-05,0.01006289
Original,Original,125.0,0.00655977,5.776e-05,0.00880503
Original,Original,125.0,0.00619534,1.559e-05,0.00251572
Original,Original,125.0,0.00546647,2.75e-05,0.00503145
Original,Original,125.0,0.00655977,3.301e-05,0.00503145
Original,Original,125.0,0.00510204,3.53e-05,0.00691824
Original,Original,125.0,0.00619534,5.065e-05,0.0081761
Original,Original,125.0,0.00546647,4.469e-05,0.0081761
Original,Original,125.0,0.00510204,3.851e-05,0.00754717
Original,Original,125.0,0.00728863,5.959e-05,0.0081761
Original,Original,125.0,0.00619534,3.117e-05,0.00503145
Original,Original,125.0,0.0058309,1.467e-05,0.00251572
Original,Original,125.0,0.00546647,2.407e-05,0.00440252
Original,Original,125.0,0.0058309,1.467e-05,0.00251572
Original,Original,125.0,0.00765306,4.813e-05,0.00628931
Original,Original,125.0,0.00728863,3.209e-05,0.00440252
Original,Original,125.0,0.00546647,2.063e-05,0.00377358
Original,Original,125.0,0.0069242,3.484e-05,0.00503145
Original,Original,125.0,0.00510204,2.567e-05,0.00503145
Original,Original,125.0,0.00619534,4.286e-05,0.00691824
Original,Original,125.0,0.0058309,4.034e-05,0.00691824
Original,Original,125.0,0.0058309,6.234e-05,0.01069182
Original,Original,125.0,0.0058309,2.934e-05,0.00503145
Original,Original,125.0,0.00619534,2.338e-05,0.00377358
Original,Original,125.0,0.0058309,2.567e-05,0.00440252
Original,Original,125.0,0.0058309,4.767e-05,0.0081761
Original,Original,125.0,0.00546647,2.75e-05,0.00503145
Original,Original,125.0,0.00437318,2.2e-05,0.00503145
Original,Original,125.0,0.00473761,1.49e-05,0.00314465
Original,Original,125.0,0.0058309,1.834e-05,0.00314465
Original,Original,125.0,0.0069242,6.532e-05,0.00943396
Original,Original,125.0,0.0069242,6.532e-05,0.00943396
Original,Original,125.0,0.0069242,3.919e-05,0.00566038
Original,Original,125.0,0.00546647,2.063e-05,0.00377358
Original,Original,125.0,0.0058309,4.034e-05,0.00691824
Original,Original,125.0,0.00655977,5.776e-05,0.00880503
Original,Original,125.0,0.00546647,4.813e-05,0.00880503
Original,Original,125.0,0.00765306,8.183e-05,0.01069182
Original,Original,125.0,0.00619534,3.117e-05,0.00503145
Original,Original,125.0,0.00765306,4.332e-05,0.00566038
Original,Original,125.0,0.00874636,4.401e-05,0.00503145
Original,Original,125.0,0.0069242,7.403e-05,0.01069182
Original,Original,125.0,0.00655977,7.014e-05,0.01069182
Original,Original,125.0,0.0069242,6.532e-05,0.00943396
Original,Original,125.0,0.00728863,5.959e-05,0.0081761
Original,Original,125.0,0.00728863,2.292e-05,0.00314465
Original,Original,125.0,0.00546647,4.813e-05,0.00880503
Original,Original,125.0,0.00655977,3.301e-05,0.00503145
Original,Original,125.0,0.00619534,6.624e-05,0.01069182
Original,Original,125.0,0.0069242,5.226e-05,0.00754717
Original,Original,125.0,0.00619534,5.065e-05,0.0081761
Original,Original,125.0,0.0058309,2.2e-05,0.00377358
Original,Original,125.0,0.00728863,5.042e-05,0.00691824
Original,Original,125.0,0.00655977,2.475e-05,0.00377358
Original,Original,125.0,0.0058309,2.2e-05,0.00377358
Original,Original,125.0,0.0069242,7.403e-05,0.01069182
Original,Original,125.0,0.0058309,1.834e-05,0.00314465
Original,Original,125.0,0.00728863,2.75e-05,0.00377358
Original,Original,125.0,0.00728863,6.876e-05,0.00943396
Original,Original,125.0,0.00765306,5.295e-05,0.00691824
Original,Original,125.0,0.0069242,5.661e-05,0.0081761
Original,Original,125.0,0.0069242,8.274e-05,0.01194969
Original,Original,125.0,0.00801749,8.068e-05,0.01006289
Original,Original,125.0,0.00728863,2.292e-05,0.00314465
Original,Original,125.0,0.0069242,2.177e-05,0.00314465
Original,Original,125.0,0.00655977,2.888e-05,0.00440252
Original,Original,125.0,0.0069242,6.532e-05,0.00943396
Original,Original,125.0,0.00655977,7.014e-05,0.01069182
Original,Original,125.0,0.0058309,5.868e-05,0.01006289
Original,Original,125.0,0.00510204,1.925e-05,0.00377358
Original,Original,125.0,0.0069242,6.097e-05,0.00880503
Original,Original,125.0,0.00619534,5.455e-05,0.00880503
Original,Original,125.0,0.0069242,8.274e-05,0.01194969
Original,Original,125.0,0.00801749,5.042e-05,0.00628931
Original,Original,125.0,0.00619534,5.065e-05,0.0081761
Original,Original,125.0,0.00510204,4.171e-05,0.0081761
Original,Original,125.0,0.00655977,2.475e-05,0.00377358
Original,Original,125.0,0.00728863,1.834e-05,0.00251572
Original,Original,125.0,0.00619534,5.455e-05,0.00880503
Original,Original,125.0,0.00546647,5.157e-05,0.00943396
Original,Original,125.0,0.00509091,3.623e-05,0.00711744
Original,Original,125.0,0.00654545,5.435e-05,0.00830368
Original,Original,125.0,0.008,2.372e-05,0.0029656
Original,Original,125.0,0.00654545,5.823e-05,0.0088968
Original,Original,125.0,0.00618182,5.133e-05,0.00830368
Original,Original,125.0,0.00509091,3.623e-05,0.00711744
Original,Original,125.0,0.00654545,6.988e-05,0.01067616
Original,Original,125.0,0.00581818,5.521e-05,0.00948992
Original,Original,125.0,0.00654545,2.329e-05,0.00355872
Original,Original,125.0,0.00581818,2.761e-05,0.00474496
Original,Original,125.0,0.00545455,2.265e-05,0.00415184
Original,Original,125.0,0.00654545,7.376e-05,0.01126928
Original,Original,125.0,0.00763636,3.17e-05,0.00415184
Original,Original,125.0,0.00763636,3.17e-05,0.00415184
Original,Original,125.0,0.00690909,7.786e-05,0.01126928
Original,Original,125.0,0.00727273,7.333e-05,0.01008304
Original,Original,125.0,0.00654545,5.435e-05,0.00830368
Original,Original,125.0,0.00727273,2.157e-05,0.0029656
Original,Original,125.0,0.00690909,2.869e-05,0.00415184
Original,Original,125.0,0.00618182,5.866e-05,0.00948992
Original,Original,125.0,0.00690909,1.639e-05,0.00237248
Original,Original,125.0,0.00618182,5.866e-05,0.00948992
Original,Original,125.0,0.00690909,2.459e-05,0.00355872
Original,Original,125.0,0.00581818,6.212e-05,0.01067616
Original,Original,125.0,0.00690909,7.786e-05,0.01126928
Original,Original,125.0,0.00654545,5.047e-05,0.00771056
Original,Original,125.0,0.00618182,1.833e-05,0.0029656
Original,Original,125.0,0.00654545,6.988e-05,0.01067616
Original,Original,125.0,0.00654545,2.329e-05,0.00355872
Original,Original,125.0,0.00654545,3.494e-05,0.00533808
Original,Original,125.0,0.00472727,1.122e-05,0.00237248
Original,Original,125.0,0.00618182,1.833e-05,0.0029656
Original,Original,125.0,0.00690909,6.147e-05,0.0088968
Original,Original,125.0,0.00618182,4.767e-05,0.00771056
Original,Original,125.0,0.00581818,5.866e-05,0.01008304
Original,Original,125.0,0.00727273,4.745e-05,0.00652432
Original,Original,125.0,0.00727273,3.451e-05,0.00474496
Original,Original,125.0,0.00690909,4.098e-05,0.0059312
Original,Original,125.0,0.00727273,7.764e-05,0.01067616
Original,Original,125.0,0.00654545,6.212e-05,0.00948992
Original,Original,125.0,0.00581818,4.486e-05,0.00771056
Original,Original,125.0,0.00654545,5.047e-05,0.00771056
Original,Original,125.0,0.00727273,4.314e-05,0.0059312
Original,Original,125.0,0.00727273,6.902e-05,0.00948992
Original,Original,125.0,0.00472727,3.925e-05,0.00830368
Original,Original,125.0,0.00654545,3.106e-05,0.00474496
Original,Original,125.0,0.00836364,5.457e-05,0.00652432
Original,Original,125.0,0.00545455,5.176e-05,0.00948992
Original,Original,125.0,0.00581818,4.831e-05,0.00830368
Original,Original,125.0,0.00654545,5.047e-05,0.00771056
Original,Original,125.0,0.00654545,6.988e-05,0.01067616
Original,Original,125.0,0.00581818,5.866e-05,0.01008304
Original,Original,125.0,0.00763636,5.435e-05,0.00711744
Original,Original,125.0,0.00763636,3.17e-05,0.00415184
Original,Original,125.0,0.00690909,1.639e-05,0.00237248
Original,Original,125.0,0.00690909,5.737e-05,0.00830368
Original,Original,125.0,0.00618182,1.467e-05,0.00237248
Original,Original,125.0,0.00545455,1.941e-05,0.00355872
Original,Original,125.0,0.00581818,3.796e-05,0.00652432
Original,Original,125.0,0.00727273,2.588e-05,0.00355872
Original,Original,125.0,0.00545455,1.618e-05,0.0029656
Original,Original,125.0,0.00654545,3.494e-05,0.00533808
Original,Original,125.0,0.00618182,1.467e-05,0.00237248
Original,Original,125.0,0.00690909,2.459e-05,0.00355872
Original,Original,125.0,0.00654545,6.988e-05,0.01067616
Original,Original,125.0,0.00727273,4.314e-05,0.0059312
Original,Original,125.0,0.00545455,4.529e-05,0.00830368
Original,Original,125.0,0.00618182,4.033e-05,0.00652432
Original,Original,125.0,0.00581818,5.521e-05,0.00948992
Original,Original,125.0,0.00581818,5.176e-05,0.0088968
Original,Original,125.0,0.00654545,5.435e-05,0.00830368
Original,Original,125.0,0.00727273,4.745e-05,0.00652432
Original,Original,125.0,0.00545455,2.588e-05,0.00474496
Original,Original,125.0,0.00618182,3.3e-05,0.00533808
Original,Original,125.0,0.00654545,6.212e-05,0.00948992
Original,Original,125.0,0.00654545,2.718e-05,0.00415184
Original,Original,125.0,0.00545455,4.206e-05,0.00771056
Original,Original,125.0,0.00581818,3.106e-05,0.00533808
Original,Original,125.0,0.00618182,2.2e-05,0.00355872
Original,Original,125.0,0.00581818,6.212e-05,0.01067616
Original,Original,125.0,0.00690909,5.327e-05,0.00771056
Original,Original,125.0,0.00654545,1.553e-05,0.00237248
Original,Original,125.0,0.00690909,6.147e-05,0.0088968
Original,Original,125.0,0.00472727,3.925e-05,0.00830368
Original,Original,125.0,0.00581818,4.831e-05,0.00830368
Original,Original,125.0,0.00727273,2.588e-05,0.00355872
Original,Original,125.0,0.00763636,9.059e-05,0.0118624
Original,Original,125.0,0.00654545,6.988e-05,0.01067616
Original,Original,125.0,0.00727273,4.314e-05,0.0059312
Original,Original,125.0,0.008,3.321e-05,0.00415184
Original,Original,125.0,0.00654545,3.882e-05,0.0059312
Original,Original,125.0,0.00545455,5.176e-05,0.00948992
Original,Original,125.0,0.00618182,5.133e-05,0.00830368
Original,Original,125.0,0.00690909,2.869e-05,0.00415184
Original,Original,125.0,0.00654545,4.27e-05,0.00652432
Original,Original,125.0,0.00836364,2.976e-05,0.00355872
Original,Original,125.0,0.00509091,3.623e-05,0.00711744
Original,Original,125.0,0.00836364,5.457e-05,0.00652432
Original,Original,125.0,0.00690909,6.147e-05,0.0088968
Original,Original,125.0,0.00763636,1.359e-05,0.00177936
Original,Original,125.0,0.00545455,3.882e-05,0.00711744
Original,Original,125.0,0.00727273,4.745e-05,0.00652432
Original,Original,125.0,0.00763636,2.265e-05,0.0029656
Original,Original,125.0,0.00727273,4.745e-05,0.00652432
Original,Original,125.0,0.00690909,6.557e-05,0.00948992
Original,Original,125.0,0.00545455,5.176e-05,0.00948992
Original,Original,125.0,0.00472727,3.084e-05,0.00652432
Original,Original,125.0,0.00618182,5.866e-05,0.00948992
Original,Original,125.0,0.00509091,3.321e-05,0.00652432
Original,Original,125.0,0.00654545,3.494e-05,0.00533808
Original,Original,125.0,0.00654545,2.329e-05,0.00355872
Original,Original,125.0,0.00654545,4.659e-05,0.00711744
Original,Original,125.0,0.00727273,3.451e-05,0.00474496
Original,Original,125.0,0.00545455,4.853e-05,0.0088968
Original,Original,125.0,0.00581818,3.796e-05,0.00652432
Original,Original,125.0,0.00654545,3.494e-05,0.00533808
Original,Original,125.0,0.00472727,1.402e-05,0.0029656
Original,Original,125.0,0.00654545,7.376e-05,0.01126928
Original,Original,125.0,0.00581818,4.831e-05,0.00830368
Original,Original,125.0,0.00545455,2.265e-05,0.00415184
Original,Original,125.0,0.00581818,4.141e-05,0.00711744
Original,Original,125.0,0.008,1.898e-05,0.00237248
Original,Original,125.0,0.00618182,1.467e-05,0.00237248
Original,Original,125.0,0.00581818,2.761e-05,0.00474496
Original,Original,125.0,0.00654545,7.764e-05,0.0118624
Original,Original,125.0,0.00618182,1.833e-05,0.0029656
Original,Original,125.0,0.00763636,6.341e-05,0.00830368
Original,Original,125.0,0.00690909,5.737e-05,0.00830368
Original,Original,125.0,0.00581818,5.521e-05,0.00948992
Original,Original,125.0,0.00690909,6.966e-05,0.01008304
Original,Original,125.0,0.00654545,1.941e-05,0.0029656
Original,Original,125.0,0.00690909,5.327e-05,0.00771056
Original,Original,125.0,0.00654545,3.106e-05,0.00474496
Original,Original,125.0,0.00545455,3.559e-05,0.00652432
Original,Original,125.0,0.00727273,7.764e-05,0.01067616
Original,Original,125.0,0.00581818,5.521e-05,0.00948992
Original,Original,125.0,0.00690909,1.229e-05,0.00177936
Original,Original,125.0,0.00654545,5.435e-05,0.00830368
Original,Original,125.0,0.00654545,6.988e-05,0.01067616
Original,Original,125.0,0.00654545,3.882e-05,0.0059312
Original,Original,125.0,0.00581818,5.521e-05,0.00948992
Original,Original,125.0,0.00581818,5.176e-05,0.0088968
Original,Original,125.0,0.00727273,2.588e-05,0.00355872
Original,Original,125.0,0.00763636,5.435e-05,0.00711744
Original,Original,125.0,0.00654545,5.823e-05,0.0088968
Original,Original,125.0,0.00654545,6.6e-05,0.01008304
Original,Original,125.0,0.00690909,7.786e-05,0.01126928
Original,Original,125.0,0.00690909,2.459e-05,0.00355872
Original,Original,125.0,0.00727273,1.725e-05,0.00237248
Original,Original,125.0,0.00654545,5.047e-05,0.00771056
Original,Original,125.0,0.00581818,2.071e-05,0.00355872
Original,Original,125.0,0.00690909,2.459e-05,0.00355872
Original,Original,125.0,0.00472727,1.682e-05,0.00355872
Original,Original,125.0,0.00618182,5.133e-05,0.00830368
Original,Original,125.0,0.00581818,4.141e-05,0.00711744
Original,Original,125.0,0.00581818,1.38e-05,0.00237248
Original,Original,125.0,0.00690909,4.918e-05,0.00711744
Original,Original,125.0,0.00545455,5.176e-05,0.00948992
Original,Original,125.0,0.00509091,1.51e-05,0.0029656
Original,Original,125.0,0.00727273,4.745e-05,0.00652432
Original,Original,125.0,0.00763636,7.247e-05,0.00948992
Original,Original,125.0,0.00654545,4.27e-05,0.00652432
Original,Original,125.0,0.00654545,1.553e-05,0.00237248
Original,Original,125.0,0.00618182,5.5e-05,0.0088968
Original,Original,125.0,0.00690909,5.327e-05,0.00771056
Original,Original,125.0,0.00690909,8.196e-05,0.0118624
Original,Original,125.0,0.008,5.219e-05,0.00652432
Original,Original,125.0,0.00581818,4.486e-05,0.00771056
Original,Original,125.0,0.00618182,4.033e-05,0.00652432
Original,Original,125.0,0.00654545,7.376e-05,0.01126928
Original,Original,125.0,0.00618182,4.4e-05,0.00711744
Original,Original,125.0,0.00690909,7.786e-05,0.01126928
Original,Original,125.0,0.00727273,3.451e-05,0.00474496
Original,Original,125.0,0.008,5.694e-05,0.00711744
Original,Original,125.0,0.00654545,1.553e-05,0.00237248
Original,Original,125.0,0.00618182,5.866e-05,0.00948992
Original,Original,125.0,0.00727273,1.725e-05,0.00237248
Original,Original,125.0,0.00654545,5.435e-05,0.00830368
Original,Original,125.0,0.00545455,1.618e-05,0.0029656
Original,Original,125.0,0.00763636,1.812e-05,0.00237248
Original,Original,125.0,0.00654545,1.553e-05,0.00237248
Original,Original,125.0,0.008,5.219e-05,0.00652432
Original,Original,125.0,0.00763636,1.359e-05,0.00177936
Original,Original,125.0,0.00690909,5.737e-05,0.00830368
Original,Original,125.0,0.00690909,2.869e-05,0.00415184
Original,Original,125.0,0.00618182,4.767e-05,0.00771056
Original,Original,125.0,0.00545455,1.618e-05,0.0029656
Original,Original,125.0,0.00581818,4.831e-05,0.00830368
Original,Original,125.0,0.00727273,6.47e-05,0.0088968
Original,Original,125.0,0.00654545,4.27e-05,0.00652432
Original,Original,125.0,0.00763636,1.812e-05,0.00237248
Original,Original,125.0,0.00581818,5.176e-05,0.0088968
Original,Original,125.0,0.00654545,4.27e-05,0.00652432
Original,Original,125.0,0.00836364,3.969e-05,0.00474496
Original,Original,125.0,0.00763636,2.718e-05,0.00355872
Original,Original,125.0,0.00909091,3.235e-05,0.00355872
Original,Original,125.0,0.00690909,3.278e-05,0.00474496
Original,Original,125.0,0.00618182,2.933e-05,0.00474496
Original,Original,125.0,0.00654545,5.435e-05,0.00830368
Original,Original,125.0,0.00509091,1.51e-05,0.0029656
Original,Original,150.0,0.0058309,2.567e-05,0.00440252
Original,Original,150.0,0.00510204,3.851e-05,0.00754717
Original,Original,150.0,0.00473761,2.682e-05,0.00566038
Original,Original,150.0,0.00473761,2.682e-05,0.00566038
Original,Original,150.0,0.00437318,1.65e-05,0.00377358
Original,Original,150.0,0.00400875,3.53e-05,0.00880503
Original,Original,150.0,0.0058309,1.467e-05,0.00251572
Original,Original,150.0,0.00473761,3.874e-05,0.0081761
Original,Original,150.0,0.00437318,1.65e-05,0.00377358
Original,Original,150.0,0.0058309,1.834e-05,0.00314465
Original,Original,150.0,0.00473761,3.278e-05,0.00691824
Original,Original,150.0,0.00473761,2.98e-05,0.00628931
Original,Original,150.0,0.00400875,1.008e-05,0.00251572
Original,Original,150.0,0.00400875,1.008e-05,0.00251572
Original,Original,150.0,0.00473761,2.98e-05,0.00628931
Original,Original,150.0,0.00546647,3.438e-05,0.00628931
Original,Original,150.0,0.00400875,3.025e-05,0.00754717
Original,Original,150.0,0.00546647,4.469e-05,0.0081761
Original,Original,150.0,0.00473761,3.278e-05,0.00691824
Original,Original,150.0,0.00327988,2.063e-05,0.00628931
Original,Original,150.0,0.00473761,3.874e-05,0.0081761
Original,Original,150.0,0.00473761,1.192e-05,0.00251572
Original,Original,150.0,0.00473761,3.874e-05,0.0081761
Original,Original,150.0,0.00546647,3.438e-05,0.00628931
Original,Original,150.0,0.00437318,2.475e-05,0.00566038
Original,Original,150.0,0.00473761,3.874e-05,0.0081761
Original,Original,150.0,0.00400875,2.773e-05,0.00691824
Original,Original,150.0,0.00400875,1.008e-05,0.00251572
Original,Original,150.0,0.00510204,1.604e-05,0.00314465
Original,Original,150.0,0.00473761,3.278e-05,0.00691824
Original,Original,150.0,0.00400875,2.773e-05,0.00691824
Original,Original,150.0,0.00510204,2.567e-05,0.00503145
Original,Original,150.0,0.00473761,1.49e-05,0.00314465
Original,Original,150.0,0.00473761,2.086e-05,0.00440252
Original,Original,150.0,0.00400875,2.269e-05,0.00566038
Original,Original,150.0,0.00510204,4.171e-05,0.0081761
Original,Original,150.0,0.00473761,2.086e-05,0.00440252
Original,Original,150.0,0.00546647,2.063e-05,0.00377358
Original,Original,150.0,0.00473761,2.98e-05,0.00628931
Original,Original,150.0,0.00437318,3.025e-05,0.00691824
Original,Original,150.0,0.00327988,8.25e-06,0.00251572
Original,Original,150.0,0.00400875,2.269e-05,0.00566038
Original,Original,150.0,0.00510204,2.888e-05,0.00566038
Original,Original,150.0,0.00364431,1.375e-05,0.00377358
Original,Original,150.0,0.00364431,9.17e-06,0.00251572
Original,Original,150.0,0.00473761,3.278e-05,0.00691824
Original,Original,150.0,0.00437318,2.75e-05,0.00628931
Original,Original,150.0,0.00473761,2.682e-05,0.00566038
Original,Original,150.0,0.00473761,3.874e-05,0.0081761
Original,Original,150.0,0.00473761,3.278e-05,0.00691824
Original,Original,150.0,0.00437318,2.2e-05,0.00503145
Original,Original,150.0,0.0058309,1.467e-05,0.00251572
Original,Original,150.0,0.00510204,4.813e-05,0.00943396
Original,Original,150.0,0.00473761,2.384e-05,0.00503145
Original,Original,150.0,0.00655977,2.475e-05,0.00377358
Original,Original,150.0,0.00510204,2.246e-05,0.00440252
Original,Original,150.0,0.00510204,4.813e-05,0.00943396
Original,Original,150.0,0.00510204,2.567e-05,0.00503145
Original,Original,150.0,0.00510204,2.888e-05,0.00566038
Original,Original,150.0,0.00546647,6.88e-06,0.00125786
Original,Original,150.0,0.00364431,9.17e-06,0.00251572
Original,Original,150.0,0.00546647,2.75e-05,0.00503145
Original,Original,150.0,0.00473761,3.874e-05,0.0081761
Original,Original,150.0,0.00546647,2.063e-05,0.00377358
Original,Original,150.0,0.00473761,3.576e-05,0.00754717
Original,Original,150.0,0.00473761,2.682e-05,0.00566038
Original,Original,150.0,0.00400875,1.261e-05,0.00314465
Original,Original,150.0,0.0058309,5.868e-05,0.01006289
Original,Original,150.0,0.00400875,3.278e-05,0.0081761
Original,Original,150.0,0.00510204,2.888e-05,0.00566038
Original,Original,150.0,0.00473761,3.576e-05,0.00754717
Original,Original,150.0,0.00473761,2.384e-05,0.00503145
Original,Original,150.0,0.00510204,3.209e-05,0.00628931
Original,Original,150.0,0.00510204,3.851e-05,0.00754717
Original,Original,150.0,0.00437318,1.925e-05,0.00440252
Original,Original,150.0,0.00400875,1.008e-05,0.00251572
Original,Original,150.0,0.00400875,7.56e-06,0.00188679
Original,Original,150.0,0.00510204,4.492e-05,0.00880503
Original,Original,150.0,0.00655977,1.65e-05,0.00251572
Original,Original,150.0,0.00546647,3.094e-05,0.00566038
Original,Original,150.0,0.00473761,3.278e-05,0.00691824
Original,Original,150.0,0.00400875,2.269e-05,0.00566038
Original,Original,150.0,0.00510204,3.209e-05,0.00628931
Original,Original,150.0,0.00510204,3.209e-05,0.00628931
Original,Original,150.0,0.00510204,1.284e-05,0.00251572
Original,Original,150.0,0.00473761,3.576e-05,0.00754717
Original,Original,150.0,0.0058309,2.934e-05,0.00503145
Original,Original,150.0,0.00546647,2.407e-05,0.00440252
Original,Original,150.0,0.00473761,4.171e-05,0.00880503
Original,Original,150.0,0.00546647,4.813e-05,0.00880503
Original,Original,150.0,0.00619534,1.559e-05,0.00251572
Original,Original,150.0,0.00655977,2.063e-05,0.00314465
Original,Original,150.0,0.00510204,3.851e-05,0.00754717
Original,Original,150.0,0.00546647,3.438e-05,0.00628931
Original,Original,150.0,0.00400875,3.025e-05,0.00754717
Original,Original,150.0,0.00473761,8.94e-06,0.00188679
Original,Original,150.0,0.0058309,5.134e-05,0.00880503
Original,Original,150.0,0.00437318,2.75e-05,0.00628931
Original,Original,150.0,0.00437318,2.75e-05,0.00628931
Original,Original,150.0,0.00546647,1.719e-05,0.00314465
Original,Original,150.0,0.00473761,4.171e-05,0.00880503
Original,Original,150.0,0.00510204,4.813e-05,0.00943396
Original,Original,150.0,0.00546647,3.438e-05,0.00628931
Original,Original,150.0,0.0058309,3.667e-05,0.00628931
Original,Original,150.0,0.0058309,2.2e-05,0.00377358
Original,Original,150.0,0.00655977,5.776e-05,0.00880503
Original,Original,150.0,0.00546647,4.469e-05,0.0081761
Original,Original,150.0,0.0058309,3.301e-05,0.00566038
Original,Original,150.0,0.00546647,5.157e-05,0.00943396
Original,Original,150.0,0.00510204,3.209e-05,0.00628931
Original,Original,150.0,0.00546647,2.407e-05,0.00440252
Original,Original,150.0,0.0069242,3.048e-05,0.00440252
Original,Original,150.0,0.00619534,2.338e-05,0.00377358
Original,Original,150.0,0.00546647,5.157e-05,0.00943396
Original,Original,150.0,0.00510204,4.492e-05,0.00880503
Original,Original,150.0,0.0058309,2.567e-05,0.00440252
Original,Original,150.0,0.00619534,1.169e-05,0.00188679
Original,Original,150.0,0.00437318,8.25e-06,0.00188679
Original,Original,150.0,0.00364431,9.17e-06,0.00251572
Original,Original,150.0,0.0058309,2.567e-05,0.00440252
Original,Original,150.0,0.00473761,3.278e-05,0.00691824
Original,Original,150.0,0.00728863,5.501e-05,0.00754717
Original,Original,150.0,0.00546647,4.126e-05,0.00754717
Original,Original,150.0,0.00510204,1.604e-05,0.00314465
Original,Original,150.0,0.00510204,4.492e-05,0.00880503
Original,Original,150.0,0.00655977,3.713e-05,0.00566038
Original,Original,150.0,0.0058309,2.567e-05,0.00440252
Original,Original,150.0,0.0058309,5.868e-05,0.01006289
Original,Original,150.0,0.00437318,1.65e-05,0.00377358
Original,Original,150.0,0.00473761,1.788e-05,0.00377358
Original,Original,150.0,0.0058309,2.567e-05,0.00440252
Original,Original,150.0,0.00437318,1.65e-05,0.00377358
Original,Original,150.0,0.00510204,1.604e-05,0.00314465
Original,Original,150.0,0.0058309,3.667e-05,0.00628931
Original,Original,150.0,0.00655977,2.475e-05,0.00377358
Original,Original,150.0,0.00546647,2.75e-05,0.00503145
Original,Original,150.0,0.00546647,1.719e-05,0.00314465
Original,Original,150.0,0.0058309,2.2e-05,0.00377358
Original,Original,150.0,0.00619534,5.065e-05,0.0081761
Original,Original,150.0,0.00546647,3.094e-05,0.00566038
Original,Original,150.0,0.00473761,1.49e-05,0.00314465
Original,Original,150.0,0.00510204,2.888e-05,0.00566038
Original,Original,150.0,0.00546647,3.438e-05,0.00628931
Original,Original,150.0,0.0058309,4.767e-05,0.0081761
Original,Original,150.0,0.00437318,3.576e-05,0.0081761
Original,Original,150.0,0.0058309,1.834e-05,0.00314465
Original,Original,150.0,0.0058309,3.301e-05,0.00566038
Original,Original,150.0,0.00655977,2.888e-05,0.00440252
Original,Original,150.0,0.00619534,3.117e-05,0.00503145
Original,Original,150.0,0.00400875,3.278e-05,0.0081761
Original,Original,150.0,0.00619534,1.559e-05,0.00251572
Original,Original,150.0,0.0058309,1.467e-05,0.00251572
Original,Original,150.0,0.00510204,3.53e-05,0.00691824
Original,Original,150.0,0.00510204,4.171e-05,0.0081761
Original,Original,150.0,0.00510204,2.246e-05,0.00440252
Original,Original,150.0,0.00546647,3.782e-05,0.00691824
Original,Original,150.0,0.0058309,5.501e-05,0.00943396
Original,Original,150.0,0.0058309,2.567e-05,0.00440252
Original,Original,150.0,0.00437318,1.925e-05,0.00440252
Original,Original,150.0,0.00546647,1.719e-05,0.00314465
Original,Original,150.0,0.0058309,5.868e-05,0.01006289
Original,Original,150.0,0.0058309,5.501e-05,0.00943396
Original,Original,150.0,0.00546647,1.719e-05,0.00314465
Original,Original,150.0,0.00510204,3.851e-05,0.00754717
Original,Original,150.0,0.00546647,4.469e-05,0.0081761
Original,Original,150.0,0.00473761,2.682e-05,0.00566038
Original,Original,150.0,0.0058309,3.667e-05,0.00628931
Original,Original,150.0,0.00546647,5.157e-05,0.00943396
Original,Original,150.0,0.0058309,5.134e-05,0.00880503
Original,Original,150.0,0.00437318,2.475e-05,0.00566038
Original,Original,150.0,0.00473761,3.278e-05,0.00691824
Original,Original,150.0,0.00619534,2.728e-05,0.00440252
Original,Original,150.0,0.0058309,3.301e-05,0.00566038
Original,Original,150.0,0.00546647,5.501e-05,0.01006289
Original,Original,150.0,0.00619534,3.117e-05,0.00503145
Original,Original,150.0,0.00546647,4.813e-05,0.00880503
Original,Original,150.0,0.00473761,3.278e-05,0.00691824
Original,Original,150.0,0.0069242,3.484e-05,0.00503145
Original,Original,150.0,0.00546647,4.813e-05,0.00880503
Original,Original,150.0,0.0058309,1.467e-05,0.00251572
Original,Original,150.0,0.0058309,3.667e-05,0.00628931
Original,Original,150.0,0.0069242,1.306e-05,0.00188679
Original,Original,150.0,0.00473761,2.086e-05,0.00440252
Original,Original,150.0,0.00437318,3.025e-05,0.00691824
Original,Original,150.0,0.00546647,5.157e-05,0.00943396
Original,Original,150.0,0.00655977,1.238e-05,0.00188679
Original,Original,150.0,0.00510204,1.604e-05,0.00314465
Original,Original,150.0,0.00437318,3.576e-05,0.0081761
Original,Original,150.0,0.00473761,1.49e-05,0.00314465
Original,Original,150.0,0.00473761,3.278e-05,0.00691824
Original,Original,150.0,0.00619534,3.896e-05,0.00628931
Original,Original,150.0,0.00473761,4.171e-05,0.00880503
Original,Original,150.0,0.00437318,3.301e-05,0.00754717
Original,Original,150.0,0.0058309,2.2e-05,0.00377358
Original,Original,150.0,0.00546647,2.75e-05,0.00503145
Original,Original,150.0,0.00655977,3.301e-05,0.00503145
Original,Original,150.0,0.00655977,5.776e-05,0.00880503
Original,Original,150.0,0.00510204,9.63e-06,0.00188679
Original,Original,150.0,0.00546647,2.75e-05,0.00503145
Original,Original,150.0,0.0058309,3.667e-05,0.00628931
Original,Original,150.0,0.00655977,2.475e-05,0.00377358
Original,Original,150.0,0.00510204,4.813e-05,0.00943396
Original,Original,150.0,0.00510204,1.925e-05,0.00377358
Original,Original,150.0,0.00437318,3.025e-05,0.00691824
Original,Original,150.0,0.00473761,1.49e-05,0.00314465
Original,Original,150.0,0.0058309,2.567e-05,0.00440252
Original,Original,150.0,0.0058309,2.567e-05,0.00440252
Original,Original,150.0,0.00655977,2.888e-05,0.00440252
Original,Original,150.0,0.00546647,2.063e-05,0.00377358
Original,Original,150.0,0.00546647,1.719e-05,0.00314465
Original,Original,150.0,0.00510204,3.53e-05,0.00691824
Original,Original,150.0,0.00473761,2.98e-05,0.00628931
Original,Original,150.0,0.00510204,2.567e-05,0.00503145
Original,Original,150.0,0.0058309,4.034e-05,0.00691824
Original,Original,150.0,0.00546647,5.157e-05,0.00943396
Original,Original,150.0,0.0058309,4.401e-05,0.00754717
Original,Original,150.0,0.00546647,4.126e-05,0.00754717
Original,Original,150.0,0.00619534,1.559e-05,0.00251572
Original,Original,150.0,0.0058309,2.2e-05,0.00377358
Original,Original,150.0,0.00510204,1.284e-05,0.00251572
Original,Original,150.0,0.00546647,4.813e-05,0.00880503
Original,Original,150.0,0.00619534,1.559e-05,0.00251572
Original,Original,150.0,0.0058309,4.034e-05,0.00691824
Original,Original,150.0,0.00510204,3.53e-05,0.00691824
Original,Original,150.0,0.0058309,1.467e-05,0.00251572
Original,Original,150.0,0.0058309,1.467e-05,0.00251572
Original,Original,150.0,0.0058309,3.667e-05,0.00628931
Original,Original,150.0,0.00473761,3.874e-05,0.0081761
Original,Original,150.0,0.0069242,4.79e-05,0.00691824
Original,Original,150.0,0.00619534,4.676e-05,0.00754717
Original,Original,150.0,0.00546647,4.469e-05,0.0081761
Original,Original,150.0,0.00437318,3.301e-05,0.00754717
Original,Original,150.0,0.00437318,3.301e-05,0.00754717
Original,Original,150.0,0.00546647,3.782e-05,0.00691824
Original,Original,150.0,0.0058309,3.667e-05,0.00628931
Original,Original,150.0,0.00510204,3.209e-05,0.00628931
Original,Original,150.0,0.00510204,4.171e-05,0.0081761
Original,Original,150.0,0.0058309,6.234e-05,0.01069182
Original,Original,150.0,0.00546647,4.469e-05,0.0081761
Original,Original,150.0,0.0058309,5.134e-05,0.00880503
Original,Original,150.0,0.0058309,4.401e-05,0.00754717
Original,Original,150.0,0.00546647,3.438e-05,0.00628931
Original,Original,150.0,0.00655977,7.014e-05,0.01069182
Original,Original,150.0,0.00437318,2.75e-05,0.00628931
Original,Original,150.0,0.00473761,3.874e-05,0.0081761
Original,Original,150.0,0.0058309,4.767e-05,0.0081761
Original,Original,150.0,0.00546647,2.75e-05,0.00503145
Original,Original,150.0,0.00546647,3.782e-05,0.00691824
Original,Original,150.0,0.00437318,3.301e-05,0.00754717
Original,Original,150.0,0.00546647,1.031e-05,0.00188679
Original,Original,150.0,0.0058309,3.667e-05,0.00628931
Original,Original,150.0,0.00473761,8.94e-06,0.00188679
Original,Original,150.0,0.00546647,3.094e-05,0.00566038
Original,Original,150.0,0.00473761,2.682e-05,0.00566038
Original,Original,150.0,0.0058309,1.467e-05,0.00251572
Original,Original,150.0,0.00655977,4.538e-05,0.00691824
Original,Original,150.0,0.0069242,2.613e-05,0.00377358
Original,Original,150.0,0.00546647,1.375e-05,0.00251572
Original,Original,150.0,0.00510204,9.63e-06,0.00188679
Original,Original,150.0,0.00546647,1.031e-05,0.00188679
Original,Original,150.0,0.00655977,2.475e-05,0.00377358
Original,Original,150.0,0.0058309,3.667e-05,0.00628931
Original,Original,150.0,0.00510204,3.851e-05,0.00754717
Original,Original,150.0,0.00619534,5.455e-05,0.00880503
Original,Original,150.0,0.00510204,1.284e-05,0.00251572
Original,Original,150.0,0.0058309,5.134e-05,0.00880503
Original,Original,150.0,0.0058309,6.234e-05,0.01069182
Original,Original,150.0,0.0058309,2.567e-05,0.00440252
Original,Original,150.0,0.00437318,3.025e-05,0.00691824
Original,Original,150.0,0.0058309,2.934e-05,0.00503145
Original,Original,150.0,0.00546647,5.501e-05,0.01006289
Original,Original,150.0,0.00655977,3.301e-05,0.00503145
Original,Original,150.0,0.00473761,3.874e-05,0.0081761
Original,Original,150.0,0.0058309,5.134e-05,0.00880503
Original,Original,150.0,0.00546647,5.157e-05,0.00943396
Original,Original,150.0,0.00546647,4.813e-05,0.00880503
Original,Original,150.0,0.0058309,5.134e-05,0.00880503
Original,Original,150.0,0.00437318,2.75e-05,0.00628931
Original,Original,150.0,0.00437318,2.75e-05,0.00628931
Original,Original,150.0,0.00510204,9.63e-06,0.00188679
Original,Original,150.0,0.00619534,3.896e-05,0.00628931
Original,Original,150.0,0.0058309,2.567e-05,0.00440252
Original,Original,150.0,0.00510204,4.492e-05,0.00880503
Original,Original,150.0,0.00437318,3.301e-05,0.00754717
Original,Original,150.0,0.00546647,2.063e-05,0.00377358
Original,Original,150.0,0.0058309,1.467e-05,0.00251572
Original,Original,150.0,0.00400875,1.765e-05,0.00440252
Original,Original,150.0,0.00655977,2.475e-05,0.00377358
Original,Original,150.0,0.00546647,1.031e-05,0.00188679
Original,Original,150.0,0.00473761,3.278e-05,0.00691824
Original,Original,150.0,0.00655977,1.65e-05,0.00251572
Original,Original,150.0,0.0069242,3.484e-05,0.00503145
Original,Original,150.0,0.00437318,3.576e-05,0.0081761
Original,Original,150.0,0.00473761,8.94e-06,0.00188679
Original,Original,150.0,0.0058309,5.868e-05,0.01006289
Original,Original,150.0,0.0058309,3.301e-05,0.00566038
Original,Original,150.0,0.00437318,2.475e-05,0.00566038
Original,Original,150.0,0.00510204,3.53e-05,0.00691824
Original,Original,150.0,0.00510204,1.925e-05,0.00377358
Original,Original,150.0,0.0058309,3.667e-05,0.00628931
Original,Original,150.0,0.00546647,5.501e-05,0.01006289
Original,Original,150.0,0.0058309,5.134e-05,0.00880503
Original,Original,150.0,0.00437318,2.475e-05,0.00566038
Original,Original,150.0,0.00473761,3.874e-05,0.0081761
Original,Original,150.0,0.00655977,2.475e-05,0.00377358
Original,Original,150.0,0.0058309,4.034e-05,0.00691824
Original,Original,150.0,0.0058309,2.2e-05,0.00377358
Original,Original,150.0,0.0058309,3.667e-05,0.00628931
Original,Original,150.0,0.00510204,4.492e-05,0.00880503
Original,Original,150.0,0.00546647,4.813e-05,0.00880503
Original,Original,150.0,0.00437318,3.301e-05,0.00754717
Original,Original,150.0,0.00546647,3.782e-05,0.00691824
Original,Original,150.0,0.00400875,2.521e-05,0.00628931
Original,Original,150.0,0.00510204,3.851e-05,0.00754717
Original,Original,150.0,0.00437318,1.65e-05,0.00377358
Original,Original,150.0,0.0058309,5.868e-05,0.01006289
Original,Original,150.0,0.00473761,2.98e-05,0.00628931
Original,Original,150.0,0.00546647,4.126e-05,0.00754717
Original,Original,150.0,0.0058309,5.501e-05,0.00943396
Original,Original,150.0,0.00510204,2.246e-05,0.00440252
Original,Original,150.0,0.00473761,3.278e-05,0.00691824
Original,Original,150.0,0.00728863,5.501e-05,0.00754717
Original,Original,150.0,0.0058309,5.501e-05,0.00943396
Original,Original,150.0,0.00473761,3.874e-05,0.0081761
Original,Original,150.0,0.00510204,4.171e-05,0.0081761
Original,Original,150.0,0.0058309,5.868e-05,0.01006289
Original,Original,150.0,0.0058309,2.567e-05,0.00440252
Original,Original,150.0,0.00655977,3.713e-05,0.00566038
Original,Original,150.0,0.00510204,2.888e-05,0.00566038
Original,Original,150.0,0.00510204,2.888e-05,0.00566038
Original,Original,150.0,0.0058309,5.501e-05,0.00943396
Original,Original,150.0,0.00437318,1.375e-05,0.00314465
Original,Original,150.0,0.0058309,4.767e-05,0.0081761
Original,Original,150.0,0.00546647,5.157e-05,0.00943396
Original,Original,150.0,0.00510204,4.492e-05,0.00880503
Original,Original,150.0,0.0058309,1.834e-05,0.00314465
Original,Original,150.0,0.00546647,4.126e-05,0.00754717
Original,Original,150.0,0.00510204,9.63e-06,0.00188679
Original,Original,150.0,0.0069242,4.79e-05,0.00691824
Original,Original,150.0,0.00437318,1.65e-05,0.00377358
Original,Original,150.0,0.00546647,2.063e-05,0.00377358
Original,Original,150.0,0.00510204,2.888e-05,0.00566038
Original,Original,150.0,0.00619534,3.117e-05,0.00503145
Original,Original,150.0,0.00510204,3.851e-05,0.00754717
Original,Original,150.0,0.00400875,2.269e-05,0.00566038
Original,Original,150.0,0.0058309,5.868e-05,0.01006289
Original,Original,150.0,0.0058309,2.567e-05,0.00440252
Original,Original,150.0,0.00546647,1.719e-05,0.00314465
Original,Original,150.0,0.00655977,3.713e-05,0.00566038
Original,Original,150.0,0.0058309,2.934e-05,0.00503145
Original,Original,150.0,0.00619534,1.559e-05,0.00251572
Original,Original,150.0,0.0069242,3.484e-05,0.00503145
Original,Original,150.0,0.00546647,3.094e-05,0.00566038
Original,Original,150.0,0.00546647,3.438e-05,0.00628931
Original,Original,150.0,0.00546647,3.782e-05,0.00691824
Original,Original,150.0,0.00546647,5.157e-05,0.00943396
Original,Original,150.0,0.0058309,2.2e-05,0.00377358
Original,Original,150.0,0.00619534,1.169e-05,0.00188679
Original,Original,150.0,0.00546647,2.407e-05,0.00440252
Original,Original,150.0,0.0058309,5.868e-05,0.01006289
Original,Original,150.0,0.00655977,3.301e-05,0.00503145
Original,Original,150.0,0.00473761,3.874e-05,0.0081761
Original,Original,150.0,0.00619534,5.065e-05,0.0081761
Original,Original,150.0,0.00619534,1.559e-05,0.00251572
Original,Original,150.0,0.0058309,1.834e-05,0.00314465
Original,Original,150.0,0.00619534,5.455e-05,0.00880503
Original,Original,150.0,0.00546647,5.501e-05,0.01006289
Original,Original,150.0,0.0058309,4.401e-05,0.00754717
Original,Original,150.0,0.00619534,4.286e-05,0.00691824
Original,Original,150.0,0.0058309,1.1e-05,0.00188679
Original,Original,150.0,0.00437318,8.25e-06,0.00188679
Original,Original,150.0,0.00619534,4.676e-05,0.00754717
Original,Original,150.0,0.00473761,3.576e-05,0.00754717
Original,Original,150.0,0.00619534,5.455e-05,0.00880503
Original,Original,150.0,0.00437318,1.65e-05,0.00377358
Original,Original,150.0,0.00655977,2.888e-05,0.00440252
Original,Original,150.0,0.00546647,5.157e-05,0.00943396
Original,Original,150.0,0.00473761,8.94e-06,0.00188679
Original,Original,150.0,0.00619534,1.559e-05,0.00251572
Original,Original,150.0,0.00400875,2.521e-05,0.00628931
Original,Original,150.0,0.0058309,3.301e-05,0.00566038
Original,Original,150.0,0.00327988,2.475e-05,0.00754717
Original,Original,150.0,0.00473761,1.192e-05,0.00251572
Original,Original,150.0,0.00546647,4.126e-05,0.00754717
Original,Original,150.0,0.00400875,1.008e-05,0.00251572
Original,Original,150.0,0.00473761,3.278e-05,0.00691824
Original,Original,150.0,0.0058309,2.934e-05,0.00503145
Original,Original,150.0,0.00546647,2.407e-05,0.00440252
Original,Original,150.0,0.00546647,4.469e-05,0.0081761
Original,Original,150.0,0.00546647,3.782e-05,0.00691824
Original,Original,150.0,0.00473761,2.682e-05,0.00566038
Original,Original,150.0,0.00510204,4.492e-05,0.00880503
Original,Original,150.0,0.00546647,4.469e-05,0.0081761
Original,Original,150.0,0.00655977,1.65e-05,0.00251572
Original,Original,150.0,0.00400875,1.513e-05,0.00377358
Original,Original,150.0,0.00473761,3.874e-05,0.0081761
Original,Original,150.0,0.00510204,2.246e-05,0.00440252
Original,Original,150.0,0.00437318,1.65e-05,0.00377358
Original,Original,150.0,0.00473761,1.788e-05,0.00377358
Original,Original,150.0,0.00765306,1.925e-05,0.00251572
Original,Original,150.0,0.0043573,3.182e-05,0.00730337
Original,Original,150.0,0.00472041,2.122e-05,0.00449438
Original,Original,150.0,0.00508351,3.427e-05,0.00674157
Original,Original,150.0,0.00508351,3.141e-05,0.00617978
Original,Original,150.0,0.00544662,3.06e-05,0.00561798
Original,Original,150.0,0.00508351,3.427e-05,0.00674157
Original,Original,150.0,0.00399419,2.693e-05,0.00674157
Original,Original,150.0,0.00544662,3.978e-05,0.00730337
Original,Original,150.0,0.00617284,4.161e-05,0.00674157
Original,Original,150.0,0.00544662,3.06e-05,0.00561798
Original,Original,150.0,0.00544662,1.224e-05,0.00224719
Original,Original,150.0,0.00508351,3.141e-05,0.00617978
Original,Original,150.0,0.0043573,2.448e-05,0.00561798
Original,Original,150.0,0.00580973,1.632e-05,0.00280899
Original,Original,150.0,0.00580973,2.938e-05,0.00505618
Original,Original,150.0,0.00508351,3.713e-05,0.00730337
Original,Original,150.0,0.00508351,3.141e-05,0.00617978
Original,Original,150.0,0.00508351,3.998e-05,0.00786517
Original,Original,150.0,0.00326797,2.203e-05,0.00674157
Original,Original,150.0,0.00363108,1.428e-05,0.00393258
Original,Original,150.0,0.00472041,3.182e-05,0.00674157
Original,Original,150.0,0.00363108,1.428e-05,0.00393258
Original,Original,150.0,0.00653595,1.836e-05,0.00280899
Original,Original,150.0,0.00508351,2.57e-05,0.00505618
Original,Original,150.0,0.00472041,2.652e-05,0.00561798
Original,Original,150.0,0.00653595,3.672e-05,0.00561798
Original,Original,150.0,0.00508351,3.427e-05,0.00674157
Original,Original,150.0,0.00399419,2.693e-05,0.00674157
Original,Original,150.0,0.00399419,2.693e-05,0.00674157
Original,Original,150.0,0.00508351,2.856e-05,0.00561798
Original,Original,150.0,0.00508351,3.713e-05,0.00730337
Original,Original,150.0,0.00472041,3.447e-05,0.00730337
Original,Original,150.0,0.00508351,2.285e-05,0.00449438
Original,Original,150.0,0.0043573,2.693e-05,0.00617978
Original,Original,150.0,0.00544662,2.448e-05,0.00449438
Original,Original,150.0,0.00544662,4.284e-05,0.00786517
Original,Original,150.0,0.0043573,3.427e-05,0.00786517
Original,Original,150.0,0.0043573,3.182e-05,0.00730337
Original,Original,150.0,0.0043573,2.203e-05,0.00505618
Original,Original,150.0,0.00580973,2.285e-05,0.00393258
Original,Original,150.0,0.00544662,1.224e-05,0.00224719
Original,Original,150.0,0.00508351,3.998e-05,0.00786517
Original,Original,150.0,0.00472041,2.122e-05,0.00449438
Original,Original,150.0,0.00580973,1.306e-05,0.00224719
Original,Original,150.0,0.00399419,2.244e-05,0.00561798
Original,Original,150.0,0.00472041,2.122e-05,0.00449438
Original,Original,150.0,0.00472041,1.591e-05,0.00337079
Original,Original,150.0,0.00472041,1.856e-05,0.00393258
Original,Original,150.0,0.00508351,3.713e-05,0.00730337
Original,Original,150.0,0.00399419,2.02e-05,0.00505618
Original,Original,150.0,0.00399419,1.122e-05,0.00280899
Original,Original,150.0,0.00508351,3.998e-05,0.00786517
Original,Original,150.0,0.00653595,2.57e-05,0.00393258
Original,Original,150.0,0.00580973,2.611e-05,0.00449438
Original,Original,150.0,0.00544662,3.978e-05,0.00730337
Original,Original,150.0,0.0043573,1.714e-05,0.00393258
Original,Original,150.0,0.00544662,3.978e-05,0.00730337
Original,Original,150.0,0.00363108,2.244e-05,0.00617978
Original,Original,150.0,0.00653595,2.203e-05,0.00337079
Original,Original,150.0,0.0043573,1.469e-05,0.00337079
Original,Original,150.0,0.00399419,2.468e-05,0.00617978
Original,Original,150.0,0.00472041,2.387e-05,0.00505618
Original,Original,150.0,0.00544662,1.53e-05,0.00280899
Original,Original,150.0,0.00544662,3.978e-05,0.00730337
Original,Original,150.0,0.00363108,8.16e-06,0.00224719
Original,Original,150.0,0.00580973,1.306e-05,0.00224719
Original,Original,150.0,0.00399419,2.468e-05,0.00617978
Original,Original,150.0,0.00508351,1.428e-05,0.00280899
Original,Original,150.0,0.00399419,2.468e-05,0.00617978
Original,Original,150.0,0.00653595,2.203e-05,0.00337079
Original,Original,150.0,0.00544662,2.142e-05,0.00393258
Original,Original,150.0,0.0043573,9.79e-06,0.00224719
Original,Original,150.0,0.00508351,3.141e-05,0.00617978
Original,Original,150.0,0.00508351,3.141e-05,0.00617978
Original,Original,150.0,0.00472041,1.856e-05,0.00393258
Original,Original,150.0,0.00508351,2.285e-05,0.00449438
Original,Original,150.0,0.00472041,2.917e-05,0.00617978
Original,Original,150.0,0.00544662,1.836e-05,0.00337079
Original,Original,150.0,0.00544662,1.836e-05,0.00337079
Original,Original,150.0,0.00617284,1.734e-05,0.00280899
Original,Original,150.0,0.00508351,3.998e-05,0.00786517
Original,Original,150.0,0.00508351,2.856e-05,0.00561798
Original,Original,150.0,0.00508351,3.713e-05,0.00730337
Original,Original,150.0,0.00580973,2.611e-05,0.00449438
Original,Original,150.0,0.00617284,2.774e-05,0.00449438
Original,Original,150.0,0.00472041,3.447e-05,0.00730337
Original,Original,150.0,0.00617284,1.04e-05,0.00168539
Original,Original,150.0,0.00472041,2.387e-05,0.00505618
Original,Original,150.0,0.00472041,2.652e-05,0.00561798
Original,Original,150.0,0.00472041,2.387e-05,0.00505618
Original,Original,150.0,0.00544662,3.366e-05,0.00617978
Original,Original,150.0,0.00399419,2.693e-05,0.00674157
Original,Original,150.0,0.00580973,1.632e-05,0.00280899
Original,Original,150.0,0.00508351,1.999e-05,0.00393258
Original,Original,150.0,0.00508351,2.57e-05,0.00505618
Original,Original,150.0,0.00508351,3.427e-05,0.00674157
Original,Original,150.0,0.0043573,2.693e-05,0.00617978
Original,Original,150.0,0.0043573,7.34e-06,0.00168539
Original,Original,150.0,0.00617284,2.774e-05,0.00449438
Original,Original,150.0,0.00580973,1.958e-05,0.00337079
Original,Original,150.0,0.00508351,3.713e-05,0.00730337
Original,Original,150.0,0.00508351,3.713e-05,0.00730337
Original,Original,150.0,0.00544662,2.754e-05,0.00505618
Original,Original,150.0,0.00399419,6.73e-06,0.00168539
Original,Original,150.0,0.00508351,1.428e-05,0.00280899
Original,Original,150.0,0.0043573,2.448e-05,0.00561798
Original,Original,150.0,0.00472041,7.96e-06,0.00168539
Original,Original,150.0,0.00580973,1.306e-05,0.00224719
Original,Original,150.0,0.00544662,1.53e-05,0.00280899
Original,Original,150.0,0.00508351,1.142e-05,0.00224719
Original,Original,150.0,0.00544662,2.754e-05,0.00505618
Original,Original,150.0,0.0043573,2.203e-05,0.00505618
Original,Original,150.0,0.00508351,3.713e-05,0.00730337
Original,Original,150.0,0.00508351,3.713e-05,0.00730337
Original,Original,150.0,0.00472041,1.591e-05,0.00337079
Original,Original,150.0,0.00508351,1.714e-05,0.00337079
Original,Original,150.0,0.00508351,3.998e-05,0.00786517
Original,Original,150.0,0.00508351,1.999e-05,0.00393258
Original,Original,150.0,0.00544662,3.366e-05,0.00617978
Original,Original,150.0,0.00544662,2.754e-05,0.00505618
Original,Original,150.0,0.00399419,1.571e-05,0.00393258
Original,Original,150.0,0.00544662,4.284e-05,0.00786517
Original,Original,150.0,0.0043573,1.714e-05,0.00393258
Original,Original,150.0,0.00544662,1.836e-05,0.00337079
Original,Original,150.0,0.0043573,9.79e-06,0.00224719
Original,Original,150.0,0.00399419,2.244e-05,0.00561798
Original,Original,150.0,0.0043573,2.693e-05,0.00617978
Original,Original,150.0,0.00472041,3.182e-05,0.00674157
Original,Original,150.0,0.00472041,2.652e-05,0.00561798
Original,Original,150.0,0.00508351,4.284e-05,0.00842697
Original,Original,150.0,0.00544662,1.53e-05,0.00280899
Original,Original,150.0,0.00508351,1.142e-05,0.00224719
Original,Original,150.0,0.0043573,2.203e-05,0.00505618
Original,Original,150.0,0.00726216,1.224e-05,0.00168539
Original,Original,150.0,0.0043573,2.448e-05,0.00561798
Original,Original,150.0,0.00544662,2.142e-05,0.00393258
Original,Original,150.0,0.00580973,2.611e-05,0.00449438
Original,Original,150.0,0.0043573,1.469e-05,0.00337079
Original,Original,150.0,0.0043573,1.469e-05,0.00337079
Original,Original,150.0,0.00508351,4.284e-05,0.00842697
Original,Original,150.0,0.00508351,3.998e-05,0.00786517
Original,Original,150.0,0.00508351,3.141e-05,0.00617978
Original,Original,150.0,0.00472041,1.326e-05,0.00280899
Original,Original,150.0,0.00580973,1.958e-05,0.00337079
Original,Original,150.0,0.00508351,2.856e-05,0.00561798
Original,Original,150.0,0.0043573,2.938e-05,0.00674157
Original,Original,150.0,0.00508351,2.285e-05,0.00449438
Original,Original,150.0,0.00508351,2.856e-05,0.00561798
Original,Original,150.0,0.0043573,2.448e-05,0.00561798
Original,Original,150.0,0.00653595,1.836e-05,0.00280899
Original,Original,150.0,0.00508351,1.428e-05,0.00280899
Original,Original,150.0,0.00472041,1.856e-05,0.00393258
Original,Original,150.0,0.00544662,4.59e-05,0.00842697
Original,Original,150.0,0.00472041,1.591e-05,0.00337079
Original,Original,150.0,0.00653595,1.469e-05,0.00224719
Original,Original,150.0,0.00544662,3.672e-05,0.00674157
Original,Original,150.0,0.00472041,1.856e-05,0.00393258
Original,Original,150.0,0.00544662,3.672e-05,0.00674157
Original,Original,150.0,0.00544662,3.06e-05,0.00561798
Original,Original,150.0,0.00544662,3.978e-05,0.00730337
Original,Original,150.0,0.00544662,1.53e-05,0.00280899
Original,Original,150.0,0.00508351,2.856e-05,0.00561798
Original,Original,150.0,0.00544662,3.672e-05,0.00674157
Original,Original,150.0,0.00544662,4.284e-05,0.00786517
Original,Original,150.0,0.00508351,2.856e-05,0.00561798
Original,Original,150.0,0.00472041,2.122e-05,0.00449438
Original,Original,150.0,0.0043573,7.34e-06,0.00168539
Original,Original,150.0,0.00399419,1.122e-05,0.00280899
Original,Original,150.0,0.00580973,3.264e-05,0.00561798
Original,Original,150.0,0.00508351,8.57e-06,0.00168539
Original,Original,150.0,0.0043573,2.693e-05,0.00617978
Original,Original,150.0,0.00399419,2.244e-05,0.00561798
Original,Original,150.0,0.00508351,4.284e-05,0.00842697
Original,Original,150.0,0.0043573,1.224e-05,0.00280899
Original,Original,150.0,0.0043573,1.469e-05,0.00337079
Original,Original,150.0,0.00472041,1.856e-05,0.00393258
Original,Original,150.0,0.00508351,3.427e-05,0.00674157
Original,Original,150.0,0.00508351,3.713e-05,0.00730337
Original,Original,150.0,0.00508351,3.141e-05,0.00617978
Original,Original,150.0,0.00580973,2.611e-05,0.00449438
Original,Original,150.0,0.00580973,1.306e-05,0.00224719
Original,Original,150.0,0.00399419,2.917e-05,0.00730337
Original,Original,150.0,0.00472041,2.917e-05,0.00617978
Original,Original,150.0,0.00580973,4.569e-05,0.00786517
Original,Original,150.0,0.00399419,2.468e-05,0.00617978
Original,Original,150.0,0.0043573,2.203e-05,0.00505618
Original,Original,150.0,0.00399419,2.468e-05,0.00617978
Original,Original,150.0,0.0043573,1.224e-05,0.00280899
Original,Original,150.0,0.0043573,3.427e-05,0.00786517
Original,Original,150.0,0.00508351,8.57e-06,0.00168539
Original,Original,150.0,0.00508351,3.713e-05,0.00730337
Original,Original,150.0,0.00580973,2.611e-05,0.00449438
Original,Original,150.0,0.00544662,3.366e-05,0.00617978
Original,Original,150.0,0.00580973,3.59e-05,0.00617978
Original,Original,150.0,0.00544662,1.224e-05,0.00224719
Original,Original,150.0,0.00472041,2.387e-05,0.00505618
Original,Original,150.0,0.0043573,2.448e-05,0.00561798
Original,Original,150.0,0.0043573,3.182e-05,0.00730337
Original,Original,150.0,0.00544662,2.142e-05,0.00393258
Original,Original,150.0,0.00580973,1.306e-05,0.00224719
Original,Original,150.0,0.00473761,2.086e-05,0.00440252
Original,Original,150.0,0.00400875,1.008e-05,0.00251572
Original,Original,150.0,0.00473761,2.384e-05,0.00503145
Original,Original,150.0,0.00400875,3.278e-05,0.0081761
Original,Original,150.0,0.00400875,1.513e-05,0.00377358
Original,Original,150.0,0.00437318,2.475e-05,0.00566038
Original,Original,150.0,0.00546647,3.438e-05,0.00628931
Original,Original,150.0,0.00510204,2.246e-05,0.00440252
Original,Original,150.0,0.00437318,1.1e-05,0.00251572
Original,Original,150.0,0.00327988,1.031e-05,0.00314465
Original,Original,150.0,0.00364431,1.146e-05,0.00314465
Original,Original,150.0,0.00546647,2.75e-05,0.00503145
Original,Original,150.0,0.00400875,7.56e-06,0.00188679
Original,Original,150.0,0.00473761,2.086e-05,0.00440252
Original,Original,150.0,0.00510204,3.53e-05,0.00691824
Original,Original,150.0,0.00437318,8.25e-06,0.00188679
Original,Original,150.0,0.00546647,3.438e-05,0.00628931
Original,Original,150.0,0.00510204,1.925e-05,0.00377358
Original,Original,150.0,0.00473761,3.874e-05,0.0081761
Original,Original,150.0,0.00546647,2.75e-05,0.00503145
Original,Original,150.0,0.0058309,2.567e-05,0.00440252
Original,Original,150.0,0.00473761,1.788e-05,0.00377358
Original,Original,150.0,0.00437318,2.2e-05,0.00503145
Original,Original,150.0,0.00546647,1.375e-05,0.00251572
Original,Original,150.0,0.00510204,3.209e-05,0.00628931
Original,Original,150.0,0.0058309,2.934e-05,0.00503145
Original,Original,150.0,0.00510204,2.888e-05,0.00566038
Original,Original,150.0,0.00327988,2.475e-05,0.00754717
Original,Original,150.0,0.00473761,2.98e-05,0.00628931
Original,Original,150.0,0.00400875,1.261e-05,0.00314465
Original,Original,150.0,0.00400875,1.765e-05,0.00440252
Original,Original,150.0,0.0058309,2.567e-05,0.00440252
Original,Original,150.0,0.00364431,1.375e-05,0.00377358
Original,Original,150.0,0.00473761,1.192e-05,0.00251572
Original,Original,150.0,0.00364431,1.604e-05,0.00440252
Original,Original,150.0,0.00473761,3.278e-05,0.00691824
Original,Original,150.0,0.00364431,1.834e-05,0.00503145
Original,Original,150.0,0.00510204,3.209e-05,0.00628931
Original,Original,150.0,0.00510204,3.209e-05,0.00628931
Original,Original,150.0,0.00473761,3.278e-05,0.00691824
Original,Original,150.0,0.00510204,4.492e-05,0.00880503
Original,Original,150.0,0.00546647,3.438e-05,0.00628931
Original,Original,150.0,0.00510204,1.284e-05,0.00251572
Original,Original,150.0,0.00510204,1.604e-05,0.00314465
Original,Original,150.0,0.00619534,2.728e-05,0.00440252
Original,Original,150.0,0.00473761,2.98e-05,0.00628931
Original,Original,150.0,0.00400875,2.521e-05,0.00628931
Original,Original,150.0,0.00473761,1.49e-05,0.00314465
Original,Original,150.0,0.00510204,3.209e-05,0.00628931
Original,Original,150.0,0.00510204,2.567e-05,0.00503145
Original,Original,150.0,0.00327988,2.269e-05,0.00691824
Original,Original,150.0,0.00437318,1.925e-05,0.00440252
Original,Original,150.0,0.0058309,3.301e-05,0.00566038
Original,Original,150.0,0.00510204,1.284e-05,0.00251572
Original,Original,150.0,0.00473761,2.682e-05,0.00566038
Original,Original,150.0,0.00437318,1.925e-05,0.00440252
Original,Original,150.0,0.00473761,2.682e-05,0.00566038
Original,Original,150.0,0.00291545,5.5e-06,0.00188679
Original,Original,150.0,0.00546647,2.063e-05,0.00377358
Original,Original,150.0,0.00510204,9.63e-06,0.00188679
Original,Original,150.0,0.00400875,1.261e-05,0.00314465
Original,Original,150.0,0.00364431,2.75e-05,0.00754717
Original,Original,150.0,0.00546647,4.469e-05,0.0081761
Original,Original,150.0,0.00473761,2.682e-05,0.00566038
Original,Original,150.0,0.00473761,4.171e-05,0.00880503
Original,Original,150.0,0.00473761,2.682e-05,0.00566038
Original,Original,150.0,0.00546647,3.438e-05,0.00628931
Original,Original,150.0,0.00473761,2.384e-05,0.00503145
Original,Original,150.0,0.00510204,3.209e-05,0.00628931
Original,Original,150.0,0.00473761,3.576e-05,0.00754717
Original,Original,150.0,0.00473761,3.576e-05,0.00754717
Original,Original,150.0,0.00510204,3.53e-05,0.00691824
Original,Original,150.0,0.00364431,2.75e-05,0.00754717
Original,Original,150.0,0.00437318,3.301e-05,0.00754717
Original,Original,150.0,0.00473761,3.576e-05,0.00754717
Original,Original,150.0,0.00473761,2.98e-05,0.00628931
Original,Original,150.0,0.00437318,3.301e-05,0.00754717
Original,Original,150.0,0.00437318,3.301e-05,0.00754717
Original,Original,150.0,0.00473761,3.278e-05,0.00691824
Original,Original,150.0,0.00510204,2.888e-05,0.00566038
Original,Original,150.0,0.00473761,2.086e-05,0.00440252
Original,Original,150.0,0.00364431,2.521e-05,0.00691824
Original,Original,150.0,0.00473761,5.96e-06,0.00125786
Original,Original,150.0,0.00437318,2.2e-05,0.00503145
Original,Original,150.0,0.0058309,2.567e-05,0.00440252
Original,Original,150.0,0.00473761,2.086e-05,0.00440252
Original,Original,150.0,0.00437318,1.925e-05,0.00440252
Original,Original,150.0,0.00546647,2.75e-05,0.00503145
Original,Original,150.0,0.00437318,3.025e-05,0.00691824
Original,Original,150.0,0.00364431,1.834e-05,0.00503145
Original,Original,150.0,0.00510204,4.171e-05,0.0081761
Original,Original,150.0,0.00400875,1.765e-05,0.00440252
Original,Original,150.0,0.00364431,6.88e-06,0.00188679
Original,Original,150.0,0.0058309,2.934e-05,0.00503145
Original,Original,150.0,0.00473761,3.278e-05,0.00691824
Original,Original,150.0,0.00291545,1.834e-05,0.00628931
Original,Original,150.0,0.00510204,4.171e-05,0.0081761
Original,Original,150.0,0.00473761,4.171e-05,0.00880503
Original,Original,150.0,0.00437318,2.2e-05,0.00503145
Original,Original,150.0,0.00510204,9.63e-06,0.00188679
Original,Original,150.0,0.00437318,8.25e-06,0.00188679
Original,Original,150.0,0.00400875,3.025e-05,0.00754717
Original,Original,150.0,0.00364431,6.88e-06,0.00188679
Original,Original,150.0,0.00327988,2.269e-05,0.00691824
Original,Original,150.0,0.00473761,3.576e-05,0.00754717
Original,Original,150.0,0.0058309,4.401e-05,0.00754717
Original,Original,150.0,0.00364431,1.146e-05,0.00314465
Original,Original,150.0,0.00437318,1.65e-05,0.00377358
Original,Original,150.0,0.00437318,8.25e-06,0.00188679
Original,Original,150.0,0.00437318,1.65e-05,0.00377358
Original,Original,150.0,0.00473761,3.874e-05,0.0081761
Original,Original,150.0,0.00400875,7.56e-06,0.00188679
Original,Original,150.0,0.00437318,1.65e-05,0.00377358
Original,Original,150.0,0.00400875,3.278e-05,0.0081761
Original,Original,150.0,0.00473761,3.278e-05,0.00691824
Original,Original,150.0,0.00473761,1.192e-05,0.00251572
Original,Original,150.0,0.00473761,4.171e-05,0.00880503
Original,Original,150.0,0.00510204,9.63e-06,0.00188679
Original,Original,150.0,0.00510204,2.888e-05,0.00566038
Original,Original,150.0,0.00437318,8.25e-06,0.00188679
Original,Original,150.0,0.00473761,2.98e-05,0.00628931
Original,Original,150.0,0.00510204,2.567e-05,0.00503145
Original,Original,150.0,0.00510204,9.63e-06,0.00188679
Original,Original,150.0,0.00510204,4.492e-05,0.00880503
Original,Original,150.0,0.00510204,5.134e-05,0.01006289
Original,Original,150.0,0.00546647,4.126e-05,0.00754717
Original,Original,150.0,0.00473761,3.278e-05,0.00691824
Original,Original,150.0,0.00473761,3.576e-05,0.00754717
Original,Original,150.0,0.00619534,3.117e-05,0.00503145
Original,Original,150.0,0.00473761,1.49e-05,0.00314465
Original,Original,150.0,0.00473761,3.278e-05,0.00691824
Original,Original,150.0,0.00437318,3.301e-05,0.00754717
Original,Original,150.0,0.00546647,1.031e-05,0.00188679
Original,Original,150.0,0.00364431,2.292e-05,0.00628931
Original,Original,150.0,0.00400875,2.521e-05,0.00628931
Original,Original,150.0,0.00473761,2.384e-05,0.00503145
Original,Original,150.0,0.00510204,3.851e-05,0.00754717
Original,Original,150.0,0.00437318,2.75e-05,0.00628931
Original,Original,150.0,0.00510204,2.888e-05,0.00566038
Original,Original,150.0,0.00510204,1.604e-05,0.00314465
Original,Original,150.0,0.00327988,6.19e-06,0.00188679
Original,Original,150.0,0.00510204,9.63e-06,0.00188679
Original,Original,150.0,0.0058309,2.934e-05,0.00503145
Original,Original,150.0,0.00437318,1.1e-05,0.00251572
Original,Original,150.0,0.00473761,3.874e-05,0.0081761
Original,Original,150.0,0.00473761,2.682e-05,0.00566038
Original,Original,150.0,0.00437318,2.75e-05,0.00628931
Original,Original,150.0,0.00437318,3.025e-05,0.00691824
Original,Original,150.0,0.00510204,1.604e-05,0.00314465
Original,Original,150.0,0.00364431,2.75e-05,0.00754717
Original,Original,150.0,0.00510204,3.209e-05,0.00628931
Original,Original,150.0,0.00437318,1.1e-05,0.00251572
Original,Original,150.0,0.00437318,2.75e-05,0.00628931
Original,Original,150.0,0.00510204,3.53e-05,0.00691824
Original,Original,150.0,0.00546647,1.375e-05,0.00251572
Original,Original,150.0,0.00510204,3.851e-05,0.00754717
Original,Original,150.0,0.00437318,3.025e-05,0.00691824
Original,Original,150.0,0.00510204,3.851e-05,0.00754717
Original,Original,150.0,0.00364431,2.292e-05,0.00628931
Original,Original,150.0,0.00437318,3.301e-05,0.00754717
Original,Original,150.0,0.00437318,1.925e-05,0.00440252
Original,Original,150.0,0.00473761,2.384e-05,0.00503145
Original,Original,150.0,0.00473761,2.384e-05,0.00503145
Original,Original,150.0,0.00400875,1.261e-05,0.00314465
Original,Original,150.0,0.00473761,1.192e-05,0.00251572
Original,Original,150.0,0.00473761,1.788e-05,0.00377358
Original,Original,150.0,0.00473761,3.874e-05,0.0081761
Original,Original,150.0,0.00510204,1.604e-05,0.00314465
Original,Original,150.0,0.00546647,4.469e-05,0.0081761
Original,Original,150.0,0.00510204,3.53e-05,0.00691824
Original,Original,150.0,0.00510204,2.888e-05,0.00566038
Original,Original,150.0,0.00473761,3.278e-05,0.00691824
Original,Original,150.0,0.00510204,3.209e-05,0.00628931
Original,Original,150.0,0.00437318,3.851e-05,0.00880503
Original,Original,150.0,0.00473761,3.278e-05,0.00691824
Original,Original,150.0,0.00437318,3.301e-05,0.00754717
Original,Original,150.0,0.00510204,1.284e-05,0.00251572
Original,Original,150.0,0.00473761,3.576e-05,0.00754717
Original,Original,150.0,0.00510204,1.604e-05,0.00314465
Original,Original,150.0,0.00400875,1.513e-05,0.00377358
Original,Original,150.0,0.00510204,3.53e-05,0.00691824
Original,Original,150.0,0.00437318,2.75e-05,0.00628931
Original,Original,150.0,0.00510204,1.284e-05,0.00251572
Original,Original,150.0,0.00510204,3.851e-05,0.00754717
Original,Original,150.0,0.00510204,1.604e-05,0.00314465
Original,Original,150.0,0.00400875,2.521e-05,0.00628931
Original,Original,150.0,0.00510204,4.171e-05,0.0081761
Original,Original,150.0,0.00546647,4.813e-05,0.00880503
Original,Original,150.0,0.00473761,2.384e-05,0.00503145
Original,Original,150.0,0.00437318,1.65e-05,0.00377358
Original,Original,150.0,0.00364431,2.292e-05,0.00628931
Original,Original,150.0,0.0058309,2.2e-05,0.00377358
Original,Original,150.0,0.00510204,1.604e-05,0.00314465
Original,Original,150.0,0.00400875,1.513e-05,0.00377358
Original,Original,150.0,0.00546647,3.094e-05,0.00566038
Original,Original,150.0,0.00546647,2.75e-05,0.00503145
Original,Original,150.0,0.00510204,1.604e-05,0.00314465
Original,Original,150.0,0.00655977,3.301e-05,0.00503145
Original,Original,150.0,0.00546647,2.407e-05,0.00440252
Original,Original,150.0,0.0058309,3.301e-05,0.00566038
Original,Original,150.0,0.00510204,2.246e-05,0.00440252
Original,Original,150.0,0.00437318,2.2e-05,0.00503145
Original,Original,150.0,0.0058309,2.934e-05,0.00503145
Original,Original,150.0,0.00510204,2.246e-05,0.00440252
Original,Original,150.0,0.00546647,3.782e-05,0.00691824
Original,Original,150.0,0.00510204,4.813e-05,0.00943396
Original,Original,150.0,0.00510204,9.63e-06,0.00188679
Original,Original,150.0,0.00510204,3.209e-05,0.00628931
Original,Original,150.0,0.00546647,2.407e-05,0.00440252
Original,Original,150.0,0.00473761,3.576e-05,0.00754717
Original,Original,150.0,0.00510204,2.567e-05,0.00503145
Original,Original,150.0,0.00473761,3.874e-05,0.0081761
Original,Original,150.0,0.00510204,9.63e-06,0.00188679
Original,Original,150.0,0.00473761,3.874e-05,0.0081761
Original,Original,150.0,0.0058309,2.567e-05,0.00440252
Original,Original,150.0,0.00437318,5.5e-06,0.00125786
Original,Original,150.0,0.00473761,3.278e-05,0.00691824
Original,Original,150.0,0.00437318,3.301e-05,0.00754717
Original,Original,150.0,0.00546647,3.438e-05,0.00628931
Original,Original,150.0,0.00437318,3.576e-05,0.0081761
Original,Original,150.0,0.00400875,3.025e-05,0.00754717
Original,Original,150.0,0.00546647,1.375e-05,0.00251572
Original,Original,150.0,0.00510204,4.492e-05,0.00880503
Original,Original,150.0,0.00546647,4.813e-05,0.00880503
Original,Original,150.0,0.00510204,3.209e-05,0.00628931
Original,Original,150.0,0.00473761,1.49e-05,0.00314465
Original,Original,150.0,0.00619534,1.948e-05,0.00314465
Original,Original,150.0,0.0058309,2.2e-05,0.00377358
Original,Original,150.0,0.00510204,3.53e-05,0.00691824
Original,Original,150.0,0.00510204,1.925e-05,0.00377358
Original,Original,150.0,0.00437318,1.1e-05,0.00251572
Original,Original,150.0,0.0058309,4.767e-05,0.0081761
Original,Original,150.0,0.00546647,3.094e-05,0.00566038
Original,Original,150.0,0.00546647,4.813e-05,0.00880503
Original,Original,150.0,0.00473761,2.384e-05,0.00503145
Original,Original,150.0,0.0058309,4.767e-05,0.0081761
Original,Original,150.0,0.00546647,5.157e-05,0.00943396
Original,Original,150.0,0.00546647,3.094e-05,0.00566038
Original,Original,150.0,0.00546647,4.813e-05,0.00880503
Original,Original,150.0,0.00473761,3.278e-05,0.00691824
Original,Original,150.0,0.00546647,4.813e-05,0.00880503
Original,Original,150.0,0.0058309,2.567e-05,0.00440252
Original,Original,150.0,0.00619534,6.624e-05,0.01069182
Original,Original,150.0,0.0058309,4.401e-05,0.00754717
Original,Original,150.0,0.00400875,2.269e-05,0.00566038
Original,Original,150.0,0.00619534,5.455e-05,0.00880503
Original,Original,150.0,0.00437318,1.925e-05,0.00440252
Original,Original,150.0,0.00619534,4.286e-05,0.00691824
Original,Original,150.0,0.00546647,2.75e-05,0.00503145
Original,Original,150.0,0.00437318,1.925e-05,0.00440252
Original,Original,150.0,0.00546647,3.438e-05,0.00628931
Original,Original,150.0,0.00546647,1.719e-05,0.00314465
Original,Original,150.0,0.00546647,4.469e-05,0.0081761
Original,Original,150.0,0.00473761,2.682e-05,0.00566038
Original,Original,150.0,0.00473761,3.278e-05,0.00691824
Original,Original,150.0,0.00473761,2.086e-05,0.00440252
Original,Original,150.0,0.00619534,5.065e-05,0.0081761
Original,Original,150.0,0.0058309,4.401e-05,0.00754717
Original,Original,150.0,0.00655977,4.126e-05,0.00628931
Original,Original,150.0,0.00546647,4.813e-05,0.00880503
Original,Original,150.0,0.00546647,3.438e-05,0.00628931
Original,Original,150.0,0.00619534,5.455e-05,0.00880503
Original,Original,150.0,0.00510204,4.492e-05,0.00880503
Original,Original,150.0,0.0058309,4.767e-05,0.0081761
Original,Original,150.0,0.00510204,3.209e-05,0.00628931
Original,Original,150.0,0.00473761,2.98e-05,0.00628931
Original,Original,150.0,0.00473761,4.171e-05,0.00880503
Original,Original,150.0,0.00437318,1.925e-05,0.00440252
Original,Original,150.0,0.00510204,4.492e-05,0.00880503
Original,Original,150.0,0.00510204,4.171e-05,0.0081761
Original,Original,150.0,0.00473761,1.788e-05,0.00377358
Original,Original,150.0,0.00473761,2.98e-05,0.00628931
Original,Original,150.0,0.0058309,3.667e-05,0.00628931
Original,Original,150.0,0.0058309,5.868e-05,0.01006289
Original,Original,150.0,0.00437318,1.65e-05,0.00377358
Original,Original,150.0,0.00473761,3.278e-05,0.00691824
Original,Original,150.0,0.00473761,1.49e-05,0.00314465
Original,Original,150.0,0.00546647,2.063e-05,0.00377358
Original,Original,150.0,0.00546647,1.375e-05,0.00251572
Original,Original,150.0,0.00546647,1.719e-05,0.00314465
Original,Original,150.0,0.00437318,1.65e-05,0.00377358
Original,Original,150.0,0.00546647,3.094e-05,0.00566038
Original,Original,150.0,0.00510204,4.492e-05,0.00880503
Original,Original,150.0,0.00546647,4.813e-05,0.00880503
Original,Original,150.0,0.00619534,3.896e-05,0.00628931
Original,Original,150.0,0.00510204,1.925e-05,0.00377358
Original,Original,150.0,0.00619534,1.169e-05,0.00188679
Original,Original,150.0,0.0058309,4.767e-05,0.0081761
Original,Original,150.0,0.00546647,4.126e-05,0.00754717
Original,Original,150.0,0.00619534,2.338e-05,0.00377358
Original,Original,150.0,0.00619534,4.676e-05,0.00754717
Original,Original,150.0,0.00473761,1.192e-05,0.00251572
Original,Original,150.0,0.00546647,4.126e-05,0.00754717
Original,Original,150.0,0.00546647,4.813e-05,0.00880503
Original,Original,150.0,0.00364431,2.521e-05,0.00691824
Original,Original,150.0,0.00546647,4.126e-05,0.00754717
Original,Original,150.0,0.00400875,1.261e-05,0.00314465
Original,Original,150.0,0.00437318,1.925e-05,0.00440252
Original,Original,150.0,0.0069242,3.484e-05,0.00503145
Original,Original,150.0,0.00546647,3.094e-05,0.00566038
Original,Original,150.0,0.00546647,4.813e-05,0.00880503
Original,Original,150.0,0.0058309,2.567e-05,0.00440252
Original,Original,150.0,0.00510204,2.567e-05,0.00503145
Original,Original,150.0,0.00546647,1.375e-05,0.00251572
Original,Original,150.0,0.00655977,1.238e-05,0.00188679
Original,Original,150.0,0.00546647,5.501e-05,0.01006289
Original,Original,150.0,0.00655977,4.951e-05,0.00754717
Original,Original,150.0,0.00510204,3.209e-05,0.00628931
Original,Original,150.0,0.00400875,1.008e-05,0.00251572
Original,Original,150.0,0.00619534,4.286e-05,0.00691824
Original,Original,150.0,0.00655977,4.538e-05,0.00691824
Original,Original,150.0,0.00510204,2.567e-05,0.00503145
Original,Original,150.0,0.00473761,8.94e-06,0.00188679
Original,Original,150.0,0.0058309,2.2e-05,0.00377358
Original,Original,150.0,0.00510204,3.53e-05,0.00691824
Original,Original,150.0,0.0058309,1.467e-05,0.00251572
Original,Original,150.0,0.00400875,1.765e-05,0.00440252
Original,Original,150.0,0.00510204,1.604e-05,0.00314465
Original,Original,150.0,0.00546647,4.813e-05,0.00880503
Original,Original,150.0,0.00473761,3.874e-05,0.0081761
Original,Original,150.0,0.00655977,1.238e-05,0.00188679
Original,Original,150.0,0.00619534,3.896e-05,0.00628931
Original,Original,150.0,0.0069242,3.048e-05,0.00440252
Original,Original,150.0,0.00437318,1.375e-05,0.00314465
Original,Original,150.0,0.00473761,2.086e-05,0.00440252
Original,Original,150.0,0.00546647,1.375e-05,0.00251572
Original,Original,150.0,0.00473761,1.49e-05,0.00314465
Original,Original,150.0,0.00510204,4.171e-05,0.0081761
Original,Original,150.0,0.00510204,1.925e-05,0.00377358
Original,Original,150.0,0.00437318,1.65e-05,0.00377358
Original,Original,150.0,0.00473761,1.788e-05,0.00377358
Original,Original,150.0,0.00473761,3.576e-05,0.00754717
Original,Original,150.0,0.00546647,3.094e-05,0.00566038
Original,Original,150.0,0.00473761,2.682e-05,0.00566038
Original,Original,150.0,0.00546647,3.094e-05,0.00566038
Original,Original,150.0,0.00546647,2.063e-05,0.00377358
Original,Original,150.0,0.0069242,3.048e-05,0.00440252
Original,Original,150.0,0.00546647,4.126e-05,0.00754717
Original,Original,150.0,0.0058309,1.467e-05,0.00251572
Original,Original,150.0,0.00546647,4.469e-05,0.0081761
Original,Original,150.0,0.00546647,3.438e-05,0.00628931
Original,Original,150.0,0.0058309,3.667e-05,0.00628931
Original,Original,150.0,0.00510204,1.604e-05,0.00314465
Original,Original,150.0,0.00655977,5.363e-05,0.0081761
Original,Original,150.0,0.00655977,4.951e-05,0.00754717
Original,Original,150.0,0.00437318,2.475e-05,0.00566038
Original,Original,150.0,0.00546647,4.126e-05,0.00754717
Original,Original,150.0,0.00510204,9.63e-06,0.00188679
Original,Original,150.0,0.00437318,1.925e-05,0.00440252
Original,Original,150.0,0.00510204,2.567e-05,0.00503145
Original,Original,150.0,0.00619534,2.728e-05,0.00440252
Original,Original,150.0,0.0058309,4.034e-05,0.00691824
Original,Original,150.0,0.00619534,2.338e-05,0.00377358
Original,Original,150.0,0.00510204,3.851e-05,0.00754717
Original,Original,150.0,0.00510204,1.925e-05,0.00377358
Original,Original,150.0,0.00437318,1.925e-05,0.00440252
Original,Original,150.0,0.00437318,2.2e-05,0.00503145
Original,Original,150.0,0.00473761,8.94e-06,0.00188679
Original,Original,150.0,0.00400875,7.56e-06,0.00188679
Original,Original,150.0,0.0069242,1.742e-05,0.00251572
Original,Original,150.0,0.00619534,4.676e-05,0.00754717
Original,Original,150.0,0.00437318,3.576e-05,0.0081761
Original,Original,150.0,0.00619534,3.896e-05,0.00628931
Original,Original,150.0,0.00546647,3.094e-05,0.00566038
Original,Original,150.0,0.00400875,1.513e-05,0.00377358
Original,Original,150.0,0.00546647,5.157e-05,0.00943396
Original,Original,150.0,0.00655977,1.65e-05,0.00251572
Original,Original,150.0,0.00728863,2.75e-05,0.00377358
Original,Original,150.0,0.0058309,3.301e-05,0.00566038
Original,Original,150.0,0.0058309,3.301e-05,0.00566038
Original,Original,150.0,0.00364431,2.063e-05,0.00566038
Original,Original,150.0,0.00400875,2.773e-05,0.00691824
Original,Original,150.0,0.00400875,3.53e-05,0.00880503
Original,Original,150.0,0.00619534,3.896e-05,0.00628931
Original,Original,150.0,0.00437318,3.576e-05,0.0081761
Original,Original,150.0,0.00510204,3.851e-05,0.00754717
Original,Original,150.0,0.00655977,1.238e-05,0.00188679
Original,Original,150.0,0.00400875,1.261e-05,0.00314465
Original,Original,150.0,0.00510204,3.851e-05,0.00754717
Original,Original,150.0,0.00546647,1.719e-05,0.00314465
Original,Original,150.0,0.0069242,1.742e-05,0.00251572
Original,Original,150.0,0.00546647,1.031e-05,0.00188679
Original,Original,150.0,0.00510204,4.171e-05,0.0081761
Original,Original,150.0,0.00546647,1.375e-05,0.00251572
Original,Original,150.0,0.0058309,4.401e-05,0.00754717
Original,Original,150.0,0.0058309,2.934e-05,0.00503145
Original,Original,150.0,0.00437318,3.301e-05,0.00754717
Original,Original,150.0,0.00619534,3.117e-05,0.00503145
Original,Original,150.0,0.00546647,2.063e-05,0.00377358
Original,Original,150.0,0.0058309,5.868e-05,0.01006289
Original,Original,150.0,0.00510204,2.246e-05,0.00440252
Original,Original,150.0,0.00619534,1.948e-05,0.00314465
Original,Original,150.0,0.0058309,1.1e-05,0.00188679
Original,Original,150.0,0.00546647,4.813e-05,0.00880503
Original,Original,150.0,0.00510204,2.246e-05,0.00440252
Original,Original,150.0,0.00473761,3.576e-05,0.00754717
Original,Original,150.0,0.00510204,3.53e-05,0.00691824
Original,Original,150.0,0.00546647,2.407e-05,0.00440252
Original,Original,150.0,0.00510204,2.246e-05,0.00440252
Original,Original,150.0,0.00655977,4.538e-05,0.00691824
Original,Original,150.0,0.0058309,2.934e-05,0.00503145
Original,Original,150.0,0.00546647,4.469e-05,0.0081761
Original,Original,150.0,0.00436364,2.071e-05,0.00474496
Original,Original,150.0,0.00327273,9.71e-06,0.0029656
Original,Original,150.0,0.00436364,2.071e-05,0.00474496
Original,Original,150.0,0.00254545,6.04e-06,0.00237248
Original,Original,150.0,0.004,1.423e-05,0.00355872
Original,Original,150.0,0.00436364,1.035e-05,0.00237248
Original,Original,150.0,0.004,1.186e-05,0.0029656
Original,Original,150.0,0.00545455,2.265e-05,0.00415184
Original,Original,150.0,0.00472727,2.243e-05,0.00474496
Original,Original,150.0,0.00436364,2.071e-05,0.00474496
Original,Original,150.0,0.00290909,6.9e-06,0.00237248
Original,Original,150.0,0.00436364,2.329e-05,0.00533808
Original,Original,150.0,0.00327273,1.165e-05,0.00355872
Original,Original,150.0,0.00436364,1.812e-05,0.00415184
Original,Original,150.0,0.00363636,1.294e-05,0.00355872
Original,Original,150.0,0.00509091,1.51e-05,0.0029656
Original,Original,150.0,0.00290909,1.898e-05,0.00652432
Original,Original,150.0,0.00509091,3.925e-05,0.00771056
Original,Original,150.0,0.00436364,1.553e-05,0.00355872
Original,Original,150.0,0.00436364,2.329e-05,0.00533808
Original,Original,150.0,0.00436364,1.035e-05,0.00237248
Original,Original,150.0,0.00436364,2.847e-05,0.00652432
Original,Original,150.0,0.00290909,1.898e-05,0.00652432
Original,Original,150.0,0.00472727,3.084e-05,0.00652432
Original,Original,150.0,0.00436364,1.035e-05,0.00237248
Original,Original,150.0,0.00436364,2.071e-05,0.00474496
Original,Original,150.0,0.004,1.898e-05,0.00474496
Original,Original,150.0,0.00472727,1.963e-05,0.00415184
Original,Original,150.0,0.00327273,5.82e-06,0.00177936
Original,Original,150.0,0.00436364,1.294e-05,0.0029656
Original,Original,150.0,0.00472727,3.084e-05,0.00652432
Original,Original,150.0,0.00436364,3.365e-05,0.00771056
Original,Original,150.0,0.00545455,2.588e-05,0.00474496
Original,Original,150.0,0.00363636,8.63e-06,0.00237248
Original,Original,150.0,0.00290909,1.898e-05,0.00652432
Original,Original,150.0,0.004,1.423e-05,0.00355872
Original,Original,150.0,0.00436364,1.035e-05,0.00237248
Original,Original,150.0,0.00436364,2.329e-05,0.00533808
Original,Original,150.0,0.00436364,3.106e-05,0.00711744
Original,Original,150.0,0.00436364,2.847e-05,0.00652432
Original,Original,150.0,0.00436364,1.294e-05,0.0029656
Original,Original,150.0,0.00472727,8.41e-06,0.00177936
Original,Original,150.0,0.00472727,3.084e-05,0.00652432
Original,Original,150.0,0.00363636,2.372e-05,0.00652432
Original,Original,150.0,0.00436364,7.76e-06,0.00177936
Original,Original,150.0,0.00436364,3.365e-05,0.00771056
Original,Original,150.0,0.004,1.186e-05,0.0029656
Original,Original,150.0,0.00327273,1.359e-05,0.00415184
Original,Original,150.0,0.00436364,3.106e-05,0.00711744
Original,Original,150.0,0.00436364,7.76e-06,0.00177936
Original,Original,150.0,0.00363636,1.294e-05,0.00355872
Original,Original,150.0,0.00436364,2.588e-05,0.0059312
Original,Original,150.0,0.00436364,1.553e-05,0.00355872
Original,Original,150.0,0.00472727,2.804e-05,0.0059312
Original,Original,150.0,0.00327273,2.135e-05,0.00652432
Original,Original,150.0,0.004,1.423e-05,0.00355872
Original,Original,150.0,0.00472727,1.402e-05,0.0029656
Original,Original,150.0,0.004,1.423e-05,0.00355872
Original,Original,150.0,0.00472727,1.682e-05,0.00355872
Original,Original,150.0,0.00327273,1.553e-05,0.00474496
Original,Original,150.0,0.00290909,8.63e-06,0.0029656
Original,Original,150.0,0.00509091,3.925e-05,0.00771056
Original,Original,150.0,0.00545455,3.235e-05,0.0059312
Original,Original,150.0,0.00545455,1.941e-05,0.00355872
Original,Original,150.0,0.00654545,1.165e-05,0.00177936
Original,Original,150.0,0.00509091,9.06e-06,0.00177936
Original,Original,150.0,0.00472727,3.645e-05,0.00771056
Original,Original,150.0,0.00690909,3.278e-05,0.00474496
Original,Original,150.0,0.00618182,5.866e-05,0.00948992
Original,Original,150.0,0.00509091,2.718e-05,0.00533808
Original,Original,150.0,0.00509091,2.114e-05,0.00415184
Original,Original,150.0,0.00545455,4.853e-05,0.0088968
Original,Original,150.0,0.00581818,3.106e-05,0.00533808
Original,Original,150.0,0.00472727,3.925e-05,0.00830368
Original,Original,150.0,0.00618182,1.833e-05,0.0029656
Original,Original,150.0,0.004,1.423e-05,0.00355872
Original,Original,150.0,0.00545455,3.882e-05,0.00711744
Original,Original,150.0,0.00509091,1.208e-05,0.00237248
Original,Original,150.0,0.00436364,2.329e-05,0.00533808
Original,Original,150.0,0.00509091,1.812e-05,0.00355872
Original,Original,150.0,0.00472727,3.084e-05,0.00652432
Original,Original,150.0,0.00509091,4.227e-05,0.00830368
Original,Original,150.0,0.00545455,3.882e-05,0.00711744
Original,Original,150.0,0.00509091,9.06e-06,0.00177936
Original,Original,150.0,0.00436364,1.812e-05,0.00415184
Original,Original,150.0,0.00581818,4.831e-05,0.00830368
Original,Original,150.0,0.00509091,1.812e-05,0.00355872
Original,Original,150.0,0.00581818,1.725e-05,0.0029656
Original,Original,150.0,0.00618182,1.467e-05,0.00237248
Original,Original,150.0,0.00472727,1.122e-05,0.00237248
Original,Original,150.0,0.00581818,3.796e-05,0.00652432
Original,Original,150.0,0.00545455,5.176e-05,0.00948992
Original,Original,150.0,0.00545455,3.235e-05,0.0059312
Original,Original,150.0,0.00545455,3.235e-05,0.0059312
Original,Original,150.0,0.00472727,3.645e-05,0.00771056
Original,Original,150.0,0.00618182,4.4e-05,0.00711744
Original,Original,150.0,0.00509091,4.227e-05,0.00830368
Original,Original,150.0,0.00509091,3.925e-05,0.00771056
Original,Original,150.0,0.00618182,2.2e-05,0.00355872
Original,Original,150.0,0.00509091,2.718e-05,0.00533808
Original,Original,150.0,0.00545455,3.235e-05,0.0059312
Original,Original,150.0,0.00581818,2.416e-05,0.00415184
Original,Original,150.0,0.00545455,4.853e-05,0.0088968
Original,Original,150.0,0.00472727,2.523e-05,0.00533808
Original,Original,150.0,0.00545455,3.559e-05,0.00652432
Original,Original,150.0,0.00618182,1.1e-05,0.00177936
Original,Original,150.0,0.004,1.661e-05,0.00415184
Original,Original,150.0,0.00509091,4.227e-05,0.00830368
Original,Original,150.0,0.00654545,4.27e-05,0.00652432
Original,Original,150.0,0.00581818,1.725e-05,0.0029656
Original,Original,150.0,0.00581818,3.451e-05,0.0059312
Original,Original,150.0,0.00690909,4.508e-05,0.00652432
Original,Original,150.0,0.00509091,4.227e-05,0.00830368
Original,Original,150.0,0.00545455,2.588e-05,0.00474496
Original,Original,150.0,0.00654545,5.823e-05,0.0088968
Original,Original,150.0,0.00436364,2.847e-05,0.00652432
Original,Original,150.0,0.00436364,3.106e-05,0.00711744
Original,Original,150.0,0.00581818,5.176e-05,0.0088968
Original,Original,150.0,0.00581818,2.761e-05,0.00474496
Original,Original,150.0,0.00618182,3.3e-05,0.00533808
Original,Original,150.0,0.00509091,2.718e-05,0.00533808
Original,Original,150.0,0.00727273,2.588e-05,0.00355872
Original,Original,150.0,0.00581818,4.486e-05,0.00771056
Original,Original,150.0,0.00436364,2.329e-05,0.00533808
Original,Original,150.0,0.00509091,2.114e-05,0.00415184
Original,Original,150.0,0.00618182,5.5e-05,0.0088968
Original,Original,150.0,0.00581818,5.521e-05,0.00948992
Original,Original,150.0,0.004,1.898e-05,0.00474496
Original,Original,150.0,0.00436364,2.588e-05,0.0059312
Original,Original,150.0,0.00545455,4.206e-05,0.00771056
Original,Original,150.0,0.00545455,1.618e-05,0.0029656
Original,Original,150.0,0.00581818,2.416e-05,0.00415184
Original,Original,150.0,0.00509091,2.416e-05,0.00474496
Original,Original,150.0,0.00581818,3.451e-05,0.0059312
Original,Original,150.0,0.00545455,3.559e-05,0.00652432
Original,Original,150.0,0.00545455,1.294e-05,0.00237248
Original,Original,150.0,0.00509091,4.227e-05,0.00830368
Original,Original,150.0,0.00581818,1.725e-05,0.0029656
Original,Original,150.0,0.00436364,2.847e-05,0.00652432
Original,Original,150.0,0.00618182,3.3e-05,0.00533808
Original,Original,150.0,0.00472727,2.523e-05,0.00533808
Original,Original,150.0,0.00690909,4.508e-05,0.00652432
Original,Original,150.0,0.00509091,3.623e-05,0.00711744
Original,Original,150.0,0.00618182,2.933e-05,0.00474496
Original,Original,150.0,0.00581818,4.141e-05,0.00711744
Original,Original,150.0,0.00509091,3.925e-05,0.00771056
Original,Original,150.0,0.00545455,1.294e-05,0.00237248
Original,Original,150.0,0.00509091,4.529e-05,0.0088968
Original,Original,150.0,0.00618182,5.133e-05,0.00830368
Original,Original,150.0,0.00654545,4.659e-05,0.00711744
Original,Original,150.0,0.00581818,4.486e-05,0.00771056
Original,Original,150.0,0.00509091,1.812e-05,0.00355872
Original,Original,150.0,0.00436364,2.847e-05,0.00652432
Original,Original,150.0,0.00581818,4.486e-05,0.00771056
Original,Original,150.0,0.00581818,3.451e-05,0.0059312
Original,Original,150.0,0.004,2.847e-05,0.00711744
Original,Original,150.0,0.00545455,3.882e-05,0.00711744
Original,Original,150.0,0.00509091,2.718e-05,0.00533808
Original,Original,150.0,0.00545455,1.618e-05,0.0029656
Original,Original,150.0,0.00509091,3.02e-05,0.0059312
Original,Original,150.0,0.00581818,3.106e-05,0.00533808
Original,Original,150.0,0.00545455,9.71e-06,0.00177936
Original,Original,150.0,0.00581818,1.38e-05,0.00237248
Original,Original,150.0,0.00509091,1.51e-05,0.0029656
Original,Original,150.0,0.00436364,1.035e-05,0.00237248
Original,Original,150.0,0.00545455,3.235e-05,0.0059312
Original,Original,150.0,0.00545455,4.529e-05,0.00830368
Original,Original,150.0,0.004,2.61e-05,0.00652432
Original,Original,150.0,0.00436364,1.812e-05,0.00415184
Original,Original,150.0,0.00618182,2.2e-05,0.00355872
Original,Original,150.0,0.00545455,3.559e-05,0.00652432
Original,Original,150.0,0.00436364,2.329e-05,0.00533808
Original,Original,150.0,0.00581818,1.38e-05,0.00237248
Original,Original,150.0,0.00436364,2.847e-05,0.00652432
Original,Original,150.0,0.00472727,3.645e-05,0.00771056
Original,Original,150.0,0.00654545,2.329e-05,0.00355872
Original,Original,150.0,0.00581818,4.831e-05,0.00830368
Original,Original,150.0,0.00581818,2.416e-05,0.00415184
Original,Original,150.0,0.00581818,4.831e-05,0.00830368
Original,Original,150.0,0.00581818,4.141e-05,0.00711744
Original,Original,150.0,0.00581818,1.38e-05,0.00237248
Original,Original,150.0,0.00654545,1.941e-05,0.0029656
Original,Original,150.0,0.00581818,4.831e-05,0.00830368
Original,Original,150.0,0.00545455,9.71e-06,0.00177936
Original,Original,150.0,0.00581818,5.866e-05,0.01008304
Original,Original,150.0,0.00472727,2.804e-05,0.0059312
Original,Original,150.0,0.00581818,3.796e-05,0.00652432
Original,Original,150.0,0.00581818,4.486e-05,0.00771056
Original,Original,150.0,0.00618182,2.2e-05,0.00355872
Original,Original,150.0,0.00618182,1.467e-05,0.00237248
Original,Original,150.0,0.00436364,1.812e-05,0.00415184
Original,Original,150.0,0.00436364,7.76e-06,0.00177936
Original,Original,150.0,0.00436364,1.553e-05,0.00355872
Original,Original,150.0,0.00436364,3.106e-05,0.00711744
Original,Original,150.0,0.00545455,4.853e-05,0.0088968
Original,Original,150.0,0.00545455,4.529e-05,0.00830368
Original,Original,150.0,0.00472727,2.243e-05,0.00474496
Original,Original,150.0,0.00581818,2.071e-05,0.00355872
Original,Original,150.0,0.00509091,4.227e-05,0.00830368
Original,Original,150.0,0.00618182,4.4e-05,0.00711744
Original,Original,150.0,0.00509091,2.416e-05,0.00474496
Original,Original,150.0,0.00509091,3.321e-05,0.00652432
Original,Original,150.0,0.00472727,8.41e-06,0.00177936
Original,Original,150.0,0.00545455,1.294e-05,0.00237248
Original,Original,150.0,0.00472727,3.365e-05,0.00711744
Kongsberg,Real,4.0,0.0864583333,0.0042428627,0.0490740741
Kongsberg,Real,4.0,0.1041666667,0.0064621914,0.062037037
Kongsberg,Real,4.0,0.0921875,0.0052922454,0.0574074074
Kongsberg,Real,4.0,0.0885416667,0.0049189815,0.0555555556
Kongsberg,Real,4.0,0.0901041667,0.0047554977,0.0527777778
Kongsberg,Real,4.0,0.0864583333,0.0044830247,0.0518518519
Kongsberg,Real,4.0,0.1067708333,0.0054374035,0.0509259259
Kongsberg,Real,4.0,0.0875,0.0048611111,0.0555555556
Kongsberg,Real,4.0,0.0911458333,0.0048948688,0.0537037037
Kongsberg,Real,4.0,0.084375,0.004140625,0.0490740741
Kongsberg,Real,4.0,0.09375,0.0048611111,0.0518518519
Kongsberg,Real,4.0,0.0765625,0.0037572338,0.0490740741
Kongsberg,Real,4.0,0.078125,0.0047743056,0.0611111111
Kongsberg,Real,4.0,0.0729166667,0.0030381944,0.0416666667
Kongsberg,Real,4.0,0.0833333333,0.0033950617,0.0407407407
Kongsberg,Real,4.0,0.1,0.0037037037,0.037037037
Kongsberg,Real,4.0,0.0916666667,0.0042438272,0.0462962963
Kongsberg,Real,4.0,0.0869791667,0.0033825231,0.0388888889
Kongsberg,Real,9.0,0.0416666667,0.0011574074,0.0277777778
Kongsberg,Real,9.0,0.04375,0.0010127315,0.0231481481
Kongsberg,Real,9.0,0.0473958333,0.0010971258,0.0231481481
Kongsberg,Real,9.0,0.0369791667,0.0009587191,0.0259259259
Kongsberg,Real,9.0,0.0395833333,0.0010262346,0.0259259259
Kongsberg,Real,9.0,0.0427083333,0.0011863426,0.0277777778
Kongsberg,Real,9.0,0.0385416667,0.0009992284,0.0259259259
Kongsberg,Real,9.0,0.0375,0.0009027778,0.0240740741
Kongsberg,Real,9.0,0.0442708333,0.0013117284,0.0296296296
Kongsberg,Real,9.0,0.04375,0.0012962963,0.0296296296
Kongsberg,Real,9.0,0.0427083333,0.0010677083,0.025
Kongsberg,Real,9.0,0.0416666667,0.0011574074,0.0277777778
Kongsberg,Real,9.0,0.0395833333,0.001099537,0.0277777778
Kongsberg,Real,9.0,0.0395833333,0.0009162809,0.0231481481
Kongsberg,Real,9.0,0.0416666667,0.0009645062,0.0231481481
Kongsberg,Real,9.0,0.0427083333,0.0011072531,0.0259259259
Kongsberg,Real,9.0,0.0385416667,0.0009992284,0.0259259259
Kongsberg,Real,9.0,0.0411458333,0.0009905478,0.0240740741
Kongsberg,Real,9.0,0.04375,0.0011342593,0.0259259259
Kongsberg,Real,9.0,0.040625,0.0013165509,0.0324074074
Kongsberg,Real,9.0,0.040625,0.0011284722,0.0277777778
Kongsberg,Real,9.0,0.0395833333,0.0010262346,0.0259259259
Kongsberg,Real,9.0,0.0458333333,0.0012731481,0.0277777778
Kongsberg,Real,9.0,0.040625,0.0010532407,0.0259259259
Kongsberg,Real,9.0,0.0395833333,0.0009162809,0.0231481481
Kongsberg,Real,9.0,0.0375,0.0009722222,0.0259259259
Kongsberg,Real,15.0,0.0223958333,0.0002903164,0.012962963
Kongsberg,Real,15.0,0.0213541667,0.0002965856,0.0138888889
Kongsberg,Real,15.0,0.0244791667,0.0003173225,0.012962963
Kongsberg,Real,15.0,0.01875,0.0002777778,0.0148148148
Kongsberg,Real,15.0,0.0192708333,0.0002676505,0.0138888889
Kongsberg,Real,15.0,0.0208333333,0.000308642,0.0148148148
Kongsberg,Real,15.0,0.0182291667,0.0002700617,0.0148148148
Kongsberg,Real,15.0,0.0223958333,0.000352527,0.0157407407
Kongsberg,Real,15.0,0.0244791667,0.0003626543,0.0148148148
Kongsberg,Real,15.0,0.0208333333,0.000308642,0.0148148148
Kongsberg,Real,15.0,0.0244791667,0.0003173225,0.012962963
Kongsberg,Real,15.0,0.0234375,0.0002821181,0.012037037
Kongsberg,Real,15.0,0.01875,0.0002430556,0.012962963
Kongsberg,Real,15.0,0.0192708333,0.0002498071,0.012962963
Kongsberg,Real,15.0,0.0208333333,0.0002893519,0.0138888889
Kongsberg,Real,15.0,0.0208333333,0.0002700617,0.012962963
Kongsberg,Real,20.0,0.0182291667,0.0002025463,0.0111111111
Kongsberg,Real,20.0,0.0192708333,0.0002319637,0.012037037
Kongsberg,Real,20.0,0.0171875,0.0002228009,0.012962963
Kongsberg,Real,20.0,0.0166666667,0.0002006173,0.012037037
Kongsberg,Real,20.0,0.0177083333,0.0002295525,0.012962963
Kongsberg,Real,20.0,0.0171875,0.0001750579,0.0101851852
Kongsberg,Real,20.0,0.0171875,0.0001750579,0.0101851852
Kongsberg,Real,20.0,0.015625,0.0001880787,0.012037037
Kongsberg,Real,20.0,0.015625,0.0001446759,0.0092592593
Kongsberg,Real,20.0,0.0166666667,0.0001851852,0.0111111111
Kongsberg,Real,20.0,0.0166666667,0.0001851852,0.0111111111
Kongsberg,Real,20.0,0.0151041667,0.0001818094,0.012037037
Kongsberg,Real,20.0,0.01875,0.0002256944,0.012037037
Kongsberg,Real,20.0,0.0177083333,0.0002131559,0.012037037
Kongsberg,Real,20.0,0.0166666667,0.0001697531,0.0101851852
Kongsberg,Real,20.0,0.0171875,0.0002068866,0.012037037
Kongsberg,Real,20.0,0.0171875,0.0001909722,0.0111111111
Kongsberg,Real,20.0,0.0192708333,0.0002319637,0.012037037
Kongsberg,Real,20.0,0.01875,0.0002083333,0.0111111111
Kongsberg,Real,20.0,0.0192708333,0.0002319637,0.012037037
Kongsberg,Real,20.0,0.0182291667,0.0002025463,0.0111111111
Kongsberg,Real,20.0,0.015625,0.0001880787,0.012037037
Kongsberg,Real,20.0,0.0161458333,0.000194348,0.012037037
Kongsberg,Real,20.0,0.0151041667,0.0001818094,0.012037037
Kongsberg,Real,20.0,0.0182291667,0.0002025463,0.0111111111
Kongsberg,Real,25.0,0.0166666667,0.0001851852,0.0111111111
Kongsberg,Real,25.0,0.0145833333,0.000148534,0.0101851852
Kongsberg,Real,25.0,0.0161458333,0.0001793981,0.0111111111
Kongsberg,Real,25.0,0.015625,0.0001736111,0.0111111111
Kongsberg,Real,25.0,0.0125,0.0001157407,0.0092592593
Kongsberg,Real,25.0,0.0151041667,0.0001538387,0.0101851852
Kongsberg,Real,25.0,0.0140625,0.0001432292,0.0101851852
Kongsberg,Real,25.0,0.0151041667,0.0001398534,0.0092592593
Kongsberg,Real,25.0,0.0140625,0.0001302083,0.0092592593
Kongsberg,Real,25.0,0.015625,0.0001446759,0.0092592593
Kongsberg,Real,25.0,0.0145833333,0.000162037,0.0111111111
Kongsberg,Real,25.0,0.015625,0.0001591435,0.0101851852
Kongsberg,Real,25.0,0.0151041667,0.0001398534,0.0092592593
Kongsberg,Real,25.0,0.0145833333,0.000148534,0.0101851852
Kongsberg,Real,25.0,0.0161458333,0.0001644483,0.0101851852
Kongsberg,Real,25.0,0.0145833333,0.0001350309,0.0092592593
Kongsberg,Real,30.0,0.0145833333,0.0001350309,0.0092592593
Kongsberg,Real,30.0,0.0130208333,0.0001085069,0.0083333333
Kongsberg,Real,30.0,0.0130208333,0.0001205633,0.0092592593
Kongsberg,Real,30.0,0.0130208333,0.0001326196,0.0101851852
Kongsberg,Real,30.0,0.0135416667,0.0001128472,0.0083333333
Kongsberg,Real,30.0,0.0119791667,0.0001109182,0.0092592593
Kongsberg,Real,30.0,0.0119791667,0.0001109182,0.0092592593
Kongsberg,Real,30.0,0.0119791667,9.98264e-05,0.0083333333
Kongsberg,Real,30.0,0.0125,0.0001157407,0.0092592593
Kongsberg,Real,30.0,0.0140625,0.0001302083,0.0092592593
Kongsberg,Real,30.0,0.0114583333,0.0001167052,0.0101851852
Kongsberg,Real,30.0,0.0130208333,0.0001205633,0.0092592593
Kongsberg,Real,30.0,0.0135416667,0.0001253858,0.0092592593
Kongsberg,Real,30.0,0.0098958333,8.24653e-05,0.0083333333
Kongsberg,Real,30.0,0.0104166667,9.64506e-05,0.0092592593
Kongsberg,Real,30.0,0.0125,0.0001157407,0.0092592593
Kongsberg,Real,30.0,0.0119791667,9.98264e-05,0.0083333333
Kongsberg,Real,30.0,0.0114583333,0.0001060957,0.0092592593
Kongsberg,Real,30.0,0.0125,0.0001041667,0.0083333333
Kongsberg,Real,35.0,0.0109375,9.11458e-05,0.0083333333
Kongsberg,Real,35.0,0.0114583333,8.48765e-05,0.0074074074
Kongsberg,Real,35.0,0.0104166667,7.71605e-05,0.0074074074
Kongsberg,Real,35.0,0.009375,7.8125e-05,0.0083333333
Kongsberg,Real,35.0,0.0098958333,8.24653e-05,0.0083333333
Kongsberg,Real,35.0,0.0104166667,8.68056e-05,0.0083333333
Kongsberg,Real,35.0,0.0104166667,8.68056e-05,0.0083333333
Kongsberg,Real,35.0,0.0104166667,8.68056e-05,0.0083333333
Kongsberg,Real,35.0,0.0114583333,9.54861e-05,0.0083333333
Kongsberg,Real,35.0,0.0109375,8.10185e-05,0.0074074074
Kongsberg,Real,35.0,0.0104166667,8.68056e-05,0.0083333333
Kongsberg,Real,35.0,0.0104166667,7.71605e-05,0.0074074074
Kongsberg,Real,35.0,0.0119791667,9.98264e-05,0.0083333333
Kongsberg,Real,35.0,0.0109375,9.11458e-05,0.0083333333
Kongsberg,Real,35.0,0.0083333333,6.17284e-05,0.0074074074
Kongsberg,Real,35.0,0.0083333333,7.71605e-05,0.0092592593
Kongsberg,Real,35.0,0.0078125,5.78704e-05,0.0074074074
Kongsberg,Real,35.0,0.0104166667,8.68056e-05,0.0083333333
Kongsberg,Real,35.0,0.0114583333,0.0001060957,0.0092592593
Kongsberg,Real,35.0,0.0109375,0.0001012731,0.0092592593
Kongsberg,Real,35.0,0.0098958333,7.33025e-05,0.0074074074
Kongsberg,Real,40.0,0.0104166667,7.71605e-05,0.0074074074
Kongsberg,Real,40.0,0.0109375,9.11458e-05,0.0083333333
Kongsberg,Real,40.0,0.0109375,8.10185e-05,0.0074074074
Kongsberg,Real,40.0,0.0098958333,7.33025e-05,0.0074074074
Kongsberg,Real,40.0,0.0104166667,7.71605e-05,0.0074074074
Kongsberg,Real,40.0,0.0098958333,7.33025e-05,0.0074074074
Kongsberg,Real,40.0,0.009375,7.8125e-05,0.0083333333
Kongsberg,Real,40.0,0.0104166667,8.68056e-05,0.0083333333
Kongsberg,Real,40.0,0.0088541667,6.55864e-05,0.0074074074
Kongsberg,Real,40.0,0.0098958333,8.24653e-05,0.0083333333
Kongsberg,Real,40.0,0.0109375,8.10185e-05,0.0074074074
Kongsberg,Real,40.0,0.0114583333,8.48765e-05,0.0074074074
Kongsberg,Real,40.0,0.009375,6.94444e-05,0.0074074074
Kongsberg,Real,40.0,0.0109375,9.11458e-05,0.0083333333
Kongsberg,Real,40.0,0.0114583333,0.0001167052,0.0101851852
Kongsberg,Real,40.0,0.009375,6.94444e-05,0.0074074074
Kongsberg,Real,40.0,0.0114583333,9.54861e-05,0.0083333333
Kongsberg,Real,40.0,0.0098958333,9.16281e-05,0.0092592593
Kongsberg,Real,40.0,0.009375,6.94444e-05,0.0074074074
Kongsberg,Real,40.0,0.009375,6.94444e-05,0.0074074074
Kongsberg,Real,40.0,0.0114583333,9.54861e-05,0.0083333333
Kongsberg,Real,45.0,0.009375,6.07639e-05,0.0064814815
Kongsberg,Real,45.0,0.0088541667,5.73881e-05,0.0064814815
Kongsberg,Real,45.0,0.0088541667,5.73881e-05,0.0064814815
Kongsberg,Real,45.0,0.0083333333,5.40123e-05,0.0064814815
Kongsberg,Real,45.0,0.009375,6.07639e-05,0.0064814815
Kongsberg,Real,45.0,0.0078125,5.78704e-05,0.0074074074
Kongsberg,Real,45.0,0.0072916667,4.72608e-05,0.0064814815
Kongsberg,Real,45.0,0.0078125,5.78704e-05,0.0074074074
Kongsberg,Real,45.0,0.009375,6.07639e-05,0.0064814815
Kongsberg,Real,45.0,0.009375,6.07639e-05,0.0064814815
Kongsberg,Real,45.0,0.009375,6.07639e-05,0.0064814815
Kongsberg,Real,45.0,0.0072916667,4.72608e-05,0.0064814815
Kongsberg,Real,45.0,0.0088541667,5.73881e-05,0.0064814815
Kongsberg,Real,45.0,0.0078125,5.06366e-05,0.0064814815
Kongsberg,Real,45.0,0.0078125,3.6169e-05,0.0046296296
Kongsberg,Real,45.0,0.0078125,5.06366e-05,0.0064814815
Kongsberg,Real,45.0,0.0083333333,5.40123e-05,0.0064814815
Kongsberg,Real,45.0,0.0098958333,6.41397e-05,0.0064814815
Kongsberg,Real,45.0,0.0088541667,5.73881e-05,0.0064814815
Kongsberg,Real,45.0,0.009375,6.07639e-05,0.0064814815
Kongsberg,Real,50.0,0.0067708333,4.3885e-05,0.0064814815
Kongsberg,Real,50.0,0.0078125,5.78704e-05,0.0074074074
Kongsberg,Real,50.0,0.0072916667,4.72608e-05,0.0064814815
Kongsberg,Real,50.0,0.0083333333,5.40123e-05,0.0064814815
Kongsberg,Real,50.0,0.0098958333,6.41397e-05,0.0064814815
Kongsberg,Real,50.0,0.0078125,4.34028e-05,0.0055555556
Kongsberg,Real,50.0,0.0067708333,3.13465e-05,0.0046296296
Kongsberg,Real,50.0,0.0078125,5.06366e-05,0.0064814815
Kongsberg,Real,50.0,0.0072916667,4.72608e-05,0.0064814815
Kongsberg,Real,50.0,0.0098958333,6.41397e-05,0.0064814815
Kongsberg,Real,50.0,0.0078125,5.06366e-05,0.0064814815
Kongsberg,Real,50.0,0.0083333333,6.17284e-05,0.0074074074
Kongsberg,Real,50.0,0.0098958333,6.41397e-05,0.0064814815
Kongsberg,Real,50.0,0.009375,7.8125e-05,0.0083333333
Kongsberg,Real,50.0,0.009375,6.07639e-05,0.0064814815
Kongsberg,Real,50.0,0.0104166667,6.75154e-05,0.0064814815
Kongsberg,Real,50.0,0.009375,6.07639e-05,0.0064814815
Kongsberg,Real,50.0,0.0078125,5.06366e-05,0.0064814815
Kongsberg,Real,50.0,0.0088541667,5.73881e-05,0.0064814815
Kongsberg,Real,50.0,0.0098958333,5.49769e-05,0.0055555556
Kongsberg,Real,50.0,0.009375,6.07639e-05,0.0064814815
Vestfold,Real,5.0,0.0796875,0.0047222222,0.0592592593
Vestfold,Real,5.0,0.0864583333,0.0056037809,0.0648148148
Vestfold,Real,5.0,0.08125,0.0058680556,0.0722222222
Vestfold,Real,5.0,0.0713541667,0.0054176312,0.0759259259
Vestfold,Real,5.0,0.0755208333,0.0051046489,0.0675925926
Vestfold,Real,5.0,0.0755208333,0.0052445023,0.0694444444
Vestfold,Real,10.0,0.0755208333,0.0045452353,0.0601851852
Vestfold,Real,10.0,0.0760416667,0.0049286265,0.0648148148
Vestfold,Real,10.0,0.0744791667,0.0043446181,0.0583333333
Vestfold,Real,10.0,0.0765625,0.0049623843,0.0648148148
Vestfold,Real,10.0,0.0765625,0.0043952546,0.0574074074
Vestfold,Real,10.0,0.0817708333,0.0043156829,0.0527777778
Vestfold,Real,10.0,0.096875,0.0053819444,0.0555555556
Vestfold,Real,10.0,0.0927083333,0.0056655093,0.0611111111
Vestfold,Real,10.0,0.0765625,0.0041116898,0.0537037037
Vestfold,Real,10.0,0.0807291667,0.0038869599,0.0481481481
Vestfold,Real,10.0,0.0921875,0.0052922454,0.0574074074
Vestfold,Real,10.0,0.0921875,0.0055483218,0.0601851852
Vestfold,Real,10.0,0.0854166667,0.0053780864,0.062962963
Vestfold,Real,10.0,0.0765625,0.0047497106,0.062037037
Vestfold,Real,10.0,0.0885416667,0.0061487269,0.0694444444
Vestfold,Real,10.0,0.1,0.0064814815,0.0648148148
Vestfold,Real,10.0,0.0921875,0.0057190394,0.062037037
Vestfold,Real,10.0,0.0916666667,0.005941358,0.0648148148
Vestfold,Real,10.0,0.0921875,0.0057190394,0.062037037
Vestfold,Real,15.0,0.0375,0.0011111111,0.0296296296
Vestfold,Real,15.0,0.0364583333,0.0009789738,0.0268518519
Vestfold,Real,15.0,0.0395833333,0.0013560957,0.0342592593
Vestfold,Real,15.0,0.0401041667,0.001373939,0.0342592593
Vestfold,Real,15.0,0.0416666667,0.0014274691,0.0342592593
Vestfold,Real,15.0,0.0385416667,0.001320409,0.0342592593
Vestfold,Real,15.0,0.0421875,0.001484375,0.0351851852
Vestfold,Real,15.0,0.04375,0.0014178241,0.0324074074
Vestfold,Real,15.0,0.040625,0.0012789352,0.0314814815
Vestfold,Real,15.0,0.0416666667,0.0013503086,0.0324074074
Vestfold,Real,15.0,0.040625,0.0011284722,0.0277777778
Vestfold,Real,15.0,0.040625,0.0011284722,0.0277777778
Vestfold,Real,15.0,0.0364583333,0.0009789738,0.0268518519
Vestfold,Real,15.0,0.0416666667,0.0012345679,0.0296296296
Vestfold,Real,15.0,0.0364583333,0.0011815201,0.0324074074
Vestfold,Real,15.0,0.0364583333,0.0012152778,0.0333333333
Vestfold,Real,15.0,0.034375,0.0010503472,0.0305555556
Vestfold,Real,15.0,0.046875,0.0016059028,0.0342592593
Vestfold,Real,15.0,0.040625,0.0012037037,0.0296296296
Vestfold,Real,15.0,0.0479166667,0.0018190586,0.037962963
Vestfold,Real,15.0,0.0385416667,0.0015345293,0.0398148148
Vestfold,Real,15.0,0.04375,0.001255787,0.0287037037
Vestfold,Real,15.0,0.0364583333,0.000945216,0.0259259259
Vestfold,Real,15.0,0.0390625,0.0010850694,0.0277777778
Vestfold,Real,15.0,0.0385416667,0.0014631559,0.037962963
Vestfold,Real,15.0,0.0432291667,0.0013208912,0.0305555556
Vestfold,Real,15.0,0.0416666667,0.0012345679,0.0296296296
Vestfold,Real,15.0,0.0458333333,0.0016975309,0.037037037
Vestfold,Real,20.0,0.0291666667,0.0007291667,0.025
Vestfold,Real,20.0,0.0302083333,0.000699267,0.0231481481
Vestfold,Real,20.0,0.0296875,0.0006597222,0.0222222222
Vestfold,Real,20.0,0.0317708333,0.000735436,0.0231481481
Vestfold,Real,20.0,0.0307291667,0.000825135,0.0268518519
Vestfold,Real,20.0,0.0302083333,0.0007272377,0.0240740741
Vestfold,Real,20.0,0.0296875,0.0007146991,0.0240740741
Vestfold,Real,20.0,0.025,0.0005324074,0.0212962963
Vestfold,Real,20.0,0.0244791667,0.0004759838,0.0194444444
Vestfold,Real,20.0,0.0307291667,0.0006544174,0.0212962963
Vestfold,Real,20.0,0.0317708333,0.0006766011,0.0212962963
Vestfold,Real,20.0,0.0296875,0.0006322338,0.0212962963
Vestfold,Real,20.0,0.0260416667,0.0004581404,0.0175925926
Vestfold,Real,20.0,0.0296875,0.0005497685,0.0185185185
Vestfold,Real,20.0,0.0317708333,0.0006766011,0.0212962963
Vestfold,Real,20.0,0.0302083333,0.000699267,0.0231481481
Vestfold,Real,20.0,0.028125,0.0005989583,0.0212962963
Vestfold,Real,20.0,0.0260416667,0.0006028164,0.0231481481
Vestfold,Real,20.0,0.0307291667,0.0006828704,0.0222222222
Vestfold,Real,20.0,0.0317708333,0.0007648534,0.0240740741
Vestfold,Real,20.0,0.0317708333,0.0007060185,0.0222222222
Vestfold,Real,25.0,0.0234375,0.000390625,0.0166666667
Vestfold,Real,25.0,0.021875,0.0003443287,0.0157407407
Vestfold,Real,25.0,0.0223958333,0.0003940008,0.0175925926
Vestfold,Real,25.0,0.0229166667,0.0004031636,0.0175925926
Vestfold,Real,25.0,0.0244791667,0.000430652,0.0175925926
Vestfold,Real,25.0,0.025,0.0004166667,0.0166666667
Vestfold,Real,25.0,0.0255208333,0.0004489776,0.0175925926
Vestfold,Real,25.0,0.0229166667,0.0003607253,0.0157407407
Vestfold,Real,25.0,0.021875,0.0003443287,0.0157407407
Vestfold,Real,25.0,0.0203125,0.0003197338,0.0157407407
Vestfold,Real,25.0,0.0208333333,0.000308642,0.0148148148
Vestfold,Real,25.0,0.021875,0.0003240741,0.0148148148
Vestfold,Real,25.0,0.025,0.0003935185,0.0157407407
Vestfold,Real,25.0,0.0229166667,0.0003607253,0.0157407407
Vestfold,Real,25.0,0.021875,0.0002835648,0.012962963
Vestfold,Real,25.0,0.0208333333,0.0003472222,0.0166666667
Vestfold,Real,25.0,0.0260416667,0.0004099151,0.0157407407
Vestfold,Real,25.0,0.0229166667,0.0003819444,0.0166666667
Vestfold,Real,25.0,0.021875,0.0003645833,0.0166666667
Vestfold,Real,25.0,0.021875,0.0004050926,0.0185185185
Vestfold,Real,25.0,0.0234375,0.0004123264,0.0175925926
Vestfold,Real,25.0,0.0244791667,0.000430652,0.0175925926
Vestfold,Real,25.0,0.021875,0.000384838,0.0175925926
Vestfold,Real,25.0,0.0223958333,0.0003732639,0.0166666667
Vestfold,Real,25.0,0.021875,0.0003645833,0.0166666667
Vestfold,Real,25.0,0.021875,0.0003645833,0.0166666667
Vestfold,Real,30.0,0.0171875,0.000270544,0.0157407407
Vestfold,Real,30.0,0.0203125,0.0003573495,0.0175925926
Vestfold,Real,30.0,0.0171875,0.0003023727,0.0175925926
Vestfold,Real,30.0,0.0192708333,0.0003747106,0.0194444444
Vestfold,Real,30.0,0.0192708333,0.0003211806,0.0166666667
Vestfold,Real,30.0,0.0166666667,0.0002314815,0.0138888889
Vestfold,Real,30.0,0.0208333333,0.0003472222,0.0166666667
Vestfold,Real,30.0,0.01875,0.0002777778,0.0148148148
Vestfold,Real,30.0,0.0166666667,0.0002160494,0.012962963
Vestfold,Real,30.0,0.0171875,0.000270544,0.0157407407
Vestfold,Real,30.0,0.0208333333,0.0003279321,0.0157407407
Vestfold,Real,30.0,0.0208333333,0.0003472222,0.0166666667
Vestfold,Real,30.0,0.0151041667,0.0002517361,0.0166666667
Vestfold,Real,30.0,0.0182291667,0.0003206983,0.0175925926
Vestfold,Real,30.0,0.0197916667,0.0003298611,0.0166666667
Vestfold,Real,30.0,0.01875,0.0003472222,0.0185185185
Vestfold,Real,35.0,0.0223958333,0.0004562114,0.0203703704
Vestfold,Real,35.0,0.0197916667,0.0003298611,0.0166666667
Vestfold,Real,35.0,0.01875,0.0002777778,0.0148148148
Vestfold,Real,35.0,0.0166666667,0.0002006173,0.012037037
Vestfold,Real,35.0,0.0177083333,0.0002623457,0.0148148148
Vestfold,Real,35.0,0.01875,0.0003298611,0.0175925926
Vestfold,Real,35.0,0.0197916667,0.0003665123,0.0185185185
Vestfold,Real,35.0,0.01875,0.0003472222,0.0185185185
Vestfold,Real,35.0,0.015625,0.0002025463,0.012962963
Vestfold,Real,35.0,0.0166666667,0.0002623457,0.0157407407
Vestfold,Real,35.0,0.0208333333,0.0003472222,0.0166666667
Vestfold,Real,35.0,0.01875,0.0002951389,0.0157407407
Vestfold,Real,35.0,0.0182291667,0.0003038194,0.0166666667
Vestfold,Real,35.0,0.0171875,0.0002387153,0.0138888889
Vestfold,Real,35.0,0.0151041667,0.0002097801,0.0138888889
Vestfold,Real,35.0,0.0182291667,0.0002531829,0.0138888889
Vestfold,Real,35.0,0.01875,0.0003125,0.0166666667
Vestfold,Real,35.0,0.01875,0.0002777778,0.0148148148
Vestfold,Real,35.0,0.0192708333,0.0002854938,0.0148148148
Vestfold,Real,35.0,0.0161458333,0.0002242477,0.0138888889
Vestfold,Real,35.0,0.0203125,0.0003385417,0.0166666667
Vestfold,Real,35.0,0.0192708333,0.0002854938,0.0148148148
Vestfold,Real,35.0,0.0197916667,0.0002932099,0.0148148148
Vestfold,Real,35.0,0.0182291667,0.0002531829,0.0138888889
Vestfold,Real,35.0,0.0197916667,0.0003298611,0.0166666667
Vestfold,Real,35.0,0.01875,0.0002777778,0.0148148148
Vestfold,Real,40.0,0.0161458333,0.0002242477,0.0138888889
Vestfold,Real,40.0,0.0197916667,0.0003665123,0.0185185185
Vestfold,Real,40.0,0.0166666667,0.0002314815,0.0138888889
Vestfold,Real,40.0,0.0145833333,0.0002025463,0.0138888889
Vestfold,Real,40.0,0.0171875,0.0002546296,0.0148148148
Vestfold,Real,40.0,0.0161458333,0.0002690972,0.0166666667
Vestfold,Real,40.0,0.0145833333,0.0002160494,0.0148148148
Vestfold,Real,40.0,0.0182291667,0.0003206983,0.0175925926
Vestfold,Real,40.0,0.0182291667,0.0002869406,0.0157407407
Vestfold,Real,40.0,0.0177083333,0.0002787423,0.0157407407
Vestfold,Real,40.0,0.015625,0.0002459491,0.0157407407
Vestfold,Real,40.0,0.0177083333,0.0002787423,0.0157407407
Vestfold,Real,40.0,0.0166666667,0.0002160494,0.012962963
Vestfold,Real,40.0,0.0171875,0.0002387153,0.0138888889
Vestfold,Real,40.0,0.0151041667,0.0002097801,0.0138888889
Vestfold,Real,40.0,0.0161458333,0.0002690972,0.0166666667
Vestfold,Real,45.0,0.0130208333,0.0001808449,0.0138888889
Vestfold,Real,45.0,0.0171875,0.0003023727,0.0175925926
Vestfold,Real,45.0,0.0166666667,0.0002623457,0.0157407407
Vestfold,Real,45.0,0.0145833333,0.0002430556,0.0166666667
Vestfold,Real,45.0,0.0125,0.0001736111,0.0138888889
Vestfold,Real,45.0,0.0114583333,0.000148534,0.012962963
Vestfold,Real,45.0,0.0109375,0.0001417824,0.012962963
Vestfold,Real,45.0,0.0125,0.000150463,0.012037037
Vestfold,Real,45.0,0.0130208333,0.0001446759,0.0111111111
Vestfold,Real,45.0,0.0130208333,0.0001687886,0.012962963
Vestfold,Real,45.0,0.0109375,0.0001417824,0.012962963
Vestfold,Real,45.0,0.0130208333,0.0001567323,0.012037037
Vestfold,Real,45.0,0.0125,0.000150463,0.012037037
Vestfold,Real,45.0,0.0125,0.0001736111,0.0138888889
Vestfold,Real,45.0,0.0125,0.000150463,0.012037037
Vestfold,Real,45.0,0.0171875,0.0002864583,0.0166666667
Vestfold,Real,45.0,0.0119791667,0.0001441937,0.012037037
Vestfold,Real,45.0,0.0125,0.000150463,0.012037037
Vestfold,Real,45.0,0.0140625,0.0002083333,0.0148148148
Vestfold,Real,50.0,0.0114583333,0.0001167052,0.0101851852
Vestfold,Real,50.0,0.0114583333,0.0001273148,0.0111111111
Vestfold,Real,50.0,0.0130208333,0.0001687886,0.012962963
Vestfold,Real,50.0,0.0114583333,0.000148534,0.012962963
Vestfold,Real,50.0,0.0140625,0.0002083333,0.0148148148
Vestfold,Real,50.0,0.0135416667,0.0002256944,0.0166666667
Vestfold,Real,50.0,0.0114583333,0.000148534,0.012962963
Vestfold,Real,50.0,0.0114583333,0.0001273148,0.0111111111
Vestfold,Real,50.0,0.0135416667,0.0001880787,0.0138888889
Vestfold,Real,50.0,0.0125,0.000162037,0.012962963
Vestfold,Real,50.0,0.0119791667,0.0001331019,0.0111111111
Vestfold,Real,50.0,0.0125,0.000162037,0.012962963
Vestfold,Real,50.0,0.0125,0.0001388889,0.0111111111
Vestfold,Real,50.0,0.0135416667,0.0001755401,0.012962963
Vestfold,Real,50.0,0.0135416667,0.0002131559,0.0157407407
Vestfold,Real,50.0,0.0151041667,0.0001818094,0.012037037
Vestfold,Real,50.0,0.0125,0.000150463,0.012037037
Vestfold,Real,50.0,0.0140625,0.0001953125,0.0138888889
Vestfold,Real,50.0,0.0125,0.0001273148,0.0101851852
Vestfold,Real,50.0,0.0114583333,0.0001273148,0.0111111111
Vestfold,Real,50.0,0.0119791667,0.0001331019,0.0111111111
Vestfold,Real,55.0,0.0125,0.0001736111,0.0138888889
Vestfold,Real,55.0,0.0119791667,0.0001552855,0.012962963
Vestfold,Real,55.0,0.0125,0.000162037,0.012962963
Vestfold,Real,55.0,0.0130208333,0.0001808449,0.0138888889
Vestfold,Real,55.0,0.0140625,0.0001692708,0.012037037
Vestfold,Real,55.0,0.0109375,0.0001417824,0.012962963
Vestfold,Real,55.0,0.0109375,0.0001215278,0.0111111111
Vestfold,Real,55.0,0.0109375,0.0001316551,0.012037037
Vestfold,Real,55.0,0.0125,0.000150463,0.012037037
Vestfold,Real,55.0,0.0130208333,0.0001687886,0.012962963
Vestfold,Real,55.0,0.0130208333,0.0001687886,0.012962963
Vestfold,Real,55.0,0.0114583333,0.000148534,0.012962963
Vestfold,Real,55.0,0.0109375,0.0001417824,0.012962963
Vestfold,Real,55.0,0.0098958333,0.0001191165,0.012037037
Vestfold,Real,55.0,0.0119791667,0.0001441937,0.012037037
Vestfold,Real,55.0,0.0114583333,0.0001273148,0.0111111111
Vestfold,Real,55.0,0.0119791667,0.0001331019,0.0111111111
Vestfold,Real,55.0,0.0119791667,0.0001441937,0.012037037
Vestfold,Real,55.0,0.0125,0.000150463,0.012037037
Vestfold,Real,55.0,0.0135416667,0.0001755401,0.012962963
Vestfold,Real,60.0,0.0119791667,0.0001441937,0.012037037
Vestfold,Real,60.0,0.0135416667,0.000150463,0.0111111111
Vestfold,Real,60.0,0.0114583333,0.0001167052,0.0101851852
Vestfold,Real,60.0,0.0119791667,0.00012201,0.0101851852
Vestfold,Real,60.0,0.0130208333,0.0001567323,0.012037037
Vestfold,Real,60.0,0.0125,0.000150463,0.012037037
Vestfold,Real,60.0,0.0119791667,0.0001109182,0.0092592593
Vestfold,Real,60.0,0.0114583333,0.0001060957,0.0092592593
Vestfold,Real,60.0,0.0119791667,0.0001331019,0.0111111111
Vestfold,Real,60.0,0.0114583333,0.0001273148,0.0111111111
Vestfold,Real,60.0,0.0125,0.0001388889,0.0111111111
Vestfold,Real,60.0,0.0104166667,0.0001157407,0.0111111111
Vestfold,Real,60.0,0.0119791667,0.0001331019,0.0111111111
Vestfold,Real,65.0,0.009375,0.0001041667,0.0111111111
Vestfold,Real,65.0,0.0119791667,0.00012201,0.0101851852
Vestfold,Real,65.0,0.0114583333,0.0001273148,0.0111111111
Vestfold,Real,65.0,0.0114583333,0.0001273148,0.0111111111
Vestfold,Real,65.0,0.009375,0.0001128472,0.012037037
Vestfold,Real,65.0,0.0088541667,0.0001065779,0.012037037
Vestfold,Real,65.0,0.0088541667,7.37847e-05,0.0083333333
Vestfold,Real,65.0,0.0104166667,0.0001060957,0.0101851852
Vestfold,Real,65.0,0.0098958333,9.16281e-05,0.0092592593
Vestfold,Real,65.0,0.0104166667,9.64506e-05,0.0092592593
Vestfold,Real,65.0,0.0109375,0.0001114005,0.0101851852
Vestfold,Real,65.0,0.0104166667,8.68056e-05,0.0083333333
Vestfold,Real,65.0,0.0098958333,9.16281e-05,0.0092592593
Vestfold,Real,65.0,0.0109375,0.0001114005,0.0101851852
Vestfold,Real,65.0,0.0088541667,9.01813e-05,0.0101851852
Vestfold,Real,65.0,0.0088541667,9.83796e-05,0.0111111111
Vestfold,Real,65.0,0.0125,0.0001388889,0.0111111111
Vestfold,Real,65.0,0.0098958333,0.0001099537,0.0111111111
Vestfold,Real,65.0,0.0098958333,0.0001007909,0.0101851852
Vestfold,Real,70.0,0.0072916667,4.72608e-05,0.0064814815
Vestfold,Real,70.0,0.0083333333,6.17284e-05,0.0074074074
Vestfold,Real,70.0,0.0072916667,5.40123e-05,0.0074074074
Vestfold,Real,70.0,0.0078125,5.06366e-05,0.0064814815
Vestfold,Real,70.0,0.0078125,5.78704e-05,0.0074074074
Vestfold,Real,70.0,0.0083333333,6.17284e-05,0.0074074074
Vestfold,Real,70.0,0.009375,7.8125e-05,0.0083333333
Vestfold,Real,70.0,0.0078125,5.78704e-05,0.0074074074
Vestfold,Real,70.0,0.0078125,5.78704e-05,0.0074074074
Vestfold,Real,70.0,0.0072916667,5.40123e-05,0.0074074074
Vestfold,Real,70.0,0.0083333333,6.94444e-05,0.0083333333
Vestfold,Real,70.0,0.0083333333,6.17284e-05,0.0074074074
Vestfold,Real,75.0,0.0078125,4.34028e-05,0.0055555556
Vestfold,Real,75.0,0.0072916667,4.72608e-05,0.0064814815
Vestfold,Real,75.0,0.0078125,4.34028e-05,0.0055555556
Vestfold,Real,75.0,0.0083333333,5.40123e-05,0.0064814815
Vestfold,Real,75.0,0.0083333333,6.17284e-05,0.0074074074
Vestfold,Real,75.0,0.0067708333,4.3885e-05,0.0064814815
Vestfold,Real,75.0,0.0072916667,5.40123e-05,0.0074074074
Vestfold,Real,75.0,0.0072916667,4.72608e-05,0.0064814815
Vestfold,Real,75.0,0.0078125,5.06366e-05,0.0064814815
Vestfold,Real,75.0,0.0072916667,4.72608e-05,0.0064814815
Vestfold,Real,75.0,0.0088541667,6.55864e-05,0.0074074074
Vestfold,Real,75.0,0.0072916667,4.72608e-05,0.0064814815
Vestfold,Real,75.0,0.0078125,5.78704e-05,0.0074074074
Vestfold,Real,75.0,0.0083333333,6.17284e-05,0.0074074074
Vestfold,Real,75.0,0.0072916667,5.40123e-05,0.0074074074
Vestfold,Real,75.0,0.0078125,5.78704e-05,0.0074074074
Vestfold,Real,75.0,0.0067708333,5.01543e-05,0.0074074074
Vestfold,Real,75.0,0.0072916667,4.72608e-05,0.0064814815
Vestfold,Real,75.0,0.0072916667,4.72608e-05,0.0064814815
Vestfold,Real,75.0,0.0083333333,6.17284e-05,0.0074074074
Vestfold,Real,75.0,0.0083333333,6.17284e-05,0.0074074074
Vestfold,Real,75.0,0.0067708333,4.3885e-05,0.0064814815
Vestfold,Real,75.0,0.0057291667,3.18287e-05,0.0055555556
Vestfold,Real,75.0,0.0078125,5.06366e-05,0.0064814815
