seed,calibration_fraction,calibration_count,test_count,model,global_intercept,global_slope,global_scale,mae,median_absolute_error,mean_relative_error,median_relative_error,rmse,mean_signed_error,within_5m_rate,within_10m_rate,within_20m_rate
0,0.2,97,392,raw_uncalibrated,-0.8922873129158827,0.5842654347209032,0.572411131804906,26.08940626459713,22.036594096331406,0.99706185687161,0.7101909060664733,30.503534076476363,26.08940626459713,0.002551020408163265,0.08418367346938775,0.4642857142857143
0,0.2,97,392,global_affine,-0.8922873129158827,0.5842654347209032,0.572411131804906,7.727050810317307,6.854215989693827,0.2930703171323157,0.214147673022587,9.484751302691878,-0.05138217443235374,0.3852040816326531,0.701530612244898,0.9642857142857143
0,0.2,97,392,global_scale_only,-0.8922873129158827,0.5842654347209032,0.572411131804906,7.752308092668006,7.4334853149777045,0.30399461715272785,0.21245218972176239,9.479603286073184,0.12096649127743357,0.37244897959183676,0.7040816326530612,0.9642857142857143
0,0.2,97,392,per_drone_affine,-0.8922873129158827,0.5842654347209032,0.572411131804906,3.3633085409218593,2.3021391659627994,0.13644410771960502,0.08227274582072602,4.675850230620252,-0.15526956669021597,0.7729591836734694,0.9336734693877551,1.0
1,0.2,97,392,raw_uncalibrated,0.03778108666202142,0.5684249556107607,0.5689219273566708,26.074808768231833,21.88531260566581,0.9992388236613996,0.7279292896286175,30.40182462031217,26.074808768231833,0.002551020408163265,0.06887755102040816,0.46683673469387754
1,0.2,97,392,global_affine,0.03778108666202142,0.5684249556107607,0.5689219273566708,7.7386731495417616,7.316871596753492,0.30206135999592737,0.206005215583739,9.455102642871072,-0.09163950589537163,0.375,0.7040816326530612,0.9668367346938775
1,0.2,97,392,global_scale_only,0.03778108666202142,0.5684249556107607,0.5689219273566708,7.737377480242089,7.303926249257428,0.3015825866370866,0.20610332482328875,9.454795402317632,-0.09924562812197242,0.38010204081632654,0.7040816326530612,0.9668367346938775
1,0.2,97,392,per_drone_affine,0.03778108666202142,0.5684249556107607,0.5689219273566708,3.42295247867295,2.728900731484199,0.1464419161316634,0.08747926481065654,4.66095253635801,-0.16235482206547205,0.7857142857142857,0.9387755102040817,1.0
2,0.2,97,392,raw_uncalibrated,-0.8214052160737505,0.585200024727954,0.5742665576897509,26.14341824133262,21.570965036033613,1.0005222225583459,0.7372221727871737,30.55726436820365,26.14341824133262,0.002551020408163265,0.07142857142857142,0.46938775510204084
2,0.2,97,392,global_affine,-0.8214052160737505,0.585200024727954,0.5742665576897509,7.749349306521174,6.967903446317353,0.29619848662226356,0.21189373070162767,9.504801148279599,0.10786749901717195,0.39540816326530615,0.6964285714285714,0.9693877551020408
2,0.2,97,392,global_scale_only,-0.8214052160737505,0.585200024727954,0.5742665576897509,7.776349348526307,7.4769722532258065,0.3065138805217738,0.21015912012266713,9.500913482710105,0.2646679768027487,0.3852040816326531,0.6913265306122449,0.9693877551020408
2,0.2,97,392,per_drone_affine,-0.8214052160737505,0.585200024727954,0.5742665576897509,3.356481809246375,2.600901721477526,0.14116491147461713,0.08651167190325842,4.569644232490363,-0.04397800773273739,0.7780612244897959,0.9489795918367347,1.0
3,0.2,97,392,raw_uncalibrated,-2.0442142251466358,0.6103801630739402,0.5826348897606772,26.266433906053017,21.58653323458158,1.0014183093053903,0.7253225219227089,30.78171705312907,26.266433906053017,0.002551020408163265,0.08163265306122448,0.4770408163265306
3,0.2,97,392,global_affine,-2.0442142251466358,0.6103801630739402,0.5826348897606772,7.692727082176212,6.275423294899215,0.28688071577675267,0.21722241830245742,9.611191041851757,0.4907516351480894,0.4005102040816326,0.701530612244898,0.9668367346938775
3,0.2,97,392,global_scale_only,-2.0442142251466358,0.6103801630739402,0.5826348897606772,7.750145240701404,7.13708666400994,0.31146114569617606,0.21467357686813449,9.560753178652456,0.8450209328256317,0.38010204081632654,0.6964285714285714,0.9719387755102041
3,0.2,97,392,per_drone_affine,-2.0442142251466358,0.6103801630739402,0.5826348897606772,3.607182017934341,2.619808756147447,0.13501122697106813,0.09037544032433847,4.921940959024679,0.34392048979806994,0.7295918367346939,0.9311224489795918,1.0
4,0.2,97,392,raw_uncalibrated,-0.8882553066007313,0.5975797316710068,0.585439896055019,26.42645567946829,22.35616821383886,1.0052084290804473,0.7460936146160577,30.82802938834651,26.42645567946829,0.002551020408163265,0.07397959183673469,0.461734693877551
4,0.2,97,392,global_affine,-0.8882553066007313,0.5975797316710068,0.585439896055019,7.611258980846432,6.948307124480205,0.29922708646533785,0.20483500788077483,9.431241011360363,0.9626711202401314,0.3826530612244898,0.7270408163265306,0.9668367346938775
4,0.2,97,392,global_scale_only,-0.8882553066007313,0.5975797316710068,0.585439896055019,7.656216619347015,7.149029221243236,0.31097939354097764,0.20680504280783424,9.423329576118032,1.1095550079964993,0.37755102040816324,0.7295918367346939,0.9693877551020408
4,0.2,97,392,per_drone_affine,-0.8882553066007313,0.5975797316710068,0.585439896055019,3.4364799917675786,2.582170200976325,0.14233167710794029,0.09570422058372288,4.639209556504126,0.9295686966069028,0.75,0.9489795918367347,1.0
5,0.2,97,392,raw_uncalibrated,0.4855492900690732,0.5520741214952609,0.558392680917293,25.82925627468013,21.928558375541243,0.9900004038753561,0.7324005543086487,30.06326754302465,25.82925627468013,0.002551020408163265,0.07653061224489796,0.46683673469387754
5,0.2,97,392,global_affine,0.4855492900690732,0.5520741214952609,0.558392680917293,7.6995116555115715,7.477810166621832,0.3000489622201976,0.20637181779678554,9.304339155016006,-0.7722189628393996,0.38010204081632654,0.7040816326530612,0.9770408163265306
5,0.2,97,392,global_scale_only,0.4855492900690732,0.5520741214952609,0.558392680917293,7.686692624248517,7.198863128166368,0.29405193696646625,0.20677497706526693,9.29794430671194,-0.8756716109038989,0.38010204081632654,0.701530612244898,0.9770408163265306
5,0.2,97,392,per_drone_affine,0.4855492900690732,0.5520741214952609,0.558392680917293,3.4337726227234606,2.3531385916162524,0.13764479359420548,0.08448869912631946,4.746191136823477,-0.7495143894013991,0.7576530612244898,0.9362244897959183,1.0
6,0.2,97,392,raw_uncalibrated,-1.4923409648502381,0.5941789103862222,0.5743946418377125,26.090654979286057,21.582579037205697,0.9992011889618814,0.7335450335660073,30.582733742540007,26.090654979286057,0.002551020408163265,0.07653061224489796,0.47959183673469385
6,0.2,97,392,global_affine,-1.4923409648502381,0.5941789103862222,0.5743946418377125,7.858682501343753,6.489069368136856,0.2898785315345577,0.21683471556323392,9.67832896088427,-0.048626051043918185,0.3903061224489796,0.6836734693877551,0.9617346938775511
6,0.2,97,392,global_scale_only,-1.4923409648502381,0.5941789103862222,0.5743946418377125,7.89094361686595,7.407658832682373,0.30782675130513126,0.21678725480427458,9.656633797441382,0.2421468000876704,0.3826530612244898,0.6887755102040817,0.9642857142857143
6,0.2,97,392,per_drone_affine,-1.4923409648502381,0.5941789103862222,0.5743946418377125,3.470651689851898,2.5726315654011174,0.14216174508554807,0.08867190164574057,4.78408545231853,-0.264010335852617,0.7908163265306123,0.9387755102040817,1.0
7,0.2,97,392,raw_uncalibrated,-1.0895784372493238,0.5907967903537306,0.5762400545590391,26.17318309345067,21.272185664949383,1.0009226182606574,0.7313491183720342,30.61405564442082,26.17318309345067,0.002551020408163265,0.07397959183673469,0.4744897959183674
7,0.2,97,392,global_affine,-1.0895784372493238,0.5907967903537306,0.5762400545590391,7.746412732774137,6.790302187631924,0.2942946558079393,0.2147849156289391,9.5384185366606,0.1974857935275228,0.3826530612244898,0.6913265306122449,0.9642857142857143
7,0.2,97,392,global_scale_only,-1.0895784372493238,0.5907967903537306,0.5762400545590391,7.776339100669066,7.427416045863197,0.30760899943119124,0.210201641796425,9.528715110822912,0.40178120097759024,0.37755102040816324,0.6938775510204082,0.9668367346938775
7,0.2,97,392,per_drone_affine,-1.0895784372493238,0.5907967903537306,0.5762400545590391,3.394293737213923,2.4135587311670186,0.13720947573756567,0.08020244538984195,4.673965740042808,0.024994283473817252,0.7627551020408163,0.9438775510204082,1.0
8,0.2,97,392,raw_uncalibrated,-0.04215318952145244,0.5599530507602646,0.5594057028388302,25.811521681571534,21.86054826456637,0.9906614670901567,0.7257333744346444,30.1106811037037,25.811521681571534,0.002551020408163265,0.08163265306122448,0.4719387755102041
8,0.2,97,392,global_affine,-0.04215318952145244,0.5599530507602646,0.5594057028388302,7.760938951045898,7.131745669934525,0.29555543610836904,0.2087287190820445,9.427262674541153,-0.8333964778230206,0.37755102040816324,0.6989795918367347,0.9693877551020408
8,0.2,97,392,global_scale_only,-0.04215318952145244,0.5599530507602646,0.5594057028388302,7.761895864580867,7.156200992136204,0.2960683605442995,0.2082907335913443,9.427469006853192,-0.8243328668927276,0.37755102040816324,0.701530612244898,0.9693877551020408
8,0.2,97,392,per_drone_affine,-0.04215318952145244,0.5599530507602646,0.5594057028388302,3.4251760361184616,2.439933308571838,0.13836532555816836,0.08385143284068655,4.746762961563731,-0.8931673678214612,0.7678571428571429,0.9387755102040817,1.0
9,0.2,97,392,raw_uncalibrated,-0.4229471573303006,0.5848247956981256,0.5791303548591209,26.30238909163293,22.2335933217511,1.0024272446160545,0.7360776935298152,30.672659444078292,26.30238909163293,0.002551020408163265,0.07397959183673469,0.45918367346938777
9,0.2,97,392,global_affine,-0.4229471573303006,0.5848247956981256,0.5791303548591209,7.684667111284288,7.181560593631009,0.3018652894137865,0.20656953305856468,9.41447149705714,0.5764868776701714,0.3877551020408163,0.701530612244898,0.9693877551020408
9,0.2,97,392,global_scale_only,-0.4229471573303006,0.5848247956981256,0.5791303548591209,7.702218787902237,7.324069533124829,0.3073253461488898,0.2066283110848582,9.414698166154261,0.6523849358995921,0.3826530612244898,0.6989795918367347,0.9719387755102041
9,0.2,97,392,per_drone_affine,-0.4229471573303006,0.5848247956981256,0.5791303548591209,3.313241964552228,2.569014484694824,0.1416059889898576,0.08361390126064203,4.553106556300619,0.49097606149430717,0.7882653061224489,0.9438775510204082,1.0
10,0.2,97,392,raw_uncalibrated,0.7608333786961008,0.5577456179887642,0.5678049376643985,26.107099012822452,22.245108456988525,0.9967816887455223,0.7350073220145573,30.341196000446402,26.107099012822452,0.002551020408163265,0.07908163265306123,0.45663265306122447
10,0.2,97,392,global_affine,0.7608333786961008,0.5577456179887642,0.5678049376643985,7.67198164654717,7.731696180900781,0.3096290399103376,0.20532555963050272,9.250921355362985,0.0009980746788042381,0.3673469387755102,0.6964285714285714,0.9795918367346939
10,0.2,97,392,global_scale_only,0.7608333786961008,0.5577456179887642,0.5678049376643985,7.637467939758323,7.306862952805655,0.29957818173538936,0.202661533788102,9.2359796521899,-0.1487320747665445,0.3852040816326531,0.701530612244898,0.9770408163265306
10,0.2,97,392,per_drone_affine,0.7608333786961008,0.5577456179887642,0.5678049376643985,3.3618058989329556,2.54476075963864,0.14152097860112942,0.0835372528694571,4.584932804640149,0.045735660134201744,0.7780612244897959,0.9540816326530612,1.0
11,0.2,97,392,raw_uncalibrated,-0.5129587862052094,0.5815267233727218,0.5746630190454001,26.179925652608045,21.928558375541243,0.9993045830065399,0.743645978338117,30.550828038763704,26.179925652608045,0.002551020408163265,0.061224489795918366,0.4719387755102041
11,0.2,97,392,global_affine,-0.5129587862052094,0.5815267233727218,0.5746630190454001,7.678541494824159,7.10056909690062,0.29756779565245634,0.20683598411326024,9.378244487293863,0.21425765639527555,0.39540816326530615,0.6989795918367347,0.9719387755102041
11,0.2,97,392,global_scale_only,-0.5129587862052094,0.5815267233727218,0.5746630190454001,7.696161453284347,7.382639573038837,0.3039512774112428,0.20779894583584946,9.378140222591956,0.30974684512749934,0.3877551020408163,0.6938775510204082,0.9719387755102041
11,0.2,97,392,per_drone_affine,-0.5129587862052094,0.5815267233727218,0.5746630190454001,3.357281797516747,2.4450570720110756,0.13887019433738912,0.0840620357714927,4.589471826829118,0.16090135745493583,0.7678571428571429,0.9464285714285714,1.0
12,0.2,97,392,raw_uncalibrated,-0.02227091208457604,0.5639274560211703,0.5636356126967189,25.928291709502215,21.896926606837894,0.9926105668142842,0.7253225219227089,30.23469652735021,25.928291709502215,0.0,0.08418367346938775,0.46938775510204084
12,0.2,97,392,global_affine,-0.02227091208457604,0.5639274560211703,0.5636356126967189,7.723236649841666,7.304932035516757,0.2974738501403437,0.20554825623091355,9.36823407751136,-0.5073941743510796,0.3877551020408163,0.7142857142857143,0.9693877551020408
12,0.2,97,392,global_scale_only,-0.02227091208457604,0.5639274560211703,0.5636356126967189,7.7237941146262425,7.3140916476705335,0.29774531286810174,0.2056086463476646,9.368380842719713,-0.5028005477134163,0.3852040816326531,0.7142857142857143,0.9693877551020408
12,0.2,97,392,per_drone_affine,-0.02227091208457604,0.5639274560211703,0.5636356126967189,3.3177839232033834,2.523268800293902,0.13978575606964494,0.08427088502677008,4.56450730989325,-0.5647300139872976,0.7755102040816326,0.9489795918367347,1.0
13,0.2,97,392,raw_uncalibrated,-0.08881582827765397,0.5666902459692308,0.5655202829345776,25.97340650732636,22.181918758149727,0.9932982735494406,0.7372221727871737,30.286483896355033,25.97340650732636,0.002551020408163265,0.08163265306122448,0.461734693877551
13,0.2,97,392,global_affine,-0.08881582827765397,0.5666902459692308,0.5655202829345776,7.6617097464088415,7.264603611896823,0.2962145808440119,0.204779903650598,9.330244940781846,-0.3810276134765639,0.3877551020408163,0.7091836734693877,0.9693877551020408
13,0.2,97,392,global_scale_only,-0.08881582827765397,0.5666902459692308,0.5655202829345776,7.664205434661942,7.329979684229501,0.29730052298159726,0.20555568679901487,9.330782685628792,-0.3631305729684184,0.3877551020408163,0.7091836734693877,0.9693877551020408
13,0.2,97,392,per_drone_affine,-0.08881582827765397,0.5666902459692308,0.5655202829345776,3.417168755300093,2.423241630655528,0.13897283231873744,0.09219347188614868,4.687623065573967,-0.36133283950494716,0.7602040816326531,0.9362244897959183,1.0
14,0.2,97,392,raw_uncalibrated,-0.03453625151467723,0.5689199019149057,0.5684641484622469,26.05646287127006,21.896926606837894,0.9967011803149348,0.7350073220145573,30.379411931758163,26.05646287127006,0.0,0.07397959183673469,0.46938775510204084
14,0.2,97,392,global_affine,-0.03453625151467723,0.5689199019149057,0.5684641484622469,7.719586862211857,7.326164768559187,0.2996570920028838,0.20935127104198098,9.384316004377487,-0.14434220563310177,0.38010204081632654,0.7040816326530612,0.9693877551020408
14,0.2,97,392,global_scale_only,-0.03453625151467723,0.5689199019149057,0.5684641484622469,7.720597794052336,7.345650595186272,0.3000850846691509,0.2098162201780553,9.384561636756148,-0.13746987878890332,0.37755102040816324,0.7040816326530612,0.9693877551020408
14,0.2,97,392,per_drone_affine,-0.03453625151467723,0.5689199019149057,0.5684641484622469,3.3431685614821034,2.5684972936943016,0.14191680754678682,0.08417262171605963,4.569200251787044,-0.20316172900370993,0.7882653061224489,0.9566326530612245,1.0
15,0.2,97,392,raw_uncalibrated,0.12110452248701944,0.5679273105269348,0.5695338070614728,26.097910545448105,22.049118696260123,0.9954321873125459,0.7328114068205842,30.39889643548319,26.097910545448105,0.0,0.07397959183673469,0.4642857142857143
15,0.2,97,392,global_affine,0.12110452248701944,0.5679273105269348,0.5695338070614728,7.639774253654416,7.292241335509211,0.29987003507556165,0.2018749128891168,9.301303922995984,-0.025411787809584824,0.37244897959183676,0.701530612244898,0.9693877551020408
15,0.2,97,392,global_scale_only,0.12110452248701944,0.5679273105269348,0.5695338070614728,7.63518303054082,7.2575852187542464,0.29832646782180083,0.2018341470235719,9.30012662568926,-0.04893647750016067,0.37755102040816324,0.6938775510204082,0.9668367346938775
15,0.2,97,392,per_drone_affine,0.12110452248701944,0.5679273105269348,0.5695338070614728,3.3437319777711827,2.605691476727497,0.14222893888352287,0.08868169039573881,4.511373261982954,-0.018150432894566793,0.7831632653061225,0.9591836734693877,1.0
16,0.2,97,392,raw_uncalibrated,-0.6336436507120365,0.5785630542041993,0.5701928898521998,26.05166596862876,21.896926606837894,0.9984941011103368,0.7313491183720342,30.442598143428885,26.05166596862876,0.002551020408163265,0.07653061224489796,0.4719387755102041
16,0.2,97,392,global_affine,-0.6336436507120365,0.5785630542041993,0.5701928898521998,7.770208388688182,6.9757565256837974,0.2967742818068937,0.20325547790027873,9.489623269749304,-0.160892128720536,0.3852040816326531,0.6964285714285714,0.9617346938775511
16,0.2,97,392,global_scale_only,-0.6336436507120365,0.5785630542041993,0.5701928898521998,7.788026448467428,7.368345022013791,0.30461605336971126,0.20185555870378058,9.488395032510114,-0.03527161171786484,0.37244897959183676,0.6938775510204082,0.9642857142857143
16,0.2,97,392,per_drone_affine,-0.6336436507120365,0.5785630542041993,0.5701928898521998,3.344187131561095,2.5111319642318755,0.1405056356271162,0.08401571078486003,4.582684905347105,-0.3185085204011109,0.7857142857142857,0.9413265306122449,1.0
17,0.2,97,392,raw_uncalibrated,0.3009980744678678,0.5693474544169365,0.5733596558753655,26.213620916966644,22.34063973449463,1.0002250612315433,0.743645978338117,30.507286928125293,26.213620916966644,0.002551020408163265,0.07142857142857142,0.461734693877551
17,0.2,97,392,global_affine,0.3009980744678678,0.5693474544169365,0.5733596558753655,7.652636666305533,7.533050391071757,0.304981099097423,0.2099736240732173,9.320902514397382,0.3066217997515415,0.38010204081632654,0.6964285714285714,0.9795918367346939
17,0.2,97,392,global_scale_only,0.3009980744678678,0.5693474544169365,0.5733596558753655,7.636345828373415,7.377008327342907,0.3008370785258109,0.20505960014866062,9.317146357236336,0.24979217531015435,0.3852040816326531,0.6964285714285714,0.9795918367346939
17,0.2,97,392,per_drone_affine,0.3009980744678678,0.5693474544169365,0.5733596558753655,3.3931242286219327,2.7160335477539572,0.14967112668424432,0.09026855725237579,4.518977411652002,0.3156533238846287,0.7729591836734694,0.9489795918367347,1.0
18,0.2,97,392,raw_uncalibrated,0.29410076746026975,0.5760012175961379,0.5799507675852396,26.383106508701733,22.245108456988525,1.0074868636173129,0.743645978338117,30.693841730448586,26.383106508701733,0.0,0.058673469387755105,0.45918367346938777
18,0.2,97,392,global_affine,0.29410076746026975,0.5760012175961379,0.5799507675852396,7.686963809549306,7.249730023358687,0.3123048961961767,0.21125943967400934,9.421083769381381,0.8022729928786911,0.37755102040816324,0.7066326530612245,0.9744897959183674
18,0.2,97,392,global_scale_only,0.29410076746026975,0.5760012175961379,0.5799507675852396,7.669336627383231,7.263163042481926,0.30817867744579186,0.20921122922462992,9.417671735507462,0.7491973194933558,0.3826530612244898,0.7066326530612245,0.9719387755102041
18,0.2,97,392,per_drone_affine,0.29410076746026975,0.5760012175961379,0.5799507675852396,3.4214820614176347,2.7263576511677314,0.15073025537400656,0.08315549948422521,4.629082283403163,0.773418095626117,0.7729591836734694,0.9387755102040817,1.0
19,0.2,97,392,raw_uncalibrated,-0.7417376371535234,0.589556129959589,0.5795692781870946,26.28767854418567,22.35616821383886,1.0017458010752114,0.7339558860779429,30.69117291246474,26.28767854418567,0.002551020408163265,0.07397959183673469,0.45663265306122447
19,0.2,97,392,global_affine,-0.7417376371535234,0.589556129959589,0.5795692781870946,7.6883528606679405,6.9354620159113205,0.298079119145446,0.2102790427251455,9.468602178744561,0.5373760360069184,0.3852040816326531,0.7040816326530612,0.9719387755102041
19,0.2,97,392,global_scale_only,-0.7417376371535234,0.589556129959589,0.5795692781870946,7.715701029630428,7.254104834925634,0.30741430107967666,0.20843609407563735,9.46537911748496,0.6706094448352673,0.38010204081632654,0.6964285714285714,0.9719387755102041
19,0.2,97,392,per_drone_affine,-0.7417376371535234,0.589556129959589,0.5795692781870946,3.426565378009743,2.5187537784633047,0.14680104598161123,0.0974621937398395,4.554621689067892,0.4544463609076909,0.7729591836734694,0.9540816326530612,1.0
20,0.2,97,392,raw_uncalibrated,-1.8471082563419603,0.604616264558874,0.5796602162373077,26.205290623241655,21.903794034441802,0.9986140911331167,0.7253225219227089,30.700360489050173,26.205290623241655,0.002551020408163265,0.08163265306122448,0.4642857142857143
20,0.2,97,392,global_affine,-1.8471082563419603,0.604616264558874,0.5796602162373077,7.677329067152997,6.347194846664516,0.28553524398065244,0.215813059991655,9.551234982153552,0.2998144084659446,0.4005102040816326,0.7244897959183674,0.9617346938775511
20,0.2,97,392,global_scale_only,-1.8471082563419603,0.604616264558874,0.5796602162373077,7.722080576931342,7.331626236636579,0.30732887616948634,0.21257656024318528,9.512348584702147,0.6283933488793376,0.375,0.7091836734693877,0.9642857142857143
20,0.2,97,392,per_drone_affine,-1.8471082563419603,0.604616264558874,0.5796602162373077,3.3645031023521446,2.2147945924162062,0.1332177842958455,0.09202280257954108,4.640461280445376,0.16616171718469105,0.7653061224489796,0.9387755102040817,1.0
21,0.2,97,392,raw_uncalibrated,-0.6297142032888754,0.5814151505409251,0.5730625539517175,26.127363585384476,22.181918758149727,0.9998988725141942,0.7328114068205842,30.52520449317065,26.127363585384476,0.002551020408163265,0.07653061224489796,0.461734693877551
21,0.2,97,392,global_affine,-0.6297142032888754,0.5814151505409251,0.5730625539517175,7.801186340644437,7.096653395421004,0.29898505153674027,0.20603246681304782,9.50766381166016,0.06015568696982868,0.3903061224489796,0.6913265306122449,0.9642857142857143
21,0.2,97,392,global_scale_only,-0.6297142032888754,0.5814151505409251,0.5730625539517175,7.816982074167583,7.481086160824319,0.30668590824862985,0.20443516569177833,9.506537727021287,0.18228075187860027,0.3826530612244898,0.6913265306122449,0.9668367346938775
21,0.2,97,392,per_drone_affine,-0.6297142032888754,0.5814151505409251,0.5730625539517175,3.304942399164698,2.5404865028592107,0.14236023644392093,0.07423107022043018,4.560366195131839,-0.1226929915746258,0.7908163265306123,0.9489795918367347,1.0
22,0.2,97,392,raw_uncalibrated,-0.4606940397501346,0.5813699883042484,0.5752249766342306,26.198137392498154,22.181918758149727,1.0011408237576842,0.7456659431180332,30.57669717956814,26.198137392498154,0.002551020408163265,0.0663265306122449,0.461734693877551
22,0.2,97,392,global_affine,-0.4606940397501346,0.5813699883042484,0.5752249766342306,7.7325872708896695,7.157107877403894,0.29963947504735744,0.2069533348662992,9.45537379150674,0.2675770988310674,0.375,0.7040816326530612,0.9668367346938775
22,0.2,97,392,global_scale_only,-0.4606940397501346,0.5813699883042484,0.5752249766342306,7.750426580761042,7.454620321879389,0.30557065307707754,0.21037601112936943,9.455670599004092,0.3544025171459566,0.37244897959183676,0.6989795918367347,0.9668367346938775
22,0.2,97,392,per_drone_affine,-0.4606940397501346,0.5813699883042484,0.5752249766342306,3.330469396470841,2.5704307496862118,0.14411718031566226,0.08429441295284884,4.537063174098757,0.15595293454372092,0.7857142857142857,0.9489795918367347,1.0
23,0.2,97,392,raw_uncalibrated,-1.0461742396673082,0.5946862743789032,0.5805713518491287,26.289146306343557,22.2335933217511,1.0021137073962,0.7372221727871737,30.720924054309524,26.289146306343557,0.002551020408163265,0.07397959183673469,0.4642857142857143
23,0.2,97,392,global_affine,-1.0461742396673082,0.5946862743789032,0.5805713518491287,7.611267540969444,6.707001414654821,0.2938924682896065,0.20672380859096312,9.505581536368478,0.5463947391231913,0.4005102040816326,0.7244897959183674,0.9617346938775511
23,0.2,97,392,global_scale_only,-1.0461742396673082,0.5946862743789032,0.5805713518491287,7.6527939594095615,7.161311404303252,0.30718916180680816,0.210029908258835,9.495988220866247,0.7325184705210778,0.4005102040816326,0.7091836734693877,0.9617346938775511
23,0.2,97,392,per_drone_affine,-1.0461742396673082,0.5946862743789032,0.5805713518491287,3.5540257277712657,2.557087840394436,0.13977439240790657,0.09625501718766538,4.825313506169334,0.4987766557615709,0.7474489795918368,0.9413265306122449,1.0
24,0.2,97,392,raw_uncalibrated,1.1574249591451014,0.5436014434424994,0.5586827684050379,25.896426918808178,22.036594096331406,0.991165573879986,0.7350073220145573,30.061589459883926,25.896426918808178,0.002551020408163265,0.07653061224489796,0.4642857142857143
24,0.2,97,392,global_affine,1.1574249591451014,0.5436014434424994,0.5586827684050379,7.61045983890507,7.56481059919323,0.305568321034194,0.21315376687845144,9.231447354878675,-0.5761899828152749,0.3673469387755102,0.7117346938775511,0.9744897959183674
24,0.2,97,392,global_scale_only,1.1574249591451014,0.5436014434424994,0.5586827684050379,7.567414364154021,7.138386445116593,0.2905526068974393,0.2062162750375559,9.203652220832868,-0.8206023260269723,0.3826530612244898,0.7066326530612245,0.9744897959183674
24,0.2,97,392,per_drone_affine,1.1574249591451014,0.5436014434424994,0.5586827684050379,3.513769139114483,2.6119730729156334,0.1434262923418095,0.09262123366080735,4.747490080515554,-0.4476216339548742,0.7551020408163265,0.9464285714285714,1.0
25,0.2,97,392,raw_uncalibrated,-1.1526527703912377,0.5915930713295341,0.5762185767157276,26.166948729163146,21.570965036033613,0.9986824568100737,0.7324005543086487,30.618952881145308,26.166948729163146,0.002551020408163265,0.06887755102040816,0.4719387755102041
25,0.2,97,392,global_affine,-1.1526527703912377,0.5915930713295341,0.5762185767157276,7.784892101483959,6.703523794065688,0.29231266356401897,0.21684328874859882,9.578147834124291,0.1791499095328402,0.3852040816326531,0.6862244897959183,0.9668367346938775
25,0.2,97,392,global_scale_only,-1.1526527703912377,0.5915930713295341,0.5762185767157276,7.815834445400154,7.404266939847208,0.30643872069774725,0.2127054569683092,9.566893177646572,0.39688264707808335,0.37755102040816324,0.6862244897959183,0.9693877551020408
25,0.2,97,392,per_drone_affine,-1.1526527703912377,0.5915930713295341,0.5762185767157276,3.375898538765589,2.6534665083217552,0.1422845839012651,0.08874118803732903,4.602887070876649,-0.01143700678535317,0.7908163265306123,0.9438775510204082,1.0
26,0.2,97,392,raw_uncalibrated,0.3967941405691767,0.567827664058592,0.5730963364455343,26.215411008070944,22.073883037359565,1.0022665964059048,0.7328114068205842,30.507716790126892,26.215411008070944,0.002551020408163265,0.07142857142857142,0.4642857142857143
26,0.2,97,392,global_affine,0.3967941405691767,0.567827664058592,0.5730963364455343,7.705858979443993,7.647294170953484,0.3080804981420008,0.2093514053482104,9.378322985756066,0.3109452405049365,0.38010204081632654,0.6964285714285714,0.9719387755102041
26,0.2,97,392,global_scale_only,0.3967941405691767,0.567827664058592,0.5730963364455343,7.687152731735566,7.432133870584295,0.3027810056940386,0.20087772343386012,9.372785204240762,0.23479337685968374,0.3877551020408163,0.6989795918367347,0.9719387755102041
26,0.2,97,392,per_drone_affine,0.3967941405691767,0.567827664058592,0.5730963364455343,3.364495758495749,2.6700476232488377,0.15030183999402597,0.08583471911275559,4.515494456089213,0.26211642467058677,0.7882653061224489,0.9591836734693877,1.0
27,0.2,97,392,raw_uncalibrated,-1.3340450923142957,0.5951283925907301,0.5772564661047556,26.180486421720808,21.582579037205697,0.9987642272420937,0.7253225219227089,30.64209459812073,26.180486421720808,0.002551020408163265,0.07397959183673469,0.46938775510204084
27,0.2,97,392,global_affine,-1.3340450923142957,0.5951283925907301,0.5772564661047556,7.766774746764055,6.663761129925923,0.2913550674063687,0.21142556963514705,9.554576655294463,0.22079645240956391,0.39540816326530615,0.6887755102040817,0.9668367346938775
27,0.2,97,392,global_scale_only,-1.3340450923142957,0.5951283925907301,0.5772564661047556,7.797581541492454,7.37815496356704,0.3074067443569065,0.2128850296141381,9.537618346752701,0.4678112199065495,0.3826530612244898,0.6811224489795918,0.9668367346938775
27,0.2,97,392,per_drone_affine,-1.3340450923142957,0.5951283925907301,0.5772564661047556,3.360229205588917,2.399174041336373,0.14141130966186088,0.09267202790866713,4.573945643464212,0.0586680082137769,0.7806122448979592,0.951530612244898,1.0
28,0.2,97,392,raw_uncalibrated,-1.3432609804197682,0.5911581653414106,0.5732706172911518,26.076146304295605,21.86054826456637,0.9978626632979897,0.7350073220145573,30.531459210871173,26.076146304295605,0.002551020408163265,0.07653061224489796,0.4719387755102041
28,0.2,97,392,global_affine,-1.3432609804197682,0.5911581653414106,0.5732706172911518,7.768719279856452,6.569176206480801,0.2900034857930079,0.2115373570990568,9.527301652105008,-0.0915834440993062,0.3852040816326531,0.6887755102040817,0.9668367346938775
28,0.2,97,392,global_scale_only,-1.3432609804197682,0.5911581653414106,0.5732706172911518,7.799556503840164,7.399772936926069,0.3060914344463265,0.20981783654998964,9.5104632688353,0.16556344459568684,0.3852040816326531,0.6836734693877551,0.9693877551020408
28,0.2,97,392,per_drone_affine,-1.3432609804197682,0.5911581653414106,0.5732706172911518,3.3145536560527002,2.2898478396945947,0.13527523904841698,0.08345468804150362,4.599329922502828,-0.266778235296243,0.7780612244897959,0.9489795918367347,1.0
29,0.2,97,392,raw_uncalibrated,-1.0763865343664547,0.5889142722480337,0.5745611900697324,26.130876502493177,22.036594096331406,0.9988946177014648,0.7339558860779429,30.565511577093524,26.130876502493177,0.002551020408163265,0.07653061224489796,0.4719387755102041
29,0.2,97,392,global_affine,-1.0763865343664547,0.5889142722480337,0.5745611900697324,7.712575761858255,6.701295749495345,0.29227579975239326,0.2140594319660425,9.512184007844793,0.0712754443237275,0.39540816326530615,0.7040816326530612,0.9668367346938775
29,0.2,97,392,global_scale_only,-1.0763865343664547,0.5889142722480337,0.5745611900697324,7.744685011053996,7.380622595280215,0.3055822875780175,0.2110630847742815,9.502920446293126,0.27537158539627343,0.3903061224489796,0.701530612244898,0.9668367346938775
29,0.2,97,392,per_drone_affine,-1.0763865343664547,0.5889142722480337,0.5745611900697324,3.445973192822428,2.3723488834700763,0.13847213640044465,0.09066092320613552,4.711227707822403,-0.03020455850782306,0.7602040816326531,0.9387755102040817,1.0
30,0.2,97,392,raw_uncalibrated,-0.3209341960004559,0.5668512248877647,0.5626703549489228,25.876387026463807,21.903794034441802,0.9928223922083824,0.7313491183720342,30.220120023843982,25.876387026463807,0.002551020408163265,0.08418367346938775,0.46938775510204084
30,0.2,97,392,global_affine,-0.3209341960004559,0.5668512248877647,0.5626703549489228,7.785554908649373,7.086426721575111,0.29433926510362274,0.2083015983537742,9.48787232404138,-0.6583836521963059,0.38010204081632654,0.6938775510204082,0.9693877551020408
30,0.2,97,392,global_scale_only,-0.3209341960004559,0.5668512248877647,0.5626703549489228,7.7920995969187965,7.290503840172461,0.2982177506481086,0.2071220529188128,9.488339139985753,-0.5904725448647978,0.37755102040816324,0.6989795918367347,0.9693877551020408
30,0.2,97,392,per_drone_affine,-0.3209341960004559,0.5668512248877647,0.5626703549489228,3.3963569327469445,2.578592152451023,0.14194286144834412,0.0856386072054021,4.676836549183912,-0.775704033073435,0.7831632653061225,0.9387755102040817,1.0
31,0.2,97,392,raw_uncalibrated,-1.8051480216881828,0.6156123164763782,0.5909973442989708,26.488957903476575,22.036594096331406,1.009483968427056,0.7468095440210952,31.015276828011388,26.488957903476575,0.002551020408163265,0.07397959183673469,0.461734693877551
31,0.2,97,392,global_affine,-1.8051480216881828,0.6156123164763782,0.5909973442989708,7.808990516458303,6.559680155779391,0.2954568130542432,0.21622154130842597,9.847969964497354,1.185493106533684,0.3826530612244898,0.6989795918367347,0.9566326530612245
31,0.2,97,392,global_scale_only,-1.8051480216881828,0.6156123164763782,0.5909973442989708,7.886677107578592,7.441775077034883,0.31890265952229974,0.21601454706112677,9.806695473354758,1.4858832017019492,0.3647959183673469,0.6964285714285714,0.9668367346938775
31,0.2,97,392,per_drone_affine,-1.8051480216881828,0.6156123164763782,0.5909973442989708,3.668549673709466,2.819152883300937,0.1546257448484329,0.10323832723961898,4.88997744753596,0.9394078304676899,0.7551020408163265,0.9489795918367347,1.0
32,0.2,97,392,raw_uncalibrated,-0.5114939471603362,0.5785343583504737,0.5717298891842997,26.103162972848224,21.272185664949383,0.9966483676089918,0.7253225219227089,30.47221107378566,26.103162972848224,0.0,0.07653061224489796,0.46938775510204084
32,0.2,97,392,global_affine,-0.5114939471603362,0.5785343583504737,0.5717298891842997,7.639649552923861,6.96819449125691,0.29452755488009896,0.2045183320551865,9.388231761782095,-0.010691320032904338,0.3826530612244898,0.6938775510204082,0.9642857142857143
32,0.2,97,392,global_scale_only,-0.5114939471603362,0.5785343583504737,0.5717298891842997,7.653922748576209,7.169274771539235,0.30073912614289,0.19994654231114886,9.388225552971567,0.0874582062823272,0.38010204081632654,0.701530612244898,0.9642857142857143
32,0.2,97,392,per_drone_affine,-0.5114939471603362,0.5785343583504737,0.5717298891842997,3.4759797785006854,2.476416769614011,0.13947008391461613,0.09204622427841541,4.715273409843859,-0.014736920615776021,0.7576530612244898,0.9387755102040817,1.0
33,0.2,97,392,raw_uncalibrated,-0.9680035072804513,0.5928373154182848,0.5798794811730242,26.27545072020659,22.245108456988525,1.003874898700124,0.7324005543086487,30.721414999080267,26.27545072020659,0.002551020408163265,0.07397959183673469,0.45918367346938777
33,0.2,97,392,global_affine,-0.9680035072804513,0.5928373154182848,0.5798794811730242,7.7520150766472185,6.853542988337726,0.2975919694876282,0.21073622006611392,9.624200071626497,0.5037854432256996,0.3826530612244898,0.6989795918367347,0.9591836734693877
33,0.2,97,392,global_scale_only,-0.9680035072804513,0.5928373154182848,0.5798794811730242,7.7801671289494605,7.2950736774488725,0.3094343063352142,0.21061574218064447,9.617105456703259,0.682419614714818,0.38010204081632654,0.6913265306122449,0.9591836734693877
33,0.2,97,392,per_drone_affine,-0.9680035072804513,0.5928373154182848,0.5798794811730242,3.4674930910466166,2.6284569475712374,0.14584442310287468,0.09076270373369807,4.740968876819241,0.3454766189202123,0.7857142857142857,0.9387755102040817,1.0
34,0.2,97,392,raw_uncalibrated,-0.89946407316628,0.5993411517011132,0.5870950130946091,26.46507617536997,22.181918758149727,1.0073224867112627,0.7400535333471302,30.889409200846867,26.46507617536997,0.002551020408163265,0.07397959183673469,0.45918367346938777
34,0.2,97,392,global_affine,-0.89946407316628,0.5993411517011132,0.5870950130946091,7.697323384061495,6.941485173349317,0.3012656010375364,0.20908612402907018,9.579580601543777,1.082177916997646,0.37755102040816324,0.7040816326530612,0.9642857142857143
34,0.2,97,392,global_scale_only,-0.89946407316628,0.5993411517011132,0.5870950130946091,7.739238576729168,7.285100252303659,0.31305813544361466,0.21145830977053764,9.57161220276547,1.2333057687919025,0.37244897959183676,0.7066326530612245,0.9642857142857143
34,0.2,97,392,per_drone_affine,-0.89946407316628,0.5993411517011132,0.5870950130946091,3.4442975338322794,2.731546453614957,0.1495974666478703,0.08998760532497022,4.624902249305524,0.9395895688477531,0.7755102040816326,0.9489795918367347,1.0
35,0.2,97,392,raw_uncalibrated,-0.2823369342955023,0.5768135388954081,0.5730578616053283,26.156603733639884,22.181918758149727,0.9997518814438804,0.7372221727871737,30.512026331837273,26.156603733639884,0.0,0.08673469387755102,0.46683673469387754
35,0.2,97,392,global_affine,-0.2823369342955023,0.5768135388954081,0.5730578616053283,7.705891456218846,7.242928671885495,0.30014335360784533,0.21016385873620536,9.410936134486644,0.1447581139525146,0.375,0.6964285714285714,0.9668367346938775
35,0.2,97,392,global_scale_only,-0.2823369342955023,0.5768135388954081,0.5730578616053283,7.716008719513513,7.446968177464608,0.3037225588326028,0.2078943611657322,9.411915454736834,0.19875189378506475,0.37755102040816324,0.6938775510204082,0.9668367346938775
35,0.2,97,392,per_drone_affine,-0.2823369342955023,0.5768135388954081,0.5730578616053283,3.354754344562328,2.4817780170866612,0.14064483157235505,0.08066010566592038,4.631744131256131,0.06795830847609442,0.7755102040816326,0.9336734693877551,1.0
36,0.2,97,392,raw_uncalibrated,1.3646701594185853,0.5473767309283075,0.5652247191623944,26.095265210901996,22.181918758149727,0.9991865513772922,0.743645978338117,30.273058412246524,26.095265210901996,0.002551020408163265,0.06377551020408163,0.45918367346938777
36,0.2,97,392,global_affine,1.3646701594185853,0.5473767309283075,0.5652247191623944,7.692727593305084,7.897575137144628,0.31476481555317065,0.22826793699669834,9.332474473667054,-0.03155212671431945,0.3494897959183674,0.7040816326530612,0.9744897959183674
36,0.2,97,392,global_scale_only,1.3646701594185853,0.5473767309283075,0.5652247191623944,7.611802110655336,7.288640827561026,0.29532295415340465,0.20628479826928467,9.293773856194303,-0.3121689930024851,0.3852040816326531,0.7040816326530612,0.9744897959183674
36,0.2,97,392,per_drone_affine,1.3646701594185853,0.5473767309283075,0.5652247191623944,3.525629546720457,2.898396287888449,0.1559025932151542,0.08913079793900419,4.72117936598792,0.05752116391173537,0.7729591836734694,0.9413265306122449,1.0
37,0.2,97,392,raw_uncalibrated,-1.4492595238515626,0.595602432517685,0.5762123050050884,26.14452739125901,21.86054826456637,0.9983922909642875,0.7313491183720342,30.614335080509598,26.14452739125901,0.0,0.07397959183673469,0.4719387755102041
37,0.2,97,392,global_affine,-1.4492595238515626,0.595602432517685,0.5762123050050884,7.754083432026466,6.605993706744446,0.2894080048968448,0.2099806393996239,9.556551912553061,0.11299742819877727,0.3877551020408163,0.7066326530612245,0.9617346938775511
37,0.2,97,392,global_scale_only,-1.4492595238515626,0.595602432517685,0.5762123050050884,7.784477869647742,7.427804791147711,0.30662953765185613,0.21019151927586538,9.535812360478447,0.3835818147765842,0.375,0.7040816326530612,0.9617346938775511
37,0.2,97,392,per_drone_affine,-1.4492595238515626,0.595602432517685,0.5762123050050884,3.382061162965012,2.4272416372983514,0.138539551468243,0.09092620103479604,4.627590475124146,-0.040959453540775424,0.7831632653061225,0.9489795918367347,1.0
38,0.2,97,392,raw_uncalibrated,0.2807050109249477,0.564987895482744,0.5686905779556456,26.089541920768948,22.181918758149727,0.999647482969406,0.7456659431180332,30.383383777145063,26.089541920768948,0.002551020408163265,0.07142857142857142,0.46683673469387754
38,0.2,97,392,global_affine,0.2807050109249477,0.564987895482744,0.5686905779556456,7.687345610216369,7.481209860402141,0.3037328912323211,0.21058248121154166,9.368563898550775,-0.04908179735591614,0.37755102040816324,0.7091836734693877,0.9668367346938775
38,0.2,97,392,global_scale_only,0.2807050109249477,0.564987895482744,0.5686905779556456,7.675570491367663,7.300163575181452,0.30005914991786864,0.20989979375181586,9.365199145152939,-0.10491401873070795,0.37755102040816324,0.7066326530612245,0.9668367346938775
38,0.2,97,392,per_drone_affine,0.2807050109249477,0.564987895482744,0.5686905779556456,3.4336852616815032,2.588735225735106,0.14465104088219116,0.08444581209211513,4.672605193010109,-0.05998848248644459,0.7729591836734694,0.9489795918367347,1.0
39,0.2,97,392,raw_uncalibrated,-1.0993764844962235,0.5983832900638926,0.5835609282219291,26.358912296768437,22.35616821383886,1.0071780109990884,0.7328114068205842,30.815926475971846,26.358912296768437,0.002551020408163265,0.06887755102040816,0.46683673469387754
39,0.2,97,392,global_affine,-1.0993764844962235,0.5983832900638926,0.5835609282219291,7.7396724316678185,6.735060385602265,0.29920516862798757,0.2137423474750392,9.648314306870413,0.760205869648805,0.3877551020408163,0.7066326530612245,0.9591836734693877
39,0.2,97,392,global_scale_only,-1.0993764844962235,0.5983832900638926,0.5835609282219291,7.779341581505825,7.109301234809802,0.31309714479080636,0.2132973124037379,9.637143337842932,0.9553920545108673,0.3826530612244898,0.701530612244898,0.9642857142857143
39,0.2,97,392,per_drone_affine,-1.0993764844962235,0.5983832900638926,0.5835609282219291,3.458038763809668,2.704641919867276,0.14560370475566328,0.08558389908369152,4.714798197182804,0.5764965944274368,0.7755102040816326,0.9489795918367347,1.0
40,0.2,97,392,raw_uncalibrated,-0.29231604961744045,0.572944580467579,0.5691034480374663,26.051100288339164,21.928558375541243,0.9979725074473724,0.7328114068205842,30.415464804772053,26.051100288339164,0.002551020408163265,0.07397959183673469,0.4642857142857143
40,0.2,97,392,global_affine,-0.29231604961744045,0.572944580467579,0.5691034480374663,7.808762534587944,7.21347955840284,0.2995816164117236,0.20381853147901308,9.517229173786538,-0.16089921514071415,0.37755102040816324,0.6709183673469388,0.9642857142857143
40,0.2,97,392,global_scale_only,-0.29231604961744045,0.572944580467579,0.5691034480374663,7.816486069685416,7.378686919002496,0.30321715993212567,0.20331871753923905,9.518125328562688,-0.10171669372412416,0.37755102040816324,0.6785714285714286,0.9693877551020408
40,0.2,97,392,per_drone_affine,-0.29231604961744045,0.572944580467579,0.5691034480374663,3.420824579821891,2.607230044496137,0.14911841311540594,0.09118090918954277,4.630277761183884,-0.2962154789254499,0.7959183673469388,0.9336734693877551,1.0
41,0.2,97,392,raw_uncalibrated,-2.0823051422704366,0.6009609845016015,0.5732555080240634,26.01759542403733,21.117280554511012,0.9943665351293022,0.713543090703194,30.543763836539213,26.01759542403733,0.002551020408163265,0.08163265306122448,0.48214285714285715
41,0.2,97,392,global_affine,-2.0823051422704366,0.6009609845016015,0.5732555080240634,7.870806165125986,6.7912489480129885,0.2832175531510978,0.21321524074510934,9.650176140149572,-0.27059699021397216,0.3826530612244898,0.6862244897959183,0.9591836734693877
41,0.2,97,392,global_scale_only,-2.0823051422704366,0.6009609845016015,0.5732555080240634,7.901363738941149,7.484951920878626,0.3072545591473635,0.21632082736454117,9.601628274241788,0.1310814103475549,0.37244897959183676,0.6811224489795918,0.9642857142857143
41,0.2,97,392,per_drone_affine,-2.0823051422704366,0.6009609845016015,0.5732555080240634,3.381519736152137,2.260376472170604,0.13323035302627398,0.08194710332336635,4.729771052835984,-0.5165099700446799,0.7806122448979592,0.9362244897959183,1.0
42,0.2,97,392,raw_uncalibrated,-0.5198541177368257,0.5814666417793973,0.5745608872444568,26.175445267131167,22.036594096331406,1.002113991792013,0.7328114068205842,30.56775178176301,26.175445267131167,0.0,0.07908163265306123,0.46683673469387754
42,0.2,97,392,global_affine,-0.5198541177368257,0.5814666417793973,0.5745608872444568,7.7674680143705395,7.116743422385373,0.30106470584496725,0.2152212233384017,9.518991264174005,0.20110280046576093,0.3826530612244898,0.6862244897959183,0.9668367346938775
42,0.2,97,392,global_scale_only,-0.5198541177368257,0.5814666417793973,0.5745608872444568,7.784995790738268,7.464266080102653,0.30762887206867684,0.21106244647758,9.518916963820631,0.3009606505274245,0.3852040816326531,0.6862244897959183,0.9668367346938775
42,0.2,97,392,per_drone_affine,-0.5198541177368257,0.5814666417793973,0.5745608872444568,3.4063353571716695,2.5576506376249952,0.143172546246534,0.07879892967648541,4.663286949594484,0.06313219517079703,0.7780612244897959,0.9387755102040817,1.0
43,0.2,97,392,raw_uncalibrated,0.06579767097268145,0.5739072413485697,0.5747850022051119,26.23081992444026,21.896926606837894,1.0022857335399045,0.7456659431180332,30.55422526282083,26.23081992444026,0.002551020408163265,0.06887755102040816,0.461734693877551
43,0.2,97,392,global_affine,0.06579767097268145,0.5739072413485697,0.5747850022051119,7.659230229412116,7.453671577057896,0.30401016549075205,0.21100064165525795,9.379653457801515,0.35878460455188355,0.3903061224489796,0.6913265306122449,0.9744897959183674
43,0.2,97,392,global_scale_only,0.06579767097268145,0.5739072413485697,0.5747850022051119,7.655640994519702,7.405291058603643,0.30310245032093,0.2110461742153361,9.379078670420796,0.34641946450266325,0.3903061224489796,0.6913265306122449,0.9744897959183674
43,0.2,97,392,per_drone_affine,0.06579767097268145,0.5739072413485697,0.5747850022051119,3.4829789274693987,2.8435432516485086,0.14974580053166128,0.09520968141238711,4.618191596393998,0.35756288316174745,0.7729591836734694,0.9438775510204082,1.0
44,0.2,97,392,raw_uncalibrated,-0.9502852353301607,0.5928297953158187,0.5799760098575178,26.28265779639956,22.036594096331406,1.0007750610609045,0.7166360145700714,30.69355995524335,26.28265779639956,0.002551020408163265,0.08163265306122448,0.461734693877551
44,0.2,97,392,global_affine,-0.9502852353301607,0.5928297953158187,0.5799760098575178,7.625764589579834,6.849714472078999,0.2954684315866417,0.209786323689191,9.418871861963542,0.5253181727631001,0.3877551020408163,0.7117346938775511,0.9642857142857143
44,0.2,97,392,global_scale_only,-0.9502852353301607,0.5928297953158187,0.5799760098575178,7.6563346855100844,7.3404956007834254,0.3070717296753284,0.20713344539818151,9.411385588300991,0.6924799101275526,0.3852040816326531,0.701530612244898,0.9668367346938775
44,0.2,97,392,per_drone_affine,-0.9502852353301607,0.5928297953158187,0.5799760098575178,3.42214330696076,2.3700078873128483,0.1379007181449994,0.09066440049065697,4.677694392096822,0.4894336251855746,0.7653061224489796,0.9438775510204082,1.0
45,0.2,97,392,raw_uncalibrated,-1.4943129044726102,0.6011132322435183,0.5809046741216936,26.263473812156825,22.0297266687275,0.9999835246604922,0.7350073220145573,30.731069710626173,26.263473812156825,0.0,0.0663265306122449,0.4642857142857143
45,0.2,97,392,global_affine,-1.4943129044726102,0.6011132322435183,0.5809046741216936,7.701124755792567,6.562206824590596,0.28948928961065357,0.21020942371598486,9.532211410161965,0.47443141713214704,0.39540816326530615,0.7142857142857143,0.9693877551020408
45,0.2,97,392,global_scale_only,-1.4943129044726102,0.6011132322435183,0.5809046741216936,7.750614927573578,7.2292882084193995,0.30808964966727703,0.2105287452991748,9.508199404075091,0.7379151925132617,0.375,0.701530612244898,0.9693877551020408
45,0.2,97,392,per_drone_affine,-1.4943129044726102,0.6011132322435183,0.5809046741216936,3.4033713706913202,2.440268280871706,0.14194854730050024,0.09971420353246772,4.56769017561774,0.35367075002229076,0.7857142857142857,0.951530612244898,1.0
46,0.2,97,392,raw_uncalibrated,0.7033917987470168,0.5542548616625971,0.563470848384667,25.98676191021962,22.264633876600872,0.9958214689569076,0.713543090703194,30.219374853860135,25.98676191021962,0.002551020408163265,0.07142857142857142,0.461734693877551
46,0.2,97,392,global_affine,0.7033917987470168,0.5542548616625971,0.563470848384667,7.713876194370064,7.723433601423231,0.30790925140691355,0.2089353281129338,9.297278791984418,-0.3352042231911023,0.3622448979591837,0.7091836734693877,0.9744897959183674
46,0.2,97,392,global_scale_only,0.7033917987470168,0.5542548616625971,0.563470848384667,7.6900715857697834,7.310638103148154,0.29900803622259603,0.20769193224573168,9.284693861470151,-0.4798342577808083,0.38010204081632654,0.701530612244898,0.9744897959183674
46,0.2,97,392,per_drone_affine,0.7033917987470168,0.5542548616625971,0.563470848384667,3.340295731174483,2.2672917545442877,0.13950225924449436,0.07908483444608377,4.647122170298342,-0.33070551487597283,0.7729591836734694,0.9413265306122449,1.0
47,0.2,97,392,raw_uncalibrated,-0.6412486615008773,0.5848951506968639,0.5763351612313433,26.2118182675135,22.181918758149727,1.0027546672711103,0.7350073220145573,30.612628348009675,26.2118182675135,0.002551020408163265,0.06887755102040816,0.461734693877551
47,0.2,97,392,global_affine,-0.6412486615008773,0.5848951506968639,0.5763351612313433,7.713252257673996,7.051421137795537,0.2988838767278968,0.2053637377014189,9.502481076021013,0.30949874039945613,0.38010204081632654,0.701530612244898,0.9668367346938775
47,0.2,97,392,global_scale_only,-0.6412486615008773,0.5848951506968639,0.5763351612313433,7.735623518610181,7.417271736855909,0.3069572654990123,0.2077165605525306,9.501100291008626,0.42983202145988425,0.38010204081632654,0.6989795918367347,0.9668367346938775
47,0.2,97,392,per_drone_affine,-0.6412486615008773,0.5848951506968639,0.5763351612313433,3.427365068540685,2.6650398474493997,0.14381816486768928,0.08909719379192801,4.67902497839098,0.21623818933455835,0.7678571428571429,0.9464285714285714,1.0
48,0.2,97,392,raw_uncalibrated,-0.25973103797651637,0.580922985820039,0.5774489789320065,26.272240324163132,22.264633876600872,1.0034070336910692,0.7350073220145573,30.636286492329543,26.272240324163132,0.002551020408163265,0.07908163265306123,0.45153061224489793
48,0.2,97,392,global_affine,-0.25973103797651637,0.580922985820039,0.5774489789320065,7.684117618220795,7.2673542382434775,0.3032091710139131,0.20811999652258745,9.461439850369665,0.4843921212264537,0.3903061224489796,0.6989795918367347,0.9642857142857143
48,0.2,97,392,global_scale_only,-0.25973103797651637,0.580922985820039,0.5774489789320065,7.695843238596179,7.391478733684167,0.3066253482993588,0.2099983390575705,9.462349204008751,0.5325036910173717,0.3877551020408163,0.6989795918367347,0.9642857142857143
48,0.2,97,392,per_drone_affine,-0.25973103797651637,0.580922985820039,0.5774489789320065,3.416305142826123,2.558828819169225,0.1456649388229722,0.08823366639745993,4.6358966529009,0.41606468605112823,0.7755102040816326,0.9489795918367347,1.0
49,0.2,97,392,raw_uncalibrated,0.9185303424228072,0.5517407042939239,0.5638276731766119,26.014189431811428,22.004962327628057,0.9940153163304147,0.7372221727871737,30.218081113267168,26.014189431811428,0.0,0.07142857142857142,0.461734693877551
49,0.2,97,392,global_affine,0.9185303424228072,0.5517407042939239,0.5638276731766119,7.6230224936248465,7.682243806774265,0.30610299055565876,0.20870515616491447,9.206337801201235,-0.2573652029373578,0.36989795918367346,0.701530612244898,0.9770408163265306
49,0.2,97,392,global_scale_only,0.9185303424228072,0.5517407042939239,0.5638276731766119,7.586025460333299,7.2501687406740105,0.2941829794501518,0.20343854292580318,9.186380968753301,-0.44273571089638897,0.39540816326530615,0.6989795918367347,0.9770408163265306
49,0.2,97,392,per_drone_affine,0.9185303424228072,0.5517407042939239,0.5638276731766119,3.3863603506852016,2.6493668214956756,0.14438652854591766,0.08865189496387141,4.591474120105294,-0.14927122834810294,0.7678571428571429,0.9489795918367347,1.0
50,0.2,97,392,raw_uncalibrated,-1.3141592591520226,0.5981379345015942,0.5804988708822951,26.263992855582043,22.036594096331406,1.003730286248903,0.7418849892934184,30.738195652002542,26.263992855582043,0.002551020408163265,0.07653061224489796,0.46938775510204084
50,0.2,97,392,global_affine,-1.3141592591520226,0.5981379345015942,0.5804988708822951,7.805909089338711,6.686646439020862,0.2953209876478304,0.2173514777475604,9.641078660554989,0.4736810530556788,0.3852040816326531,0.701530612244898,0.9642857142857143
50,0.2,97,392,global_scale_only,-1.3141592591520226,0.5981379345015942,0.5804988708822951,7.847945558877582,7.384608191059942,0.31176417070628526,0.2165912658711071,9.624409647608388,0.7135005102341226,0.375,0.6887755102040817,0.9642857142857143
50,0.2,97,392,per_drone_affine,-1.3141592591520226,0.5981379345015942,0.5804988708822951,3.388947142963037,2.729702798261229,0.1447769104721468,0.08543579486010641,4.631693155434371,0.24222469611838188,0.7704081632653061,0.9464285714285714,1.0
51,0.2,97,392,raw_uncalibrated,-0.43929093680111453,0.5871942454151643,0.5812224370545899,26.355383009704187,22.2335933217511,1.002267314464605,0.7372221727871737,30.70947766022076,26.355383009704187,0.002551020408163265,0.07397959183673469,0.45918367346938777
51,0.2,97,392,global_affine,-0.43929093680111453,0.5871942454151643,0.5812224370545899,7.552575831149432,7.030247823136935,0.30000951516291957,0.20811716336577912,9.308093542633642,0.7356675183779681,0.3877551020408163,0.7321428571428571,0.9719387755102041
51,0.2,97,392,global_scale_only,-0.43929093680111453,0.5871942454151643,0.5812224370545899,7.57586625535059,7.146438739340173,0.3059003427986968,0.20857692160095687,9.307785571032978,0.8106886546556907,0.3877551020408163,0.7270408163265306,0.9719387755102041
51,0.2,97,392,per_drone_affine,-0.43929093680111453,0.5871942454151643,0.5812224370545899,3.5225416017491886,2.3696132441194653,0.13754862282744781,0.08803056572506682,4.8612313692207465,0.8268742401298469,0.7397959183673469,0.9260204081632653,1.0
52,0.2,97,392,raw_uncalibrated,0.05470065115493461,0.5784208794247087,0.5791627932764665,26.342431085117624,22.181918758149727,1.0007872198366607,0.7350073220145573,30.64533621305193,26.342431085117624,0.0,0.061224489795918366,0.461734693877551
52,0.2,97,392,global_affine,0.05470065115493461,0.5784208794247087,0.5791627932764665,7.554322162714717,7.172470125871488,0.3042446016654514,0.2078373310541054,9.218862684863398,0.6870075570922873,0.3826530612244898,0.7117346938775511,0.9770408163265306
52,0.2,97,392,global_scale_only,0.05470065115493461,0.5784208794247087,0.5791627932764665,7.551295777683588,7.152810208445688,0.3035013861288535,0.20663988480972711,9.218452347304584,0.6775527360271307,0.3826530612244898,0.7117346938775511,0.9770408163265306
52,0.2,97,392,per_drone_affine,0.05470065115493461,0.5784208794247087,0.5791627932764665,3.434653030292009,2.5790134492527783,0.14365002457716386,0.09096131623635473,4.595148343929477,0.7983953548719959,0.7551020408163265,0.9438775510204082,1.0
53,0.2,97,392,raw_uncalibrated,0.31492454875892323,0.5641773181972831,0.5683408944731494,26.082923999622572,22.036594096331406,0.9975155102392239,0.7339558860779429,30.365504536411468,26.082923999622572,0.002551020408163265,0.06887755102040816,0.461734693877551
53,0.2,97,392,global_affine,0.31492454875892323,0.5641773181972831,0.5683408944731494,7.711005976267525,7.562970232208216,0.30528618999693913,0.21208223090312817,9.308986159614099,-0.06782424369886744,0.3647959183673469,0.6836734693877551,0.9719387755102041
53,0.2,97,392,global_scale_only,0.31492454875892323,0.5641773181972831,0.5683408944731494,7.699058360946507,7.348226578337594,0.3012295517361181,0.2115685644679305,9.305013319947783,-0.12991237075951523,0.37244897959183676,0.6836734693877551,0.9719387755102041
53,0.2,97,392,per_drone_affine,0.31492454875892323,0.5641773181972831,0.5683408944731494,3.3432199405428875,2.598714500030866,0.14257316177266027,0.08186543336575797,4.519206529042938,-0.0913581749798811,0.7806122448979592,0.9566326530612245,1.0
54,0.2,97,392,raw_uncalibrated,0.2649032026593822,0.5658944258281546,0.5693980946128222,26.10674560581692,22.036594096331406,0.9971033314464843,0.7350073220145573,30.399971868700863,26.10674560581692,0.0,0.0663265306122449,0.45918367346938777
54,0.2,97,392,global_affine,0.2649032026593822,0.5658944258281546,0.5693980946128222,7.709127424738317,7.514146805743384,0.30346640699680916,0.20291007301738745,9.34078332229569,-9.237344836863635e-05,0.375,0.6938775510204082,0.9719387755102041
54,0.2,97,392,global_scale_only,0.2649032026593822,0.5658944258281546,0.5693980946128222,7.6986626274062555,7.3188919718686325,0.30001052446316884,0.2020243394950173,9.33764179852177,-0.052149089276265874,0.38010204081632654,0.6887755102040817,0.9719387755102041
54,0.2,97,392,per_drone_affine,0.2649032026593822,0.5658944258281546,0.5693980946128222,3.2717162431428677,2.5321517174800654,0.14627715215627696,0.08433106439481203,4.416031212388104,-0.05474004539827379,0.8035714285714286,0.9540816326530612,1.0
55,0.2,97,392,raw_uncalibrated,0.02359314371435706,0.578103956759843,0.5784211779430634,26.32100262941945,22.2335933217511,1.0037745951674983,0.7313491183720342,30.647447749605266,26.32100262941945,0.002551020408163265,0.06377551020408163,0.45153061224489793
55,0.2,97,392,global_affine,0.02359314371435706,0.578103956759843,0.5784211779430634,7.622557411726792,7.278937553625856,0.30578584102130096,0.20522677634330297,9.365414221147118,0.6241845545625371,0.3826530612244898,0.7142857142857143,0.9719387755102041
55,0.2,97,392,global_scale_only,0.02359314371435706,0.578103956759843,0.5784211779430634,7.621202396501647,7.270310984005626,0.3054570081248274,0.20525868521206375,9.365236225015977,0.6199304385788172,0.3826530612244898,0.7142857142857143,0.9719387755102041
55,0.2,97,392,per_drone_affine,0.02359314371435706,0.578103956759843,0.5784211779430634,3.4171805330270186,2.748388498969005,0.1463274139880757,0.08988770361583939,4.574919789796207,0.6212863882494861,0.7729591836734694,0.9413265306122449,1.0
56,0.2,97,392,raw_uncalibrated,-0.045945710153386124,0.5755670788133989,0.574953128170506,26.22578060603666,22.181918758149727,1.0001746219051046,0.7324005543086487,30.556741070763625,26.22578060603666,0.002551020408163265,0.07908163265306123,0.461734693877551
56,0.2,97,392,global_affine,-0.045945710153386124,0.5755670788133989,0.574953128170506,7.61534979594927,7.198955756157745,0.30171681207595374,0.20502956402700762,9.364527667326408,0.34518116747125654,0.3979591836734694,0.6887755102040817,0.9719387755102041
56,0.2,97,392,global_scale_only,-0.045945710153386124,0.5755670788133989,0.574953128170506,7.617425140636449,7.230435652578257,0.30232437693079656,0.2053505576583604,9.364848184830915,0.353756538346698,0.3979591836734694,0.6887755102040817,0.9719387755102041
56,0.2,97,392,per_drone_affine,-0.045945710153386124,0.5755670788133989,0.574953128170506,3.4247055009415597,2.718406135610551,0.1457332920241898,0.09174860359009207,4.572504305880869,0.3351931172107244,0.7704081632653061,0.9438775510204082,1.0
57,0.2,97,392,raw_uncalibrated,-1.4279860652408851,0.5898170985030541,0.5708735503721608,26.006345680064275,21.272185664949383,0.994378790049232,0.7166360145700714,30.464790162259856,26.006345680064275,0.002551020408163265,0.08418367346938775,0.4770408163265306
57,0.2,97,392,global_affine,-1.4279860652408851,0.5898170985030541,0.5708735503721608,7.815528819452613,6.8289233016688655,0.28772540549765463,0.2146598471436399,9.52986695145446,-0.2989063725592836,0.38010204081632654,0.6785714285714286,0.9668367346938775
57,0.2,97,392,global_scale_only,-1.4279860652408851,0.5898170985030541,0.5708735503721608,7.842361421147044,7.437230322521961,0.3045482309023586,0.21737415891998385,9.510188434318108,-0.01983140009471756,0.3622448979591837,0.6887755102040817,0.9693877551020408
57,0.2,97,392,per_drone_affine,-1.4279860652408851,0.5898170985030541,0.5708735503721608,3.3287330581871037,2.335122908938148,0.13553005974764665,0.08684404420621374,4.6144667272483115,-0.48240886789781995,0.7908163265306123,0.9336734693877551,1.0
58,0.2,97,392,raw_uncalibrated,-0.21549322724660486,0.5686807675415579,0.5658611867132262,25.971379782813948,21.582579037205697,0.9957655117860839,0.7350073220145573,30.31672293529478,25.971379782813948,0.002551020408163265,0.07397959183673469,0.4719387755102041
58,0.2,97,392,global_affine,-0.21549322724660486,0.5686807675415579,0.5658611867132262,7.755680063519976,7.212835859340459,0.29669432673735596,0.20714476576879515,9.487730710188856,-0.3881995912672688,0.3852040816326531,0.6938775510204082,0.9668367346938775
58,0.2,97,392,global_scale_only,-0.21549322724660486,0.5686807675415579,0.5658611867132262,7.761013629493823,7.336809559307231,0.29932015213667,0.20730896841319807,9.488540708838784,-0.3436131043802466,0.3826530612244898,0.6964285714285714,0.9668367346938775
58,0.2,97,392,per_drone_affine,-0.21549322724660486,0.5686807675415579,0.5658611867132262,3.4860714332951246,2.6027190629433177,0.14585834981621498,0.09324964600752203,4.730378179726233,-0.4630935416355425,0.7653061224489796,0.9413265306122449,1.0
59,0.2,97,392,raw_uncalibrated,0.22788838470415435,0.5656579354785307,0.5686704113845485,26.084267360582533,22.475101712091117,0.9966205418441991,0.7063963222375982,30.37798043262017,26.084267360582533,0.002551020408163265,0.07908163265306123,0.45918367346938777
59,0.2,97,392,global_affine,0.22788838470415435,0.5656579354785307,0.5686704113845485,7.698365458867575,7.424729758076539,0.3038087722448171,0.20014522617537978,9.330838014109158,-0.06418888398960643,0.37244897959183676,0.701530612244898,0.9719387755102041
59,0.2,97,392,global_scale_only,0.22788838470415435,0.5656579354785307,0.5686704113845485,7.691794370578963,7.304426577747195,0.30100913487114284,0.19864647061811916,9.328273286516657,-0.10913826928540332,0.37755102040816324,0.6989795918367347,0.9719387755102041
59,0.2,97,392,per_drone_affine,0.22788838470415435,0.5656579354785307,0.5686704113845485,3.300820699859179,2.521196506402788,0.14183384831871437,0.08191884552846322,4.520922130148409,-0.09186956883079964,0.7933673469387755,0.9540816326530612,1.0
60,0.2,97,392,raw_uncalibrated,-0.0004842043290270748,0.5692441248252479,0.569237713916831,26.079857503810032,22.2335933217511,0.996287342607306,0.7166360145700714,30.395888037282756,26.079857503810032,0.002551020408163265,0.08163265306122448,0.45918367346938777
60,0.2,97,392,global_affine,-0.0004842043290270748,0.5692441248252479,0.569237713916831,7.681111572126928,7.315347048845649,0.30072315050470033,0.20064936303235836,9.341287218088178,-0.07729279113085474,0.38010204081632654,0.6938775510204082,0.9668367346938775
60,0.2,97,392,global_scale_only,-0.0004842043290270748,0.5692441248252479,0.569237713916831,7.68112464774252,7.315703812671275,0.30072901989113,0.2006495618171669,9.341290980899116,-0.07719787456425463,0.38010204081632654,0.6938775510204082,0.9668367346938775
60,0.2,97,392,per_drone_affine,-0.0004842043290270748,0.5692441248252479,0.569237713916831,3.3246804509205012,2.478451657247633,0.1397272036142267,0.08699277929623749,4.59754529349025,-0.09125799980332179,0.7806122448979592,0.9387755102040817,1.0
61,0.2,97,392,raw_uncalibrated,0.5469040647433228,0.5533559646744046,0.5604468496483712,25.89216488543505,21.86054826456637,0.9945893640099317,0.7350073220145573,30.142518030105112,25.89216488543505,0.002551020408163265,0.07653061224489796,0.46683673469387754
61,0.2,97,392,global_affine,0.5469040647433228,0.5533559646744046,0.5604468496483712,7.7716456335625645,7.565983372802209,0.3034618559888763,0.21243901664064363,9.426597792611666,-0.5985375670618605,0.375,0.6887755102040817,0.9693877551020408
61,0.2,97,392,global_scale_only,0.5469040647433228,0.5533559646744046,0.5604468496483712,7.757602204150022,7.243739295152329,0.2966986297372193,0.21057573670318927,9.418924004450583,-0.7161947537060299,0.37755102040816324,0.6887755102040817,0.9693877551020408
61,0.2,97,392,per_drone_affine,0.5469040647433228,0.5533559646744046,0.5604468496483712,3.402492490912702,2.5917176408266034,0.1441341652291842,0.08206848736547785,4.740809737377361,-0.649142649916388,0.7704081632653061,0.9413265306122449,1.0
62,0.2,97,392,raw_uncalibrated,0.48575632776870453,0.5727252291362577,0.5792426825901814,26.381490801761597,22.2335933217511,1.0065965144151567,0.7408146177781605,30.671352874160938,26.381490801761597,0.0,0.061224489795918366,0.45918367346938777
62,0.2,97,392,global_affine,0.48575632776870453,0.5727252291362577,0.5792426825901814,7.701591113209458,7.602202756985555,0.3135214817514827,0.21064338699816623,9.393104617871698,0.793082844384044,0.36989795918367346,0.6938775510204082,0.9744897959183674
62,0.2,97,392,global_scale_only,0.48575632776870453,0.5727252291362577,0.5792426825901814,7.673672067920984,7.384969667083078,0.30679175244431894,0.20857358384113972,9.385960507498604,0.7050498639004384,0.37755102040816324,0.6964285714285714,0.9719387755102041
62,0.2,97,392,per_drone_affine,0.48575632776870453,0.5727252291362577,0.5792426825901814,3.4391598234635357,2.8986627460705385,0.15565963654021475,0.0860170491950957,4.533851695932151,0.7624536093492982,0.7755102040816326,0.9438775510204082,1.0
63,0.2,97,392,raw_uncalibrated,-1.0798547684689181,0.5954398010676623,0.5808749057459349,26.293945940067886,22.181918758149727,1.003798015509533,0.7313491183720342,30.73174719236861,26.293945940067886,0.002551020408163265,0.07142857142857142,0.4642857142857143
63,0.2,97,392,global_affine,-1.0798547684689181,0.5954398010676623,0.5808749057459349,7.6894718089630905,6.760763475414252,0.2962275962611664,0.21041416043328742,9.528220917810058,0.5614859940701269,0.3826530612244898,0.7142857142857143,0.9642857142857143
63,0.2,97,392,global_scale_only,-1.0798547684689181,0.5954398010676623,0.5808749057459349,7.729564128300335,7.212492015524802,0.30990210346752195,0.21167726064880918,9.517774340537631,0.7538026043955307,0.38010204081632654,0.6989795918367347,0.9642857142857143
63,0.2,97,392,per_drone_affine,-1.0798547684689181,0.5954398010676623,0.5808749057459349,3.421661611307907,2.5764200949034493,0.14052350375272543,0.09052858524983973,4.63845364528038,0.43483904658190503,0.7602040816326531,0.951530612244898,1.0
64,0.2,97,392,raw_uncalibrated,0.585945066800924,0.5588044130914195,0.5665224718261044,26.05814281914048,21.928558375541243,0.996137051552977,0.7253225219227089,30.31062631088686,26.05814281914048,0.002551020408163265,0.07908163265306123,0.461734693877551
64,0.2,97,392,global_affine,0.585945066800924,0.5588044130914195,0.5665224718261044,7.684749687795616,7.6299420323889855,0.30523569449287224,0.203358339056755,9.298003699679875,-0.13692541822986093,0.3647959183673469,0.7066326530612245,0.9719387755102041
64,0.2,97,392,global_scale_only,0.585945066800924,0.5588044130914195,0.5665224718261044,7.663945400986609,7.2891919762654815,0.29774369028634173,0.20128078564469887,9.288263882125932,-0.254376602069982,0.38010204081632654,0.7117346938775511,0.9693877551020408
64,0.2,97,392,per_drone_affine,0.585945066800924,0.5588044130914195,0.5665224718261044,3.319833398950063,2.5748438693901434,0.14316273337159957,0.08191779684105684,4.531096114249029,-0.1397014855658192,0.7831632653061225,0.9591836734693877,1.0
65,0.2,97,392,raw_uncalibrated,-0.6583664441769885,0.5829832171205251,0.5742295372882209,26.155587650227126,22.036594096331406,0.9994798266666597,0.7257333744346444,30.55668691384527,26.155587650227126,0.0,0.07397959183673469,0.461734693877551
65,0.2,97,392,global_affine,-0.6583664441769885,0.5829832171205251,0.5742295372882209,7.808595691825641,7.09962696461805,0.2990905862513566,0.21564774860529945,9.505434703593474,0.1432493543627765,0.375,0.6938775510204082,0.9693877551020408
65,0.2,97,392,global_scale_only,-0.6583664441769885,0.5829832171205251,0.5742295372882209,7.825290047361322,7.517739892326731,0.30708803543183416,0.21036402530491055,9.503951466839403,0.2694056785190819,0.3673469387755102,0.6887755102040817,0.9693877551020408
65,0.2,97,392,per_drone_affine,-0.6583664441769885,0.5829832171205251,0.5742295372882209,3.269907731776215,2.5236770192573914,0.14274655647238194,0.07970614716860508,4.512448994895996,-0.035598517524878304,0.798469387755102,0.9413265306122449,1.0
66,0.2,97,392,raw_uncalibrated,0.27340645485712906,0.5643072196151662,0.5679107424202716,26.068184864776292,21.896926606837894,0.9970276427128566,0.7372221727871737,30.359750363700158,26.068184864776292,0.002551020408163265,0.07653061224489796,0.461734693877551
66,0.2,97,392,global_affine,0.27340645485712906,0.5643072196151662,0.5679107424202716,7.703306112655371,7.450923497824616,0.30338255090689,0.2030930748344136,9.359453898188598,-0.10977137273283398,0.37755102040816324,0.7040816326530612,0.9693877551020408
66,0.2,97,392,global_scale_only,0.27340645485712906,0.5643072196151662,0.5679107424202716,7.692582647166012,7.263004210445516,0.29983705106430425,0.20298733737653887,9.356224415194394,-0.1644042031937423,0.3877551020408163,0.7066326530612245,0.9693877551020408
66,0.2,97,392,per_drone_affine,0.27340645485712906,0.5643072196151662,0.5679107424202716,3.337885962445254,2.617428642765322,0.1438475908180771,0.08351894096185629,4.52768055336022,-0.1611515621000768,0.7806122448979592,0.9540816326530612,1.0
67,0.2,97,392,raw_uncalibrated,-1.3995403033319351,0.5984810900959316,0.5797021836743265,26.237221846455473,22.181918758149727,1.0014019235832188,0.7313491183720342,30.715575195547608,26.237221846455473,0.002551020408163265,0.07397959183673469,0.46683673469387754
67,0.2,97,392,global_affine,-1.3995403033319351,0.5984810900959316,0.5797021836743265,7.76927886975715,6.623030858490584,0.2924703412000502,0.216538104790779,9.627591770774902,0.3931785924611607,0.39285714285714285,0.7117346938775511,0.9617346938775511
67,0.2,97,392,global_scale_only,-1.3995403033319351,0.5984810900959316,0.5797021836743265,7.806725212883509,7.363102589096311,0.309415266469367,0.2112125654130334,9.608170053774788,0.6494575895128619,0.3826530612244898,0.6964285714285714,0.9642857142857143
67,0.2,97,392,per_drone_affine,-1.3995403033319351,0.5984810900959316,0.5797021836743265,3.3970213950554426,2.4724522271070177,0.14046775437434955,0.08343391422329977,4.694085688367357,0.21757876255527278,0.7729591836734694,0.9464285714285714,1.0
68,0.2,97,392,raw_uncalibrated,-0.7193347950718342,0.5867240728295505,0.5771507816213298,26.225426042342093,21.928558375541243,1.003910686685468,0.7267848103712589,30.64838812521637,26.225426042342093,0.002551020408163265,0.07397959183673469,0.4642857142857143
68,0.2,97,392,global_affine,-0.7193347950718342,0.5867240728295505,0.5771507816213298,7.801018600995072,7.028299346195507,0.30029184430504685,0.20689748849250805,9.602572387999993,0.35069507863356625,0.37755102040816324,0.6938775510204082,0.9617346938775511
68,0.2,97,392,global_scale_only,-0.7193347950718342,0.5867240728295505,0.5771507816213298,7.823643302024133,7.437791313815383,0.3093138371457056,0.2093734903457456,9.600261301694218,0.48732007342904493,0.37755102040816324,0.6887755102040817,0.9642857142857143
68,0.2,97,392,per_drone_affine,-0.7193347950718342,0.5867240728295505,0.5771507816213298,3.3732479897273002,2.6503025894361727,0.14576094816794982,0.0805426430344972,4.6675562286918915,0.15615072862453394,0.7908163265306123,0.9464285714285714,1.0
69,0.2,97,392,raw_uncalibrated,-0.994085821096165,0.5925410634428262,0.5791783386548195,26.257125712647532,22.036594096331406,1.0009098350003822,0.7372221727871737,30.68762144600424,26.257125712647532,0.002551020408163265,0.07397959183673469,0.46683673469387754
69,0.2,97,392,global_affine,-0.994085821096165,0.5925410634428262,0.5791783386548195,7.672859323750637,6.7711971854310065,0.2946165924593737,0.20927286027041342,9.517029477637568,0.44879764089731516,0.39285714285714285,0.7040816326530612,0.9617346938775511
69,0.2,97,392,global_scale_only,-0.994085821096165,0.5925410634428262,0.5791783386548195,7.707717713706161,7.290882587015584,0.3070206439314012,0.21026447056603131,9.50909204287567,0.6290937515010421,0.39285714285714285,0.6913265306122449,0.9642857142857143
69,0.2,97,392,per_drone_affine,-0.994085821096165,0.5925410634428262,0.5791783386548195,3.4695719696173803,2.5194459710082118,0.14123218385981468,0.09548956705581382,4.701969019010744,0.36298543104140557,0.7602040816326531,0.9464285714285714,1.0
70,0.2,97,392,raw_uncalibrated,-1.6538745705694158,0.5964947230802222,0.5744819585489791,26.082079928424836,21.86054826456637,0.9979594365773045,0.7372221727871737,30.576614057089046,26.082079928424836,0.002551020408163265,0.08418367346938775,0.4744897959183674
70,0.2,97,392,global_affine,-1.6538745705694158,0.5964947230802222,0.5744819585489791,7.853957249284843,6.464269418814459,0.28860363319667515,0.21819297244068434,9.625049168095359,-0.0746271910282933,0.38010204081632654,0.6836734693877551,0.9668367346938775
70,0.2,97,392,global_scale_only,-1.6538745705694158,0.5964947230802222,0.5744819585489791,7.887834235718924,7.457767767031344,0.3083177563467313,0.21976157099452526,9.596832631923142,0.24252363861643578,0.37244897959183676,0.6811224489795918,0.9668367346938775
70,0.2,97,392,per_drone_affine,-1.6538745705694158,0.5964947230802222,0.5744819585489791,3.3354056657087177,2.2729817192221757,0.13667624237449158,0.0739867950064661,4.657129814813682,-0.3328527526576371,0.7806122448979592,0.9438775510204082,1.0
71,0.2,97,392,raw_uncalibrated,-0.8742828520282541,0.5913272483214282,0.5795295752407497,26.276704553378206,21.896926606837894,1.0020353967228006,0.7350073220145573,30.68549991609627,26.276704553378206,0.0,0.07142857142857142,0.4642857142857143
71,0.2,97,392,global_affine,-0.8742828520282541,0.5913272483214282,0.5795295752407497,7.6549539836561244,6.8592511687192035,0.2964117260854937,0.20960957289033716,9.439060720334163,0.5062567918969336,0.3903061224489796,0.7066326530612245,0.9693877551020408
71,0.2,97,392,global_scale_only,-0.8742828520282541,0.5913272483214282,0.5795295752407497,7.690133977233416,7.283307068561095,0.3075978366031665,0.20842181532179216,9.433378862826187,0.6618305708147721,0.3877551020408163,0.701530612244898,0.9693877551020408
71,0.2,97,392,per_drone_affine,-0.8742828520282541,0.5913272483214282,0.5795295752407497,3.445094812862692,2.5471195993276945,0.14093992814131256,0.09337976940627346,4.635580547843198,0.45294336657389217,0.7704081632653061,0.9464285714285714,1.0
72,0.2,97,392,raw_uncalibrated,0.417014978070259,0.5611373983094833,0.5666133123582058,26.04636156396156,22.036594096331406,0.9975693191487189,0.7328114068205842,30.32384045064077,26.04636156396156,0.002551020408163265,0.07142857142857142,0.461734693877551
72,0.2,97,392,global_affine,0.417014978070259,0.5611373983094833,0.5666133123582058,7.699239898915627,7.531745775468188,0.30377558245234065,0.20417646943631793,9.37667923401221,-0.17085187420741535,0.38010204081632654,0.701530612244898,0.9744897959183674
72,0.2,97,392,global_scale_only,0.417014978070259,0.5611373983094833,0.5666133123582058,7.684291770626219,7.2878753927106334,0.2984192677308319,0.20302041145976307,9.370931122288468,-0.2555379069550119,0.3852040816326531,0.701530612244898,0.9719387755102041
72,0.2,97,392,per_drone_affine,0.417014978070259,0.5611373983094833,0.5666133123582058,3.4096326490729965,2.602275627314963,0.1457553313073905,0.0849100434745019,4.646273178831105,-0.18057461265497188,0.7831632653061225,0.9464285714285714,1.0
73,0.2,97,392,raw_uncalibrated,-0.820297302034411,0.5912529458346912,0.5801805345908707,26.297430255747773,22.181918758149727,1.0021034405931617,0.7328114068205842,30.704013401916992,26.297430255747773,0.002551020408163265,0.07142857142857142,0.461734693877551
73,0.2,97,392,global_affine,-0.820297302034411,0.5912529458346912,0.5801805345908707,7.665590123965262,6.899444769523782,0.2972459044213491,0.19889561577526357,9.452462266870524,0.5679699995463154,0.3852040816326531,0.7066326530612245,0.9642857142857143
73,0.2,97,392,global_scale_only,-0.820297302034411,0.5912529458346912,0.5801805345908707,7.692983754292729,7.2908139628137105,0.30745179262777456,0.206746438143186,9.447722116949388,0.7135113781867598,0.3852040816326531,0.7040816326530612,0.9668367346938775
73,0.2,97,392,per_drone_affine,-0.820297302034411,0.5912529458346912,0.5801805345908707,3.355482695901812,2.553943151287976,0.1409046101770645,0.08790343156303632,4.582344693104125,0.48390270912433647,0.7678571428571429,0.9540816326530612,1.0
74,0.2,97,392,raw_uncalibrated,-0.10594428253350077,0.5672594344845969,0.5658756598585636,25.98115505004557,21.896926606837894,0.995994728223576,0.7350073220145573,30.320080699107166,25.98115505004557,0.002551020408163265,0.07653061224489796,0.4642857142857143
74,0.2,97,392,global_affine,-0.10594428253350077,0.5672594344845969,0.5658756598585636,7.74308741225673,7.185379776322476,0.2972232833685348,0.20535381475679323,9.510679945395662,-0.35925855265734424,0.3852040816326531,0.6964285714285714,0.9617346938775511
74,0.2,97,392,global_scale_only,-0.10594428253350077,0.5672594344845969,0.5658756598585636,7.7461669688476515,7.229618881909252,0.2985452736234683,0.2053707166510208,9.511245556802542,-0.3372042399247181,0.3852040816326531,0.6938775510204082,0.9617346938775511
74,0.2,97,392,per_drone_affine,-0.10594428253350077,0.5672594344845969,0.5658756598585636,3.5134482006568475,2.600774862680966,0.1490648529129168,0.09491967461605047,4.773356743126922,-0.4243681484359881,0.7857142857142857,0.9311224489795918,1.0
75,0.2,97,392,raw_uncalibrated,-0.9677055163935269,0.5985623021077981,0.5854562799670587,26.417767017857777,22.2335933217511,1.0074001401173907,0.743834487171745,30.857617617525978,26.417767017857777,0.002551020408163265,0.0663265306122449,0.461734693877551
75,0.2,97,392,global_affine,-0.9677055163935269,0.5985623021077981,0.5854562799670587,7.718211287836473,6.846978834923911,0.2998058558917257,0.21348831114169103,9.621767371145882,0.9380251065258893,0.3877551020408163,0.7040816326530612,0.9668367346938775
75,0.2,97,392,global_scale_only,-0.9677055163935269,0.5985623021077981,0.5854562799670587,7.764307631518931,7.244196035433351,0.31264945926275706,0.21432183623814396,9.613116423349389,1.1054687307417188,0.37755102040816324,0.7040816326530612,0.9668367346938775
75,0.2,97,392,per_drone_affine,-0.9677055163935269,0.5985623021077981,0.5854562799670587,3.5177793961322608,2.7909095081548676,0.15049077729476135,0.09099654652497507,4.703422274039726,0.7937385604222847,0.7678571428571429,0.9489795918367347,1.0
76,0.2,97,392,raw_uncalibrated,-0.09616795089659252,0.5698681397940916,0.5686025093501234,26.054802982069518,21.896926606837894,0.9989113087709177,0.7372221727871737,30.391913589784902,26.054802982069518,0.002551020408163265,0.07397959183673469,0.46938775510204084
76,0.2,97,392,global_affine,-0.09616795089659252,0.5698681397940916,0.5686025093501234,7.762480786816183,7.314914830955663,0.3009699835161369,0.21120407405386019,9.448777641869354,-0.14936242850777207,0.37755102040816324,0.701530612244898,0.9719387755102041
76,0.2,97,392,global_scale_only,-0.09616795089659252,0.5698681397940916,0.5686025093501234,7.7651564846790455,7.354222735948783,0.30215781334926844,0.21212626560121356,9.449361683434482,-0.13001528414292227,0.37755102040816324,0.701530612244898,0.9719387755102041
76,0.2,97,392,per_drone_affine,-0.09616795089659252,0.5698681397940916,0.5686025093501234,3.3795376964124575,2.668084890083305,0.14385770963323027,0.08272511339617793,4.6253400002755365,-0.24432989454723295,0.7704081632653061,0.9438775510204082,1.0
77,0.2,97,392,raw_uncalibrated,0.424162320890305,0.5590744955757866,0.5646316074438245,25.99382391346933,21.928558375541243,0.9957558653828836,0.7339558860779429,30.262777597958753,25.99382391346933,0.002551020408163265,0.07653061224489796,0.46938775510204084
77,0.2,97,392,global_affine,0.424162320890305,0.5590744955757866,0.5646316074438245,7.698322589886307,7.538517900211336,0.30268985540211313,0.2069319622303165,9.35866972935988,-0.3182729470112607,0.375,0.701530612244898,0.9719387755102041
77,0.2,97,392,global_scale_only,0.424162320890305,0.5590744955757866,0.5646316074438245,7.684562102068269,7.3147547017154295,0.2973503308415859,0.20605976481430943,9.352902827690476,-0.40547044796502624,0.3826530612244898,0.6989795918367347,0.9719387755102041
77,0.2,97,392,per_drone_affine,0.424162320890305,0.5590744955757866,0.5646316074438245,3.3931951163704634,2.504792601410978,0.1419274777633267,0.08574492020155658,4.697753089340744,-0.31551345744116965,0.7831632653061225,0.9438775510204082,1.0
78,0.2,97,392,raw_uncalibrated,-0.20393561320866144,0.5720902013532805,0.5693872263242731,26.066790478925665,21.53056471825726,0.9968425872340666,0.7372221727871737,30.40099637695747,26.066790478925665,0.0,0.07397959183673469,0.4770408163265306
78,0.2,97,392,global_affine,-0.20393561320866144,0.5720902013532805,0.5693872263242731,7.666679505735041,7.225226250147691,0.29818830570791255,0.20177600955571956,9.34682804260006,-0.11539822403337419,0.3852040816326531,0.6964285714285714,0.9617346938775511
78,0.2,97,392,global_scale_only,-0.20393561320866144,0.5720902013532805,0.5693872263242731,7.673021468764707,7.338371521756413,0.300732949963875,0.20098881188843368,9.34777840726614,-0.07555927236622939,0.37755102040816324,0.6989795918367347,0.9668367346938775
78,0.2,97,392,per_drone_affine,-0.20393561320866144,0.5720902013532805,0.5693872263242731,3.3752750637596236,2.4536510556130864,0.13833751919914497,0.08428859111024332,4.620520235224537,-0.13474320956957284,0.7678571428571429,0.9387755102040817,1.0
79,0.2,97,392,raw_uncalibrated,-0.6412594712770787,0.5843704821915542,0.5757201261762734,26.198408744669084,22.036594096331406,0.9959757147361573,0.7328114068205842,30.56372277473307,26.198408744669084,0.0,0.07908163265306123,0.461734693877551
79,0.2,97,392,global_affine,-0.6412594712770787,0.5843704821915542,0.5757201261762734,7.580513178314416,7.013730168033069,0.2933610571799326,0.20582835640474725,9.270245226383587,0.2697232697040358,0.37755102040816324,0.7168367346938775,0.9744897959183674
79,0.2,97,392,global_scale_only,-0.6412594712770787,0.5843704821915542,0.5757201261762734,7.605108890140363,7.403578225887613,0.30148541707616155,0.20736315439545633,9.268638946160374,0.3846841306336577,0.38010204081632654,0.7168367346938775,0.9744897959183674
79,0.2,97,392,per_drone_affine,-0.6412594712770787,0.5843704821915542,0.5757201261762734,3.303994910120735,2.4557379145618174,0.13551193212491433,0.08798181208186277,4.463409580373112,0.2733318614035733,0.7780612244897959,0.9489795918367347,1.0
80,0.2,97,392,raw_uncalibrated,-1.4478548810459066,0.5936677411205256,0.5744035354785592,26.09623755351699,21.896926606837894,0.9970277803307098,0.7253225219227089,30.57204785399406,26.09623755351699,0.002551020408163265,0.07397959183673469,0.46683673469387754
80,0.2,97,392,global_affine,-1.4478548810459066,0.5936677411205256,0.5744035354785592,7.775597678533052,6.519277390396271,0.28889604124595963,0.20969033789990926,9.59991473166401,-0.03187087780092407,0.3903061224489796,0.701530612244898,0.9591836734693877
80,0.2,97,392,global_scale_only,-1.4478548810459066,0.5936677411205256,0.5744035354785592,7.800780333289219,7.323162648156211,0.3057664558514727,0.20688894411912123,9.57960215823888,0.2458935925071606,0.3852040816326531,0.7040816326530612,0.9617346938775511
80,0.2,97,392,per_drone_affine,-1.4478548810459066,0.5936677411205256,0.5744035354785592,3.3513699539159876,2.307432874919911,0.1353301112500075,0.08164670476032956,4.701111888894892,-0.21535056789857768,0.7729591836734694,0.9387755102040817,1.0
81,0.2,97,392,raw_uncalibrated,-1.8283675716202938,0.6077289181766955,0.5829758626774935,26.289424371536853,21.903794034441802,1.0021396883057763,0.7350073220145573,30.796750512470144,26.289424371536853,0.002551020408163265,0.08418367346938775,0.4642857142857143
81,0.2,97,392,global_affine,-1.8283675716202938,0.6077289181766955,0.5829758626774935,7.729978873169005,6.348484792329467,0.2894894424187948,0.21341230007913797,9.643750788446964,0.5590848123030899,0.39540816326530615,0.7040816326530612,0.9591836734693877
81,0.2,97,392,global_scale_only,-1.8283675716202938,0.6077289181766955,0.5829758626774935,7.786128376294739,7.11101037937738,0.31178426129505077,0.2135787756587628,9.604884227190478,0.8791922379045848,0.37755102040816324,0.6964285714285714,0.9642857142857143
81,0.2,97,392,per_drone_affine,-1.8283675716202938,0.6077289181766955,0.5829758626774935,3.471831261546352,2.408558487010554,0.13829334522246978,0.0900404557028003,4.741744698066646,0.3920406647307291,0.7576530612244898,0.9413265306122449,1.0
82,0.2,97,392,raw_uncalibrated,-0.33036589647885234,0.5836152442211693,0.5791729588719022,26.310887380214705,22.181918758149727,1.0031621738648275,0.7350073220145573,30.67618860675178,26.310887380214705,0.002551020408163265,0.0663265306122449,0.45663265306122447
82,0.2,97,392,global_affine,-0.33036589647885234,0.5836152442211693,0.5791729588719022,7.610716763098969,7.069265003774082,0.30089959781733405,0.2060659578643625,9.43090188011742,0.6003114566913405,0.4030612244897959,0.7040816326530612,0.9668367346938775
82,0.2,97,392,global_scale_only,-0.33036589647885234,0.5836152442211693,0.5791729588719022,7.626440653852092,7.278689360776093,0.30527363309885464,0.2063552831166661,9.431568631831794,0.6599034268923839,0.3979591836734694,0.701530612244898,0.9668367346938775
82,0.2,97,392,per_drone_affine,-0.33036589647885234,0.5836152442211693,0.5791729588719022,3.5245679661477864,2.5673009447572106,0.14763844641851984,0.09361516778839726,4.713932124259252,0.6046768432096747,0.7678571428571429,0.9387755102040817,1.0
83,0.2,97,392,raw_uncalibrated,-1.3441397033661153,0.5922955029392885,0.5744302247713676,26.10470915698129,21.86054826456637,0.9984481085243344,0.7328114068205842,30.57440518637534,26.10470915698129,0.002551020408163265,0.07908163265306123,0.4719387755102041
83,0.2,97,392,global_affine,-1.3441397033661153,0.5922955029392885,0.5744302247713676,7.80129690451079,6.566391921802456,0.2902733689694379,0.21289938940505174,9.607898236897137,-0.006486512322683838,0.4005102040816326,0.6913265306122449,0.9642857142857143
83,0.2,97,392,global_scale_only,-1.3441397033661153,0.5922955029392885,0.5744302247713676,7.837543652389987,7.34902554041895,0.3067472977990575,0.21029867410279734,9.591148751995544,0.2523810210726048,0.3852040816326531,0.6913265306122449,0.9668367346938775
83,0.2,97,392,per_drone_affine,-1.3441397033661153,0.5922955029392885,0.5744302247713676,3.425532597069002,2.4942767156256616,0.1419913871115469,0.09002193249831608,4.6918477285130615,-0.18487883308852546,0.7780612244897959,0.9387755102040817,1.0
84,0.2,97,392,raw_uncalibrated,-1.365226118175111,0.5924131866330541,0.5743442435249188,26.098888633583645,21.272185664949383,0.9997714108328125,0.7328114068205842,30.583953864044044,26.098888633583645,0.002551020408163265,0.07397959183673469,0.4744897959183674
84,0.2,97,392,global_affine,-1.365226118175111,0.5924131866330541,0.5743442435249188,7.878991217660992,6.598664427428327,0.292504680863089,0.2199804036101922,9.692065815548906,-0.023872083956112938,0.3877551020408163,0.6862244897959183,0.9642857142857143
84,0.2,97,392,global_scale_only,-1.365226118175111,0.5924131866330541,0.5743442435249188,7.90557350275391,7.478660117505694,0.3086733012950331,0.2168559751544334,9.674838346793324,0.24381488549566974,0.3826530612244898,0.6811224489795918,0.9668367346938775
84,0.2,97,392,per_drone_affine,-1.365226118175111,0.5924131866330541,0.5743442435249188,3.4833217323983354,2.592033160103088,0.14223263462621108,0.08440173180285465,4.802765135418512,-0.2613933196146229,0.7704081632653061,0.9387755102040817,1.0
85,0.2,97,392,raw_uncalibrated,-0.33380068694463655,0.5733377099572573,0.5689476869452103,26.043543468523616,21.88531260566581,0.9980827667122356,0.7324005543086487,30.40865052899206,26.043543468523616,0.0,0.07653061224489796,0.46938775510204084
85,0.2,97,392,global_affine,-0.33380068694463655,0.5733377099572573,0.5689476869452103,7.798660229849915,7.22375779086543,0.29930263232359483,0.21063058255359177,9.499810879019455,-0.18285587772403541,0.38010204081632654,0.6811224489795918,0.9642857142857143
85,0.2,97,392,global_scale_only,-0.33380068694463655,0.5733377099572573,0.5689476869452103,7.805883905033056,7.412998133003149,0.30332203319693446,0.21286210271487682,9.50062742566126,-0.11546988598166763,0.38010204081632654,0.6862244897959183,0.9693877551020408
85,0.2,97,392,per_drone_affine,-0.33380068694463655,0.5733377099572573,0.5689476869452103,3.365666587487341,2.6223731736937275,0.14364558016895917,0.08492771623746452,4.627754108777872,-0.3217779273803981,0.7806122448979592,0.9387755102040817,1.0
86,0.2,97,392,raw_uncalibrated,0.350041668418593,0.5646982687720389,0.5693246269939602,26.112204747507935,22.2335933217511,0.998301729424486,0.7389831618318723,30.398171463582607,26.112204747507935,0.0,0.07397959183673469,0.46683673469387754
86,0.2,97,392,global_affine,0.350041668418593,0.5646982687720389,0.5693246269939602,7.677924446253001,7.506792825576154,0.3045295350847446,0.20253124589199217,9.34444569948871,0.015462794188683616,0.375,0.6964285714285714,0.9668367346938775
86,0.2,97,392,global_scale_only,0.350041668418593,0.5646982687720389,0.5693246269939602,7.663108746316168,7.278934480755848,0.2999485473328575,0.20165173910503803,9.339839527061445,-0.05350419413007713,0.38010204081632654,0.6913265306122449,0.9668367346938775
86,0.2,97,392,per_drone_affine,0.350041668418593,0.5646982687720389,0.5693246269939602,3.427712840624274,2.65392742601896,0.1456172049671206,0.08806076906117791,4.619027584199275,0.023010860246379824,0.7704081632653061,0.9438775510204082,1.0
87,0.2,97,392,raw_uncalibrated,-1.5207464744793482,0.6049220577981433,0.5842919200607208,26.34634262744613,22.2335933217511,1.0038833695774085,0.7372221727871737,30.826056819300486,26.34634262744613,0.002551020408163265,0.08928571428571429,0.461734693877551
87,0.2,97,392,global_affine,-1.5207464744793482,0.6049220577981433,0.5842919200607208,7.731338400195288,6.5964607577528565,0.2935091004991639,0.2163486767603278,9.614351369825647,0.730108611177416,0.3877551020408163,0.7066326530612245,0.9617346938775511
87,0.2,97,392,global_scale_only,-1.5207464744793482,0.6049220577981433,0.5842919200607208,7.789079952848392,7.386531128239065,0.3126850712756706,0.21193837650526234,9.588260058639529,0.9926394939002305,0.37244897959183676,0.7040816326530612,0.9617346938775511
87,0.2,97,392,per_drone_affine,-1.5207464744793482,0.6049220577981433,0.5842919200607208,3.3835054833293605,2.306018201221251,0.1379376271352675,0.07395102792050545,4.700700770995141,0.5442491560837907,0.7627551020408163,0.9387755102040817,1.0
88,0.2,97,392,raw_uncalibrated,-0.41896249193771856,0.581502151304693,0.5758986866284074,26.219292033643917,22.264633876600872,1.00166918198103,0.7372221727871737,30.589962677820342,26.219292033643917,0.0,0.07397959183673469,0.45918367346938777
88,0.2,97,392,global_affine,-0.41896249193771856,0.581502151304693,0.5758986866284074,7.676078439912763,7.158310103715334,0.2995789578026356,0.2096042285568741,9.422164986027612,0.32965104436765014,0.375,0.7091836734693877,0.9668367346938775
88,0.2,97,392,global_scale_only,-0.41896249193771856,0.581502151304693,0.5758986866284074,7.692410656367019,7.407115062609794,0.30492735513053637,0.20775977049218047,9.42265538749787,0.40757463327202237,0.375,0.7040816326530612,0.9668367346938775
88,0.2,97,392,per_drone_affine,-0.41896249193771856,0.581502151304693,0.5758986866284074,3.3959782524472355,2.6329374758660986,0.14282898036318736,0.0878194153828825,4.611036705653737,0.27861744412014033,0.7857142857142857,0.9438775510204082,1.0
89,0.2,97,392,raw_uncalibrated,-1.19351049126637,0.5881717083351423,0.5722890132542345,26.062649819356132,21.272185664949383,0.9962728581585991,0.7339558860779429,30.499273686918716,26.062649819356132,0.002551020408163265,0.07653061224489796,0.46938775510204084
89,0.2,97,392,global_affine,-1.19351049126637,0.5881717083351423,0.5722890132542345,7.74163415954941,6.66912786049012,0.289655700767455,0.2094331001417857,9.485474928998304,-0.1311058988076578,0.39540816326530615,0.6913265306122449,0.9642857142857143
89,0.2,97,392,global_scale_only,-1.19351049126637,0.5881717083351423,0.5722890132542345,7.767554123746656,7.413194462571246,0.303796403178433,0.20627377858568308,9.473175673386123,0.09823753564595458,0.375,0.6964285714285714,0.9642857142857143
89,0.2,97,392,per_drone_affine,-1.19351049126637,0.5881717083351423,0.5722890132542345,3.3098388150709983,2.2529976458233048,0.13488154769543134,0.08342945311519079,4.595698795235463,-0.2784052340816743,0.7729591836734694,0.9464285714285714,1.0
90,0.2,97,392,raw_uncalibrated,-0.0703057980798217,0.5726351238056014,0.5716989791994562,26.138880786352775,22.2335933217511,0.9979704835160376,0.7253225219227089,30.462314295338636,26.138880786352775,0.002551020408163265,0.07397959183673469,0.45663265306122447
90,0.2,97,392,global_affine,-0.0703057980798217,0.5726351238056014,0.5716989791994562,7.635191934287475,7.350627733726532,0.30072025878483893,0.20073446975975942,9.320651456696462,0.09259508327577652,0.3852040816326531,0.7091836734693877,0.9719387755102041
90,0.2,97,392,global_scale_only,-0.0703057980798217,0.5726351238056014,0.5716989791994562,7.637377927822388,7.402262575592754,0.30158657386028664,0.20025848496509807,9.32112791225071,0.10600038524103532,0.3852040816326531,0.7066326530612245,0.9719387755102041
90,0.2,97,392,per_drone_affine,-0.0703057980798217,0.5726351238056014,0.5716989791994562,3.357123414970867,2.4486780810799402,0.1377434665610166,0.08541967002443249,4.59803377441467,0.08328593575762001,0.7755102040816326,0.9413265306122449,1.0
91,0.2,97,392,raw_uncalibrated,-1.458727994398349,0.6021243893696653,0.5824712679810472,26.303083717190372,21.928558375541243,1.0040977776877078,0.7350073220145573,30.79035488140824,26.303083717190372,0.0,0.08163265306122448,0.46683673469387754
91,0.2,97,392,global_affine,-1.458727994398349,0.6021243893696653,0.5824712679810472,7.766643891799584,6.618913569491648,0.2935054396107728,0.2119740375848993,9.666434723182137,0.5954522876603516,0.3877551020408163,0.7117346938775511,0.9591836734693877
91,0.2,97,392,global_scale_only,-1.458727994398349,0.6021243893696653,0.5824712679810472,7.8151344128746665,7.288696381955285,0.3116999155938371,0.2157174589123276,9.644150429014953,0.8564023081926488,0.3852040816326531,0.6938775510204082,0.9642857142857143
91,0.2,97,392,per_drone_affine,-1.458727994398349,0.6021243893696653,0.5824712679810472,3.48215421811034,2.573286630545316,0.14530400214058364,0.09196633815298204,4.726619255994258,0.41248626892366297,0.7755102040816326,0.9464285714285714,1.0
92,0.2,97,392,raw_uncalibrated,-0.11446672194810155,0.5656060518861676,0.5641119247826063,25.933107951053127,21.896926606837894,0.9940164859816654,0.7267848103712589,30.261867058516703,25.933107951053127,0.002551020408163265,0.07142857142857142,0.4642857142857143
92,0.2,97,392,global_affine,-0.11446672194810155,0.5656060518861676,0.5641119247826063,7.784860688609938,7.1772858813290465,0.29768579873914425,0.20783052600455604,9.469641895322631,-0.49519140884435425,0.3852040816326531,0.6938775510204082,0.9693877551020408
92,0.2,97,392,global_scale_only,-0.11446672194810155,0.5656060518861676,0.5641119247826063,7.787802595635644,7.2606030476733965,0.2990988867774647,0.20784743660708976,9.47020822703498,-0.4712328781674482,0.3826530612244898,0.6938775510204082,0.9693877551020408
92,0.2,97,392,per_drone_affine,-0.11446672194810155,0.5656060518861676,0.5641119247826063,3.3790724333110833,2.6186405885563833,0.14271867385181686,0.08559220048021657,4.680906502349923,-0.586841112578646,0.7882653061224489,0.9336734693877551,1.0
93,0.2,97,392,raw_uncalibrated,-1.0877347731777869,0.6009034338088474,0.5861300450288718,26.425705917017726,22.264633876600872,1.0071663902974177,0.7389831618318723,30.871143270284335,26.425705917017726,0.002551020408163265,0.07397959183673469,0.461734693877551
93,0.2,97,392,global_affine,-1.0877347731777869,0.6009034338088474,0.5861300450288718,7.7073914800433885,6.830783897153395,0.2993651612843565,0.21379068277426455,9.610350083732259,0.9657173244160107,0.3877551020408163,0.7040816326530612,0.9668367346938775
93,0.2,97,392,global_scale_only,-1.0877347731777869,0.6009034338088474,0.5861300450288718,7.75659680771006,7.362032191650394,0.3135912976947234,0.2127543820120018,9.598199774369988,1.1512624732758105,0.375,0.7040816326530612,0.9642857142857143
93,0.2,97,392,per_drone_affine,-1.0877347731777869,0.6009034338088474,0.5861300450288718,3.5170812168456425,2.8172631105028905,0.14947236957724205,0.0933186652231123,4.672275229746238,0.8243041636540966,0.7602040816326531,0.951530612244898,1.0
94,0.2,97,392,raw_uncalibrated,-0.2721637898548445,0.5711586984216654,0.5675829152596708,26.012644935493757,22.181918758149727,0.9964808572724735,0.7372221727871737,30.364899662961793,26.012644935493757,0.0,0.07142857142857142,0.4642857142857143
94,0.2,97,392,global_affine,-0.2721637898548445,0.5711586984216654,0.5675829152596708,7.783892175239391,7.206320743276817,0.298288213672135,0.20849589547839892,9.467941507387252,-0.2711033135284621,0.38010204081632654,0.7168367346938775,0.9668367346938775
94,0.2,97,392,global_scale_only,-0.2721637898548445,0.5711586984216654,0.5675829152596708,7.791444917749445,7.378648854592756,0.30165396574226044,0.2094909630441444,9.468825347303007,-0.2158304466877186,0.375,0.7168367346938775,0.9668367346938775
94,0.2,97,392,per_drone_affine,-0.2721637898548445,0.5711586984216654,0.5675829152596708,3.3364160244929018,2.5005145533491557,0.1417465125040965,0.08304863127774169,4.622375234750204,-0.3801785900019337,0.7806122448979592,0.9362244897959183,1.0
95,0.2,97,392,raw_uncalibrated,-1.279687952824011,0.5976484906713495,0.5804466630744447,26.26608084941039,21.928558375541243,1.0018506581676312,0.7253225219227089,30.731613900436464,26.26608084941039,0.0,0.07397959183673469,0.461734693877551
95,0.2,97,392,global_affine,-1.279687952824011,0.5976484906713495,0.5804466630744447,7.730469288708555,6.6401252119358,0.2929598430057802,0.20674923721003086,9.604892164437347,0.47958976379235496,0.39540816326530615,0.7142857142857143,0.9591836734693877
95,0.2,97,392,global_scale_only,-1.279687952824011,0.5976484906713495,0.5804466630744447,7.767073210567593,7.2127039771470525,0.30861834156317164,0.20649003051864406,9.589146543420517,0.7115326661628155,0.3852040816326531,0.7091836734693877,0.9617346938775511
95,0.2,97,392,per_drone_affine,-1.279687952824011,0.5976484906713495,0.5804466630744447,3.4026737084601595,2.545713480636561,0.14257579154512198,0.0904015338484708,4.657928331504902,0.31492229174675046,0.7831632653061225,0.9489795918367347,1.0
96,0.2,97,392,raw_uncalibrated,-0.8025558846219948,0.5860249938656591,0.5752995800325679,26.172491585962035,22.2335933217511,0.9989657784178833,0.7253225219227089,30.57889710669045,26.172491585962035,0.002551020408163265,0.07653061224489796,0.4642857142857143
96,0.2,97,392,global_affine,-0.8025558846219948,0.5860249938656591,0.5752995800325679,7.6476184995350796,6.842051124047568,0.2933583096763166,0.21091719347795868,9.46083010504735,0.19390133826503847,0.40561224489795916,0.6938775510204082,0.9617346938775511
96,0.2,97,392,global_scale_only,-0.8025558846219948,0.5860249938656591,0.5752995800325679,7.672528872641119,7.282640914008149,0.303269845943819,0.21040329569801028,9.457145489515682,0.34418744036668913,0.39540816326530615,0.6938775510204082,0.9617346938775511
96,0.2,97,392,per_drone_affine,-0.8025558846219948,0.5860249938656591,0.5752995800325679,3.4702661963665586,2.4134432256774563,0.14169674883162475,0.09459374987439775,4.7088107615527655,0.15840895539947158,0.7704081632653061,0.9311224489795918,1.0
97,0.2,97,392,raw_uncalibrated,-1.2230044107007996,0.601746410941224,0.5850803181681972,26.39069658369996,22.237590262019218,1.003238731149682,0.7328114068205842,30.8314095313062,26.39069658369996,0.002551020408163265,0.07653061224489796,0.45918367346938777
97,0.2,97,392,global_affine,-1.2230044107007996,0.601746410941224,0.5850803181681972,7.631041268229043,6.6453633610839224,0.2941552940573821,0.21351194991581818,9.517279521655084,0.8608603483861619,0.3903061224489796,0.7168367346938775,0.9642857142857143
97,0.2,97,392,global_scale_only,-1.2230044107007996,0.601746410941224,0.5850803181681972,7.679634600807029,7.11450124725515,0.3097156009198157,0.2122243496792898,9.500813830946997,1.066673890412641,0.3852040816326531,0.7142857142857143,0.9668367346938775
97,0.2,97,392,per_drone_affine,-1.2230044107007996,0.601746410941224,0.5850803181681972,3.4745646652280304,2.576533834859416,0.14212907274709777,0.09559609923308268,4.669896045283106,0.7813871227644242,0.7576530612244898,0.951530612244898,1.0
98,0.2,97,392,raw_uncalibrated,0.3617051515517223,0.5630442771845566,0.5678079914656837,26.073179003567894,22.0297266687275,0.997484025414458,0.7350073220145573,30.356959540856373,26.073179003567894,0.002551020408163265,0.07653061224489796,0.4642857142857143
98,0.2,97,392,global_affine,0.3617051515517223,0.5630442771845566,0.5678079914656837,7.685127547363769,7.518714575484627,0.3037783857179869,0.2040500555040204,9.362389452903527,-0.09533530573012124,0.375,0.6989795918367347,0.9693877551020408
98,0.2,97,392,global_scale_only,0.3617051515517223,0.5630442771845566,0.5678079914656837,7.672597674419362,7.266848270610046,0.29920547202692377,0.20400038100789186,9.357634258312826,-0.16780660879769074,0.3852040816326531,0.7091836734693877,0.9693877551020408
98,0.2,97,392,per_drone_affine,0.3617051515517223,0.5630442771845566,0.5678079914656837,3.4038488352822074,2.6141995763732506,0.14495718518115466,0.08579511028895029,4.628456958215503,-0.10251788274702964,0.7780612244897959,0.951530612244898,1.0
99,0.2,97,392,raw_uncalibrated,-0.8046139786031168,0.5832112669982946,0.5725409665138848,26.09939681483274,21.896926606837894,0.9968145612821371,0.7328114068205842,30.511421649917484,26.09939681483274,0.002551020408163265,0.07397959183673469,0.46938775510204084
99,0.2,97,392,global_affine,-0.8046139786031168,0.5832112669982946,0.5725409665138848,7.709185617650681,6.847824119140848,0.29253524977398837,0.21157573271780034,9.514388012376967,-0.02190423046376662,0.4005102040816326,0.6913265306122449,0.9617346938775511
99,0.2,97,392,global_scale_only,-0.8046139786031168,0.5832112669982946,0.5725409665138848,7.731295685855813,7.315503381612557,0.30235891722962444,0.21227355755499802,9.51082435313414,0.1345716463104646,0.39540816326530615,0.6964285714285714,0.9617346938775511
99,0.2,97,392,per_drone_affine,-0.8046139786031168,0.5832112669982946,0.5725409665138848,3.413367854009279,2.438256742515393,0.14243029571647797,0.0941412699116933,4.640546161045629,-0.13450430927361898,0.7882653061224489,0.951530612244898,1.0
