image_path,label_path,stratum_key,true_distance_m,weather,time_of_day,image_width,image_height,bbox
C:\Users\depthlev\Desktop\droneImages\dataset\depth_20\clear_sky\10AM\HighresScreenshot00277_depth_20_clear_sky_10AM.png,C:\Users\depthlev\Desktop\droneImages\dataset\depth_20\clear_sky\10AM\HighresScreenshot00277_depth_20_clear_sky_10AM.txt,20.0|clear_sky|10AM,20.0,clear_sky,10AM,2826,1590,1676 1236 1797 1263
C:\Users\depthlev\Desktop\droneImages\dataset\depth_20\clear_sky\10AM\HighresScreenshot00278_depth_20_clear_sky_10AM.png,C:\Users\depthlev\Desktop\droneImages\dataset\depth_20\clear_sky\10AM\HighresScreenshot00278_depth_20_clear_sky_10AM.txt,20.0|clear_sky|10AM,20.0,clear_sky,10AM,2826,1590,1369 1135 1488 1158
C:\Users\depthlev\Desktop\droneImages\dataset\depth_20\clear_sky\10AM\HighresScreenshot00279_depth_20_clear_sky_10AM.png,C:\Users\depthlev\Desktop\droneImages\dataset\depth_20\clear_sky\10AM\HighresScreenshot00279_depth_20_clear_sky_10AM.txt,20.0|clear_sky|10AM,20.0,clear_sky,10AM,2826,1590,712 836 841 950
C:\Users\depthlev\Desktop\droneImages\dataset\depth_20\clear_sky\10AM\HighresScreenshot00280_depth_20_clear_sky_10AM.png,C:\Users\depthlev\Desktop\droneImages\dataset\depth_20\clear_sky\10AM\HighresScreenshot00280_depth_20_clear_sky_10AM.txt,20.0|clear_sky|10AM,20.0,clear_sky,10AM,2826,1590,2454 651 2645 696
C:\Users\depthlev\Desktop\droneImages\dataset\depth_20\clear_sky\10AM\HighresScreenshot00281_depth_20_clear_sky_10AM.png,C:\Users\depthlev\Desktop\droneImages\dataset\depth_20\clear_sky\10AM\HighresScreenshot00281_depth_20_clear_sky_10AM.txt,20.0|clear_sky|10AM,20.0,clear_sky,10AM,2826,1590,1062 397 1182 509
C:\Users\depthlev\Desktop\droneImages\dataset\depth_20\clear_sky\10AM\HighresScreenshot00282_depth_20_clear_sky_10AM.png,C:\Users\depthlev\Desktop\droneImages\dataset\depth_20\clear_sky\10AM\HighresScreenshot00282_depth_20_clear_sky_10AM.txt,20.0|clear_sky|10AM,20.0,clear_sky,10AM,2826,1590,1971 353 2088 395
C:\Users\depthlev\Desktop\droneImages\dataset\depth_20\clear_sky\10AM\HighresScreenshot00283_depth_20_clear_sky_10AM.png,C:\Users\depthlev\Desktop\droneImages\dataset\depth_20\clear_sky\10AM\HighresScreenshot00283_depth_20_clear_sky_10AM.txt,20.0|clear_sky|10AM,20.0,clear_sky,10AM,2826,1590,1477 1016 1570 1083
C:\Users\depthlev\Desktop\droneImages\dataset\depth_20\clear_sky\10AM\HighresScreenshot00284_depth_20_clear_sky_10AM.png,C:\Users\depthlev\Desktop\droneImages\dataset\depth_20\clear_sky\10AM\HighresScreenshot00284_depth_20_clear_sky_10AM.txt,20.0|clear_sky|10AM,20.0,clear_sky,10AM,2826,1590,642 712 774 812
C:\Users\depthlev\Desktop\droneImages\dataset\depth_20\clear_sky\10AM\HighresScreenshot00285_depth_20_clear_sky_10AM.png,C:\Users\depthlev\Desktop\droneImages\dataset\depth_20\clear_sky\10AM\HighresScreenshot00285_depth_20_clear_sky_10AM.txt,20.0|clear_sky|10AM,20.0,clear_sky,10AM,2826,1590,1292 976 1381 1066
C:\Users\depthlev\Desktop\droneImages\dataset\depth_20\clear_sky\10AM\HighresScreenshot00286_depth_20_clear_sky_10AM.png,C:\Users\depthlev\Desktop\droneImages\dataset\depth_20\clear_sky\10AM\HighresScreenshot00286_depth_20_clear_sky_10AM.txt,20.0|clear_sky|10AM,20.0,clear_sky,10AM,2826,1590,870 1172 973 1274
C:\Users\depthlev\Desktop\droneImages\dataset\depth_20\clear_sky\10AM\HighresScreenshot00287_depth_20_clear_sky_10AM.png,C:\Users\depthlev\Desktop\droneImages\dataset\depth_20\clear_sky\10AM\HighresScreenshot00287_depth_20_clear_sky_10AM.txt,20.0|clear_sky|10AM,20.0,clear_sky,10AM,2826,1590,1806 374 1926 408
C:\Users\depthlev\Desktop\droneImages\dataset\depth_20\clear_sky\10AM\HighresScreenshot00288_depth_20_clear_sky_10AM.png,C:\Users\depthlev\Desktop\droneImages\dataset\depth_20\clear_sky\10AM\HighresScreenshot00288_depth_20_clear_sky_10AM.txt,20.0|clear_sky|10AM,20.0,clear_sky,10AM,2826,1590,1323 304 1430 394
C:\Users\depthlev\Desktop\droneImages\dataset\depth_20\clear_sky\10AM\HighresScreenshot00289_depth_20_clear_sky_10AM.png,C:\Users\depthlev\Desktop\droneImages\dataset\depth_20\clear_sky\10AM\HighresScreenshot00289_depth_20_clear_sky_10AM.txt,20.0|clear_sky|10AM,20.0,clear_sky,10AM,2826,1590,1061 1319 1187 1354
C:\Users\depthlev\Desktop\droneImages\dataset\depth_20\clear_sky\10AM\HighresScreenshot00290_depth_20_clear_sky_10AM.png,C:\Users\depthlev\Desktop\droneImages\dataset\depth_20\clear_sky\10AM\HighresScreenshot00290_depth_20_clear_sky_10AM.txt,20.0|clear_sky|10AM,20.0,clear_sky,10AM,2826,1590,780 629 906 731
C:\Users\depthlev\Desktop\droneImages\dataset\depth_20\clear_sky\10AM\HighresScreenshot00291_depth_20_clear_sky_10AM.png,C:\Users\depthlev\Desktop\droneImages\dataset\depth_20\clear_sky\10AM\HighresScreenshot00291_depth_20_clear_sky_10AM.txt,20.0|clear_sky|10AM,20.0,clear_sky,10AM,2826,1590,1711 606 1832 682
C:\Users\depthlev\Desktop\droneImages\dataset\depth_20\clear_sky\10AM\HighresScreenshot00292_depth_20_clear_sky_10AM.png,C:\Users\depthlev\Desktop\droneImages\dataset\depth_20\clear_sky\10AM\HighresScreenshot00292_depth_20_clear_sky_10AM.txt,20.0|clear_sky|10AM,20.0,clear_sky,10AM,2826,1590,1724 550 1829 626
C:\Users\depthlev\Desktop\droneImages\dataset\depth_20\clear_sky\10AM\HighresScreenshot00293_depth_20_clear_sky_10AM.png,C:\Users\depthlev\Desktop\droneImages\dataset\depth_20\clear_sky\10AM\HighresScreenshot00293_depth_20_clear_sky_10AM.txt,20.0|clear_sky|10AM,20.0,clear_sky,10AM,2826,1590,1243 626 1327 685
C:\Users\depthlev\Desktop\droneImages\dataset\depth_20\clear_sky\10AM\HighresScreenshot00294_depth_20_clear_sky_10AM.png,C:\Users\depthlev\Desktop\droneImages\dataset\depth_20\clear_sky\10AM\HighresScreenshot00294_depth_20_clear_sky_10AM.txt,20.0|clear_sky|10AM,20.0,clear_sky,10AM,2826,1590,882 1105 998 1209
C:\Users\depthlev\Desktop\droneImages\dataset\depth_20\clear_sky\10AM\HighresScreenshot00295_depth_20_clear_sky_10AM.png,C:\Users\depthlev\Desktop\droneImages\dataset\depth_20\clear_sky\10AM\HighresScreenshot00295_depth_20_clear_sky_10AM.txt,20.0|clear_sky|10AM,20.0,clear_sky,10AM,2826,1590,1713 809 1803 868
C:\Users\depthlev\Desktop\droneImages\dataset\depth_20\clear_sky\10AM\HighresScreenshot00296_depth_20_clear_sky_10AM.png,C:\Users\depthlev\Desktop\droneImages\dataset\depth_20\clear_sky\10AM\HighresScreenshot00296_depth_20_clear_sky_10AM.txt,20.0|clear_sky|10AM,20.0,clear_sky,10AM,2826,1590,1626 690 1722 710
C:\Users\depthlev\Desktop\droneImages\dataset\depth_20\clear_sky\10AM\HighresScreenshot00297_depth_20_clear_sky_10AM.png,C:\Users\depthlev\Desktop\droneImages\dataset\depth_20\clear_sky\10AM\HighresScreenshot00297_depth_20_clear_sky_10AM.txt,20.0|clear_sky|10AM,20.0,clear_sky,10AM,2826,1590,1242 384 1359 470
C:\Users\depthlev\Desktop\droneImages\dataset\depth_20\clear_sky\10AM\HighresScreenshot00298_depth_20_clear_sky_10AM.png,C:\Users\depthlev\Desktop\droneImages\dataset\depth_20\clear_sky\10AM\HighresScreenshot00298_depth_20_clear_sky_10AM.txt,20.0|clear_sky|10AM,20.0,clear_sky,10AM,2826,1590,2491 1187 2673 1257
C:\Users\depthlev\Desktop\droneImages\dataset\depth_20\clear_sky\10AM\HighresScreenshot00299_depth_20_clear_sky_10AM.png,C:\Users\depthlev\Desktop\droneImages\dataset\depth_20\clear_sky\10AM\HighresScreenshot00299_depth_20_clear_sky_10AM.txt,20.0|clear_sky|10AM,20.0,clear_sky,10AM,2826,1590,1723 488 1810 572
C:\Users\depthlev\Desktop\droneImages\dataset\depth_20\clear_sky\10AM\HighresScreenshot00300_depth_20_clear_sky_10AM.png,C:\Users\depthlev\Desktop\droneImages\dataset\depth_20\clear_sky\10AM\HighresScreenshot00300_depth_20_clear_sky_10AM.txt,20.0|clear_sky|10AM,20.0,clear_sky,10AM,2826,1590,2261 471 2407 539
C:\Users\depthlev\Desktop\droneImages\dataset\depth_20\clear_sky\10AM\HighresScreenshot00301_depth_20_clear_sky_10AM.png,C:\Users\depthlev\Desktop\droneImages\dataset\depth_20\clear_sky\10AM\HighresScreenshot00301_depth_20_clear_sky_10AM.txt,20.0|clear_sky|10AM,20.0,clear_sky,10AM,2826,1590,2162 908 2304 965
C:\Users\depthlev\Desktop\droneImages\dataset\depth_20\clear_sky\10AM\HighresScreenshot00302_depth_20_clear_sky_10AM.png,C:\Users\depthlev\Desktop\droneImages\dataset\depth_20\clear_sky\10AM\HighresScreenshot00302_depth_20_clear_sky_10AM.txt,20.0|clear_sky|10AM,20.0,clear_sky,10AM,2826,1590,1895 1413 2026 1545
C:\Users\depthlev\Desktop\droneImages\dataset\depth_20\clear_sky\10AM\HighresScreenshot00303_depth_20_clear_sky_10AM.png,C:\Users\depthlev\Desktop\droneImages\dataset\depth_20\clear_sky\10AM\HighresScreenshot00303_depth_20_clear_sky_10AM.txt,20.0|clear_sky|10AM,20.0,clear_sky,10AM,2826,1590,1800 830 1925 900
C:\Users\depthlev\Desktop\droneImages\dataset\depth_20\clear_sky\10AM\HighresScreenshot00304_depth_20_clear_sky_10AM.png,C:\Users\depthlev\Desktop\droneImages\dataset\depth_20\clear_sky\10AM\HighresScreenshot00304_depth_20_clear_sky_10AM.txt,20.0|clear_sky|10AM,20.0,clear_sky,10AM,2826,1590,1618 1166 1731 1278
C:\Users\depthlev\Desktop\droneImages\dataset\depth_20\clear_sky\10AM\HighresScreenshot00305_depth_20_clear_sky_10AM.png,C:\Users\depthlev\Desktop\droneImages\dataset\depth_20\clear_sky\10AM\HighresScreenshot00305_depth_20_clear_sky_10AM.txt,20.0|clear_sky|10AM,20.0,clear_sky,10AM,2826,1590,2181 920 2333 1015
C:\Users\depthlev\Desktop\droneImages\dataset\depth_20\clear_sky\10AM\HighresScreenshot00306_depth_20_clear_sky_10AM.png,C:\Users\depthlev\Desktop\droneImages\dataset\depth_20\clear_sky\10AM\HighresScreenshot00306_depth_20_clear_sky_10AM.txt,20.0|clear_sky|10AM,20.0,clear_sky,10AM,2826,1590,2001 1174 2146 1202
C:\Users\depthlev\Desktop\droneImages\dataset\depth_20\clear_sky\10AM\HighresScreenshot00307_depth_20_clear_sky_10AM.png,C:\Users\depthlev\Desktop\droneImages\dataset\depth_20\clear_sky\10AM\HighresScreenshot00307_depth_20_clear_sky_10AM.txt,20.0|clear_sky|10AM,20.0,clear_sky,10AM,2826,1590,1770 1335 1902 1437
C:\Users\depthlev\Desktop\droneImages\dataset\depth_20\clear_sky\10AM\HighresScreenshot00308_depth_20_clear_sky_10AM.png,C:\Users\depthlev\Desktop\droneImages\dataset\depth_20\clear_sky\10AM\HighresScreenshot00308_depth_20_clear_sky_10AM.txt,20.0|clear_sky|10AM,20.0,clear_sky,10AM,2826,1590,1932 726 2034 808
C:\Users\depthlev\Desktop\droneImages\dataset\depth_20\clear_sky\10AM\HighresScreenshot00309_depth_20_clear_sky_10AM.png,C:\Users\depthlev\Desktop\droneImages\dataset\depth_20\clear_sky\10AM\HighresScreenshot00309_depth_20_clear_sky_10AM.txt,20.0|clear_sky|10AM,20.0,clear_sky,10AM,2826,1590,896 1275 993 1297
C:\Users\depthlev\Desktop\droneImages\dataset\depth_20\clear_sky\10AM\HighresScreenshot00310_depth_20_clear_sky_10AM.png,C:\Users\depthlev\Desktop\droneImages\dataset\depth_20\clear_sky\10AM\HighresScreenshot00310_depth_20_clear_sky_10AM.txt,20.0|clear_sky|10AM,20.0,clear_sky,10AM,2826,1590,1452 1234 1557 1331
C:\Users\depthlev\Desktop\droneImages\dataset\depth_20\clear_sky\10AM\HighresScreenshot00311_depth_20_clear_sky_10AM.png,C:\Users\depthlev\Desktop\droneImages\dataset\depth_20\clear_sky\10AM\HighresScreenshot00311_depth_20_clear_sky_10AM.txt,20.0|clear_sky|10AM,20.0,clear_sky,10AM,2826,1590,2284 1356 2452 1454
C:\Users\depthlev\Desktop\droneImages\dataset\depth_20\clear_sky\10AM\HighresScreenshot00312_depth_20_clear_sky_10AM.png,C:\Users\depthlev\Desktop\droneImages\dataset\depth_20\clear_sky\10AM\HighresScreenshot00312_depth_20_clear_sky_10AM.txt,20.0|clear_sky|10AM,20.0,clear_sky,10AM,2826,1590,1265 449 1384 471
C:\Users\depthlev\Desktop\droneImages\dataset\depth_20\clear_sky\10AM\HighresScreenshot00313_depth_20_clear_sky_10AM.png,C:\Users\depthlev\Desktop\droneImages\dataset\depth_20\clear_sky\10AM\HighresScreenshot00313_depth_20_clear_sky_10AM.txt,20.0|clear_sky|10AM,20.0,clear_sky,10AM,2826,1590,1755 968 1880 1007
C:\Users\depthlev\Desktop\droneImages\dataset\depth_20\clear_sky\10AM\HighresScreenshot00314_depth_20_clear_sky_10AM.png,C:\Users\depthlev\Desktop\droneImages\dataset\depth_20\clear_sky\10AM\HighresScreenshot00314_depth_20_clear_sky_10AM.txt,20.0|clear_sky|10AM,20.0,clear_sky,10AM,2826,1590,1172 1117 1288 1192
C:\Users\depthlev\Desktop\droneImages\dataset\depth_20\clear_sky\10AM\HighresScreenshot00315_depth_20_clear_sky_10AM.png,C:\Users\depthlev\Desktop\droneImages\dataset\depth_20\clear_sky\10AM\HighresScreenshot00315_depth_20_clear_sky_10AM.txt,20.0|clear_sky|10AM,20.0,clear_sky,10AM,2826,1590,1512 462 1617 559
C:\Users\depthlev\Desktop\droneImages\dataset\depth_20\clear_sky\10AM\HighresScreenshot00316_depth_20_clear_sky_10AM.png,C:\Users\depthlev\Desktop\droneImages\dataset\depth_20\clear_sky\10AM\HighresScreenshot00316_depth_20_clear_sky_10AM.txt,20.0|clear_sky|10AM,20.0,clear_sky,10AM,2826,1590,2319 646 2488 717
C:\Users\depthlev\Desktop\droneImages\dataset\depth_20\clear_sky\10AM\HighresScreenshot00317_depth_20_clear_sky_10AM.png,C:\Users\depthlev\Desktop\droneImages\dataset\depth_20\clear_sky\10AM\HighresScreenshot00317_depth_20_clear_sky_10AM.txt,20.0|clear_sky|10AM,20.0,clear_sky,10AM,2826,1590,1050 826 1161 853
C:\Users\depthlev\Desktop\droneImages\dataset\depth_20\clear_sky\10AM\HighresScreenshot00318_depth_20_clear_sky_10AM.png,C:\Users\depthlev\Desktop\droneImages\dataset\depth_20\clear_sky\10AM\HighresScreenshot00318_depth_20_clear_sky_10AM.txt,20.0|clear_sky|10AM,20.0,clear_sky,10AM,2826,1590,1819 1249 1910 1355
C:\Users\depthlev\Desktop\droneImages\dataset\depth_20\clear_sky\10AM\HighresScreenshot00319_depth_20_clear_sky_10AM.png,C:\Users\depthlev\Desktop\droneImages\dataset\depth_20\clear_sky\10AM\HighresScreenshot00319_depth_20_clear_sky_10AM.txt,20.0|clear_sky|10AM,20.0,clear_sky,10AM,2826,1590,1429 821 1513 859
C:\Users\depthlev\Desktop\droneImages\dataset\depth_20\clear_sky\10AM\HighresScreenshot00320_depth_20_clear_sky_10AM.png,C:\Users\depthlev\Desktop\droneImages\dataset\depth_20\clear_sky\10AM\HighresScreenshot00320_depth_20_clear_sky_10AM.txt,20.0|clear_sky|10AM,20.0,clear_sky,10AM,2826,1590,1210 1164 1307 1238
C:\Users\depthlev\Desktop\droneImages\dataset\depth_20\clear_sky\10AM\HighresScreenshot00321_depth_20_clear_sky_10AM.png,C:\Users\depthlev\Desktop\droneImages\dataset\depth_20\clear_sky\10AM\HighresScreenshot00321_depth_20_clear_sky_10AM.txt,20.0|clear_sky|10AM,20.0,clear_sky,10AM,2826,1590,1999 829 2132 893
C:\Users\depthlev\Desktop\droneImages\dataset\depth_20\clear_sky\10AM\HighresScreenshot00322_depth_20_clear_sky_10AM.png,C:\Users\depthlev\Desktop\droneImages\dataset\depth_20\clear_sky\10AM\HighresScreenshot00322_depth_20_clear_sky_10AM.txt,20.0|clear_sky|10AM,20.0,clear_sky,10AM,2826,1590,1504 550 1618 651
C:\Users\depthlev\Desktop\droneImages\dataset\depth_20\clear_sky\10AM\HighresScreenshot00323_depth_20_clear_sky_10AM.png,C:\Users\depthlev\Desktop\droneImages\dataset\depth_20\clear_sky\10AM\HighresScreenshot00323_depth_20_clear_sky_10AM.txt,20.0|clear_sky|10AM,20.0,clear_sky,10AM,2826,1590,1572 311 1686 418
C:\Users\depthlev\Desktop\droneImages\dataset\depth_20\clear_sky\10AM\HighresScreenshot00324_depth_20_clear_sky_10AM.png,C:\Users\depthlev\Desktop\droneImages\dataset\depth_20\clear_sky\10AM\HighresScreenshot00324_depth_20_clear_sky_10AM.txt,20.0|clear_sky|10AM,20.0,clear_sky,10AM,2826,1590,1806 872 1899 904
C:\Users\depthlev\Desktop\droneImages\dataset\depth_20\clear_sky\10AM\HighresScreenshot00325_depth_20_clear_sky_10AM.png,C:\Users\depthlev\Desktop\droneImages\dataset\depth_20\clear_sky\10AM\HighresScreenshot00325_depth_20_clear_sky_10AM.txt,20.0|clear_sky|10AM,20.0,clear_sky,10AM,2826,1590,1529 442 1632 545
C:\Users\depthlev\Desktop\droneImages\dataset\depth_20\clear_sky\10AM\HighresScreenshot00326_depth_20_clear_sky_10AM.png,C:\Users\depthlev\Desktop\droneImages\dataset\depth_20\clear_sky\10AM\HighresScreenshot00326_depth_20_clear_sky_10AM.txt,20.0|clear_sky|10AM,20.0,clear_sky,10AM,2826,1590,1495 895 1597 947
C:\Users\depthlev\Desktop\droneImages\dataset\depth_20\clear_sky\10AM\HighresScreenshot00327_depth_20_clear_sky_10AM.png,C:\Users\depthlev\Desktop\droneImages\dataset\depth_20\clear_sky\10AM\HighresScreenshot00327_depth_20_clear_sky_10AM.txt,20.0|clear_sky|10AM,20.0,clear_sky,10AM,2826,1590,885 712 1004 770
C:\Users\depthlev\Desktop\droneImages\dataset\depth_20\clear_sky\10AM\HighresScreenshot00328_depth_20_clear_sky_10AM.png,C:\Users\depthlev\Desktop\droneImages\dataset\depth_20\clear_sky\10AM\HighresScreenshot00328_depth_20_clear_sky_10AM.txt,20.0|clear_sky|10AM,20.0,clear_sky,10AM,2826,1590,1558 407 1676 496
C:\Users\depthlev\Desktop\droneImages\dataset\depth_20\clear_sky\10AM\HighresScreenshot00329_depth_20_clear_sky_10AM.png,C:\Users\depthlev\Desktop\droneImages\dataset\depth_20\clear_sky\10AM\HighresScreenshot00329_depth_20_clear_sky_10AM.txt,20.0|clear_sky|10AM,20.0,clear_sky,10AM,2826,1590,1872 702 1972 787
C:\Users\depthlev\Desktop\droneImages\dataset\depth_20\clear_sky\10AM\HighresScreenshot00330_depth_20_clear_sky_10AM.png,C:\Users\depthlev\Desktop\droneImages\dataset\depth_20\clear_sky\10AM\HighresScreenshot00330_depth_20_clear_sky_10AM.txt,20.0|clear_sky|10AM,20.0,clear_sky,10AM,2826,1590,2349 689 2502 774
C:\Users\depthlev\Desktop\droneImages\dataset\depth_20\clear_sky\10AM\HighresScreenshot00331_depth_20_clear_sky_10AM.png,C:\Users\depthlev\Desktop\droneImages\dataset\depth_20\clear_sky\10AM\HighresScreenshot00331_depth_20_clear_sky_10AM.txt,20.0|clear_sky|10AM,20.0,clear_sky,10AM,2826,1590,1867 732 1986 761
C:\Users\depthlev\Desktop\droneImages\dataset\depth_20\clear_sky\10AM\HighresScreenshot00332_depth_20_clear_sky_10AM.png,C:\Users\depthlev\Desktop\droneImages\dataset\depth_20\clear_sky\10AM\HighresScreenshot00332_depth_20_clear_sky_10AM.txt,20.0|clear_sky|10AM,20.0,clear_sky,10AM,2826,1590,1374 448 1471 531
C:\Users\depthlev\Desktop\droneImages\dataset\depth_20\clear_sky\10AM\HighresScreenshot00333_depth_20_clear_sky_10AM.png,C:\Users\depthlev\Desktop\droneImages\dataset\depth_20\clear_sky\10AM\HighresScreenshot00333_depth_20_clear_sky_10AM.txt,20.0|clear_sky|10AM,20.0,clear_sky,10AM,2826,1590,1630 914 1748 1013
C:\Users\depthlev\Desktop\droneImages\dataset\depth_20\clear_sky\10AM\HighresScreenshot00334_depth_20_clear_sky_10AM.png,C:\Users\depthlev\Desktop\droneImages\dataset\depth_20\clear_sky\10AM\HighresScreenshot00334_depth_20_clear_sky_10AM.txt,20.0|clear_sky|10AM,20.0,clear_sky,10AM,2826,1590,2349 1003 2515 1045
C:\Users\depthlev\Desktop\droneImages\dataset\depth_20\clear_sky\10AM\HighresScreenshot00335_depth_20_clear_sky_10AM.png,C:\Users\depthlev\Desktop\droneImages\dataset\depth_20\clear_sky\10AM\HighresScreenshot00335_depth_20_clear_sky_10AM.txt,20.0|clear_sky|10AM,20.0,clear_sky,10AM,2826,1590,1241 575 1347 632
C:\Users\depthlev\Desktop\droneImages\dataset\depth_20\clear_sky\10AM\HighresScreenshot00336_depth_20_clear_sky_10AM.png,C:\Users\depthlev\Desktop\droneImages\dataset\depth_20\clear_sky\10AM\HighresScreenshot00336_depth_20_clear_sky_10AM.txt,20.0|clear_sky|10AM,20.0,clear_sky,10AM,2826,1590,1584 830 1699 920
C:\Users\depthlev\Desktop\droneImages\dataset\depth_20\clear_sky\10AM\HighresScreenshot00337_depth_20_clear_sky_10AM.png,C:\Users\depthlev\Desktop\droneImages\dataset\depth_20\clear_sky\10AM\HighresScreenshot00337_depth_20_clear_sky_10AM.txt,20.0|clear_sky|10AM,20.0,clear_sky,10AM,2826,1590,1481 628 1580 710
C:\Users\depthlev\Desktop\droneImages\dataset\depth_20\clear_sky\10AM\HighresScreenshot00338_depth_20_clear_sky_10AM.png,C:\Users\depthlev\Desktop\droneImages\dataset\depth_20\clear_sky\10AM\HighresScreenshot00338_depth_20_clear_sky_10AM.txt,20.0|clear_sky|10AM,20.0,clear_sky,10AM,2826,1590,758 939 861 1033
C:\Users\depthlev\Desktop\droneImages\dataset\depth_20\clear_sky\10AM\HighresScreenshot00339_depth_20_clear_sky_10AM.png,C:\Users\depthlev\Desktop\droneImages\dataset\depth_20\clear_sky\10AM\HighresScreenshot00339_depth_20_clear_sky_10AM.txt,20.0|clear_sky|10AM,20.0,clear_sky,10AM,2826,1590,2428 1255 2617 1340
C:\Users\depthlev\Desktop\droneImages\dataset\depth_20\clear_sky\10AM\HighresScreenshot00340_depth_20_clear_sky_10AM.png,C:\Users\depthlev\Desktop\droneImages\dataset\depth_20\clear_sky\10AM\HighresScreenshot00340_depth_20_clear_sky_10AM.txt,20.0|clear_sky|10AM,20.0,clear_sky,10AM,2826,1590,2075 377 2215 411
C:\Users\depthlev\Desktop\droneImages\dataset\depth_20\clear_sky\10AM\HighresScreenshot00341_depth_20_clear_sky_10AM.png,C:\Users\depthlev\Desktop\droneImages\dataset\depth_20\clear_sky\10AM\HighresScreenshot00341_depth_20_clear_sky_10AM.txt,20.0|clear_sky|10AM,20.0,clear_sky,10AM,2826,1590,1963 689 2095 787
C:\Users\depthlev\Desktop\droneImages\dataset\depth_20\clear_sky\10AM\HighresScreenshot00342_depth_20_clear_sky_10AM.png,C:\Users\depthlev\Desktop\droneImages\dataset\depth_20\clear_sky\10AM\HighresScreenshot00342_depth_20_clear_sky_10AM.txt,20.0|clear_sky|10AM,20.0,clear_sky,10AM,2826,1590,829 521 955 608
C:\Users\depthlev\Desktop\droneImages\dataset\depth_20\clear_sky\10AM\HighresScreenshot00343_depth_20_clear_sky_10AM.png,C:\Users\depthlev\Desktop\droneImages\dataset\depth_20\clear_sky\10AM\HighresScreenshot00343_depth_20_clear_sky_10AM.txt,20.0|clear_sky|10AM,20.0,clear_sky,10AM,2826,1590,1361 899 1474 985
C:\Users\depthlev\Desktop\droneImages\dataset\depth_20\clear_sky\10AM\HighresScreenshot00344_depth_20_clear_sky_10AM.png,C:\Users\depthlev\Desktop\droneImages\dataset\depth_20\clear_sky\10AM\HighresScreenshot00344_depth_20_clear_sky_10AM.txt,20.0|clear_sky|10AM,20.0,clear_sky,10AM,2826,1590,1055 1239 1169 1262
C:\Users\depthlev\Desktop\droneImages\dataset\depth_20\clear_sky\10AM\HighresScreenshot00345_depth_20_clear_sky_10AM.png,C:\Users\depthlev\Desktop\droneImages\dataset\depth_20\clear_sky\10AM\HighresScreenshot00345_depth_20_clear_sky_10AM.txt,20.0|clear_sky|10AM,20.0,clear_sky,10AM,2826,1590,1250 342 1365 452
C:\Users\depthlev\Desktop\droneImages\dataset\depth_20\clear_sky\10AM\HighresScreenshot00346_depth_20_clear_sky_10AM.png,C:\Users\depthlev\Desktop\droneImages\dataset\depth_20\clear_sky\10AM\HighresScreenshot00346_depth_20_clear_sky_10AM.txt,20.0|clear_sky|10AM,20.0,clear_sky,10AM,2826,1590,1348 1275 1434 1363
C:\Users\depthlev\Desktop\droneImages\dataset\depth_20\clear_sky\10AM\HighresScreenshot00347_depth_20_clear_sky_10AM.png,C:\Users\depthlev\Desktop\droneImages\dataset\depth_20\clear_sky\10AM\HighresScreenshot00347_depth_20_clear_sky_10AM.txt,20.0|clear_sky|10AM,20.0,clear_sky,10AM,2826,1590,312 658 448 701
C:\Users\depthlev\Desktop\droneImages\dataset\depth_20\clear_sky\10AM\HighresScreenshot00348_depth_20_clear_sky_10AM.png,C:\Users\depthlev\Desktop\droneImages\dataset\depth_20\clear_sky\10AM\HighresScreenshot00348_depth_20_clear_sky_10AM.txt,20.0|clear_sky|10AM,20.0,clear_sky,10AM,2826,1590,1977 827 2111 901
C:\Users\depthlev\Desktop\droneImages\dataset\depth_20\clear_sky\10AM\HighresScreenshot00349_depth_20_clear_sky_10AM.png,C:\Users\depthlev\Desktop\droneImages\dataset\depth_20\clear_sky\10AM\HighresScreenshot00349_depth_20_clear_sky_10AM.txt,20.0|clear_sky|10AM,20.0,clear_sky,10AM,2826,1590,884 546 1005 658
C:\Users\depthlev\Desktop\droneImages\dataset\depth_20\clear_sky\10AM\HighresScreenshot00350_depth_20_clear_sky_10AM.png,C:\Users\depthlev\Desktop\droneImages\dataset\depth_20\clear_sky\10AM\HighresScreenshot00350_depth_20_clear_sky_10AM.txt,20.0|clear_sky|10AM,20.0,clear_sky,10AM,2826,1590,1807 702 1913 764
C:\Users\depthlev\Desktop\droneImages\dataset\depth_20\clear_sky\10AM\HighresScreenshot00351_depth_20_clear_sky_10AM.png,C:\Users\depthlev\Desktop\droneImages\dataset\depth_20\clear_sky\10AM\HighresScreenshot00351_depth_20_clear_sky_10AM.txt,20.0|clear_sky|10AM,20.0,clear_sky,10AM,2826,1590,2168 1421 2319 1516
C:\Users\depthlev\Desktop\droneImages\dataset\depth_20\clear_sky\10AM\HighresScreenshot00352_depth_20_clear_sky_10AM.png,C:\Users\depthlev\Desktop\droneImages\dataset\depth_20\clear_sky\10AM\HighresScreenshot00352_depth_20_clear_sky_10AM.txt,20.0|clear_sky|10AM,20.0,clear_sky,10AM,2826,1590,594 1300 730 1332
C:\Users\depthlev\Desktop\droneImages\dataset\depth_20\clear_sky\10AM\HighresScreenshot00353_depth_20_clear_sky_10AM.png,C:\Users\depthlev\Desktop\droneImages\dataset\depth_20\clear_sky\10AM\HighresScreenshot00353_depth_20_clear_sky_10AM.txt,20.0|clear_sky|10AM,20.0,clear_sky,10AM,2826,1590,2138 910 2285 1000
C:\Users\depthlev\Desktop\droneImages\dataset\depth_20\clear_sky\10AM\HighresScreenshot00354_depth_20_clear_sky_10AM.png,C:\Users\depthlev\Desktop\droneImages\dataset\depth_20\clear_sky\10AM\HighresScreenshot00354_depth_20_clear_sky_10AM.txt,20.0|clear_sky|10AM,20.0,clear_sky,10AM,2826,1590,1547 1310 1652 1387
C:\Users\depthlev\Desktop\droneImages\dataset\depth_20\clear_sky\10AM\HighresScreenshot00355_depth_20_clear_sky_10AM.png,C:\Users\depthlev\Desktop\droneImages\dataset\depth_20\clear_sky\10AM\HighresScreenshot00355_depth_20_clear_sky_10AM.txt,20.0|clear_sky|10AM,20.0,clear_sky,10AM,2826,1590,2072 1244 2225 1289
C:\Users\depthlev\Desktop\droneImages\dataset\depth_20\clear_sky\10AM\HighresScreenshot00356_depth_20_clear_sky_10AM.png,C:\Users\depthlev\Desktop\droneImages\dataset\depth_20\clear_sky\10AM\HighresScreenshot00356_depth_20_clear_sky_10AM.txt,20.0|clear_sky|10AM,20.0,clear_sky,10AM,2826,1590,1634 1259 1758 1357
C:\Users\depthlev\Desktop\droneImages\dataset\depth_20\clear_sky\10AM\HighresScreenshot00357_depth_20_clear_sky_10AM.png,C:\Users\depthlev\Desktop\droneImages\dataset\depth_20\clear_sky\10AM\HighresScreenshot00357_depth_20_clear_sky_10AM.txt,20.0|clear_sky|10AM,20.0,clear_sky,10AM,2826,1590,1981 790 2115 822
C:\Users\depthlev\Desktop\droneImages\dataset\depth_20\clear_sky\10AM\HighresScreenshot00358_depth_20_clear_sky_10AM.png,C:\Users\depthlev\Desktop\droneImages\dataset\depth_20\clear_sky\10AM\HighresScreenshot00358_depth_20_clear_sky_10AM.txt,20.0|clear_sky|10AM,20.0,clear_sky,10AM,2826,1590,2225 567 2384 635
C:\Users\depthlev\Desktop\droneImages\dataset\depth_20\clear_sky\10AM\HighresScreenshot00359_depth_20_clear_sky_10AM.png,C:\Users\depthlev\Desktop\droneImages\dataset\depth_20\clear_sky\10AM\HighresScreenshot00359_depth_20_clear_sky_10AM.txt,20.0|clear_sky|10AM,20.0,clear_sky,10AM,2826,1590,1106 749 1210 838
C:\Users\depthlev\Desktop\droneImages\dataset\depth_20\clear_sky\10AM\HighresScreenshot00360_depth_20_clear_sky_10AM.png,C:\Users\depthlev\Desktop\droneImages\dataset\depth_20\clear_sky\10AM\HighresScreenshot00360_depth_20_clear_sky_10AM.txt,20.0|clear_sky|10AM,20.0,clear_sky,10AM,2826,1590,1018 630 1141 741
C:\Users\depthlev\Desktop\droneImages\dataset\depth_20\clear_sky\10AM\HighresScreenshot00361_depth_20_clear_sky_10AM.png,C:\Users\depthlev\Desktop\droneImages\dataset\depth_20\clear_sky\10AM\HighresScreenshot00361_depth_20_clear_sky_10AM.txt,20.0|clear_sky|10AM,20.0,clear_sky,10AM,2826,1590,1047 1102 1144 1206
C:\Users\depthlev\Desktop\droneImages\dataset\depth_20\clear_sky\10AM\HighresScreenshot00362_depth_20_clear_sky_10AM.png,C:\Users\depthlev\Desktop\droneImages\dataset\depth_20\clear_sky\10AM\HighresScreenshot00362_depth_20_clear_sky_10AM.txt,20.0|clear_sky|10AM,20.0,clear_sky,10AM,2826,1590,1489 1200 1583 1287
C:\Users\depthlev\Desktop\droneImages\dataset\depth_20\clear_sky\10AM\HighresScreenshot00363_depth_20_clear_sky_10AM.png,C:\Users\depthlev\Desktop\droneImages\dataset\depth_20\clear_sky\10AM\HighresScreenshot00363_depth_20_clear_sky_10AM.txt,20.0|clear_sky|10AM,20.0,clear_sky,10AM,2826,1590,1220 729 1334 790
C:\Users\depthlev\Desktop\droneImages\dataset\depth_20\clear_sky\10AM\HighresScreenshot00364_depth_20_clear_sky_10AM.png,C:\Users\depthlev\Desktop\droneImages\dataset\depth_20\clear_sky\10AM\HighresScreenshot00364_depth_20_clear_sky_10AM.txt,20.0|clear_sky|10AM,20.0,clear_sky,10AM,2826,1590,1138 1174 1263 1294
C:\Users\depthlev\Desktop\droneImages\dataset\depth_20\clear_sky\10AM\HighresScreenshot00365_depth_20_clear_sky_10AM.png,C:\Users\depthlev\Desktop\droneImages\dataset\depth_20\clear_sky\10AM\HighresScreenshot00365_depth_20_clear_sky_10AM.txt,20.0|clear_sky|10AM,20.0,clear_sky,10AM,2826,1590,1669 473 1777 578
C:\Users\depthlev\Desktop\droneImages\dataset\depth_20\clear_sky\10AM\HighresScreenshot00366_depth_20_clear_sky_10AM.png,C:\Users\depthlev\Desktop\droneImages\dataset\depth_20\clear_sky\10AM\HighresScreenshot00366_depth_20_clear_sky_10AM.txt,20.0|clear_sky|10AM,20.0,clear_sky,10AM,2826,1590,1101 853 1223 957
C:\Users\depthlev\Desktop\droneImages\dataset\depth_20\clear_sky\10AM\HighresScreenshot00367_depth_20_clear_sky_10AM.png,C:\Users\depthlev\Desktop\droneImages\dataset\depth_20\clear_sky\10AM\HighresScreenshot00367_depth_20_clear_sky_10AM.txt,20.0|clear_sky|10AM,20.0,clear_sky,10AM,2826,1590,1017 509 1135 608
C:\Users\depthlev\Desktop\droneImages\dataset\depth_20\clear_sky\10AM\HighresScreenshot00368_depth_20_clear_sky_10AM.png,C:\Users\depthlev\Desktop\droneImages\dataset\depth_20\clear_sky\10AM\HighresScreenshot00368_depth_20_clear_sky_10AM.txt,20.0|clear_sky|10AM,20.0,clear_sky,10AM,2826,1590,1367 435 1481 539
C:\Users\depthlev\Desktop\droneImages\dataset\depth_20\clear_sky\10AM\HighresScreenshot00369_depth_20_clear_sky_10AM.png,C:\Users\depthlev\Desktop\droneImages\dataset\depth_20\clear_sky\10AM\HighresScreenshot00369_depth_20_clear_sky_10AM.txt,20.0|clear_sky|10AM,20.0,clear_sky,10AM,2826,1590,248 1090 404 1115
C:\Users\depthlev\Desktop\droneImages\dataset\depth_20\clear_sky\10AM\HighresScreenshot00370_depth_20_clear_sky_10AM.png,C:\Users\depthlev\Desktop\droneImages\dataset\depth_20\clear_sky\10AM\HighresScreenshot00370_depth_20_clear_sky_10AM.txt,20.0|clear_sky|10AM,20.0,clear_sky,10AM,2826,1590,979 1139 1094 1228
C:\Users\depthlev\Desktop\droneImages\dataset\depth_20\clear_sky\10AM\HighresScreenshot00371_depth_20_clear_sky_10AM.png,C:\Users\depthlev\Desktop\droneImages\dataset\depth_20\clear_sky\10AM\HighresScreenshot00371_depth_20_clear_sky_10AM.txt,20.0|clear_sky|10AM,20.0,clear_sky,10AM,2826,1590,1279 401 1387 432
C:\Users\depthlev\Desktop\droneImages\dataset\depth_20\clear_sky\10AM\HighresScreenshot00372_depth_20_clear_sky_10AM.png,C:\Users\depthlev\Desktop\droneImages\dataset\depth_20\clear_sky\10AM\HighresScreenshot00372_depth_20_clear_sky_10AM.txt,20.0|clear_sky|10AM,20.0,clear_sky,10AM,2826,1590,1026 519 1128 590
C:\Users\depthlev\Desktop\droneImages\dataset\depth_20\clear_sky\10AM\HighresScreenshot00373_depth_20_clear_sky_10AM.png,C:\Users\depthlev\Desktop\droneImages\dataset\depth_20\clear_sky\10AM\HighresScreenshot00373_depth_20_clear_sky_10AM.txt,20.0|clear_sky|10AM,20.0,clear_sky,10AM,2826,1590,2095 914 2254 1002
C:\Users\depthlev\Desktop\droneImages\dataset\depth_20\clear_sky\10AM\HighresScreenshot00374_depth_20_clear_sky_10AM.png,C:\Users\depthlev\Desktop\droneImages\dataset\depth_20\clear_sky\10AM\HighresScreenshot00374_depth_20_clear_sky_10AM.txt,20.0|clear_sky|10AM,20.0,clear_sky,10AM,2826,1590,1733 963 1832 987
C:\Users\depthlev\Desktop\droneImages\dataset\depth_20\clear_sky\10AM\HighresScreenshot00375_depth_20_clear_sky_10AM.png,C:\Users\depthlev\Desktop\droneImages\dataset\depth_20\clear_sky\10AM\HighresScreenshot00375_depth_20_clear_sky_10AM.txt,20.0|clear_sky|10AM,20.0,clear_sky,10AM,2826,1590,1874 427 1986 529
C:\Users\depthlev\Desktop\droneImages\dataset\depth_20\clear_sky\10AM\HighresScreenshot00376_depth_20_clear_sky_10AM.png,C:\Users\depthlev\Desktop\droneImages\dataset\depth_20\clear_sky\10AM\HighresScreenshot00376_depth_20_clear_sky_10AM.txt,20.0|clear_sky|10AM,20.0,clear_sky,10AM,2826,1590,1684 689 1807 763
C:\Users\depthlev\Desktop\droneImages\dataset\depth_20\clear_sky\10AM\HighresScreenshot00377_depth_20_clear_sky_10AM.png,C:\Users\depthlev\Desktop\droneImages\dataset\depth_20\clear_sky\10AM\HighresScreenshot00377_depth_20_clear_sky_10AM.txt,20.0|clear_sky|10AM,20.0,clear_sky,10AM,2826,1590,832 980 960 1016
C:\Users\depthlev\Desktop\droneImages\dataset\depth_20\clear_sky\10AM\HighresScreenshot00378_depth_20_clear_sky_10AM.png,C:\Users\depthlev\Desktop\droneImages\dataset\depth_20\clear_sky\10AM\HighresScreenshot00378_depth_20_clear_sky_10AM.txt,20.0|clear_sky|10AM,20.0,clear_sky,10AM,2826,1590,1491 920 1594 1009
C:\Users\depthlev\Desktop\droneImages\dataset\depth_20\clear_sky\10AM\HighresScreenshot00379_depth_20_clear_sky_10AM.png,C:\Users\depthlev\Desktop\droneImages\dataset\depth_20\clear_sky\10AM\HighresScreenshot00379_depth_20_clear_sky_10AM.txt,20.0|clear_sky|10AM,20.0,clear_sky,10AM,2826,1590,1171 1144 1286 1208
C:\Users\depthlev\Desktop\droneImages\dataset\depth_20\clear_sky\10AM\HighresScreenshot00380_depth_20_clear_sky_10AM.png,C:\Users\depthlev\Desktop\droneImages\dataset\depth_20\clear_sky\10AM\HighresScreenshot00380_depth_20_clear_sky_10AM.txt,20.0|clear_sky|10AM,20.0,clear_sky,10AM,2826,1590,1784 384 1896 467
C:\Users\depthlev\Desktop\droneImages\dataset\depth_20\clear_sky\10AM\HighresScreenshot00381_depth_20_clear_sky_10AM.png,C:\Users\depthlev\Desktop\droneImages\dataset\depth_20\clear_sky\10AM\HighresScreenshot00381_depth_20_clear_sky_10AM.txt,20.0|clear_sky|10AM,20.0,clear_sky,10AM,2826,1590,1051 507 1158 605
C:\Users\depthlev\Desktop\droneImages\dataset\depth_20\clear_sky\10AM\HighresScreenshot00382_depth_20_clear_sky_10AM.png,C:\Users\depthlev\Desktop\droneImages\dataset\depth_20\clear_sky\10AM\HighresScreenshot00382_depth_20_clear_sky_10AM.txt,20.0|clear_sky|10AM,20.0,clear_sky,10AM,2826,1590,921 890 1043 992
C:\Users\depthlev\Desktop\droneImages\dataset\depth_20\clear_sky\10AM\HighresScreenshot00383_depth_20_clear_sky_10AM.png,C:\Users\depthlev\Desktop\droneImages\dataset\depth_20\clear_sky\10AM\HighresScreenshot00383_depth_20_clear_sky_10AM.txt,20.0|clear_sky|10AM,20.0,clear_sky,10AM,2826,1590,1598 1343 1729 1390
C:\Users\depthlev\Desktop\droneImages\dataset\depth_20\clear_sky\10AM\HighresScreenshot00384_depth_20_clear_sky_10AM.png,C:\Users\depthlev\Desktop\droneImages\dataset\depth_20\clear_sky\10AM\HighresScreenshot00384_depth_20_clear_sky_10AM.txt,20.0|clear_sky|10AM,20.0,clear_sky,10AM,2826,1590,217 410 416 475
C:\Users\depthlev\Desktop\droneImages\dataset\depth_20\clear_sky\10AM\HighresScreenshot00385_depth_20_clear_sky_10AM.png,C:\Users\depthlev\Desktop\droneImages\dataset\depth_20\clear_sky\10AM\HighresScreenshot00385_depth_20_clear_sky_10AM.txt,20.0|clear_sky|10AM,20.0,clear_sky,10AM,2826,1590,1476 860 1577 919
C:\Users\depthlev\Desktop\droneImages\dataset\depth_20\clear_sky\10AM\HighresScreenshot00386_depth_20_clear_sky_10AM.png,C:\Users\depthlev\Desktop\droneImages\dataset\depth_20\clear_sky\10AM\HighresScreenshot00386_depth_20_clear_sky_10AM.txt,20.0|clear_sky|10AM,20.0,clear_sky,10AM,2826,1590,1329 1297 1456 1318
C:\Users\depthlev\Desktop\droneImages\dataset\depth_20\clear_sky\10AM\HighresScreenshot00387_depth_20_clear_sky_10AM.png,C:\Users\depthlev\Desktop\droneImages\dataset\depth_20\clear_sky\10AM\HighresScreenshot00387_depth_20_clear_sky_10AM.txt,20.0|clear_sky|10AM,20.0,clear_sky,10AM,2826,1590,1320 536 1422 562
C:\Users\depthlev\Desktop\droneImages\dataset\depth_20\clear_sky\10AM\HighresScreenshot00388_depth_20_clear_sky_10AM.png,C:\Users\depthlev\Desktop\droneImages\dataset\depth_20\clear_sky\10AM\HighresScreenshot00388_depth_20_clear_sky_10AM.txt,20.0|clear_sky|10AM,20.0,clear_sky,10AM,2826,1590,2205 1010 2354 1101
C:\Users\depthlev\Desktop\droneImages\dataset\depth_20\clear_sky\10AM\HighresScreenshot00389_depth_20_clear_sky_10AM.png,C:\Users\depthlev\Desktop\droneImages\dataset\depth_20\clear_sky\10AM\HighresScreenshot00389_depth_20_clear_sky_10AM.txt,20.0|clear_sky|10AM,20.0,clear_sky,10AM,2826,1590,1947 1166 2095 1226
C:\Users\depthlev\Desktop\droneImages\dataset\depth_20\clear_sky\10AM\HighresScreenshot00390_depth_20_clear_sky_10AM.png,C:\Users\depthlev\Desktop\droneImages\dataset\depth_20\clear_sky\10AM\HighresScreenshot00390_depth_20_clear_sky_10AM.txt,20.0|clear_sky|10AM,20.0,clear_sky,10AM,2826,1590,1032 463 1152 528
C:\Users\depthlev\Desktop\droneImages\dataset\depth_20\clear_sky\10AM\HighresScreenshot00391_depth_20_clear_sky_10AM.png,C:\Users\depthlev\Desktop\droneImages\dataset\depth_20\clear_sky\10AM\HighresScreenshot00391_depth_20_clear_sky_10AM.txt,20.0|clear_sky|10AM,20.0,clear_sky,10AM,2826,1590,836 893 965 951
C:\Users\depthlev\Desktop\droneImages\dataset\depth_20\clear_sky\10AM\HighresScreenshot00392_depth_20_clear_sky_10AM.png,C:\Users\depthlev\Desktop\droneImages\dataset\depth_20\clear_sky\10AM\HighresScreenshot00392_depth_20_clear_sky_10AM.txt,20.0|clear_sky|10AM,20.0,clear_sky,10AM,2826,1590,2397 340 2587 372
C:\Users\depthlev\Desktop\droneImages\dataset\depth_20\clear_sky\10AM\HighresScreenshot00393_depth_20_clear_sky_10AM.png,C:\Users\depthlev\Desktop\droneImages\dataset\depth_20\clear_sky\10AM\HighresScreenshot00393_depth_20_clear_sky_10AM.txt,20.0|clear_sky|10AM,20.0,clear_sky,10AM,2826,1590,622 1248 766 1295
C:\Users\depthlev\Desktop\droneImages\dataset\depth_20\clear_sky\10AM\HighresScreenshot00394_depth_20_clear_sky_10AM.png,C:\Users\depthlev\Desktop\droneImages\dataset\depth_20\clear_sky\10AM\HighresScreenshot00394_depth_20_clear_sky_10AM.txt,20.0|clear_sky|10AM,20.0,clear_sky,10AM,2826,1590,914 835 1024 911
C:\Users\depthlev\Desktop\droneImages\dataset\depth_20\clear_sky\10AM\HighresScreenshot00395_depth_20_clear_sky_10AM.png,C:\Users\depthlev\Desktop\droneImages\dataset\depth_20\clear_sky\10AM\HighresScreenshot00395_depth_20_clear_sky_10AM.txt,20.0|clear_sky|10AM,20.0,clear_sky,10AM,2826,1590,1711 986 1837 1089
C:\Users\depthlev\Desktop\droneImages\dataset\depth_20\clear_sky\10AM\HighresScreenshot00396_depth_20_clear_sky_10AM.png,C:\Users\depthlev\Desktop\droneImages\dataset\depth_20\clear_sky\10AM\HighresScreenshot00396_depth_20_clear_sky_10AM.txt,20.0|clear_sky|10AM,20.0,clear_sky,10AM,2826,1590,932 1172 1040 1248
C:\Users\depthlev\Desktop\droneImages\dataset\depth_20\clear_sky\10AM\HighresScreenshot00397_depth_20_clear_sky_10AM.png,C:\Users\depthlev\Desktop\droneImages\dataset\depth_20\clear_sky\10AM\HighresScreenshot00397_depth_20_clear_sky_10AM.txt,20.0|clear_sky|10AM,20.0,clear_sky,10AM,2826,1590,869 1095 989 1129
C:\Users\depthlev\Desktop\droneImages\dataset\depth_20\clear_sky\10AM\HighresScreenshot00398_depth_20_clear_sky_10AM.png,C:\Users\depthlev\Desktop\droneImages\dataset\depth_20\clear_sky\10AM\HighresScreenshot00398_depth_20_clear_sky_10AM.txt,20.0|clear_sky|10AM,20.0,clear_sky,10AM,2826,1590,963 746 1078 834
C:\Users\depthlev\Desktop\droneImages\dataset\depth_20\clear_sky\10AM\HighresScreenshot00399_depth_20_clear_sky_10AM.png,C:\Users\depthlev\Desktop\droneImages\dataset\depth_20\clear_sky\10AM\HighresScreenshot00399_depth_20_clear_sky_10AM.txt,20.0|clear_sky|10AM,20.0,clear_sky,10AM,2826,1590,1659 487 1780 553
C:\Users\depthlev\Desktop\droneImages\dataset\depth_20\clear_sky\10AM\HighresScreenshot00400_depth_20_clear_sky_10AM.png,C:\Users\depthlev\Desktop\droneImages\dataset\depth_20\clear_sky\10AM\HighresScreenshot00400_depth_20_clear_sky_10AM.txt,20.0|clear_sky|10AM,20.0,clear_sky,10AM,2826,1590,1569 1122 1687 1198
C:\Users\depthlev\Desktop\droneImages\dataset\depth_20\clear_sky\10AM\HighresScreenshot00401_depth_20_clear_sky_10AM.png,C:\Users\depthlev\Desktop\droneImages\dataset\depth_20\clear_sky\10AM\HighresScreenshot00401_depth_20_clear_sky_10AM.txt,20.0|clear_sky|10AM,20.0,clear_sky,10AM,2826,1590,1426 1029 1518 1109
C:\Users\depthlev\Desktop\droneImages\dataset\depth_20\clear_sky\10AM\HighresScreenshot00402_depth_20_clear_sky_10AM.png,C:\Users\depthlev\Desktop\droneImages\dataset\depth_20\clear_sky\10AM\HighresScreenshot00402_depth_20_clear_sky_10AM.txt,20.0|clear_sky|10AM,20.0,clear_sky,10AM,2826,1590,1234 1061 1351 1110
C:\Users\depthlev\Desktop\droneImages\dataset\depth_20\clear_sky\10AM\HighresScreenshot00403_depth_20_clear_sky_10AM.png,C:\Users\depthlev\Desktop\droneImages\dataset\depth_20\clear_sky\10AM\HighresScreenshot00403_depth_20_clear_sky_10AM.txt,20.0|clear_sky|10AM,20.0,clear_sky,10AM,2826,1590,843 792 970 838
C:\Users\depthlev\Desktop\droneImages\dataset\depth_20\clear_sky\10AM\HighresScreenshot00404_depth_20_clear_sky_10AM.png,C:\Users\depthlev\Desktop\droneImages\dataset\depth_20\clear_sky\10AM\HighresScreenshot00404_depth_20_clear_sky_10AM.txt,20.0|clear_sky|10AM,20.0,clear_sky,10AM,2826,1590,1988 484 2108 574
C:\Users\depthlev\Desktop\droneImages\dataset\depth_20\clear_sky\10AM\HighresScreenshot00405_depth_20_clear_sky_10AM.png,C:\Users\depthlev\Desktop\droneImages\dataset\depth_20\clear_sky\10AM\HighresScreenshot00405_depth_20_clear_sky_10AM.txt,20.0|clear_sky|10AM,20.0,clear_sky,10AM,2826,1590,1864 432 1971 533
C:\Users\depthlev\Desktop\droneImages\dataset\depth_20\clear_sky\10AM\HighresScreenshot00406_depth_20_clear_sky_10AM.png,C:\Users\depthlev\Desktop\droneImages\dataset\depth_20\clear_sky\10AM\HighresScreenshot00406_depth_20_clear_sky_10AM.txt,20.0|clear_sky|10AM,20.0,clear_sky,10AM,2826,1590,1997 464 2141 561
C:\Users\depthlev\Desktop\droneImages\dataset\depth_20\clear_sky\10AM\HighresScreenshot00407_depth_20_clear_sky_10AM.png,C:\Users\depthlev\Desktop\droneImages\dataset\depth_20\clear_sky\10AM\HighresScreenshot00407_depth_20_clear_sky_10AM.txt,20.0|clear_sky|10AM,20.0,clear_sky,10AM,2826,1590,1317 1087 1434 1185
C:\Users\depthlev\Desktop\droneImages\dataset\depth_20\clear_sky\10AM\HighresScreenshot00408_depth_20_clear_sky_10AM.png,C:\Users\depthlev\Desktop\droneImages\dataset\depth_20\clear_sky\10AM\HighresScreenshot00408_depth_20_clear_sky_10AM.txt,20.0|clear_sky|10AM,20.0,clear_sky,10AM,2826,1590,2346 801 2523 833
C:\Users\depthlev\Desktop\droneImages\dataset\depth_20\clear_sky\10AM\HighresScreenshot00409_depth_20_clear_sky_10AM.png,C:\Users\depthlev\Desktop\droneImages\dataset\depth_20\clear_sky\10AM\HighresScreenshot00409_depth_20_clear_sky_10AM.txt,20.0|clear_sky|10AM,20.0,clear_sky,10AM,2826,1590,823 613 957 646
C:\Users\depthlev\Desktop\droneImages\dataset\depth_20\clear_sky\10AM\HighresScreenshot00410_depth_20_clear_sky_10AM.png,C:\Users\depthlev\Desktop\droneImages\dataset\depth_20\clear_sky\10AM\HighresScreenshot00410_depth_20_clear_sky_10AM.txt,20.0|clear_sky|10AM,20.0,clear_sky,10AM,2744,1590,1760 829 1858 889
C:\Users\depthlev\Desktop\droneImages\dataset\depth_20\clear_sky\10AM\HighresScreenshot00411_depth_20_clear_sky_10AM.png,C:\Users\depthlev\Desktop\droneImages\dataset\depth_20\clear_sky\10AM\HighresScreenshot00411_depth_20_clear_sky_10AM.txt,20.0|clear_sky|10AM,20.0,clear_sky,10AM,2744,1590,866 723 949 757
C:\Users\depthlev\Desktop\droneImages\dataset\depth_20\clear_sky\10AM\HighresScreenshot00412_depth_20_clear_sky_10AM.png,C:\Users\depthlev\Desktop\droneImages\dataset\depth_20\clear_sky\10AM\HighresScreenshot00412_depth_20_clear_sky_10AM.txt,20.0|clear_sky|10AM,20.0,clear_sky,10AM,2744,1590,1157 682 1261 708
C:\Users\depthlev\Desktop\droneImages\dataset\depth_20\clear_sky\10AM\HighresScreenshot00413_depth_20_clear_sky_10AM.png,C:\Users\depthlev\Desktop\droneImages\dataset\depth_20\clear_sky\10AM\HighresScreenshot00413_depth_20_clear_sky_10AM.txt,20.0|clear_sky|10AM,20.0,clear_sky,10AM,2744,1590,1606 577 1706 655
C:\Users\depthlev\Desktop\droneImages\dataset\depth_20\clear_sky\10AM\HighresScreenshot00414_depth_20_clear_sky_10AM.png,C:\Users\depthlev\Desktop\droneImages\dataset\depth_20\clear_sky\10AM\HighresScreenshot00414_depth_20_clear_sky_10AM.txt,20.0|clear_sky|10AM,20.0,clear_sky,10AM,2744,1590,1429 1263 1526 1347
C:\Users\depthlev\Desktop\droneImages\dataset\depth_20\clear_sky\10AM\HighresScreenshot00415_depth_20_clear_sky_10AM.png,C:\Users\depthlev\Desktop\droneImages\dataset\depth_20\clear_sky\10AM\HighresScreenshot00415_depth_20_clear_sky_10AM.txt,20.0|clear_sky|10AM,20.0,clear_sky,10AM,2744,1590,1777 597 1879 626
C:\Users\depthlev\Desktop\droneImages\dataset\depth_20\clear_sky\10AM\HighresScreenshot00416_depth_20_clear_sky_10AM.png,C:\Users\depthlev\Desktop\droneImages\dataset\depth_20\clear_sky\10AM\HighresScreenshot00416_depth_20_clear_sky_10AM.txt,20.0|clear_sky|10AM,20.0,clear_sky,10AM,2744,1590,533 510 659 549
C:\Users\depthlev\Desktop\droneImages\dataset\depth_20\clear_sky\10AM\HighresScreenshot00417_depth_20_clear_sky_10AM.png,C:\Users\depthlev\Desktop\droneImages\dataset\depth_20\clear_sky\10AM\HighresScreenshot00417_depth_20_clear_sky_10AM.txt,20.0|clear_sky|10AM,20.0,clear_sky,10AM,2744,1590,1507 450 1603 525
C:\Users\depthlev\Desktop\droneImages\dataset\depth_20\clear_sky\10AM\HighresScreenshot00418_depth_20_clear_sky_10AM.png,C:\Users\depthlev\Desktop\droneImages\dataset\depth_20\clear_sky\10AM\HighresScreenshot00418_depth_20_clear_sky_10AM.txt,20.0|clear_sky|10AM,20.0,clear_sky,10AM,2744,1590,1347 945 1435 1008
C:\Users\depthlev\Desktop\droneImages\dataset\depth_20\clear_sky\10AM\HighresScreenshot00419_depth_20_clear_sky_10AM.png,C:\Users\depthlev\Desktop\droneImages\dataset\depth_20\clear_sky\10AM\HighresScreenshot00419_depth_20_clear_sky_10AM.txt,20.0|clear_sky|10AM,20.0,clear_sky,10AM,2744,1590,1130 1096 1201 1178
C:\Users\depthlev\Desktop\droneImages\dataset\depth_20\clear_sky\10AM\HighresScreenshot00420_depth_20_clear_sky_10AM.png,C:\Users\depthlev\Desktop\droneImages\dataset\depth_20\clear_sky\10AM\HighresScreenshot00420_depth_20_clear_sky_10AM.txt,20.0|clear_sky|10AM,20.0,clear_sky,10AM,2744,1590,895 1234 989 1323
C:\Users\depthlev\Desktop\droneImages\dataset\depth_20\clear_sky\10AM\HighresScreenshot00421_depth_20_clear_sky_10AM.png,C:\Users\depthlev\Desktop\droneImages\dataset\depth_20\clear_sky\10AM\HighresScreenshot00421_depth_20_clear_sky_10AM.txt,20.0|clear_sky|10AM,20.0,clear_sky,10AM,2744,1590,995 652 1089 741
C:\Users\depthlev\Desktop\droneImages\dataset\depth_20\clear_sky\10AM\HighresScreenshot00422_depth_20_clear_sky_10AM.png,C:\Users\depthlev\Desktop\droneImages\dataset\depth_20\clear_sky\10AM\HighresScreenshot00422_depth_20_clear_sky_10AM.txt,20.0|clear_sky|10AM,20.0,clear_sky,10AM,2744,1590,1653 1247 1762 1298
C:\Users\depthlev\Desktop\droneImages\dataset\depth_20\clear_sky\10AM\HighresScreenshot00423_depth_20_clear_sky_10AM.png,C:\Users\depthlev\Desktop\droneImages\dataset\depth_20\clear_sky\10AM\HighresScreenshot00423_depth_20_clear_sky_10AM.txt,20.0|clear_sky|10AM,20.0,clear_sky,10AM,2744,1590,1167 405 1265 472
C:\Users\depthlev\Desktop\droneImages\dataset\depth_20\clear_sky\10AM\HighresScreenshot00424_depth_20_clear_sky_10AM.png,C:\Users\depthlev\Desktop\droneImages\dataset\depth_20\clear_sky\10AM\HighresScreenshot00424_depth_20_clear_sky_10AM.txt,20.0|clear_sky|10AM,20.0,clear_sky,10AM,2744,1590,1380 270 1470 374
C:\Users\depthlev\Desktop\droneImages\dataset\depth_20\clear_sky\10AM\HighresScreenshot00425_depth_20_clear_sky_10AM.png,C:\Users\depthlev\Desktop\droneImages\dataset\depth_20\clear_sky\10AM\HighresScreenshot00425_depth_20_clear_sky_10AM.txt,20.0|clear_sky|10AM,20.0,clear_sky,10AM,2744,1590,1510 345 1603 399
C:\Users\depthlev\Desktop\droneImages\dataset\depth_20\clear_sky\10AM\HighresScreenshot00426_depth_20_clear_sky_10AM.png,C:\Users\depthlev\Desktop\droneImages\dataset\depth_20\clear_sky\10AM\HighresScreenshot00426_depth_20_clear_sky_10AM.txt,20.0|clear_sky|10AM,20.0,clear_sky,10AM,2744,1590,880 1071 990 1165
C:\Users\depthlev\Desktop\droneImages\dataset\depth_20\clear_sky\10AM\HighresScreenshot00427_depth_20_clear_sky_10AM.png,C:\Users\depthlev\Desktop\droneImages\dataset\depth_20\clear_sky\10AM\HighresScreenshot00427_depth_20_clear_sky_10AM.txt,20.0|clear_sky|10AM,20.0,clear_sky,10AM,2744,1590,1301 324 1398 427
C:\Users\depthlev\Desktop\droneImages\dataset\depth_20\clear_sky\10AM\HighresScreenshot00428_depth_20_clear_sky_10AM.png,C:\Users\depthlev\Desktop\droneImages\dataset\depth_20\clear_sky\10AM\HighresScreenshot00428_depth_20_clear_sky_10AM.txt,20.0|clear_sky|10AM,20.0,clear_sky,10AM,2744,1590,1090 550 1195 631
C:\Users\depthlev\Desktop\droneImages\dataset\depth_20\clear_sky\10AM\HighresScreenshot00429_depth_20_clear_sky_10AM.png,C:\Users\depthlev\Desktop\droneImages\dataset\depth_20\clear_sky\10AM\HighresScreenshot00429_depth_20_clear_sky_10AM.txt,20.0|clear_sky|10AM,20.0,clear_sky,10AM,2744,1590,1179 413 1282 509
C:\Users\depthlev\Desktop\droneImages\dataset\depth_20\clear_sky\10AM\HighresScreenshot00430_depth_20_clear_sky_10AM.png,C:\Users\depthlev\Desktop\droneImages\dataset\depth_20\clear_sky\10AM\HighresScreenshot00430_depth_20_clear_sky_10AM.txt,20.0|clear_sky|10AM,20.0,clear_sky,10AM,2744,1590,1013 742 1119 826
C:\Users\depthlev\Desktop\droneImages\dataset\depth_20\clear_sky\10AM\HighresScreenshot00431_depth_20_clear_sky_10AM.png,C:\Users\depthlev\Desktop\droneImages\dataset\depth_20\clear_sky\10AM\HighresScreenshot00431_depth_20_clear_sky_10AM.txt,20.0|clear_sky|10AM,20.0,clear_sky,10AM,2744,1590,1717 902 1829 927
C:\Users\depthlev\Desktop\droneImages\dataset\depth_20\clear_sky\10AM\HighresScreenshot00432_depth_20_clear_sky_10AM.png,C:\Users\depthlev\Desktop\droneImages\dataset\depth_20\clear_sky\10AM\HighresScreenshot00432_depth_20_clear_sky_10AM.txt,20.0|clear_sky|10AM,20.0,clear_sky,10AM,2744,1590,1358 925 1436 980
C:\Users\depthlev\Desktop\droneImages\dataset\depth_20\clear_sky\10AM\HighresScreenshot00433_depth_20_clear_sky_10AM.png,C:\Users\depthlev\Desktop\droneImages\dataset\depth_20\clear_sky\10AM\HighresScreenshot00433_depth_20_clear_sky_10AM.txt,20.0|clear_sky|10AM,20.0,clear_sky,10AM,2744,1590,924 786 1032 846
C:\Users\depthlev\Desktop\droneImages\dataset\depth_20\clear_sky\10AM\HighresScreenshot00434_depth_20_clear_sky_10AM.png,C:\Users\depthlev\Desktop\droneImages\dataset\depth_20\clear_sky\10AM\HighresScreenshot00434_depth_20_clear_sky_10AM.txt,20.0|clear_sky|10AM,20.0,clear_sky,10AM,2744,1590,1345 1300 1436 1362
C:\Users\depthlev\Desktop\droneImages\dataset\depth_20\clear_sky\10AM\HighresScreenshot00435_depth_20_clear_sky_10AM.png,C:\Users\depthlev\Desktop\droneImages\dataset\depth_20\clear_sky\10AM\HighresScreenshot00435_depth_20_clear_sky_10AM.txt,20.0|clear_sky|10AM,20.0,clear_sky,10AM,2744,1590,672 878 795 957
C:\Users\depthlev\Desktop\droneImages\dataset\depth_20\clear_sky\10AM\HighresScreenshot00436_depth_20_clear_sky_10AM.png,C:\Users\depthlev\Desktop\droneImages\dataset\depth_20\clear_sky\10AM\HighresScreenshot00436_depth_20_clear_sky_10AM.txt,20.0|clear_sky|10AM,20.0,clear_sky,10AM,2744,1590,1788 689 1890 775
C:\Users\depthlev\Desktop\droneImages\dataset\depth_20\clear_sky\10AM\HighresScreenshot00437_depth_20_clear_sky_10AM.png,C:\Users\depthlev\Desktop\droneImages\dataset\depth_20\clear_sky\10AM\HighresScreenshot00437_depth_20_clear_sky_10AM.txt,20.0|clear_sky|10AM,20.0,clear_sky,10AM,2744,1590,1202 1025 1295 1106
C:\Users\depthlev\Desktop\droneImages\dataset\depth_20\clear_sky\10AM\HighresScreenshot00438_depth_20_clear_sky_10AM.png,C:\Users\depthlev\Desktop\droneImages\dataset\depth_20\clear_sky\10AM\HighresScreenshot00438_depth_20_clear_sky_10AM.txt,20.0|clear_sky|10AM,20.0,clear_sky,10AM,2744,1590,845 1090 945 1162
C:\Users\depthlev\Desktop\droneImages\dataset\depth_20\clear_sky\10AM\HighresScreenshot00439_depth_20_clear_sky_10AM.png,C:\Users\depthlev\Desktop\droneImages\dataset\depth_20\clear_sky\10AM\HighresScreenshot00439_depth_20_clear_sky_10AM.txt,20.0|clear_sky|10AM,20.0,clear_sky,10AM,2744,1590,1305 565 1396 601
C:\Users\depthlev\Desktop\droneImages\dataset\depth_20\clear_sky\10AM\HighresScreenshot00440_depth_20_clear_sky_10AM.png,C:\Users\depthlev\Desktop\droneImages\dataset\depth_20\clear_sky\10AM\HighresScreenshot00440_depth_20_clear_sky_10AM.txt,20.0|clear_sky|10AM,20.0,clear_sky,10AM,2744,1590,1202 604 1304 700
C:\Users\depthlev\Desktop\droneImages\dataset\depth_20\clear_sky\10AM\HighresScreenshot00441_depth_20_clear_sky_10AM.png,C:\Users\depthlev\Desktop\droneImages\dataset\depth_20\clear_sky\10AM\HighresScreenshot00441_depth_20_clear_sky_10AM.txt,20.0|clear_sky|10AM,20.0,clear_sky,10AM,2744,1590,1933 553 2023 611
C:\Users\depthlev\Desktop\droneImages\dataset\depth_20\clear_sky\10AM\HighresScreenshot00442_depth_20_clear_sky_10AM.png,C:\Users\depthlev\Desktop\droneImages\dataset\depth_20\clear_sky\10AM\HighresScreenshot00442_depth_20_clear_sky_10AM.txt,20.0|clear_sky|10AM,20.0,clear_sky,10AM,2744,1590,1223 1213 1298 1290
C:\Users\depthlev\Desktop\droneImages\dataset\depth_20\clear_sky\10AM\HighresScreenshot00443_depth_20_clear_sky_10AM.png,C:\Users\depthlev\Desktop\droneImages\dataset\depth_20\clear_sky\10AM\HighresScreenshot00443_depth_20_clear_sky_10AM.txt,20.0|clear_sky|10AM,20.0,clear_sky,10AM,2744,1590,1520 951 1602 1006
C:\Users\depthlev\Desktop\droneImages\dataset\depth_20\clear_sky\10AM\HighresScreenshot00444_depth_20_clear_sky_10AM.png,C:\Users\depthlev\Desktop\droneImages\dataset\depth_20\clear_sky\10AM\HighresScreenshot00444_depth_20_clear_sky_10AM.txt,20.0|clear_sky|10AM,20.0,clear_sky,10AM,2744,1590,1344 941 1440 1025
C:\Users\depthlev\Desktop\droneImages\dataset\depth_20\clear_sky\10AM\HighresScreenshot00445_depth_20_clear_sky_10AM.png,C:\Users\depthlev\Desktop\droneImages\dataset\depth_20\clear_sky\10AM\HighresScreenshot00445_depth_20_clear_sky_10AM.txt,20.0|clear_sky|10AM,20.0,clear_sky,10AM,2744,1590,1925 451 2049 516
C:\Users\depthlev\Desktop\droneImages\dataset\depth_20\clear_sky\10AM\HighresScreenshot00446_depth_20_clear_sky_10AM.png,C:\Users\depthlev\Desktop\droneImages\dataset\depth_20\clear_sky\10AM\HighresScreenshot00446_depth_20_clear_sky_10AM.txt,20.0|clear_sky|10AM,20.0,clear_sky,10AM,2744,1590,1549 1260 1658 1317
C:\Users\depthlev\Desktop\droneImages\dataset\depth_20\clear_sky\10AM\HighresScreenshot00447_depth_20_clear_sky_10AM.png,C:\Users\depthlev\Desktop\droneImages\dataset\depth_20\clear_sky\10AM\HighresScreenshot00447_depth_20_clear_sky_10AM.txt,20.0|clear_sky|10AM,20.0,clear_sky,10AM,2744,1590,1150 390 1257 449
C:\Users\depthlev\Desktop\droneImages\dataset\depth_20\clear_sky\10AM\HighresScreenshot00448_depth_20_clear_sky_10AM.png,C:\Users\depthlev\Desktop\droneImages\dataset\depth_20\clear_sky\10AM\HighresScreenshot00448_depth_20_clear_sky_10AM.txt,20.0|clear_sky|10AM,20.0,clear_sky,10AM,2744,1590,1419 1005 1500 1054
C:\Users\depthlev\Desktop\droneImages\dataset\depth_20\clear_sky\10AM\HighresScreenshot00449_depth_20_clear_sky_10AM.png,C:\Users\depthlev\Desktop\droneImages\dataset\depth_20\clear_sky\10AM\HighresScreenshot00449_depth_20_clear_sky_10AM.txt,20.0|clear_sky|10AM,20.0,clear_sky,10AM,2744,1590,1677 739 1766 798
C:\Users\depthlev\Desktop\droneImages\dataset\depth_20\clear_sky\10AM\HighresScreenshot00450_depth_20_clear_sky_10AM.png,C:\Users\depthlev\Desktop\droneImages\dataset\depth_20\clear_sky\10AM\HighresScreenshot00450_depth_20_clear_sky_10AM.txt,20.0|clear_sky|10AM,20.0,clear_sky,10AM,2744,1590,1707 432 1800 512
C:\Users\depthlev\Desktop\droneImages\dataset\depth_20\clear_sky\10AM\HighresScreenshot00451_depth_20_clear_sky_10AM.png,C:\Users\depthlev\Desktop\droneImages\dataset\depth_20\clear_sky\10AM\HighresScreenshot00451_depth_20_clear_sky_10AM.txt,20.0|clear_sky|10AM,20.0,clear_sky,10AM,2744,1590,1453 358 1555 425
C:\Users\depthlev\Desktop\droneImages\dataset\depth_20\clear_sky\10AM\HighresScreenshot00452_depth_20_clear_sky_10AM.png,C:\Users\depthlev\Desktop\droneImages\dataset\depth_20\clear_sky\10AM\HighresScreenshot00452_depth_20_clear_sky_10AM.txt,20.0|clear_sky|10AM,20.0,clear_sky,10AM,2744,1590,809 718 905 787
C:\Users\depthlev\Desktop\droneImages\dataset\depth_20\clear_sky\10AM\HighresScreenshot00453_depth_20_clear_sky_10AM.png,C:\Users\depthlev\Desktop\droneImages\dataset\depth_20\clear_sky\10AM\HighresScreenshot00453_depth_20_clear_sky_10AM.txt,20.0|clear_sky|10AM,20.0,clear_sky,10AM,2744,1590,1243 696 1328 772
C:\Users\depthlev\Desktop\droneImages\dataset\depth_20\clear_sky\10AM\HighresScreenshot00454_depth_20_clear_sky_10AM.png,C:\Users\depthlev\Desktop\droneImages\dataset\depth_20\clear_sky\10AM\HighresScreenshot00454_depth_20_clear_sky_10AM.txt,20.0|clear_sky|10AM,20.0,clear_sky,10AM,2744,1590,1009 1031 1100 1132
C:\Users\depthlev\Desktop\droneImages\dataset\depth_20\clear_sky\10AM\HighresScreenshot00455_depth_20_clear_sky_10AM.png,C:\Users\depthlev\Desktop\droneImages\dataset\depth_20\clear_sky\10AM\HighresScreenshot00455_depth_20_clear_sky_10AM.txt,20.0|clear_sky|10AM,20.0,clear_sky,10AM,2744,1590,1566 1129 1652 1210
C:\Users\depthlev\Desktop\droneImages\dataset\depth_20\clear_sky\10AM\HighresScreenshot00456_depth_20_clear_sky_10AM.png,C:\Users\depthlev\Desktop\droneImages\dataset\depth_20\clear_sky\10AM\HighresScreenshot00456_depth_20_clear_sky_10AM.txt,20.0|clear_sky|10AM,20.0,clear_sky,10AM,2744,1590,1241 944 1336 1017
C:\Users\depthlev\Desktop\droneImages\dataset\depth_20\clear_sky\10AM\HighresScreenshot00457_depth_20_clear_sky_10AM.png,C:\Users\depthlev\Desktop\droneImages\dataset\depth_20\clear_sky\10AM\HighresScreenshot00457_depth_20_clear_sky_10AM.txt,20.0|clear_sky|10AM,20.0,clear_sky,10AM,2744,1590,1360 1255 1454 1358
C:\Users\depthlev\Desktop\droneImages\dataset\depth_20\clear_sky\10AM\HighresScreenshot00458_depth_20_clear_sky_10AM.png,C:\Users\depthlev\Desktop\droneImages\dataset\depth_20\clear_sky\10AM\HighresScreenshot00458_depth_20_clear_sky_10AM.txt,20.0|clear_sky|10AM,20.0,clear_sky,10AM,2744,1590,1194 577 1295 647
C:\Users\depthlev\Desktop\droneImages\dataset\depth_20\clear_sky\10AM\HighresScreenshot00459_depth_20_clear_sky_10AM.png,C:\Users\depthlev\Desktop\droneImages\dataset\depth_20\clear_sky\10AM\HighresScreenshot00459_depth_20_clear_sky_10AM.txt,20.0|clear_sky|10AM,20.0,clear_sky,10AM,2744,1590,1171 367 1265 472
C:\Users\depthlev\Desktop\droneImages\dataset\depth_20\clear_sky\10AM\HighresScreenshot00460_depth_20_clear_sky_10AM.png,C:\Users\depthlev\Desktop\droneImages\dataset\depth_20\clear_sky\10AM\HighresScreenshot00460_depth_20_clear_sky_10AM.txt,20.0|clear_sky|10AM,20.0,clear_sky,10AM,2744,1590,1742 1286 1864 1313
C:\Users\depthlev\Desktop\droneImages\dataset\depth_20\clear_sky\10AM\HighresScreenshot00461_depth_20_clear_sky_10AM.png,C:\Users\depthlev\Desktop\droneImages\dataset\depth_20\clear_sky\10AM\HighresScreenshot00461_depth_20_clear_sky_10AM.txt,20.0|clear_sky|10AM,20.0,clear_sky,10AM,2744,1590,970 355 1052 406
C:\Users\depthlev\Desktop\droneImages\dataset\depth_20\clear_sky\10AM\HighresScreenshot00462_depth_20_clear_sky_10AM.png,C:\Users\depthlev\Desktop\droneImages\dataset\depth_20\clear_sky\10AM\HighresScreenshot00462_depth_20_clear_sky_10AM.txt,20.0|clear_sky|10AM,20.0,clear_sky,10AM,2744,1590,1508 1022 1613 1127
C:\Users\depthlev\Desktop\droneImages\dataset\depth_20\clear_sky\10AM\HighresScreenshot00463_depth_20_clear_sky_10AM.png,C:\Users\depthlev\Desktop\droneImages\dataset\depth_20\clear_sky\10AM\HighresScreenshot00463_depth_20_clear_sky_10AM.txt,20.0|clear_sky|10AM,20.0,clear_sky,10AM,2744,1590,1513 764 1601 801
C:\Users\depthlev\Desktop\droneImages\dataset\depth_20\clear_sky\10AM\HighresScreenshot00464_depth_20_clear_sky_10AM.png,C:\Users\depthlev\Desktop\droneImages\dataset\depth_20\clear_sky\10AM\HighresScreenshot00464_depth_20_clear_sky_10AM.txt,20.0|clear_sky|10AM,20.0,clear_sky,10AM,2744,1590,1540 814 1646 908
C:\Users\depthlev\Desktop\droneImages\dataset\depth_20\clear_sky\10AM\HighresScreenshot00465_depth_20_clear_sky_10AM.png,C:\Users\depthlev\Desktop\droneImages\dataset\depth_20\clear_sky\10AM\HighresScreenshot00465_depth_20_clear_sky_10AM.txt,20.0|clear_sky|10AM,20.0,clear_sky,10AM,2744,1590,966 949 1072 1032
C:\Users\depthlev\Desktop\droneImages\dataset\depth_20\clear_sky\10AM\HighresScreenshot00466_depth_20_clear_sky_10AM.png,C:\Users\depthlev\Desktop\droneImages\dataset\depth_20\clear_sky\10AM\HighresScreenshot00466_depth_20_clear_sky_10AM.txt,20.0|clear_sky|10AM,20.0,clear_sky,10AM,2744,1590,1648 610 1755 684
C:\Users\depthlev\Desktop\droneImages\dataset\depth_20\clear_sky\10AM\HighresScreenshot00467_depth_20_clear_sky_10AM.png,C:\Users\depthlev\Desktop\droneImages\dataset\depth_20\clear_sky\10AM\HighresScreenshot00467_depth_20_clear_sky_10AM.txt,20.0|clear_sky|10AM,20.0,clear_sky,10AM,2744,1590,1576 870 1682 950
C:\Users\depthlev\Desktop\droneImages\dataset\depth_20\clear_sky\10AM\HighresScreenshot00468_depth_20_clear_sky_10AM.png,C:\Users\depthlev\Desktop\droneImages\dataset\depth_20\clear_sky\10AM\HighresScreenshot00468_depth_20_clear_sky_10AM.txt,20.0|clear_sky|10AM,20.0,clear_sky,10AM,2744,1590,1440 1257 1541 1371
C:\Users\depthlev\Desktop\droneImages\dataset\depth_20\clear_sky\10AM\HighresScreenshot00469_depth_20_clear_sky_10AM.png,C:\Users\depthlev\Desktop\droneImages\dataset\depth_20\clear_sky\10AM\HighresScreenshot00469_depth_20_clear_sky_10AM.txt,20.0|clear_sky|10AM,20.0,clear_sky,10AM,2744,1590,1277 921 1368 1017
C:\Users\depthlev\Desktop\droneImages\dataset\depth_20\clear_sky\10AM\HighresScreenshot00470_depth_20_clear_sky_10AM.png,C:\Users\depthlev\Desktop\droneImages\dataset\depth_20\clear_sky\10AM\HighresScreenshot00470_depth_20_clear_sky_10AM.txt,20.0|clear_sky|10AM,20.0,clear_sky,10AM,2744,1590,1256 1128 1337 1201
C:\Users\depthlev\Desktop\droneImages\dataset\depth_20\clear_sky\10AM\HighresScreenshot00471_depth_20_clear_sky_10AM.png,C:\Users\depthlev\Desktop\droneImages\dataset\depth_20\clear_sky\10AM\HighresScreenshot00471_depth_20_clear_sky_10AM.txt,20.0|clear_sky|10AM,20.0,clear_sky,10AM,2744,1590,1747 761 1839 826
C:\Users\depthlev\Desktop\droneImages\dataset\depth_20\clear_sky\10AM\HighresScreenshot00472_depth_20_clear_sky_10AM.png,C:\Users\depthlev\Desktop\droneImages\dataset\depth_20\clear_sky\10AM\HighresScreenshot00472_depth_20_clear_sky_10AM.txt,20.0|clear_sky|10AM,20.0,clear_sky,10AM,2744,1590,1653 776 1759 820
C:\Users\depthlev\Desktop\droneImages\dataset\depth_20\clear_sky\10AM\HighresScreenshot00473_depth_20_clear_sky_10AM.png,C:\Users\depthlev\Desktop\droneImages\dataset\depth_20\clear_sky\10AM\HighresScreenshot00473_depth_20_clear_sky_10AM.txt,20.0|clear_sky|10AM,20.0,clear_sky,10AM,2744,1590,1496 410 1603 463
C:\Users\depthlev\Desktop\droneImages\dataset\depth_20\clear_sky\10AM\HighresScreenshot00474_depth_20_clear_sky_10AM.png,C:\Users\depthlev\Desktop\droneImages\dataset\depth_20\clear_sky\10AM\HighresScreenshot00474_depth_20_clear_sky_10AM.txt,20.0|clear_sky|10AM,20.0,clear_sky,10AM,2744,1590,1654 1016 1765 1065
C:\Users\depthlev\Desktop\droneImages\dataset\depth_20\clear_sky\10AM\HighresScreenshot00475_depth_20_clear_sky_10AM.png,C:\Users\depthlev\Desktop\droneImages\dataset\depth_20\clear_sky\10AM\HighresScreenshot00475_depth_20_clear_sky_10AM.txt,20.0|clear_sky|10AM,20.0,clear_sky,10AM,2744,1590,1375 432 1477 520
C:\Users\depthlev\Desktop\droneImages\dataset\depth_20\clear_sky\10AM\HighresScreenshot00476_depth_20_clear_sky_10AM.png,C:\Users\depthlev\Desktop\droneImages\dataset\depth_20\clear_sky\10AM\HighresScreenshot00476_depth_20_clear_sky_10AM.txt,20.0|clear_sky|10AM,20.0,clear_sky,10AM,2744,1590,800 604 908 638
C:\Users\depthlev\Desktop\droneImages\dataset\depth_20\clear_sky\10AM\HighresScreenshot00477_depth_20_clear_sky_10AM.png,C:\Users\depthlev\Desktop\droneImages\dataset\depth_20\clear_sky\10AM\HighresScreenshot00477_depth_20_clear_sky_10AM.txt,20.0|clear_sky|10AM,20.0,clear_sky,10AM,2744,1590,1456 469 1560 568
C:\Users\depthlev\Desktop\droneImages\dataset\depth_20\clear_sky\10AM\HighresScreenshot00478_depth_20_clear_sky_10AM.png,C:\Users\depthlev\Desktop\droneImages\dataset\depth_20\clear_sky\10AM\HighresScreenshot00478_depth_20_clear_sky_10AM.txt,20.0|clear_sky|10AM,20.0,clear_sky,10AM,2744,1590,1946 1054 2071 1121
C:\Users\depthlev\Desktop\droneImages\dataset\depth_20\clear_sky\10AM\HighresScreenshot00479_depth_20_clear_sky_10AM.png,C:\Users\depthlev\Desktop\droneImages\dataset\depth_20\clear_sky\10AM\HighresScreenshot00479_depth_20_clear_sky_10AM.txt,20.0|clear_sky|10AM,20.0,clear_sky,10AM,2744,1590,1492 971 1592 1005
C:\Users\depthlev\Desktop\droneImages\dataset\depth_20\clear_sky\10AM\HighresScreenshot00480_depth_20_clear_sky_10AM.png,C:\Users\depthlev\Desktop\droneImages\dataset\depth_20\clear_sky\10AM\HighresScreenshot00480_depth_20_clear_sky_10AM.txt,20.0|clear_sky|10AM,20.0,clear_sky,10AM,2744,1590,1204 1124 1291 1181
C:\Users\depthlev\Desktop\droneImages\dataset\depth_20\clear_sky\10AM\HighresScreenshot00481_depth_20_clear_sky_10AM.png,C:\Users\depthlev\Desktop\droneImages\dataset\depth_20\clear_sky\10AM\HighresScreenshot00481_depth_20_clear_sky_10AM.txt,20.0|clear_sky|10AM,20.0,clear_sky,10AM,2744,1590,930 798 1024 864
C:\Users\depthlev\Desktop\droneImages\dataset\depth_20\clear_sky\10AM\HighresScreenshot00482_depth_20_clear_sky_10AM.png,C:\Users\depthlev\Desktop\droneImages\dataset\depth_20\clear_sky\10AM\HighresScreenshot00482_depth_20_clear_sky_10AM.txt,20.0|clear_sky|10AM,20.0,clear_sky,10AM,2744,1590,1525 882 1625 917
C:\Users\depthlev\Desktop\droneImages\dataset\depth_20\clear_sky\10AM\HighresScreenshot00483_depth_20_clear_sky_10AM.png,C:\Users\depthlev\Desktop\droneImages\dataset\depth_20\clear_sky\10AM\HighresScreenshot00483_depth_20_clear_sky_10AM.txt,20.0|clear_sky|10AM,20.0,clear_sky,10AM,2744,1590,1057 455 1147 496
C:\Users\depthlev\Desktop\droneImages\dataset\depth_20\clear_sky\10AM\HighresScreenshot00484_depth_20_clear_sky_10AM.png,C:\Users\depthlev\Desktop\droneImages\dataset\depth_20\clear_sky\10AM\HighresScreenshot00484_depth_20_clear_sky_10AM.txt,20.0|clear_sky|10AM,20.0,clear_sky,10AM,2744,1590,1107 1311 1216 1396
C:\Users\depthlev\Desktop\droneImages\dataset\depth_20\clear_sky\10AM\HighresScreenshot00485_depth_20_clear_sky_10AM.png,C:\Users\depthlev\Desktop\droneImages\dataset\depth_20\clear_sky\10AM\HighresScreenshot00485_depth_20_clear_sky_10AM.txt,20.0|clear_sky|10AM,20.0,clear_sky,10AM,2744,1590,1158 800 1250 893
C:\Users\depthlev\Desktop\droneImages\dataset\depth_20\clear_sky\10AM\HighresScreenshot00486_depth_20_clear_sky_10AM.png,C:\Users\depthlev\Desktop\droneImages\dataset\depth_20\clear_sky\10AM\HighresScreenshot00486_depth_20_clear_sky_10AM.txt,20.0|clear_sky|10AM,20.0,clear_sky,10AM,2744,1590,1318 370 1421 466
C:\Users\depthlev\Desktop\droneImages\dataset\depth_20\clear_sky\10AM\HighresScreenshot00487_depth_20_clear_sky_10AM.png,C:\Users\depthlev\Desktop\droneImages\dataset\depth_20\clear_sky\10AM\HighresScreenshot00487_depth_20_clear_sky_10AM.txt,20.0|clear_sky|10AM,20.0,clear_sky,10AM,2744,1590,1315 852 1399 917
C:\Users\depthlev\Desktop\droneImages\dataset\depth_20\clear_sky\10AM\HighresScreenshot00488_depth_20_clear_sky_10AM.png,C:\Users\depthlev\Desktop\droneImages\dataset\depth_20\clear_sky\10AM\HighresScreenshot00488_depth_20_clear_sky_10AM.txt,20.0|clear_sky|10AM,20.0,clear_sky,10AM,2744,1590,1859 804 1956 843
C:\Users\depthlev\Desktop\droneImages\dataset\depth_20\clear_sky\10AM\HighresScreenshot00489_depth_20_clear_sky_10AM.png,C:\Users\depthlev\Desktop\droneImages\dataset\depth_20\clear_sky\10AM\HighresScreenshot00489_depth_20_clear_sky_10AM.txt,20.0|clear_sky|10AM,20.0,clear_sky,10AM,2744,1590,1502 1290 1577 1385
C:\Users\depthlev\Desktop\droneImages\dataset\depth_20\clear_sky\10AM\HighresScreenshot00490_depth_20_clear_sky_10AM.png,C:\Users\depthlev\Desktop\droneImages\dataset\depth_20\clear_sky\10AM\HighresScreenshot00490_depth_20_clear_sky_10AM.txt,20.0|clear_sky|10AM,20.0,clear_sky,10AM,2744,1590,1275 567 1362 597
C:\Users\depthlev\Desktop\droneImages\dataset\depth_20\clear_sky\10AM\HighresScreenshot00491_depth_20_clear_sky_10AM.png,C:\Users\depthlev\Desktop\droneImages\dataset\depth_20\clear_sky\10AM\HighresScreenshot00491_depth_20_clear_sky_10AM.txt,20.0|clear_sky|10AM,20.0,clear_sky,10AM,2744,1590,1436 1255 1540 1322
C:\Users\depthlev\Desktop\droneImages\dataset\depth_20\clear_sky\10AM\HighresScreenshot00492_depth_20_clear_sky_10AM.png,C:\Users\depthlev\Desktop\droneImages\dataset\depth_20\clear_sky\10AM\HighresScreenshot00492_depth_20_clear_sky_10AM.txt,20.0|clear_sky|10AM,20.0,clear_sky,10AM,2744,1590,1220 937 1316 1028
C:\Users\depthlev\Desktop\droneImages\dataset\depth_20\clear_sky\10AM\HighresScreenshot00493_depth_20_clear_sky_10AM.png,C:\Users\depthlev\Desktop\droneImages\dataset\depth_20\clear_sky\10AM\HighresScreenshot00493_depth_20_clear_sky_10AM.txt,20.0|clear_sky|10AM,20.0,clear_sky,10AM,2744,1590,1769 585 1878 633
C:\Users\depthlev\Desktop\droneImages\dataset\depth_20\clear_sky\10AM\HighresScreenshot00494_depth_20_clear_sky_10AM.png,C:\Users\depthlev\Desktop\droneImages\dataset\depth_20\clear_sky\10AM\HighresScreenshot00494_depth_20_clear_sky_10AM.txt,20.0|clear_sky|10AM,20.0,clear_sky,10AM,2744,1590,1266 595 1358 625
C:\Users\depthlev\Desktop\droneImages\dataset\depth_20\clear_sky\10AM\HighresScreenshot00495_depth_20_clear_sky_10AM.png,C:\Users\depthlev\Desktop\droneImages\dataset\depth_20\clear_sky\10AM\HighresScreenshot00495_depth_20_clear_sky_10AM.txt,20.0|clear_sky|10AM,20.0,clear_sky,10AM,2744,1590,1567 1245 1654 1307
C:\Users\depthlev\Desktop\droneImages\dataset\depth_20\clear_sky\10AM\HighresScreenshot00496_depth_20_clear_sky_10AM.png,C:\Users\depthlev\Desktop\droneImages\dataset\depth_20\clear_sky\10AM\HighresScreenshot00496_depth_20_clear_sky_10AM.txt,20.0|clear_sky|10AM,20.0,clear_sky,10AM,2744,1590,1580 1237 1692 1272
C:\Users\depthlev\Desktop\droneImages\dataset\depth_20\clear_sky\10AM\HighresScreenshot00497_depth_20_clear_sky_10AM.png,C:\Users\depthlev\Desktop\droneImages\dataset\depth_20\clear_sky\10AM\HighresScreenshot00497_depth_20_clear_sky_10AM.txt,20.0|clear_sky|10AM,20.0,clear_sky,10AM,2744,1590,1621 777 1717 854
C:\Users\depthlev\Desktop\droneImages\dataset\depth_20\clear_sky\10AM\HighresScreenshot00498_depth_20_clear_sky_10AM.png,C:\Users\depthlev\Desktop\droneImages\dataset\depth_20\clear_sky\10AM\HighresScreenshot00498_depth_20_clear_sky_10AM.txt,20.0|clear_sky|10AM,20.0,clear_sky,10AM,2744,1590,1003 531 1096 617
C:\Users\depthlev\Desktop\droneImages\dataset\depth_20\clear_sky\10AM\HighresScreenshot00499_depth_20_clear_sky_10AM.png,C:\Users\depthlev\Desktop\droneImages\dataset\depth_20\clear_sky\10AM\HighresScreenshot00499_depth_20_clear_sky_10AM.txt,20.0|clear_sky|10AM,20.0,clear_sky,10AM,2744,1590,1784 934 1898 1007
C:\Users\depthlev\Desktop\droneImages\dataset\depth_20\clear_sky\10AM\HighresScreenshot00500_depth_20_clear_sky_10AM.png,C:\Users\depthlev\Desktop\droneImages\dataset\depth_20\clear_sky\10AM\HighresScreenshot00500_depth_20_clear_sky_10AM.txt,20.0|clear_sky|10AM,20.0,clear_sky,10AM,2744,1590,1255 846 1337 871
C:\Users\depthlev\Desktop\droneImages\dataset\depth_20\clear_sky\10AM\HighresScreenshot00501_depth_20_clear_sky_10AM.png,C:\Users\depthlev\Desktop\droneImages\dataset\depth_20\clear_sky\10AM\HighresScreenshot00501_depth_20_clear_sky_10AM.txt,20.0|clear_sky|10AM,20.0,clear_sky,10AM,2744,1590,775 1261 864 1355
C:\Users\depthlev\Desktop\droneImages\dataset\depth_20\clear_sky\10AM\HighresScreenshot00502_depth_20_clear_sky_10AM.png,C:\Users\depthlev\Desktop\droneImages\dataset\depth_20\clear_sky\10AM\HighresScreenshot00502_depth_20_clear_sky_10AM.txt,20.0|clear_sky|10AM,20.0,clear_sky,10AM,2744,1590,995 950 1081 1021
C:\Users\depthlev\Desktop\droneImages\dataset\depth_20\clear_sky\10AM\HighresScreenshot00503_depth_20_clear_sky_10AM.png,C:\Users\depthlev\Desktop\droneImages\dataset\depth_20\clear_sky\10AM\HighresScreenshot00503_depth_20_clear_sky_10AM.txt,20.0|clear_sky|10AM,20.0,clear_sky,10AM,2744,1590,1218 918 1300 973
C:\Users\depthlev\Desktop\droneImages\dataset\depth_20\clear_sky\10AM\HighresScreenshot00504_depth_20_clear_sky_10AM.png,C:\Users\depthlev\Desktop\droneImages\dataset\depth_20\clear_sky\10AM\HighresScreenshot00504_depth_20_clear_sky_10AM.txt,20.0|clear_sky|10AM,20.0,clear_sky,10AM,2744,1590,2028 1083 2144 1147
C:\Users\depthlev\Desktop\droneImages\dataset\depth_20\clear_sky\10AM\HighresScreenshot00505_depth_20_clear_sky_10AM.png,C:\Users\depthlev\Desktop\droneImages\dataset\depth_20\clear_sky\10AM\HighresScreenshot00505_depth_20_clear_sky_10AM.txt,20.0|clear_sky|10AM,20.0,clear_sky,10AM,2744,1590,944 1157 1056 1239
C:\Users\depthlev\Desktop\droneImages\dataset\depth_20\clear_sky\10AM\HighresScreenshot00506_depth_20_clear_sky_10AM.png,C:\Users\depthlev\Desktop\droneImages\dataset\depth_20\clear_sky\10AM\HighresScreenshot00506_depth_20_clear_sky_10AM.txt,20.0|clear_sky|10AM,20.0,clear_sky,10AM,2744,1590,1359 608 1447 686
C:\Users\depthlev\Desktop\droneImages\dataset\depth_20\clear_sky\10AM\HighresScreenshot00507_depth_20_clear_sky_10AM.png,C:\Users\depthlev\Desktop\droneImages\dataset\depth_20\clear_sky\10AM\HighresScreenshot00507_depth_20_clear_sky_10AM.txt,20.0|clear_sky|10AM,20.0,clear_sky,10AM,2744,1590,1695 1040 1800 1123
C:\Users\depthlev\Desktop\droneImages\dataset\depth_20\clear_sky\10AM\HighresScreenshot00508_depth_20_clear_sky_10AM.png,C:\Users\depthlev\Desktop\droneImages\dataset\depth_20\clear_sky\10AM\HighresScreenshot00508_depth_20_clear_sky_10AM.txt,20.0|clear_sky|10AM,20.0,clear_sky,10AM,2744,1590,1969 1072 2082 1102
C:\Users\depthlev\Desktop\droneImages\dataset\depth_20\clear_sky\10AM\HighresScreenshot00509_depth_20_clear_sky_10AM.png,C:\Users\depthlev\Desktop\droneImages\dataset\depth_20\clear_sky\10AM\HighresScreenshot00509_depth_20_clear_sky_10AM.txt,20.0|clear_sky|10AM,20.0,clear_sky,10AM,2744,1590,1799 848 1908 884
C:\Users\depthlev\Desktop\droneImages\dataset\depth_20\clear_sky\10AM\HighresScreenshot00510_depth_20_clear_sky_10AM.png,C:\Users\depthlev\Desktop\droneImages\dataset\depth_20\clear_sky\10AM\HighresScreenshot00510_depth_20_clear_sky_10AM.txt,20.0|clear_sky|10AM,20.0,clear_sky,10AM,2744,1590,1247 836 1340 906
C:\Users\depthlev\Desktop\droneImages\dataset\depth_20\clear_sky\10AM\HighresScreenshot00511_depth_20_clear_sky_10AM.png,C:\Users\depthlev\Desktop\droneImages\dataset\depth_20\clear_sky\10AM\HighresScreenshot00511_depth_20_clear_sky_10AM.txt,20.0|clear_sky|10AM,20.0,clear_sky,10AM,2744,1590,577 1179 690 1243
C:\Users\depthlev\Desktop\droneImages\dataset\depth_20\clear_sky\10AM\HighresScreenshot00512_depth_20_clear_sky_10AM.png,C:\Users\depthlev\Desktop\droneImages\dataset\depth_20\clear_sky\10AM\HighresScreenshot00512_depth_20_clear_sky_10AM.txt,20.0|clear_sky|10AM,20.0,clear_sky,10AM,2744,1590,1807 1131 1916 1193
C:\Users\depthlev\Desktop\droneImages\dataset\depth_20\clear_sky\10AM\HighresScreenshot00513_depth_20_clear_sky_10AM.png,C:\Users\depthlev\Desktop\droneImages\dataset\depth_20\clear_sky\10AM\HighresScreenshot00513_depth_20_clear_sky_10AM.txt,20.0|clear_sky|10AM,20.0,clear_sky,10AM,2744,1590,1444 381 1546 463
C:\Users\depthlev\Desktop\droneImages\dataset\depth_20\clear_sky\10AM\HighresScreenshot00514_depth_20_clear_sky_10AM.png,C:\Users\depthlev\Desktop\droneImages\dataset\depth_20\clear_sky\10AM\HighresScreenshot00514_depth_20_clear_sky_10AM.txt,20.0|clear_sky|10AM,20.0,clear_sky,10AM,2744,1590,1381 1130 1487 1168
C:\Users\depthlev\Desktop\droneImages\dataset\depth_20\clear_sky\10AM\HighresScreenshot00515_depth_20_clear_sky_10AM.png,C:\Users\depthlev\Desktop\droneImages\dataset\depth_20\clear_sky\10AM\HighresScreenshot00515_depth_20_clear_sky_10AM.txt,20.0|clear_sky|10AM,20.0,clear_sky,10AM,2744,1590,718 1056 828 1103
C:\Users\depthlev\Desktop\droneImages\dataset\depth_20\clear_sky\10AM\HighresScreenshot00516_depth_20_clear_sky_10AM.png,C:\Users\depthlev\Desktop\droneImages\dataset\depth_20\clear_sky\10AM\HighresScreenshot00516_depth_20_clear_sky_10AM.txt,20.0|clear_sky|10AM,20.0,clear_sky,10AM,2744,1590,1261 694 1360 783
C:\Users\depthlev\Desktop\droneImages\dataset\depth_20\clear_sky\10AM\HighresScreenshot00517_depth_20_clear_sky_10AM.png,C:\Users\depthlev\Desktop\droneImages\dataset\depth_20\clear_sky\10AM\HighresScreenshot00517_depth_20_clear_sky_10AM.txt,20.0|clear_sky|10AM,20.0,clear_sky,10AM,2744,1590,979 1019 1066 1095
C:\Users\depthlev\Desktop\droneImages\dataset\depth_20\clear_sky\10AM\HighresScreenshot00518_depth_20_clear_sky_10AM.png,C:\Users\depthlev\Desktop\droneImages\dataset\depth_20\clear_sky\10AM\HighresScreenshot00518_depth_20_clear_sky_10AM.txt,20.0|clear_sky|10AM,20.0,clear_sky,10AM,2744,1590,627 649 756 689
C:\Users\depthlev\Desktop\droneImages\dataset\depth_20\clear_sky\10AM\HighresScreenshot00519_depth_20_clear_sky_10AM.png,C:\Users\depthlev\Desktop\droneImages\dataset\depth_20\clear_sky\10AM\HighresScreenshot00519_depth_20_clear_sky_10AM.txt,20.0|clear_sky|10AM,20.0,clear_sky,10AM,2744,1590,1296 950 1370 1022
C:\Users\depthlev\Desktop\droneImages\dataset\depth_20\clear_sky\10AM\HighresScreenshot00520_depth_20_clear_sky_10AM.png,C:\Users\depthlev\Desktop\droneImages\dataset\depth_20\clear_sky\10AM\HighresScreenshot00520_depth_20_clear_sky_10AM.txt,20.0|clear_sky|10AM,20.0,clear_sky,10AM,2744,1590,1217 597 1320 683
C:\Users\depthlev\Desktop\droneImages\dataset\depth_20\clear_sky\10AM\HighresScreenshot00521_depth_20_clear_sky_10AM.png,C:\Users\depthlev\Desktop\droneImages\dataset\depth_20\clear_sky\10AM\HighresScreenshot00521_depth_20_clear_sky_10AM.txt,20.0|clear_sky|10AM,20.0,clear_sky,10AM,2744,1590,1156 989 1255 1093
C:\Users\depthlev\Desktop\droneImages\dataset\depth_20\clear_sky\10AM\HighresScreenshot00522_depth_20_clear_sky_10AM.png,C:\Users\depthlev\Desktop\droneImages\dataset\depth_20\clear_sky\10AM\HighresScreenshot00522_depth_20_clear_sky_10AM.txt,20.0|clear_sky|10AM,20.0,clear_sky,10AM,2744,1590,1440 717 1535 799
C:\Users\depthlev\Desktop\droneImages\dataset\depth_20\clear_sky\10AM\HighresScreenshot00523_depth_20_clear_sky_10AM.png,C:\Users\depthlev\Desktop\droneImages\dataset\depth_20\clear_sky\10AM\HighresScreenshot00523_depth_20_clear_sky_10AM.txt,20.0|clear_sky|10AM,20.0,clear_sky,10AM,2744,1590,1291 655 1394 697
C:\Users\depthlev\Desktop\droneImages\dataset\depth_20\clear_sky\10AM\HighresScreenshot00524_depth_20_clear_sky_10AM.png,C:\Users\depthlev\Desktop\droneImages\dataset\depth_20\clear_sky\10AM\HighresScreenshot00524_depth_20_clear_sky_10AM.txt,20.0|clear_sky|10AM,20.0,clear_sky,10AM,2744,1590,1744 1122 1843 1180
C:\Users\depthlev\Desktop\droneImages\dataset\depth_20\clear_sky\10AM\HighresScreenshot00525_depth_20_clear_sky_10AM.png,C:\Users\depthlev\Desktop\droneImages\dataset\depth_20\clear_sky\10AM\HighresScreenshot00525_depth_20_clear_sky_10AM.txt,20.0|clear_sky|10AM,20.0,clear_sky,10AM,2744,1590,1636 942 1716 1002
C:\Users\depthlev\Desktop\droneImages\dataset\depth_20\clear_sky\10AM\HighresScreenshot00526_depth_20_clear_sky_10AM.png,C:\Users\depthlev\Desktop\droneImages\dataset\depth_20\clear_sky\10AM\HighresScreenshot00526_depth_20_clear_sky_10AM.txt,20.0|clear_sky|10AM,20.0,clear_sky,10AM,2744,1590,1198 1235 1303 1339
C:\Users\depthlev\Desktop\droneImages\dataset\depth_20\clear_sky\10AM\HighresScreenshot00527_depth_20_clear_sky_10AM.png,C:\Users\depthlev\Desktop\droneImages\dataset\depth_20\clear_sky\10AM\HighresScreenshot00527_depth_20_clear_sky_10AM.txt,20.0|clear_sky|10AM,20.0,clear_sky,10AM,2744,1590,874 469 990 524
C:\Users\depthlev\Desktop\droneImages\dataset\depth_20\clear_sky\10AM\HighresScreenshot00528_depth_20_clear_sky_10AM.png,C:\Users\depthlev\Desktop\droneImages\dataset\depth_20\clear_sky\10AM\HighresScreenshot00528_depth_20_clear_sky_10AM.txt,20.0|clear_sky|10AM,20.0,clear_sky,10AM,2744,1590,1026 392 1112 435
C:\Users\depthlev\Desktop\droneImages\dataset\depth_20\clear_sky\10AM\HighresScreenshot00529_depth_20_clear_sky_10AM.png,C:\Users\depthlev\Desktop\droneImages\dataset\depth_20\clear_sky\10AM\HighresScreenshot00529_depth_20_clear_sky_10AM.txt,20.0|clear_sky|10AM,20.0,clear_sky,10AM,2744,1590,1319 1040 1393 1102
C:\Users\depthlev\Desktop\droneImages\dataset\depth_20\clear_sky\10AM\HighresScreenshot00530_depth_20_clear_sky_10AM.png,C:\Users\depthlev\Desktop\droneImages\dataset\depth_20\clear_sky\10AM\HighresScreenshot00530_depth_20_clear_sky_10AM.txt,20.0|clear_sky|10AM,20.0,clear_sky,10AM,2744,1590,1537 1077 1641 1175
C:\Users\depthlev\Desktop\droneImages\dataset\depth_20\clear_sky\10AM\HighresScreenshot00531_depth_20_clear_sky_10AM.png,C:\Users\depthlev\Desktop\droneImages\dataset\depth_20\clear_sky\10AM\HighresScreenshot00531_depth_20_clear_sky_10AM.txt,20.0|clear_sky|10AM,20.0,clear_sky,10AM,2744,1590,1184 450 1271 514
C:\Users\depthlev\Desktop\droneImages\dataset\depth_20\clear_sky\10AM\HighresScreenshot00532_depth_20_clear_sky_10AM.png,C:\Users\depthlev\Desktop\droneImages\dataset\depth_20\clear_sky\10AM\HighresScreenshot00532_depth_20_clear_sky_10AM.txt,20.0|clear_sky|10AM,20.0,clear_sky,10AM,2744,1590,1917 1248 2030 1329
C:\Users\depthlev\Desktop\droneImages\dataset\depth_20\clear_sky\10AM\HighresScreenshot00533_depth_20_clear_sky_10AM.png,C:\Users\depthlev\Desktop\droneImages\dataset\depth_20\clear_sky\10AM\HighresScreenshot00533_depth_20_clear_sky_10AM.txt,20.0|clear_sky|10AM,20.0,clear_sky,10AM,2744,1590,1045 899 1150 991
C:\Users\depthlev\Desktop\droneImages\dataset\depth_20\clear_sky\10AM\HighresScreenshot00534_depth_20_clear_sky_10AM.png,C:\Users\depthlev\Desktop\droneImages\dataset\depth_20\clear_sky\10AM\HighresScreenshot00534_depth_20_clear_sky_10AM.txt,20.0|clear_sky|10AM,20.0,clear_sky,10AM,2744,1590,890 1050 1004 1104
C:\Users\depthlev\Desktop\droneImages\dataset\depth_20\clear_sky\10AM\HighresScreenshot00535_depth_20_clear_sky_10AM.png,C:\Users\depthlev\Desktop\droneImages\dataset\depth_20\clear_sky\10AM\HighresScreenshot00535_depth_20_clear_sky_10AM.txt,20.0|clear_sky|10AM,20.0,clear_sky,10AM,2744,1590,796 591 898 632
C:\Users\depthlev\Desktop\droneImages\dataset\depth_20\clear_sky\10AM\HighresScreenshot00536_depth_20_clear_sky_10AM.png,C:\Users\depthlev\Desktop\droneImages\dataset\depth_20\clear_sky\10AM\HighresScreenshot00536_depth_20_clear_sky_10AM.txt,20.0|clear_sky|10AM,20.0,clear_sky,10AM,2744,1590,1800 1368 1924 1475
C:\Users\depthlev\Desktop\droneImages\dataset\depth_20\clear_sky\10AM\HighresScreenshot00537_depth_20_clear_sky_10AM.png,C:\Users\depthlev\Desktop\droneImages\dataset\depth_20\clear_sky\10AM\HighresScreenshot00537_depth_20_clear_sky_10AM.txt,20.0|clear_sky|10AM,20.0,clear_sky,10AM,2744,1590,1770 721 1853 771
C:\Users\depthlev\Desktop\droneImages\dataset\depth_20\clear_sky\10AM\HighresScreenshot00538_depth_20_clear_sky_10AM.png,C:\Users\depthlev\Desktop\droneImages\dataset\depth_20\clear_sky\10AM\HighresScreenshot00538_depth_20_clear_sky_10AM.txt,20.0|clear_sky|10AM,20.0,clear_sky,10AM,2744,1590,1436 747 1504 810
C:\Users\depthlev\Desktop\droneImages\dataset\depth_20\clear_sky\10AM\HighresScreenshot00539_depth_20_clear_sky_10AM.png,C:\Users\depthlev\Desktop\droneImages\dataset\depth_20\clear_sky\10AM\HighresScreenshot00539_depth_20_clear_sky_10AM.txt,20.0|clear_sky|10AM,20.0,clear_sky,10AM,2744,1590,1535 353 1628 383
C:\Users\depthlev\Desktop\droneImages\dataset\depth_20\clear_sky\10AM\HighresScreenshot00540_depth_20_clear_sky_10AM.png,C:\Users\depthlev\Desktop\droneImages\dataset\depth_20\clear_sky\10AM\HighresScreenshot00540_depth_20_clear_sky_10AM.txt,20.0|clear_sky|10AM,20.0,clear_sky,10AM,2744,1590,1244 767 1319 853
C:\Users\depthlev\Desktop\droneImages\dataset\depth_20\clear_sky\10AM\HighresScreenshot00541_depth_20_clear_sky_10AM.png,C:\Users\depthlev\Desktop\droneImages\dataset\depth_20\clear_sky\10AM\HighresScreenshot00541_depth_20_clear_sky_10AM.txt,20.0|clear_sky|10AM,20.0,clear_sky,10AM,2744,1590,1519 764 1601 836
C:\Users\depthlev\Desktop\droneImages\dataset\depth_20\clear_sky\10AM\HighresScreenshot00542_depth_20_clear_sky_10AM.png,C:\Users\depthlev\Desktop\droneImages\dataset\depth_20\clear_sky\10AM\HighresScreenshot00542_depth_20_clear_sky_10AM.txt,20.0|clear_sky|10AM,20.0,clear_sky,10AM,2744,1590,1149 927 1232 1017
C:\Users\depthlev\Desktop\droneImages\dataset\depth_20\clear_sky\10AM\HighresScreenshot00543_depth_20_clear_sky_10AM.png,C:\Users\depthlev\Desktop\droneImages\dataset\depth_20\clear_sky\10AM\HighresScreenshot00543_depth_20_clear_sky_10AM.txt,20.0|clear_sky|10AM,20.0,clear_sky,10AM,2744,1590,1420 366 1514 432
C:\Users\depthlev\Desktop\droneImages\dataset\depth_20\clear_sky\10AM\HighresScreenshot00544_depth_20_clear_sky_10AM.png,C:\Users\depthlev\Desktop\droneImages\dataset\depth_20\clear_sky\10AM\HighresScreenshot00544_depth_20_clear_sky_10AM.txt,20.0|clear_sky|10AM,20.0,clear_sky,10AM,2744,1590,1029 612 1121 670
C:\Users\depthlev\Desktop\droneImages\dataset\depth_20\clear_sky\10AM\HighresScreenshot00545_depth_20_clear_sky_10AM.png,C:\Users\depthlev\Desktop\droneImages\dataset\depth_20\clear_sky\10AM\HighresScreenshot00545_depth_20_clear_sky_10AM.txt,20.0|clear_sky|10AM,20.0,clear_sky,10AM,2744,1590,782 522 893 547
C:\Users\depthlev\Desktop\droneImages\dataset\depth_20\clear_sky\10AM\HighresScreenshot00546_depth_20_clear_sky_10AM.png,C:\Users\depthlev\Desktop\droneImages\dataset\depth_20\clear_sky\10AM\HighresScreenshot00546_depth_20_clear_sky_10AM.txt,20.0|clear_sky|10AM,20.0,clear_sky,10AM,2744,1590,1393 997 1496 1087
C:\Users\depthlev\Desktop\droneImages\dataset\depth_20\clear_sky\10AM\HighresScreenshot00547_depth_20_clear_sky_10AM.png,C:\Users\depthlev\Desktop\droneImages\dataset\depth_20\clear_sky\10AM\HighresScreenshot00547_depth_20_clear_sky_10AM.txt,20.0|clear_sky|10AM,20.0,clear_sky,10AM,2744,1590,1738 1057 1817 1129
C:\Users\depthlev\Desktop\droneImages\dataset\depth_20\clear_sky\10AM\HighresScreenshot00548_depth_20_clear_sky_10AM.png,C:\Users\depthlev\Desktop\droneImages\dataset\depth_20\clear_sky\10AM\HighresScreenshot00548_depth_20_clear_sky_10AM.txt,20.0|clear_sky|10AM,20.0,clear_sky,10AM,2744,1590,1708 622 1816 665
C:\Users\depthlev\Desktop\droneImages\dataset\depth_20\clear_sky\10AM\HighresScreenshot00549_depth_20_clear_sky_10AM.png,C:\Users\depthlev\Desktop\droneImages\dataset\depth_20\clear_sky\10AM\HighresScreenshot00549_depth_20_clear_sky_10AM.txt,20.0|clear_sky|10AM,20.0,clear_sky,10AM,2744,1590,968 389 1077 490
C:\Users\depthlev\Desktop\droneImages\dataset\depth_20\clear_sky\10AM\HighresScreenshot00550_depth_20_clear_sky_10AM.png,C:\Users\depthlev\Desktop\droneImages\dataset\depth_20\clear_sky\10AM\HighresScreenshot00550_depth_20_clear_sky_10AM.txt,20.0|clear_sky|10AM,20.0,clear_sky,10AM,2744,1590,683 1330 810 1422
C:\Users\depthlev\Desktop\droneImages\dataset\depth_20\clear_sky\10AM\HighresScreenshot00551_depth_20_clear_sky_10AM.png,C:\Users\depthlev\Desktop\droneImages\dataset\depth_20\clear_sky\10AM\HighresScreenshot00551_depth_20_clear_sky_10AM.txt,20.0|clear_sky|10AM,20.0,clear_sky,10AM,2744,1590,1087 886 1190 964
C:\Users\depthlev\Desktop\droneImages\dataset\depth_20\clear_sky\10AM\HighresScreenshot00552_depth_20_clear_sky_10AM.png,C:\Users\depthlev\Desktop\droneImages\dataset\depth_20\clear_sky\10AM\HighresScreenshot00552_depth_20_clear_sky_10AM.txt,20.0|clear_sky|10AM,20.0,clear_sky,10AM,2744,1590,1906 1397 2037 1482
C:\Users\depthlev\Desktop\droneImages\dataset\depth_20\clear_sky\10AM\HighresScreenshot00553_depth_20_clear_sky_10AM.png,C:\Users\depthlev\Desktop\droneImages\dataset\depth_20\clear_sky\10AM\HighresScreenshot00553_depth_20_clear_sky_10AM.txt,20.0|clear_sky|10AM,20.0,clear_sky,10AM,2744,1590,1346 909 1434 989
C:\Users\depthlev\Desktop\droneImages\dataset\depth_20\clear_sky\10AM\HighresScreenshot00554_depth_20_clear_sky_10AM.png,C:\Users\depthlev\Desktop\droneImages\dataset\depth_20\clear_sky\10AM\HighresScreenshot00554_depth_20_clear_sky_10AM.txt,20.0|clear_sky|10AM,20.0,clear_sky,10AM,2744,1590,1239 1043 1333 1086
C:\Users\depthlev\Desktop\droneImages\dataset\depth_20\clear_sky\10AM\HighresScreenshot00555_depth_20_clear_sky_10AM.png,C:\Users\depthlev\Desktop\droneImages\dataset\depth_20\clear_sky\10AM\HighresScreenshot00555_depth_20_clear_sky_10AM.txt,20.0|clear_sky|10AM,20.0,clear_sky,10AM,2744,1590,1565 523 1664 610
C:\Users\depthlev\Desktop\droneImages\dataset\depth_20\clear_sky\10AM\HighresScreenshot00556_depth_20_clear_sky_10AM.png,C:\Users\depthlev\Desktop\droneImages\dataset\depth_20\clear_sky\10AM\HighresScreenshot00556_depth_20_clear_sky_10AM.txt,20.0|clear_sky|10AM,20.0,clear_sky,10AM,2744,1590,1607 682 1702 759
C:\Users\depthlev\Desktop\droneImages\dataset\depth_20\clear_sky\10AM\HighresScreenshot00557_depth_20_clear_sky_10AM.png,C:\Users\depthlev\Desktop\droneImages\dataset\depth_20\clear_sky\10AM\HighresScreenshot00557_depth_20_clear_sky_10AM.txt,20.0|clear_sky|10AM,20.0,clear_sky,10AM,2744,1590,1761 688 1861 759
C:\Users\depthlev\Desktop\droneImages\dataset\depth_20\clear_sky\10AM\HighresScreenshot00558_depth_20_clear_sky_10AM.png,C:\Users\depthlev\Desktop\droneImages\dataset\depth_20\clear_sky\10AM\HighresScreenshot00558_depth_20_clear_sky_10AM.txt,20.0|clear_sky|10AM,20.0,clear_sky,10AM,2744,1590,801 863 904 914
C:\Users\depthlev\Desktop\droneImages\dataset\depth_20\clear_sky\10AM\HighresScreenshot00559_depth_20_clear_sky_10AM.png,C:\Users\depthlev\Desktop\droneImages\dataset\depth_20\clear_sky\10AM\HighresScreenshot00559_depth_20_clear_sky_10AM.txt,20.0|clear_sky|10AM,20.0,clear_sky,10AM,2744,1590,1966 561 2084 633
C:\Users\depthlev\Desktop\droneImages\dataset\depth_20\clear_sky\10AM\HighresScreenshot00560_depth_20_clear_sky_10AM.png,C:\Users\depthlev\Desktop\droneImages\dataset\depth_20\clear_sky\10AM\HighresScreenshot00560_depth_20_clear_sky_10AM.txt,20.0|clear_sky|10AM,20.0,clear_sky,10AM,2744,1590,1005 618 1093 687
C:\Users\depthlev\Desktop\droneImages\dataset\depth_20\clear_sky\10AM\HighresScreenshot00561_depth_20_clear_sky_10AM.png,C:\Users\depthlev\Desktop\droneImages\dataset\depth_20\clear_sky\10AM\HighresScreenshot00561_depth_20_clear_sky_10AM.txt,20.0|clear_sky|10AM,20.0,clear_sky,10AM,2744,1590,1462 1206 1556 1298
C:\Users\depthlev\Desktop\droneImages\dataset\depth_20\clear_sky\10AM\HighresScreenshot00562_depth_20_clear_sky_10AM.png,C:\Users\depthlev\Desktop\droneImages\dataset\depth_20\clear_sky\10AM\HighresScreenshot00562_depth_20_clear_sky_10AM.txt,20.0|clear_sky|10AM,20.0,clear_sky,10AM,2744,1590,1184 805 1282 900
C:\Users\depthlev\Desktop\droneImages\dataset\depth_20\clear_sky\10AM\HighresScreenshot00563_depth_20_clear_sky_10AM.png,C:\Users\depthlev\Desktop\droneImages\dataset\depth_20\clear_sky\10AM\HighresScreenshot00563_depth_20_clear_sky_10AM.txt,20.0|clear_sky|10AM,20.0,clear_sky,10AM,2744,1590,512 1055 649 1086
C:\Users\depthlev\Desktop\droneImages\dataset\depth_20\clear_sky\10AM\HighresScreenshot00564_depth_20_clear_sky_10AM.png,C:\Users\depthlev\Desktop\droneImages\dataset\depth_20\clear_sky\10AM\HighresScreenshot00564_depth_20_clear_sky_10AM.txt,20.0|clear_sky|10AM,20.0,clear_sky,10AM,2744,1590,1556 336 1646 411
C:\Users\depthlev\Desktop\droneImages\dataset\depth_20\clear_sky\10AM\HighresScreenshot00565_depth_20_clear_sky_10AM.png,C:\Users\depthlev\Desktop\droneImages\dataset\depth_20\clear_sky\10AM\HighresScreenshot00565_depth_20_clear_sky_10AM.txt,20.0|clear_sky|10AM,20.0,clear_sky,10AM,2744,1590,1295 1132 1382 1197
C:\Users\depthlev\Desktop\droneImages\dataset\depth_20\clear_sky\10AM\HighresScreenshot00566_depth_20_clear_sky_10AM.png,C:\Users\depthlev\Desktop\droneImages\dataset\depth_20\clear_sky\10AM\HighresScreenshot00566_depth_20_clear_sky_10AM.txt,20.0|clear_sky|10AM,20.0,clear_sky,10AM,2744,1590,1346 1081 1419 1118
C:\Users\depthlev\Desktop\droneImages\dataset\depth_20\clear_sky\10AM\HighresScreenshot00567_depth_20_clear_sky_10AM.png,C:\Users\depthlev\Desktop\droneImages\dataset\depth_20\clear_sky\10AM\HighresScreenshot00567_depth_20_clear_sky_10AM.txt,20.0|clear_sky|10AM,20.0,clear_sky,10AM,2744,1590,873 592 985 673
C:\Users\depthlev\Desktop\droneImages\dataset\depth_20\clear_sky\10AM\HighresScreenshot00568_depth_20_clear_sky_10AM.png,C:\Users\depthlev\Desktop\droneImages\dataset\depth_20\clear_sky\10AM\HighresScreenshot00568_depth_20_clear_sky_10AM.txt,20.0|clear_sky|10AM,20.0,clear_sky,10AM,2744,1590,1479 1103 1570 1179
C:\Users\depthlev\Desktop\droneImages\dataset\depth_20\clear_sky\10AM\HighresScreenshot00569_depth_20_clear_sky_10AM.png,C:\Users\depthlev\Desktop\droneImages\dataset\depth_20\clear_sky\10AM\HighresScreenshot00569_depth_20_clear_sky_10AM.txt,20.0|clear_sky|10AM,20.0,clear_sky,10AM,2744,1590,1821 539 1925 616
C:\Users\depthlev\Desktop\droneImages\dataset\depth_20\clear_sky\10AM\HighresScreenshot00570_depth_20_clear_sky_10AM.png,C:\Users\depthlev\Desktop\droneImages\dataset\depth_20\clear_sky\10AM\HighresScreenshot00570_depth_20_clear_sky_10AM.txt,20.0|clear_sky|10AM,20.0,clear_sky,10AM,2744,1590,809 1276 916 1327
C:\Users\depthlev\Desktop\droneImages\dataset\depth_20\clear_sky\10AM\HighresScreenshot00571_depth_20_clear_sky_10AM.png,C:\Users\depthlev\Desktop\droneImages\dataset\depth_20\clear_sky\10AM\HighresScreenshot00571_depth_20_clear_sky_10AM.txt,20.0|clear_sky|10AM,20.0,clear_sky,10AM,2744,1590,1088 1171 1185 1228
C:\Users\depthlev\Desktop\droneImages\dataset\depth_20\clear_sky\10AM\HighresScreenshot00572_depth_20_clear_sky_10AM.png,C:\Users\depthlev\Desktop\droneImages\dataset\depth_20\clear_sky\10AM\HighresScreenshot00572_depth_20_clear_sky_10AM.txt,20.0|clear_sky|10AM,20.0,clear_sky,10AM,2744,1590,841 573 956 663
C:\Users\depthlev\Desktop\droneImages\dataset\depth_20\clear_sky\10AM\HighresScreenshot00573_depth_20_clear_sky_10AM.png,C:\Users\depthlev\Desktop\droneImages\dataset\depth_20\clear_sky\10AM\HighresScreenshot00573_depth_20_clear_sky_10AM.txt,20.0|clear_sky|10AM,20.0,clear_sky,10AM,2744,1590,1734 600 1846 691
C:\Users\depthlev\Desktop\droneImages\dataset\depth_20\clear_sky\10AM\HighresScreenshot00574_depth_20_clear_sky_10AM.png,C:\Users\depthlev\Desktop\droneImages\dataset\depth_20\clear_sky\10AM\HighresScreenshot00574_depth_20_clear_sky_10AM.txt,20.0|clear_sky|10AM,20.0,clear_sky,10AM,2744,1590,1850 997 1964 1071
C:\Users\depthlev\Desktop\droneImages\dataset\depth_20\clear_sky\10AM\HighresScreenshot00575_depth_20_clear_sky_10AM.png,C:\Users\depthlev\Desktop\droneImages\dataset\depth_20\clear_sky\10AM\HighresScreenshot00575_depth_20_clear_sky_10AM.txt,20.0|clear_sky|10AM,20.0,clear_sky,10AM,2744,1590,1159 576 1255 634
C:\Users\depthlev\Desktop\droneImages\dataset\depth_20\clear_sky\10AM\HighresScreenshot00576_depth_20_clear_sky_10AM.png,C:\Users\depthlev\Desktop\droneImages\dataset\depth_20\clear_sky\10AM\HighresScreenshot00576_depth_20_clear_sky_10AM.txt,20.0|clear_sky|10AM,20.0,clear_sky,10AM,2744,1590,552 401 681 454
C:\Users\depthlev\Desktop\droneImages\dataset\depth_20\clear_sky\10AM\HighresScreenshot00577_depth_20_clear_sky_10AM.png,C:\Users\depthlev\Desktop\droneImages\dataset\depth_20\clear_sky\10AM\HighresScreenshot00577_depth_20_clear_sky_10AM.txt,20.0|clear_sky|10AM,20.0,clear_sky,10AM,2744,1590,986 804 1074 878
C:\Users\depthlev\Desktop\droneImages\dataset\depth_20\clear_sky\10AM\HighresScreenshot00578_depth_20_clear_sky_10AM.png,C:\Users\depthlev\Desktop\droneImages\dataset\depth_20\clear_sky\10AM\HighresScreenshot00578_depth_20_clear_sky_10AM.txt,20.0|clear_sky|10AM,20.0,clear_sky,10AM,2744,1590,1749 1280 1840 1380
C:\Users\depthlev\Desktop\droneImages\dataset\depth_20\clear_sky\10AM\HighresScreenshot00579_depth_20_clear_sky_10AM.png,C:\Users\depthlev\Desktop\droneImages\dataset\depth_20\clear_sky\10AM\HighresScreenshot00579_depth_20_clear_sky_10AM.txt,20.0|clear_sky|10AM,20.0,clear_sky,10AM,2744,1590,1061 1045 1146 1116
C:\Users\depthlev\Desktop\droneImages\dataset\depth_20\clear_sky\10AM\HighresScreenshot00580_depth_20_clear_sky_10AM.png,C:\Users\depthlev\Desktop\droneImages\dataset\depth_20\clear_sky\10AM\HighresScreenshot00580_depth_20_clear_sky_10AM.txt,20.0|clear_sky|10AM,20.0,clear_sky,10AM,2744,1590,860 435 972 462
C:\Users\depthlev\Desktop\droneImages\dataset\depth_20\clear_sky\10AM\HighresScreenshot00581_depth_20_clear_sky_10AM.png,C:\Users\depthlev\Desktop\droneImages\dataset\depth_20\clear_sky\10AM\HighresScreenshot00581_depth_20_clear_sky_10AM.txt,20.0|clear_sky|10AM,20.0,clear_sky,10AM,2744,1590,1092 492 1196 590
C:\Users\depthlev\Desktop\droneImages\dataset\depth_20\clear_sky\10AM\HighresScreenshot00582_depth_20_clear_sky_10AM.png,C:\Users\depthlev\Desktop\droneImages\dataset\depth_20\clear_sky\10AM\HighresScreenshot00582_depth_20_clear_sky_10AM.txt,20.0|clear_sky|10AM,20.0,clear_sky,10AM,2744,1590,973 1199 1082 1293
C:\Users\depthlev\Desktop\droneImages\dataset\depth_20\clear_sky\10AM\HighresScreenshot00583_depth_20_clear_sky_10AM.png,C:\Users\depthlev\Desktop\droneImages\dataset\depth_20\clear_sky\10AM\HighresScreenshot00583_depth_20_clear_sky_10AM.txt,20.0|clear_sky|10AM,20.0,clear_sky,10AM,2744,1590,847 966 948 1031
C:\Users\depthlev\Desktop\droneImages\dataset\depth_20\clear_sky\10AM\HighresScreenshot00584_depth_20_clear_sky_10AM.png,C:\Users\depthlev\Desktop\droneImages\dataset\depth_20\clear_sky\10AM\HighresScreenshot00584_depth_20_clear_sky_10AM.txt,20.0|clear_sky|10AM,20.0,clear_sky,10AM,2744,1590,917 707 1025 775
C:\Users\depthlev\Desktop\droneImages\dataset\depth_20\clear_sky\10AM\HighresScreenshot00585_depth_20_clear_sky_10AM.png,C:\Users\depthlev\Desktop\droneImages\dataset\depth_20\clear_sky\10AM\HighresScreenshot00585_depth_20_clear_sky_10AM.txt,20.0|clear_sky|10AM,20.0,clear_sky,10AM,2744,1590,2015 815 2133 863
C:\Users\depthlev\Desktop\droneImages\dataset\depth_20\clear_sky\10AM\HighresScreenshot00586_depth_20_clear_sky_10AM.png,C:\Users\depthlev\Desktop\droneImages\dataset\depth_20\clear_sky\10AM\HighresScreenshot00586_depth_20_clear_sky_10AM.txt,20.0|clear_sky|10AM,20.0,clear_sky,10AM,2744,1590,1045 743 1147 830
C:\Users\depthlev\Desktop\droneImages\dataset\depth_20\clear_sky\10AM\HighresScreenshot00587_depth_20_clear_sky_10AM.png,C:\Users\depthlev\Desktop\droneImages\dataset\depth_20\clear_sky\10AM\HighresScreenshot00587_depth_20_clear_sky_10AM.txt,20.0|clear_sky|10AM,20.0,clear_sky,10AM,2744,1590,1689 366 1780 406
C:\Users\depthlev\Desktop\droneImages\dataset\depth_20\clear_sky\10AM\HighresScreenshot00588_depth_20_clear_sky_10AM.png,C:\Users\depthlev\Desktop\droneImages\dataset\depth_20\clear_sky\10AM\HighresScreenshot00588_depth_20_clear_sky_10AM.txt,20.0|clear_sky|10AM,20.0,clear_sky,10AM,2744,1590,851 697 944 727
C:\Users\depthlev\Desktop\droneImages\dataset\depth_20\clear_sky\10AM\HighresScreenshot00589_depth_20_clear_sky_10AM.png,C:\Users\depthlev\Desktop\droneImages\dataset\depth_20\clear_sky\10AM\HighresScreenshot00589_depth_20_clear_sky_10AM.txt,20.0|clear_sky|10AM,20.0,clear_sky,10AM,2744,1590,2053 1297 2179 1371
C:\Users\depthlev\Desktop\droneImages\dataset\depth_20\clear_sky\10AM\HighresScreenshot00590_depth_20_clear_sky_10AM.png,C:\Users\depthlev\Desktop\droneImages\dataset\depth_20\clear_sky\10AM\HighresScreenshot00590_depth_20_clear_sky_10AM.txt,20.0|clear_sky|10AM,20.0,clear_sky,10AM,2744,1590,1143 620 1240 644
C:\Users\depthlev\Desktop\droneImages\dataset\depth_20\clear_sky\10AM\HighresScreenshot00591_depth_20_clear_sky_10AM.png,C:\Users\depthlev\Desktop\droneImages\dataset\depth_20\clear_sky\10AM\HighresScreenshot00591_depth_20_clear_sky_10AM.txt,20.0|clear_sky|10AM,20.0,clear_sky,10AM,2744,1590,990 424 1083 498
C:\Users\depthlev\Desktop\droneImages\dataset\depth_20\clear_sky\10AM\HighresScreenshot00592_depth_20_clear_sky_10AM.png,C:\Users\depthlev\Desktop\droneImages\dataset\depth_20\clear_sky\10AM\HighresScreenshot00592_depth_20_clear_sky_10AM.txt,20.0|clear_sky|10AM,20.0,clear_sky,10AM,2744,1590,1419 370 1518 477
C:\Users\depthlev\Desktop\droneImages\dataset\depth_20\clear_sky\10AM\HighresScreenshot00593_depth_20_clear_sky_10AM.png,C:\Users\depthlev\Desktop\droneImages\dataset\depth_20\clear_sky\10AM\HighresScreenshot00593_depth_20_clear_sky_10AM.txt,20.0|clear_sky|10AM,20.0,clear_sky,10AM,2744,1590,1127 1021 1232 1110
C:\Users\depthlev\Desktop\droneImages\dataset\depth_20\clear_sky\10AM\HighresScreenshot00594_depth_20_clear_sky_10AM.png,C:\Users\depthlev\Desktop\droneImages\dataset\depth_20\clear_sky\10AM\HighresScreenshot00594_depth_20_clear_sky_10AM.txt,20.0|clear_sky|10AM,20.0,clear_sky,10AM,2744,1590,1315 581 1415 663
C:\Users\depthlev\Desktop\droneImages\dataset\depth_20\clear_sky\10AM\HighresScreenshot00595_depth_20_clear_sky_10AM.png,C:\Users\depthlev\Desktop\droneImages\dataset\depth_20\clear_sky\10AM\HighresScreenshot00595_depth_20_clear_sky_10AM.txt,20.0|clear_sky|10AM,20.0,clear_sky,10AM,2744,1590,1323 836 1422 922
C:\Users\depthlev\Desktop\droneImages\dataset\depth_20\clear_sky\10AM\HighresScreenshot00596_depth_20_clear_sky_10AM.png,C:\Users\depthlev\Desktop\droneImages\dataset\depth_20\clear_sky\10AM\HighresScreenshot00596_depth_20_clear_sky_10AM.txt,20.0|clear_sky|10AM,20.0,clear_sky,10AM,2744,1590,970 480 1075 507
C:\Users\depthlev\Desktop\droneImages\dataset\depth_20\clear_sky\10AM\HighresScreenshot00597_depth_20_clear_sky_10AM.png,C:\Users\depthlev\Desktop\droneImages\dataset\depth_20\clear_sky\10AM\HighresScreenshot00597_depth_20_clear_sky_10AM.txt,20.0|clear_sky|10AM,20.0,clear_sky,10AM,2744,1590,1031 699 1136 780
C:\Users\depthlev\Desktop\droneImages\dataset\depth_20\clear_sky\10AM\HighresScreenshot00598_depth_20_clear_sky_10AM.png,C:\Users\depthlev\Desktop\droneImages\dataset\depth_20\clear_sky\10AM\HighresScreenshot00598_depth_20_clear_sky_10AM.txt,20.0|clear_sky|10AM,20.0,clear_sky,10AM,2744,1590,1471 362 1563 391
C:\Users\depthlev\Desktop\droneImages\dataset\depth_20\clear_sky\10AM\HighresScreenshot00599_depth_20_clear_sky_10AM.png,C:\Users\depthlev\Desktop\droneImages\dataset\depth_20\clear_sky\10AM\HighresScreenshot00599_depth_20_clear_sky_10AM.txt,20.0|clear_sky|10AM,20.0,clear_sky,10AM,2744,1590,1331 1014 1411 1083
C:\Users\depthlev\Desktop\droneImages\dataset\depth_20\clear_sky\10AM\HighresScreenshot00600_depth_20_clear_sky_10AM.png,C:\Users\depthlev\Desktop\droneImages\dataset\depth_20\clear_sky\10AM\HighresScreenshot00600_depth_20_clear_sky_10AM.txt,20.0|clear_sky|10AM,20.0,clear_sky,10AM,2744,1590,1911 684 2031 723
C:\Users\depthlev\Desktop\droneImages\dataset\depth_20\clear_sky\10AM\HighresScreenshot00601_depth_20_clear_sky_10AM.png,C:\Users\depthlev\Desktop\droneImages\dataset\depth_20\clear_sky\10AM\HighresScreenshot00601_depth_20_clear_sky_10AM.txt,20.0|clear_sky|10AM,20.0,clear_sky,10AM,2744,1590,1399 897 1489 926
C:\Users\depthlev\Desktop\droneImages\dataset\depth_20\clear_sky\10AM\HighresScreenshot00602_depth_20_clear_sky_10AM.png,C:\Users\depthlev\Desktop\droneImages\dataset\depth_20\clear_sky\10AM\HighresScreenshot00602_depth_20_clear_sky_10AM.txt,20.0|clear_sky|10AM,20.0,clear_sky,10AM,2744,1590,1420 1111 1525 1195
C:\Users\depthlev\Desktop\droneImages\dataset\depth_20\clear_sky\10AM\HighresScreenshot00603_depth_20_clear_sky_10AM.png,C:\Users\depthlev\Desktop\droneImages\dataset\depth_20\clear_sky\10AM\HighresScreenshot00603_depth_20_clear_sky_10AM.txt,20.0|clear_sky|10AM,20.0,clear_sky,10AM,2744,1590,776 1148 891 1208
C:\Users\depthlev\Desktop\droneImages\dataset\depth_20\clear_sky\10AM\HighresScreenshot00604_depth_20_clear_sky_10AM.png,C:\Users\depthlev\Desktop\droneImages\dataset\depth_20\clear_sky\10AM\HighresScreenshot00604_depth_20_clear_sky_10AM.txt,20.0|clear_sky|10AM,20.0,clear_sky,10AM,2744,1590,1603 818 1680 894
C:\Users\depthlev\Desktop\droneImages\dataset\depth_20\clear_sky\10AM\HighresScreenshot00605_depth_20_clear_sky_10AM.png,C:\Users\depthlev\Desktop\droneImages\dataset\depth_20\clear_sky\10AM\HighresScreenshot00605_depth_20_clear_sky_10AM.txt,20.0|clear_sky|10AM,20.0,clear_sky,10AM,2744,1590,1172 870 1271 965
C:\Users\depthlev\Desktop\droneImages\dataset\depth_20\clear_sky\10AM\HighresScreenshot00606_depth_20_clear_sky_10AM.png,C:\Users\depthlev\Desktop\droneImages\dataset\depth_20\clear_sky\10AM\HighresScreenshot00606_depth_20_clear_sky_10AM.txt,20.0|clear_sky|10AM,20.0,clear_sky,10AM,2744,1590,1259 1136 1346 1165
C:\Users\depthlev\Desktop\droneImages\dataset\depth_20\clear_sky\10AM\HighresScreenshot00607_depth_20_clear_sky_10AM.png,C:\Users\depthlev\Desktop\droneImages\dataset\depth_20\clear_sky\10AM\HighresScreenshot00607_depth_20_clear_sky_10AM.txt,20.0|clear_sky|10AM,20.0,clear_sky,10AM,2744,1590,1363 836 1463 936
C:\Users\depthlev\Desktop\droneImages\dataset\depth_20\clear_sky\10AM\HighresScreenshot00608_depth_20_clear_sky_10AM.png,C:\Users\depthlev\Desktop\droneImages\dataset\depth_20\clear_sky\10AM\HighresScreenshot00608_depth_20_clear_sky_10AM.txt,20.0|clear_sky|10AM,20.0,clear_sky,10AM,2744,1590,621 1079 739 1143
C:\Users\depthlev\Desktop\droneImages\dataset\depth_20\clear_sky\10AM\HighresScreenshot00609_depth_20_clear_sky_10AM.png,C:\Users\depthlev\Desktop\droneImages\dataset\depth_20\clear_sky\10AM\HighresScreenshot00609_depth_20_clear_sky_10AM.txt,20.0|clear_sky|10AM,20.0,clear_sky,10AM,2744,1590,1366 1325 1471 1368
C:\Users\depthlev\Desktop\droneImages\dataset\depth_20\clear_sky\10AM\HighresScreenshot00610_depth_20_clear_sky_10AM.png,C:\Users\depthlev\Desktop\droneImages\dataset\depth_20\clear_sky\10AM\HighresScreenshot00610_depth_20_clear_sky_10AM.txt,20.0|clear_sky|10AM,20.0,clear_sky,10AM,2744,1590,1664 442 1776 518
C:\Users\depthlev\Desktop\droneImages\dataset\depth_20\clear_sky\10AM\HighresScreenshot00611_depth_20_clear_sky_10AM.png,C:\Users\depthlev\Desktop\droneImages\dataset\depth_20\clear_sky\10AM\HighresScreenshot00611_depth_20_clear_sky_10AM.txt,20.0|clear_sky|10AM,20.0,clear_sky,10AM,2744,1590,903 682 1004 740
C:\Users\depthlev\Desktop\droneImages\dataset\depth_20\clear_sky\10AM\HighresScreenshot00612_depth_20_clear_sky_10AM.png,C:\Users\depthlev\Desktop\droneImages\dataset\depth_20\clear_sky\10AM\HighresScreenshot00612_depth_20_clear_sky_10AM.txt,20.0|clear_sky|10AM,20.0,clear_sky,10AM,2744,1590,1121 1202 1212 1265
C:\Users\depthlev\Desktop\droneImages\dataset\depth_20\clear_sky\10AM\HighresScreenshot00613_depth_20_clear_sky_10AM.png,C:\Users\depthlev\Desktop\droneImages\dataset\depth_20\clear_sky\10AM\HighresScreenshot00613_depth_20_clear_sky_10AM.txt,20.0|clear_sky|10AM,20.0,clear_sky,10AM,2744,1590,1725 588 1802 617
C:\Users\depthlev\Desktop\droneImages\dataset\depth_20\clear_sky\10AM\HighresScreenshot00614_depth_20_clear_sky_10AM.png,C:\Users\depthlev\Desktop\droneImages\dataset\depth_20\clear_sky\10AM\HighresScreenshot00614_depth_20_clear_sky_10AM.txt,20.0|clear_sky|10AM,20.0,clear_sky,10AM,2744,1590,1897 624 1994 688
C:\Users\depthlev\Desktop\droneImages\dataset\depth_20\clear_sky\10AM\HighresScreenshot00615_depth_20_clear_sky_10AM.png,C:\Users\depthlev\Desktop\droneImages\dataset\depth_20\clear_sky\10AM\HighresScreenshot00615_depth_20_clear_sky_10AM.txt,20.0|clear_sky|10AM,20.0,clear_sky,10AM,2744,1590,972 1186 1079 1297
C:\Users\depthlev\Desktop\droneImages\dataset\depth_20\clear_sky\10AM\HighresScreenshot00616_depth_20_clear_sky_10AM.png,C:\Users\depthlev\Desktop\droneImages\dataset\depth_20\clear_sky\10AM\HighresScreenshot00616_depth_20_clear_sky_10AM.txt,20.0|clear_sky|10AM,20.0,clear_sky,10AM,2744,1590,1914 1100 2022 1157
C:\Users\depthlev\Desktop\droneImages\dataset\depth_20\clear_sky\10AM\HighresScreenshot00617_depth_20_clear_sky_10AM.png,C:\Users\depthlev\Desktop\droneImages\dataset\depth_20\clear_sky\10AM\HighresScreenshot00617_depth_20_clear_sky_10AM.txt,20.0|clear_sky|10AM,20.0,clear_sky,10AM,2744,1590,590 906 721 950
C:\Users\depthlev\Desktop\droneImages\dataset\depth_20\clear_sky\10AM\HighresScreenshot00618_depth_20_clear_sky_10AM.png,C:\Users\depthlev\Desktop\droneImages\dataset\depth_20\clear_sky\10AM\HighresScreenshot00618_depth_20_clear_sky_10AM.txt,20.0|clear_sky|10AM,20.0,clear_sky,10AM,2744,1590,1333 685 1436 726
C:\Users\depthlev\Desktop\droneImages\dataset\depth_20\clear_sky\10AM\HighresScreenshot00619_depth_20_clear_sky_10AM.png,C:\Users\depthlev\Desktop\droneImages\dataset\depth_20\clear_sky\10AM\HighresScreenshot00619_depth_20_clear_sky_10AM.txt,20.0|clear_sky|10AM,20.0,clear_sky,10AM,2744,1590,1976 492 2063 529
C:\Users\depthlev\Desktop\droneImages\dataset\depth_20\clear_sky\10AM\HighresScreenshot00620_depth_20_clear_sky_10AM.png,C:\Users\depthlev\Desktop\droneImages\dataset\depth_20\clear_sky\10AM\HighresScreenshot00620_depth_20_clear_sky_10AM.txt,20.0|clear_sky|10AM,20.0,clear_sky,10AM,2744,1590,866 610 958 661
C:\Users\depthlev\Desktop\droneImages\dataset\depth_20\clear_sky\10AM\HighresScreenshot00621_depth_20_clear_sky_10AM.png,C:\Users\depthlev\Desktop\droneImages\dataset\depth_20\clear_sky\10AM\HighresScreenshot00621_depth_20_clear_sky_10AM.txt,20.0|clear_sky|10AM,20.0,clear_sky,10AM,2744,1590,660 878 768 946
C:\Users\depthlev\Desktop\droneImages\dataset\depth_20\clear_sky\10AM\HighresScreenshot00622_depth_20_clear_sky_10AM.png,C:\Users\depthlev\Desktop\droneImages\dataset\depth_20\clear_sky\10AM\HighresScreenshot00622_depth_20_clear_sky_10AM.txt,20.0|clear_sky|10AM,20.0,clear_sky,10AM,2744,1590,1141 921 1242 1022
C:\Users\depthlev\Desktop\droneImages\dataset\depth_20\clear_sky\10AM\HighresScreenshot00623_depth_20_clear_sky_10AM.png,C:\Users\depthlev\Desktop\droneImages\dataset\depth_20\clear_sky\10AM\HighresScreenshot00623_depth_20_clear_sky_10AM.txt,20.0|clear_sky|10AM,20.0,clear_sky,10AM,2744,1590,1389 913 1488 1005
C:\Users\depthlev\Desktop\droneImages\dataset\depth_20\clear_sky\10AM\HighresScreenshot00624_depth_20_clear_sky_10AM.png,C:\Users\depthlev\Desktop\droneImages\dataset\depth_20\clear_sky\10AM\HighresScreenshot00624_depth_20_clear_sky_10AM.txt,20.0|clear_sky|10AM,20.0,clear_sky,10AM,2744,1590,1545 1264 1632 1360
C:\Users\depthlev\Desktop\droneImages\dataset\depth_20\clear_sky\10AM\HighresScreenshot00625_depth_20_clear_sky_10AM.png,C:\Users\depthlev\Desktop\droneImages\dataset\depth_20\clear_sky\10AM\HighresScreenshot00625_depth_20_clear_sky_10AM.txt,20.0|clear_sky|10AM,20.0,clear_sky,10AM,2744,1590,1295 532 1390 582
C:\Users\depthlev\Desktop\droneImages\dataset\depth_20\clear_sky\10AM\HighresScreenshot00626_depth_20_clear_sky_10AM.png,C:\Users\depthlev\Desktop\droneImages\dataset\depth_20\clear_sky\10AM\HighresScreenshot00626_depth_20_clear_sky_10AM.txt,20.0|clear_sky|10AM,20.0,clear_sky,10AM,2744,1590,1076 888 1181 987
C:\Users\depthlev\Desktop\droneImages\dataset\depth_20\clear_sky\10AM\HighresScreenshot00627_depth_20_clear_sky_10AM.png,C:\Users\depthlev\Desktop\droneImages\dataset\depth_20\clear_sky\10AM\HighresScreenshot00627_depth_20_clear_sky_10AM.txt,20.0|clear_sky|10AM,20.0,clear_sky,10AM,2744,1590,1290 819 1375 895
C:\Users\depthlev\Desktop\droneImages\dataset\depth_20\clear_sky\10AM\HighresScreenshot00628_depth_20_clear_sky_10AM.png,C:\Users\depthlev\Desktop\droneImages\dataset\depth_20\clear_sky\10AM\HighresScreenshot00628_depth_20_clear_sky_10AM.txt,20.0|clear_sky|10AM,20.0,clear_sky,10AM,2744,1590,1586 353 1694 462
C:\Users\depthlev\Desktop\droneImages\dataset\depth_20\clear_sky\10AM\HighresScreenshot00629_depth_20_clear_sky_10AM.png,C:\Users\depthlev\Desktop\droneImages\dataset\depth_20\clear_sky\10AM\HighresScreenshot00629_depth_20_clear_sky_10AM.txt,20.0|clear_sky|10AM,20.0,clear_sky,10AM,2744,1590,1332 988 1429 1059
C:\Users\depthlev\Desktop\droneImages\dataset\depth_20\clear_sky\10AM\HighresScreenshot00630_depth_20_clear_sky_10AM.png,C:\Users\depthlev\Desktop\droneImages\dataset\depth_20\clear_sky\10AM\HighresScreenshot00630_depth_20_clear_sky_10AM.txt,20.0|clear_sky|10AM,20.0,clear_sky,10AM,2744,1590,953 749 1063 790
C:\Users\depthlev\Desktop\droneImages\dataset\depth_20\clear_sky\10AM\HighresScreenshot00631_depth_20_clear_sky_10AM.png,C:\Users\depthlev\Desktop\droneImages\dataset\depth_20\clear_sky\10AM\HighresScreenshot00631_depth_20_clear_sky_10AM.txt,20.0|clear_sky|10AM,20.0,clear_sky,10AM,2744,1590,1991 674 2119 731
C:\Users\depthlev\Desktop\droneImages\dataset\depth_20\clear_sky\10AM\HighresScreenshot00632_depth_20_clear_sky_10AM.png,C:\Users\depthlev\Desktop\droneImages\dataset\depth_20\clear_sky\10AM\HighresScreenshot00632_depth_20_clear_sky_10AM.txt,20.0|clear_sky|10AM,20.0,clear_sky,10AM,2744,1590,636 1245 766 1334
C:\Users\depthlev\Desktop\droneImages\dataset\depth_20\clear_sky\10AM\HighresScreenshot00633_depth_20_clear_sky_10AM.png,C:\Users\depthlev\Desktop\droneImages\dataset\depth_20\clear_sky\10AM\HighresScreenshot00633_depth_20_clear_sky_10AM.txt,20.0|clear_sky|10AM,20.0,clear_sky,10AM,2744,1590,1025 1148 1135 1253
C:\Users\depthlev\Desktop\droneImages\dataset\depth_20\clear_sky\10AM\HighresScreenshot00634_depth_20_clear_sky_10AM.png,C:\Users\depthlev\Desktop\droneImages\dataset\depth_20\clear_sky\10AM\HighresScreenshot00634_depth_20_clear_sky_10AM.txt,20.0|clear_sky|10AM,20.0,clear_sky,10AM,2744,1590,1335 1215 1443 1282
C:\Users\depthlev\Desktop\droneImages\dataset\depth_20\clear_sky\10AM\HighresScreenshot00635_depth_20_clear_sky_10AM.png,C:\Users\depthlev\Desktop\droneImages\dataset\depth_20\clear_sky\10AM\HighresScreenshot00635_depth_20_clear_sky_10AM.txt,20.0|clear_sky|10AM,20.0,clear_sky,10AM,2744,1590,1596 572 1688 605
C:\Users\depthlev\Desktop\droneImages\dataset\depth_20\clear_sky\10AM\HighresScreenshot00636_depth_20_clear_sky_10AM.png,C:\Users\depthlev\Desktop\droneImages\dataset\depth_20\clear_sky\10AM\HighresScreenshot00636_depth_20_clear_sky_10AM.txt,20.0|clear_sky|10AM,20.0,clear_sky,10AM,2744,1590,1311 707 1383 791
C:\Users\depthlev\Desktop\droneImages\dataset\depth_20\clear_sky\10AM\HighresScreenshot00637_depth_20_clear_sky_10AM.png,C:\Users\depthlev\Desktop\droneImages\dataset\depth_20\clear_sky\10AM\HighresScreenshot00637_depth_20_clear_sky_10AM.txt,20.0|clear_sky|10AM,20.0,clear_sky,10AM,2744,1590,1064 986 1137 1016
C:\Users\depthlev\Desktop\droneImages\dataset\depth_20\clear_sky\10AM\HighresScreenshot00638_depth_20_clear_sky_10AM.png,C:\Users\depthlev\Desktop\droneImages\dataset\depth_20\clear_sky\10AM\HighresScreenshot00638_depth_20_clear_sky_10AM.txt,20.0|clear_sky|10AM,20.0,clear_sky,10AM,2744,1590,1059 1238 1170 1292
C:\Users\depthlev\Desktop\droneImages\dataset\depth_20\clear_sky\10AM\HighresScreenshot00639_depth_20_clear_sky_10AM.png,C:\Users\depthlev\Desktop\droneImages\dataset\depth_20\clear_sky\10AM\HighresScreenshot00639_depth_20_clear_sky_10AM.txt,20.0|clear_sky|10AM,20.0,clear_sky,10AM,2744,1590,998 1223 1087 1308
C:\Users\depthlev\Desktop\droneImages\dataset\depth_20\clear_sky\10AM\HighresScreenshot00640_depth_20_clear_sky_10AM.png,C:\Users\depthlev\Desktop\droneImages\dataset\depth_20\clear_sky\10AM\HighresScreenshot00640_depth_20_clear_sky_10AM.txt,20.0|clear_sky|10AM,20.0,clear_sky,10AM,2744,1590,1360 465 1457 564
C:\Users\depthlev\Desktop\droneImages\dataset\depth_20\clear_sky\10AM\HighresScreenshot00641_depth_20_clear_sky_10AM.png,C:\Users\depthlev\Desktop\droneImages\dataset\depth_20\clear_sky\10AM\HighresScreenshot00641_depth_20_clear_sky_10AM.txt,20.0|clear_sky|10AM,20.0,clear_sky,10AM,2744,1590,584 873 716 928
C:\Users\depthlev\Desktop\droneImages\dataset\depth_20\clear_sky\10AM\HighresScreenshot00642_depth_20_clear_sky_10AM.png,C:\Users\depthlev\Desktop\droneImages\dataset\depth_20\clear_sky\10AM\HighresScreenshot00642_depth_20_clear_sky_10AM.txt,20.0|clear_sky|10AM,20.0,clear_sky,10AM,2744,1590,1179 682 1284 710
C:\Users\depthlev\Desktop\droneImages\dataset\depth_20\clear_sky\10AM\HighresScreenshot00643_depth_20_clear_sky_10AM.png,C:\Users\depthlev\Desktop\droneImages\dataset\depth_20\clear_sky\10AM\HighresScreenshot00643_depth_20_clear_sky_10AM.txt,20.0|clear_sky|10AM,20.0,clear_sky,10AM,2744,1590,1300 1224 1406 1327
C:\Users\depthlev\Desktop\droneImages\dataset\depth_20\clear_sky\10AM\HighresScreenshot00644_depth_20_clear_sky_10AM.png,C:\Users\depthlev\Desktop\droneImages\dataset\depth_20\clear_sky\10AM\HighresScreenshot00644_depth_20_clear_sky_10AM.txt,20.0|clear_sky|10AM,20.0,clear_sky,10AM,2744,1590,1484 628 1585 702
C:\Users\depthlev\Desktop\droneImages\dataset\depth_20\clear_sky\10AM\HighresScreenshot00645_depth_20_clear_sky_10AM.png,C:\Users\depthlev\Desktop\droneImages\dataset\depth_20\clear_sky\10AM\HighresScreenshot00645_depth_20_clear_sky_10AM.txt,20.0|clear_sky|10AM,20.0,clear_sky,10AM,2744,1590,1010 468 1119 560
C:\Users\depthlev\Desktop\droneImages\dataset\depth_20\clear_sky\10AM\HighresScreenshot00646_depth_20_clear_sky_10AM.png,C:\Users\depthlev\Desktop\droneImages\dataset\depth_20\clear_sky\10AM\HighresScreenshot00646_depth_20_clear_sky_10AM.txt,20.0|clear_sky|10AM,20.0,clear_sky,10AM,2744,1590,1330 756 1402 839
C:\Users\depthlev\Desktop\droneImages\dataset\depth_20\clear_sky\10AM\HighresScreenshot00647_depth_20_clear_sky_10AM.png,C:\Users\depthlev\Desktop\droneImages\dataset\depth_20\clear_sky\10AM\HighresScreenshot00647_depth_20_clear_sky_10AM.txt,20.0|clear_sky|10AM,20.0,clear_sky,10AM,2744,1590,1118 470 1212 521
C:\Users\depthlev\Desktop\droneImages\dataset\depth_20\clear_sky\10AM\HighresScreenshot00648_depth_20_clear_sky_10AM.png,C:\Users\depthlev\Desktop\droneImages\dataset\depth_20\clear_sky\10AM\HighresScreenshot00648_depth_20_clear_sky_10AM.txt,20.0|clear_sky|10AM,20.0,clear_sky,10AM,2744,1590,1476 1313 1585 1383
C:\Users\depthlev\Desktop\droneImages\dataset\depth_20\clear_sky\10AM\HighresScreenshot00649_depth_20_clear_sky_10AM.png,C:\Users\depthlev\Desktop\droneImages\dataset\depth_20\clear_sky\10AM\HighresScreenshot00649_depth_20_clear_sky_10AM.txt,20.0|clear_sky|10AM,20.0,clear_sky,10AM,2744,1590,985 567 1095 630
C:\Users\depthlev\Desktop\droneImages\dataset\depth_20\clear_sky\10AM\HighresScreenshot00650_depth_20_clear_sky_10AM.png,C:\Users\depthlev\Desktop\droneImages\dataset\depth_20\clear_sky\10AM\HighresScreenshot00650_depth_20_clear_sky_10AM.txt,20.0|clear_sky|10AM,20.0,clear_sky,10AM,2744,1590,868 435 965 526
C:\Users\depthlev\Desktop\droneImages\dataset\depth_20\clear_sky\10AM\HighresScreenshot00651_depth_20_clear_sky_10AM.png,C:\Users\depthlev\Desktop\droneImages\dataset\depth_20\clear_sky\10AM\HighresScreenshot00651_depth_20_clear_sky_10AM.txt,20.0|clear_sky|10AM,20.0,clear_sky,10AM,2744,1590,1211 866 1309 940
C:\Users\depthlev\Desktop\droneImages\dataset\depth_20\clear_sky\10AM\HighresScreenshot00652_depth_20_clear_sky_10AM.png,C:\Users\depthlev\Desktop\droneImages\dataset\depth_20\clear_sky\10AM\HighresScreenshot00652_depth_20_clear_sky_10AM.txt,20.0|clear_sky|10AM,20.0,clear_sky,10AM,2744,1590,1215 767 1317 854
C:\Users\depthlev\Desktop\droneImages\dataset\depth_20\clear_sky\10AM\HighresScreenshot00653_depth_20_clear_sky_10AM.png,C:\Users\depthlev\Desktop\droneImages\dataset\depth_20\clear_sky\10AM\HighresScreenshot00653_depth_20_clear_sky_10AM.txt,20.0|clear_sky|10AM,20.0,clear_sky,10AM,2744,1590,1556 1007 1657 1074
C:\Users\depthlev\Desktop\droneImages\dataset\depth_20\clear_sky\10AM\HighresScreenshot00654_depth_20_clear_sky_10AM.png,C:\Users\depthlev\Desktop\droneImages\dataset\depth_20\clear_sky\10AM\HighresScreenshot00654_depth_20_clear_sky_10AM.txt,20.0|clear_sky|10AM,20.0,clear_sky,10AM,2744,1590,1399 965 1484 1043
C:\Users\depthlev\Desktop\droneImages\dataset\depth_20\clear_sky\10AM\HighresScreenshot00655_depth_20_clear_sky_10AM.png,C:\Users\depthlev\Desktop\droneImages\dataset\depth_20\clear_sky\10AM\HighresScreenshot00655_depth_20_clear_sky_10AM.txt,20.0|clear_sky|10AM,20.0,clear_sky,10AM,2744,1590,542 901 678 933
C:\Users\depthlev\Desktop\droneImages\dataset\depth_20\clear_sky\10AM\HighresScreenshot00656_depth_20_clear_sky_10AM.png,C:\Users\depthlev\Desktop\droneImages\dataset\depth_20\clear_sky\10AM\HighresScreenshot00656_depth_20_clear_sky_10AM.txt,20.0|clear_sky|10AM,20.0,clear_sky,10AM,2744,1590,1110 678 1182 703
C:\Users\depthlev\Desktop\droneImages\dataset\depth_20\clear_sky\10AM\HighresScreenshot00657_depth_20_clear_sky_10AM.png,C:\Users\depthlev\Desktop\droneImages\dataset\depth_20\clear_sky\10AM\HighresScreenshot00657_depth_20_clear_sky_10AM.txt,20.0|clear_sky|10AM,20.0,clear_sky,10AM,2744,1590,1329 901 1432 989
C:\Users\depthlev\Desktop\droneImages\dataset\depth_20\clear_sky\10AM\HighresScreenshot00658_depth_20_clear_sky_10AM.png,C:\Users\depthlev\Desktop\droneImages\dataset\depth_20\clear_sky\10AM\HighresScreenshot00658_depth_20_clear_sky_10AM.txt,20.0|clear_sky|10AM,20.0,clear_sky,10AM,2744,1590,1440 623 1521 707
C:\Users\depthlev\Desktop\droneImages\dataset\depth_20\clear_sky\10AM\HighresScreenshot00659_depth_20_clear_sky_10AM.png,C:\Users\depthlev\Desktop\droneImages\dataset\depth_20\clear_sky\10AM\HighresScreenshot00659_depth_20_clear_sky_10AM.txt,20.0|clear_sky|10AM,20.0,clear_sky,10AM,2744,1590,1600 481 1694 549
C:\Users\depthlev\Desktop\droneImages\dataset\depth_20\clear_sky\10AM\HighresScreenshot00660_depth_20_clear_sky_10AM.png,C:\Users\depthlev\Desktop\droneImages\dataset\depth_20\clear_sky\10AM\HighresScreenshot00660_depth_20_clear_sky_10AM.txt,20.0|clear_sky|10AM,20.0,clear_sky,10AM,2744,1590,1694 496 1777 550
C:\Users\depthlev\Desktop\droneImages\dataset\depth_20\clear_sky\10AM\HighresScreenshot00661_depth_20_clear_sky_10AM.png,C:\Users\depthlev\Desktop\droneImages\dataset\depth_20\clear_sky\10AM\HighresScreenshot00661_depth_20_clear_sky_10AM.txt,20.0|clear_sky|10AM,20.0,clear_sky,10AM,2744,1590,1246 1177 1338 1262
C:\Users\depthlev\Desktop\droneImages\dataset\depth_20\clear_sky\10AM\HighresScreenshot00662_depth_20_clear_sky_10AM.png,C:\Users\depthlev\Desktop\droneImages\dataset\depth_20\clear_sky\10AM\HighresScreenshot00662_depth_20_clear_sky_10AM.txt,20.0|clear_sky|10AM,20.0,clear_sky,10AM,2744,1590,1668 696 1776 793
C:\Users\depthlev\Desktop\droneImages\dataset\depth_20\clear_sky\10AM\HighresScreenshot00663_depth_20_clear_sky_10AM.png,C:\Users\depthlev\Desktop\droneImages\dataset\depth_20\clear_sky\10AM\HighresScreenshot00663_depth_20_clear_sky_10AM.txt,20.0|clear_sky|10AM,20.0,clear_sky,10AM,2744,1590,1369 568 1468 671
C:\Users\depthlev\Desktop\droneImages\dataset\depth_20\clear_sky\10AM\HighresScreenshot00664_depth_20_clear_sky_10AM.png,C:\Users\depthlev\Desktop\droneImages\dataset\depth_20\clear_sky\10AM\HighresScreenshot00664_depth_20_clear_sky_10AM.txt,20.0|clear_sky|10AM,20.0,clear_sky,10AM,2744,1590,1034 852 1139 950
C:\Users\depthlev\Desktop\droneImages\dataset\depth_20\clear_sky\10AM\HighresScreenshot00665_depth_20_clear_sky_10AM.png,C:\Users\depthlev\Desktop\droneImages\dataset\depth_20\clear_sky\10AM\HighresScreenshot00665_depth_20_clear_sky_10AM.txt,20.0|clear_sky|10AM,20.0,clear_sky,10AM,2744,1590,666 359 791 390
C:\Users\depthlev\Desktop\droneImages\dataset\depth_20\clear_sky\10AM\HighresScreenshot00666_depth_20_clear_sky_10AM.png,C:\Users\depthlev\Desktop\droneImages\dataset\depth_20\clear_sky\10AM\HighresScreenshot00666_depth_20_clear_sky_10AM.txt,20.0|clear_sky|10AM,20.0,clear_sky,10AM,2744,1590,1210 675 1310 771
C:\Users\depthlev\Desktop\droneImages\dataset\depth_20\clear_sky\10AM\HighresScreenshot00667_depth_20_clear_sky_10AM.png,C:\Users\depthlev\Desktop\droneImages\dataset\depth_20\clear_sky\10AM\HighresScreenshot00667_depth_20_clear_sky_10AM.txt,20.0|clear_sky|10AM,20.0,clear_sky,10AM,2744,1590,1307 1261 1407 1317
C:\Users\depthlev\Desktop\droneImages\dataset\depth_20\clear_sky\10AM\HighresScreenshot00668_depth_20_clear_sky_10AM.png,C:\Users\depthlev\Desktop\droneImages\dataset\depth_20\clear_sky\10AM\HighresScreenshot00668_depth_20_clear_sky_10AM.txt,20.0|clear_sky|10AM,20.0,clear_sky,10AM,2744,1590,1394 1087 1493 1187
C:\Users\depthlev\Desktop\droneImages\dataset\depth_20\clear_sky\10AM\HighresScreenshot00669_depth_20_clear_sky_10AM.png,C:\Users\depthlev\Desktop\droneImages\dataset\depth_20\clear_sky\10AM\HighresScreenshot00669_depth_20_clear_sky_10AM.txt,20.0|clear_sky|10AM,20.0,clear_sky,10AM,2744,1590,1525 1132 1622 1203
C:\Users\depthlev\Desktop\droneImages\dataset\depth_20\clear_sky\10AM\HighresScreenshot00670_depth_20_clear_sky_10AM.png,C:\Users\depthlev\Desktop\droneImages\dataset\depth_20\clear_sky\10AM\HighresScreenshot00670_depth_20_clear_sky_10AM.txt,20.0|clear_sky|10AM,20.0,clear_sky,10AM,2744,1590,1370 566 1467 656
C:\Users\depthlev\Desktop\droneImages\dataset\depth_20\clear_sky\10AM\HighresScreenshot00671_depth_20_clear_sky_10AM.png,C:\Users\depthlev\Desktop\droneImages\dataset\depth_20\clear_sky\10AM\HighresScreenshot00671_depth_20_clear_sky_10AM.txt,20.0|clear_sky|10AM,20.0,clear_sky,10AM,2744,1590,1012 1000 1120 1092
C:\Users\depthlev\Desktop\droneImages\dataset\depth_20\clear_sky\10AM\HighresScreenshot00672_depth_20_clear_sky_10AM.png,C:\Users\depthlev\Desktop\droneImages\dataset\depth_20\clear_sky\10AM\HighresScreenshot00672_depth_20_clear_sky_10AM.txt,20.0|clear_sky|10AM,20.0,clear_sky,10AM,2744,1590,1147 1167 1236 1245
C:\Users\depthlev\Desktop\droneImages\dataset\depth_20\clear_sky\10AM\HighresScreenshot00673_depth_20_clear_sky_10AM.png,C:\Users\depthlev\Desktop\droneImages\dataset\depth_20\clear_sky\10AM\HighresScreenshot00673_depth_20_clear_sky_10AM.txt,20.0|clear_sky|10AM,20.0,clear_sky,10AM,2744,1590,1192 331 1284 413
C:\Users\depthlev\Desktop\droneImages\dataset\depth_20\clear_sky\10AM\HighresScreenshot00674_depth_20_clear_sky_10AM.png,C:\Users\depthlev\Desktop\droneImages\dataset\depth_20\clear_sky\10AM\HighresScreenshot00674_depth_20_clear_sky_10AM.txt,20.0|clear_sky|10AM,20.0,clear_sky,10AM,2744,1590,1326 1020 1401 1103
C:\Users\depthlev\Desktop\droneImages\dataset\depth_20\clear_sky\10AM\HighresScreenshot00675_depth_20_clear_sky_10AM.png,C:\Users\depthlev\Desktop\droneImages\dataset\depth_20\clear_sky\10AM\HighresScreenshot00675_depth_20_clear_sky_10AM.txt,20.0|clear_sky|10AM,20.0,clear_sky,10AM,2744,1590,1510 1009 1592 1090
C:\Users\depthlev\Desktop\droneImages\dataset\depth_20\clear_sky\10AM\HighresScreenshot00676_depth_20_clear_sky_10AM.png,C:\Users\depthlev\Desktop\droneImages\dataset\depth_20\clear_sky\10AM\HighresScreenshot00676_depth_20_clear_sky_10AM.txt,20.0|clear_sky|10AM,20.0,clear_sky,10AM,2744,1590,1223 1118 1329 1159
C:\Users\depthlev\Desktop\droneImages\dataset\depth_20\clear_sky\10AM\HighresScreenshot00677_depth_20_clear_sky_10AM.png,C:\Users\depthlev\Desktop\droneImages\dataset\depth_20\clear_sky\10AM\HighresScreenshot00677_depth_20_clear_sky_10AM.txt,20.0|clear_sky|10AM,20.0,clear_sky,10AM,2744,1590,1002 632 1103 686
C:\Users\depthlev\Desktop\droneImages\dataset\depth_20\clear_sky\10AM\HighresScreenshot00678_depth_20_clear_sky_10AM.png,C:\Users\depthlev\Desktop\droneImages\dataset\depth_20\clear_sky\10AM\HighresScreenshot00678_depth_20_clear_sky_10AM.txt,20.0|clear_sky|10AM,20.0,clear_sky,10AM,2744,1590,1619 739 1716 784
C:\Users\depthlev\Desktop\droneImages\dataset\depth_20\clear_sky\10AM\HighresScreenshot00679_depth_20_clear_sky_10AM.png,C:\Users\depthlev\Desktop\droneImages\dataset\depth_20\clear_sky\10AM\HighresScreenshot00679_depth_20_clear_sky_10AM.txt,20.0|clear_sky|10AM,20.0,clear_sky,10AM,2744,1590,1220 1184 1323 1287
C:\Users\depthlev\Desktop\droneImages\dataset\depth_20\clear_sky\10AM\HighresScreenshot00680_depth_20_clear_sky_10AM.png,C:\Users\depthlev\Desktop\droneImages\dataset\depth_20\clear_sky\10AM\HighresScreenshot00680_depth_20_clear_sky_10AM.txt,20.0|clear_sky|10AM,20.0,clear_sky,10AM,2744,1590,1349 344 1451 434
C:\Users\depthlev\Desktop\droneImages\dataset\depth_20\clear_sky\10AM\HighresScreenshot00681_depth_20_clear_sky_10AM.png,C:\Users\depthlev\Desktop\droneImages\dataset\depth_20\clear_sky\10AM\HighresScreenshot00681_depth_20_clear_sky_10AM.txt,20.0|clear_sky|10AM,20.0,clear_sky,10AM,2744,1590,1922 795 2026 830
C:\Users\depthlev\Desktop\droneImages\dataset\depth_20\clear_sky\10AM\HighresScreenshot00682_depth_20_clear_sky_10AM.png,C:\Users\depthlev\Desktop\droneImages\dataset\depth_20\clear_sky\10AM\HighresScreenshot00682_depth_20_clear_sky_10AM.txt,20.0|clear_sky|10AM,20.0,clear_sky,10AM,2744,1590,833 1261 955 1350
C:\Users\depthlev\Desktop\droneImages\dataset\depth_20\clear_sky\10AM\HighresScreenshot00683_depth_20_clear_sky_10AM.png,C:\Users\depthlev\Desktop\droneImages\dataset\depth_20\clear_sky\10AM\HighresScreenshot00683_depth_20_clear_sky_10AM.txt,20.0|clear_sky|10AM,20.0,clear_sky,10AM,2744,1590,1384 894 1479 952
C:\Users\depthlev\Desktop\droneImages\dataset\depth_20\clear_sky\10AM\HighresScreenshot00684_depth_20_clear_sky_10AM.png,C:\Users\depthlev\Desktop\droneImages\dataset\depth_20\clear_sky\10AM\HighresScreenshot00684_depth_20_clear_sky_10AM.txt,20.0|clear_sky|10AM,20.0,clear_sky,10AM,2744,1590,1441 404 1533 464
C:\Users\depthlev\Desktop\droneImages\dataset\depth_20\clear_sky\10AM\HighresScreenshot00685_depth_20_clear_sky_10AM.png,C:\Users\depthlev\Desktop\droneImages\dataset\depth_20\clear_sky\10AM\HighresScreenshot00685_depth_20_clear_sky_10AM.txt,20.0|clear_sky|10AM,20.0,clear_sky,10AM,2744,1590,2052 371 2185 410
C:\Users\depthlev\Desktop\droneImages\dataset\depth_20\light_rain\10AM\HighresScreenshot00201_depth_20_light_rain_10AM.png,C:\Users\depthlev\Desktop\droneImages\dataset\depth_20\light_rain\10AM\HighresScreenshot00201_depth_20_light_rain_10AM.txt,20.0|light_rain|10AM,20.0,light_rain,10AM,2744,1590,1245 759 1339 806
C:\Users\depthlev\Desktop\droneImages\dataset\depth_20\light_rain\10AM\HighresScreenshot00202_depth_20_light_rain_10AM.png,C:\Users\depthlev\Desktop\droneImages\dataset\depth_20\light_rain\10AM\HighresScreenshot00202_depth_20_light_rain_10AM.txt,20.0|light_rain|10AM,20.0,light_rain,10AM,2744,1590,1658 894 1732 965
C:\Users\depthlev\Desktop\droneImages\dataset\depth_20\light_rain\10AM\HighresScreenshot00203_depth_20_light_rain_10AM.png,C:\Users\depthlev\Desktop\droneImages\dataset\depth_20\light_rain\10AM\HighresScreenshot00203_depth_20_light_rain_10AM.txt,20.0|light_rain|10AM,20.0,light_rain,10AM,2744,1590,1239 1014 1324 1090
C:\Users\depthlev\Desktop\droneImages\dataset\depth_20\light_rain\10AM\HighresScreenshot00204_depth_20_light_rain_10AM.png,C:\Users\depthlev\Desktop\droneImages\dataset\depth_20\light_rain\10AM\HighresScreenshot00204_depth_20_light_rain_10AM.txt,20.0|light_rain|10AM,20.0,light_rain,10AM,2744,1590,1073 1328 1179 1360
C:\Users\depthlev\Desktop\droneImages\dataset\depth_20\light_rain\10AM\HighresScreenshot00205_depth_20_light_rain_10AM.png,C:\Users\depthlev\Desktop\droneImages\dataset\depth_20\light_rain\10AM\HighresScreenshot00205_depth_20_light_rain_10AM.txt,20.0|light_rain|10AM,20.0,light_rain,10AM,2744,1590,1034 700 1132 776
C:\Users\depthlev\Desktop\droneImages\dataset\depth_20\light_rain\10AM\HighresScreenshot00206_depth_20_light_rain_10AM.png,C:\Users\depthlev\Desktop\droneImages\dataset\depth_20\light_rain\10AM\HighresScreenshot00206_depth_20_light_rain_10AM.txt,20.0|light_rain|10AM,20.0,light_rain,10AM,2744,1590,1254 490 1348 583
C:\Users\depthlev\Desktop\droneImages\dataset\depth_20\light_rain\10AM\HighresScreenshot00207_depth_20_light_rain_10AM.png,C:\Users\depthlev\Desktop\droneImages\dataset\depth_20\light_rain\10AM\HighresScreenshot00207_depth_20_light_rain_10AM.txt,20.0|light_rain|10AM,20.0,light_rain,10AM,2744,1590,1637 1010 1725 1090
C:\Users\depthlev\Desktop\droneImages\dataset\depth_20\light_rain\10AM\HighresScreenshot00208_depth_20_light_rain_10AM.png,C:\Users\depthlev\Desktop\droneImages\dataset\depth_20\light_rain\10AM\HighresScreenshot00208_depth_20_light_rain_10AM.txt,20.0|light_rain|10AM,20.0,light_rain,10AM,2744,1590,1243 979 1333 1074
C:\Users\depthlev\Desktop\droneImages\dataset\depth_20\light_rain\10AM\HighresScreenshot00209_depth_20_light_rain_10AM.png,C:\Users\depthlev\Desktop\droneImages\dataset\depth_20\light_rain\10AM\HighresScreenshot00209_depth_20_light_rain_10AM.txt,20.0|light_rain|10AM,20.0,light_rain,10AM,2744,1590,1841 515 1951 578
C:\Users\depthlev\Desktop\droneImages\dataset\depth_20\light_rain\10AM\HighresScreenshot00210_depth_20_light_rain_10AM.png,C:\Users\depthlev\Desktop\droneImages\dataset\depth_20\light_rain\10AM\HighresScreenshot00210_depth_20_light_rain_10AM.txt,20.0|light_rain|10AM,20.0,light_rain,10AM,2744,1590,1928 911 2043 981
C:\Users\depthlev\Desktop\droneImages\dataset\depth_20\light_rain\10AM\HighresScreenshot00211_depth_20_light_rain_10AM.png,C:\Users\depthlev\Desktop\droneImages\dataset\depth_20\light_rain\10AM\HighresScreenshot00211_depth_20_light_rain_10AM.txt,20.0|light_rain|10AM,20.0,light_rain,10AM,2744,1590,1220 796 1314 881
C:\Users\depthlev\Desktop\droneImages\dataset\depth_20\light_rain\10AM\HighresScreenshot00212_depth_20_light_rain_10AM.png,C:\Users\depthlev\Desktop\droneImages\dataset\depth_20\light_rain\10AM\HighresScreenshot00212_depth_20_light_rain_10AM.txt,20.0|light_rain|10AM,20.0,light_rain,10AM,2744,1590,929 1242 1030 1330
C:\Users\depthlev\Desktop\droneImages\dataset\depth_20\light_rain\10AM\HighresScreenshot00213_depth_20_light_rain_10AM.png,C:\Users\depthlev\Desktop\droneImages\dataset\depth_20\light_rain\10AM\HighresScreenshot00213_depth_20_light_rain_10AM.txt,20.0|light_rain|10AM,20.0,light_rain,10AM,2744,1590,1201 908 1274 991
C:\Users\depthlev\Desktop\droneImages\dataset\depth_20\light_rain\10AM\HighresScreenshot00214_depth_20_light_rain_10AM.png,C:\Users\depthlev\Desktop\droneImages\dataset\depth_20\light_rain\10AM\HighresScreenshot00214_depth_20_light_rain_10AM.txt,20.0|light_rain|10AM,20.0,light_rain,10AM,2744,1590,1082 486 1164 578
C:\Users\depthlev\Desktop\droneImages\dataset\depth_20\light_rain\10AM\HighresScreenshot00215_depth_20_light_rain_10AM.png,C:\Users\depthlev\Desktop\droneImages\dataset\depth_20\light_rain\10AM\HighresScreenshot00215_depth_20_light_rain_10AM.txt,20.0|light_rain|10AM,20.0,light_rain,10AM,2744,1590,869 694 956 734
C:\Users\depthlev\Desktop\droneImages\dataset\depth_20\light_rain\10AM\HighresScreenshot00216_depth_20_light_rain_10AM.png,C:\Users\depthlev\Desktop\droneImages\dataset\depth_20\light_rain\10AM\HighresScreenshot00216_depth_20_light_rain_10AM.txt,20.0|light_rain|10AM,20.0,light_rain,10AM,2744,1590,1430 1082 1508 1166
C:\Users\depthlev\Desktop\droneImages\dataset\depth_20\light_rain\10AM\HighresScreenshot00217_depth_20_light_rain_10AM.png,C:\Users\depthlev\Desktop\droneImages\dataset\depth_20\light_rain\10AM\HighresScreenshot00217_depth_20_light_rain_10AM.txt,20.0|light_rain|10AM,20.0,light_rain,10AM,2744,1590,731 709 842 743
C:\Users\depthlev\Desktop\droneImages\dataset\depth_20\light_rain\10AM\HighresScreenshot00218_depth_20_light_rain_10AM.png,C:\Users\depthlev\Desktop\droneImages\dataset\depth_20\light_rain\10AM\HighresScreenshot00218_depth_20_light_rain_10AM.txt,20.0|light_rain|10AM,20.0,light_rain,10AM,2744,1590,1493 1298 1595 1337
C:\Users\depthlev\Desktop\droneImages\dataset\depth_20\light_rain\10AM\HighresScreenshot00219_depth_20_light_rain_10AM.png,C:\Users\depthlev\Desktop\droneImages\dataset\depth_20\light_rain\10AM\HighresScreenshot00219_depth_20_light_rain_10AM.txt,20.0|light_rain|10AM,20.0,light_rain,10AM,2744,1590,1745 399 1849 439
C:\Users\depthlev\Desktop\droneImages\dataset\depth_20\light_rain\10AM\HighresScreenshot00220_depth_20_light_rain_10AM.png,C:\Users\depthlev\Desktop\droneImages\dataset\depth_20\light_rain\10AM\HighresScreenshot00220_depth_20_light_rain_10AM.txt,20.0|light_rain|10AM,20.0,light_rain,10AM,2744,1590,853 994 943 1049
C:\Users\depthlev\Desktop\droneImages\dataset\depth_20\light_rain\10AM\HighresScreenshot00221_depth_20_light_rain_10AM.png,C:\Users\depthlev\Desktop\droneImages\dataset\depth_20\light_rain\10AM\HighresScreenshot00221_depth_20_light_rain_10AM.txt,20.0|light_rain|10AM,20.0,light_rain,10AM,2744,1590,1348 567 1441 657
C:\Users\depthlev\Desktop\droneImages\dataset\depth_20\light_rain\10AM\HighresScreenshot00222_depth_20_light_rain_10AM.png,C:\Users\depthlev\Desktop\droneImages\dataset\depth_20\light_rain\10AM\HighresScreenshot00222_depth_20_light_rain_10AM.txt,20.0|light_rain|10AM,20.0,light_rain,10AM,2744,1590,1563 943 1650 970
C:\Users\depthlev\Desktop\droneImages\dataset\depth_20\light_rain\10AM\HighresScreenshot00223_depth_20_light_rain_10AM.png,C:\Users\depthlev\Desktop\droneImages\dataset\depth_20\light_rain\10AM\HighresScreenshot00223_depth_20_light_rain_10AM.txt,20.0|light_rain|10AM,20.0,light_rain,10AM,2744,1590,1248 604 1332 635
C:\Users\depthlev\Desktop\droneImages\dataset\depth_20\light_rain\10AM\HighresScreenshot00224_depth_20_light_rain_10AM.png,C:\Users\depthlev\Desktop\droneImages\dataset\depth_20\light_rain\10AM\HighresScreenshot00224_depth_20_light_rain_10AM.txt,20.0|light_rain|10AM,20.0,light_rain,10AM,2744,1590,1351 651 1437 686
C:\Users\depthlev\Desktop\droneImages\dataset\depth_20\light_rain\10AM\HighresScreenshot00225_depth_20_light_rain_10AM.png,C:\Users\depthlev\Desktop\droneImages\dataset\depth_20\light_rain\10AM\HighresScreenshot00225_depth_20_light_rain_10AM.txt,20.0|light_rain|10AM,20.0,light_rain,10AM,2744,1590,1268 1045 1364 1074
C:\Users\depthlev\Desktop\droneImages\dataset\depth_20\light_rain\10AM\HighresScreenshot00226_depth_20_light_rain_10AM.png,C:\Users\depthlev\Desktop\droneImages\dataset\depth_20\light_rain\10AM\HighresScreenshot00226_depth_20_light_rain_10AM.txt,20.0|light_rain|10AM,20.0,light_rain,10AM,2744,1590,1133 677 1228 768
C:\Users\depthlev\Desktop\droneImages\dataset\depth_20\light_rain\10AM\HighresScreenshot00227_depth_20_light_rain_10AM.png,C:\Users\depthlev\Desktop\droneImages\dataset\depth_20\light_rain\10AM\HighresScreenshot00227_depth_20_light_rain_10AM.txt,20.0|light_rain|10AM,20.0,light_rain,10AM,2744,1590,831 1107 932 1185
C:\Users\depthlev\Desktop\droneImages\dataset\depth_20\light_rain\10AM\HighresScreenshot00228_depth_20_light_rain_10AM.png,C:\Users\depthlev\Desktop\droneImages\dataset\depth_20\light_rain\10AM\HighresScreenshot00228_depth_20_light_rain_10AM.txt,20.0|light_rain|10AM,20.0,light_rain,10AM,2744,1590,1842 909 1954 951
C:\Users\depthlev\Desktop\droneImages\dataset\depth_20\light_rain\10AM\HighresScreenshot00229_depth_20_light_rain_10AM.png,C:\Users\depthlev\Desktop\droneImages\dataset\depth_20\light_rain\10AM\HighresScreenshot00229_depth_20_light_rain_10AM.txt,20.0|light_rain|10AM,20.0,light_rain,10AM,2744,1590,1142 431 1226 524
C:\Users\depthlev\Desktop\droneImages\dataset\depth_20\light_rain\10AM\HighresScreenshot00230_depth_20_light_rain_10AM.png,C:\Users\depthlev\Desktop\droneImages\dataset\depth_20\light_rain\10AM\HighresScreenshot00230_depth_20_light_rain_10AM.txt,20.0|light_rain|10AM,20.0,light_rain,10AM,2744,1590,1080 1333 1169 1389
C:\Users\depthlev\Desktop\droneImages\dataset\depth_20\light_rain\10AM\HighresScreenshot00231_depth_20_light_rain_10AM.png,C:\Users\depthlev\Desktop\droneImages\dataset\depth_20\light_rain\10AM\HighresScreenshot00231_depth_20_light_rain_10AM.txt,20.0|light_rain|10AM,20.0,light_rain,10AM,2744,1590,1591 943 1688 1016
C:\Users\depthlev\Desktop\droneImages\dataset\depth_20\light_rain\10AM\HighresScreenshot00232_depth_20_light_rain_10AM.png,C:\Users\depthlev\Desktop\droneImages\dataset\depth_20\light_rain\10AM\HighresScreenshot00232_depth_20_light_rain_10AM.txt,20.0|light_rain|10AM,20.0,light_rain,10AM,2744,1590,1418 714 1514 775
C:\Users\depthlev\Desktop\droneImages\dataset\depth_20\light_rain\10AM\HighresScreenshot00233_depth_20_light_rain_10AM.png,C:\Users\depthlev\Desktop\droneImages\dataset\depth_20\light_rain\10AM\HighresScreenshot00233_depth_20_light_rain_10AM.txt,20.0|light_rain|10AM,20.0,light_rain,10AM,2744,1590,831 1340 949 1373
C:\Users\depthlev\Desktop\droneImages\dataset\depth_20\light_rain\10AM\HighresScreenshot00234_depth_20_light_rain_10AM.png,C:\Users\depthlev\Desktop\droneImages\dataset\depth_20\light_rain\10AM\HighresScreenshot00234_depth_20_light_rain_10AM.txt,20.0|light_rain|10AM,20.0,light_rain,10AM,2744,1590,1326 560 1406 611
C:\Users\depthlev\Desktop\droneImages\dataset\depth_20\light_rain\10AM\HighresScreenshot00235_depth_20_light_rain_10AM.png,C:\Users\depthlev\Desktop\droneImages\dataset\depth_20\light_rain\10AM\HighresScreenshot00235_depth_20_light_rain_10AM.txt,20.0|light_rain|10AM,20.0,light_rain,10AM,2744,1590,1763 814 1867 905
C:\Users\depthlev\Desktop\droneImages\dataset\depth_20\light_rain\10AM\HighresScreenshot00236_depth_20_light_rain_10AM.png,C:\Users\depthlev\Desktop\droneImages\dataset\depth_20\light_rain\10AM\HighresScreenshot00236_depth_20_light_rain_10AM.txt,20.0|light_rain|10AM,20.0,light_rain,10AM,2744,1590,1037 1249 1143 1332
C:\Users\depthlev\Desktop\droneImages\dataset\depth_20\light_rain\10AM\HighresScreenshot00237_depth_20_light_rain_10AM.png,C:\Users\depthlev\Desktop\droneImages\dataset\depth_20\light_rain\10AM\HighresScreenshot00237_depth_20_light_rain_10AM.txt,20.0|light_rain|10AM,20.0,light_rain,10AM,2744,1590,1099 714 1196 801
C:\Users\depthlev\Desktop\droneImages\dataset\depth_20\light_rain\10AM\HighresScreenshot00238_depth_20_light_rain_10AM.png,C:\Users\depthlev\Desktop\droneImages\dataset\depth_20\light_rain\10AM\HighresScreenshot00238_depth_20_light_rain_10AM.txt,20.0|light_rain|10AM,20.0,light_rain,10AM,2744,1590,664 1383 766 1464
C:\Users\depthlev\Desktop\droneImages\dataset\depth_20\light_rain\10AM\HighresScreenshot00239_depth_20_light_rain_10AM.png,C:\Users\depthlev\Desktop\droneImages\dataset\depth_20\light_rain\10AM\HighresScreenshot00239_depth_20_light_rain_10AM.txt,20.0|light_rain|10AM,20.0,light_rain,10AM,2744,1590,1369 709 1454 801
C:\Users\depthlev\Desktop\droneImages\dataset\depth_20\light_rain\10AM\HighresScreenshot00240_depth_20_light_rain_10AM.png,C:\Users\depthlev\Desktop\droneImages\dataset\depth_20\light_rain\10AM\HighresScreenshot00240_depth_20_light_rain_10AM.txt,20.0|light_rain|10AM,20.0,light_rain,10AM,2744,1590,1448 798 1515 872
C:\Users\depthlev\Desktop\droneImages\dataset\depth_20\light_rain\10AM\HighresScreenshot00241_depth_20_light_rain_10AM.png,C:\Users\depthlev\Desktop\droneImages\dataset\depth_20\light_rain\10AM\HighresScreenshot00241_depth_20_light_rain_10AM.txt,20.0|light_rain|10AM,20.0,light_rain,10AM,2744,1590,1373 726 1443 784
C:\Users\depthlev\Desktop\droneImages\dataset\depth_20\light_rain\10AM\HighresScreenshot00242_depth_20_light_rain_10AM.png,C:\Users\depthlev\Desktop\droneImages\dataset\depth_20\light_rain\10AM\HighresScreenshot00242_depth_20_light_rain_10AM.txt,20.0|light_rain|10AM,20.0,light_rain,10AM,2744,1590,735 1251 846 1298
C:\Users\depthlev\Desktop\droneImages\dataset\depth_20\light_rain\10AM\HighresScreenshot00243_depth_20_light_rain_10AM.png,C:\Users\depthlev\Desktop\droneImages\dataset\depth_20\light_rain\10AM\HighresScreenshot00243_depth_20_light_rain_10AM.txt,20.0|light_rain|10AM,20.0,light_rain,10AM,2744,1590,1091 1246 1176 1285
C:\Users\depthlev\Desktop\droneImages\dataset\depth_20\light_rain\10AM\HighresScreenshot00244_depth_20_light_rain_10AM.png,C:\Users\depthlev\Desktop\droneImages\dataset\depth_20\light_rain\10AM\HighresScreenshot00244_depth_20_light_rain_10AM.txt,20.0|light_rain|10AM,20.0,light_rain,10AM,2744,1590,1770 984 1850 1040
C:\Users\depthlev\Desktop\droneImages\dataset\depth_20\light_rain\10AM\HighresScreenshot00245_depth_20_light_rain_10AM.png,C:\Users\depthlev\Desktop\droneImages\dataset\depth_20\light_rain\10AM\HighresScreenshot00245_depth_20_light_rain_10AM.txt,20.0|light_rain|10AM,20.0,light_rain,10AM,2744,1590,907 1171 1015 1215
C:\Users\depthlev\Desktop\droneImages\dataset\depth_20\light_rain\10AM\HighresScreenshot00246_depth_20_light_rain_10AM.png,C:\Users\depthlev\Desktop\droneImages\dataset\depth_20\light_rain\10AM\HighresScreenshot00246_depth_20_light_rain_10AM.txt,20.0|light_rain|10AM,20.0,light_rain,10AM,2744,1590,1361 533 1446 620
C:\Users\depthlev\Desktop\droneImages\dataset\depth_20\light_rain\10AM\HighresScreenshot00247_depth_20_light_rain_10AM.png,C:\Users\depthlev\Desktop\droneImages\dataset\depth_20\light_rain\10AM\HighresScreenshot00247_depth_20_light_rain_10AM.txt,20.0|light_rain|10AM,20.0,light_rain,10AM,2744,1590,991 348 1096 389
C:\Users\depthlev\Desktop\droneImages\dataset\depth_20\light_rain\10AM\HighresScreenshot00248_depth_20_light_rain_10AM.png,C:\Users\depthlev\Desktop\droneImages\dataset\depth_20\light_rain\10AM\HighresScreenshot00248_depth_20_light_rain_10AM.txt,20.0|light_rain|10AM,20.0,light_rain,10AM,2744,1590,1294 465 1373 542
C:\Users\depthlev\Desktop\droneImages\dataset\depth_20\light_rain\10AM\HighresScreenshot00249_depth_20_light_rain_10AM.png,C:\Users\depthlev\Desktop\droneImages\dataset\depth_20\light_rain\10AM\HighresScreenshot00249_depth_20_light_rain_10AM.txt,20.0|light_rain|10AM,20.0,light_rain,10AM,2744,1590,1159 675 1243 744
C:\Users\depthlev\Desktop\droneImages\dataset\depth_20\light_rain\10AM\HighresScreenshot00250_depth_20_light_rain_10AM.png,C:\Users\depthlev\Desktop\droneImages\dataset\depth_20\light_rain\10AM\HighresScreenshot00250_depth_20_light_rain_10AM.txt,20.0|light_rain|10AM,20.0,light_rain,10AM,2744,1590,1277 357 1371 447
C:\Users\depthlev\Desktop\droneImages\dataset\depth_20\light_rain\10AM\HighresScreenshot00251_depth_20_light_rain_10AM.png,C:\Users\depthlev\Desktop\droneImages\dataset\depth_20\light_rain\10AM\HighresScreenshot00251_depth_20_light_rain_10AM.txt,20.0|light_rain|10AM,20.0,light_rain,10AM,2744,1590,1394 364 1485 449
C:\Users\depthlev\Desktop\droneImages\dataset\depth_20\light_rain\10AM\HighresScreenshot00252_depth_20_light_rain_10AM.png,C:\Users\depthlev\Desktop\droneImages\dataset\depth_20\light_rain\10AM\HighresScreenshot00252_depth_20_light_rain_10AM.txt,20.0|light_rain|10AM,20.0,light_rain,10AM,2744,1590,1481 985 1552 1051
C:\Users\depthlev\Desktop\droneImages\dataset\depth_20\light_rain\10AM\HighresScreenshot00253_depth_20_light_rain_10AM.png,C:\Users\depthlev\Desktop\droneImages\dataset\depth_20\light_rain\10AM\HighresScreenshot00253_depth_20_light_rain_10AM.txt,20.0|light_rain|10AM,20.0,light_rain,10AM,2744,1590,1044 850 1115 885
C:\Users\depthlev\Desktop\droneImages\dataset\depth_20\light_rain\10AM\HighresScreenshot00254_depth_20_light_rain_10AM.png,C:\Users\depthlev\Desktop\droneImages\dataset\depth_20\light_rain\10AM\HighresScreenshot00254_depth_20_light_rain_10AM.txt,20.0|light_rain|10AM,20.0,light_rain,10AM,2744,1590,1846 641 1935 710
C:\Users\depthlev\Desktop\droneImages\dataset\depth_20\light_rain\10AM\HighresScreenshot00255_depth_20_light_rain_10AM.png,C:\Users\depthlev\Desktop\droneImages\dataset\depth_20\light_rain\10AM\HighresScreenshot00255_depth_20_light_rain_10AM.txt,20.0|light_rain|10AM,20.0,light_rain,10AM,2744,1590,1287 512 1383 603
C:\Users\depthlev\Desktop\droneImages\dataset\depth_20\light_rain\10AM\HighresScreenshot00256_depth_20_light_rain_10AM.png,C:\Users\depthlev\Desktop\droneImages\dataset\depth_20\light_rain\10AM\HighresScreenshot00256_depth_20_light_rain_10AM.txt,20.0|light_rain|10AM,20.0,light_rain,10AM,2744,1590,1019 407 1122 503
C:\Users\depthlev\Desktop\droneImages\dataset\depth_20\light_rain\10AM\HighresScreenshot00257_depth_20_light_rain_10AM.png,C:\Users\depthlev\Desktop\droneImages\dataset\depth_20\light_rain\10AM\HighresScreenshot00257_depth_20_light_rain_10AM.txt,20.0|light_rain|10AM,20.0,light_rain,10AM,2744,1590,1693 741 1795 789
C:\Users\depthlev\Desktop\droneImages\dataset\depth_20\light_rain\10AM\HighresScreenshot00258_depth_20_light_rain_10AM.png,C:\Users\depthlev\Desktop\droneImages\dataset\depth_20\light_rain\10AM\HighresScreenshot00258_depth_20_light_rain_10AM.txt,20.0|light_rain|10AM,20.0,light_rain,10AM,2744,1590,560 940 672 977
C:\Users\depthlev\Desktop\droneImages\dataset\depth_20\light_rain\10AM\HighresScreenshot00259_depth_20_light_rain_10AM.png,C:\Users\depthlev\Desktop\droneImages\dataset\depth_20\light_rain\10AM\HighresScreenshot00259_depth_20_light_rain_10AM.txt,20.0|light_rain|10AM,20.0,light_rain,10AM,2744,1590,1353 939 1447 990
C:\Users\depthlev\Desktop\droneImages\dataset\depth_20\light_rain\10AM\HighresScreenshot00260_depth_20_light_rain_10AM.png,C:\Users\depthlev\Desktop\droneImages\dataset\depth_20\light_rain\10AM\HighresScreenshot00260_depth_20_light_rain_10AM.txt,20.0|light_rain|10AM,20.0,light_rain,10AM,2744,1590,916 905 1020 950
C:\Users\depthlev\Desktop\droneImages\dataset\depth_20\light_rain\10AM\HighresScreenshot00261_depth_20_light_rain_10AM.png,C:\Users\depthlev\Desktop\droneImages\dataset\depth_20\light_rain\10AM\HighresScreenshot00261_depth_20_light_rain_10AM.txt,20.0|light_rain|10AM,20.0,light_rain,10AM,2744,1590,746 688 832 762
C:\Users\depthlev\Desktop\droneImages\dataset\depth_20\light_rain\10AM\HighresScreenshot00262_depth_20_light_rain_10AM.png,C:\Users\depthlev\Desktop\droneImages\dataset\depth_20\light_rain\10AM\HighresScreenshot00262_depth_20_light_rain_10AM.txt,20.0|light_rain|10AM,20.0,light_rain,10AM,2744,1590,1768 730 1853 799
C:\Users\depthlev\Desktop\droneImages\dataset\depth_20\light_rain\10AM\HighresScreenshot00263_depth_20_light_rain_10AM.png,C:\Users\depthlev\Desktop\droneImages\dataset\depth_20\light_rain\10AM\HighresScreenshot00263_depth_20_light_rain_10AM.txt,20.0|light_rain|10AM,20.0,light_rain,10AM,2744,1590,1100 1043 1181 1066
C:\Users\depthlev\Desktop\droneImages\dataset\depth_20\light_rain\10AM\HighresScreenshot00264_depth_20_light_rain_10AM.png,C:\Users\depthlev\Desktop\droneImages\dataset\depth_20\light_rain\10AM\HighresScreenshot00264_depth_20_light_rain_10AM.txt,20.0|light_rain|10AM,20.0,light_rain,10AM,2744,1590,1349 322 1444 395
C:\Users\depthlev\Desktop\droneImages\dataset\depth_20\light_rain\10AM\HighresScreenshot00265_depth_20_light_rain_10AM.png,C:\Users\depthlev\Desktop\droneImages\dataset\depth_20\light_rain\10AM\HighresScreenshot00265_depth_20_light_rain_10AM.txt,20.0|light_rain|10AM,20.0,light_rain,10AM,2744,1590,829 1094 935 1154
C:\Users\depthlev\Desktop\droneImages\dataset\depth_20\light_rain\10AM\HighresScreenshot00266_depth_20_light_rain_10AM.png,C:\Users\depthlev\Desktop\droneImages\dataset\depth_20\light_rain\10AM\HighresScreenshot00266_depth_20_light_rain_10AM.txt,20.0|light_rain|10AM,20.0,light_rain,10AM,2744,1590,842 1114 941 1188
C:\Users\depthlev\Desktop\droneImages\dataset\depth_20\light_rain\10AM\HighresScreenshot00267_depth_20_light_rain_10AM.png,C:\Users\depthlev\Desktop\droneImages\dataset\depth_20\light_rain\10AM\HighresScreenshot00267_depth_20_light_rain_10AM.txt,20.0|light_rain|10AM,20.0,light_rain,10AM,2744,1590,943 718 1033 786
C:\Users\depthlev\Desktop\droneImages\dataset\depth_20\light_rain\10AM\HighresScreenshot00268_depth_20_light_rain_10AM.png,C:\Users\depthlev\Desktop\droneImages\dataset\depth_20\light_rain\10AM\HighresScreenshot00268_depth_20_light_rain_10AM.txt,20.0|light_rain|10AM,20.0,light_rain,10AM,2744,1590,1642 1315 1748 1347
C:\Users\depthlev\Desktop\droneImages\dataset\depth_20\light_rain\10AM\HighresScreenshot00269_depth_20_light_rain_10AM.png,C:\Users\depthlev\Desktop\droneImages\dataset\depth_20\light_rain\10AM\HighresScreenshot00269_depth_20_light_rain_10AM.txt,20.0|light_rain|10AM,20.0,light_rain,10AM,2744,1590,1293 692 1380 771
C:\Users\depthlev\Desktop\droneImages\dataset\depth_20\light_rain\10AM\HighresScreenshot00270_depth_20_light_rain_10AM.png,C:\Users\depthlev\Desktop\droneImages\dataset\depth_20\light_rain\10AM\HighresScreenshot00270_depth_20_light_rain_10AM.txt,20.0|light_rain|10AM,20.0,light_rain,10AM,2744,1590,1181 681 1249 718
C:\Users\depthlev\Desktop\droneImages\dataset\depth_20\light_rain\10AM\HighresScreenshot00271_depth_20_light_rain_10AM.png,C:\Users\depthlev\Desktop\droneImages\dataset\depth_20\light_rain\10AM\HighresScreenshot00271_depth_20_light_rain_10AM.txt,20.0|light_rain|10AM,20.0,light_rain,10AM,2744,1590,1890 1241 1997 1289
C:\Users\depthlev\Desktop\droneImages\dataset\depth_20\light_rain\10AM\HighresScreenshot00272_depth_20_light_rain_10AM.png,C:\Users\depthlev\Desktop\droneImages\dataset\depth_20\light_rain\10AM\HighresScreenshot00272_depth_20_light_rain_10AM.txt,20.0|light_rain|10AM,20.0,light_rain,10AM,2744,1590,1371 806 1442 890
C:\Users\depthlev\Desktop\droneImages\dataset\depth_20\light_rain\10AM\HighresScreenshot00273_depth_20_light_rain_10AM.png,C:\Users\depthlev\Desktop\droneImages\dataset\depth_20\light_rain\10AM\HighresScreenshot00273_depth_20_light_rain_10AM.txt,20.0|light_rain|10AM,20.0,light_rain,10AM,2744,1590,1108 559 1186 635
C:\Users\depthlev\Desktop\droneImages\dataset\depth_20\light_rain\10AM\HighresScreenshot00274_depth_20_light_rain_10AM.png,C:\Users\depthlev\Desktop\droneImages\dataset\depth_20\light_rain\10AM\HighresScreenshot00274_depth_20_light_rain_10AM.txt,20.0|light_rain|10AM,20.0,light_rain,10AM,2744,1590,1490 901 1579 968
C:\Users\depthlev\Desktop\droneImages\dataset\depth_20\light_rain\10AM\HighresScreenshot00275_depth_20_light_rain_10AM.png,C:\Users\depthlev\Desktop\droneImages\dataset\depth_20\light_rain\10AM\HighresScreenshot00275_depth_20_light_rain_10AM.txt,20.0|light_rain|10AM,20.0,light_rain,10AM,2744,1590,1401 1161 1491 1185
C:\Users\depthlev\Desktop\droneImages\dataset\depth_20\light_rain\10AM\HighresScreenshot00276_depth_20_light_rain_10AM.png,C:\Users\depthlev\Desktop\droneImages\dataset\depth_20\light_rain\10AM\HighresScreenshot00276_depth_20_light_rain_10AM.txt,20.0|light_rain|10AM,20.0,light_rain,10AM,2744,1590,1204 758 1282 798
C:\Users\depthlev\Desktop\droneImages\dataset\depth_20\light_rain\10AM\HighresScreenshot00277_depth_20_light_rain_10AM.png,C:\Users\depthlev\Desktop\droneImages\dataset\depth_20\light_rain\10AM\HighresScreenshot00277_depth_20_light_rain_10AM.txt,20.0|light_rain|10AM,20.0,light_rain,10AM,2744,1590,1383 411 1461 477
C:\Users\depthlev\Desktop\droneImages\dataset\depth_20\light_rain\10AM\HighresScreenshot00278_depth_20_light_rain_10AM.png,C:\Users\depthlev\Desktop\droneImages\dataset\depth_20\light_rain\10AM\HighresScreenshot00278_depth_20_light_rain_10AM.txt,20.0|light_rain|10AM,20.0,light_rain,10AM,2744,1590,1660 962 1746 1053
C:\Users\depthlev\Desktop\droneImages\dataset\depth_20\light_rain\10AM\HighresScreenshot00279_depth_20_light_rain_10AM.png,C:\Users\depthlev\Desktop\droneImages\dataset\depth_20\light_rain\10AM\HighresScreenshot00279_depth_20_light_rain_10AM.txt,20.0|light_rain|10AM,20.0,light_rain,10AM,2744,1590,1037 940 1146 978
C:\Users\depthlev\Desktop\droneImages\dataset\depth_20\light_rain\10AM\HighresScreenshot00280_depth_20_light_rain_10AM.png,C:\Users\depthlev\Desktop\droneImages\dataset\depth_20\light_rain\10AM\HighresScreenshot00280_depth_20_light_rain_10AM.txt,20.0|light_rain|10AM,20.0,light_rain,10AM,2744,1590,843 963 972 1065
C:\Users\depthlev\Desktop\droneImages\dataset\depth_20\light_rain\10AM\HighresScreenshot00281_depth_20_light_rain_10AM.png,C:\Users\depthlev\Desktop\droneImages\dataset\depth_20\light_rain\10AM\HighresScreenshot00281_depth_20_light_rain_10AM.txt,20.0|light_rain|10AM,20.0,light_rain,10AM,2744,1590,1851 1100 1971 1153
C:\Users\depthlev\Desktop\droneImages\dataset\depth_20\light_rain\10AM\HighresScreenshot00282_depth_20_light_rain_10AM.png,C:\Users\depthlev\Desktop\droneImages\dataset\depth_20\light_rain\10AM\HighresScreenshot00282_depth_20_light_rain_10AM.txt,20.0|light_rain|10AM,20.0,light_rain,10AM,2744,1590,970 640 1094 695
C:\Users\depthlev\Desktop\droneImages\dataset\depth_20\light_rain\10AM\HighresScreenshot00283_depth_20_light_rain_10AM.png,C:\Users\depthlev\Desktop\droneImages\dataset\depth_20\light_rain\10AM\HighresScreenshot00283_depth_20_light_rain_10AM.txt,20.0|light_rain|10AM,20.0,light_rain,10AM,2744,1590,2052 1214 2177 1291
C:\Users\depthlev\Desktop\droneImages\dataset\depth_20\light_rain\10AM\HighresScreenshot00284_depth_20_light_rain_10AM.png,C:\Users\depthlev\Desktop\droneImages\dataset\depth_20\light_rain\10AM\HighresScreenshot00284_depth_20_light_rain_10AM.txt,20.0|light_rain|10AM,20.0,light_rain,10AM,2744,1590,538 389 693 448
C:\Users\depthlev\Desktop\droneImages\dataset\depth_20\light_rain\10AM\HighresScreenshot00285_depth_20_light_rain_10AM.png,C:\Users\depthlev\Desktop\droneImages\dataset\depth_20\light_rain\10AM\HighresScreenshot00285_depth_20_light_rain_10AM.txt,20.0|light_rain|10AM,20.0,light_rain,10AM,2744,1590,806 639 934 729
C:\Users\depthlev\Desktop\droneImages\dataset\depth_20\light_rain\10AM\HighresScreenshot00286_depth_20_light_rain_10AM.png,C:\Users\depthlev\Desktop\droneImages\dataset\depth_20\light_rain\10AM\HighresScreenshot00286_depth_20_light_rain_10AM.txt,20.0|light_rain|10AM,20.0,light_rain,10AM,2744,1590,1233 1116 1344 1203
C:\Users\depthlev\Desktop\droneImages\dataset\depth_20\light_rain\10AM\HighresScreenshot00287_depth_20_light_rain_10AM.png,C:\Users\depthlev\Desktop\droneImages\dataset\depth_20\light_rain\10AM\HighresScreenshot00287_depth_20_light_rain_10AM.txt,20.0|light_rain|10AM,20.0,light_rain,10AM,2744,1590,872 901 987 947
C:\Users\depthlev\Desktop\droneImages\dataset\depth_20\light_rain\10AM\HighresScreenshot00288_depth_20_light_rain_10AM.png,C:\Users\depthlev\Desktop\droneImages\dataset\depth_20\light_rain\10AM\HighresScreenshot00288_depth_20_light_rain_10AM.txt,20.0|light_rain|10AM,20.0,light_rain,10AM,2744,1590,914 367 1031 467
C:\Users\depthlev\Desktop\droneImages\dataset\depth_20\light_rain\10AM\HighresScreenshot00289_depth_20_light_rain_10AM.png,C:\Users\depthlev\Desktop\droneImages\dataset\depth_20\light_rain\10AM\HighresScreenshot00289_depth_20_light_rain_10AM.txt,20.0|light_rain|10AM,20.0,light_rain,10AM,2744,1590,804 421 931 517
C:\Users\depthlev\Desktop\droneImages\dataset\depth_20\light_rain\10AM\HighresScreenshot00290_depth_20_light_rain_10AM.png,C:\Users\depthlev\Desktop\droneImages\dataset\depth_20\light_rain\10AM\HighresScreenshot00290_depth_20_light_rain_10AM.txt,20.0|light_rain|10AM,20.0,light_rain,10AM,2744,1590,1715 1202 1842 1312
C:\Users\depthlev\Desktop\droneImages\dataset\depth_20\light_rain\10AM\HighresScreenshot00291_depth_20_light_rain_10AM.png,C:\Users\depthlev\Desktop\droneImages\dataset\depth_20\light_rain\10AM\HighresScreenshot00291_depth_20_light_rain_10AM.txt,20.0|light_rain|10AM,20.0,light_rain,10AM,2744,1590,1662 775 1774 851
C:\Users\depthlev\Desktop\droneImages\dataset\depth_20\light_rain\10AM\HighresScreenshot00292_depth_20_light_rain_10AM.png,C:\Users\depthlev\Desktop\droneImages\dataset\depth_20\light_rain\10AM\HighresScreenshot00292_depth_20_light_rain_10AM.txt,20.0|light_rain|10AM,20.0,light_rain,10AM,2744,1590,974 944 1096 1050
C:\Users\depthlev\Desktop\droneImages\dataset\depth_20\light_rain\10AM\HighresScreenshot00293_depth_20_light_rain_10AM.png,C:\Users\depthlev\Desktop\droneImages\dataset\depth_20\light_rain\10AM\HighresScreenshot00293_depth_20_light_rain_10AM.txt,20.0|light_rain|10AM,20.0,light_rain,10AM,2744,1590,1328 448 1421 518
C:\Users\depthlev\Desktop\droneImages\dataset\depth_20\light_rain\10AM\HighresScreenshot00294_depth_20_light_rain_10AM.png,C:\Users\depthlev\Desktop\droneImages\dataset\depth_20\light_rain\10AM\HighresScreenshot00294_depth_20_light_rain_10AM.txt,20.0|light_rain|10AM,20.0,light_rain,10AM,2744,1590,1765 697 1873 745
C:\Users\depthlev\Desktop\droneImages\dataset\depth_20\light_rain\10AM\HighresScreenshot00295_depth_20_light_rain_10AM.png,C:\Users\depthlev\Desktop\droneImages\dataset\depth_20\light_rain\10AM\HighresScreenshot00295_depth_20_light_rain_10AM.txt,20.0|light_rain|10AM,20.0,light_rain,10AM,2744,1590,1441 1266 1531 1348
C:\Users\depthlev\Desktop\droneImages\dataset\depth_20\light_rain\10AM\HighresScreenshot00296_depth_20_light_rain_10AM.png,C:\Users\depthlev\Desktop\droneImages\dataset\depth_20\light_rain\10AM\HighresScreenshot00296_depth_20_light_rain_10AM.txt,20.0|light_rain|10AM,20.0,light_rain,10AM,2744,1590,1456 434 1568 547
C:\Users\depthlev\Desktop\droneImages\dataset\depth_20\light_rain\10AM\HighresScreenshot00297_depth_20_light_rain_10AM.png,C:\Users\depthlev\Desktop\droneImages\dataset\depth_20\light_rain\10AM\HighresScreenshot00297_depth_20_light_rain_10AM.txt,20.0|light_rain|10AM,20.0,light_rain,10AM,2744,1590,1207 892 1294 954
C:\Users\depthlev\Desktop\droneImages\dataset\depth_20\light_rain\10AM\HighresScreenshot00298_depth_20_light_rain_10AM.png,C:\Users\depthlev\Desktop\droneImages\dataset\depth_20\light_rain\10AM\HighresScreenshot00298_depth_20_light_rain_10AM.txt,20.0|light_rain|10AM,20.0,light_rain,10AM,2744,1590,1480 396 1602 438
C:\Users\depthlev\Desktop\droneImages\dataset\depth_20\light_rain\10AM\HighresScreenshot00299_depth_20_light_rain_10AM.png,C:\Users\depthlev\Desktop\droneImages\dataset\depth_20\light_rain\10AM\HighresScreenshot00299_depth_20_light_rain_10AM.txt,20.0|light_rain|10AM,20.0,light_rain,10AM,2744,1590,1367 374 1475 435
C:\Users\depthlev\Desktop\droneImages\dataset\depth_20\light_rain\10AM\HighresScreenshot00300_depth_20_light_rain_10AM.png,C:\Users\depthlev\Desktop\droneImages\dataset\depth_20\light_rain\10AM\HighresScreenshot00300_depth_20_light_rain_10AM.txt,20.0|light_rain|10AM,20.0,light_rain,10AM,2744,1590,1736 1084 1865 1148
C:\Users\depthlev\Desktop\droneImages\dataset\depth_20\light_rain\10AM\HighresScreenshot00301_depth_20_light_rain_10AM.png,C:\Users\depthlev\Desktop\droneImages\dataset\depth_20\light_rain\10AM\HighresScreenshot00301_depth_20_light_rain_10AM.txt,20.0|light_rain|10AM,20.0,light_rain,10AM,2744,1590,1351 854 1454 893
C:\Users\depthlev\Desktop\droneImages\dataset\depth_20\light_rain\10AM\HighresScreenshot00302_depth_20_light_rain_10AM.png,C:\Users\depthlev\Desktop\droneImages\dataset\depth_20\light_rain\10AM\HighresScreenshot00302_depth_20_light_rain_10AM.txt,20.0|light_rain|10AM,20.0,light_rain,10AM,2744,1590,1473 514 1589 627
C:\Users\depthlev\Desktop\droneImages\dataset\depth_20\light_rain\10AM\HighresScreenshot00303_depth_20_light_rain_10AM.png,C:\Users\depthlev\Desktop\droneImages\dataset\depth_20\light_rain\10AM\HighresScreenshot00303_depth_20_light_rain_10AM.txt,20.0|light_rain|10AM,20.0,light_rain,10AM,2744,1590,1337 799 1431 828
C:\Users\depthlev\Desktop\droneImages\dataset\depth_20\light_rain\10AM\HighresScreenshot00304_depth_20_light_rain_10AM.png,C:\Users\depthlev\Desktop\droneImages\dataset\depth_20\light_rain\10AM\HighresScreenshot00304_depth_20_light_rain_10AM.txt,20.0|light_rain|10AM,20.0,light_rain,10AM,2744,1590,936 948 1058 1055
C:\Users\depthlev\Desktop\droneImages\dataset\depth_20\light_rain\10AM\HighresScreenshot00305_depth_20_light_rain_10AM.png,C:\Users\depthlev\Desktop\droneImages\dataset\depth_20\light_rain\10AM\HighresScreenshot00305_depth_20_light_rain_10AM.txt,20.0|light_rain|10AM,20.0,light_rain,10AM,2744,1590,1520 330 1642 407
C:\Users\depthlev\Desktop\droneImages\dataset\depth_20\light_rain\10AM\HighresScreenshot00306_depth_20_light_rain_10AM.png,C:\Users\depthlev\Desktop\droneImages\dataset\depth_20\light_rain\10AM\HighresScreenshot00306_depth_20_light_rain_10AM.txt,20.0|light_rain|10AM,20.0,light_rain,10AM,2744,1590,1228 1077 1331 1175
C:\Users\depthlev\Desktop\droneImages\dataset\depth_20\light_rain\10AM\HighresScreenshot00307_depth_20_light_rain_10AM.png,C:\Users\depthlev\Desktop\droneImages\dataset\depth_20\light_rain\10AM\HighresScreenshot00307_depth_20_light_rain_10AM.txt,20.0|light_rain|10AM,20.0,light_rain,10AM,2744,1590,741 497 865 527
C:\Users\depthlev\Desktop\droneImages\dataset\depth_20\light_rain\10AM\HighresScreenshot00308_depth_20_light_rain_10AM.png,C:\Users\depthlev\Desktop\droneImages\dataset\depth_20\light_rain\10AM\HighresScreenshot00308_depth_20_light_rain_10AM.txt,20.0|light_rain|10AM,20.0,light_rain,10AM,2744,1590,1377 600 1460 666
C:\Users\depthlev\Desktop\droneImages\dataset\depth_20\light_rain\10AM\HighresScreenshot00309_depth_20_light_rain_10AM.png,C:\Users\depthlev\Desktop\droneImages\dataset\depth_20\light_rain\10AM\HighresScreenshot00309_depth_20_light_rain_10AM.txt,20.0|light_rain|10AM,20.0,light_rain,10AM,2744,1590,1070 563 1178 649
C:\Users\depthlev\Desktop\droneImages\dataset\depth_20\light_rain\10AM\HighresScreenshot00310_depth_20_light_rain_10AM.png,C:\Users\depthlev\Desktop\droneImages\dataset\depth_20\light_rain\10AM\HighresScreenshot00310_depth_20_light_rain_10AM.txt,20.0|light_rain|10AM,20.0,light_rain,10AM,2744,1590,942 433 1048 535
C:\Users\depthlev\Desktop\droneImages\dataset\depth_20\light_rain\10AM\HighresScreenshot00311_depth_20_light_rain_10AM.png,C:\Users\depthlev\Desktop\droneImages\dataset\depth_20\light_rain\10AM\HighresScreenshot00311_depth_20_light_rain_10AM.txt,20.0|light_rain|10AM,20.0,light_rain,10AM,2744,1590,1528 762 1636 818
C:\Users\depthlev\Desktop\droneImages\dataset\depth_20\light_rain\10AM\HighresScreenshot00312_depth_20_light_rain_10AM.png,C:\Users\depthlev\Desktop\droneImages\dataset\depth_20\light_rain\10AM\HighresScreenshot00312_depth_20_light_rain_10AM.txt,20.0|light_rain|10AM,20.0,light_rain,10AM,2744,1590,1602 805 1721 906
C:\Users\depthlev\Desktop\droneImages\dataset\depth_20\light_rain\10AM\HighresScreenshot00313_depth_20_light_rain_10AM.png,C:\Users\depthlev\Desktop\droneImages\dataset\depth_20\light_rain\10AM\HighresScreenshot00313_depth_20_light_rain_10AM.txt,20.0|light_rain|10AM,20.0,light_rain,10AM,2744,1590,1786 1048 1906 1153
C:\Users\depthlev\Desktop\droneImages\dataset\depth_20\light_rain\10AM\HighresScreenshot00314_depth_20_light_rain_10AM.png,C:\Users\depthlev\Desktop\droneImages\dataset\depth_20\light_rain\10AM\HighresScreenshot00314_depth_20_light_rain_10AM.txt,20.0|light_rain|10AM,20.0,light_rain,10AM,2744,1590,744 1351 878 1385
C:\Users\depthlev\Desktop\droneImages\dataset\depth_20\light_rain\10AM\HighresScreenshot00315_depth_20_light_rain_10AM.png,C:\Users\depthlev\Desktop\droneImages\dataset\depth_20\light_rain\10AM\HighresScreenshot00315_depth_20_light_rain_10AM.txt,20.0|light_rain|10AM,20.0,light_rain,10AM,2744,1590,1302 1082 1420 1132
C:\Users\depthlev\Desktop\droneImages\dataset\depth_20\light_rain\10AM\HighresScreenshot00316_depth_20_light_rain_10AM.png,C:\Users\depthlev\Desktop\droneImages\dataset\depth_20\light_rain\10AM\HighresScreenshot00316_depth_20_light_rain_10AM.txt,20.0|light_rain|10AM,20.0,light_rain,10AM,2744,1590,713 951 850 1044
C:\Users\depthlev\Desktop\droneImages\dataset\depth_20\light_rain\10AM\HighresScreenshot00317_depth_20_light_rain_10AM.png,C:\Users\depthlev\Desktop\droneImages\dataset\depth_20\light_rain\10AM\HighresScreenshot00317_depth_20_light_rain_10AM.txt,20.0|light_rain|10AM,20.0,light_rain,10AM,2744,1590,1778 483 1896 588
C:\Users\depthlev\Desktop\droneImages\dataset\depth_20\light_rain\10AM\HighresScreenshot00318_depth_20_light_rain_10AM.png,C:\Users\depthlev\Desktop\droneImages\dataset\depth_20\light_rain\10AM\HighresScreenshot00318_depth_20_light_rain_10AM.txt,20.0|light_rain|10AM,20.0,light_rain,10AM,2744,1590,1030 972 1151 1057
C:\Users\depthlev\Desktop\droneImages\dataset\depth_20\light_rain\10AM\HighresScreenshot00319_depth_20_light_rain_10AM.png,C:\Users\depthlev\Desktop\droneImages\dataset\depth_20\light_rain\10AM\HighresScreenshot00319_depth_20_light_rain_10AM.txt,20.0|light_rain|10AM,20.0,light_rain,10AM,2744,1590,874 832 992 934
C:\Users\depthlev\Desktop\droneImages\dataset\depth_20\light_rain\10AM\HighresScreenshot00320_depth_20_light_rain_10AM.png,C:\Users\depthlev\Desktop\droneImages\dataset\depth_20\light_rain\10AM\HighresScreenshot00320_depth_20_light_rain_10AM.txt,20.0|light_rain|10AM,20.0,light_rain,10AM,2744,1590,898 1304 1032 1414
C:\Users\depthlev\Desktop\droneImages\dataset\depth_20\light_rain\10AM\HighresScreenshot00321_depth_20_light_rain_10AM.png,C:\Users\depthlev\Desktop\droneImages\dataset\depth_20\light_rain\10AM\HighresScreenshot00321_depth_20_light_rain_10AM.txt,20.0|light_rain|10AM,20.0,light_rain,10AM,2744,1590,1318 421 1433 539
C:\Users\depthlev\Desktop\droneImages\dataset\depth_20\light_rain\10AM\HighresScreenshot00322_depth_20_light_rain_10AM.png,C:\Users\depthlev\Desktop\droneImages\dataset\depth_20\light_rain\10AM\HighresScreenshot00322_depth_20_light_rain_10AM.txt,20.0|light_rain|10AM,20.0,light_rain,10AM,2744,1590,1701 1017 1826 1129
C:\Users\depthlev\Desktop\droneImages\dataset\depth_20\light_rain\10AM\HighresScreenshot00323_depth_20_light_rain_10AM.png,C:\Users\depthlev\Desktop\droneImages\dataset\depth_20\light_rain\10AM\HighresScreenshot00323_depth_20_light_rain_10AM.txt,20.0|light_rain|10AM,20.0,light_rain,10AM,2744,1590,2074 595 2231 623
C:\Users\depthlev\Desktop\droneImages\dataset\depth_20\light_rain\10AM\HighresScreenshot00324_depth_20_light_rain_10AM.png,C:\Users\depthlev\Desktop\droneImages\dataset\depth_20\light_rain\10AM\HighresScreenshot00324_depth_20_light_rain_10AM.txt,20.0|light_rain|10AM,20.0,light_rain,10AM,2744,1590,1038 623 1161 658
C:\Users\depthlev\Desktop\droneImages\dataset\depth_20\light_rain\10AM\HighresScreenshot00325_depth_20_light_rain_10AM.png,C:\Users\depthlev\Desktop\droneImages\dataset\depth_20\light_rain\10AM\HighresScreenshot00325_depth_20_light_rain_10AM.txt,20.0|light_rain|10AM,20.0,light_rain,10AM,2744,1590,1464 378 1576 434
C:\Users\depthlev\Desktop\droneImages\dataset\depth_20\light_rain\10AM\HighresScreenshot00326_depth_20_light_rain_10AM.png,C:\Users\depthlev\Desktop\droneImages\dataset\depth_20\light_rain\10AM\HighresScreenshot00326_depth_20_light_rain_10AM.txt,20.0|light_rain|10AM,20.0,light_rain,10AM,2744,1590,1496 1087 1599 1194
C:\Users\depthlev\Desktop\droneImages\dataset\depth_20\light_rain\10AM\HighresScreenshot00327_depth_20_light_rain_10AM.png,C:\Users\depthlev\Desktop\droneImages\dataset\depth_20\light_rain\10AM\HighresScreenshot00327_depth_20_light_rain_10AM.txt,20.0|light_rain|10AM,20.0,light_rain,10AM,2744,1590,1684 839 1790 898
C:\Users\depthlev\Desktop\droneImages\dataset\depth_20\light_rain\10AM\HighresScreenshot00328_depth_20_light_rain_10AM.png,C:\Users\depthlev\Desktop\droneImages\dataset\depth_20\light_rain\10AM\HighresScreenshot00328_depth_20_light_rain_10AM.txt,20.0|light_rain|10AM,20.0,light_rain,10AM,2744,1590,1856 409 1991 502
C:\Users\depthlev\Desktop\droneImages\dataset\depth_20\light_rain\10AM\HighresScreenshot00329_depth_20_light_rain_10AM.png,C:\Users\depthlev\Desktop\droneImages\dataset\depth_20\light_rain\10AM\HighresScreenshot00329_depth_20_light_rain_10AM.txt,20.0|light_rain|10AM,20.0,light_rain,10AM,2744,1590,1267 393 1379 445
C:\Users\depthlev\Desktop\droneImages\dataset\depth_20\light_rain\10AM\HighresScreenshot00330_depth_20_light_rain_10AM.png,C:\Users\depthlev\Desktop\droneImages\dataset\depth_20\light_rain\10AM\HighresScreenshot00330_depth_20_light_rain_10AM.txt,20.0|light_rain|10AM,20.0,light_rain,10AM,2744,1590,643 1338 763 1440
C:\Users\depthlev\Desktop\droneImages\dataset\depth_20\light_rain\10AM\HighresScreenshot00331_depth_20_light_rain_10AM.png,C:\Users\depthlev\Desktop\droneImages\dataset\depth_20\light_rain\10AM\HighresScreenshot00331_depth_20_light_rain_10AM.txt,20.0|light_rain|10AM,20.0,light_rain,10AM,2744,1590,1489 1106 1587 1149
C:\Users\depthlev\Desktop\droneImages\dataset\depth_20\light_rain\10AM\HighresScreenshot00332_depth_20_light_rain_10AM.png,C:\Users\depthlev\Desktop\droneImages\dataset\depth_20\light_rain\10AM\HighresScreenshot00332_depth_20_light_rain_10AM.txt,20.0|light_rain|10AM,20.0,light_rain,10AM,2744,1590,1303 941 1386 1009
C:\Users\depthlev\Desktop\droneImages\dataset\depth_20\light_rain\10AM\HighresScreenshot00333_depth_20_light_rain_10AM.png,C:\Users\depthlev\Desktop\droneImages\dataset\depth_20\light_rain\10AM\HighresScreenshot00333_depth_20_light_rain_10AM.txt,20.0|light_rain|10AM,20.0,light_rain,10AM,2744,1590,741 909 854 994
C:\Users\depthlev\Desktop\droneImages\dataset\depth_20\light_rain\10AM\HighresScreenshot00334_depth_20_light_rain_10AM.png,C:\Users\depthlev\Desktop\droneImages\dataset\depth_20\light_rain\10AM\HighresScreenshot00334_depth_20_light_rain_10AM.txt,20.0|light_rain|10AM,20.0,light_rain,10AM,2744,1590,1427 1154 1548 1181
C:\Users\depthlev\Desktop\droneImages\dataset\depth_20\light_rain\10AM\HighresScreenshot00335_depth_20_light_rain_10AM.png,C:\Users\depthlev\Desktop\droneImages\dataset\depth_20\light_rain\10AM\HighresScreenshot00335_depth_20_light_rain_10AM.txt,20.0|light_rain|10AM,20.0,light_rain,10AM,2744,1590,1913 1252 2061 1284
C:\Users\depthlev\Desktop\droneImages\dataset\depth_20\light_rain\10AM\HighresScreenshot00336_depth_20_light_rain_10AM.png,C:\Users\depthlev\Desktop\droneImages\dataset\depth_20\light_rain\10AM\HighresScreenshot00336_depth_20_light_rain_10AM.txt,20.0|light_rain|10AM,20.0,light_rain,10AM,2744,1590,884 1021 997 1107
C:\Users\depthlev\Desktop\droneImages\dataset\depth_20\light_rain\10AM\HighresScreenshot00337_depth_20_light_rain_10AM.png,C:\Users\depthlev\Desktop\droneImages\dataset\depth_20\light_rain\10AM\HighresScreenshot00337_depth_20_light_rain_10AM.txt,20.0|light_rain|10AM,20.0,light_rain,10AM,2744,1590,1484 1006 1592 1072
C:\Users\depthlev\Desktop\droneImages\dataset\depth_20\light_rain\10AM\HighresScreenshot00338_depth_20_light_rain_10AM.png,C:\Users\depthlev\Desktop\droneImages\dataset\depth_20\light_rain\10AM\HighresScreenshot00338_depth_20_light_rain_10AM.txt,20.0|light_rain|10AM,20.0,light_rain,10AM,2744,1590,1271 619 1377 708
C:\Users\depthlev\Desktop\droneImages\dataset\depth_20\light_rain\10AM\HighresScreenshot00339_depth_20_light_rain_10AM.png,C:\Users\depthlev\Desktop\droneImages\dataset\depth_20\light_rain\10AM\HighresScreenshot00339_depth_20_light_rain_10AM.txt,20.0|light_rain|10AM,20.0,light_rain,10AM,2744,1590,1384 915 1494 1026
C:\Users\depthlev\Desktop\droneImages\dataset\depth_20\light_rain\10AM\HighresScreenshot00340_depth_20_light_rain_10AM.png,C:\Users\depthlev\Desktop\droneImages\dataset\depth_20\light_rain\10AM\HighresScreenshot00340_depth_20_light_rain_10AM.txt,20.0|light_rain|10AM,20.0,light_rain,10AM,2744,1590,900 376 1031 442
C:\Users\depthlev\Desktop\droneImages\dataset\depth_20\light_rain\10AM\HighresScreenshot00341_depth_20_light_rain_10AM.png,C:\Users\depthlev\Desktop\droneImages\dataset\depth_20\light_rain\10AM\HighresScreenshot00341_depth_20_light_rain_10AM.txt,20.0|light_rain|10AM,20.0,light_rain,10AM,2744,1590,1291 895 1405 1005
C:\Users\depthlev\Desktop\droneImages\dataset\depth_20\light_rain\10AM\HighresScreenshot00342_depth_20_light_rain_10AM.png,C:\Users\depthlev\Desktop\droneImages\dataset\depth_20\light_rain\10AM\HighresScreenshot00342_depth_20_light_rain_10AM.txt,20.0|light_rain|10AM,20.0,light_rain,10AM,2744,1590,1495 947 1611 1059
C:\Users\depthlev\Desktop\droneImages\dataset\depth_20\light_rain\10AM\HighresScreenshot00343_depth_20_light_rain_10AM.png,C:\Users\depthlev\Desktop\droneImages\dataset\depth_20\light_rain\10AM\HighresScreenshot00343_depth_20_light_rain_10AM.txt,20.0|light_rain|10AM,20.0,light_rain,10AM,2744,1590,975 482 1103 518
C:\Users\depthlev\Desktop\droneImages\dataset\depth_20\light_rain\10AM\HighresScreenshot00344_depth_20_light_rain_10AM.png,C:\Users\depthlev\Desktop\droneImages\dataset\depth_20\light_rain\10AM\HighresScreenshot00344_depth_20_light_rain_10AM.txt,20.0|light_rain|10AM,20.0,light_rain,10AM,2744,1590,1462 414 1562 503
C:\Users\depthlev\Desktop\droneImages\dataset\depth_20\light_rain\10AM\HighresScreenshot00345_depth_20_light_rain_10AM.png,C:\Users\depthlev\Desktop\droneImages\dataset\depth_20\light_rain\10AM\HighresScreenshot00345_depth_20_light_rain_10AM.txt,20.0|light_rain|10AM,20.0,light_rain,10AM,2744,1590,777 1361 896 1447
C:\Users\depthlev\Desktop\droneImages\dataset\depth_20\light_rain\10AM\HighresScreenshot00346_depth_20_light_rain_10AM.png,C:\Users\depthlev\Desktop\droneImages\dataset\depth_20\light_rain\10AM\HighresScreenshot00346_depth_20_light_rain_10AM.txt,20.0|light_rain|10AM,20.0,light_rain,10AM,2744,1590,1510 756 1626 865
C:\Users\depthlev\Desktop\droneImages\dataset\depth_20\light_rain\10AM\HighresScreenshot00347_depth_20_light_rain_10AM.png,C:\Users\depthlev\Desktop\droneImages\dataset\depth_20\light_rain\10AM\HighresScreenshot00347_depth_20_light_rain_10AM.txt,20.0|light_rain|10AM,20.0,light_rain,10AM,2744,1590,832 431 935 468
C:\Users\depthlev\Desktop\droneImages\dataset\depth_20\light_rain\10AM\HighresScreenshot00348_depth_20_light_rain_10AM.png,C:\Users\depthlev\Desktop\droneImages\dataset\depth_20\light_rain\10AM\HighresScreenshot00348_depth_20_light_rain_10AM.txt,20.0|light_rain|10AM,20.0,light_rain,10AM,2744,1590,1609 904 1719 935
C:\Users\depthlev\Desktop\droneImages\dataset\depth_20\light_rain\10AM\HighresScreenshot00349_depth_20_light_rain_10AM.png,C:\Users\depthlev\Desktop\droneImages\dataset\depth_20\light_rain\10AM\HighresScreenshot00349_depth_20_light_rain_10AM.txt,20.0|light_rain|10AM,20.0,light_rain,10AM,2744,1590,887 904 996 972
C:\Users\depthlev\Desktop\droneImages\dataset\depth_20\light_rain\10AM\HighresScreenshot00350_depth_20_light_rain_10AM.png,C:\Users\depthlev\Desktop\droneImages\dataset\depth_20\light_rain\10AM\HighresScreenshot00350_depth_20_light_rain_10AM.txt,20.0|light_rain|10AM,20.0,light_rain,10AM,2744,1590,1631 362 1729 434
C:\Users\depthlev\Desktop\droneImages\dataset\depth_20\light_rain\10AM\HighresScreenshot00351_depth_20_light_rain_10AM.png,C:\Users\depthlev\Desktop\droneImages\dataset\depth_20\light_rain\10AM\HighresScreenshot00351_depth_20_light_rain_10AM.txt,20.0|light_rain|10AM,20.0,light_rain,10AM,2744,1590,715 530 839 594
C:\Users\depthlev\Desktop\droneImages\dataset\depth_20\light_rain\10AM\HighresScreenshot00352_depth_20_light_rain_10AM.png,C:\Users\depthlev\Desktop\droneImages\dataset\depth_20\light_rain\10AM\HighresScreenshot00352_depth_20_light_rain_10AM.txt,20.0|light_rain|10AM,20.0,light_rain,10AM,2744,1590,1446 445 1553 472
C:\Users\depthlev\Desktop\droneImages\dataset\depth_20\light_rain\10AM\HighresScreenshot00353_depth_20_light_rain_10AM.png,C:\Users\depthlev\Desktop\droneImages\dataset\depth_20\light_rain\10AM\HighresScreenshot00353_depth_20_light_rain_10AM.txt,20.0|light_rain|10AM,20.0,light_rain,10AM,2744,1590,1320 1070 1426 1094
C:\Users\depthlev\Desktop\droneImages\dataset\depth_20\light_rain\10AM\HighresScreenshot00354_depth_20_light_rain_10AM.png,C:\Users\depthlev\Desktop\droneImages\dataset\depth_20\light_rain\10AM\HighresScreenshot00354_depth_20_light_rain_10AM.txt,20.0|light_rain|10AM,20.0,light_rain,10AM,2744,1590,1293 559 1404 672
C:\Users\depthlev\Desktop\droneImages\dataset\depth_20\light_rain\10AM\HighresScreenshot00355_depth_20_light_rain_10AM.png,C:\Users\depthlev\Desktop\droneImages\dataset\depth_20\light_rain\10AM\HighresScreenshot00355_depth_20_light_rain_10AM.txt,20.0|light_rain|10AM,20.0,light_rain,10AM,2744,1590,1372 1038 1489 1088
C:\Users\depthlev\Desktop\droneImages\dataset\depth_20\light_rain\10AM\HighresScreenshot00356_depth_20_light_rain_10AM.png,C:\Users\depthlev\Desktop\droneImages\dataset\depth_20\light_rain\10AM\HighresScreenshot00356_depth_20_light_rain_10AM.txt,20.0|light_rain|10AM,20.0,light_rain,10AM,2744,1590,1634 435 1744 541
C:\Users\depthlev\Desktop\droneImages\dataset\depth_20\light_rain\10AM\HighresScreenshot00357_depth_20_light_rain_10AM.png,C:\Users\depthlev\Desktop\droneImages\dataset\depth_20\light_rain\10AM\HighresScreenshot00357_depth_20_light_rain_10AM.txt,20.0|light_rain|10AM,20.0,light_rain,10AM,2744,1590,1653 1004 1760 1032
C:\Users\depthlev\Desktop\droneImages\dataset\depth_20\light_rain\10AM\HighresScreenshot00358_depth_20_light_rain_10AM.png,C:\Users\depthlev\Desktop\droneImages\dataset\depth_20\light_rain\10AM\HighresScreenshot00358_depth_20_light_rain_10AM.txt,20.0|light_rain|10AM,20.0,light_rain,10AM,2744,1590,743 944 855 981
C:\Users\depthlev\Desktop\droneImages\dataset\depth_20\light_rain\10AM\HighresScreenshot00359_depth_20_light_rain_10AM.png,C:\Users\depthlev\Desktop\droneImages\dataset\depth_20\light_rain\10AM\HighresScreenshot00359_depth_20_light_rain_10AM.txt,20.0|light_rain|10AM,20.0,light_rain,10AM,2744,1590,1423 682 1520 749
C:\Users\depthlev\Desktop\droneImages\dataset\depth_20\light_rain\10AM\HighresScreenshot00360_depth_20_light_rain_10AM.png,C:\Users\depthlev\Desktop\droneImages\dataset\depth_20\light_rain\10AM\HighresScreenshot00360_depth_20_light_rain_10AM.txt,20.0|light_rain|10AM,20.0,light_rain,10AM,2744,1590,895 947 1010 1030
C:\Users\depthlev\Desktop\droneImages\dataset\depth_20\light_rain\10AM\HighresScreenshot00361_depth_20_light_rain_10AM.png,C:\Users\depthlev\Desktop\droneImages\dataset\depth_20\light_rain\10AM\HighresScreenshot00361_depth_20_light_rain_10AM.txt,20.0|light_rain|10AM,20.0,light_rain,10AM,2744,1590,982 686 1092 734
C:\Users\depthlev\Desktop\droneImages\dataset\depth_20\light_rain\10AM\HighresScreenshot00362_depth_20_light_rain_10AM.png,C:\Users\depthlev\Desktop\droneImages\dataset\depth_20\light_rain\10AM\HighresScreenshot00362_depth_20_light_rain_10AM.txt,20.0|light_rain|10AM,20.0,light_rain,10AM,2744,1590,1260 1225 1380 1337
C:\Users\depthlev\Desktop\droneImages\dataset\depth_20\light_rain\10AM\HighresScreenshot00363_depth_20_light_rain_10AM.png,C:\Users\depthlev\Desktop\droneImages\dataset\depth_20\light_rain\10AM\HighresScreenshot00363_depth_20_light_rain_10AM.txt,20.0|light_rain|10AM,20.0,light_rain,10AM,2744,1590,1287 1073 1395 1131
C:\Users\depthlev\Desktop\droneImages\dataset\depth_20\light_rain\10AM\HighresScreenshot00364_depth_20_light_rain_10AM.png,C:\Users\depthlev\Desktop\droneImages\dataset\depth_20\light_rain\10AM\HighresScreenshot00364_depth_20_light_rain_10AM.txt,20.0|light_rain|10AM,20.0,light_rain,10AM,2744,1590,1335 736 1423 804
C:\Users\depthlev\Desktop\droneImages\dataset\depth_20\light_rain\10AM\HighresScreenshot00365_depth_20_light_rain_10AM.png,C:\Users\depthlev\Desktop\droneImages\dataset\depth_20\light_rain\10AM\HighresScreenshot00365_depth_20_light_rain_10AM.txt,20.0|light_rain|10AM,20.0,light_rain,10AM,2744,1590,828 782 952 885
C:\Users\depthlev\Desktop\droneImages\dataset\depth_20\light_rain\10AM\HighresScreenshot00366_depth_20_light_rain_10AM.png,C:\Users\depthlev\Desktop\droneImages\dataset\depth_20\light_rain\10AM\HighresScreenshot00366_depth_20_light_rain_10AM.txt,20.0|light_rain|10AM,20.0,light_rain,10AM,2744,1590,1409 586 1510 688
C:\Users\depthlev\Desktop\droneImages\dataset\depth_20\light_rain\10AM\HighresScreenshot00367_depth_20_light_rain_10AM.png,C:\Users\depthlev\Desktop\droneImages\dataset\depth_20\light_rain\10AM\HighresScreenshot00367_depth_20_light_rain_10AM.txt,20.0|light_rain|10AM,20.0,light_rain,10AM,2744,1590,1541 654 1645 738
C:\Users\depthlev\Desktop\droneImages\dataset\depth_20\light_rain\10AM\HighresScreenshot00368_depth_20_light_rain_10AM.png,C:\Users\depthlev\Desktop\droneImages\dataset\depth_20\light_rain\10AM\HighresScreenshot00368_depth_20_light_rain_10AM.txt,20.0|light_rain|10AM,20.0,light_rain,10AM,2744,1590,1214 915 1305 993
C:\Users\depthlev\Desktop\droneImages\dataset\depth_20\light_rain\10AM\HighresScreenshot00369_depth_20_light_rain_10AM.png,C:\Users\depthlev\Desktop\droneImages\dataset\depth_20\light_rain\10AM\HighresScreenshot00369_depth_20_light_rain_10AM.txt,20.0|light_rain|10AM,20.0,light_rain,10AM,2744,1590,1133 1171 1253 1249
C:\Users\depthlev\Desktop\droneImages\dataset\depth_20\light_rain\10AM\HighresScreenshot00370_depth_20_light_rain_10AM.png,C:\Users\depthlev\Desktop\droneImages\dataset\depth_20\light_rain\10AM\HighresScreenshot00370_depth_20_light_rain_10AM.txt,20.0|light_rain|10AM,20.0,light_rain,10AM,2744,1590,958 678 1074 760
C:\Users\depthlev\Desktop\droneImages\dataset\depth_20\light_rain\10AM\HighresScreenshot00371_depth_20_light_rain_10AM.png,C:\Users\depthlev\Desktop\droneImages\dataset\depth_20\light_rain\10AM\HighresScreenshot00371_depth_20_light_rain_10AM.txt,20.0|light_rain|10AM,20.0,light_rain,10AM,2744,1590,1305 1100 1408 1208
C:\Users\depthlev\Desktop\droneImages\dataset\depth_20\light_rain\10AM\HighresScreenshot00372_depth_20_light_rain_10AM.png,C:\Users\depthlev\Desktop\droneImages\dataset\depth_20\light_rain\10AM\HighresScreenshot00372_depth_20_light_rain_10AM.txt,20.0|light_rain|10AM,20.0,light_rain,10AM,2744,1590,1374 468 1489 586
C:\Users\depthlev\Desktop\droneImages\dataset\depth_20\light_rain\10AM\HighresScreenshot00373_depth_20_light_rain_10AM.png,C:\Users\depthlev\Desktop\droneImages\dataset\depth_20\light_rain\10AM\HighresScreenshot00373_depth_20_light_rain_10AM.txt,20.0|light_rain|10AM,20.0,light_rain,10AM,2744,1590,736 1335 870 1410
C:\Users\depthlev\Desktop\droneImages\dataset\depth_20\light_rain\10AM\HighresScreenshot00374_depth_20_light_rain_10AM.png,C:\Users\depthlev\Desktop\droneImages\dataset\depth_20\light_rain\10AM\HighresScreenshot00374_depth_20_light_rain_10AM.txt,20.0|light_rain|10AM,20.0,light_rain,10AM,2744,1590,1373 1271 1471 1344
C:\Users\depthlev\Desktop\droneImages\dataset\depth_20\light_rain\10AM\HighresScreenshot00375_depth_20_light_rain_10AM.png,C:\Users\depthlev\Desktop\droneImages\dataset\depth_20\light_rain\10AM\HighresScreenshot00375_depth_20_light_rain_10AM.txt,20.0|light_rain|10AM,20.0,light_rain,10AM,2744,1590,1457 625 1552 679
C:\Users\depthlev\Desktop\droneImages\dataset\depth_20\light_rain\10AM\HighresScreenshot00376_depth_20_light_rain_10AM.png,C:\Users\depthlev\Desktop\droneImages\dataset\depth_20\light_rain\10AM\HighresScreenshot00376_depth_20_light_rain_10AM.txt,20.0|light_rain|10AM,20.0,light_rain,10AM,2744,1590,1465 645 1581 699
C:\Users\depthlev\Desktop\droneImages\dataset\depth_20\light_rain\10AM\HighresScreenshot00377_depth_20_light_rain_10AM.png,C:\Users\depthlev\Desktop\droneImages\dataset\depth_20\light_rain\10AM\HighresScreenshot00377_depth_20_light_rain_10AM.txt,20.0|light_rain|10AM,20.0,light_rain,10AM,2744,1590,1598 1178 1697 1250
C:\Users\depthlev\Desktop\droneImages\dataset\depth_20\light_rain\10AM\HighresScreenshot00378_depth_20_light_rain_10AM.png,C:\Users\depthlev\Desktop\droneImages\dataset\depth_20\light_rain\10AM\HighresScreenshot00378_depth_20_light_rain_10AM.txt,20.0|light_rain|10AM,20.0,light_rain,10AM,2744,1590,1722 932 1848 1026
C:\Users\depthlev\Desktop\droneImages\dataset\depth_20\light_rain\10AM\HighresScreenshot00379_depth_20_light_rain_10AM.png,C:\Users\depthlev\Desktop\droneImages\dataset\depth_20\light_rain\10AM\HighresScreenshot00379_depth_20_light_rain_10AM.txt,20.0|light_rain|10AM,20.0,light_rain,10AM,2744,1590,1251 565 1348 590
C:\Users\depthlev\Desktop\droneImages\dataset\depth_20\light_rain\10AM\HighresScreenshot00380_depth_20_light_rain_10AM.png,C:\Users\depthlev\Desktop\droneImages\dataset\depth_20\light_rain\10AM\HighresScreenshot00380_depth_20_light_rain_10AM.txt,20.0|light_rain|10AM,20.0,light_rain,10AM,2744,1590,1788 1364 1927 1482
C:\Users\depthlev\Desktop\droneImages\dataset\depth_20\light_rain\10AM\HighresScreenshot00381_depth_20_light_rain_10AM.png,C:\Users\depthlev\Desktop\droneImages\dataset\depth_20\light_rain\10AM\HighresScreenshot00381_depth_20_light_rain_10AM.txt,20.0|light_rain|10AM,20.0,light_rain,10AM,2744,1590,1094 417 1188 485
C:\Users\depthlev\Desktop\droneImages\dataset\depth_20\light_rain\10AM\HighresScreenshot00382_depth_20_light_rain_10AM.png,C:\Users\depthlev\Desktop\droneImages\dataset\depth_20\light_rain\10AM\HighresScreenshot00382_depth_20_light_rain_10AM.txt,20.0|light_rain|10AM,20.0,light_rain,10AM,2744,1590,1541 1158 1663 1198
C:\Users\depthlev\Desktop\droneImages\dataset\depth_20\light_rain\10AM\HighresScreenshot00383_depth_20_light_rain_10AM.png,C:\Users\depthlev\Desktop\droneImages\dataset\depth_20\light_rain\10AM\HighresScreenshot00383_depth_20_light_rain_10AM.txt,20.0|light_rain|10AM,20.0,light_rain,10AM,2744,1590,1166 909 1260 959
C:\Users\depthlev\Desktop\droneImages\dataset\depth_20\light_rain\10AM\HighresScreenshot00384_depth_20_light_rain_10AM.png,C:\Users\depthlev\Desktop\droneImages\dataset\depth_20\light_rain\10AM\HighresScreenshot00384_depth_20_light_rain_10AM.txt,20.0|light_rain|10AM,20.0,light_rain,10AM,2744,1590,907 367 1038 419
C:\Users\depthlev\Desktop\droneImages\dataset\depth_20\light_rain\10AM\HighresScreenshot00385_depth_20_light_rain_10AM.png,C:\Users\depthlev\Desktop\droneImages\dataset\depth_20\light_rain\10AM\HighresScreenshot00385_depth_20_light_rain_10AM.txt,20.0|light_rain|10AM,20.0,light_rain,10AM,2744,1590,1306 1292 1423 1358
C:\Users\depthlev\Desktop\droneImages\dataset\depth_20\light_rain\10AM\HighresScreenshot00386_depth_20_light_rain_10AM.png,C:\Users\depthlev\Desktop\droneImages\dataset\depth_20\light_rain\10AM\HighresScreenshot00386_depth_20_light_rain_10AM.txt,20.0|light_rain|10AM,20.0,light_rain,10AM,2744,1590,1822 1211 1936 1264
C:\Users\depthlev\Desktop\droneImages\dataset\depth_20\light_rain\10AM\HighresScreenshot00387_depth_20_light_rain_10AM.png,C:\Users\depthlev\Desktop\droneImages\dataset\depth_20\light_rain\10AM\HighresScreenshot00387_depth_20_light_rain_10AM.txt,20.0|light_rain|10AM,20.0,light_rain,10AM,2744,1590,865 935 994 988
C:\Users\depthlev\Desktop\droneImages\dataset\depth_20\light_rain\10AM\HighresScreenshot00388_depth_20_light_rain_10AM.png,C:\Users\depthlev\Desktop\droneImages\dataset\depth_20\light_rain\10AM\HighresScreenshot00388_depth_20_light_rain_10AM.txt,20.0|light_rain|10AM,20.0,light_rain,10AM,2744,1590,1166 1090 1275 1193
C:\Users\depthlev\Desktop\droneImages\dataset\depth_20\light_rain\10AM\HighresScreenshot00389_depth_20_light_rain_10AM.png,C:\Users\depthlev\Desktop\droneImages\dataset\depth_20\light_rain\10AM\HighresScreenshot00389_depth_20_light_rain_10AM.txt,20.0|light_rain|10AM,20.0,light_rain,10AM,2744,1590,1424 948 1527 1031
C:\Users\depthlev\Desktop\droneImages\dataset\depth_20\light_rain\10AM\HighresScreenshot00390_depth_20_light_rain_10AM.png,C:\Users\depthlev\Desktop\droneImages\dataset\depth_20\light_rain\10AM\HighresScreenshot00390_depth_20_light_rain_10AM.txt,20.0|light_rain|10AM,20.0,light_rain,10AM,2744,1590,872 398 1005 453
C:\Users\depthlev\Desktop\droneImages\dataset\depth_20\light_rain\10AM\HighresScreenshot00391_depth_20_light_rain_10AM.png,C:\Users\depthlev\Desktop\droneImages\dataset\depth_20\light_rain\10AM\HighresScreenshot00391_depth_20_light_rain_10AM.txt,20.0|light_rain|10AM,20.0,light_rain,10AM,2744,1590,1394 445 1497 484
C:\Users\depthlev\Desktop\droneImages\dataset\depth_20\light_rain\10AM\HighresScreenshot00392_depth_20_light_rain_10AM.png,C:\Users\depthlev\Desktop\droneImages\dataset\depth_20\light_rain\10AM\HighresScreenshot00392_depth_20_light_rain_10AM.txt,20.0|light_rain|10AM,20.0,light_rain,10AM,2744,1590,743 783 863 821
C:\Users\depthlev\Desktop\droneImages\dataset\depth_20\light_rain\10AM\HighresScreenshot00393_depth_20_light_rain_10AM.png,C:\Users\depthlev\Desktop\droneImages\dataset\depth_20\light_rain\10AM\HighresScreenshot00393_depth_20_light_rain_10AM.txt,20.0|light_rain|10AM,20.0,light_rain,10AM,2744,1590,1235 323 1353 439
C:\Users\depthlev\Desktop\droneImages\dataset\depth_20\light_rain\10AM\HighresScreenshot00394_depth_20_light_rain_10AM.png,C:\Users\depthlev\Desktop\droneImages\dataset\depth_20\light_rain\10AM\HighresScreenshot00394_depth_20_light_rain_10AM.txt,20.0|light_rain|10AM,20.0,light_rain,10AM,2744,1590,688 1238 828 1310
C:\Users\depthlev\Desktop\droneImages\dataset\depth_20\light_rain\10AM\HighresScreenshot00395_depth_20_light_rain_10AM.png,C:\Users\depthlev\Desktop\droneImages\dataset\depth_20\light_rain\10AM\HighresScreenshot00395_depth_20_light_rain_10AM.txt,20.0|light_rain|10AM,20.0,light_rain,10AM,2744,1590,1608 1117 1712 1149
C:\Users\depthlev\Desktop\droneImages\dataset\depth_20\light_rain\10AM\HighresScreenshot00396_depth_20_light_rain_10AM.png,C:\Users\depthlev\Desktop\droneImages\dataset\depth_20\light_rain\10AM\HighresScreenshot00396_depth_20_light_rain_10AM.txt,20.0|light_rain|10AM,20.0,light_rain,10AM,2744,1590,1528 761 1645 860
C:\Users\depthlev\Desktop\droneImages\dataset\depth_20\light_rain\10AM\HighresScreenshot00397_depth_20_light_rain_10AM.png,C:\Users\depthlev\Desktop\droneImages\dataset\depth_20\light_rain\10AM\HighresScreenshot00397_depth_20_light_rain_10AM.txt,20.0|light_rain|10AM,20.0,light_rain,10AM,2744,1590,1876 974 1990 1032
C:\Users\depthlev\Desktop\droneImages\dataset\depth_20\light_rain\10AM\HighresScreenshot00398_depth_20_light_rain_10AM.png,C:\Users\depthlev\Desktop\droneImages\dataset\depth_20\light_rain\10AM\HighresScreenshot00398_depth_20_light_rain_10AM.txt,20.0|light_rain|10AM,20.0,light_rain,10AM,2744,1590,1808 444 1937 542
C:\Users\depthlev\Desktop\droneImages\dataset\depth_20\light_rain\10AM\HighresScreenshot00399_depth_20_light_rain_10AM.png,C:\Users\depthlev\Desktop\droneImages\dataset\depth_20\light_rain\10AM\HighresScreenshot00399_depth_20_light_rain_10AM.txt,20.0|light_rain|10AM,20.0,light_rain,10AM,2744,1590,1453 463 1543 554
C:\Users\depthlev\Desktop\droneImages\dataset\depth_20\light_rain\10AM\HighresScreenshot00400_depth_20_light_rain_10AM.png,C:\Users\depthlev\Desktop\droneImages\dataset\depth_20\light_rain\10AM\HighresScreenshot00400_depth_20_light_rain_10AM.txt,20.0|light_rain|10AM,20.0,light_rain,10AM,2744,1590,706 562 845 631
C:\Users\depthlev\Desktop\droneImages\dataset\depth_20\light_rain\10AM\HighresScreenshot00401_depth_20_light_rain_10AM.png,C:\Users\depthlev\Desktop\droneImages\dataset\depth_20\light_rain\10AM\HighresScreenshot00401_depth_20_light_rain_10AM.txt,20.0|light_rain|10AM,20.0,light_rain,10AM,2750,1686,905 758 968 787
C:\Users\depthlev\Desktop\droneImages\dataset\depth_20\light_rain\10AM\HighresScreenshot00402_depth_20_light_rain_10AM.png,C:\Users\depthlev\Desktop\droneImages\dataset\depth_20\light_rain\10AM\HighresScreenshot00402_depth_20_light_rain_10AM.txt,20.0|light_rain|10AM,20.0,light_rain,10AM,2750,1686,1496 762 1571 843
C:\Users\depthlev\Desktop\droneImages\dataset\depth_20\light_rain\10AM\HighresScreenshot00403_depth_20_light_rain_10AM.png,C:\Users\depthlev\Desktop\droneImages\dataset\depth_20\light_rain\10AM\HighresScreenshot00403_depth_20_light_rain_10AM.txt,20.0|light_rain|10AM,20.0,light_rain,10AM,2750,1686,702 851 794 888
C:\Users\depthlev\Desktop\droneImages\dataset\depth_20\light_rain\10AM\HighresScreenshot00404_depth_20_light_rain_10AM.png,C:\Users\depthlev\Desktop\droneImages\dataset\depth_20\light_rain\10AM\HighresScreenshot00404_depth_20_light_rain_10AM.txt,20.0|light_rain|10AM,20.0,light_rain,10AM,2754,1780,1267 936 1379 962
C:\Users\depthlev\Desktop\droneImages\dataset\depth_20\light_rain\10AM\HighresScreenshot00405_depth_20_light_rain_10AM.png,C:\Users\depthlev\Desktop\droneImages\dataset\depth_20\light_rain\10AM\HighresScreenshot00405_depth_20_light_rain_10AM.txt,20.0|light_rain|10AM,20.0,light_rain,10AM,2744,1590,1249 817 1352 911
C:\Users\depthlev\Desktop\droneImages\dataset\depth_20\light_rain\10AM\HighresScreenshot00406_depth_20_light_rain_10AM.png,C:\Users\depthlev\Desktop\droneImages\dataset\depth_20\light_rain\10AM\HighresScreenshot00406_depth_20_light_rain_10AM.txt,20.0|light_rain|10AM,20.0,light_rain,10AM,2744,1590,1118 1063 1229 1154
C:\Users\depthlev\Desktop\droneImages\dataset\depth_20\light_rain\10AM\HighresScreenshot00407_depth_20_light_rain_10AM.png,C:\Users\depthlev\Desktop\droneImages\dataset\depth_20\light_rain\10AM\HighresScreenshot00407_depth_20_light_rain_10AM.txt,20.0|light_rain|10AM,20.0,light_rain,10AM,2744,1590,1934 744 2042 772
C:\Users\depthlev\Desktop\droneImages\dataset\depth_20\light_rain\10AM\HighresScreenshot00408_depth_20_light_rain_10AM.png,C:\Users\depthlev\Desktop\droneImages\dataset\depth_20\light_rain\10AM\HighresScreenshot00408_depth_20_light_rain_10AM.txt,20.0|light_rain|10AM,20.0,light_rain,10AM,2744,1590,1113 601 1220 700
C:\Users\depthlev\Desktop\droneImages\dataset\depth_20\light_rain\10AM\HighresScreenshot00409_depth_20_light_rain_10AM.png,C:\Users\depthlev\Desktop\droneImages\dataset\depth_20\light_rain\10AM\HighresScreenshot00409_depth_20_light_rain_10AM.txt,20.0|light_rain|10AM,20.0,light_rain,10AM,2744,1590,1067 976 1163 1012
C:\Users\depthlev\Desktop\droneImages\dataset\depth_20\light_rain\10AM\HighresScreenshot00410_depth_20_light_rain_10AM.png,C:\Users\depthlev\Desktop\droneImages\dataset\depth_20\light_rain\10AM\HighresScreenshot00410_depth_20_light_rain_10AM.txt,20.0|light_rain|10AM,20.0,light_rain,10AM,2744,1590,1858 1288 1990 1355
C:\Users\depthlev\Desktop\droneImages\dataset\depth_20\light_rain\10AM\HighresScreenshot00411_depth_20_light_rain_10AM.png,C:\Users\depthlev\Desktop\droneImages\dataset\depth_20\light_rain\10AM\HighresScreenshot00411_depth_20_light_rain_10AM.txt,20.0|light_rain|10AM,20.0,light_rain,10AM,2744,1590,1330 1291 1427 1381
C:\Users\depthlev\Desktop\droneImages\dataset\depth_20\light_rain\10AM\HighresScreenshot00412_depth_20_light_rain_10AM.png,C:\Users\depthlev\Desktop\droneImages\dataset\depth_20\light_rain\10AM\HighresScreenshot00412_depth_20_light_rain_10AM.txt,20.0|light_rain|10AM,20.0,light_rain,10AM,2744,1590,1149 831 1257 935
C:\Users\depthlev\Desktop\droneImages\dataset\depth_20\light_rain\10AM\HighresScreenshot00413_depth_20_light_rain_10AM.png,C:\Users\depthlev\Desktop\droneImages\dataset\depth_20\light_rain\10AM\HighresScreenshot00413_depth_20_light_rain_10AM.txt,20.0|light_rain|10AM,20.0,light_rain,10AM,2744,1590,1621 1087 1730 1168
C:\Users\depthlev\Desktop\droneImages\dataset\depth_20\light_rain\10AM\HighresScreenshot00414_depth_20_light_rain_10AM.png,C:\Users\depthlev\Desktop\droneImages\dataset\depth_20\light_rain\10AM\HighresScreenshot00414_depth_20_light_rain_10AM.txt,20.0|light_rain|10AM,20.0,light_rain,10AM,2744,1590,954 805 1057 843
C:\Users\depthlev\Desktop\droneImages\dataset\depth_20\light_rain\10AM\HighresScreenshot00415_depth_20_light_rain_10AM.png,C:\Users\depthlev\Desktop\droneImages\dataset\depth_20\light_rain\10AM\HighresScreenshot00415_depth_20_light_rain_10AM.txt,20.0|light_rain|10AM,20.0,light_rain,10AM,2744,1590,1126 657 1216 742
C:\Users\depthlev\Desktop\droneImages\dataset\depth_20\light_rain\10AM\HighresScreenshot00416_depth_20_light_rain_10AM.png,C:\Users\depthlev\Desktop\droneImages\dataset\depth_20\light_rain\10AM\HighresScreenshot00416_depth_20_light_rain_10AM.txt,20.0|light_rain|10AM,20.0,light_rain,10AM,2744,1590,1267 849 1373 954
C:\Users\depthlev\Desktop\droneImages\dataset\depth_20\light_rain\10AM\HighresScreenshot00417_depth_20_light_rain_10AM.png,C:\Users\depthlev\Desktop\droneImages\dataset\depth_20\light_rain\10AM\HighresScreenshot00417_depth_20_light_rain_10AM.txt,20.0|light_rain|10AM,20.0,light_rain,10AM,2744,1590,1182 1140 1289 1229
C:\Users\depthlev\Desktop\droneImages\dataset\depth_20\light_rain\10AM\HighresScreenshot00418_depth_20_light_rain_10AM.png,C:\Users\depthlev\Desktop\droneImages\dataset\depth_20\light_rain\10AM\HighresScreenshot00418_depth_20_light_rain_10AM.txt,20.0|light_rain|10AM,20.0,light_rain,10AM,2744,1590,1264 981 1351 1003
C:\Users\depthlev\Desktop\droneImages\dataset\depth_20\light_rain\10AM\HighresScreenshot00419_depth_20_light_rain_10AM.png,C:\Users\depthlev\Desktop\droneImages\dataset\depth_20\light_rain\10AM\HighresScreenshot00419_depth_20_light_rain_10AM.txt,20.0|light_rain|10AM,20.0,light_rain,10AM,2744,1590,1355 1194 1464 1284
C:\Users\depthlev\Desktop\droneImages\dataset\depth_20\light_rain\10AM\HighresScreenshot00420_depth_20_light_rain_10AM.png,C:\Users\depthlev\Desktop\droneImages\dataset\depth_20\light_rain\10AM\HighresScreenshot00420_depth_20_light_rain_10AM.txt,20.0|light_rain|10AM,20.0,light_rain,10AM,2744,1590,1564 996 1673 1043
C:\Users\depthlev\Desktop\droneImages\dataset\depth_20\light_rain\10AM\HighresScreenshot00421_depth_20_light_rain_10AM.png,C:\Users\depthlev\Desktop\droneImages\dataset\depth_20\light_rain\10AM\HighresScreenshot00421_depth_20_light_rain_10AM.txt,20.0|light_rain|10AM,20.0,light_rain,10AM,2744,1590,1583 880 1675 925
C:\Users\depthlev\Desktop\droneImages\dataset\depth_20\light_rain\10AM\HighresScreenshot00422_depth_20_light_rain_10AM.png,C:\Users\depthlev\Desktop\droneImages\dataset\depth_20\light_rain\10AM\HighresScreenshot00422_depth_20_light_rain_10AM.txt,20.0|light_rain|10AM,20.0,light_rain,10AM,2744,1590,1752 677 1861 729
C:\Users\depthlev\Desktop\droneImages\dataset\depth_20\light_rain\10AM\HighresScreenshot00423_depth_20_light_rain_10AM.png,C:\Users\depthlev\Desktop\droneImages\dataset\depth_20\light_rain\10AM\HighresScreenshot00423_depth_20_light_rain_10AM.txt,20.0|light_rain|10AM,20.0,light_rain,10AM,2744,1590,1770 722 1890 806
C:\Users\depthlev\Desktop\droneImages\dataset\depth_20\light_rain\10AM\HighresScreenshot00424_depth_20_light_rain_10AM.png,C:\Users\depthlev\Desktop\droneImages\dataset\depth_20\light_rain\10AM\HighresScreenshot00424_depth_20_light_rain_10AM.txt,20.0|light_rain|10AM,20.0,light_rain,10AM,2744,1590,814 1353 940 1427
C:\Users\depthlev\Desktop\droneImages\dataset\depth_20\light_rain\10AM\HighresScreenshot00425_depth_20_light_rain_10AM.png,C:\Users\depthlev\Desktop\droneImages\dataset\depth_20\light_rain\10AM\HighresScreenshot00425_depth_20_light_rain_10AM.txt,20.0|light_rain|10AM,20.0,light_rain,10AM,2744,1590,743 1074 852 1136
C:\Users\depthlev\Desktop\droneImages\dataset\depth_20\light_rain\10AM\HighresScreenshot00426_depth_20_light_rain_10AM.png,C:\Users\depthlev\Desktop\droneImages\dataset\depth_20\light_rain\10AM\HighresScreenshot00426_depth_20_light_rain_10AM.txt,20.0|light_rain|10AM,20.0,light_rain,10AM,2744,1590,1286 932 1380 981
C:\Users\depthlev\Desktop\droneImages\dataset\depth_20\light_rain\10AM\HighresScreenshot00427_depth_20_light_rain_10AM.png,C:\Users\depthlev\Desktop\droneImages\dataset\depth_20\light_rain\10AM\HighresScreenshot00427_depth_20_light_rain_10AM.txt,20.0|light_rain|10AM,20.0,light_rain,10AM,2744,1590,1272 775 1379 820
C:\Users\depthlev\Desktop\droneImages\dataset\depth_20\light_rain\10AM\HighresScreenshot00428_depth_20_light_rain_10AM.png,C:\Users\depthlev\Desktop\droneImages\dataset\depth_20\light_rain\10AM\HighresScreenshot00428_depth_20_light_rain_10AM.txt,20.0|light_rain|10AM,20.0,light_rain,10AM,2744,1590,1800 1050 1923 1113
C:\Users\depthlev\Desktop\droneImages\dataset\depth_20\light_rain\10AM\HighresScreenshot00429_depth_20_light_rain_10AM.png,C:\Users\depthlev\Desktop\droneImages\dataset\depth_20\light_rain\10AM\HighresScreenshot00429_depth_20_light_rain_10AM.txt,20.0|light_rain|10AM,20.0,light_rain,10AM,2744,1590,585 884 723 920
C:\Users\depthlev\Desktop\droneImages\dataset\depth_20\light_rain\10AM\HighresScreenshot00430_depth_20_light_rain_10AM.png,C:\Users\depthlev\Desktop\droneImages\dataset\depth_20\light_rain\10AM\HighresScreenshot00430_depth_20_light_rain_10AM.txt,20.0|light_rain|10AM,20.0,light_rain,10AM,2744,1590,1394 460 1483 516
C:\Users\depthlev\Desktop\droneImages\dataset\depth_20\light_rain\10AM\HighresScreenshot00431_depth_20_light_rain_10AM.png,C:\Users\depthlev\Desktop\droneImages\dataset\depth_20\light_rain\10AM\HighresScreenshot00431_depth_20_light_rain_10AM.txt,20.0|light_rain|10AM,20.0,light_rain,10AM,2744,1590,1641 1186 1729 1292
C:\Users\depthlev\Desktop\droneImages\dataset\depth_20\light_rain\10AM\HighresScreenshot00432_depth_20_light_rain_10AM.png,C:\Users\depthlev\Desktop\droneImages\dataset\depth_20\light_rain\10AM\HighresScreenshot00432_depth_20_light_rain_10AM.txt,20.0|light_rain|10AM,20.0,light_rain,10AM,2744,1590,1383 555 1468 616
C:\Users\depthlev\Desktop\droneImages\dataset\depth_20\light_rain\10AM\HighresScreenshot00433_depth_20_light_rain_10AM.png,C:\Users\depthlev\Desktop\droneImages\dataset\depth_20\light_rain\10AM\HighresScreenshot00433_depth_20_light_rain_10AM.txt,20.0|light_rain|10AM,20.0,light_rain,10AM,2744,1590,1238 1090 1335 1197
C:\Users\depthlev\Desktop\droneImages\dataset\depth_20\light_rain\10AM\HighresScreenshot00434_depth_20_light_rain_10AM.png,C:\Users\depthlev\Desktop\droneImages\dataset\depth_20\light_rain\10AM\HighresScreenshot00434_depth_20_light_rain_10AM.txt,20.0|light_rain|10AM,20.0,light_rain,10AM,2744,1590,1921 687 2034 729
C:\Users\depthlev\Desktop\droneImages\dataset\depth_20\light_rain\10AM\HighresScreenshot00435_depth_20_light_rain_10AM.png,C:\Users\depthlev\Desktop\droneImages\dataset\depth_20\light_rain\10AM\HighresScreenshot00435_depth_20_light_rain_10AM.txt,20.0|light_rain|10AM,20.0,light_rain,10AM,2744,1590,1270 883 1377 973
C:\Users\depthlev\Desktop\droneImages\dataset\depth_20\light_rain\10AM\HighresScreenshot00436_depth_20_light_rain_10AM.png,C:\Users\depthlev\Desktop\droneImages\dataset\depth_20\light_rain\10AM\HighresScreenshot00436_depth_20_light_rain_10AM.txt,20.0|light_rain|10AM,20.0,light_rain,10AM,2744,1590,1166 583 1276 636
C:\Users\depthlev\Desktop\droneImages\dataset\depth_20\light_rain\10AM\HighresScreenshot00437_depth_20_light_rain_10AM.png,C:\Users\depthlev\Desktop\droneImages\dataset\depth_20\light_rain\10AM\HighresScreenshot00437_depth_20_light_rain_10AM.txt,20.0|light_rain|10AM,20.0,light_rain,10AM,2744,1590,879 700 990 739
C:\Users\depthlev\Desktop\droneImages\dataset\depth_20\light_rain\10AM\HighresScreenshot00438_depth_20_light_rain_10AM.png,C:\Users\depthlev\Desktop\droneImages\dataset\depth_20\light_rain\10AM\HighresScreenshot00438_depth_20_light_rain_10AM.txt,20.0|light_rain|10AM,20.0,light_rain,10AM,2744,1590,1711 410 1832 481
C:\Users\depthlev\Desktop\droneImages\dataset\depth_20\light_rain\10AM\HighresScreenshot00439_depth_20_light_rain_10AM.png,C:\Users\depthlev\Desktop\droneImages\dataset\depth_20\light_rain\10AM\HighresScreenshot00439_depth_20_light_rain_10AM.txt,20.0|light_rain|10AM,20.0,light_rain,10AM,2744,1590,1891 1321 2030 1349
C:\Users\depthlev\Desktop\droneImages\dataset\depth_20\light_rain\10AM\HighresScreenshot00440_depth_20_light_rain_10AM.png,C:\Users\depthlev\Desktop\droneImages\dataset\depth_20\light_rain\10AM\HighresScreenshot00440_depth_20_light_rain_10AM.txt,20.0|light_rain|10AM,20.0,light_rain,10AM,2744,1590,1540 469 1654 546
C:\Users\depthlev\Desktop\droneImages\dataset\depth_20\light_rain\10AM\HighresScreenshot00441_depth_20_light_rain_10AM.png,C:\Users\depthlev\Desktop\droneImages\dataset\depth_20\light_rain\10AM\HighresScreenshot00441_depth_20_light_rain_10AM.txt,20.0|light_rain|10AM,20.0,light_rain,10AM,2744,1590,1219 1201 1324 1310
C:\Users\depthlev\Desktop\droneImages\dataset\depth_20\light_rain\10AM\HighresScreenshot00442_depth_20_light_rain_10AM.png,C:\Users\depthlev\Desktop\droneImages\dataset\depth_20\light_rain\10AM\HighresScreenshot00442_depth_20_light_rain_10AM.txt,20.0|light_rain|10AM,20.0,light_rain,10AM,2744,1590,1986 861 2119 891
C:\Users\depthlev\Desktop\droneImages\dataset\depth_20\light_rain\10AM\HighresScreenshot00443_depth_20_light_rain_10AM.png,C:\Users\depthlev\Desktop\droneImages\dataset\depth_20\light_rain\10AM\HighresScreenshot00443_depth_20_light_rain_10AM.txt,20.0|light_rain|10AM,20.0,light_rain,10AM,2744,1590,1930 589 2041 663
C:\Users\depthlev\Desktop\droneImages\dataset\depth_20\light_rain\10AM\HighresScreenshot00444_depth_20_light_rain_10AM.png,C:\Users\depthlev\Desktop\droneImages\dataset\depth_20\light_rain\10AM\HighresScreenshot00444_depth_20_light_rain_10AM.txt,20.0|light_rain|10AM,20.0,light_rain,10AM,2744,1590,1433 690 1540 784
C:\Users\depthlev\Desktop\droneImages\dataset\depth_20\light_rain\10AM\HighresScreenshot00445_depth_20_light_rain_10AM.png,C:\Users\depthlev\Desktop\droneImages\dataset\depth_20\light_rain\10AM\HighresScreenshot00445_depth_20_light_rain_10AM.txt,20.0|light_rain|10AM,20.0,light_rain,10AM,2744,1590,1248 602 1335 682
C:\Users\depthlev\Desktop\droneImages\dataset\depth_20\light_rain\10AM\HighresScreenshot00446_depth_20_light_rain_10AM.png,C:\Users\depthlev\Desktop\droneImages\dataset\depth_20\light_rain\10AM\HighresScreenshot00446_depth_20_light_rain_10AM.txt,20.0|light_rain|10AM,20.0,light_rain,10AM,2744,1590,1378 761 1466 837
C:\Users\depthlev\Desktop\droneImages\dataset\depth_20\light_rain\10AM\HighresScreenshot00447_depth_20_light_rain_10AM.png,C:\Users\depthlev\Desktop\droneImages\dataset\depth_20\light_rain\10AM\HighresScreenshot00447_depth_20_light_rain_10AM.txt,20.0|light_rain|10AM,20.0,light_rain,10AM,2744,1590,925 365 1043 474
C:\Users\depthlev\Desktop\droneImages\dataset\depth_20\light_rain\10AM\HighresScreenshot00448_depth_20_light_rain_10AM.png,C:\Users\depthlev\Desktop\droneImages\dataset\depth_20\light_rain\10AM\HighresScreenshot00448_depth_20_light_rain_10AM.txt,20.0|light_rain|10AM,20.0,light_rain,10AM,2744,1590,1528 1159 1642 1214
C:\Users\depthlev\Desktop\droneImages\dataset\depth_20\light_rain\10AM\HighresScreenshot00449_depth_20_light_rain_10AM.png,C:\Users\depthlev\Desktop\droneImages\dataset\depth_20\light_rain\10AM\HighresScreenshot00449_depth_20_light_rain_10AM.txt,20.0|light_rain|10AM,20.0,light_rain,10AM,2744,1590,1394 655 1502 683
C:\Users\depthlev\Desktop\droneImages\dataset\depth_20\light_rain\10AM\HighresScreenshot00450_depth_20_light_rain_10AM.png,C:\Users\depthlev\Desktop\droneImages\dataset\depth_20\light_rain\10AM\HighresScreenshot00450_depth_20_light_rain_10AM.txt,20.0|light_rain|10AM,20.0,light_rain,10AM,2744,1590,961 386 1077 488
C:\Users\depthlev\Desktop\droneImages\dataset\depth_20\light_rain\10AM\HighresScreenshot00451_depth_20_light_rain_10AM.png,C:\Users\depthlev\Desktop\droneImages\dataset\depth_20\light_rain\10AM\HighresScreenshot00451_depth_20_light_rain_10AM.txt,20.0|light_rain|10AM,20.0,light_rain,10AM,2744,1590,803 621 910 698
C:\Users\depthlev\Desktop\droneImages\dataset\depth_20\light_rain\10AM\HighresScreenshot00452_depth_20_light_rain_10AM.png,C:\Users\depthlev\Desktop\droneImages\dataset\depth_20\light_rain\10AM\HighresScreenshot00452_depth_20_light_rain_10AM.txt,20.0|light_rain|10AM,20.0,light_rain,10AM,2744,1590,1336 368 1443 477
C:\Users\depthlev\Desktop\droneImages\dataset\depth_20\light_rain\10AM\HighresScreenshot00453_depth_20_light_rain_10AM.png,C:\Users\depthlev\Desktop\droneImages\dataset\depth_20\light_rain\10AM\HighresScreenshot00453_depth_20_light_rain_10AM.txt,20.0|light_rain|10AM,20.0,light_rain,10AM,2744,1590,1751 905 1851 936
C:\Users\depthlev\Desktop\droneImages\dataset\depth_20\light_rain\10AM\HighresScreenshot00454_depth_20_light_rain_10AM.png,C:\Users\depthlev\Desktop\droneImages\dataset\depth_20\light_rain\10AM\HighresScreenshot00454_depth_20_light_rain_10AM.txt,20.0|light_rain|10AM,20.0,light_rain,10AM,2744,1590,996 522 1087 569
C:\Users\depthlev\Desktop\droneImages\dataset\depth_20\light_rain\10AM\HighresScreenshot00455_depth_20_light_rain_10AM.png,C:\Users\depthlev\Desktop\droneImages\dataset\depth_20\light_rain\10AM\HighresScreenshot00455_depth_20_light_rain_10AM.txt,20.0|light_rain|10AM,20.0,light_rain,10AM,2744,1590,1098 596 1188 678
C:\Users\depthlev\Desktop\droneImages\dataset\depth_20\light_rain\10AM\HighresScreenshot00456_depth_20_light_rain_10AM.png,C:\Users\depthlev\Desktop\droneImages\dataset\depth_20\light_rain\10AM\HighresScreenshot00456_depth_20_light_rain_10AM.txt,20.0|light_rain|10AM,20.0,light_rain,10AM,2744,1590,1332 1197 1440 1258
C:\Users\depthlev\Desktop\droneImages\dataset\depth_20\light_rain\10AM\HighresScreenshot00457_depth_20_light_rain_10AM.png,C:\Users\depthlev\Desktop\droneImages\dataset\depth_20\light_rain\10AM\HighresScreenshot00457_depth_20_light_rain_10AM.txt,20.0|light_rain|10AM,20.0,light_rain,10AM,2744,1590,1139 617 1245 651
C:\Users\depthlev\Desktop\droneImages\dataset\depth_20\light_rain\10AM\HighresScreenshot00458_depth_20_light_rain_10AM.png,C:\Users\depthlev\Desktop\droneImages\dataset\depth_20\light_rain\10AM\HighresScreenshot00458_depth_20_light_rain_10AM.txt,20.0|light_rain|10AM,20.0,light_rain,10AM,2744,1590,1445 1002 1556 1035
C:\Users\depthlev\Desktop\droneImages\dataset\depth_20\light_rain\10AM\HighresScreenshot00459_depth_20_light_rain_10AM.png,C:\Users\depthlev\Desktop\droneImages\dataset\depth_20\light_rain\10AM\HighresScreenshot00459_depth_20_light_rain_10AM.txt,20.0|light_rain|10AM,20.0,light_rain,10AM,2744,1590,1164 919 1262 1008
C:\Users\depthlev\Desktop\droneImages\dataset\depth_20\light_rain\10AM\HighresScreenshot00460_depth_20_light_rain_10AM.png,C:\Users\depthlev\Desktop\droneImages\dataset\depth_20\light_rain\10AM\HighresScreenshot00460_depth_20_light_rain_10AM.txt,20.0|light_rain|10AM,20.0,light_rain,10AM,2744,1590,1986 931 2078 1004
C:\Users\depthlev\Desktop\droneImages\dataset\depth_20\light_rain\10AM\HighresScreenshot00461_depth_20_light_rain_10AM.png,C:\Users\depthlev\Desktop\droneImages\dataset\depth_20\light_rain\10AM\HighresScreenshot00461_depth_20_light_rain_10AM.txt,20.0|light_rain|10AM,20.0,light_rain,10AM,2744,1590,1244 960 1347 1002
C:\Users\depthlev\Desktop\droneImages\dataset\depth_20\light_rain\10AM\HighresScreenshot00462_depth_20_light_rain_10AM.png,C:\Users\depthlev\Desktop\droneImages\dataset\depth_20\light_rain\10AM\HighresScreenshot00462_depth_20_light_rain_10AM.txt,20.0|light_rain|10AM,20.0,light_rain,10AM,2744,1590,1426 1087 1532 1129
C:\Users\depthlev\Desktop\droneImages\dataset\depth_20\light_rain\10AM\HighresScreenshot00463_depth_20_light_rain_10AM.png,C:\Users\depthlev\Desktop\droneImages\dataset\depth_20\light_rain\10AM\HighresScreenshot00463_depth_20_light_rain_10AM.txt,20.0|light_rain|10AM,20.0,light_rain,10AM,2744,1590,1093 1114 1196 1158
C:\Users\depthlev\Desktop\droneImages\dataset\depth_20\light_rain\10AM\HighresScreenshot00464_depth_20_light_rain_10AM.png,C:\Users\depthlev\Desktop\droneImages\dataset\depth_20\light_rain\10AM\HighresScreenshot00464_depth_20_light_rain_10AM.txt,20.0|light_rain|10AM,20.0,light_rain,10AM,2744,1590,1643 859 1746 955
C:\Users\depthlev\Desktop\droneImages\dataset\depth_20\light_rain\10AM\HighresScreenshot00465_depth_20_light_rain_10AM.png,C:\Users\depthlev\Desktop\droneImages\dataset\depth_20\light_rain\10AM\HighresScreenshot00465_depth_20_light_rain_10AM.txt,20.0|light_rain|10AM,20.0,light_rain,10AM,2744,1590,1353 1209 1449 1249
C:\Users\depthlev\Desktop\droneImages\dataset\depth_20\light_rain\10AM\HighresScreenshot00466_depth_20_light_rain_10AM.png,C:\Users\depthlev\Desktop\droneImages\dataset\depth_20\light_rain\10AM\HighresScreenshot00466_depth_20_light_rain_10AM.txt,20.0|light_rain|10AM,20.0,light_rain,10AM,2744,1590,1215 886 1322 983
C:\Users\depthlev\Desktop\droneImages\dataset\depth_20\light_rain\10AM\HighresScreenshot00467_depth_20_light_rain_10AM.png,C:\Users\depthlev\Desktop\droneImages\dataset\depth_20\light_rain\10AM\HighresScreenshot00467_depth_20_light_rain_10AM.txt,20.0|light_rain|10AM,20.0,light_rain,10AM,2744,1590,1345 967 1436 1031
C:\Users\depthlev\Desktop\droneImages\dataset\depth_20\light_rain\10AM\HighresScreenshot00468_depth_20_light_rain_10AM.png,C:\Users\depthlev\Desktop\droneImages\dataset\depth_20\light_rain\10AM\HighresScreenshot00468_depth_20_light_rain_10AM.txt,20.0|light_rain|10AM,20.0,light_rain,10AM,2744,1590,969 843 1072 917
C:\Users\depthlev\Desktop\droneImages\dataset\depth_20\light_rain\10AM\HighresScreenshot00469_depth_20_light_rain_10AM.png,C:\Users\depthlev\Desktop\droneImages\dataset\depth_20\light_rain\10AM\HighresScreenshot00469_depth_20_light_rain_10AM.txt,20.0|light_rain|10AM,20.0,light_rain,10AM,2744,1590,1915 1336 2052 1379
C:\Users\depthlev\Desktop\droneImages\dataset\depth_20\light_rain\10AM\HighresScreenshot00470_depth_20_light_rain_10AM.png,C:\Users\depthlev\Desktop\droneImages\dataset\depth_20\light_rain\10AM\HighresScreenshot00470_depth_20_light_rain_10AM.txt,20.0|light_rain|10AM,20.0,light_rain,10AM,2744,1590,1167 826 1268 889
C:\Users\depthlev\Desktop\droneImages\dataset\depth_20\light_rain\10AM\HighresScreenshot00471_depth_20_light_rain_10AM.png,C:\Users\depthlev\Desktop\droneImages\dataset\depth_20\light_rain\10AM\HighresScreenshot00471_depth_20_light_rain_10AM.txt,20.0|light_rain|10AM,20.0,light_rain,10AM,2744,1590,864 716 977 800
C:\Users\depthlev\Desktop\droneImages\dataset\depth_20\light_rain\10AM\HighresScreenshot00472_depth_20_light_rain_10AM.png,C:\Users\depthlev\Desktop\droneImages\dataset\depth_20\light_rain\10AM\HighresScreenshot00472_depth_20_light_rain_10AM.txt,20.0|light_rain|10AM,20.0,light_rain,10AM,2744,1590,1002 635 1084 661
C:\Users\depthlev\Desktop\droneImages\dataset\depth_20\light_rain\10AM\HighresScreenshot00473_depth_20_light_rain_10AM.png,C:\Users\depthlev\Desktop\droneImages\dataset\depth_20\light_rain\10AM\HighresScreenshot00473_depth_20_light_rain_10AM.txt,20.0|light_rain|10AM,20.0,light_rain,10AM,2744,1590,1520 779 1625 811
C:\Users\depthlev\Desktop\droneImages\dataset\depth_20\light_rain\10AM\HighresScreenshot00474_depth_20_light_rain_10AM.png,C:\Users\depthlev\Desktop\droneImages\dataset\depth_20\light_rain\10AM\HighresScreenshot00474_depth_20_light_rain_10AM.txt,20.0|light_rain|10AM,20.0,light_rain,10AM,2744,1590,1167 1263 1281 1384
C:\Users\depthlev\Desktop\droneImages\dataset\depth_20\light_rain\10AM\HighresScreenshot00475_depth_20_light_rain_10AM.png,C:\Users\depthlev\Desktop\droneImages\dataset\depth_20\light_rain\10AM\HighresScreenshot00475_depth_20_light_rain_10AM.txt,20.0|light_rain|10AM,20.0,light_rain,10AM,2744,1590,1335 887 1431 987
C:\Users\depthlev\Desktop\droneImages\dataset\depth_20\light_rain\10AM\HighresScreenshot00476_depth_20_light_rain_10AM.png,C:\Users\depthlev\Desktop\droneImages\dataset\depth_20\light_rain\10AM\HighresScreenshot00476_depth_20_light_rain_10AM.txt,20.0|light_rain|10AM,20.0,light_rain,10AM,2744,1590,1285 622 1388 705
C:\Users\depthlev\Desktop\droneImages\dataset\depth_20\light_rain\10AM\HighresScreenshot00477_depth_20_light_rain_10AM.png,C:\Users\depthlev\Desktop\droneImages\dataset\depth_20\light_rain\10AM\HighresScreenshot00477_depth_20_light_rain_10AM.txt,20.0|light_rain|10AM,20.0,light_rain,10AM,2744,1590,1072 1270 1174 1307
C:\Users\depthlev\Desktop\droneImages\dataset\depth_20\light_rain\10AM\HighresScreenshot00478_depth_20_light_rain_10AM.png,C:\Users\depthlev\Desktop\droneImages\dataset\depth_20\light_rain\10AM\HighresScreenshot00478_depth_20_light_rain_10AM.txt,20.0|light_rain|10AM,20.0,light_rain,10AM,2744,1590,1609 643 1723 695
C:\Users\depthlev\Desktop\droneImages\dataset\depth_20\light_rain\10AM\HighresScreenshot00479_depth_20_light_rain_10AM.png,C:\Users\depthlev\Desktop\droneImages\dataset\depth_20\light_rain\10AM\HighresScreenshot00479_depth_20_light_rain_10AM.txt,20.0|light_rain|10AM,20.0,light_rain,10AM,2744,1590,1529 446 1642 532
C:\Users\depthlev\Desktop\droneImages\dataset\depth_20\light_rain\10AM\HighresScreenshot00480_depth_20_light_rain_10AM.png,C:\Users\depthlev\Desktop\droneImages\dataset\depth_20\light_rain\10AM\HighresScreenshot00480_depth_20_light_rain_10AM.txt,20.0|light_rain|10AM,20.0,light_rain,10AM,2744,1590,1395 375 1508 441
C:\Users\depthlev\Desktop\droneImages\dataset\depth_20\light_rain\10AM\HighresScreenshot00481_depth_20_light_rain_10AM.png,C:\Users\depthlev\Desktop\droneImages\dataset\depth_20\light_rain\10AM\HighresScreenshot00481_depth_20_light_rain_10AM.txt,20.0|light_rain|10AM,20.0,light_rain,10AM,2744,1590,1343 899 1438 926
C:\Users\depthlev\Desktop\droneImages\dataset\depth_20\light_rain\10AM\HighresScreenshot00482_depth_20_light_rain_10AM.png,C:\Users\depthlev\Desktop\droneImages\dataset\depth_20\light_rain\10AM\HighresScreenshot00482_depth_20_light_rain_10AM.txt,20.0|light_rain|10AM,20.0,light_rain,10AM,2744,1590,768 581 892 669
C:\Users\depthlev\Desktop\droneImages\dataset\depth_20\light_rain\10AM\HighresScreenshot00483_depth_20_light_rain_10AM.png,C:\Users\depthlev\Desktop\droneImages\dataset\depth_20\light_rain\10AM\HighresScreenshot00483_depth_20_light_rain_10AM.txt,20.0|light_rain|10AM,20.0,light_rain,10AM,2744,1590,1493 601 1572 677
C:\Users\depthlev\Desktop\droneImages\dataset\depth_20\light_rain\10AM\HighresScreenshot00484_depth_20_light_rain_10AM.png,C:\Users\depthlev\Desktop\droneImages\dataset\depth_20\light_rain\10AM\HighresScreenshot00484_depth_20_light_rain_10AM.txt,20.0|light_rain|10AM,20.0,light_rain,10AM,2744,1590,563 1150 704 1210
C:\Users\depthlev\Desktop\droneImages\dataset\depth_20\light_rain\10AM\HighresScreenshot00485_depth_20_light_rain_10AM.png,C:\Users\depthlev\Desktop\droneImages\dataset\depth_20\light_rain\10AM\HighresScreenshot00485_depth_20_light_rain_10AM.txt,20.0|light_rain|10AM,20.0,light_rain,10AM,2744,1590,982 1100 1099 1203
C:\Users\depthlev\Desktop\droneImages\dataset\depth_20\light_rain\10AM\HighresScreenshot00486_depth_20_light_rain_10AM.png,C:\Users\depthlev\Desktop\droneImages\dataset\depth_20\light_rain\10AM\HighresScreenshot00486_depth_20_light_rain_10AM.txt,20.0|light_rain|10AM,20.0,light_rain,10AM,2744,1590,1397 818 1482 907
C:\Users\depthlev\Desktop\droneImages\dataset\depth_20\light_rain\10AM\HighresScreenshot00487_depth_20_light_rain_10AM.png,C:\Users\depthlev\Desktop\droneImages\dataset\depth_20\light_rain\10AM\HighresScreenshot00487_depth_20_light_rain_10AM.txt,20.0|light_rain|10AM,20.0,light_rain,10AM,2744,1590,1233 679 1335 759
C:\Users\depthlev\Desktop\droneImages\dataset\depth_20\light_rain\10AM\HighresScreenshot00488_depth_20_light_rain_10AM.png,C:\Users\depthlev\Desktop\droneImages\dataset\depth_20\light_rain\10AM\HighresScreenshot00488_depth_20_light_rain_10AM.txt,20.0|light_rain|10AM,20.0,light_rain,10AM,2744,1590,1269 544 1370 614
C:\Users\depthlev\Desktop\droneImages\dataset\depth_20\light_rain\10AM\HighresScreenshot00489_depth_20_light_rain_10AM.png,C:\Users\depthlev\Desktop\droneImages\dataset\depth_20\light_rain\10AM\HighresScreenshot00489_depth_20_light_rain_10AM.txt,20.0|light_rain|10AM,20.0,light_rain,10AM,2744,1590,1566 1304 1676 1385
C:\Users\depthlev\Desktop\droneImages\dataset\depth_20\light_rain\10AM\HighresScreenshot00490_depth_20_light_rain_10AM.png,C:\Users\depthlev\Desktop\droneImages\dataset\depth_20\light_rain\10AM\HighresScreenshot00490_depth_20_light_rain_10AM.txt,20.0|light_rain|10AM,20.0,light_rain,10AM,2744,1590,1777 1059 1899 1153
C:\Users\depthlev\Desktop\droneImages\dataset\depth_20\light_rain\10AM\HighresScreenshot00491_depth_20_light_rain_10AM.png,C:\Users\depthlev\Desktop\droneImages\dataset\depth_20\light_rain\10AM\HighresScreenshot00491_depth_20_light_rain_10AM.txt,20.0|light_rain|10AM,20.0,light_rain,10AM,2744,1590,1302 372 1405 430
C:\Users\depthlev\Desktop\droneImages\dataset\depth_20\light_rain\10AM\HighresScreenshot00492_depth_20_light_rain_10AM.png,C:\Users\depthlev\Desktop\droneImages\dataset\depth_20\light_rain\10AM\HighresScreenshot00492_depth_20_light_rain_10AM.txt,20.0|light_rain|10AM,20.0,light_rain,10AM,2744,1590,1038 1039 1148 1150
C:\Users\depthlev\Desktop\droneImages\dataset\depth_20\light_rain\10AM\HighresScreenshot00493_depth_20_light_rain_10AM.png,C:\Users\depthlev\Desktop\droneImages\dataset\depth_20\light_rain\10AM\HighresScreenshot00493_depth_20_light_rain_10AM.txt,20.0|light_rain|10AM,20.0,light_rain,10AM,2744,1590,1353 1279 1446 1357
C:\Users\depthlev\Desktop\droneImages\dataset\depth_20\light_rain\10AM\HighresScreenshot00494_depth_20_light_rain_10AM.png,C:\Users\depthlev\Desktop\droneImages\dataset\depth_20\light_rain\10AM\HighresScreenshot00494_depth_20_light_rain_10AM.txt,20.0|light_rain|10AM,20.0,light_rain,10AM,2744,1590,1585 1312 1672 1398
C:\Users\depthlev\Desktop\droneImages\dataset\depth_20\light_rain\10AM\HighresScreenshot00495_depth_20_light_rain_10AM.png,C:\Users\depthlev\Desktop\droneImages\dataset\depth_20\light_rain\10AM\HighresScreenshot00495_depth_20_light_rain_10AM.txt,20.0|light_rain|10AM,20.0,light_rain,10AM,2744,1590,746 624 842 685
C:\Users\depthlev\Desktop\droneImages\dataset\depth_20\light_rain\10AM\HighresScreenshot00496_depth_20_light_rain_10AM.png,C:\Users\depthlev\Desktop\droneImages\dataset\depth_20\light_rain\10AM\HighresScreenshot00496_depth_20_light_rain_10AM.txt,20.0|light_rain|10AM,20.0,light_rain,10AM,2744,1590,1561 688 1654 755
C:\Users\depthlev\Desktop\droneImages\dataset\depth_20\light_rain\10AM\HighresScreenshot00497_depth_20_light_rain_10AM.png,C:\Users\depthlev\Desktop\droneImages\dataset\depth_20\light_rain\10AM\HighresScreenshot00497_depth_20_light_rain_10AM.txt,20.0|light_rain|10AM,20.0,light_rain,10AM,2744,1590,1530 905 1641 968
C:\Users\depthlev\Desktop\droneImages\dataset\depth_20\light_rain\10AM\HighresScreenshot00498_depth_20_light_rain_10AM.png,C:\Users\depthlev\Desktop\droneImages\dataset\depth_20\light_rain\10AM\HighresScreenshot00498_depth_20_light_rain_10AM.txt,20.0|light_rain|10AM,20.0,light_rain,10AM,2744,1590,1779 826 1885 859
C:\Users\depthlev\Desktop\droneImages\dataset\depth_20\light_rain\10AM\HighresScreenshot00499_depth_20_light_rain_10AM.png,C:\Users\depthlev\Desktop\droneImages\dataset\depth_20\light_rain\10AM\HighresScreenshot00499_depth_20_light_rain_10AM.txt,20.0|light_rain|10AM,20.0,light_rain,10AM,2744,1590,1661 1228 1769 1289
C:\Users\depthlev\Desktop\droneImages\dataset\depth_20\light_rain\10AM\HighresScreenshot00500_depth_20_light_rain_10AM.png,C:\Users\depthlev\Desktop\droneImages\dataset\depth_20\light_rain\10AM\HighresScreenshot00500_depth_20_light_rain_10AM.txt,20.0|light_rain|10AM,20.0,light_rain,10AM,2744,1590,921 976 1039 1019
C:\Users\depthlev\Desktop\droneImages\dataset\depth_20\light_rain\10AM\HighresScreenshot00501_depth_20_light_rain_10AM.png,C:\Users\depthlev\Desktop\droneImages\dataset\depth_20\light_rain\10AM\HighresScreenshot00501_depth_20_light_rain_10AM.txt,20.0|light_rain|10AM,20.0,light_rain,10AM,2744,1590,1178 1085 1283 1176
C:\Users\depthlev\Desktop\droneImages\dataset\depth_20\light_rain\10AM\HighresScreenshot00502_depth_20_light_rain_10AM.png,C:\Users\depthlev\Desktop\droneImages\dataset\depth_20\light_rain\10AM\HighresScreenshot00502_depth_20_light_rain_10AM.txt,20.0|light_rain|10AM,20.0,light_rain,10AM,2744,1590,1646 640 1726 722
C:\Users\depthlev\Desktop\droneImages\dataset\depth_20\light_rain\10AM\HighresScreenshot00503_depth_20_light_rain_10AM.png,C:\Users\depthlev\Desktop\droneImages\dataset\depth_20\light_rain\10AM\HighresScreenshot00503_depth_20_light_rain_10AM.txt,20.0|light_rain|10AM,20.0,light_rain,10AM,2744,1590,719 853 835 901
C:\Users\depthlev\Desktop\droneImages\dataset\depth_20\light_rain\10AM\HighresScreenshot00504_depth_20_light_rain_10AM.png,C:\Users\depthlev\Desktop\droneImages\dataset\depth_20\light_rain\10AM\HighresScreenshot00504_depth_20_light_rain_10AM.txt,20.0|light_rain|10AM,20.0,light_rain,10AM,2744,1590,1351 430 1433 524
C:\Users\depthlev\Desktop\droneImages\dataset\depth_20\light_rain\10AM\HighresScreenshot00505_depth_20_light_rain_10AM.png,C:\Users\depthlev\Desktop\droneImages\dataset\depth_20\light_rain\10AM\HighresScreenshot00505_depth_20_light_rain_10AM.txt,20.0|light_rain|10AM,20.0,light_rain,10AM,2744,1590,1249 505 1342 587
C:\Users\depthlev\Desktop\droneImages\dataset\depth_20\light_rain\10AM\HighresScreenshot00506_depth_20_light_rain_10AM.png,C:\Users\depthlev\Desktop\droneImages\dataset\depth_20\light_rain\10AM\HighresScreenshot00506_depth_20_light_rain_10AM.txt,20.0|light_rain|10AM,20.0,light_rain,10AM,2744,1590,1562 762 1664 832
C:\Users\depthlev\Desktop\droneImages\dataset\depth_20\light_rain\10AM\HighresScreenshot00507_depth_20_light_rain_10AM.png,C:\Users\depthlev\Desktop\droneImages\dataset\depth_20\light_rain\10AM\HighresScreenshot00507_depth_20_light_rain_10AM.txt,20.0|light_rain|10AM,20.0,light_rain,10AM,2744,1590,1982 1303 2087 1358
C:\Users\depthlev\Desktop\droneImages\dataset\depth_20\light_rain\10AM\HighresScreenshot00508_depth_20_light_rain_10AM.png,C:\Users\depthlev\Desktop\droneImages\dataset\depth_20\light_rain\10AM\HighresScreenshot00508_depth_20_light_rain_10AM.txt,20.0|light_rain|10AM,20.0,light_rain,10AM,2744,1590,981 386 1098 453
C:\Users\depthlev\Desktop\droneImages\dataset\depth_20\light_rain\10AM\HighresScreenshot00509_depth_20_light_rain_10AM.png,C:\Users\depthlev\Desktop\droneImages\dataset\depth_20\light_rain\10AM\HighresScreenshot00509_depth_20_light_rain_10AM.txt,20.0|light_rain|10AM,20.0,light_rain,10AM,2744,1590,926 1255 1041 1360
C:\Users\depthlev\Desktop\droneImages\dataset\depth_20\light_rain\10AM\HighresScreenshot00510_depth_20_light_rain_10AM.png,C:\Users\depthlev\Desktop\droneImages\dataset\depth_20\light_rain\10AM\HighresScreenshot00510_depth_20_light_rain_10AM.txt,20.0|light_rain|10AM,20.0,light_rain,10AM,2744,1590,1307 499 1396 597
C:\Users\depthlev\Desktop\droneImages\dataset\depth_20\light_rain\10AM\HighresScreenshot00511_depth_20_light_rain_10AM.png,C:\Users\depthlev\Desktop\droneImages\dataset\depth_20\light_rain\10AM\HighresScreenshot00511_depth_20_light_rain_10AM.txt,20.0|light_rain|10AM,20.0,light_rain,10AM,2744,1590,942 827 1040 899
C:\Users\depthlev\Desktop\droneImages\dataset\depth_20\light_rain\10AM\HighresScreenshot00512_depth_20_light_rain_10AM.png,C:\Users\depthlev\Desktop\droneImages\dataset\depth_20\light_rain\10AM\HighresScreenshot00512_depth_20_light_rain_10AM.txt,20.0|light_rain|10AM,20.0,light_rain,10AM,2744,1590,1478 1223 1589 1325
C:\Users\depthlev\Desktop\droneImages\dataset\depth_20\light_rain\10AM\HighresScreenshot00513_depth_20_light_rain_10AM.png,C:\Users\depthlev\Desktop\droneImages\dataset\depth_20\light_rain\10AM\HighresScreenshot00513_depth_20_light_rain_10AM.txt,20.0|light_rain|10AM,20.0,light_rain,10AM,2744,1590,1550 1283 1641 1344
C:\Users\depthlev\Desktop\droneImages\dataset\depth_20\light_rain\10AM\HighresScreenshot00514_depth_20_light_rain_10AM.png,C:\Users\depthlev\Desktop\droneImages\dataset\depth_20\light_rain\10AM\HighresScreenshot00514_depth_20_light_rain_10AM.txt,20.0|light_rain|10AM,20.0,light_rain,10AM,2744,1590,1042 688 1155 718
C:\Users\depthlev\Desktop\droneImages\dataset\depth_20\light_rain\10AM\HighresScreenshot00515_depth_20_light_rain_10AM.png,C:\Users\depthlev\Desktop\droneImages\dataset\depth_20\light_rain\10AM\HighresScreenshot00515_depth_20_light_rain_10AM.txt,20.0|light_rain|10AM,20.0,light_rain,10AM,2744,1590,1538 878 1645 980
C:\Users\depthlev\Desktop\droneImages\dataset\depth_20\light_rain\10AM\HighresScreenshot00516_depth_20_light_rain_10AM.png,C:\Users\depthlev\Desktop\droneImages\dataset\depth_20\light_rain\10AM\HighresScreenshot00516_depth_20_light_rain_10AM.txt,20.0|light_rain|10AM,20.0,light_rain,10AM,2744,1590,1384 753 1466 827
C:\Users\depthlev\Desktop\droneImages\dataset\depth_20\light_rain\10AM\HighresScreenshot00517_depth_20_light_rain_10AM.png,C:\Users\depthlev\Desktop\droneImages\dataset\depth_20\light_rain\10AM\HighresScreenshot00517_depth_20_light_rain_10AM.txt,20.0|light_rain|10AM,20.0,light_rain,10AM,2744,1590,1937 399 2066 465
C:\Users\depthlev\Desktop\droneImages\dataset\depth_20\light_rain\10AM\HighresScreenshot00518_depth_20_light_rain_10AM.png,C:\Users\depthlev\Desktop\droneImages\dataset\depth_20\light_rain\10AM\HighresScreenshot00518_depth_20_light_rain_10AM.txt,20.0|light_rain|10AM,20.0,light_rain,10AM,2744,1590,903 928 1021 1009
C:\Users\depthlev\Desktop\droneImages\dataset\depth_20\light_rain\10AM\HighresScreenshot00519_depth_20_light_rain_10AM.png,C:\Users\depthlev\Desktop\droneImages\dataset\depth_20\light_rain\10AM\HighresScreenshot00519_depth_20_light_rain_10AM.txt,20.0|light_rain|10AM,20.0,light_rain,10AM,2744,1590,1419 550 1522 644
C:\Users\depthlev\Desktop\droneImages\dataset\depth_20\light_rain\10AM\HighresScreenshot00520_depth_20_light_rain_10AM.png,C:\Users\depthlev\Desktop\droneImages\dataset\depth_20\light_rain\10AM\HighresScreenshot00520_depth_20_light_rain_10AM.txt,20.0|light_rain|10AM,20.0,light_rain,10AM,2744,1590,1093 643 1182 734
C:\Users\depthlev\Desktop\droneImages\dataset\depth_20\light_rain\10AM\HighresScreenshot00521_depth_20_light_rain_10AM.png,C:\Users\depthlev\Desktop\droneImages\dataset\depth_20\light_rain\10AM\HighresScreenshot00521_depth_20_light_rain_10AM.txt,20.0|light_rain|10AM,20.0,light_rain,10AM,2744,1590,1070 467 1177 575
C:\Users\depthlev\Desktop\droneImages\dataset\depth_20\light_rain\10AM\HighresScreenshot00522_depth_20_light_rain_10AM.png,C:\Users\depthlev\Desktop\droneImages\dataset\depth_20\light_rain\10AM\HighresScreenshot00522_depth_20_light_rain_10AM.txt,20.0|light_rain|10AM,20.0,light_rain,10AM,2744,1590,971 970 1088 1017
C:\Users\depthlev\Desktop\droneImages\dataset\depth_20\light_rain\10AM\HighresScreenshot00523_depth_20_light_rain_10AM.png,C:\Users\depthlev\Desktop\droneImages\dataset\depth_20\light_rain\10AM\HighresScreenshot00523_depth_20_light_rain_10AM.txt,20.0|light_rain|10AM,20.0,light_rain,10AM,2744,1590,1545 720 1638 796
C:\Users\depthlev\Desktop\droneImages\dataset\depth_20\light_rain\10AM\HighresScreenshot00524_depth_20_light_rain_10AM.png,C:\Users\depthlev\Desktop\droneImages\dataset\depth_20\light_rain\10AM\HighresScreenshot00524_depth_20_light_rain_10AM.txt,20.0|light_rain|10AM,20.0,light_rain,10AM,2744,1590,1273 489 1376 564
C:\Users\depthlev\Desktop\droneImages\dataset\depth_20\light_rain\10AM\HighresScreenshot00525_depth_20_light_rain_10AM.png,C:\Users\depthlev\Desktop\droneImages\dataset\depth_20\light_rain\10AM\HighresScreenshot00525_depth_20_light_rain_10AM.txt,20.0|light_rain|10AM,20.0,light_rain,10AM,2744,1590,1211 463 1309 560
C:\Users\depthlev\Desktop\droneImages\dataset\depth_20\light_rain\10AM\HighresScreenshot00526_depth_20_light_rain_10AM.png,C:\Users\depthlev\Desktop\droneImages\dataset\depth_20\light_rain\10AM\HighresScreenshot00526_depth_20_light_rain_10AM.txt,20.0|light_rain|10AM,20.0,light_rain,10AM,2744,1590,1540 1006 1634 1081
C:\Users\depthlev\Desktop\droneImages\dataset\depth_20\light_rain\10AM\HighresScreenshot00527_depth_20_light_rain_10AM.png,C:\Users\depthlev\Desktop\droneImages\dataset\depth_20\light_rain\10AM\HighresScreenshot00527_depth_20_light_rain_10AM.txt,20.0|light_rain|10AM,20.0,light_rain,10AM,2744,1590,1506 1081 1609 1165
C:\Users\depthlev\Desktop\droneImages\dataset\depth_20\light_rain\10AM\HighresScreenshot00528_depth_20_light_rain_10AM.png,C:\Users\depthlev\Desktop\droneImages\dataset\depth_20\light_rain\10AM\HighresScreenshot00528_depth_20_light_rain_10AM.txt,20.0|light_rain|10AM,20.0,light_rain,10AM,2744,1590,758 983 881 1069
C:\Users\depthlev\Desktop\droneImages\dataset\depth_20\light_rain\10AM\HighresScreenshot00529_depth_20_light_rain_10AM.png,C:\Users\depthlev\Desktop\droneImages\dataset\depth_20\light_rain\10AM\HighresScreenshot00529_depth_20_light_rain_10AM.txt,20.0|light_rain|10AM,20.0,light_rain,10AM,2744,1590,1373 751 1477 857
C:\Users\depthlev\Desktop\droneImages\dataset\depth_20\light_rain\10AM\HighresScreenshot00530_depth_20_light_rain_10AM.png,C:\Users\depthlev\Desktop\droneImages\dataset\depth_20\light_rain\10AM\HighresScreenshot00530_depth_20_light_rain_10AM.txt,20.0|light_rain|10AM,20.0,light_rain,10AM,2744,1590,1828 561 1953 621
C:\Users\depthlev\Desktop\droneImages\dataset\depth_20\light_rain\10AM\HighresScreenshot00531_depth_20_light_rain_10AM.png,C:\Users\depthlev\Desktop\droneImages\dataset\depth_20\light_rain\10AM\HighresScreenshot00531_depth_20_light_rain_10AM.txt,20.0|light_rain|10AM,20.0,light_rain,10AM,2744,1590,1090 496 1202 595
C:\Users\depthlev\Desktop\droneImages\dataset\depth_20\light_rain\10AM\HighresScreenshot00532_depth_20_light_rain_10AM.png,C:\Users\depthlev\Desktop\droneImages\dataset\depth_20\light_rain\10AM\HighresScreenshot00532_depth_20_light_rain_10AM.txt,20.0|light_rain|10AM,20.0,light_rain,10AM,2744,1590,1516 1317 1610 1397
C:\Users\depthlev\Desktop\droneImages\dataset\depth_20\light_rain\10AM\HighresScreenshot00533_depth_20_light_rain_10AM.png,C:\Users\depthlev\Desktop\droneImages\dataset\depth_20\light_rain\10AM\HighresScreenshot00533_depth_20_light_rain_10AM.txt,20.0|light_rain|10AM,20.0,light_rain,10AM,2744,1590,1481 1066 1593 1116
C:\Users\depthlev\Desktop\droneImages\dataset\depth_20\light_rain\10AM\HighresScreenshot00534_depth_20_light_rain_10AM.png,C:\Users\depthlev\Desktop\droneImages\dataset\depth_20\light_rain\10AM\HighresScreenshot00534_depth_20_light_rain_10AM.txt,20.0|light_rain|10AM,20.0,light_rain,10AM,2744,1590,1296 820 1370 855
C:\Users\depthlev\Desktop\droneImages\dataset\depth_20\light_rain\10AM\HighresScreenshot00535_depth_20_light_rain_10AM.png,C:\Users\depthlev\Desktop\droneImages\dataset\depth_20\light_rain\10AM\HighresScreenshot00535_depth_20_light_rain_10AM.txt,20.0|light_rain|10AM,20.0,light_rain,10AM,2744,1590,922 493 1020 566
C:\Users\depthlev\Desktop\droneImages\dataset\depth_20\light_rain\10AM\HighresScreenshot00536_depth_20_light_rain_10AM.png,C:\Users\depthlev\Desktop\droneImages\dataset\depth_20\light_rain\10AM\HighresScreenshot00536_depth_20_light_rain_10AM.txt,20.0|light_rain|10AM,20.0,light_rain,10AM,2744,1590,1261 792 1359 857
C:\Users\depthlev\Desktop\droneImages\dataset\depth_20\light_rain\10AM\HighresScreenshot00537_depth_20_light_rain_10AM.png,C:\Users\depthlev\Desktop\droneImages\dataset\depth_20\light_rain\10AM\HighresScreenshot00537_depth_20_light_rain_10AM.txt,20.0|light_rain|10AM,20.0,light_rain,10AM,2744,1590,1385 953 1491 1051
C:\Users\depthlev\Desktop\droneImages\dataset\depth_20\light_rain\10AM\HighresScreenshot00538_depth_20_light_rain_10AM.png,C:\Users\depthlev\Desktop\droneImages\dataset\depth_20\light_rain\10AM\HighresScreenshot00538_depth_20_light_rain_10AM.txt,20.0|light_rain|10AM,20.0,light_rain,10AM,2744,1590,1707 992 1787 1081
C:\Users\depthlev\Desktop\droneImages\dataset\depth_20\light_rain\10AM\HighresScreenshot00539_depth_20_light_rain_10AM.png,C:\Users\depthlev\Desktop\droneImages\dataset\depth_20\light_rain\10AM\HighresScreenshot00539_depth_20_light_rain_10AM.txt,20.0|light_rain|10AM,20.0,light_rain,10AM,2744,1590,697 884 802 960
C:\Users\depthlev\Desktop\droneImages\dataset\depth_20\light_rain\10AM\HighresScreenshot00540_depth_20_light_rain_10AM.png,C:\Users\depthlev\Desktop\droneImages\dataset\depth_20\light_rain\10AM\HighresScreenshot00540_depth_20_light_rain_10AM.txt,20.0|light_rain|10AM,20.0,light_rain,10AM,2744,1590,1151 1132 1252 1233
C:\Users\depthlev\Desktop\droneImages\dataset\depth_20\light_rain\10AM\HighresScreenshot00541_depth_20_light_rain_10AM.png,C:\Users\depthlev\Desktop\droneImages\dataset\depth_20\light_rain\10AM\HighresScreenshot00541_depth_20_light_rain_10AM.txt,20.0|light_rain|10AM,20.0,light_rain,10AM,2744,1590,1318 850 1414 920
C:\Users\depthlev\Desktop\droneImages\dataset\depth_20\light_rain\10AM\HighresScreenshot00542_depth_20_light_rain_10AM.png,C:\Users\depthlev\Desktop\droneImages\dataset\depth_20\light_rain\10AM\HighresScreenshot00542_depth_20_light_rain_10AM.txt,20.0|light_rain|10AM,20.0,light_rain,10AM,2744,1590,1313 1009 1420 1118
C:\Users\depthlev\Desktop\droneImages\dataset\depth_20\light_rain\10AM\HighresScreenshot00543_depth_20_light_rain_10AM.png,C:\Users\depthlev\Desktop\droneImages\dataset\depth_20\light_rain\10AM\HighresScreenshot00543_depth_20_light_rain_10AM.txt,20.0|light_rain|10AM,20.0,light_rain,10AM,2744,1590,1477 1252 1593 1375
C:\Users\depthlev\Desktop\droneImages\dataset\depth_20\light_rain\10AM\HighresScreenshot00544_depth_20_light_rain_10AM.png,C:\Users\depthlev\Desktop\droneImages\dataset\depth_20\light_rain\10AM\HighresScreenshot00544_depth_20_light_rain_10AM.txt,20.0|light_rain|10AM,20.0,light_rain,10AM,2744,1590,1116 397 1230 473
C:\Users\depthlev\Desktop\droneImages\dataset\depth_20\light_rain\10AM\HighresScreenshot00545_depth_20_light_rain_10AM.png,C:\Users\depthlev\Desktop\droneImages\dataset\depth_20\light_rain\10AM\HighresScreenshot00545_depth_20_light_rain_10AM.txt,20.0|light_rain|10AM,20.0,light_rain,10AM,2744,1590,1069 786 1180 843
C:\Users\depthlev\Desktop\droneImages\dataset\depth_20\light_rain\10AM\HighresScreenshot00546_depth_20_light_rain_10AM.png,C:\Users\depthlev\Desktop\droneImages\dataset\depth_20\light_rain\10AM\HighresScreenshot00546_depth_20_light_rain_10AM.txt,20.0|light_rain|10AM,20.0,light_rain,10AM,2744,1590,860 969 979 1069
C:\Users\depthlev\Desktop\droneImages\dataset\depth_20\light_rain\10AM\HighresScreenshot00547_depth_20_light_rain_10AM.png,C:\Users\depthlev\Desktop\droneImages\dataset\depth_20\light_rain\10AM\HighresScreenshot00547_depth_20_light_rain_10AM.txt,20.0|light_rain|10AM,20.0,light_rain,10AM,2744,1590,1265 871 1368 977
C:\Users\depthlev\Desktop\droneImages\dataset\depth_20\light_rain\10AM\HighresScreenshot00548_depth_20_light_rain_10AM.png,C:\Users\depthlev\Desktop\droneImages\dataset\depth_20\light_rain\10AM\HighresScreenshot00548_depth_20_light_rain_10AM.txt,20.0|light_rain|10AM,20.0,light_rain,10AM,2744,1590,1438 1070 1542 1169
C:\Users\depthlev\Desktop\droneImages\dataset\depth_20\light_rain\10AM\HighresScreenshot00549_depth_20_light_rain_10AM.png,C:\Users\depthlev\Desktop\droneImages\dataset\depth_20\light_rain\10AM\HighresScreenshot00549_depth_20_light_rain_10AM.txt,20.0|light_rain|10AM,20.0,light_rain,10AM,2744,1590,1601 852 1713 900
C:\Users\depthlev\Desktop\droneImages\dataset\depth_20\light_rain\10AM\HighresScreenshot00550_depth_20_light_rain_10AM.png,C:\Users\depthlev\Desktop\droneImages\dataset\depth_20\light_rain\10AM\HighresScreenshot00550_depth_20_light_rain_10AM.txt,20.0|light_rain|10AM,20.0,light_rain,10AM,2744,1590,795 803 901 880
C:\Users\depthlev\Desktop\droneImages\dataset\depth_20\light_rain\10AM\HighresScreenshot00551_depth_20_light_rain_10AM.png,C:\Users\depthlev\Desktop\droneImages\dataset\depth_20\light_rain\10AM\HighresScreenshot00551_depth_20_light_rain_10AM.txt,20.0|light_rain|10AM,20.0,light_rain,10AM,2744,1590,800 668 924 705
C:\Users\depthlev\Desktop\droneImages\dataset\depth_20\light_rain\10AM\HighresScreenshot00552_depth_20_light_rain_10AM.png,C:\Users\depthlev\Desktop\droneImages\dataset\depth_20\light_rain\10AM\HighresScreenshot00552_depth_20_light_rain_10AM.txt,20.0|light_rain|10AM,20.0,light_rain,10AM,2744,1590,974 1286 1069 1377
C:\Users\depthlev\Desktop\droneImages\dataset\depth_20\light_rain\10AM\HighresScreenshot00553_depth_20_light_rain_10AM.png,C:\Users\depthlev\Desktop\droneImages\dataset\depth_20\light_rain\10AM\HighresScreenshot00553_depth_20_light_rain_10AM.txt,20.0|light_rain|10AM,20.0,light_rain,10AM,2744,1590,1528 457 1635 557
C:\Users\depthlev\Desktop\droneImages\dataset\depth_20\light_rain\10AM\HighresScreenshot00554_depth_20_light_rain_10AM.png,C:\Users\depthlev\Desktop\droneImages\dataset\depth_20\light_rain\10AM\HighresScreenshot00554_depth_20_light_rain_10AM.txt,20.0|light_rain|10AM,20.0,light_rain,10AM,2744,1590,1066 336 1170 415
C:\Users\depthlev\Desktop\droneImages\dataset\depth_20\light_rain\10AM\HighresScreenshot00555_depth_20_light_rain_10AM.png,C:\Users\depthlev\Desktop\droneImages\dataset\depth_20\light_rain\10AM\HighresScreenshot00555_depth_20_light_rain_10AM.txt,20.0|light_rain|10AM,20.0,light_rain,10AM,2744,1590,1253 784 1340 864
C:\Users\depthlev\Desktop\droneImages\dataset\depth_20\light_rain\10AM\HighresScreenshot00556_depth_20_light_rain_10AM.png,C:\Users\depthlev\Desktop\droneImages\dataset\depth_20\light_rain\10AM\HighresScreenshot00556_depth_20_light_rain_10AM.txt,20.0|light_rain|10AM,20.0,light_rain,10AM,2744,1590,796 891 914 983
C:\Users\depthlev\Desktop\droneImages\dataset\depth_20\light_rain\10AM\HighresScreenshot00557_depth_20_light_rain_10AM.png,C:\Users\depthlev\Desktop\droneImages\dataset\depth_20\light_rain\10AM\HighresScreenshot00557_depth_20_light_rain_10AM.txt,20.0|light_rain|10AM,20.0,light_rain,10AM,2744,1590,1380 1320 1497 1362
C:\Users\depthlev\Desktop\droneImages\dataset\depth_20\light_rain\10AM\HighresScreenshot00558_depth_20_light_rain_10AM.png,C:\Users\depthlev\Desktop\droneImages\dataset\depth_20\light_rain\10AM\HighresScreenshot00558_depth_20_light_rain_10AM.txt,20.0|light_rain|10AM,20.0,light_rain,10AM,2744,1590,1511 698 1604 769
C:\Users\depthlev\Desktop\droneImages\dataset\depth_20\light_rain\10AM\HighresScreenshot00559_depth_20_light_rain_10AM.png,C:\Users\depthlev\Desktop\droneImages\dataset\depth_20\light_rain\10AM\HighresScreenshot00559_depth_20_light_rain_10AM.txt,20.0|light_rain|10AM,20.0,light_rain,10AM,2744,1590,1258 1070 1364 1175
C:\Users\depthlev\Desktop\droneImages\dataset\depth_20\light_rain\10AM\HighresScreenshot00560_depth_20_light_rain_10AM.png,C:\Users\depthlev\Desktop\droneImages\dataset\depth_20\light_rain\10AM\HighresScreenshot00560_depth_20_light_rain_10AM.txt,20.0|light_rain|10AM,20.0,light_rain,10AM,2744,1590,1154 639 1254 732
C:\Users\depthlev\Desktop\droneImages\dataset\depth_20\light_rain\10AM\HighresScreenshot00561_depth_20_light_rain_10AM.png,C:\Users\depthlev\Desktop\droneImages\dataset\depth_20\light_rain\10AM\HighresScreenshot00561_depth_20_light_rain_10AM.txt,20.0|light_rain|10AM,20.0,light_rain,10AM,2744,1590,1401 1229 1507 1297
C:\Users\depthlev\Desktop\droneImages\dataset\depth_20\light_rain\10AM\HighresScreenshot00562_depth_20_light_rain_10AM.png,C:\Users\depthlev\Desktop\droneImages\dataset\depth_20\light_rain\10AM\HighresScreenshot00562_depth_20_light_rain_10AM.txt,20.0|light_rain|10AM,20.0,light_rain,10AM,2744,1590,1216 581 1311 629
C:\Users\depthlev\Desktop\droneImages\dataset\depth_20\light_rain\10AM\HighresScreenshot00563_depth_20_light_rain_10AM.png,C:\Users\depthlev\Desktop\droneImages\dataset\depth_20\light_rain\10AM\HighresScreenshot00563_depth_20_light_rain_10AM.txt,20.0|light_rain|10AM,20.0,light_rain,10AM,2744,1590,774 773 893 799
C:\Users\depthlev\Desktop\droneImages\dataset\depth_20\light_rain\10AM\HighresScreenshot00564_depth_20_light_rain_10AM.png,C:\Users\depthlev\Desktop\droneImages\dataset\depth_20\light_rain\10AM\HighresScreenshot00564_depth_20_light_rain_10AM.txt,20.0|light_rain|10AM,20.0,light_rain,10AM,2744,1590,1663 669 1766 719
C:\Users\depthlev\Desktop\droneImages\dataset\depth_20\light_rain\10AM\HighresScreenshot00565_depth_20_light_rain_10AM.png,C:\Users\depthlev\Desktop\droneImages\dataset\depth_20\light_rain\10AM\HighresScreenshot00565_depth_20_light_rain_10AM.txt,20.0|light_rain|10AM,20.0,light_rain,10AM,2744,1590,1697 868 1811 900
C:\Users\depthlev\Desktop\droneImages\dataset\depth_20\light_rain\10AM\HighresScreenshot00566_depth_20_light_rain_10AM.png,C:\Users\depthlev\Desktop\droneImages\dataset\depth_20\light_rain\10AM\HighresScreenshot00566_depth_20_light_rain_10AM.txt,20.0|light_rain|10AM,20.0,light_rain,10AM,2744,1590,946 670 1038 748
C:\Users\depthlev\Desktop\droneImages\dataset\depth_20\light_rain\10AM\HighresScreenshot00567_depth_20_light_rain_10AM.png,C:\Users\depthlev\Desktop\droneImages\dataset\depth_20\light_rain\10AM\HighresScreenshot00567_depth_20_light_rain_10AM.txt,20.0|light_rain|10AM,20.0,light_rain,10AM,2744,1590,1214 357 1312 450
C:\Users\depthlev\Desktop\droneImages\dataset\depth_20\light_rain\10AM\HighresScreenshot00568_depth_20_light_rain_10AM.png,C:\Users\depthlev\Desktop\droneImages\dataset\depth_20\light_rain\10AM\HighresScreenshot00568_depth_20_light_rain_10AM.txt,20.0|light_rain|10AM,20.0,light_rain,10AM,2744,1590,1387 1010 1468 1060
C:\Users\depthlev\Desktop\droneImages\dataset\depth_20\light_rain\10AM\HighresScreenshot00569_depth_20_light_rain_10AM.png,C:\Users\depthlev\Desktop\droneImages\dataset\depth_20\light_rain\10AM\HighresScreenshot00569_depth_20_light_rain_10AM.txt,20.0|light_rain|10AM,20.0,light_rain,10AM,2744,1590,1238 811 1339 911
C:\Users\depthlev\Desktop\droneImages\dataset\depth_20\light_rain\10AM\HighresScreenshot00570_depth_20_light_rain_10AM.png,C:\Users\depthlev\Desktop\droneImages\dataset\depth_20\light_rain\10AM\HighresScreenshot00570_depth_20_light_rain_10AM.txt,20.0|light_rain|10AM,20.0,light_rain,10AM,2744,1590,1257 524 1356 619
C:\Users\depthlev\Desktop\droneImages\dataset\depth_20\light_rain\10AM\HighresScreenshot00571_depth_20_light_rain_10AM.png,C:\Users\depthlev\Desktop\droneImages\dataset\depth_20\light_rain\10AM\HighresScreenshot00571_depth_20_light_rain_10AM.txt,20.0|light_rain|10AM,20.0,light_rain,10AM,2744,1590,1451 415 1552 508
C:\Users\depthlev\Desktop\droneImages\dataset\depth_20\light_rain\10AM\HighresScreenshot00572_depth_20_light_rain_10AM.png,C:\Users\depthlev\Desktop\droneImages\dataset\depth_20\light_rain\10AM\HighresScreenshot00572_depth_20_light_rain_10AM.txt,20.0|light_rain|10AM,20.0,light_rain,10AM,2744,1590,1202 1025 1277 1096
C:\Users\depthlev\Desktop\droneImages\dataset\depth_20\light_rain\10AM\HighresScreenshot00573_depth_20_light_rain_10AM.png,C:\Users\depthlev\Desktop\droneImages\dataset\depth_20\light_rain\10AM\HighresScreenshot00573_depth_20_light_rain_10AM.txt,20.0|light_rain|10AM,20.0,light_rain,10AM,2744,1590,930 1298 1027 1386
C:\Users\depthlev\Desktop\droneImages\dataset\depth_20\light_rain\10AM\HighresScreenshot00574_depth_20_light_rain_10AM.png,C:\Users\depthlev\Desktop\droneImages\dataset\depth_20\light_rain\10AM\HighresScreenshot00574_depth_20_light_rain_10AM.txt,20.0|light_rain|10AM,20.0,light_rain,10AM,2744,1590,880 494 974 522
C:\Users\depthlev\Desktop\droneImages\dataset\depth_20\light_rain\10AM\HighresScreenshot00575_depth_20_light_rain_10AM.png,C:\Users\depthlev\Desktop\droneImages\dataset\depth_20\light_rain\10AM\HighresScreenshot00575_depth_20_light_rain_10AM.txt,20.0|light_rain|10AM,20.0,light_rain,10AM,2744,1590,1082 529 1189 571
C:\Users\depthlev\Desktop\droneImages\dataset\depth_20\light_rain\10AM\HighresScreenshot00576_depth_20_light_rain_10AM.png,C:\Users\depthlev\Desktop\droneImages\dataset\depth_20\light_rain\10AM\HighresScreenshot00576_depth_20_light_rain_10AM.txt,20.0|light_rain|10AM,20.0,light_rain,10AM,2744,1590,1310 556 1415 627
C:\Users\depthlev\Desktop\droneImages\dataset\depth_20\light_rain\10AM\HighresScreenshot00577_depth_20_light_rain_10AM.png,C:\Users\depthlev\Desktop\droneImages\dataset\depth_20\light_rain\10AM\HighresScreenshot00577_depth_20_light_rain_10AM.txt,20.0|light_rain|10AM,20.0,light_rain,10AM,2744,1590,1668 857 1783 937
C:\Users\depthlev\Desktop\droneImages\dataset\depth_20\light_rain\10AM\HighresScreenshot00578_depth_20_light_rain_10AM.png,C:\Users\depthlev\Desktop\droneImages\dataset\depth_20\light_rain\10AM\HighresScreenshot00578_depth_20_light_rain_10AM.txt,20.0|light_rain|10AM,20.0,light_rain,10AM,2744,1590,1455 717 1535 806
C:\Users\depthlev\Desktop\droneImages\dataset\depth_20\light_rain\10AM\HighresScreenshot00579_depth_20_light_rain_10AM.png,C:\Users\depthlev\Desktop\droneImages\dataset\depth_20\light_rain\10AM\HighresScreenshot00579_depth_20_light_rain_10AM.txt,20.0|light_rain|10AM,20.0,light_rain,10AM,2744,1590,1130 516 1235 613
C:\Users\depthlev\Desktop\droneImages\dataset\depth_20\light_rain\10AM\HighresScreenshot00580_depth_20_light_rain_10AM.png,C:\Users\depthlev\Desktop\droneImages\dataset\depth_20\light_rain\10AM\HighresScreenshot00580_depth_20_light_rain_10AM.txt,20.0|light_rain|10AM,20.0,light_rain,10AM,2744,1590,1439 614 1546 672
C:\Users\depthlev\Desktop\droneImages\dataset\depth_20\light_rain\10AM\HighresScreenshot00581_depth_20_light_rain_10AM.png,C:\Users\depthlev\Desktop\droneImages\dataset\depth_20\light_rain\10AM\HighresScreenshot00581_depth_20_light_rain_10AM.txt,20.0|light_rain|10AM,20.0,light_rain,10AM,2744,1590,1556 590 1638 677
C:\Users\depthlev\Desktop\droneImages\dataset\depth_20\light_rain\10AM\HighresScreenshot00582_depth_20_light_rain_10AM.png,C:\Users\depthlev\Desktop\droneImages\dataset\depth_20\light_rain\10AM\HighresScreenshot00582_depth_20_light_rain_10AM.txt,20.0|light_rain|10AM,20.0,light_rain,10AM,2744,1590,1472 974 1582 1038
C:\Users\depthlev\Desktop\droneImages\dataset\depth_20\light_rain\10AM\HighresScreenshot00583_depth_20_light_rain_10AM.png,C:\Users\depthlev\Desktop\droneImages\dataset\depth_20\light_rain\10AM\HighresScreenshot00583_depth_20_light_rain_10AM.txt,20.0|light_rain|10AM,20.0,light_rain,10AM,2744,1590,1521 740 1621 801
C:\Users\depthlev\Desktop\droneImages\dataset\depth_20\light_rain\10AM\HighresScreenshot00584_depth_20_light_rain_10AM.png,C:\Users\depthlev\Desktop\droneImages\dataset\depth_20\light_rain\10AM\HighresScreenshot00584_depth_20_light_rain_10AM.txt,20.0|light_rain|10AM,20.0,light_rain,10AM,2744,1590,1329 417 1428 508
C:\Users\depthlev\Desktop\droneImages\dataset\depth_20\light_rain\10AM\HighresScreenshot00585_depth_20_light_rain_10AM.png,C:\Users\depthlev\Desktop\droneImages\dataset\depth_20\light_rain\10AM\HighresScreenshot00585_depth_20_light_rain_10AM.txt,20.0|light_rain|10AM,20.0,light_rain,10AM,2744,1590,924 963 1032 1009
C:\Users\depthlev\Desktop\droneImages\dataset\depth_20\light_rain\10AM\HighresScreenshot00586_depth_20_light_rain_10AM.png,C:\Users\depthlev\Desktop\droneImages\dataset\depth_20\light_rain\10AM\HighresScreenshot00586_depth_20_light_rain_10AM.txt,20.0|light_rain|10AM,20.0,light_rain,10AM,2744,1590,1153 1093 1263 1202
C:\Users\depthlev\Desktop\droneImages\dataset\depth_20\light_rain\10AM\HighresScreenshot00587_depth_20_light_rain_10AM.png,C:\Users\depthlev\Desktop\droneImages\dataset\depth_20\light_rain\10AM\HighresScreenshot00587_depth_20_light_rain_10AM.txt,20.0|light_rain|10AM,20.0,light_rain,10AM,2744,1590,1439 1103 1518 1149
C:\Users\depthlev\Desktop\droneImages\dataset\depth_20\light_rain\10AM\HighresScreenshot00588_depth_20_light_rain_10AM.png,C:\Users\depthlev\Desktop\droneImages\dataset\depth_20\light_rain\10AM\HighresScreenshot00588_depth_20_light_rain_10AM.txt,20.0|light_rain|10AM,20.0,light_rain,10AM,2744,1590,1511 578 1604 656
C:\Users\depthlev\Desktop\droneImages\dataset\depth_20\light_rain\10AM\HighresScreenshot00589_depth_20_light_rain_10AM.png,C:\Users\depthlev\Desktop\droneImages\dataset\depth_20\light_rain\10AM\HighresScreenshot00589_depth_20_light_rain_10AM.txt,20.0|light_rain|10AM,20.0,light_rain,10AM,2744,1590,1377 1271 1490 1354
C:\Users\depthlev\Desktop\droneImages\dataset\depth_20\light_rain\10AM\HighresScreenshot00590_depth_20_light_rain_10AM.png,C:\Users\depthlev\Desktop\droneImages\dataset\depth_20\light_rain\10AM\HighresScreenshot00590_depth_20_light_rain_10AM.txt,20.0|light_rain|10AM,20.0,light_rain,10AM,2744,1590,1423 626 1508 699
C:\Users\depthlev\Desktop\droneImages\dataset\depth_20\light_rain\10AM\HighresScreenshot00591_depth_20_light_rain_10AM.png,C:\Users\depthlev\Desktop\droneImages\dataset\depth_20\light_rain\10AM\HighresScreenshot00591_depth_20_light_rain_10AM.txt,20.0|light_rain|10AM,20.0,light_rain,10AM,2744,1590,636 578 771 639
C:\Users\depthlev\Desktop\droneImages\dataset\depth_20\light_rain\10AM\HighresScreenshot00592_depth_20_light_rain_10AM.png,C:\Users\depthlev\Desktop\droneImages\dataset\depth_20\light_rain\10AM\HighresScreenshot00592_depth_20_light_rain_10AM.txt,20.0|light_rain|10AM,20.0,light_rain,10AM,2744,1590,873 781 979 845
C:\Users\depthlev\Desktop\droneImages\dataset\depth_20\light_rain\10AM\HighresScreenshot00593_depth_20_light_rain_10AM.png,C:\Users\depthlev\Desktop\droneImages\dataset\depth_20\light_rain\10AM\HighresScreenshot00593_depth_20_light_rain_10AM.txt,20.0|light_rain|10AM,20.0,light_rain,10AM,2744,1590,1229 1252 1332 1368
C:\Users\depthlev\Desktop\droneImages\dataset\depth_20\light_rain\10AM\HighresScreenshot00594_depth_20_light_rain_10AM.png,C:\Users\depthlev\Desktop\droneImages\dataset\depth_20\light_rain\10AM\HighresScreenshot00594_depth_20_light_rain_10AM.txt,20.0|light_rain|10AM,20.0,light_rain,10AM,2744,1590,1943 878 2057 926
C:\Users\depthlev\Desktop\droneImages\dataset\depth_20\light_rain\10AM\HighresScreenshot00595_depth_20_light_rain_10AM.png,C:\Users\depthlev\Desktop\droneImages\dataset\depth_20\light_rain\10AM\HighresScreenshot00595_depth_20_light_rain_10AM.txt,20.0|light_rain|10AM,20.0,light_rain,10AM,2744,1590,1182 782 1268 827
C:\Users\depthlev\Desktop\droneImages\dataset\depth_20\light_rain\10AM\HighresScreenshot00596_depth_20_light_rain_10AM.png,C:\Users\depthlev\Desktop\droneImages\dataset\depth_20\light_rain\10AM\HighresScreenshot00596_depth_20_light_rain_10AM.txt,20.0|light_rain|10AM,20.0,light_rain,10AM,2744,1590,1265 1206 1372 1289
C:\Users\depthlev\Desktop\droneImages\dataset\depth_20\light_rain\10AM\HighresScreenshot00597_depth_20_light_rain_10AM.png,C:\Users\depthlev\Desktop\droneImages\dataset\depth_20\light_rain\10AM\HighresScreenshot00597_depth_20_light_rain_10AM.txt,20.0|light_rain|10AM,20.0,light_rain,10AM,2744,1590,1746 1003 1849 1099
C:\Users\depthlev\Desktop\droneImages\dataset\depth_20\light_rain\10AM\HighresScreenshot00598_depth_20_light_rain_10AM.png,C:\Users\depthlev\Desktop\droneImages\dataset\depth_20\light_rain\10AM\HighresScreenshot00598_depth_20_light_rain_10AM.txt,20.0|light_rain|10AM,20.0,light_rain,10AM,2744,1590,1849 1334 1981 1437
C:\Users\depthlev\Desktop\droneImages\dataset\depth_20\light_rain\10AM\HighresScreenshot00599_depth_20_light_rain_10AM.png,C:\Users\depthlev\Desktop\droneImages\dataset\depth_20\light_rain\10AM\HighresScreenshot00599_depth_20_light_rain_10AM.txt,20.0|light_rain|10AM,20.0,light_rain,10AM,2744,1590,1148 1000 1236 1053
C:\Users\depthlev\Desktop\droneImages\dataset\depth_20\light_rain\10AM\HighresScreenshot00600_depth_20_light_rain_10AM.png,C:\Users\depthlev\Desktop\droneImages\dataset\depth_20\light_rain\10AM\HighresScreenshot00600_depth_20_light_rain_10AM.txt,20.0|light_rain|10AM,20.0,light_rain,10AM,2744,1590,1695 1103 1814 1183
C:\Users\depthlev\Desktop\droneImages\dataset\depth_20\light_rain\10AM\HighresScreenshot00601_depth_20_light_rain_10AM.png,C:\Users\depthlev\Desktop\droneImages\dataset\depth_20\light_rain\10AM\HighresScreenshot00601_depth_20_light_rain_10AM.txt,20.0|light_rain|10AM,20.0,light_rain,10AM,2744,1590,1095 716 1203 797
C:\Users\depthlev\Desktop\droneImages\dataset\depth_20\light_rain\10AM\HighresScreenshot00602_depth_20_light_rain_10AM.png,C:\Users\depthlev\Desktop\droneImages\dataset\depth_20\light_rain\10AM\HighresScreenshot00602_depth_20_light_rain_10AM.txt,20.0|light_rain|10AM,20.0,light_rain,10AM,2744,1590,1427 688 1519 786
C:\Users\depthlev\Desktop\droneImages\dataset\depth_20\light_rain\10AM\HighresScreenshot00603_depth_20_light_rain_10AM.png,C:\Users\depthlev\Desktop\droneImages\dataset\depth_20\light_rain\10AM\HighresScreenshot00603_depth_20_light_rain_10AM.txt,20.0|light_rain|10AM,20.0,light_rain,10AM,2744,1590,1192 811 1279 855
C:\Users\depthlev\Desktop\droneImages\dataset\depth_20\light_rain\10AM\HighresScreenshot00604_depth_20_light_rain_10AM.png,C:\Users\depthlev\Desktop\droneImages\dataset\depth_20\light_rain\10AM\HighresScreenshot00604_depth_20_light_rain_10AM.txt,20.0|light_rain|10AM,20.0,light_rain,10AM,2744,1590,1806 662 1921 721
C:\Users\depthlev\Desktop\droneImages\dataset\depth_20\light_rain\10AM\HighresScreenshot00605_depth_20_light_rain_10AM.png,C:\Users\depthlev\Desktop\droneImages\dataset\depth_20\light_rain\10AM\HighresScreenshot00605_depth_20_light_rain_10AM.txt,20.0|light_rain|10AM,20.0,light_rain,10AM,2744,1590,1385 434 1494 532
C:\Users\depthlev\Desktop\droneImages\dataset\depth_20\light_rain\10AM\HighresScreenshot00606_depth_20_light_rain_10AM.png,C:\Users\depthlev\Desktop\droneImages\dataset\depth_20\light_rain\10AM\HighresScreenshot00606_depth_20_light_rain_10AM.txt,20.0|light_rain|10AM,20.0,light_rain,10AM,2744,1590,1320 1063 1409 1123
C:\Users\depthlev\Desktop\droneImages\dataset\depth_30\clear_sky\10AM\HighresScreenshot00290_depth_30_clear_sky_10AM.png,C:\Users\depthlev\Desktop\droneImages\dataset\depth_30\clear_sky\10AM\HighresScreenshot00290_depth_30_clear_sky_10AM.txt,30.0|clear_sky|10AM,30.0,clear_sky,10AM,2826,1590,1628 529 1698 563
C:\Users\depthlev\Desktop\droneImages\dataset\depth_30\clear_sky\10AM\HighresScreenshot00291_depth_30_clear_sky_10AM.png,C:\Users\depthlev\Desktop\droneImages\dataset\depth_30\clear_sky\10AM\HighresScreenshot00291_depth_30_clear_sky_10AM.txt,30.0|clear_sky|10AM,30.0,clear_sky,10AM,2826,1590,1207 445 1279 470
C:\Users\depthlev\Desktop\droneImages\dataset\depth_30\clear_sky\10AM\HighresScreenshot00292_depth_30_clear_sky_10AM.png,C:\Users\depthlev\Desktop\droneImages\dataset\depth_30\clear_sky\10AM\HighresScreenshot00292_depth_30_clear_sky_10AM.txt,30.0|clear_sky|10AM,30.0,clear_sky,10AM,2826,1590,1303 1177 1364 1216
C:\Users\depthlev\Desktop\droneImages\dataset\depth_30\clear_sky\10AM\HighresScreenshot00293_depth_30_clear_sky_10AM.png,C:\Users\depthlev\Desktop\droneImages\dataset\depth_30\clear_sky\10AM\HighresScreenshot00293_depth_30_clear_sky_10AM.txt,30.0|clear_sky|10AM,30.0,clear_sky,10AM,2826,1590,735 883 812 930
C:\Users\depthlev\Desktop\droneImages\dataset\depth_30\clear_sky\10AM\HighresScreenshot00294_depth_30_clear_sky_10AM.png,C:\Users\depthlev\Desktop\droneImages\dataset\depth_30\clear_sky\10AM\HighresScreenshot00294_depth_30_clear_sky_10AM.txt,30.0|clear_sky|10AM,30.0,clear_sky,10AM,2826,1590,1307 627 1371 678
C:\Users\depthlev\Desktop\droneImages\dataset\depth_30\clear_sky\10AM\HighresScreenshot00295_depth_30_clear_sky_10AM.png,C:\Users\depthlev\Desktop\droneImages\dataset\depth_30\clear_sky\10AM\HighresScreenshot00295_depth_30_clear_sky_10AM.txt,30.0|clear_sky|10AM,30.0,clear_sky,10AM,2826,1590,1946 888 2013 912
C:\Users\depthlev\Desktop\droneImages\dataset\depth_30\clear_sky\10AM\HighresScreenshot00296_depth_30_clear_sky_10AM.png,C:\Users\depthlev\Desktop\droneImages\dataset\depth_30\clear_sky\10AM\HighresScreenshot00296_depth_30_clear_sky_10AM.txt,30.0|clear_sky|10AM,30.0,clear_sky,10AM,2826,1590,710 912 791 974
C:\Users\depthlev\Desktop\droneImages\dataset\depth_30\clear_sky\10AM\HighresScreenshot00297_depth_30_clear_sky_10AM.png,C:\Users\depthlev\Desktop\droneImages\dataset\depth_30\clear_sky\10AM\HighresScreenshot00297_depth_30_clear_sky_10AM.txt,30.0|clear_sky|10AM,30.0,clear_sky,10AM,2826,1590,1194 1007 1265 1073
C:\Users\depthlev\Desktop\droneImages\dataset\depth_30\clear_sky\10AM\HighresScreenshot00298_depth_30_clear_sky_10AM.png,C:\Users\depthlev\Desktop\droneImages\dataset\depth_30\clear_sky\10AM\HighresScreenshot00298_depth_30_clear_sky_10AM.txt,30.0|clear_sky|10AM,30.0,clear_sky,10AM,2826,1590,2325 746 2422 785
C:\Users\depthlev\Desktop\droneImages\dataset\depth_30\clear_sky\10AM\HighresScreenshot00299_depth_30_clear_sky_10AM.png,C:\Users\depthlev\Desktop\droneImages\dataset\depth_30\clear_sky\10AM\HighresScreenshot00299_depth_30_clear_sky_10AM.txt,30.0|clear_sky|10AM,30.0,clear_sky,10AM,2826,1590,1642 945 1714 962
C:\Users\depthlev\Desktop\droneImages\dataset\depth_30\clear_sky\10AM\HighresScreenshot00300_depth_30_clear_sky_10AM.png,C:\Users\depthlev\Desktop\droneImages\dataset\depth_30\clear_sky\10AM\HighresScreenshot00300_depth_30_clear_sky_10AM.txt,30.0|clear_sky|10AM,30.0,clear_sky,10AM,2826,1590,1145 1316 1207 1368
C:\Users\depthlev\Desktop\droneImages\dataset\depth_30\clear_sky\10AM\HighresScreenshot00301_depth_30_clear_sky_10AM.png,C:\Users\depthlev\Desktop\droneImages\dataset\depth_30\clear_sky\10AM\HighresScreenshot00301_depth_30_clear_sky_10AM.txt,30.0|clear_sky|10AM,30.0,clear_sky,10AM,2826,1590,1236 376 1308 404
C:\Users\depthlev\Desktop\droneImages\dataset\depth_30\clear_sky\10AM\HighresScreenshot00302_depth_30_clear_sky_10AM.png,C:\Users\depthlev\Desktop\droneImages\dataset\depth_30\clear_sky\10AM\HighresScreenshot00302_depth_30_clear_sky_10AM.txt,30.0|clear_sky|10AM,30.0,clear_sky,10AM,2826,1590,1215 1035 1279 1077
C:\Users\depthlev\Desktop\droneImages\dataset\depth_30\clear_sky\10AM\HighresScreenshot00303_depth_30_clear_sky_10AM.png,C:\Users\depthlev\Desktop\droneImages\dataset\depth_30\clear_sky\10AM\HighresScreenshot00303_depth_30_clear_sky_10AM.txt,30.0|clear_sky|10AM,30.0,clear_sky,10AM,2826,1590,1421 364 1486 428
C:\Users\depthlev\Desktop\droneImages\dataset\depth_30\clear_sky\10AM\HighresScreenshot00304_depth_30_clear_sky_10AM.png,C:\Users\depthlev\Desktop\droneImages\dataset\depth_30\clear_sky\10AM\HighresScreenshot00304_depth_30_clear_sky_10AM.txt,30.0|clear_sky|10AM,30.0,clear_sky,10AM,2826,1590,335 678 436 704
C:\Users\depthlev\Desktop\droneImages\dataset\depth_30\clear_sky\10AM\HighresScreenshot00305_depth_30_clear_sky_10AM.png,C:\Users\depthlev\Desktop\droneImages\dataset\depth_30\clear_sky\10AM\HighresScreenshot00305_depth_30_clear_sky_10AM.txt,30.0|clear_sky|10AM,30.0,clear_sky,10AM,2826,1590,1795 595 1867 633
C:\Users\depthlev\Desktop\droneImages\dataset\depth_30\clear_sky\10AM\HighresScreenshot00306_depth_30_clear_sky_10AM.png,C:\Users\depthlev\Desktop\droneImages\dataset\depth_30\clear_sky\10AM\HighresScreenshot00306_depth_30_clear_sky_10AM.txt,30.0|clear_sky|10AM,30.0,clear_sky,10AM,2826,1590,1150 727 1212 762
C:\Users\depthlev\Desktop\droneImages\dataset\depth_30\clear_sky\10AM\HighresScreenshot00307_depth_30_clear_sky_10AM.png,C:\Users\depthlev\Desktop\droneImages\dataset\depth_30\clear_sky\10AM\HighresScreenshot00307_depth_30_clear_sky_10AM.txt,30.0|clear_sky|10AM,30.0,clear_sky,10AM,2826,1590,2083 1036 2158 1070
C:\Users\depthlev\Desktop\droneImages\dataset\depth_30\clear_sky\10AM\HighresScreenshot00308_depth_30_clear_sky_10AM.png,C:\Users\depthlev\Desktop\droneImages\dataset\depth_30\clear_sky\10AM\HighresScreenshot00308_depth_30_clear_sky_10AM.txt,30.0|clear_sky|10AM,30.0,clear_sky,10AM,2826,1590,1223 597 1285 651
C:\Users\depthlev\Desktop\droneImages\dataset\depth_30\clear_sky\10AM\HighresScreenshot00309_depth_30_clear_sky_10AM.png,C:\Users\depthlev\Desktop\droneImages\dataset\depth_30\clear_sky\10AM\HighresScreenshot00309_depth_30_clear_sky_10AM.txt,30.0|clear_sky|10AM,30.0,clear_sky,10AM,2826,1590,1714 438 1766 492
C:\Users\depthlev\Desktop\droneImages\dataset\depth_30\clear_sky\10AM\HighresScreenshot00310_depth_30_clear_sky_10AM.png,C:\Users\depthlev\Desktop\droneImages\dataset\depth_30\clear_sky\10AM\HighresScreenshot00310_depth_30_clear_sky_10AM.txt,30.0|clear_sky|10AM,30.0,clear_sky,10AM,2826,1590,1108 978 1171 994
C:\Users\depthlev\Desktop\droneImages\dataset\depth_30\clear_sky\10AM\HighresScreenshot00311_depth_30_clear_sky_10AM.png,C:\Users\depthlev\Desktop\droneImages\dataset\depth_30\clear_sky\10AM\HighresScreenshot00311_depth_30_clear_sky_10AM.txt,30.0|clear_sky|10AM,30.0,clear_sky,10AM,2826,1590,1629 352 1691 403
C:\Users\depthlev\Desktop\droneImages\dataset\depth_30\clear_sky\10AM\HighresScreenshot00312_depth_30_clear_sky_10AM.png,C:\Users\depthlev\Desktop\droneImages\dataset\depth_30\clear_sky\10AM\HighresScreenshot00312_depth_30_clear_sky_10AM.txt,30.0|clear_sky|10AM,30.0,clear_sky,10AM,2826,1590,1328 830 1383 876
C:\Users\depthlev\Desktop\droneImages\dataset\depth_30\clear_sky\10AM\HighresScreenshot00313_depth_30_clear_sky_10AM.png,C:\Users\depthlev\Desktop\droneImages\dataset\depth_30\clear_sky\10AM\HighresScreenshot00313_depth_30_clear_sky_10AM.txt,30.0|clear_sky|10AM,30.0,clear_sky,10AM,2826,1590,1432 906 1502 922
C:\Users\depthlev\Desktop\droneImages\dataset\depth_30\clear_sky\10AM\HighresScreenshot00314_depth_30_clear_sky_10AM.png,C:\Users\depthlev\Desktop\droneImages\dataset\depth_30\clear_sky\10AM\HighresScreenshot00314_depth_30_clear_sky_10AM.txt,30.0|clear_sky|10AM,30.0,clear_sky,10AM,2826,1590,1287 425 1338 481
C:\Users\depthlev\Desktop\droneImages\dataset\depth_30\clear_sky\10AM\HighresScreenshot00315_depth_30_clear_sky_10AM.png,C:\Users\depthlev\Desktop\droneImages\dataset\depth_30\clear_sky\10AM\HighresScreenshot00315_depth_30_clear_sky_10AM.txt,30.0|clear_sky|10AM,30.0,clear_sky,10AM,2826,1590,972 916 1040 977
C:\Users\depthlev\Desktop\droneImages\dataset\depth_30\clear_sky\10AM\HighresScreenshot00316_depth_30_clear_sky_10AM.png,C:\Users\depthlev\Desktop\droneImages\dataset\depth_30\clear_sky\10AM\HighresScreenshot00316_depth_30_clear_sky_10AM.txt,30.0|clear_sky|10AM,30.0,clear_sky,10AM,2826,1590,1545 509 1617 538
C:\Users\depthlev\Desktop\droneImages\dataset\depth_30\clear_sky\10AM\HighresScreenshot00317_depth_30_clear_sky_10AM.png,C:\Users\depthlev\Desktop\droneImages\dataset\depth_30\clear_sky\10AM\HighresScreenshot00317_depth_30_clear_sky_10AM.txt,30.0|clear_sky|10AM,30.0,clear_sky,10AM,2826,1590,1767 548 1842 596
C:\Users\depthlev\Desktop\droneImages\dataset\depth_30\clear_sky\10AM\HighresScreenshot00318_depth_30_clear_sky_10AM.png,C:\Users\depthlev\Desktop\droneImages\dataset\depth_30\clear_sky\10AM\HighresScreenshot00318_depth_30_clear_sky_10AM.txt,30.0|clear_sky|10AM,30.0,clear_sky,10AM,2826,1590,1082 318 1153 367
C:\Users\depthlev\Desktop\droneImages\dataset\depth_30\clear_sky\10AM\HighresScreenshot00319_depth_30_clear_sky_10AM.png,C:\Users\depthlev\Desktop\droneImages\dataset\depth_30\clear_sky\10AM\HighresScreenshot00319_depth_30_clear_sky_10AM.txt,30.0|clear_sky|10AM,30.0,clear_sky,10AM,2826,1590,1469 1108 1535 1170
C:\Users\depthlev\Desktop\droneImages\dataset\depth_30\clear_sky\10AM\HighresScreenshot00320_depth_30_clear_sky_10AM.png,C:\Users\depthlev\Desktop\droneImages\dataset\depth_30\clear_sky\10AM\HighresScreenshot00320_depth_30_clear_sky_10AM.txt,30.0|clear_sky|10AM,30.0,clear_sky,10AM,2826,1590,1657 1046 1718 1069
C:\Users\depthlev\Desktop\droneImages\dataset\depth_30\clear_sky\10AM\HighresScreenshot00321_depth_30_clear_sky_10AM.png,C:\Users\depthlev\Desktop\droneImages\dataset\depth_30\clear_sky\10AM\HighresScreenshot00321_depth_30_clear_sky_10AM.txt,30.0|clear_sky|10AM,30.0,clear_sky,10AM,2826,1590,1112 668 1171 704
C:\Users\depthlev\Desktop\droneImages\dataset\depth_30\clear_sky\10AM\HighresScreenshot00322_depth_30_clear_sky_10AM.png,C:\Users\depthlev\Desktop\droneImages\dataset\depth_30\clear_sky\10AM\HighresScreenshot00322_depth_30_clear_sky_10AM.txt,30.0|clear_sky|10AM,30.0,clear_sky,10AM,2826,1590,708 994 794 1052
C:\Users\depthlev\Desktop\droneImages\dataset\depth_30\clear_sky\10AM\HighresScreenshot00323_depth_30_clear_sky_10AM.png,C:\Users\depthlev\Desktop\droneImages\dataset\depth_30\clear_sky\10AM\HighresScreenshot00323_depth_30_clear_sky_10AM.txt,30.0|clear_sky|10AM,30.0,clear_sky,10AM,2826,1590,2174 723 2263 743
C:\Users\depthlev\Desktop\droneImages\dataset\depth_30\clear_sky\10AM\HighresScreenshot00324_depth_30_clear_sky_10AM.png,C:\Users\depthlev\Desktop\droneImages\dataset\depth_30\clear_sky\10AM\HighresScreenshot00324_depth_30_clear_sky_10AM.txt,30.0|clear_sky|10AM,30.0,clear_sky,10AM,2826,1590,1333 1062 1400 1098
C:\Users\depthlev\Desktop\droneImages\dataset\depth_30\clear_sky\10AM\HighresScreenshot00325_depth_30_clear_sky_10AM.png,C:\Users\depthlev\Desktop\droneImages\dataset\depth_30\clear_sky\10AM\HighresScreenshot00325_depth_30_clear_sky_10AM.txt,30.0|clear_sky|10AM,30.0,clear_sky,10AM,2826,1590,1348 1215 1405 1264
C:\Users\depthlev\Desktop\droneImages\dataset\depth_30\clear_sky\10AM\HighresScreenshot00326_depth_30_clear_sky_10AM.png,C:\Users\depthlev\Desktop\droneImages\dataset\depth_30\clear_sky\10AM\HighresScreenshot00326_depth_30_clear_sky_10AM.txt,30.0|clear_sky|10AM,30.0,clear_sky,10AM,2826,1590,2065 396 2152 438
C:\Users\depthlev\Desktop\droneImages\dataset\depth_30\clear_sky\10AM\HighresScreenshot00327_depth_30_clear_sky_10AM.png,C:\Users\depthlev\Desktop\droneImages\dataset\depth_30\clear_sky\10AM\HighresScreenshot00327_depth_30_clear_sky_10AM.txt,30.0|clear_sky|10AM,30.0,clear_sky,10AM,2826,1590,970 836 1046 885
C:\Users\depthlev\Desktop\droneImages\dataset\depth_30\clear_sky\10AM\HighresScreenshot00328_depth_30_clear_sky_10AM.png,C:\Users\depthlev\Desktop\droneImages\dataset\depth_30\clear_sky\10AM\HighresScreenshot00328_depth_30_clear_sky_10AM.txt,30.0|clear_sky|10AM,30.0,clear_sky,10AM,2826,1590,1958 635 2030 679
C:\Users\depthlev\Desktop\droneImages\dataset\depth_30\clear_sky\10AM\HighresScreenshot00329_depth_30_clear_sky_10AM.png,C:\Users\depthlev\Desktop\droneImages\dataset\depth_30\clear_sky\10AM\HighresScreenshot00329_depth_30_clear_sky_10AM.txt,30.0|clear_sky|10AM,30.0,clear_sky,10AM,2826,1590,781 912 863 955
C:\Users\depthlev\Desktop\droneImages\dataset\depth_30\clear_sky\10AM\HighresScreenshot00330_depth_30_clear_sky_10AM.png,C:\Users\depthlev\Desktop\droneImages\dataset\depth_30\clear_sky\10AM\HighresScreenshot00330_depth_30_clear_sky_10AM.txt,30.0|clear_sky|10AM,30.0,clear_sky,10AM,2826,1590,882 622 948 647
C:\Users\depthlev\Desktop\droneImages\dataset\depth_30\clear_sky\10AM\HighresScreenshot00331_depth_30_clear_sky_10AM.png,C:\Users\depthlev\Desktop\droneImages\dataset\depth_30\clear_sky\10AM\HighresScreenshot00331_depth_30_clear_sky_10AM.txt,30.0|clear_sky|10AM,30.0,clear_sky,10AM,2826,1590,1949 1260 2034 1337
C:\Users\depthlev\Desktop\droneImages\dataset\depth_30\clear_sky\10AM\HighresScreenshot00332_depth_30_clear_sky_10AM.png,C:\Users\depthlev\Desktop\droneImages\dataset\depth_30\clear_sky\10AM\HighresScreenshot00332_depth_30_clear_sky_10AM.txt,30.0|clear_sky|10AM,30.0,clear_sky,10AM,2826,1590,1917 832 1987 876
C:\Users\depthlev\Desktop\droneImages\dataset\depth_30\clear_sky\10AM\HighresScreenshot00333_depth_30_clear_sky_10AM.png,C:\Users\depthlev\Desktop\droneImages\dataset\depth_30\clear_sky\10AM\HighresScreenshot00333_depth_30_clear_sky_10AM.txt,30.0|clear_sky|10AM,30.0,clear_sky,10AM,2826,1590,963 1306 1028 1360
C:\Users\depthlev\Desktop\droneImages\dataset\depth_30\clear_sky\10AM\HighresScreenshot00334_depth_30_clear_sky_10AM.png,C:\Users\depthlev\Desktop\droneImages\dataset\depth_30\clear_sky\10AM\HighresScreenshot00334_depth_30_clear_sky_10AM.txt,30.0|clear_sky|10AM,30.0,clear_sky,10AM,2826,1590,1013 1269 1091 1344
C:\Users\depthlev\Desktop\droneImages\dataset\depth_30\clear_sky\10AM\HighresScreenshot00335_depth_30_clear_sky_10AM.png,C:\Users\depthlev\Desktop\droneImages\dataset\depth_30\clear_sky\10AM\HighresScreenshot00335_depth_30_clear_sky_10AM.txt,30.0|clear_sky|10AM,30.0,clear_sky,10AM,2826,1590,747 1065 832 1112
C:\Users\depthlev\Desktop\droneImages\dataset\depth_30\clear_sky\10AM\HighresScreenshot00336_depth_30_clear_sky_10AM.png,C:\Users\depthlev\Desktop\droneImages\dataset\depth_30\clear_sky\10AM\HighresScreenshot00336_depth_30_clear_sky_10AM.txt,30.0|clear_sky|10AM,30.0,clear_sky,10AM,2826,1590,2290 592 2387 636
C:\Users\depthlev\Desktop\droneImages\dataset\depth_30\clear_sky\10AM\HighresScreenshot00337_depth_30_clear_sky_10AM.png,C:\Users\depthlev\Desktop\droneImages\dataset\depth_30\clear_sky\10AM\HighresScreenshot00337_depth_30_clear_sky_10AM.txt,30.0|clear_sky|10AM,30.0,clear_sky,10AM,2826,1590,1804 1354 1884 1416
C:\Users\depthlev\Desktop\droneImages\dataset\depth_30\clear_sky\10AM\HighresScreenshot00338_depth_30_clear_sky_10AM.png,C:\Users\depthlev\Desktop\droneImages\dataset\depth_30\clear_sky\10AM\HighresScreenshot00338_depth_30_clear_sky_10AM.txt,30.0|clear_sky|10AM,30.0,clear_sky,10AM,2826,1590,654 1093 741 1148
C:\Users\depthlev\Desktop\droneImages\dataset\depth_30\clear_sky\10AM\HighresScreenshot00339_depth_30_clear_sky_10AM.png,C:\Users\depthlev\Desktop\droneImages\dataset\depth_30\clear_sky\10AM\HighresScreenshot00339_depth_30_clear_sky_10AM.txt,30.0|clear_sky|10AM,30.0,clear_sky,10AM,2826,1590,1231 912 1301 948
C:\Users\depthlev\Desktop\droneImages\dataset\depth_30\clear_sky\10AM\HighresScreenshot00340_depth_30_clear_sky_10AM.png,C:\Users\depthlev\Desktop\droneImages\dataset\depth_30\clear_sky\10AM\HighresScreenshot00340_depth_30_clear_sky_10AM.txt,30.0|clear_sky|10AM,30.0,clear_sky,10AM,2826,1590,918 881 987 924
C:\Users\depthlev\Desktop\droneImages\dataset\depth_30\clear_sky\10AM\HighresScreenshot00341_depth_30_clear_sky_10AM.png,C:\Users\depthlev\Desktop\droneImages\dataset\depth_30\clear_sky\10AM\HighresScreenshot00341_depth_30_clear_sky_10AM.txt,30.0|clear_sky|10AM,30.0,clear_sky,10AM,2826,1590,1826 777 1900 841
C:\Users\depthlev\Desktop\droneImages\dataset\depth_30\clear_sky\10AM\HighresScreenshot00342_depth_30_clear_sky_10AM.png,C:\Users\depthlev\Desktop\droneImages\dataset\depth_30\clear_sky\10AM\HighresScreenshot00342_depth_30_clear_sky_10AM.txt,30.0|clear_sky|10AM,30.0,clear_sky,10AM,2826,1590,1152 594 1224 659
C:\Users\depthlev\Desktop\droneImages\dataset\depth_30\clear_sky\10AM\HighresScreenshot00343_depth_30_clear_sky_10AM.png,C:\Users\depthlev\Desktop\droneImages\dataset\depth_30\clear_sky\10AM\HighresScreenshot00343_depth_30_clear_sky_10AM.txt,30.0|clear_sky|10AM,30.0,clear_sky,10AM,2826,1590,1359 614 1428 676
C:\Users\depthlev\Desktop\droneImages\dataset\depth_30\clear_sky\10AM\HighresScreenshot00344_depth_30_clear_sky_10AM.png,C:\Users\depthlev\Desktop\droneImages\dataset\depth_30\clear_sky\10AM\HighresScreenshot00344_depth_30_clear_sky_10AM.txt,30.0|clear_sky|10AM,30.0,clear_sky,10AM,2826,1590,1226 796 1284 819
C:\Users\depthlev\Desktop\droneImages\dataset\depth_30\clear_sky\10AM\HighresScreenshot00345_depth_30_clear_sky_10AM.png,C:\Users\depthlev\Desktop\droneImages\dataset\depth_30\clear_sky\10AM\HighresScreenshot00345_depth_30_clear_sky_10AM.txt,30.0|clear_sky|10AM,30.0,clear_sky,10AM,2826,1590,336 990 442 1026
C:\Users\depthlev\Desktop\droneImages\dataset\depth_30\clear_sky\10AM\HighresScreenshot00346_depth_30_clear_sky_10AM.png,C:\Users\depthlev\Desktop\droneImages\dataset\depth_30\clear_sky\10AM\HighresScreenshot00346_depth_30_clear_sky_10AM.txt,30.0|clear_sky|10AM,30.0,clear_sky,10AM,2826,1590,1310 901 1380 932
C:\Users\depthlev\Desktop\droneImages\dataset\depth_30\clear_sky\10AM\HighresScreenshot00347_depth_30_clear_sky_10AM.png,C:\Users\depthlev\Desktop\droneImages\dataset\depth_30\clear_sky\10AM\HighresScreenshot00347_depth_30_clear_sky_10AM.txt,30.0|clear_sky|10AM,30.0,clear_sky,10AM,2826,1590,714 383 802 413
C:\Users\depthlev\Desktop\droneImages\dataset\depth_30\clear_sky\10AM\HighresScreenshot00348_depth_30_clear_sky_10AM.png,C:\Users\depthlev\Desktop\droneImages\dataset\depth_30\clear_sky\10AM\HighresScreenshot00348_depth_30_clear_sky_10AM.txt,30.0|clear_sky|10AM,30.0,clear_sky,10AM,2826,1590,1359 1206 1411 1262
C:\Users\depthlev\Desktop\droneImages\dataset\depth_30\clear_sky\10AM\HighresScreenshot00349_depth_30_clear_sky_10AM.png,C:\Users\depthlev\Desktop\droneImages\dataset\depth_30\clear_sky\10AM\HighresScreenshot00349_depth_30_clear_sky_10AM.txt,30.0|clear_sky|10AM,30.0,clear_sky,10AM,2826,1590,1314 352 1382 375
C:\Users\depthlev\Desktop\droneImages\dataset\depth_30\clear_sky\10AM\HighresScreenshot00350_depth_30_clear_sky_10AM.png,C:\Users\depthlev\Desktop\droneImages\dataset\depth_30\clear_sky\10AM\HighresScreenshot00350_depth_30_clear_sky_10AM.txt,30.0|clear_sky|10AM,30.0,clear_sky,10AM,2826,1590,1214 1226 1288 1281
C:\Users\depthlev\Desktop\droneImages\dataset\depth_30\clear_sky\10AM\HighresScreenshot00351_depth_30_clear_sky_10AM.png,C:\Users\depthlev\Desktop\droneImages\dataset\depth_30\clear_sky\10AM\HighresScreenshot00351_depth_30_clear_sky_10AM.txt,30.0|clear_sky|10AM,30.0,clear_sky,10AM,2826,1590,1419 433 1481 458
C:\Users\depthlev\Desktop\droneImages\dataset\depth_30\clear_sky\10AM\HighresScreenshot00352_depth_30_clear_sky_10AM.png,C:\Users\depthlev\Desktop\droneImages\dataset\depth_30\clear_sky\10AM\HighresScreenshot00352_depth_30_clear_sky_10AM.txt,30.0|clear_sky|10AM,30.0,clear_sky,10AM,2826,1590,2290 1154 2371 1211
C:\Users\depthlev\Desktop\droneImages\dataset\depth_30\clear_sky\10AM\HighresScreenshot00353_depth_30_clear_sky_10AM.png,C:\Users\depthlev\Desktop\droneImages\dataset\depth_30\clear_sky\10AM\HighresScreenshot00353_depth_30_clear_sky_10AM.txt,30.0|clear_sky|10AM,30.0,clear_sky,10AM,2826,1590,2403 1430 2515 1493
C:\Users\depthlev\Desktop\droneImages\dataset\depth_30\clear_sky\10AM\HighresScreenshot00354_depth_30_clear_sky_10AM.png,C:\Users\depthlev\Desktop\droneImages\dataset\depth_30\clear_sky\10AM\HighresScreenshot00354_depth_30_clear_sky_10AM.txt,30.0|clear_sky|10AM,30.0,clear_sky,10AM,2826,1590,1226 1001 1296 1038
C:\Users\depthlev\Desktop\droneImages\dataset\depth_30\clear_sky\10AM\HighresScreenshot00355_depth_30_clear_sky_10AM.png,C:\Users\depthlev\Desktop\droneImages\dataset\depth_30\clear_sky\10AM\HighresScreenshot00355_depth_30_clear_sky_10AM.txt,30.0|clear_sky|10AM,30.0,clear_sky,10AM,2826,1590,1730 583 1798 638
C:\Users\depthlev\Desktop\droneImages\dataset\depth_30\clear_sky\10AM\HighresScreenshot00356_depth_30_clear_sky_10AM.png,C:\Users\depthlev\Desktop\droneImages\dataset\depth_30\clear_sky\10AM\HighresScreenshot00356_depth_30_clear_sky_10AM.txt,30.0|clear_sky|10AM,30.0,clear_sky,10AM,2826,1590,1898 348 1974 380
C:\Users\depthlev\Desktop\droneImages\dataset\depth_30\clear_sky\10AM\HighresScreenshot00357_depth_30_clear_sky_10AM.png,C:\Users\depthlev\Desktop\droneImages\dataset\depth_30\clear_sky\10AM\HighresScreenshot00357_depth_30_clear_sky_10AM.txt,30.0|clear_sky|10AM,30.0,clear_sky,10AM,2826,1590,921 592 992 648
C:\Users\depthlev\Desktop\droneImages\dataset\depth_30\clear_sky\10AM\HighresScreenshot00358_depth_30_clear_sky_10AM.png,C:\Users\depthlev\Desktop\droneImages\dataset\depth_30\clear_sky\10AM\HighresScreenshot00358_depth_30_clear_sky_10AM.txt,30.0|clear_sky|10AM,30.0,clear_sky,10AM,2826,1590,1819 1029 1879 1046
C:\Users\depthlev\Desktop\droneImages\dataset\depth_30\clear_sky\10AM\HighresScreenshot00359_depth_30_clear_sky_10AM.png,C:\Users\depthlev\Desktop\droneImages\dataset\depth_30\clear_sky\10AM\HighresScreenshot00359_depth_30_clear_sky_10AM.txt,30.0|clear_sky|10AM,30.0,clear_sky,10AM,2826,1590,2415 1022 2505 1065
C:\Users\depthlev\Desktop\droneImages\dataset\depth_30\clear_sky\10AM\HighresScreenshot00360_depth_30_clear_sky_10AM.png,C:\Users\depthlev\Desktop\droneImages\dataset\depth_30\clear_sky\10AM\HighresScreenshot00360_depth_30_clear_sky_10AM.txt,30.0|clear_sky|10AM,30.0,clear_sky,10AM,2826,1590,1215 487 1278 551
C:\Users\depthlev\Desktop\droneImages\dataset\depth_30\clear_sky\10AM\HighresScreenshot00361_depth_30_clear_sky_10AM.png,C:\Users\depthlev\Desktop\droneImages\dataset\depth_30\clear_sky\10AM\HighresScreenshot00361_depth_30_clear_sky_10AM.txt,30.0|clear_sky|10AM,30.0,clear_sky,10AM,2826,1590,1963 789 2037 853
C:\Users\depthlev\Desktop\droneImages\dataset\depth_30\clear_sky\10AM\HighresScreenshot00362_depth_30_clear_sky_10AM.png,C:\Users\depthlev\Desktop\droneImages\dataset\depth_30\clear_sky\10AM\HighresScreenshot00362_depth_30_clear_sky_10AM.txt,30.0|clear_sky|10AM,30.0,clear_sky,10AM,2826,1590,940 609 1003 666
C:\Users\depthlev\Desktop\droneImages\dataset\depth_30\clear_sky\10AM\HighresScreenshot00363_depth_30_clear_sky_10AM.png,C:\Users\depthlev\Desktop\droneImages\dataset\depth_30\clear_sky\10AM\HighresScreenshot00363_depth_30_clear_sky_10AM.txt,30.0|clear_sky|10AM,30.0,clear_sky,10AM,2826,1590,948 804 1003 836
C:\Users\depthlev\Desktop\droneImages\dataset\depth_30\clear_sky\10AM\HighresScreenshot00364_depth_30_clear_sky_10AM.png,C:\Users\depthlev\Desktop\droneImages\dataset\depth_30\clear_sky\10AM\HighresScreenshot00364_depth_30_clear_sky_10AM.txt,30.0|clear_sky|10AM,30.0,clear_sky,10AM,2826,1590,926 477 985 531
C:\Users\depthlev\Desktop\droneImages\dataset\depth_30\clear_sky\10AM\HighresScreenshot00365_depth_30_clear_sky_10AM.png,C:\Users\depthlev\Desktop\droneImages\dataset\depth_30\clear_sky\10AM\HighresScreenshot00365_depth_30_clear_sky_10AM.txt,30.0|clear_sky|10AM,30.0,clear_sky,10AM,2826,1590,742 701 814 733
C:\Users\depthlev\Desktop\droneImages\dataset\depth_30\clear_sky\10AM\HighresScreenshot00366_depth_30_clear_sky_10AM.png,C:\Users\depthlev\Desktop\droneImages\dataset\depth_30\clear_sky\10AM\HighresScreenshot00366_depth_30_clear_sky_10AM.txt,30.0|clear_sky|10AM,30.0,clear_sky,10AM,2826,1590,352 1106 461 1148
C:\Users\depthlev\Desktop\droneImages\dataset\depth_30\clear_sky\10AM\HighresScreenshot00367_depth_30_clear_sky_10AM.png,C:\Users\depthlev\Desktop\droneImages\dataset\depth_30\clear_sky\10AM\HighresScreenshot00367_depth_30_clear_sky_10AM.txt,30.0|clear_sky|10AM,30.0,clear_sky,10AM,2826,1590,776 1003 850 1051
C:\Users\depthlev\Desktop\droneImages\dataset\depth_30\clear_sky\10AM\HighresScreenshot00368_depth_30_clear_sky_10AM.png,C:\Users\depthlev\Desktop\droneImages\dataset\depth_30\clear_sky\10AM\HighresScreenshot00368_depth_30_clear_sky_10AM.txt,30.0|clear_sky|10AM,30.0,clear_sky,10AM,2826,1590,862 756 941 813
C:\Users\depthlev\Desktop\droneImages\dataset\depth_30\clear_sky\10AM\HighresScreenshot00369_depth_30_clear_sky_10AM.png,C:\Users\depthlev\Desktop\droneImages\dataset\depth_30\clear_sky\10AM\HighresScreenshot00369_depth_30_clear_sky_10AM.txt,30.0|clear_sky|10AM,30.0,clear_sky,10AM,2826,1590,1519 351 1591 421
C:\Users\depthlev\Desktop\droneImages\dataset\depth_30\clear_sky\10AM\HighresScreenshot00370_depth_30_clear_sky_10AM.png,C:\Users\depthlev\Desktop\droneImages\dataset\depth_30\clear_sky\10AM\HighresScreenshot00370_depth_30_clear_sky_10AM.txt,30.0|clear_sky|10AM,30.0,clear_sky,10AM,2826,1590,1065 1218 1139 1278
C:\Users\depthlev\Desktop\droneImages\dataset\depth_30\clear_sky\10AM\HighresScreenshot00371_depth_30_clear_sky_10AM.png,C:\Users\depthlev\Desktop\droneImages\dataset\depth_30\clear_sky\10AM\HighresScreenshot00371_depth_30_clear_sky_10AM.txt,30.0|clear_sky|10AM,30.0,clear_sky,10AM,2826,1590,751 851 834 900
C:\Users\depthlev\Desktop\droneImages\dataset\depth_30\clear_sky\10AM\HighresScreenshot00372_depth_30_clear_sky_10AM.png,C:\Users\depthlev\Desktop\droneImages\dataset\depth_30\clear_sky\10AM\HighresScreenshot00372_depth_30_clear_sky_10AM.txt,30.0|clear_sky|10AM,30.0,clear_sky,10AM,2826,1590,1665 686 1724 730
C:\Users\depthlev\Desktop\droneImages\dataset\depth_30\clear_sky\10AM\HighresScreenshot00373_depth_30_clear_sky_10AM.png,C:\Users\depthlev\Desktop\droneImages\dataset\depth_30\clear_sky\10AM\HighresScreenshot00373_depth_30_clear_sky_10AM.txt,30.0|clear_sky|10AM,30.0,clear_sky,10AM,2826,1590,1082 514 1143 547
C:\Users\depthlev\Desktop\droneImages\dataset\depth_30\clear_sky\10AM\HighresScreenshot00374_depth_30_clear_sky_10AM.png,C:\Users\depthlev\Desktop\droneImages\dataset\depth_30\clear_sky\10AM\HighresScreenshot00374_depth_30_clear_sky_10AM.txt,30.0|clear_sky|10AM,30.0,clear_sky,10AM,2826,1590,1954 1095 2036 1164
C:\Users\depthlev\Desktop\droneImages\dataset\depth_30\clear_sky\10AM\HighresScreenshot00375_depth_30_clear_sky_10AM.png,C:\Users\depthlev\Desktop\droneImages\dataset\depth_30\clear_sky\10AM\HighresScreenshot00375_depth_30_clear_sky_10AM.txt,30.0|clear_sky|10AM,30.0,clear_sky,10AM,2826,1590,2206 612 2280 662
C:\Users\depthlev\Desktop\droneImages\dataset\depth_30\clear_sky\10AM\HighresScreenshot00376_depth_30_clear_sky_10AM.png,C:\Users\depthlev\Desktop\droneImages\dataset\depth_30\clear_sky\10AM\HighresScreenshot00376_depth_30_clear_sky_10AM.txt,30.0|clear_sky|10AM,30.0,clear_sky,10AM,2826,1590,305 993 381 1034
C:\Users\depthlev\Desktop\droneImages\dataset\depth_30\clear_sky\10AM\HighresScreenshot00377_depth_30_clear_sky_10AM.png,C:\Users\depthlev\Desktop\droneImages\dataset\depth_30\clear_sky\10AM\HighresScreenshot00377_depth_30_clear_sky_10AM.txt,30.0|clear_sky|10AM,30.0,clear_sky,10AM,2826,1590,1264 692 1332 757
C:\Users\depthlev\Desktop\droneImages\dataset\depth_30\clear_sky\10AM\HighresScreenshot00378_depth_30_clear_sky_10AM.png,C:\Users\depthlev\Desktop\droneImages\dataset\depth_30\clear_sky\10AM\HighresScreenshot00378_depth_30_clear_sky_10AM.txt,30.0|clear_sky|10AM,30.0,clear_sky,10AM,2826,1590,2529 1139 2632 1182
C:\Users\depthlev\Desktop\droneImages\dataset\depth_30\clear_sky\10AM\HighresScreenshot00379_depth_30_clear_sky_10AM.png,C:\Users\depthlev\Desktop\droneImages\dataset\depth_30\clear_sky\10AM\HighresScreenshot00379_depth_30_clear_sky_10AM.txt,30.0|clear_sky|10AM,30.0,clear_sky,10AM,2826,1590,930 403 990 426
C:\Users\depthlev\Desktop\droneImages\dataset\depth_30\clear_sky\10AM\HighresScreenshot00380_depth_30_clear_sky_10AM.png,C:\Users\depthlev\Desktop\droneImages\dataset\depth_30\clear_sky\10AM\HighresScreenshot00380_depth_30_clear_sky_10AM.txt,30.0|clear_sky|10AM,30.0,clear_sky,10AM,2826,1590,1289 489 1357 547
C:\Users\depthlev\Desktop\droneImages\dataset\depth_30\clear_sky\10AM\HighresScreenshot00381_depth_30_clear_sky_10AM.png,C:\Users\depthlev\Desktop\droneImages\dataset\depth_30\clear_sky\10AM\HighresScreenshot00381_depth_30_clear_sky_10AM.txt,30.0|clear_sky|10AM,30.0,clear_sky,10AM,2826,1590,686 693 757 722
C:\Users\depthlev\Desktop\droneImages\dataset\depth_30\clear_sky\10AM\HighresScreenshot00382_depth_30_clear_sky_10AM.png,C:\Users\depthlev\Desktop\droneImages\dataset\depth_30\clear_sky\10AM\HighresScreenshot00382_depth_30_clear_sky_10AM.txt,30.0|clear_sky|10AM,30.0,clear_sky,10AM,2826,1590,1568 1282 1622 1300
C:\Users\depthlev\Desktop\droneImages\dataset\depth_30\clear_sky\10AM\HighresScreenshot00383_depth_30_clear_sky_10AM.png,C:\Users\depthlev\Desktop\droneImages\dataset\depth_30\clear_sky\10AM\HighresScreenshot00383_depth_30_clear_sky_10AM.txt,30.0|clear_sky|10AM,30.0,clear_sky,10AM,2826,1590,2381 1115 2487 1138
C:\Users\depthlev\Desktop\droneImages\dataset\depth_30\clear_sky\10AM\HighresScreenshot00384_depth_30_clear_sky_10AM.png,C:\Users\depthlev\Desktop\droneImages\dataset\depth_30\clear_sky\10AM\HighresScreenshot00384_depth_30_clear_sky_10AM.txt,30.0|clear_sky|10AM,30.0,clear_sky,10AM,2826,1590,981 710 1046 734
C:\Users\depthlev\Desktop\droneImages\dataset\depth_30\clear_sky\10AM\HighresScreenshot00385_depth_30_clear_sky_10AM.png,C:\Users\depthlev\Desktop\droneImages\dataset\depth_30\clear_sky\10AM\HighresScreenshot00385_depth_30_clear_sky_10AM.txt,30.0|clear_sky|10AM,30.0,clear_sky,10AM,2826,1590,944 1251 1021 1267
C:\Users\depthlev\Desktop\droneImages\dataset\depth_30\clear_sky\10AM\HighresScreenshot00386_depth_30_clear_sky_10AM.png,C:\Users\depthlev\Desktop\droneImages\dataset\depth_30\clear_sky\10AM\HighresScreenshot00386_depth_30_clear_sky_10AM.txt,30.0|clear_sky|10AM,30.0,clear_sky,10AM,2826,1590,1073 933 1144 952
C:\Users\depthlev\Desktop\droneImages\dataset\depth_30\clear_sky\10AM\HighresScreenshot00387_depth_30_clear_sky_10AM.png,C:\Users\depthlev\Desktop\droneImages\dataset\depth_30\clear_sky\10AM\HighresScreenshot00387_depth_30_clear_sky_10AM.txt,30.0|clear_sky|10AM,30.0,clear_sky,10AM,2826,1590,1297 353 1367 419
C:\Users\depthlev\Desktop\droneImages\dataset\depth_30\clear_sky\10AM\HighresScreenshot00388_depth_30_clear_sky_10AM.png,C:\Users\depthlev\Desktop\droneImages\dataset\depth_30\clear_sky\10AM\HighresScreenshot00388_depth_30_clear_sky_10AM.txt,30.0|clear_sky|10AM,30.0,clear_sky,10AM,2826,1590,1809 936 1876 972
C:\Users\depthlev\Desktop\droneImages\dataset\depth_30\clear_sky\10AM\HighresScreenshot00389_depth_30_clear_sky_10AM.png,C:\Users\depthlev\Desktop\droneImages\dataset\depth_30\clear_sky\10AM\HighresScreenshot00389_depth_30_clear_sky_10AM.txt,30.0|clear_sky|10AM,30.0,clear_sky,10AM,2826,1590,1952 1272 2040 1319
C:\Users\depthlev\Desktop\droneImages\dataset\depth_30\clear_sky\10AM\HighresScreenshot00390_depth_30_clear_sky_10AM.png,C:\Users\depthlev\Desktop\droneImages\dataset\depth_30\clear_sky\10AM\HighresScreenshot00390_depth_30_clear_sky_10AM.txt,30.0|clear_sky|10AM,30.0,clear_sky,10AM,2826,1590,1239 743 1311 781
C:\Users\depthlev\Desktop\droneImages\dataset\depth_30\clear_sky\10AM\HighresScreenshot00391_depth_30_clear_sky_10AM.png,C:\Users\depthlev\Desktop\droneImages\dataset\depth_30\clear_sky\10AM\HighresScreenshot00391_depth_30_clear_sky_10AM.txt,30.0|clear_sky|10AM,30.0,clear_sky,10AM,2826,1590,1321 556 1388 605
C:\Users\depthlev\Desktop\droneImages\dataset\depth_30\clear_sky\10AM\HighresScreenshot00392_depth_30_clear_sky_10AM.png,C:\Users\depthlev\Desktop\droneImages\dataset\depth_30\clear_sky\10AM\HighresScreenshot00392_depth_30_clear_sky_10AM.txt,30.0|clear_sky|10AM,30.0,clear_sky,10AM,2826,1590,1713 442 1784 483
C:\Users\depthlev\Desktop\droneImages\dataset\depth_30\clear_sky\10AM\HighresScreenshot00393_depth_30_clear_sky_10AM.png,C:\Users\depthlev\Desktop\droneImages\dataset\depth_30\clear_sky\10AM\HighresScreenshot00393_depth_30_clear_sky_10AM.txt,30.0|clear_sky|10AM,30.0,clear_sky,10AM,2826,1590,1115 438 1174 487
C:\Users\depthlev\Desktop\droneImages\dataset\depth_30\clear_sky\10AM\HighresScreenshot00394_depth_30_clear_sky_10AM.png,C:\Users\depthlev\Desktop\droneImages\dataset\depth_30\clear_sky\10AM\HighresScreenshot00394_depth_30_clear_sky_10AM.txt,30.0|clear_sky|10AM,30.0,clear_sky,10AM,2826,1590,2000 782 2080 810
C:\Users\depthlev\Desktop\droneImages\dataset\depth_30\clear_sky\10AM\HighresScreenshot00395_depth_30_clear_sky_10AM.png,C:\Users\depthlev\Desktop\droneImages\dataset\depth_30\clear_sky\10AM\HighresScreenshot00395_depth_30_clear_sky_10AM.txt,30.0|clear_sky|10AM,30.0,clear_sky,10AM,2826,1590,997 1110 1073 1181
C:\Users\depthlev\Desktop\droneImages\dataset\depth_30\clear_sky\10AM\HighresScreenshot00396_depth_30_clear_sky_10AM.png,C:\Users\depthlev\Desktop\droneImages\dataset\depth_30\clear_sky\10AM\HighresScreenshot00396_depth_30_clear_sky_10AM.txt,30.0|clear_sky|10AM,30.0,clear_sky,10AM,2826,1590,1882 1362 1967 1444
C:\Users\depthlev\Desktop\droneImages\dataset\depth_30\clear_sky\10AM\HighresScreenshot00397_depth_30_clear_sky_10AM.png,C:\Users\depthlev\Desktop\droneImages\dataset\depth_30\clear_sky\10AM\HighresScreenshot00397_depth_30_clear_sky_10AM.txt,30.0|clear_sky|10AM,30.0,clear_sky,10AM,2826,1590,1078 861 1150 889
C:\Users\depthlev\Desktop\droneImages\dataset\depth_30\clear_sky\10AM\HighresScreenshot00398_depth_30_clear_sky_10AM.png,C:\Users\depthlev\Desktop\droneImages\dataset\depth_30\clear_sky\10AM\HighresScreenshot00398_depth_30_clear_sky_10AM.txt,30.0|clear_sky|10AM,30.0,clear_sky,10AM,2826,1590,750 578 812 642
C:\Users\depthlev\Desktop\droneImages\dataset\depth_30\clear_sky\10AM\HighresScreenshot00399_depth_30_clear_sky_10AM.png,C:\Users\depthlev\Desktop\droneImages\dataset\depth_30\clear_sky\10AM\HighresScreenshot00399_depth_30_clear_sky_10AM.txt,30.0|clear_sky|10AM,30.0,clear_sky,10AM,2826,1590,1115 511 1186 568
C:\Users\depthlev\Desktop\droneImages\dataset\depth_30\clear_sky\10AM\HighresScreenshot00400_depth_30_clear_sky_10AM.png,C:\Users\depthlev\Desktop\droneImages\dataset\depth_30\clear_sky\10AM\HighresScreenshot00400_depth_30_clear_sky_10AM.txt,30.0|clear_sky|10AM,30.0,clear_sky,10AM,2826,1590,381 1184 486 1229
C:\Users\depthlev\Desktop\droneImages\dataset\depth_30\clear_sky\10AM\HighresScreenshot00401_depth_30_clear_sky_10AM.png,C:\Users\depthlev\Desktop\droneImages\dataset\depth_30\clear_sky\10AM\HighresScreenshot00401_depth_30_clear_sky_10AM.txt,30.0|clear_sky|10AM,30.0,clear_sky,10AM,2826,1590,1731 853 1782 899
C:\Users\depthlev\Desktop\droneImages\dataset\depth_30\clear_sky\10AM\HighresScreenshot00402_depth_30_clear_sky_10AM.png,C:\Users\depthlev\Desktop\droneImages\dataset\depth_30\clear_sky\10AM\HighresScreenshot00402_depth_30_clear_sky_10AM.txt,30.0|clear_sky|10AM,30.0,clear_sky,10AM,2826,1590,1254 308 1325 354
C:\Users\depthlev\Desktop\droneImages\dataset\depth_30\clear_sky\10AM\HighresScreenshot00403_depth_30_clear_sky_10AM.png,C:\Users\depthlev\Desktop\droneImages\dataset\depth_30\clear_sky\10AM\HighresScreenshot00403_depth_30_clear_sky_10AM.txt,30.0|clear_sky|10AM,30.0,clear_sky,10AM,2826,1590,1778 1319 1833 1355
C:\Users\depthlev\Desktop\droneImages\dataset\depth_30\clear_sky\10AM\HighresScreenshot00404_depth_30_clear_sky_10AM.png,C:\Users\depthlev\Desktop\droneImages\dataset\depth_30\clear_sky\10AM\HighresScreenshot00404_depth_30_clear_sky_10AM.txt,30.0|clear_sky|10AM,30.0,clear_sky,10AM,2826,1590,733 888 796 950
C:\Users\depthlev\Desktop\droneImages\dataset\depth_30\clear_sky\10AM\HighresScreenshot00405_depth_30_clear_sky_10AM.png,C:\Users\depthlev\Desktop\droneImages\dataset\depth_30\clear_sky\10AM\HighresScreenshot00405_depth_30_clear_sky_10AM.txt,30.0|clear_sky|10AM,30.0,clear_sky,10AM,2744,1590,1002 748 1054 794
C:\Users\depthlev\Desktop\droneImages\dataset\depth_30\clear_sky\10AM\HighresScreenshot00406_depth_30_clear_sky_10AM.png,C:\Users\depthlev\Desktop\droneImages\dataset\depth_30\clear_sky\10AM\HighresScreenshot00406_depth_30_clear_sky_10AM.txt,30.0|clear_sky|10AM,30.0,clear_sky,10AM,2744,1590,824 878 901 912
C:\Users\depthlev\Desktop\droneImages\dataset\depth_30\clear_sky\10AM\HighresScreenshot00407_depth_30_clear_sky_10AM.png,C:\Users\depthlev\Desktop\droneImages\dataset\depth_30\clear_sky\10AM\HighresScreenshot00407_depth_30_clear_sky_10AM.txt,30.0|clear_sky|10AM,30.0,clear_sky,10AM,2744,1590,1360 1021 1416 1070
C:\Users\depthlev\Desktop\droneImages\dataset\depth_30\clear_sky\10AM\HighresScreenshot00408_depth_30_clear_sky_10AM.png,C:\Users\depthlev\Desktop\droneImages\dataset\depth_30\clear_sky\10AM\HighresScreenshot00408_depth_30_clear_sky_10AM.txt,30.0|clear_sky|10AM,30.0,clear_sky,10AM,2744,1590,1802 521 1876 571
C:\Users\depthlev\Desktop\droneImages\dataset\depth_30\clear_sky\10AM\HighresScreenshot00409_depth_30_clear_sky_10AM.png,C:\Users\depthlev\Desktop\droneImages\dataset\depth_30\clear_sky\10AM\HighresScreenshot00409_depth_30_clear_sky_10AM.txt,30.0|clear_sky|10AM,30.0,clear_sky,10AM,2744,1590,1822 1237 1894 1258
C:\Users\depthlev\Desktop\droneImages\dataset\depth_30\clear_sky\10AM\HighresScreenshot00410_depth_30_clear_sky_10AM.png,C:\Users\depthlev\Desktop\droneImages\dataset\depth_30\clear_sky\10AM\HighresScreenshot00410_depth_30_clear_sky_10AM.txt,30.0|clear_sky|10AM,30.0,clear_sky,10AM,2744,1590,728 653 796 697
C:\Users\depthlev\Desktop\droneImages\dataset\depth_30\clear_sky\10AM\HighresScreenshot00411_depth_30_clear_sky_10AM.png,C:\Users\depthlev\Desktop\droneImages\dataset\depth_30\clear_sky\10AM\HighresScreenshot00411_depth_30_clear_sky_10AM.txt,30.0|clear_sky|10AM,30.0,clear_sky,10AM,2744,1590,1256 1093 1319 1153
C:\Users\depthlev\Desktop\droneImages\dataset\depth_30\clear_sky\10AM\HighresScreenshot00412_depth_30_clear_sky_10AM.png,C:\Users\depthlev\Desktop\droneImages\dataset\depth_30\clear_sky\10AM\HighresScreenshot00412_depth_30_clear_sky_10AM.txt,30.0|clear_sky|10AM,30.0,clear_sky,10AM,2744,1590,1054 746 1120 764
C:\Users\depthlev\Desktop\droneImages\dataset\depth_30\clear_sky\10AM\HighresScreenshot00413_depth_30_clear_sky_10AM.png,C:\Users\depthlev\Desktop\droneImages\dataset\depth_30\clear_sky\10AM\HighresScreenshot00413_depth_30_clear_sky_10AM.txt,30.0|clear_sky|10AM,30.0,clear_sky,10AM,2744,1590,1200 418 1255 465
C:\Users\depthlev\Desktop\droneImages\dataset\depth_30\clear_sky\10AM\HighresScreenshot00414_depth_30_clear_sky_10AM.png,C:\Users\depthlev\Desktop\droneImages\dataset\depth_30\clear_sky\10AM\HighresScreenshot00414_depth_30_clear_sky_10AM.txt,30.0|clear_sky|10AM,30.0,clear_sky,10AM,2744,1590,1713 1235 1787 1302
C:\Users\depthlev\Desktop\droneImages\dataset\depth_30\clear_sky\10AM\HighresScreenshot00415_depth_30_clear_sky_10AM.png,C:\Users\depthlev\Desktop\droneImages\dataset\depth_30\clear_sky\10AM\HighresScreenshot00415_depth_30_clear_sky_10AM.txt,30.0|clear_sky|10AM,30.0,clear_sky,10AM,2744,1590,1021 441 1082 506
C:\Users\depthlev\Desktop\droneImages\dataset\depth_30\clear_sky\10AM\HighresScreenshot00416_depth_30_clear_sky_10AM.png,C:\Users\depthlev\Desktop\droneImages\dataset\depth_30\clear_sky\10AM\HighresScreenshot00416_depth_30_clear_sky_10AM.txt,30.0|clear_sky|10AM,30.0,clear_sky,10AM,2744,1590,1614 818 1675 864
C:\Users\depthlev\Desktop\droneImages\dataset\depth_30\clear_sky\10AM\HighresScreenshot00417_depth_30_clear_sky_10AM.png,C:\Users\depthlev\Desktop\droneImages\dataset\depth_30\clear_sky\10AM\HighresScreenshot00417_depth_30_clear_sky_10AM.txt,30.0|clear_sky|10AM,30.0,clear_sky,10AM,2744,1590,1008 633 1079 647
C:\Users\depthlev\Desktop\droneImages\dataset\depth_30\clear_sky\10AM\HighresScreenshot00418_depth_30_clear_sky_10AM.png,C:\Users\depthlev\Desktop\droneImages\dataset\depth_30\clear_sky\10AM\HighresScreenshot00418_depth_30_clear_sky_10AM.txt,30.0|clear_sky|10AM,30.0,clear_sky,10AM,2744,1590,1669 508 1730 556
C:\Users\depthlev\Desktop\droneImages\dataset\depth_30\clear_sky\10AM\HighresScreenshot00419_depth_30_clear_sky_10AM.png,C:\Users\depthlev\Desktop\droneImages\dataset\depth_30\clear_sky\10AM\HighresScreenshot00419_depth_30_clear_sky_10AM.txt,30.0|clear_sky|10AM,30.0,clear_sky,10AM,2744,1590,1381 1011 1442 1078
C:\Users\depthlev\Desktop\droneImages\dataset\depth_30\clear_sky\10AM\HighresScreenshot00420_depth_30_clear_sky_10AM.png,C:\Users\depthlev\Desktop\droneImages\dataset\depth_30\clear_sky\10AM\HighresScreenshot00420_depth_30_clear_sky_10AM.txt,30.0|clear_sky|10AM,30.0,clear_sky,10AM,2744,1590,968 1333 1044 1409
C:\Users\depthlev\Desktop\droneImages\dataset\depth_30\clear_sky\10AM\HighresScreenshot00421_depth_30_clear_sky_10AM.png,C:\Users\depthlev\Desktop\droneImages\dataset\depth_30\clear_sky\10AM\HighresScreenshot00421_depth_30_clear_sky_10AM.txt,30.0|clear_sky|10AM,30.0,clear_sky,10AM,2744,1590,1216 1271 1275 1310
C:\Users\depthlev\Desktop\droneImages\dataset\depth_30\clear_sky\10AM\HighresScreenshot00422_depth_30_clear_sky_10AM.png,C:\Users\depthlev\Desktop\droneImages\dataset\depth_30\clear_sky\10AM\HighresScreenshot00422_depth_30_clear_sky_10AM.txt,30.0|clear_sky|10AM,30.0,clear_sky,10AM,2744,1590,1210 1149 1267 1196
C:\Users\depthlev\Desktop\droneImages\dataset\depth_30\clear_sky\10AM\HighresScreenshot00423_depth_30_clear_sky_10AM.png,C:\Users\depthlev\Desktop\droneImages\dataset\depth_30\clear_sky\10AM\HighresScreenshot00423_depth_30_clear_sky_10AM.txt,30.0|clear_sky|10AM,30.0,clear_sky,10AM,2744,1590,1849 906 1926 946
C:\Users\depthlev\Desktop\droneImages\dataset\depth_30\clear_sky\10AM\HighresScreenshot00424_depth_30_clear_sky_10AM.png,C:\Users\depthlev\Desktop\droneImages\dataset\depth_30\clear_sky\10AM\HighresScreenshot00424_depth_30_clear_sky_10AM.txt,30.0|clear_sky|10AM,30.0,clear_sky,10AM,2744,1590,1051 1028 1107 1047
C:\Users\depthlev\Desktop\droneImages\dataset\depth_30\clear_sky\10AM\HighresScreenshot00425_depth_30_clear_sky_10AM.png,C:\Users\depthlev\Desktop\droneImages\dataset\depth_30\clear_sky\10AM\HighresScreenshot00425_depth_30_clear_sky_10AM.txt,30.0|clear_sky|10AM,30.0,clear_sky,10AM,2744,1590,1164 1258 1237 1288
C:\Users\depthlev\Desktop\droneImages\dataset\depth_30\clear_sky\10AM\HighresScreenshot00426_depth_30_clear_sky_10AM.png,C:\Users\depthlev\Desktop\droneImages\dataset\depth_30\clear_sky\10AM\HighresScreenshot00426_depth_30_clear_sky_10AM.txt,30.0|clear_sky|10AM,30.0,clear_sky,10AM,2744,1590,1017 696 1088 748
C:\Users\depthlev\Desktop\droneImages\dataset\depth_30\clear_sky\10AM\HighresScreenshot00427_depth_30_clear_sky_10AM.png,C:\Users\depthlev\Desktop\droneImages\dataset\depth_30\clear_sky\10AM\HighresScreenshot00427_depth_30_clear_sky_10AM.txt,30.0|clear_sky|10AM,30.0,clear_sky,10AM,2744,1590,1379 1092 1437 1145
C:\Users\depthlev\Desktop\droneImages\dataset\depth_30\clear_sky\10AM\HighresScreenshot00428_depth_30_clear_sky_10AM.png,C:\Users\depthlev\Desktop\droneImages\dataset\depth_30\clear_sky\10AM\HighresScreenshot00428_depth_30_clear_sky_10AM.txt,30.0|clear_sky|10AM,30.0,clear_sky,10AM,2744,1590,811 1185 894 1245
C:\Users\depthlev\Desktop\droneImages\dataset\depth_30\clear_sky\10AM\HighresScreenshot00429_depth_30_clear_sky_10AM.png,C:\Users\depthlev\Desktop\droneImages\dataset\depth_30\clear_sky\10AM\HighresScreenshot00429_depth_30_clear_sky_10AM.txt,30.0|clear_sky|10AM,30.0,clear_sky,10AM,2744,1590,1454 1254 1529 1308
C:\Users\depthlev\Desktop\droneImages\dataset\depth_30\clear_sky\10AM\HighresScreenshot00430_depth_30_clear_sky_10AM.png,C:\Users\depthlev\Desktop\droneImages\dataset\depth_30\clear_sky\10AM\HighresScreenshot00430_depth_30_clear_sky_10AM.txt,30.0|clear_sky|10AM,30.0,clear_sky,10AM,2744,1590,1621 833 1678 857
C:\Users\depthlev\Desktop\droneImages\dataset\depth_30\clear_sky\10AM\HighresScreenshot00431_depth_30_clear_sky_10AM.png,C:\Users\depthlev\Desktop\droneImages\dataset\depth_30\clear_sky\10AM\HighresScreenshot00431_depth_30_clear_sky_10AM.txt,30.0|clear_sky|10AM,30.0,clear_sky,10AM,2744,1590,1125 432 1193 494
C:\Users\depthlev\Desktop\droneImages\dataset\depth_30\clear_sky\10AM\HighresScreenshot00432_depth_30_clear_sky_10AM.png,C:\Users\depthlev\Desktop\droneImages\dataset\depth_30\clear_sky\10AM\HighresScreenshot00432_depth_30_clear_sky_10AM.txt,30.0|clear_sky|10AM,30.0,clear_sky,10AM,2744,1590,1509 339 1572 366
C:\Users\depthlev\Desktop\droneImages\dataset\depth_30\clear_sky\10AM\HighresScreenshot00433_depth_30_clear_sky_10AM.png,C:\Users\depthlev\Desktop\droneImages\dataset\depth_30\clear_sky\10AM\HighresScreenshot00433_depth_30_clear_sky_10AM.txt,30.0|clear_sky|10AM,30.0,clear_sky,10AM,2744,1590,1964 933 2031 978
C:\Users\depthlev\Desktop\droneImages\dataset\depth_30\clear_sky\10AM\HighresScreenshot00434_depth_30_clear_sky_10AM.png,C:\Users\depthlev\Desktop\droneImages\dataset\depth_30\clear_sky\10AM\HighresScreenshot00434_depth_30_clear_sky_10AM.txt,30.0|clear_sky|10AM,30.0,clear_sky,10AM,2744,1590,942 1293 1019 1359
C:\Users\depthlev\Desktop\droneImages\dataset\depth_30\clear_sky\10AM\HighresScreenshot00435_depth_30_clear_sky_10AM.png,C:\Users\depthlev\Desktop\droneImages\dataset\depth_30\clear_sky\10AM\HighresScreenshot00435_depth_30_clear_sky_10AM.txt,30.0|clear_sky|10AM,30.0,clear_sky,10AM,2744,1590,1913 1012 1982 1045
C:\Users\depthlev\Desktop\droneImages\dataset\depth_30\clear_sky\10AM\HighresScreenshot00436_depth_30_clear_sky_10AM.png,C:\Users\depthlev\Desktop\droneImages\dataset\depth_30\clear_sky\10AM\HighresScreenshot00436_depth_30_clear_sky_10AM.txt,30.0|clear_sky|10AM,30.0,clear_sky,10AM,2744,1590,1098 583 1151 620
C:\Users\depthlev\Desktop\droneImages\dataset\depth_30\clear_sky\10AM\HighresScreenshot00437_depth_30_clear_sky_10AM.png,C:\Users\depthlev\Desktop\droneImages\dataset\depth_30\clear_sky\10AM\HighresScreenshot00437_depth_30_clear_sky_10AM.txt,30.0|clear_sky|10AM,30.0,clear_sky,10AM,2744,1590,1545 444 1606 510
C:\Users\depthlev\Desktop\droneImages\dataset\depth_30\clear_sky\10AM\HighresScreenshot00438_depth_30_clear_sky_10AM.png,C:\Users\depthlev\Desktop\droneImages\dataset\depth_30\clear_sky\10AM\HighresScreenshot00438_depth_30_clear_sky_10AM.txt,30.0|clear_sky|10AM,30.0,clear_sky,10AM,2744,1590,1129 893 1199 934
C:\Users\depthlev\Desktop\droneImages\dataset\depth_30\clear_sky\10AM\HighresScreenshot00439_depth_30_clear_sky_10AM.png,C:\Users\depthlev\Desktop\droneImages\dataset\depth_30\clear_sky\10AM\HighresScreenshot00439_depth_30_clear_sky_10AM.txt,30.0|clear_sky|10AM,30.0,clear_sky,10AM,2744,1590,1234 815 1300 877
C:\Users\depthlev\Desktop\droneImages\dataset\depth_30\clear_sky\10AM\HighresScreenshot00440_depth_30_clear_sky_10AM.png,C:\Users\depthlev\Desktop\droneImages\dataset\depth_30\clear_sky\10AM\HighresScreenshot00440_depth_30_clear_sky_10AM.txt,30.0|clear_sky|10AM,30.0,clear_sky,10AM,2744,1590,1383 1171 1454 1225
C:\Users\depthlev\Desktop\droneImages\dataset\depth_30\clear_sky\10AM\HighresScreenshot00441_depth_30_clear_sky_10AM.png,C:\Users\depthlev\Desktop\droneImages\dataset\depth_30\clear_sky\10AM\HighresScreenshot00441_depth_30_clear_sky_10AM.txt,30.0|clear_sky|10AM,30.0,clear_sky,10AM,2744,1590,1110 640 1174 697
C:\Users\depthlev\Desktop\droneImages\dataset\depth_30\clear_sky\10AM\HighresScreenshot00442_depth_30_clear_sky_10AM.png,C:\Users\depthlev\Desktop\droneImages\dataset\depth_30\clear_sky\10AM\HighresScreenshot00442_depth_30_clear_sky_10AM.txt,30.0|clear_sky|10AM,30.0,clear_sky,10AM,2744,1590,1847 668 1928 714
C:\Users\depthlev\Desktop\droneImages\dataset\depth_30\clear_sky\10AM\HighresScreenshot00443_depth_30_clear_sky_10AM.png,C:\Users\depthlev\Desktop\droneImages\dataset\depth_30\clear_sky\10AM\HighresScreenshot00443_depth_30_clear_sky_10AM.txt,30.0|clear_sky|10AM,30.0,clear_sky,10AM,2744,1590,744 1066 816 1097
C:\Users\depthlev\Desktop\droneImages\dataset\depth_30\clear_sky\10AM\HighresScreenshot00444_depth_30_clear_sky_10AM.png,C:\Users\depthlev\Desktop\droneImages\dataset\depth_30\clear_sky\10AM\HighresScreenshot00444_depth_30_clear_sky_10AM.txt,30.0|clear_sky|10AM,30.0,clear_sky,10AM,2744,1590,1026 1302 1104 1358
C:\Users\depthlev\Desktop\droneImages\dataset\depth_30\clear_sky\10AM\HighresScreenshot00445_depth_30_clear_sky_10AM.png,C:\Users\depthlev\Desktop\droneImages\dataset\depth_30\clear_sky\10AM\HighresScreenshot00445_depth_30_clear_sky_10AM.txt,30.0|clear_sky|10AM,30.0,clear_sky,10AM,2744,1590,2003 611 2065 645
C:\Users\depthlev\Desktop\droneImages\dataset\depth_30\clear_sky\10AM\HighresScreenshot00446_depth_30_clear_sky_10AM.png,C:\Users\depthlev\Desktop\droneImages\dataset\depth_30\clear_sky\10AM\HighresScreenshot00446_depth_30_clear_sky_10AM.txt,30.0|clear_sky|10AM,30.0,clear_sky,10AM,2744,1590,1498 772 1553 815
C:\Users\depthlev\Desktop\droneImages\dataset\depth_30\clear_sky\10AM\HighresScreenshot00447_depth_30_clear_sky_10AM.png,C:\Users\depthlev\Desktop\droneImages\dataset\depth_30\clear_sky\10AM\HighresScreenshot00447_depth_30_clear_sky_10AM.txt,30.0|clear_sky|10AM,30.0,clear_sky,10AM,2744,1590,1218 1208 1288 1248
C:\Users\depthlev\Desktop\droneImages\dataset\depth_30\clear_sky\10AM\HighresScreenshot00448_depth_30_clear_sky_10AM.png,C:\Users\depthlev\Desktop\droneImages\dataset\depth_30\clear_sky\10AM\HighresScreenshot00448_depth_30_clear_sky_10AM.txt,30.0|clear_sky|10AM,30.0,clear_sky,10AM,2744,1590,2081 1206 2173 1238
C:\Users\depthlev\Desktop\droneImages\dataset\depth_30\clear_sky\10AM\HighresScreenshot00449_depth_30_clear_sky_10AM.png,C:\Users\depthlev\Desktop\droneImages\dataset\depth_30\clear_sky\10AM\HighresScreenshot00449_depth_30_clear_sky_10AM.txt,30.0|clear_sky|10AM,30.0,clear_sky,10AM,2744,1590,1587 1259 1641 1300
C:\Users\depthlev\Desktop\droneImages\dataset\depth_30\clear_sky\10AM\HighresScreenshot00450_depth_30_clear_sky_10AM.png,C:\Users\depthlev\Desktop\droneImages\dataset\depth_30\clear_sky\10AM\HighresScreenshot00450_depth_30_clear_sky_10AM.txt,30.0|clear_sky|10AM,30.0,clear_sky,10AM,2744,1590,1541 578 1613 634
C:\Users\depthlev\Desktop\droneImages\dataset\depth_30\clear_sky\10AM\HighresScreenshot00451_depth_30_clear_sky_10AM.png,C:\Users\depthlev\Desktop\droneImages\dataset\depth_30\clear_sky\10AM\HighresScreenshot00451_depth_30_clear_sky_10AM.txt,30.0|clear_sky|10AM,30.0,clear_sky,10AM,2744,1590,1748 1249 1817 1301
C:\Users\depthlev\Desktop\droneImages\dataset\depth_30\clear_sky\10AM\HighresScreenshot00452_depth_30_clear_sky_10AM.png,C:\Users\depthlev\Desktop\droneImages\dataset\depth_30\clear_sky\10AM\HighresScreenshot00452_depth_30_clear_sky_10AM.txt,30.0|clear_sky|10AM,30.0,clear_sky,10AM,2744,1590,1720 1155 1784 1180
C:\Users\depthlev\Desktop\droneImages\dataset\depth_30\clear_sky\10AM\HighresScreenshot00453_depth_30_clear_sky_10AM.png,C:\Users\depthlev\Desktop\droneImages\dataset\depth_30\clear_sky\10AM\HighresScreenshot00453_depth_30_clear_sky_10AM.txt,30.0|clear_sky|10AM,30.0,clear_sky,10AM,2744,1590,1072 1274 1149 1351
C:\Users\depthlev\Desktop\droneImages\dataset\depth_30\clear_sky\10AM\HighresScreenshot00454_depth_30_clear_sky_10AM.png,C:\Users\depthlev\Desktop\droneImages\dataset\depth_30\clear_sky\10AM\HighresScreenshot00454_depth_30_clear_sky_10AM.txt,30.0|clear_sky|10AM,30.0,clear_sky,10AM,2744,1590,1117 904 1189 938
C:\Users\depthlev\Desktop\droneImages\dataset\depth_30\clear_sky\10AM\HighresScreenshot00455_depth_30_clear_sky_10AM.png,C:\Users\depthlev\Desktop\droneImages\dataset\depth_30\clear_sky\10AM\HighresScreenshot00455_depth_30_clear_sky_10AM.txt,30.0|clear_sky|10AM,30.0,clear_sky,10AM,2744,1590,1114 488 1188 517
C:\Users\depthlev\Desktop\droneImages\dataset\depth_30\clear_sky\10AM\HighresScreenshot00456_depth_30_clear_sky_10AM.png,C:\Users\depthlev\Desktop\droneImages\dataset\depth_30\clear_sky\10AM\HighresScreenshot00456_depth_30_clear_sky_10AM.txt,30.0|clear_sky|10AM,30.0,clear_sky,10AM,2744,1590,1988 1233 2050 1258
C:\Users\depthlev\Desktop\droneImages\dataset\depth_30\clear_sky\10AM\HighresScreenshot00457_depth_30_clear_sky_10AM.png,C:\Users\depthlev\Desktop\droneImages\dataset\depth_30\clear_sky\10AM\HighresScreenshot00457_depth_30_clear_sky_10AM.txt,30.0|clear_sky|10AM,30.0,clear_sky,10AM,2744,1590,1475 1216 1548 1289
C:\Users\depthlev\Desktop\droneImages\dataset\depth_30\clear_sky\10AM\HighresScreenshot00458_depth_30_clear_sky_10AM.png,C:\Users\depthlev\Desktop\droneImages\dataset\depth_30\clear_sky\10AM\HighresScreenshot00458_depth_30_clear_sky_10AM.txt,30.0|clear_sky|10AM,30.0,clear_sky,10AM,2744,1590,1278 677 1344 710
C:\Users\depthlev\Desktop\droneImages\dataset\depth_30\clear_sky\10AM\HighresScreenshot00459_depth_30_clear_sky_10AM.png,C:\Users\depthlev\Desktop\droneImages\dataset\depth_30\clear_sky\10AM\HighresScreenshot00459_depth_30_clear_sky_10AM.txt,30.0|clear_sky|10AM,30.0,clear_sky,10AM,2744,1590,892 1286 969 1330
C:\Users\depthlev\Desktop\droneImages\dataset\depth_30\clear_sky\10AM\HighresScreenshot00460_depth_30_clear_sky_10AM.png,C:\Users\depthlev\Desktop\droneImages\dataset\depth_30\clear_sky\10AM\HighresScreenshot00460_depth_30_clear_sky_10AM.txt,30.0|clear_sky|10AM,30.0,clear_sky,10AM,2744,1590,812 444 887 477
C:\Users\depthlev\Desktop\droneImages\dataset\depth_30\clear_sky\10AM\HighresScreenshot00461_depth_30_clear_sky_10AM.png,C:\Users\depthlev\Desktop\droneImages\dataset\depth_30\clear_sky\10AM\HighresScreenshot00461_depth_30_clear_sky_10AM.txt,30.0|clear_sky|10AM,30.0,clear_sky,10AM,2744,1590,1411 938 1467 983
C:\Users\depthlev\Desktop\droneImages\dataset\depth_30\clear_sky\10AM\HighresScreenshot00462_depth_30_clear_sky_10AM.png,C:\Users\depthlev\Desktop\droneImages\dataset\depth_30\clear_sky\10AM\HighresScreenshot00462_depth_30_clear_sky_10AM.txt,30.0|clear_sky|10AM,30.0,clear_sky,10AM,2744,1590,1687 394 1765 458
C:\Users\depthlev\Desktop\droneImages\dataset\depth_30\clear_sky\10AM\HighresScreenshot00463_depth_30_clear_sky_10AM.png,C:\Users\depthlev\Desktop\droneImages\dataset\depth_30\clear_sky\10AM\HighresScreenshot00463_depth_30_clear_sky_10AM.txt,30.0|clear_sky|10AM,30.0,clear_sky,10AM,2744,1590,1249 978 1315 1023
C:\Users\depthlev\Desktop\droneImages\dataset\depth_30\clear_sky\10AM\HighresScreenshot00464_depth_30_clear_sky_10AM.png,C:\Users\depthlev\Desktop\droneImages\dataset\depth_30\clear_sky\10AM\HighresScreenshot00464_depth_30_clear_sky_10AM.txt,30.0|clear_sky|10AM,30.0,clear_sky,10AM,2744,1590,1626 569 1677 623
C:\Users\depthlev\Desktop\droneImages\dataset\depth_30\clear_sky\10AM\HighresScreenshot00465_depth_30_clear_sky_10AM.png,C:\Users\depthlev\Desktop\droneImages\dataset\depth_30\clear_sky\10AM\HighresScreenshot00465_depth_30_clear_sky_10AM.txt,30.0|clear_sky|10AM,30.0,clear_sky,10AM,2744,1590,1415 596 1483 650
C:\Users\depthlev\Desktop\droneImages\dataset\depth_30\clear_sky\10AM\HighresScreenshot00466_depth_30_clear_sky_10AM.png,C:\Users\depthlev\Desktop\droneImages\dataset\depth_30\clear_sky\10AM\HighresScreenshot00466_depth_30_clear_sky_10AM.txt,30.0|clear_sky|10AM,30.0,clear_sky,10AM,2744,1590,1305 1017 1365 1078
C:\Users\depthlev\Desktop\droneImages\dataset\depth_30\clear_sky\10AM\HighresScreenshot00467_depth_30_clear_sky_10AM.png,C:\Users\depthlev\Desktop\droneImages\dataset\depth_30\clear_sky\10AM\HighresScreenshot00467_depth_30_clear_sky_10AM.txt,30.0|clear_sky|10AM,30.0,clear_sky,10AM,2744,1590,1356 725 1421 788
C:\Users\depthlev\Desktop\droneImages\dataset\depth_30\clear_sky\10AM\HighresScreenshot00468_depth_30_clear_sky_10AM.png,C:\Users\depthlev\Desktop\droneImages\dataset\depth_30\clear_sky\10AM\HighresScreenshot00468_depth_30_clear_sky_10AM.txt,30.0|clear_sky|10AM,30.0,clear_sky,10AM,2744,1590,1481 520 1537 551
C:\Users\depthlev\Desktop\droneImages\dataset\depth_30\clear_sky\10AM\HighresScreenshot00469_depth_30_clear_sky_10AM.png,C:\Users\depthlev\Desktop\droneImages\dataset\depth_30\clear_sky\10AM\HighresScreenshot00469_depth_30_clear_sky_10AM.txt,30.0|clear_sky|10AM,30.0,clear_sky,10AM,2744,1590,1171 731 1231 757
C:\Users\depthlev\Desktop\droneImages\dataset\depth_30\clear_sky\10AM\HighresScreenshot00470_depth_30_clear_sky_10AM.png,C:\Users\depthlev\Desktop\droneImages\dataset\depth_30\clear_sky\10AM\HighresScreenshot00470_depth_30_clear_sky_10AM.txt,30.0|clear_sky|10AM,30.0,clear_sky,10AM,2744,1590,2018 709 2100 757
C:\Users\depthlev\Desktop\droneImages\dataset\depth_30\clear_sky\10AM\HighresScreenshot00471_depth_30_clear_sky_10AM.png,C:\Users\depthlev\Desktop\droneImages\dataset\depth_30\clear_sky\10AM\HighresScreenshot00471_depth_30_clear_sky_10AM.txt,30.0|clear_sky|10AM,30.0,clear_sky,10AM,2744,1590,2016 995 2100 1038
C:\Users\depthlev\Desktop\droneImages\dataset\depth_30\clear_sky\10AM\HighresScreenshot00472_depth_30_clear_sky_10AM.png,C:\Users\depthlev\Desktop\droneImages\dataset\depth_30\clear_sky\10AM\HighresScreenshot00472_depth_30_clear_sky_10AM.txt,30.0|clear_sky|10AM,30.0,clear_sky,10AM,2744,1590,794 1338 871 1390
C:\Users\depthlev\Desktop\droneImages\dataset\depth_30\clear_sky\10AM\HighresScreenshot00473_depth_30_clear_sky_10AM.png,C:\Users\depthlev\Desktop\droneImages\dataset\depth_30\clear_sky\10AM\HighresScreenshot00473_depth_30_clear_sky_10AM.txt,30.0|clear_sky|10AM,30.0,clear_sky,10AM,2744,1590,1361 996 1425 1044
C:\Users\depthlev\Desktop\droneImages\dataset\depth_30\clear_sky\10AM\HighresScreenshot00474_depth_30_clear_sky_10AM.png,C:\Users\depthlev\Desktop\droneImages\dataset\depth_30\clear_sky\10AM\HighresScreenshot00474_depth_30_clear_sky_10AM.txt,30.0|clear_sky|10AM,30.0,clear_sky,10AM,2744,1590,1435 547 1483 581
C:\Users\depthlev\Desktop\droneImages\dataset\depth_30\clear_sky\10AM\HighresScreenshot00475_depth_30_clear_sky_10AM.png,C:\Users\depthlev\Desktop\droneImages\dataset\depth_30\clear_sky\10AM\HighresScreenshot00475_depth_30_clear_sky_10AM.txt,30.0|clear_sky|10AM,30.0,clear_sky,10AM,2744,1590,1188 1142 1254 1196
C:\Users\depthlev\Desktop\droneImages\dataset\depth_30\clear_sky\10AM\HighresScreenshot00476_depth_30_clear_sky_10AM.png,C:\Users\depthlev\Desktop\droneImages\dataset\depth_30\clear_sky\10AM\HighresScreenshot00476_depth_30_clear_sky_10AM.txt,30.0|clear_sky|10AM,30.0,clear_sky,10AM,2744,1590,1767 903 1826 954
C:\Users\depthlev\Desktop\droneImages\dataset\depth_30\clear_sky\10AM\HighresScreenshot00477_depth_30_clear_sky_10AM.png,C:\Users\depthlev\Desktop\droneImages\dataset\depth_30\clear_sky\10AM\HighresScreenshot00477_depth_30_clear_sky_10AM.txt,30.0|clear_sky|10AM,30.0,clear_sky,10AM,2744,1590,2050 1208 2145 1228
C:\Users\depthlev\Desktop\droneImages\dataset\depth_30\clear_sky\10AM\HighresScreenshot00478_depth_30_clear_sky_10AM.png,C:\Users\depthlev\Desktop\droneImages\dataset\depth_30\clear_sky\10AM\HighresScreenshot00478_depth_30_clear_sky_10AM.txt,30.0|clear_sky|10AM,30.0,clear_sky,10AM,2744,1590,867 1288 939 1304
C:\Users\depthlev\Desktop\droneImages\dataset\depth_30\clear_sky\10AM\HighresScreenshot00479_depth_30_clear_sky_10AM.png,C:\Users\depthlev\Desktop\droneImages\dataset\depth_30\clear_sky\10AM\HighresScreenshot00479_depth_30_clear_sky_10AM.txt,30.0|clear_sky|10AM,30.0,clear_sky,10AM,2744,1590,1052 829 1115 870
C:\Users\depthlev\Desktop\droneImages\dataset\depth_30\clear_sky\10AM\HighresScreenshot00480_depth_30_clear_sky_10AM.png,C:\Users\depthlev\Desktop\droneImages\dataset\depth_30\clear_sky\10AM\HighresScreenshot00480_depth_30_clear_sky_10AM.txt,30.0|clear_sky|10AM,30.0,clear_sky,10AM,2744,1590,1229 452 1294 501
C:\Users\depthlev\Desktop\droneImages\dataset\depth_30\clear_sky\10AM\HighresScreenshot00481_depth_30_clear_sky_10AM.png,C:\Users\depthlev\Desktop\droneImages\dataset\depth_30\clear_sky\10AM\HighresScreenshot00481_depth_30_clear_sky_10AM.txt,30.0|clear_sky|10AM,30.0,clear_sky,10AM,2744,1590,1467 444 1522 490
C:\Users\depthlev\Desktop\droneImages\dataset\depth_30\clear_sky\10AM\HighresScreenshot00482_depth_30_clear_sky_10AM.png,C:\Users\depthlev\Desktop\droneImages\dataset\depth_30\clear_sky\10AM\HighresScreenshot00482_depth_30_clear_sky_10AM.txt,30.0|clear_sky|10AM,30.0,clear_sky,10AM,2744,1590,2106 400 2191 422
C:\Users\depthlev\Desktop\droneImages\dataset\depth_30\clear_sky\10AM\HighresScreenshot00483_depth_30_clear_sky_10AM.png,C:\Users\depthlev\Desktop\droneImages\dataset\depth_30\clear_sky\10AM\HighresScreenshot00483_depth_30_clear_sky_10AM.txt,30.0|clear_sky|10AM,30.0,clear_sky,10AM,2744,1590,1271 859 1341 909
C:\Users\depthlev\Desktop\droneImages\dataset\depth_30\clear_sky\10AM\HighresScreenshot00484_depth_30_clear_sky_10AM.png,C:\Users\depthlev\Desktop\droneImages\dataset\depth_30\clear_sky\10AM\HighresScreenshot00484_depth_30_clear_sky_10AM.txt,30.0|clear_sky|10AM,30.0,clear_sky,10AM,2744,1590,1022 789 1087 854
C:\Users\depthlev\Desktop\droneImages\dataset\depth_30\clear_sky\10AM\HighresScreenshot00485_depth_30_clear_sky_10AM.png,C:\Users\depthlev\Desktop\droneImages\dataset\depth_30\clear_sky\10AM\HighresScreenshot00485_depth_30_clear_sky_10AM.txt,30.0|clear_sky|10AM,30.0,clear_sky,10AM,2744,1590,605 637 693 678
C:\Users\depthlev\Desktop\droneImages\dataset\depth_30\clear_sky\10AM\HighresScreenshot00486_depth_30_clear_sky_10AM.png,C:\Users\depthlev\Desktop\droneImages\dataset\depth_30\clear_sky\10AM\HighresScreenshot00486_depth_30_clear_sky_10AM.txt,30.0|clear_sky|10AM,30.0,clear_sky,10AM,2744,1590,1665 969 1736 1023
C:\Users\depthlev\Desktop\droneImages\dataset\depth_30\clear_sky\10AM\HighresScreenshot00487_depth_30_clear_sky_10AM.png,C:\Users\depthlev\Desktop\droneImages\dataset\depth_30\clear_sky\10AM\HighresScreenshot00487_depth_30_clear_sky_10AM.txt,30.0|clear_sky|10AM,30.0,clear_sky,10AM,2744,1590,1140 788 1211 844
C:\Users\depthlev\Desktop\droneImages\dataset\depth_30\clear_sky\10AM\HighresScreenshot00488_depth_30_clear_sky_10AM.png,C:\Users\depthlev\Desktop\droneImages\dataset\depth_30\clear_sky\10AM\HighresScreenshot00488_depth_30_clear_sky_10AM.txt,30.0|clear_sky|10AM,30.0,clear_sky,10AM,2744,1590,1090 471 1164 538
C:\Users\depthlev\Desktop\droneImages\dataset\depth_30\clear_sky\10AM\HighresScreenshot00489_depth_30_clear_sky_10AM.png,C:\Users\depthlev\Desktop\droneImages\dataset\depth_30\clear_sky\10AM\HighresScreenshot00489_depth_30_clear_sky_10AM.txt,30.0|clear_sky|10AM,30.0,clear_sky,10AM,2744,1590,1588 851 1644 904
C:\Users\depthlev\Desktop\droneImages\dataset\depth_30\clear_sky\10AM\HighresScreenshot00490_depth_30_clear_sky_10AM.png,C:\Users\depthlev\Desktop\droneImages\dataset\depth_30\clear_sky\10AM\HighresScreenshot00490_depth_30_clear_sky_10AM.txt,30.0|clear_sky|10AM,30.0,clear_sky,10AM,2744,1590,1071 701 1137 721
C:\Users\depthlev\Desktop\droneImages\dataset\depth_30\clear_sky\10AM\HighresScreenshot00491_depth_30_clear_sky_10AM.png,C:\Users\depthlev\Desktop\droneImages\dataset\depth_30\clear_sky\10AM\HighresScreenshot00491_depth_30_clear_sky_10AM.txt,30.0|clear_sky|10AM,30.0,clear_sky,10AM,2744,1590,1299 740 1365 809
C:\Users\depthlev\Desktop\droneImages\dataset\depth_30\clear_sky\10AM\HighresScreenshot00492_depth_30_clear_sky_10AM.png,C:\Users\depthlev\Desktop\droneImages\dataset\depth_30\clear_sky\10AM\HighresScreenshot00492_depth_30_clear_sky_10AM.txt,30.0|clear_sky|10AM,30.0,clear_sky,10AM,2744,1590,1170 673 1239 738
C:\Users\depthlev\Desktop\droneImages\dataset\depth_30\clear_sky\10AM\HighresScreenshot00493_depth_30_clear_sky_10AM.png,C:\Users\depthlev\Desktop\droneImages\dataset\depth_30\clear_sky\10AM\HighresScreenshot00493_depth_30_clear_sky_10AM.txt,30.0|clear_sky|10AM,30.0,clear_sky,10AM,2744,1590,1346 674 1416 717
C:\Users\depthlev\Desktop\droneImages\dataset\depth_30\clear_sky\10AM\HighresScreenshot00494_depth_30_clear_sky_10AM.png,C:\Users\depthlev\Desktop\droneImages\dataset\depth_30\clear_sky\10AM\HighresScreenshot00494_depth_30_clear_sky_10AM.txt,30.0|clear_sky|10AM,30.0,clear_sky,10AM,2744,1590,1220 767 1267 790
C:\Users\depthlev\Desktop\droneImages\dataset\depth_30\clear_sky\10AM\HighresScreenshot00495_depth_30_clear_sky_10AM.png,C:\Users\depthlev\Desktop\droneImages\dataset\depth_30\clear_sky\10AM\HighresScreenshot00495_depth_30_clear_sky_10AM.txt,30.0|clear_sky|10AM,30.0,clear_sky,10AM,2744,1590,1452 1228 1525 1260
C:\Users\depthlev\Desktop\droneImages\dataset\depth_30\clear_sky\10AM\HighresScreenshot00496_depth_30_clear_sky_10AM.png,C:\Users\depthlev\Desktop\droneImages\dataset\depth_30\clear_sky\10AM\HighresScreenshot00496_depth_30_clear_sky_10AM.txt,30.0|clear_sky|10AM,30.0,clear_sky,10AM,2744,1590,1561 1286 1629 1333
C:\Users\depthlev\Desktop\droneImages\dataset\depth_30\clear_sky\10AM\HighresScreenshot00497_depth_30_clear_sky_10AM.png,C:\Users\depthlev\Desktop\droneImages\dataset\depth_30\clear_sky\10AM\HighresScreenshot00497_depth_30_clear_sky_10AM.txt,30.0|clear_sky|10AM,30.0,clear_sky,10AM,2744,1590,2099 806 2184 825
C:\Users\depthlev\Desktop\droneImages\dataset\depth_30\clear_sky\10AM\HighresScreenshot00498_depth_30_clear_sky_10AM.png,C:\Users\depthlev\Desktop\droneImages\dataset\depth_30\clear_sky\10AM\HighresScreenshot00498_depth_30_clear_sky_10AM.txt,30.0|clear_sky|10AM,30.0,clear_sky,10AM,2744,1590,1352 406 1420 453
C:\Users\depthlev\Desktop\droneImages\dataset\depth_30\clear_sky\10AM\HighresScreenshot00499_depth_30_clear_sky_10AM.png,C:\Users\depthlev\Desktop\droneImages\dataset\depth_30\clear_sky\10AM\HighresScreenshot00499_depth_30_clear_sky_10AM.txt,30.0|clear_sky|10AM,30.0,clear_sky,10AM,2744,1590,1740 718 1810 759
C:\Users\depthlev\Desktop\droneImages\dataset\depth_30\clear_sky\10AM\HighresScreenshot00500_depth_30_clear_sky_10AM.png,C:\Users\depthlev\Desktop\droneImages\dataset\depth_30\clear_sky\10AM\HighresScreenshot00500_depth_30_clear_sky_10AM.txt,30.0|clear_sky|10AM,30.0,clear_sky,10AM,2744,1590,899 865 971 916
C:\Users\depthlev\Desktop\droneImages\dataset\depth_30\clear_sky\10AM\HighresScreenshot00501_depth_30_clear_sky_10AM.png,C:\Users\depthlev\Desktop\droneImages\dataset\depth_30\clear_sky\10AM\HighresScreenshot00501_depth_30_clear_sky_10AM.txt,30.0|clear_sky|10AM,30.0,clear_sky,10AM,2744,1590,1440 1186 1489 1202
C:\Users\depthlev\Desktop\droneImages\dataset\depth_30\clear_sky\10AM\HighresScreenshot00502_depth_30_clear_sky_10AM.png,C:\Users\depthlev\Desktop\droneImages\dataset\depth_30\clear_sky\10AM\HighresScreenshot00502_depth_30_clear_sky_10AM.txt,30.0|clear_sky|10AM,30.0,clear_sky,10AM,2744,1590,1868 601 1942 646
C:\Users\depthlev\Desktop\droneImages\dataset\depth_30\clear_sky\10AM\HighresScreenshot00503_depth_30_clear_sky_10AM.png,C:\Users\depthlev\Desktop\droneImages\dataset\depth_30\clear_sky\10AM\HighresScreenshot00503_depth_30_clear_sky_10AM.txt,30.0|clear_sky|10AM,30.0,clear_sky,10AM,2744,1590,683 1142 770 1163
C:\Users\depthlev\Desktop\droneImages\dataset\depth_30\clear_sky\10AM\HighresScreenshot00504_depth_30_clear_sky_10AM.png,C:\Users\depthlev\Desktop\droneImages\dataset\depth_30\clear_sky\10AM\HighresScreenshot00504_depth_30_clear_sky_10AM.txt,30.0|clear_sky|10AM,30.0,clear_sky,10AM,2744,1590,1259 759 1323 819
C:\Users\depthlev\Desktop\droneImages\dataset\depth_30\clear_sky\10AM\HighresScreenshot00505_depth_30_clear_sky_10AM.png,C:\Users\depthlev\Desktop\droneImages\dataset\depth_30\clear_sky\10AM\HighresScreenshot00505_depth_30_clear_sky_10AM.txt,30.0|clear_sky|10AM,30.0,clear_sky,10AM,2744,1590,1126 1038 1199 1101
C:\Users\depthlev\Desktop\droneImages\dataset\depth_30\clear_sky\10AM\HighresScreenshot00506_depth_30_clear_sky_10AM.png,C:\Users\depthlev\Desktop\droneImages\dataset\depth_30\clear_sky\10AM\HighresScreenshot00506_depth_30_clear_sky_10AM.txt,30.0|clear_sky|10AM,30.0,clear_sky,10AM,2744,1590,1446 1181 1512 1251
C:\Users\depthlev\Desktop\droneImages\dataset\depth_30\clear_sky\10AM\HighresScreenshot00507_depth_30_clear_sky_10AM.png,C:\Users\depthlev\Desktop\droneImages\dataset\depth_30\clear_sky\10AM\HighresScreenshot00507_depth_30_clear_sky_10AM.txt,30.0|clear_sky|10AM,30.0,clear_sky,10AM,2744,1590,793 669 863 707
C:\Users\depthlev\Desktop\droneImages\dataset\depth_30\clear_sky\10AM\HighresScreenshot00508_depth_30_clear_sky_10AM.png,C:\Users\depthlev\Desktop\droneImages\dataset\depth_30\clear_sky\10AM\HighresScreenshot00508_depth_30_clear_sky_10AM.txt,30.0|clear_sky|10AM,30.0,clear_sky,10AM,2744,1590,998 1255 1067 1279
C:\Users\depthlev\Desktop\droneImages\dataset\depth_30\clear_sky\10AM\HighresScreenshot00509_depth_30_clear_sky_10AM.png,C:\Users\depthlev\Desktop\droneImages\dataset\depth_30\clear_sky\10AM\HighresScreenshot00509_depth_30_clear_sky_10AM.txt,30.0|clear_sky|10AM,30.0,clear_sky,10AM,2744,1590,1582 1089 1640 1127
C:\Users\depthlev\Desktop\droneImages\dataset\depth_30\clear_sky\10AM\HighresScreenshot00510_depth_30_clear_sky_10AM.png,C:\Users\depthlev\Desktop\droneImages\dataset\depth_30\clear_sky\10AM\HighresScreenshot00510_depth_30_clear_sky_10AM.txt,30.0|clear_sky|10AM,30.0,clear_sky,10AM,2744,1590,1530 1256 1589 1295
C:\Users\depthlev\Desktop\droneImages\dataset\depth_30\clear_sky\10AM\HighresScreenshot00511_depth_30_clear_sky_10AM.png,C:\Users\depthlev\Desktop\droneImages\dataset\depth_30\clear_sky\10AM\HighresScreenshot00511_depth_30_clear_sky_10AM.txt,30.0|clear_sky|10AM,30.0,clear_sky,10AM,2744,1590,687 1350 779 1400
C:\Users\depthlev\Desktop\droneImages\dataset\depth_30\clear_sky\10AM\HighresScreenshot00512_depth_30_clear_sky_10AM.png,C:\Users\depthlev\Desktop\droneImages\dataset\depth_30\clear_sky\10AM\HighresScreenshot00512_depth_30_clear_sky_10AM.txt,30.0|clear_sky|10AM,30.0,clear_sky,10AM,2744,1590,1248 956 1311 1022
C:\Users\depthlev\Desktop\droneImages\dataset\depth_30\clear_sky\10AM\HighresScreenshot00513_depth_30_clear_sky_10AM.png,C:\Users\depthlev\Desktop\droneImages\dataset\depth_30\clear_sky\10AM\HighresScreenshot00513_depth_30_clear_sky_10AM.txt,30.0|clear_sky|10AM,30.0,clear_sky,10AM,2744,1590,1112 868 1184 927
C:\Users\depthlev\Desktop\droneImages\dataset\depth_30\clear_sky\10AM\HighresScreenshot00514_depth_30_clear_sky_10AM.png,C:\Users\depthlev\Desktop\droneImages\dataset\depth_30\clear_sky\10AM\HighresScreenshot00514_depth_30_clear_sky_10AM.txt,30.0|clear_sky|10AM,30.0,clear_sky,10AM,2744,1590,1831 1131 1913 1162
C:\Users\depthlev\Desktop\droneImages\dataset\depth_30\clear_sky\10AM\HighresScreenshot00515_depth_30_clear_sky_10AM.png,C:\Users\depthlev\Desktop\droneImages\dataset\depth_30\clear_sky\10AM\HighresScreenshot00515_depth_30_clear_sky_10AM.txt,30.0|clear_sky|10AM,30.0,clear_sky,10AM,2744,1590,1600 874 1670 890
C:\Users\depthlev\Desktop\droneImages\dataset\depth_30\clear_sky\10AM\HighresScreenshot00516_depth_30_clear_sky_10AM.png,C:\Users\depthlev\Desktop\droneImages\dataset\depth_30\clear_sky\10AM\HighresScreenshot00516_depth_30_clear_sky_10AM.txt,30.0|clear_sky|10AM,30.0,clear_sky,10AM,2744,1590,1431 356 1501 432
C:\Users\depthlev\Desktop\droneImages\dataset\depth_30\clear_sky\10AM\HighresScreenshot00517_depth_30_clear_sky_10AM.png,C:\Users\depthlev\Desktop\droneImages\dataset\depth_30\clear_sky\10AM\HighresScreenshot00517_depth_30_clear_sky_10AM.txt,30.0|clear_sky|10AM,30.0,clear_sky,10AM,2744,1590,1716 1114 1790 1157
C:\Users\depthlev\Desktop\droneImages\dataset\depth_30\clear_sky\10AM\HighresScreenshot00518_depth_30_clear_sky_10AM.png,C:\Users\depthlev\Desktop\droneImages\dataset\depth_30\clear_sky\10AM\HighresScreenshot00518_depth_30_clear_sky_10AM.txt,30.0|clear_sky|10AM,30.0,clear_sky,10AM,2744,1590,850 1079 918 1130
C:\Users\depthlev\Desktop\droneImages\dataset\depth_30\clear_sky\10AM\HighresScreenshot00519_depth_30_clear_sky_10AM.png,C:\Users\depthlev\Desktop\droneImages\dataset\depth_30\clear_sky\10AM\HighresScreenshot00519_depth_30_clear_sky_10AM.txt,30.0|clear_sky|10AM,30.0,clear_sky,10AM,2744,1590,773 1071 854 1105
C:\Users\depthlev\Desktop\droneImages\dataset\depth_30\clear_sky\10AM\HighresScreenshot00520_depth_30_clear_sky_10AM.png,C:\Users\depthlev\Desktop\droneImages\dataset\depth_30\clear_sky\10AM\HighresScreenshot00520_depth_30_clear_sky_10AM.txt,30.0|clear_sky|10AM,30.0,clear_sky,10AM,2744,1590,1403 1215 1473 1245
C:\Users\depthlev\Desktop\droneImages\dataset\depth_30\clear_sky\10AM\HighresScreenshot00521_depth_30_clear_sky_10AM.png,C:\Users\depthlev\Desktop\droneImages\dataset\depth_30\clear_sky\10AM\HighresScreenshot00521_depth_30_clear_sky_10AM.txt,30.0|clear_sky|10AM,30.0,clear_sky,10AM,2744,1590,771 511 838 563
C:\Users\depthlev\Desktop\droneImages\dataset\depth_30\clear_sky\10AM\HighresScreenshot00522_depth_30_clear_sky_10AM.png,C:\Users\depthlev\Desktop\droneImages\dataset\depth_30\clear_sky\10AM\HighresScreenshot00522_depth_30_clear_sky_10AM.txt,30.0|clear_sky|10AM,30.0,clear_sky,10AM,2744,1590,1319 872 1387 937
C:\Users\depthlev\Desktop\droneImages\dataset\depth_30\clear_sky\10AM\HighresScreenshot00523_depth_30_clear_sky_10AM.png,C:\Users\depthlev\Desktop\droneImages\dataset\depth_30\clear_sky\10AM\HighresScreenshot00523_depth_30_clear_sky_10AM.txt,30.0|clear_sky|10AM,30.0,clear_sky,10AM,2744,1590,773 890 839 935
C:\Users\depthlev\Desktop\droneImages\dataset\depth_30\clear_sky\10AM\HighresScreenshot00524_depth_30_clear_sky_10AM.png,C:\Users\depthlev\Desktop\droneImages\dataset\depth_30\clear_sky\10AM\HighresScreenshot00524_depth_30_clear_sky_10AM.txt,30.0|clear_sky|10AM,30.0,clear_sky,10AM,2744,1590,1808 1204 1876 1275
C:\Users\depthlev\Desktop\droneImages\dataset\depth_30\clear_sky\10AM\HighresScreenshot00525_depth_30_clear_sky_10AM.png,C:\Users\depthlev\Desktop\droneImages\dataset\depth_30\clear_sky\10AM\HighresScreenshot00525_depth_30_clear_sky_10AM.txt,30.0|clear_sky|10AM,30.0,clear_sky,10AM,2744,1590,737 399 808 430
C:\Users\depthlev\Desktop\droneImages\dataset\depth_30\clear_sky\10AM\HighresScreenshot00526_depth_30_clear_sky_10AM.png,C:\Users\depthlev\Desktop\droneImages\dataset\depth_30\clear_sky\10AM\HighresScreenshot00526_depth_30_clear_sky_10AM.txt,30.0|clear_sky|10AM,30.0,clear_sky,10AM,2744,1590,781 562 854 619
C:\Users\depthlev\Desktop\droneImages\dataset\depth_30\clear_sky\10AM\HighresScreenshot00527_depth_30_clear_sky_10AM.png,C:\Users\depthlev\Desktop\droneImages\dataset\depth_30\clear_sky\10AM\HighresScreenshot00527_depth_30_clear_sky_10AM.txt,30.0|clear_sky|10AM,30.0,clear_sky,10AM,2744,1590,1087 1103 1137 1153
C:\Users\depthlev\Desktop\droneImages\dataset\depth_30\clear_sky\10AM\HighresScreenshot00528_depth_30_clear_sky_10AM.png,C:\Users\depthlev\Desktop\droneImages\dataset\depth_30\clear_sky\10AM\HighresScreenshot00528_depth_30_clear_sky_10AM.txt,30.0|clear_sky|10AM,30.0,clear_sky,10AM,2744,1590,1472 728 1539 784
C:\Users\depthlev\Desktop\droneImages\dataset\depth_30\clear_sky\10AM\HighresScreenshot00529_depth_30_clear_sky_10AM.png,C:\Users\depthlev\Desktop\droneImages\dataset\depth_30\clear_sky\10AM\HighresScreenshot00529_depth_30_clear_sky_10AM.txt,30.0|clear_sky|10AM,30.0,clear_sky,10AM,2744,1590,1977 568 2060 606
C:\Users\depthlev\Desktop\droneImages\dataset\depth_30\clear_sky\10AM\HighresScreenshot00530_depth_30_clear_sky_10AM.png,C:\Users\depthlev\Desktop\droneImages\dataset\depth_30\clear_sky\10AM\HighresScreenshot00530_depth_30_clear_sky_10AM.txt,30.0|clear_sky|10AM,30.0,clear_sky,10AM,2744,1590,1862 474 1937 491
C:\Users\depthlev\Desktop\droneImages\dataset\depth_30\clear_sky\10AM\HighresScreenshot00531_depth_30_clear_sky_10AM.png,C:\Users\depthlev\Desktop\droneImages\dataset\depth_30\clear_sky\10AM\HighresScreenshot00531_depth_30_clear_sky_10AM.txt,30.0|clear_sky|10AM,30.0,clear_sky,10AM,2744,1590,1021 752 1087 811
C:\Users\depthlev\Desktop\droneImages\dataset\depth_30\clear_sky\10AM\HighresScreenshot00532_depth_30_clear_sky_10AM.png,C:\Users\depthlev\Desktop\droneImages\dataset\depth_30\clear_sky\10AM\HighresScreenshot00532_depth_30_clear_sky_10AM.txt,30.0|clear_sky|10AM,30.0,clear_sky,10AM,2744,1590,1699 1082 1759 1137
C:\Users\depthlev\Desktop\droneImages\dataset\depth_30\clear_sky\10AM\HighresScreenshot00533_depth_30_clear_sky_10AM.png,C:\Users\depthlev\Desktop\droneImages\dataset\depth_30\clear_sky\10AM\HighresScreenshot00533_depth_30_clear_sky_10AM.txt,30.0|clear_sky|10AM,30.0,clear_sky,10AM,2744,1590,1319 695 1386 729
C:\Users\depthlev\Desktop\droneImages\dataset\depth_30\clear_sky\10AM\HighresScreenshot00534_depth_30_clear_sky_10AM.png,C:\Users\depthlev\Desktop\droneImages\dataset\depth_30\clear_sky\10AM\HighresScreenshot00534_depth_30_clear_sky_10AM.txt,30.0|clear_sky|10AM,30.0,clear_sky,10AM,2744,1590,1791 948 1861 965
C:\Users\depthlev\Desktop\droneImages\dataset\depth_30\clear_sky\10AM\HighresScreenshot00535_depth_30_clear_sky_10AM.png,C:\Users\depthlev\Desktop\droneImages\dataset\depth_30\clear_sky\10AM\HighresScreenshot00535_depth_30_clear_sky_10AM.txt,30.0|clear_sky|10AM,30.0,clear_sky,10AM,2744,1590,1336 1037 1397 1079
C:\Users\depthlev\Desktop\droneImages\dataset\depth_30\clear_sky\10AM\HighresScreenshot00536_depth_30_clear_sky_10AM.png,C:\Users\depthlev\Desktop\droneImages\dataset\depth_30\clear_sky\10AM\HighresScreenshot00536_depth_30_clear_sky_10AM.txt,30.0|clear_sky|10AM,30.0,clear_sky,10AM,2744,1590,981 931 1036 986
C:\Users\depthlev\Desktop\droneImages\dataset\depth_30\clear_sky\10AM\HighresScreenshot00537_depth_30_clear_sky_10AM.png,C:\Users\depthlev\Desktop\droneImages\dataset\depth_30\clear_sky\10AM\HighresScreenshot00537_depth_30_clear_sky_10AM.txt,30.0|clear_sky|10AM,30.0,clear_sky,10AM,2744,1590,1153 1242 1213 1295
C:\Users\depthlev\Desktop\droneImages\dataset\depth_30\clear_sky\10AM\HighresScreenshot00538_depth_30_clear_sky_10AM.png,C:\Users\depthlev\Desktop\droneImages\dataset\depth_30\clear_sky\10AM\HighresScreenshot00538_depth_30_clear_sky_10AM.txt,30.0|clear_sky|10AM,30.0,clear_sky,10AM,2744,1590,1216 1059 1285 1104
C:\Users\depthlev\Desktop\droneImages\dataset\depth_30\clear_sky\10AM\HighresScreenshot00539_depth_30_clear_sky_10AM.png,C:\Users\depthlev\Desktop\droneImages\dataset\depth_30\clear_sky\10AM\HighresScreenshot00539_depth_30_clear_sky_10AM.txt,30.0|clear_sky|10AM,30.0,clear_sky,10AM,2744,1590,1368 1143 1439 1163
C:\Users\depthlev\Desktop\droneImages\dataset\depth_30\clear_sky\10AM\HighresScreenshot00540_depth_30_clear_sky_10AM.png,C:\Users\depthlev\Desktop\droneImages\dataset\depth_30\clear_sky\10AM\HighresScreenshot00540_depth_30_clear_sky_10AM.txt,30.0|clear_sky|10AM,30.0,clear_sky,10AM,2744,1590,1806 959 1858 980
C:\Users\depthlev\Desktop\droneImages\dataset\depth_30\clear_sky\10AM\HighresScreenshot00541_depth_30_clear_sky_10AM.png,C:\Users\depthlev\Desktop\droneImages\dataset\depth_30\clear_sky\10AM\HighresScreenshot00541_depth_30_clear_sky_10AM.txt,30.0|clear_sky|10AM,30.0,clear_sky,10AM,2744,1590,1880 440 1952 467
C:\Users\depthlev\Desktop\droneImages\dataset\depth_30\clear_sky\10AM\HighresScreenshot00542_depth_30_clear_sky_10AM.png,C:\Users\depthlev\Desktop\droneImages\dataset\depth_30\clear_sky\10AM\HighresScreenshot00542_depth_30_clear_sky_10AM.txt,30.0|clear_sky|10AM,30.0,clear_sky,10AM,2744,1590,1500 357 1570 426
C:\Users\depthlev\Desktop\droneImages\dataset\depth_30\clear_sky\10AM\HighresScreenshot00543_depth_30_clear_sky_10AM.png,C:\Users\depthlev\Desktop\droneImages\dataset\depth_30\clear_sky\10AM\HighresScreenshot00543_depth_30_clear_sky_10AM.txt,30.0|clear_sky|10AM,30.0,clear_sky,10AM,2744,1590,1315 285 1379 346
C:\Users\depthlev\Desktop\droneImages\dataset\depth_30\clear_sky\10AM\HighresScreenshot00544_depth_30_clear_sky_10AM.png,C:\Users\depthlev\Desktop\droneImages\dataset\depth_30\clear_sky\10AM\HighresScreenshot00544_depth_30_clear_sky_10AM.txt,30.0|clear_sky|10AM,30.0,clear_sky,10AM,2744,1590,1015 699 1089 768
C:\Users\depthlev\Desktop\droneImages\dataset\depth_30\clear_sky\10AM\HighresScreenshot00545_depth_30_clear_sky_10AM.png,C:\Users\depthlev\Desktop\droneImages\dataset\depth_30\clear_sky\10AM\HighresScreenshot00545_depth_30_clear_sky_10AM.txt,30.0|clear_sky|10AM,30.0,clear_sky,10AM,2744,1590,1447 1057 1518 1127
C:\Users\depthlev\Desktop\droneImages\dataset\depth_30\clear_sky\10AM\HighresScreenshot00546_depth_30_clear_sky_10AM.png,C:\Users\depthlev\Desktop\droneImages\dataset\depth_30\clear_sky\10AM\HighresScreenshot00546_depth_30_clear_sky_10AM.txt,30.0|clear_sky|10AM,30.0,clear_sky,10AM,2744,1590,1650 935 1723 963
C:\Users\depthlev\Desktop\droneImages\dataset\depth_30\clear_sky\10AM\HighresScreenshot00547_depth_30_clear_sky_10AM.png,C:\Users\depthlev\Desktop\droneImages\dataset\depth_30\clear_sky\10AM\HighresScreenshot00547_depth_30_clear_sky_10AM.txt,30.0|clear_sky|10AM,30.0,clear_sky,10AM,2744,1590,1235 673 1301 735
C:\Users\depthlev\Desktop\droneImages\dataset\depth_30\clear_sky\10AM\HighresScreenshot00548_depth_30_clear_sky_10AM.png,C:\Users\depthlev\Desktop\droneImages\dataset\depth_30\clear_sky\10AM\HighresScreenshot00548_depth_30_clear_sky_10AM.txt,30.0|clear_sky|10AM,30.0,clear_sky,10AM,2744,1590,611 409 699 457
C:\Users\depthlev\Desktop\droneImages\dataset\depth_30\clear_sky\10AM\HighresScreenshot00549_depth_30_clear_sky_10AM.png,C:\Users\depthlev\Desktop\droneImages\dataset\depth_30\clear_sky\10AM\HighresScreenshot00549_depth_30_clear_sky_10AM.txt,30.0|clear_sky|10AM,30.0,clear_sky,10AM,2744,1590,1665 979 1738 1036
C:\Users\depthlev\Desktop\droneImages\dataset\depth_30\clear_sky\10AM\HighresScreenshot00550_depth_30_clear_sky_10AM.png,C:\Users\depthlev\Desktop\droneImages\dataset\depth_30\clear_sky\10AM\HighresScreenshot00550_depth_30_clear_sky_10AM.txt,30.0|clear_sky|10AM,30.0,clear_sky,10AM,2744,1590,1223 1208 1272 1266
C:\Users\depthlev\Desktop\droneImages\dataset\depth_30\clear_sky\10AM\HighresScreenshot00551_depth_30_clear_sky_10AM.png,C:\Users\depthlev\Desktop\droneImages\dataset\depth_30\clear_sky\10AM\HighresScreenshot00551_depth_30_clear_sky_10AM.txt,30.0|clear_sky|10AM,30.0,clear_sky,10AM,2744,1590,1439 615 1510 664
C:\Users\depthlev\Desktop\droneImages\dataset\depth_30\clear_sky\10AM\HighresScreenshot00552_depth_30_clear_sky_10AM.png,C:\Users\depthlev\Desktop\droneImages\dataset\depth_30\clear_sky\10AM\HighresScreenshot00552_depth_30_clear_sky_10AM.txt,30.0|clear_sky|10AM,30.0,clear_sky,10AM,2744,1590,1327 429 1384 473
C:\Users\depthlev\Desktop\droneImages\dataset\depth_30\clear_sky\10AM\HighresScreenshot00553_depth_30_clear_sky_10AM.png,C:\Users\depthlev\Desktop\droneImages\dataset\depth_30\clear_sky\10AM\HighresScreenshot00553_depth_30_clear_sky_10AM.txt,30.0|clear_sky|10AM,30.0,clear_sky,10AM,2744,1590,505 1308 598 1335
C:\Users\depthlev\Desktop\droneImages\dataset\depth_30\clear_sky\10AM\HighresScreenshot00554_depth_30_clear_sky_10AM.png,C:\Users\depthlev\Desktop\droneImages\dataset\depth_30\clear_sky\10AM\HighresScreenshot00554_depth_30_clear_sky_10AM.txt,30.0|clear_sky|10AM,30.0,clear_sky,10AM,2744,1590,1658 698 1722 752
C:\Users\depthlev\Desktop\droneImages\dataset\depth_30\clear_sky\10AM\HighresScreenshot00555_depth_30_clear_sky_10AM.png,C:\Users\depthlev\Desktop\droneImages\dataset\depth_30\clear_sky\10AM\HighresScreenshot00555_depth_30_clear_sky_10AM.txt,30.0|clear_sky|10AM,30.0,clear_sky,10AM,2744,1590,1273 419 1345 453
C:\Users\depthlev\Desktop\droneImages\dataset\depth_30\clear_sky\10AM\HighresScreenshot00556_depth_30_clear_sky_10AM.png,C:\Users\depthlev\Desktop\droneImages\dataset\depth_30\clear_sky\10AM\HighresScreenshot00556_depth_30_clear_sky_10AM.txt,30.0|clear_sky|10AM,30.0,clear_sky,10AM,2744,1590,935 555 1012 620
C:\Users\depthlev\Desktop\droneImages\dataset\depth_30\clear_sky\10AM\HighresScreenshot00557_depth_30_clear_sky_10AM.png,C:\Users\depthlev\Desktop\droneImages\dataset\depth_30\clear_sky\10AM\HighresScreenshot00557_depth_30_clear_sky_10AM.txt,30.0|clear_sky|10AM,30.0,clear_sky,10AM,2744,1590,1667 885 1735 938
C:\Users\depthlev\Desktop\droneImages\dataset\depth_30\clear_sky\10AM\HighresScreenshot00558_depth_30_clear_sky_10AM.png,C:\Users\depthlev\Desktop\droneImages\dataset\depth_30\clear_sky\10AM\HighresScreenshot00558_depth_30_clear_sky_10AM.txt,30.0|clear_sky|10AM,30.0,clear_sky,10AM,2744,1590,734 512 820 548
C:\Users\depthlev\Desktop\droneImages\dataset\depth_30\clear_sky\10AM\HighresScreenshot00559_depth_30_clear_sky_10AM.png,C:\Users\depthlev\Desktop\droneImages\dataset\depth_30\clear_sky\10AM\HighresScreenshot00559_depth_30_clear_sky_10AM.txt,30.0|clear_sky|10AM,30.0,clear_sky,10AM,2744,1590,1480 393 1551 439
C:\Users\depthlev\Desktop\droneImages\dataset\depth_30\clear_sky\10AM\HighresScreenshot00560_depth_30_clear_sky_10AM.png,C:\Users\depthlev\Desktop\droneImages\dataset\depth_30\clear_sky\10AM\HighresScreenshot00560_depth_30_clear_sky_10AM.txt,30.0|clear_sky|10AM,30.0,clear_sky,10AM,2744,1590,1546 761 1618 798
C:\Users\depthlev\Desktop\droneImages\dataset\depth_30\clear_sky\10AM\HighresScreenshot00561_depth_30_clear_sky_10AM.png,C:\Users\depthlev\Desktop\droneImages\dataset\depth_30\clear_sky\10AM\HighresScreenshot00561_depth_30_clear_sky_10AM.txt,30.0|clear_sky|10AM,30.0,clear_sky,10AM,2744,1590,882 542 957 601
C:\Users\depthlev\Desktop\droneImages\dataset\depth_30\clear_sky\10AM\HighresScreenshot00562_depth_30_clear_sky_10AM.png,C:\Users\depthlev\Desktop\droneImages\dataset\depth_30\clear_sky\10AM\HighresScreenshot00562_depth_30_clear_sky_10AM.txt,30.0|clear_sky|10AM,30.0,clear_sky,10AM,2744,1590,1405 1179 1476 1249
C:\Users\depthlev\Desktop\droneImages\dataset\depth_30\clear_sky\10AM\HighresScreenshot00563_depth_30_clear_sky_10AM.png,C:\Users\depthlev\Desktop\droneImages\dataset\depth_30\clear_sky\10AM\HighresScreenshot00563_depth_30_clear_sky_10AM.txt,30.0|clear_sky|10AM,30.0,clear_sky,10AM,2744,1590,1421 537 1475 587
C:\Users\depthlev\Desktop\droneImages\dataset\depth_30\clear_sky\10AM\HighresScreenshot00564_depth_30_clear_sky_10AM.png,C:\Users\depthlev\Desktop\droneImages\dataset\depth_30\clear_sky\10AM\HighresScreenshot00564_depth_30_clear_sky_10AM.txt,30.0|clear_sky|10AM,30.0,clear_sky,10AM,2744,1590,1976 903 2061 933
C:\Users\depthlev\Desktop\droneImages\dataset\depth_30\clear_sky\10AM\HighresScreenshot00565_depth_30_clear_sky_10AM.png,C:\Users\depthlev\Desktop\droneImages\dataset\depth_30\clear_sky\10AM\HighresScreenshot00565_depth_30_clear_sky_10AM.txt,30.0|clear_sky|10AM,30.0,clear_sky,10AM,2744,1590,1735 841 1812 861
C:\Users\depthlev\Desktop\droneImages\dataset\depth_30\clear_sky\10AM\HighresScreenshot00566_depth_30_clear_sky_10AM.png,C:\Users\depthlev\Desktop\droneImages\dataset\depth_30\clear_sky\10AM\HighresScreenshot00566_depth_30_clear_sky_10AM.txt,30.0|clear_sky|10AM,30.0,clear_sky,10AM,2744,1590,1087 558 1157 617
C:\Users\depthlev\Desktop\droneImages\dataset\depth_30\clear_sky\10AM\HighresScreenshot00567_depth_30_clear_sky_10AM.png,C:\Users\depthlev\Desktop\droneImages\dataset\depth_30\clear_sky\10AM\HighresScreenshot00567_depth_30_clear_sky_10AM.txt,30.0|clear_sky|10AM,30.0,clear_sky,10AM,2744,1590,1109 847 1172 877
C:\Users\depthlev\Desktop\droneImages\dataset\depth_30\clear_sky\10AM\HighresScreenshot00568_depth_30_clear_sky_10AM.png,C:\Users\depthlev\Desktop\droneImages\dataset\depth_30\clear_sky\10AM\HighresScreenshot00568_depth_30_clear_sky_10AM.txt,30.0|clear_sky|10AM,30.0,clear_sky,10AM,2744,1590,1122 442 1191 506
C:\Users\depthlev\Desktop\droneImages\dataset\depth_30\clear_sky\10AM\HighresScreenshot00569_depth_30_clear_sky_10AM.png,C:\Users\depthlev\Desktop\droneImages\dataset\depth_30\clear_sky\10AM\HighresScreenshot00569_depth_30_clear_sky_10AM.txt,30.0|clear_sky|10AM,30.0,clear_sky,10AM,2744,1590,1456 610 1526 633
C:\Users\depthlev\Desktop\droneImages\dataset\depth_30\clear_sky\10AM\HighresScreenshot00570_depth_30_clear_sky_10AM.png,C:\Users\depthlev\Desktop\droneImages\dataset\depth_30\clear_sky\10AM\HighresScreenshot00570_depth_30_clear_sky_10AM.txt,30.0|clear_sky|10AM,30.0,clear_sky,10AM,2744,1590,1876 693 1952 723
C:\Users\depthlev\Desktop\droneImages\dataset\depth_30\clear_sky\10AM\HighresScreenshot00571_depth_30_clear_sky_10AM.png,C:\Users\depthlev\Desktop\droneImages\dataset\depth_30\clear_sky\10AM\HighresScreenshot00571_depth_30_clear_sky_10AM.txt,30.0|clear_sky|10AM,30.0,clear_sky,10AM,2744,1590,852 573 910 601
C:\Users\depthlev\Desktop\droneImages\dataset\depth_30\clear_sky\10AM\HighresScreenshot00572_depth_30_clear_sky_10AM.png,C:\Users\depthlev\Desktop\droneImages\dataset\depth_30\clear_sky\10AM\HighresScreenshot00572_depth_30_clear_sky_10AM.txt,30.0|clear_sky|10AM,30.0,clear_sky,10AM,2744,1590,939 383 1018 433
C:\Users\depthlev\Desktop\droneImages\dataset\depth_30\clear_sky\10AM\HighresScreenshot00573_depth_30_clear_sky_10AM.png,C:\Users\depthlev\Desktop\droneImages\dataset\depth_30\clear_sky\10AM\HighresScreenshot00573_depth_30_clear_sky_10AM.txt,30.0|clear_sky|10AM,30.0,clear_sky,10AM,2744,1590,1845 1239 1920 1261
C:\Users\depthlev\Desktop\droneImages\dataset\depth_30\clear_sky\10AM\HighresScreenshot00574_depth_30_clear_sky_10AM.png,C:\Users\depthlev\Desktop\droneImages\dataset\depth_30\clear_sky\10AM\HighresScreenshot00574_depth_30_clear_sky_10AM.txt,30.0|clear_sky|10AM,30.0,clear_sky,10AM,2744,1590,1579 894 1650 957
C:\Users\depthlev\Desktop\droneImages\dataset\depth_30\clear_sky\10AM\HighresScreenshot00575_depth_30_clear_sky_10AM.png,C:\Users\depthlev\Desktop\droneImages\dataset\depth_30\clear_sky\10AM\HighresScreenshot00575_depth_30_clear_sky_10AM.txt,30.0|clear_sky|10AM,30.0,clear_sky,10AM,2744,1590,1555 582 1615 633
C:\Users\depthlev\Desktop\droneImages\dataset\depth_30\clear_sky\10AM\HighresScreenshot00576_depth_30_clear_sky_10AM.png,C:\Users\depthlev\Desktop\droneImages\dataset\depth_30\clear_sky\10AM\HighresScreenshot00576_depth_30_clear_sky_10AM.txt,30.0|clear_sky|10AM,30.0,clear_sky,10AM,2744,1590,1322 938 1393 956
C:\Users\depthlev\Desktop\droneImages\dataset\depth_30\clear_sky\10AM\HighresScreenshot00577_depth_30_clear_sky_10AM.png,C:\Users\depthlev\Desktop\droneImages\dataset\depth_30\clear_sky\10AM\HighresScreenshot00577_depth_30_clear_sky_10AM.txt,30.0|clear_sky|10AM,30.0,clear_sky,10AM,2744,1590,1136 369 1195 413
C:\Users\depthlev\Desktop\droneImages\dataset\depth_30\clear_sky\10AM\HighresScreenshot00578_depth_30_clear_sky_10AM.png,C:\Users\depthlev\Desktop\droneImages\dataset\depth_30\clear_sky\10AM\HighresScreenshot00578_depth_30_clear_sky_10AM.txt,30.0|clear_sky|10AM,30.0,clear_sky,10AM,2744,1590,1861 1160 1924 1184
C:\Users\depthlev\Desktop\droneImages\dataset\depth_30\clear_sky\10AM\HighresScreenshot00579_depth_30_clear_sky_10AM.png,C:\Users\depthlev\Desktop\droneImages\dataset\depth_30\clear_sky\10AM\HighresScreenshot00579_depth_30_clear_sky_10AM.txt,30.0|clear_sky|10AM,30.0,clear_sky,10AM,2744,1590,991 766 1066 809
C:\Users\depthlev\Desktop\droneImages\dataset\depth_30\clear_sky\10AM\HighresScreenshot00580_depth_30_clear_sky_10AM.png,C:\Users\depthlev\Desktop\droneImages\dataset\depth_30\clear_sky\10AM\HighresScreenshot00580_depth_30_clear_sky_10AM.txt,30.0|clear_sky|10AM,30.0,clear_sky,10AM,2744,1590,1375 628 1445 658
C:\Users\depthlev\Desktop\droneImages\dataset\depth_30\clear_sky\10AM\HighresScreenshot00581_depth_30_clear_sky_10AM.png,C:\Users\depthlev\Desktop\droneImages\dataset\depth_30\clear_sky\10AM\HighresScreenshot00581_depth_30_clear_sky_10AM.txt,30.0|clear_sky|10AM,30.0,clear_sky,10AM,2744,1590,1173 822 1235 887
C:\Users\depthlev\Desktop\droneImages\dataset\depth_30\clear_sky\10AM\HighresScreenshot00582_depth_30_clear_sky_10AM.png,C:\Users\depthlev\Desktop\droneImages\dataset\depth_30\clear_sky\10AM\HighresScreenshot00582_depth_30_clear_sky_10AM.txt,30.0|clear_sky|10AM,30.0,clear_sky,10AM,2744,1590,1818 1309 1898 1357
C:\Users\depthlev\Desktop\droneImages\dataset\depth_30\clear_sky\10AM\HighresScreenshot00583_depth_30_clear_sky_10AM.png,C:\Users\depthlev\Desktop\droneImages\dataset\depth_30\clear_sky\10AM\HighresScreenshot00583_depth_30_clear_sky_10AM.txt,30.0|clear_sky|10AM,30.0,clear_sky,10AM,2744,1590,1538 1141 1606 1205
C:\Users\depthlev\Desktop\droneImages\dataset\depth_30\clear_sky\10AM\HighresScreenshot00584_depth_30_clear_sky_10AM.png,C:\Users\depthlev\Desktop\droneImages\dataset\depth_30\clear_sky\10AM\HighresScreenshot00584_depth_30_clear_sky_10AM.txt,30.0|clear_sky|10AM,30.0,clear_sky,10AM,2744,1590,1106 1131 1180 1198
C:\Users\depthlev\Desktop\droneImages\dataset\depth_30\clear_sky\10AM\HighresScreenshot00585_depth_30_clear_sky_10AM.png,C:\Users\depthlev\Desktop\droneImages\dataset\depth_30\clear_sky\10AM\HighresScreenshot00585_depth_30_clear_sky_10AM.txt,30.0|clear_sky|10AM,30.0,clear_sky,10AM,2744,1590,1395 1044 1448 1074
C:\Users\depthlev\Desktop\droneImages\dataset\depth_30\clear_sky\10AM\HighresScreenshot00586_depth_30_clear_sky_10AM.png,C:\Users\depthlev\Desktop\droneImages\dataset\depth_30\clear_sky\10AM\HighresScreenshot00586_depth_30_clear_sky_10AM.txt,30.0|clear_sky|10AM,30.0,clear_sky,10AM,2744,1590,1179 444 1241 473
C:\Users\depthlev\Desktop\droneImages\dataset\depth_30\clear_sky\10AM\HighresScreenshot00587_depth_30_clear_sky_10AM.png,C:\Users\depthlev\Desktop\droneImages\dataset\depth_30\clear_sky\10AM\HighresScreenshot00587_depth_30_clear_sky_10AM.txt,30.0|clear_sky|10AM,30.0,clear_sky,10AM,2744,1590,1547 385 1619 411
C:\Users\depthlev\Desktop\droneImages\dataset\depth_30\clear_sky\10AM\HighresScreenshot00588_depth_30_clear_sky_10AM.png,C:\Users\depthlev\Desktop\droneImages\dataset\depth_30\clear_sky\10AM\HighresScreenshot00588_depth_30_clear_sky_10AM.txt,30.0|clear_sky|10AM,30.0,clear_sky,10AM,2744,1590,1110 574 1176 612
C:\Users\depthlev\Desktop\droneImages\dataset\depth_30\clear_sky\10AM\HighresScreenshot00589_depth_30_clear_sky_10AM.png,C:\Users\depthlev\Desktop\droneImages\dataset\depth_30\clear_sky\10AM\HighresScreenshot00589_depth_30_clear_sky_10AM.txt,30.0|clear_sky|10AM,30.0,clear_sky,10AM,2744,1590,1389 567 1457 632
C:\Users\depthlev\Desktop\droneImages\dataset\depth_30\clear_sky\10AM\HighresScreenshot00590_depth_30_clear_sky_10AM.png,C:\Users\depthlev\Desktop\droneImages\dataset\depth_30\clear_sky\10AM\HighresScreenshot00590_depth_30_clear_sky_10AM.txt,30.0|clear_sky|10AM,30.0,clear_sky,10AM,2744,1590,897 812 966 832
C:\Users\depthlev\Desktop\droneImages\dataset\depth_30\clear_sky\10AM\HighresScreenshot00591_depth_30_clear_sky_10AM.png,C:\Users\depthlev\Desktop\droneImages\dataset\depth_30\clear_sky\10AM\HighresScreenshot00591_depth_30_clear_sky_10AM.txt,30.0|clear_sky|10AM,30.0,clear_sky,10AM,2744,1590,1425 769 1492 833
C:\Users\depthlev\Desktop\droneImages\dataset\depth_30\clear_sky\10AM\HighresScreenshot00592_depth_30_clear_sky_10AM.png,C:\Users\depthlev\Desktop\droneImages\dataset\depth_30\clear_sky\10AM\HighresScreenshot00592_depth_30_clear_sky_10AM.txt,30.0|clear_sky|10AM,30.0,clear_sky,10AM,2744,1590,1968 828 2044 873
C:\Users\depthlev\Desktop\droneImages\dataset\depth_30\clear_sky\10AM\HighresScreenshot00593_depth_30_clear_sky_10AM.png,C:\Users\depthlev\Desktop\droneImages\dataset\depth_30\clear_sky\10AM\HighresScreenshot00593_depth_30_clear_sky_10AM.txt,30.0|clear_sky|10AM,30.0,clear_sky,10AM,2744,1590,822 1048 899 1078
C:\Users\depthlev\Desktop\droneImages\dataset\depth_30\clear_sky\10AM\HighresScreenshot00594_depth_30_clear_sky_10AM.png,C:\Users\depthlev\Desktop\droneImages\dataset\depth_30\clear_sky\10AM\HighresScreenshot00594_depth_30_clear_sky_10AM.txt,30.0|clear_sky|10AM,30.0,clear_sky,10AM,2744,1590,966 843 1040 887
C:\Users\depthlev\Desktop\droneImages\dataset\depth_30\clear_sky\10AM\HighresScreenshot00595_depth_30_clear_sky_10AM.png,C:\Users\depthlev\Desktop\droneImages\dataset\depth_30\clear_sky\10AM\HighresScreenshot00595_depth_30_clear_sky_10AM.txt,30.0|clear_sky|10AM,30.0,clear_sky,10AM,2744,1590,891 1247 972 1302
C:\Users\depthlev\Desktop\droneImages\dataset\depth_30\clear_sky\10AM\HighresScreenshot00596_depth_30_clear_sky_10AM.png,C:\Users\depthlev\Desktop\droneImages\dataset\depth_30\clear_sky\10AM\HighresScreenshot00596_depth_30_clear_sky_10AM.txt,30.0|clear_sky|10AM,30.0,clear_sky,10AM,2744,1590,1766 1041 1845 1106
C:\Users\depthlev\Desktop\droneImages\dataset\depth_30\clear_sky\10AM\HighresScreenshot00597_depth_30_clear_sky_10AM.png,C:\Users\depthlev\Desktop\droneImages\dataset\depth_30\clear_sky\10AM\HighresScreenshot00597_depth_30_clear_sky_10AM.txt,30.0|clear_sky|10AM,30.0,clear_sky,10AM,2744,1590,1222 786 1272 841
C:\Users\depthlev\Desktop\droneImages\dataset\depth_30\clear_sky\10AM\HighresScreenshot00598_depth_30_clear_sky_10AM.png,C:\Users\depthlev\Desktop\droneImages\dataset\depth_30\clear_sky\10AM\HighresScreenshot00598_depth_30_clear_sky_10AM.txt,30.0|clear_sky|10AM,30.0,clear_sky,10AM,2744,1590,564 746 645 763
C:\Users\depthlev\Desktop\droneImages\dataset\depth_30\clear_sky\10AM\HighresScreenshot00599_depth_30_clear_sky_10AM.png,C:\Users\depthlev\Desktop\droneImages\dataset\depth_30\clear_sky\10AM\HighresScreenshot00599_depth_30_clear_sky_10AM.txt,30.0|clear_sky|10AM,30.0,clear_sky,10AM,2744,1590,1530 589 1589 637
C:\Users\depthlev\Desktop\droneImages\dataset\depth_30\clear_sky\10AM\HighresScreenshot00600_depth_30_clear_sky_10AM.png,C:\Users\depthlev\Desktop\droneImages\dataset\depth_30\clear_sky\10AM\HighresScreenshot00600_depth_30_clear_sky_10AM.txt,30.0|clear_sky|10AM,30.0,clear_sky,10AM,2744,1590,1780 1186 1859 1219
C:\Users\depthlev\Desktop\droneImages\dataset\depth_30\clear_sky\10AM\HighresScreenshot00601_depth_30_clear_sky_10AM.png,C:\Users\depthlev\Desktop\droneImages\dataset\depth_30\clear_sky\10AM\HighresScreenshot00601_depth_30_clear_sky_10AM.txt,30.0|clear_sky|10AM,30.0,clear_sky,10AM,2744,1590,1099 411 1167 474
C:\Users\depthlev\Desktop\droneImages\dataset\depth_30\clear_sky\10AM\HighresScreenshot00602_depth_30_clear_sky_10AM.png,C:\Users\depthlev\Desktop\droneImages\dataset\depth_30\clear_sky\10AM\HighresScreenshot00602_depth_30_clear_sky_10AM.txt,30.0|clear_sky|10AM,30.0,clear_sky,10AM,2744,1590,1099 1182 1171 1225
C:\Users\depthlev\Desktop\droneImages\dataset\depth_30\clear_sky\10AM\HighresScreenshot00603_depth_30_clear_sky_10AM.png,C:\Users\depthlev\Desktop\droneImages\dataset\depth_30\clear_sky\10AM\HighresScreenshot00603_depth_30_clear_sky_10AM.txt,30.0|clear_sky|10AM,30.0,clear_sky,10AM,2744,1590,1179 845 1249 862
C:\Users\depthlev\Desktop\droneImages\dataset\depth_30\clear_sky\10AM\HighresScreenshot00604_depth_30_clear_sky_10AM.png,C:\Users\depthlev\Desktop\droneImages\dataset\depth_30\clear_sky\10AM\HighresScreenshot00604_depth_30_clear_sky_10AM.txt,30.0|clear_sky|10AM,30.0,clear_sky,10AM,2744,1590,648 441 737 486
C:\Users\depthlev\Desktop\droneImages\dataset\depth_30\clear_sky\10AM\HighresScreenshot00605_depth_30_clear_sky_10AM.png,C:\Users\depthlev\Desktop\droneImages\dataset\depth_30\clear_sky\10AM\HighresScreenshot00605_depth_30_clear_sky_10AM.txt,30.0|clear_sky|10AM,30.0,clear_sky,10AM,2744,1590,2003 358 2095 380
C:\Users\depthlev\Desktop\droneImages\dataset\depth_30\clear_sky\10AM\HighresScreenshot00606_depth_30_clear_sky_10AM.png,C:\Users\depthlev\Desktop\droneImages\dataset\depth_30\clear_sky\10AM\HighresScreenshot00606_depth_30_clear_sky_10AM.txt,30.0|clear_sky|10AM,30.0,clear_sky,10AM,2744,1590,1935 1101 2018 1135
C:\Users\depthlev\Desktop\droneImages\dataset\depth_30\clear_sky\10AM\HighresScreenshot00607_depth_30_clear_sky_10AM.png,C:\Users\depthlev\Desktop\droneImages\dataset\depth_30\clear_sky\10AM\HighresScreenshot00607_depth_30_clear_sky_10AM.txt,30.0|clear_sky|10AM,30.0,clear_sky,10AM,2744,1590,1788 544 1851 595
C:\Users\depthlev\Desktop\droneImages\dataset\depth_30\clear_sky\10AM\HighresScreenshot00608_depth_30_clear_sky_10AM.png,C:\Users\depthlev\Desktop\droneImages\dataset\depth_30\clear_sky\10AM\HighresScreenshot00608_depth_30_clear_sky_10AM.txt,30.0|clear_sky|10AM,30.0,clear_sky,10AM,2744,1590,1463 917 1526 984
C:\Users\depthlev\Desktop\droneImages\dataset\depth_30\clear_sky\10AM\HighresScreenshot00609_depth_30_clear_sky_10AM.png,C:\Users\depthlev\Desktop\droneImages\dataset\depth_30\clear_sky\10AM\HighresScreenshot00609_depth_30_clear_sky_10AM.txt,30.0|clear_sky|10AM,30.0,clear_sky,10AM,2744,1590,517 1205 616 1232
C:\Users\depthlev\Desktop\droneImages\dataset\depth_30\clear_sky\10AM\HighresScreenshot00610_depth_30_clear_sky_10AM.png,C:\Users\depthlev\Desktop\droneImages\dataset\depth_30\clear_sky\10AM\HighresScreenshot00610_depth_30_clear_sky_10AM.txt,30.0|clear_sky|10AM,30.0,clear_sky,10AM,2744,1590,1898 838 1967 872
C:\Users\depthlev\Desktop\droneImages\dataset\depth_30\clear_sky\10AM\HighresScreenshot00611_depth_30_clear_sky_10AM.png,C:\Users\depthlev\Desktop\droneImages\dataset\depth_30\clear_sky\10AM\HighresScreenshot00611_depth_30_clear_sky_10AM.txt,30.0|clear_sky|10AM,30.0,clear_sky,10AM,2744,1590,1110 412 1173 472
C:\Users\depthlev\Desktop\droneImages\dataset\depth_30\clear_sky\10AM\HighresScreenshot00612_depth_30_clear_sky_10AM.png,C:\Users\depthlev\Desktop\droneImages\dataset\depth_30\clear_sky\10AM\HighresScreenshot00612_depth_30_clear_sky_10AM.txt,30.0|clear_sky|10AM,30.0,clear_sky,10AM,2744,1590,1526 1116 1598 1139
C:\Users\depthlev\Desktop\droneImages\dataset\depth_30\clear_sky\10AM\HighresScreenshot00613_depth_30_clear_sky_10AM.png,C:\Users\depthlev\Desktop\droneImages\dataset\depth_30\clear_sky\10AM\HighresScreenshot00613_depth_30_clear_sky_10AM.txt,30.0|clear_sky|10AM,30.0,clear_sky,10AM,2744,1590,953 1249 1032 1325
C:\Users\depthlev\Desktop\droneImages\dataset\depth_30\clear_sky\10AM\HighresScreenshot00614_depth_30_clear_sky_10AM.png,C:\Users\depthlev\Desktop\droneImages\dataset\depth_30\clear_sky\10AM\HighresScreenshot00614_depth_30_clear_sky_10AM.txt,30.0|clear_sky|10AM,30.0,clear_sky,10AM,2744,1590,1437 857 1507 924
C:\Users\depthlev\Desktop\droneImages\dataset\depth_30\clear_sky\10AM\HighresScreenshot00615_depth_30_clear_sky_10AM.png,C:\Users\depthlev\Desktop\droneImages\dataset\depth_30\clear_sky\10AM\HighresScreenshot00615_depth_30_clear_sky_10AM.txt,30.0|clear_sky|10AM,30.0,clear_sky,10AM,2744,1590,895 1252 966 1318
C:\Users\depthlev\Desktop\droneImages\dataset\depth_30\clear_sky\10AM\HighresScreenshot00616_depth_30_clear_sky_10AM.png,C:\Users\depthlev\Desktop\droneImages\dataset\depth_30\clear_sky\10AM\HighresScreenshot00616_depth_30_clear_sky_10AM.txt,30.0|clear_sky|10AM,30.0,clear_sky,10AM,2744,1590,1803 579 1859 632
C:\Users\depthlev\Desktop\droneImages\dataset\depth_30\clear_sky\10AM\HighresScreenshot00617_depth_30_clear_sky_10AM.png,C:\Users\depthlev\Desktop\droneImages\dataset\depth_30\clear_sky\10AM\HighresScreenshot00617_depth_30_clear_sky_10AM.txt,30.0|clear_sky|10AM,30.0,clear_sky,10AM,2744,1590,1232 790 1288 841
C:\Users\depthlev\Desktop\droneImages\dataset\depth_30\clear_sky\10AM\HighresScreenshot00618_depth_30_clear_sky_10AM.png,C:\Users\depthlev\Desktop\droneImages\dataset\depth_30\clear_sky\10AM\HighresScreenshot00618_depth_30_clear_sky_10AM.txt,30.0|clear_sky|10AM,30.0,clear_sky,10AM,2744,1590,1417 542 1485 570
C:\Users\depthlev\Desktop\droneImages\dataset\depth_30\clear_sky\10AM\HighresScreenshot00619_depth_30_clear_sky_10AM.png,C:\Users\depthlev\Desktop\droneImages\dataset\depth_30\clear_sky\10AM\HighresScreenshot00619_depth_30_clear_sky_10AM.txt,30.0|clear_sky|10AM,30.0,clear_sky,10AM,2744,1590,1688 677 1760 737
C:\Users\depthlev\Desktop\droneImages\dataset\depth_30\clear_sky\10AM\HighresScreenshot00620_depth_30_clear_sky_10AM.png,C:\Users\depthlev\Desktop\droneImages\dataset\depth_30\clear_sky\10AM\HighresScreenshot00620_depth_30_clear_sky_10AM.txt,30.0|clear_sky|10AM,30.0,clear_sky,10AM,2744,1590,911 461 987 522
C:\Users\depthlev\Desktop\droneImages\dataset\depth_30\clear_sky\10AM\HighresScreenshot00621_depth_30_clear_sky_10AM.png,C:\Users\depthlev\Desktop\droneImages\dataset\depth_30\clear_sky\10AM\HighresScreenshot00621_depth_30_clear_sky_10AM.txt,30.0|clear_sky|10AM,30.0,clear_sky,10AM,2744,1590,1642 1004 1707 1027
C:\Users\depthlev\Desktop\droneImages\dataset\depth_30\clear_sky\10AM\HighresScreenshot00622_depth_30_clear_sky_10AM.png,C:\Users\depthlev\Desktop\droneImages\dataset\depth_30\clear_sky\10AM\HighresScreenshot00622_depth_30_clear_sky_10AM.txt,30.0|clear_sky|10AM,30.0,clear_sky,10AM,2744,1590,1599 1244 1675 1276
C:\Users\depthlev\Desktop\droneImages\dataset\depth_30\clear_sky\10AM\HighresScreenshot00623_depth_30_clear_sky_10AM.png,C:\Users\depthlev\Desktop\droneImages\dataset\depth_30\clear_sky\10AM\HighresScreenshot00623_depth_30_clear_sky_10AM.txt,30.0|clear_sky|10AM,30.0,clear_sky,10AM,2744,1590,1374 1089 1427 1147
C:\Users\depthlev\Desktop\droneImages\dataset\depth_30\clear_sky\10AM\HighresScreenshot00624_depth_30_clear_sky_10AM.png,C:\Users\depthlev\Desktop\droneImages\dataset\depth_30\clear_sky\10AM\HighresScreenshot00624_depth_30_clear_sky_10AM.txt,30.0|clear_sky|10AM,30.0,clear_sky,10AM,2744,1590,1136 751 1192 765
C:\Users\depthlev\Desktop\droneImages\dataset\depth_30\clear_sky\10AM\HighresScreenshot00625_depth_30_clear_sky_10AM.png,C:\Users\depthlev\Desktop\droneImages\dataset\depth_30\clear_sky\10AM\HighresScreenshot00625_depth_30_clear_sky_10AM.txt,30.0|clear_sky|10AM,30.0,clear_sky,10AM,2744,1590,1107 728 1166 767
C:\Users\depthlev\Desktop\droneImages\dataset\depth_30\clear_sky\10AM\HighresScreenshot00626_depth_30_clear_sky_10AM.png,C:\Users\depthlev\Desktop\droneImages\dataset\depth_30\clear_sky\10AM\HighresScreenshot00626_depth_30_clear_sky_10AM.txt,30.0|clear_sky|10AM,30.0,clear_sky,10AM,2744,1590,1059 519 1128 566
C:\Users\depthlev\Desktop\droneImages\dataset\depth_30\clear_sky\10AM\HighresScreenshot00627_depth_30_clear_sky_10AM.png,C:\Users\depthlev\Desktop\droneImages\dataset\depth_30\clear_sky\10AM\HighresScreenshot00627_depth_30_clear_sky_10AM.txt,30.0|clear_sky|10AM,30.0,clear_sky,10AM,2744,1590,1468 905 1526 942
C:\Users\depthlev\Desktop\droneImages\dataset\depth_30\clear_sky\10AM\HighresScreenshot00628_depth_30_clear_sky_10AM.png,C:\Users\depthlev\Desktop\droneImages\dataset\depth_30\clear_sky\10AM\HighresScreenshot00628_depth_30_clear_sky_10AM.txt,30.0|clear_sky|10AM,30.0,clear_sky,10AM,2744,1590,1026 1029 1098 1098
C:\Users\depthlev\Desktop\droneImages\dataset\depth_30\clear_sky\10AM\HighresScreenshot00629_depth_30_clear_sky_10AM.png,C:\Users\depthlev\Desktop\droneImages\dataset\depth_30\clear_sky\10AM\HighresScreenshot00629_depth_30_clear_sky_10AM.txt,30.0|clear_sky|10AM,30.0,clear_sky,10AM,2744,1590,1947 1171 2013 1216
C:\Users\depthlev\Desktop\droneImages\dataset\depth_30\clear_sky\10AM\HighresScreenshot00630_depth_30_clear_sky_10AM.png,C:\Users\depthlev\Desktop\droneImages\dataset\depth_30\clear_sky\10AM\HighresScreenshot00630_depth_30_clear_sky_10AM.txt,30.0|clear_sky|10AM,30.0,clear_sky,10AM,2744,1590,835 1065 894 1124
C:\Users\depthlev\Desktop\droneImages\dataset\depth_30\clear_sky\10AM\HighresScreenshot00631_depth_30_clear_sky_10AM.png,C:\Users\depthlev\Desktop\droneImages\dataset\depth_30\clear_sky\10AM\HighresScreenshot00631_depth_30_clear_sky_10AM.txt,30.0|clear_sky|10AM,30.0,clear_sky,10AM,2744,1590,1361 699 1407 753
C:\Users\depthlev\Desktop\droneImages\dataset\depth_30\clear_sky\10AM\HighresScreenshot00632_depth_30_clear_sky_10AM.png,C:\Users\depthlev\Desktop\droneImages\dataset\depth_30\clear_sky\10AM\HighresScreenshot00632_depth_30_clear_sky_10AM.txt,30.0|clear_sky|10AM,30.0,clear_sky,10AM,2744,1590,1536 976 1593 1000
C:\Users\depthlev\Desktop\droneImages\dataset\depth_30\clear_sky\10AM\HighresScreenshot00633_depth_30_clear_sky_10AM.png,C:\Users\depthlev\Desktop\droneImages\dataset\depth_30\clear_sky\10AM\HighresScreenshot00633_depth_30_clear_sky_10AM.txt,30.0|clear_sky|10AM,30.0,clear_sky,10AM,2744,1590,1189 1164 1259 1215
C:\Users\depthlev\Desktop\droneImages\dataset\depth_30\clear_sky\10AM\HighresScreenshot00634_depth_30_clear_sky_10AM.png,C:\Users\depthlev\Desktop\droneImages\dataset\depth_30\clear_sky\10AM\HighresScreenshot00634_depth_30_clear_sky_10AM.txt,30.0|clear_sky|10AM,30.0,clear_sky,10AM,2744,1590,1650 1305 1724 1330
C:\Users\depthlev\Desktop\droneImages\dataset\depth_30\clear_sky\10AM\HighresScreenshot00635_depth_30_clear_sky_10AM.png,C:\Users\depthlev\Desktop\droneImages\dataset\depth_30\clear_sky\10AM\HighresScreenshot00635_depth_30_clear_sky_10AM.txt,30.0|clear_sky|10AM,30.0,clear_sky,10AM,2744,1590,1076 781 1146 849
C:\Users\depthlev\Desktop\droneImages\dataset\depth_30\clear_sky\10AM\HighresScreenshot00636_depth_30_clear_sky_10AM.png,C:\Users\depthlev\Desktop\droneImages\dataset\depth_30\clear_sky\10AM\HighresScreenshot00636_depth_30_clear_sky_10AM.txt,30.0|clear_sky|10AM,30.0,clear_sky,10AM,2744,1590,1045 573 1109 631
C:\Users\depthlev\Desktop\droneImages\dataset\depth_30\clear_sky\10AM\HighresScreenshot00637_depth_30_clear_sky_10AM.png,C:\Users\depthlev\Desktop\droneImages\dataset\depth_30\clear_sky\10AM\HighresScreenshot00637_depth_30_clear_sky_10AM.txt,30.0|clear_sky|10AM,30.0,clear_sky,10AM,2744,1590,1359 1091 1417 1140
C:\Users\depthlev\Desktop\droneImages\dataset\depth_30\clear_sky\10AM\HighresScreenshot00638_depth_30_clear_sky_10AM.png,C:\Users\depthlev\Desktop\droneImages\dataset\depth_30\clear_sky\10AM\HighresScreenshot00638_depth_30_clear_sky_10AM.txt,30.0|clear_sky|10AM,30.0,clear_sky,10AM,2744,1590,978 852 1045 912
C:\Users\depthlev\Desktop\droneImages\dataset\depth_30\clear_sky\10AM\HighresScreenshot00639_depth_30_clear_sky_10AM.png,C:\Users\depthlev\Desktop\droneImages\dataset\depth_30\clear_sky\10AM\HighresScreenshot00639_depth_30_clear_sky_10AM.txt,30.0|clear_sky|10AM,30.0,clear_sky,10AM,2744,1590,1047 966 1121 994
C:\Users\depthlev\Desktop\droneImages\dataset\depth_30\clear_sky\10AM\HighresScreenshot00640_depth_30_clear_sky_10AM.png,C:\Users\depthlev\Desktop\droneImages\dataset\depth_30\clear_sky\10AM\HighresScreenshot00640_depth_30_clear_sky_10AM.txt,30.0|clear_sky|10AM,30.0,clear_sky,10AM,2744,1590,1842 1019 1906 1081
C:\Users\depthlev\Desktop\droneImages\dataset\depth_30\clear_sky\10AM\HighresScreenshot00641_depth_30_clear_sky_10AM.png,C:\Users\depthlev\Desktop\droneImages\dataset\depth_30\clear_sky\10AM\HighresScreenshot00641_depth_30_clear_sky_10AM.txt,30.0|clear_sky|10AM,30.0,clear_sky,10AM,2744,1590,1362 760 1429 775
C:\Users\depthlev\Desktop\droneImages\dataset\depth_30\clear_sky\10AM\HighresScreenshot00642_depth_30_clear_sky_10AM.png,C:\Users\depthlev\Desktop\droneImages\dataset\depth_30\clear_sky\10AM\HighresScreenshot00642_depth_30_clear_sky_10AM.txt,30.0|clear_sky|10AM,30.0,clear_sky,10AM,2744,1590,1441 1106 1492 1157
C:\Users\depthlev\Desktop\droneImages\dataset\depth_30\clear_sky\10AM\HighresScreenshot00643_depth_30_clear_sky_10AM.png,C:\Users\depthlev\Desktop\droneImages\dataset\depth_30\clear_sky\10AM\HighresScreenshot00643_depth_30_clear_sky_10AM.txt,30.0|clear_sky|10AM,30.0,clear_sky,10AM,2744,1590,937 792 1008 852
C:\Users\depthlev\Desktop\droneImages\dataset\depth_30\clear_sky\10AM\HighresScreenshot00644_depth_30_clear_sky_10AM.png,C:\Users\depthlev\Desktop\droneImages\dataset\depth_30\clear_sky\10AM\HighresScreenshot00644_depth_30_clear_sky_10AM.txt,30.0|clear_sky|10AM,30.0,clear_sky,10AM,2744,1590,788 1175 866 1222
C:\Users\depthlev\Desktop\droneImages\dataset\depth_30\clear_sky\10AM\HighresScreenshot00645_depth_30_clear_sky_10AM.png,C:\Users\depthlev\Desktop\droneImages\dataset\depth_30\clear_sky\10AM\HighresScreenshot00645_depth_30_clear_sky_10AM.txt,30.0|clear_sky|10AM,30.0,clear_sky,10AM,2744,1590,1421 947 1471 985
C:\Users\depthlev\Desktop\droneImages\dataset\depth_30\clear_sky\10AM\HighresScreenshot00646_depth_30_clear_sky_10AM.png,C:\Users\depthlev\Desktop\droneImages\dataset\depth_30\clear_sky\10AM\HighresScreenshot00646_depth_30_clear_sky_10AM.txt,30.0|clear_sky|10AM,30.0,clear_sky,10AM,2744,1590,1930 959 2012 1010
C:\Users\depthlev\Desktop\droneImages\dataset\depth_30\clear_sky\10AM\HighresScreenshot00647_depth_30_clear_sky_10AM.png,C:\Users\depthlev\Desktop\droneImages\dataset\depth_30\clear_sky\10AM\HighresScreenshot00647_depth_30_clear_sky_10AM.txt,30.0|clear_sky|10AM,30.0,clear_sky,10AM,2744,1590,1843 984 1924 1025
C:\Users\depthlev\Desktop\droneImages\dataset\depth_30\clear_sky\10AM\HighresScreenshot00648_depth_30_clear_sky_10AM.png,C:\Users\depthlev\Desktop\droneImages\dataset\depth_30\clear_sky\10AM\HighresScreenshot00648_depth_30_clear_sky_10AM.txt,30.0|clear_sky|10AM,30.0,clear_sky,10AM,2744,1590,1009 1018 1085 1065
C:\Users\depthlev\Desktop\droneImages\dataset\depth_30\clear_sky\10AM\HighresScreenshot00649_depth_30_clear_sky_10AM.png,C:\Users\depthlev\Desktop\droneImages\dataset\depth_30\clear_sky\10AM\HighresScreenshot00649_depth_30_clear_sky_10AM.txt,30.0|clear_sky|10AM,30.0,clear_sky,10AM,2744,1590,1660 1047 1736 1074
C:\Users\depthlev\Desktop\droneImages\dataset\depth_30\clear_sky\10AM\HighresScreenshot00650_depth_30_clear_sky_10AM.png,C:\Users\depthlev\Desktop\droneImages\dataset\depth_30\clear_sky\10AM\HighresScreenshot00650_depth_30_clear_sky_10AM.txt,30.0|clear_sky|10AM,30.0,clear_sky,10AM,2744,1590,873 857 928 902
C:\Users\depthlev\Desktop\droneImages\dataset\depth_30\clear_sky\10AM\HighresScreenshot00651_depth_30_clear_sky_10AM.png,C:\Users\depthlev\Desktop\droneImages\dataset\depth_30\clear_sky\10AM\HighresScreenshot00651_depth_30_clear_sky_10AM.txt,30.0|clear_sky|10AM,30.0,clear_sky,10AM,2744,1590,1331 501 1391 521
C:\Users\depthlev\Desktop\droneImages\dataset\depth_30\clear_sky\10AM\HighresScreenshot00652_depth_30_clear_sky_10AM.png,C:\Users\depthlev\Desktop\droneImages\dataset\depth_30\clear_sky\10AM\HighresScreenshot00652_depth_30_clear_sky_10AM.txt,30.0|clear_sky|10AM,30.0,clear_sky,10AM,2744,1590,786 1283 851 1331
C:\Users\depthlev\Desktop\droneImages\dataset\depth_30\clear_sky\10AM\HighresScreenshot00653_depth_30_clear_sky_10AM.png,C:\Users\depthlev\Desktop\droneImages\dataset\depth_30\clear_sky\10AM\HighresScreenshot00653_depth_30_clear_sky_10AM.txt,30.0|clear_sky|10AM,30.0,clear_sky,10AM,2744,1590,1397 972 1459 1028
C:\Users\depthlev\Desktop\droneImages\dataset\depth_30\clear_sky\10AM\HighresScreenshot00654_depth_30_clear_sky_10AM.png,C:\Users\depthlev\Desktop\droneImages\dataset\depth_30\clear_sky\10AM\HighresScreenshot00654_depth_30_clear_sky_10AM.txt,30.0|clear_sky|10AM,30.0,clear_sky,10AM,2744,1590,1143 1020 1207 1078
C:\Users\depthlev\Desktop\droneImages\dataset\depth_30\clear_sky\10AM\HighresScreenshot00655_depth_30_clear_sky_10AM.png,C:\Users\depthlev\Desktop\droneImages\dataset\depth_30\clear_sky\10AM\HighresScreenshot00655_depth_30_clear_sky_10AM.txt,30.0|clear_sky|10AM,30.0,clear_sky,10AM,2744,1590,1175 532 1241 552
C:\Users\depthlev\Desktop\droneImages\dataset\depth_30\clear_sky\10AM\HighresScreenshot00656_depth_30_clear_sky_10AM.png,C:\Users\depthlev\Desktop\droneImages\dataset\depth_30\clear_sky\10AM\HighresScreenshot00656_depth_30_clear_sky_10AM.txt,30.0|clear_sky|10AM,30.0,clear_sky,10AM,2744,1590,1778 418 1848 452
C:\Users\depthlev\Desktop\droneImages\dataset\depth_30\clear_sky\10AM\HighresScreenshot00657_depth_30_clear_sky_10AM.png,C:\Users\depthlev\Desktop\droneImages\dataset\depth_30\clear_sky\10AM\HighresScreenshot00657_depth_30_clear_sky_10AM.txt,30.0|clear_sky|10AM,30.0,clear_sky,10AM,2744,1590,679 1166 760 1219
C:\Users\depthlev\Desktop\droneImages\dataset\depth_30\clear_sky\10AM\HighresScreenshot00658_depth_30_clear_sky_10AM.png,C:\Users\depthlev\Desktop\droneImages\dataset\depth_30\clear_sky\10AM\HighresScreenshot00658_depth_30_clear_sky_10AM.txt,30.0|clear_sky|10AM,30.0,clear_sky,10AM,2744,1590,840 635 912 699
C:\Users\depthlev\Desktop\droneImages\dataset\depth_30\clear_sky\10AM\HighresScreenshot00659_depth_30_clear_sky_10AM.png,C:\Users\depthlev\Desktop\droneImages\dataset\depth_30\clear_sky\10AM\HighresScreenshot00659_depth_30_clear_sky_10AM.txt,30.0|clear_sky|10AM,30.0,clear_sky,10AM,2744,1590,1842 659 1907 698
C:\Users\depthlev\Desktop\droneImages\dataset\depth_30\clear_sky\10AM\HighresScreenshot00660_depth_30_clear_sky_10AM.png,C:\Users\depthlev\Desktop\droneImages\dataset\depth_30\clear_sky\10AM\HighresScreenshot00660_depth_30_clear_sky_10AM.txt,30.0|clear_sky|10AM,30.0,clear_sky,10AM,2744,1590,1869 673 1937 698
C:\Users\depthlev\Desktop\droneImages\dataset\depth_30\clear_sky\10AM\HighresScreenshot00661_depth_30_clear_sky_10AM.png,C:\Users\depthlev\Desktop\droneImages\dataset\depth_30\clear_sky\10AM\HighresScreenshot00661_depth_30_clear_sky_10AM.txt,30.0|clear_sky|10AM,30.0,clear_sky,10AM,2744,1590,1357 984 1427 1030
C:\Users\depthlev\Desktop\droneImages\dataset\depth_30\clear_sky\10AM\HighresScreenshot00662_depth_30_clear_sky_10AM.png,C:\Users\depthlev\Desktop\droneImages\dataset\depth_30\clear_sky\10AM\HighresScreenshot00662_depth_30_clear_sky_10AM.txt,30.0|clear_sky|10AM,30.0,clear_sky,10AM,2744,1590,1477 1046 1542 1116
C:\Users\depthlev\Desktop\droneImages\dataset\depth_30\clear_sky\10AM\HighresScreenshot00663_depth_30_clear_sky_10AM.png,C:\Users\depthlev\Desktop\droneImages\dataset\depth_30\clear_sky\10AM\HighresScreenshot00663_depth_30_clear_sky_10AM.txt,30.0|clear_sky|10AM,30.0,clear_sky,10AM,2744,1590,1191 465 1262 537
C:\Users\depthlev\Desktop\droneImages\dataset\depth_30\clear_sky\10AM\HighresScreenshot00664_depth_30_clear_sky_10AM.png,C:\Users\depthlev\Desktop\droneImages\dataset\depth_30\clear_sky\10AM\HighresScreenshot00664_depth_30_clear_sky_10AM.txt,30.0|clear_sky|10AM,30.0,clear_sky,10AM,2744,1590,1106 647 1171 706
C:\Users\depthlev\Desktop\droneImages\dataset\depth_30\clear_sky\10AM\HighresScreenshot00665_depth_30_clear_sky_10AM.png,C:\Users\depthlev\Desktop\droneImages\dataset\depth_30\clear_sky\10AM\HighresScreenshot00665_depth_30_clear_sky_10AM.txt,30.0|clear_sky|10AM,30.0,clear_sky,10AM,2744,1590,1293 1150 1362 1218
C:\Users\depthlev\Desktop\droneImages\dataset\depth_30\clear_sky\10AM\HighresScreenshot00666_depth_30_clear_sky_10AM.png,C:\Users\depthlev\Desktop\droneImages\dataset\depth_30\clear_sky\10AM\HighresScreenshot00666_depth_30_clear_sky_10AM.txt,30.0|clear_sky|10AM,30.0,clear_sky,10AM,2744,1590,1609 537 1683 582
C:\Users\depthlev\Desktop\droneImages\dataset\depth_30\clear_sky\10AM\HighresScreenshot00667_depth_30_clear_sky_10AM.png,C:\Users\depthlev\Desktop\droneImages\dataset\depth_30\clear_sky\10AM\HighresScreenshot00667_depth_30_clear_sky_10AM.txt,30.0|clear_sky|10AM,30.0,clear_sky,10AM,2744,1590,1002 627 1077 684
C:\Users\depthlev\Desktop\droneImages\dataset\depth_30\clear_sky\10AM\HighresScreenshot00668_depth_30_clear_sky_10AM.png,C:\Users\depthlev\Desktop\droneImages\dataset\depth_30\clear_sky\10AM\HighresScreenshot00668_depth_30_clear_sky_10AM.txt,30.0|clear_sky|10AM,30.0,clear_sky,10AM,2744,1590,1275 1057 1346 1117
C:\Users\depthlev\Desktop\droneImages\dataset\depth_30\clear_sky\10AM\HighresScreenshot00669_depth_30_clear_sky_10AM.png,C:\Users\depthlev\Desktop\droneImages\dataset\depth_30\clear_sky\10AM\HighresScreenshot00669_depth_30_clear_sky_10AM.txt,30.0|clear_sky|10AM,30.0,clear_sky,10AM,2744,1590,1663 1171 1729 1213
C:\Users\depthlev\Desktop\droneImages\dataset\depth_30\clear_sky\10AM\HighresScreenshot00670_depth_30_clear_sky_10AM.png,C:\Users\depthlev\Desktop\droneImages\dataset\depth_30\clear_sky\10AM\HighresScreenshot00670_depth_30_clear_sky_10AM.txt,30.0|clear_sky|10AM,30.0,clear_sky,10AM,2744,1590,1166 609 1225 643
C:\Users\depthlev\Desktop\droneImages\dataset\depth_30\clear_sky\10AM\HighresScreenshot00671_depth_30_clear_sky_10AM.png,C:\Users\depthlev\Desktop\droneImages\dataset\depth_30\clear_sky\10AM\HighresScreenshot00671_depth_30_clear_sky_10AM.txt,30.0|clear_sky|10AM,30.0,clear_sky,10AM,2744,1590,1780 851 1833 892
C:\Users\depthlev\Desktop\droneImages\dataset\depth_30\clear_sky\10AM\HighresScreenshot00672_depth_30_clear_sky_10AM.png,C:\Users\depthlev\Desktop\droneImages\dataset\depth_30\clear_sky\10AM\HighresScreenshot00672_depth_30_clear_sky_10AM.txt,30.0|clear_sky|10AM,30.0,clear_sky,10AM,2744,1590,1476 1068 1548 1086
C:\Users\depthlev\Desktop\droneImages\dataset\depth_30\clear_sky\10AM\HighresScreenshot00673_depth_30_clear_sky_10AM.png,C:\Users\depthlev\Desktop\droneImages\dataset\depth_30\clear_sky\10AM\HighresScreenshot00673_depth_30_clear_sky_10AM.txt,30.0|clear_sky|10AM,30.0,clear_sky,10AM,2744,1590,1819 1257 1898 1314
C:\Users\depthlev\Desktop\droneImages\dataset\depth_30\clear_sky\10AM\HighresScreenshot00674_depth_30_clear_sky_10AM.png,C:\Users\depthlev\Desktop\droneImages\dataset\depth_30\clear_sky\10AM\HighresScreenshot00674_depth_30_clear_sky_10AM.txt,30.0|clear_sky|10AM,30.0,clear_sky,10AM,2744,1590,671 669 730 711
C:\Users\depthlev\Desktop\droneImages\dataset\depth_30\clear_sky\10AM\HighresScreenshot00675_depth_30_clear_sky_10AM.png,C:\Users\depthlev\Desktop\droneImages\dataset\depth_30\clear_sky\10AM\HighresScreenshot00675_depth_30_clear_sky_10AM.txt,30.0|clear_sky|10AM,30.0,clear_sky,10AM,2744,1590,1148 475 1205 521
C:\Users\depthlev\Desktop\droneImages\dataset\depth_30\clear_sky\10AM\HighresScreenshot00676_depth_30_clear_sky_10AM.png,C:\Users\depthlev\Desktop\droneImages\dataset\depth_30\clear_sky\10AM\HighresScreenshot00676_depth_30_clear_sky_10AM.txt,30.0|clear_sky|10AM,30.0,clear_sky,10AM,2744,1590,1117 553 1187 597
C:\Users\depthlev\Desktop\droneImages\dataset\depth_30\clear_sky\10AM\HighresScreenshot00677_depth_30_clear_sky_10AM.png,C:\Users\depthlev\Desktop\droneImages\dataset\depth_30\clear_sky\10AM\HighresScreenshot00677_depth_30_clear_sky_10AM.txt,30.0|clear_sky|10AM,30.0,clear_sky,10AM,2744,1590,1671 757 1730 804
C:\Users\depthlev\Desktop\droneImages\dataset\depth_30\clear_sky\10AM\HighresScreenshot00678_depth_30_clear_sky_10AM.png,C:\Users\depthlev\Desktop\droneImages\dataset\depth_30\clear_sky\10AM\HighresScreenshot00678_depth_30_clear_sky_10AM.txt,30.0|clear_sky|10AM,30.0,clear_sky,10AM,2744,1590,1548 1279 1617 1336
C:\Users\depthlev\Desktop\droneImages\dataset\depth_30\clear_sky\10AM\HighresScreenshot00679_depth_30_clear_sky_10AM.png,C:\Users\depthlev\Desktop\droneImages\dataset\depth_30\clear_sky\10AM\HighresScreenshot00679_depth_30_clear_sky_10AM.txt,30.0|clear_sky|10AM,30.0,clear_sky,10AM,2744,1590,1434 1287 1509 1339
C:\Users\depthlev\Desktop\droneImages\dataset\depth_30\clear_sky\10AM\HighresScreenshot00680_depth_30_clear_sky_10AM.png,C:\Users\depthlev\Desktop\droneImages\dataset\depth_30\clear_sky\10AM\HighresScreenshot00680_depth_30_clear_sky_10AM.txt,30.0|clear_sky|10AM,30.0,clear_sky,10AM,2744,1590,1088 559 1146 590
C:\Users\depthlev\Desktop\droneImages\dataset\depth_30\clear_sky\10AM\HighresScreenshot00681_depth_30_clear_sky_10AM.png,C:\Users\depthlev\Desktop\droneImages\dataset\depth_30\clear_sky\10AM\HighresScreenshot00681_depth_30_clear_sky_10AM.txt,30.0|clear_sky|10AM,30.0,clear_sky,10AM,2744,1590,1385 760 1444 824
C:\Users\depthlev\Desktop\droneImages\dataset\depth_30\clear_sky\10AM\HighresScreenshot00682_depth_30_clear_sky_10AM.png,C:\Users\depthlev\Desktop\droneImages\dataset\depth_30\clear_sky\10AM\HighresScreenshot00682_depth_30_clear_sky_10AM.txt,30.0|clear_sky|10AM,30.0,clear_sky,10AM,2744,1590,1539 1025 1597 1085
C:\Users\depthlev\Desktop\droneImages\dataset\depth_30\clear_sky\10AM\HighresScreenshot00683_depth_30_clear_sky_10AM.png,C:\Users\depthlev\Desktop\droneImages\dataset\depth_30\clear_sky\10AM\HighresScreenshot00683_depth_30_clear_sky_10AM.txt,30.0|clear_sky|10AM,30.0,clear_sky,10AM,2744,1590,1749 1256 1819 1293
C:\Users\depthlev\Desktop\droneImages\dataset\depth_30\clear_sky\10AM\HighresScreenshot00684_depth_30_clear_sky_10AM.png,C:\Users\depthlev\Desktop\droneImages\dataset\depth_30\clear_sky\10AM\HighresScreenshot00684_depth_30_clear_sky_10AM.txt,30.0|clear_sky|10AM,30.0,clear_sky,10AM,2744,1590,1191 846 1251 886
C:\Users\depthlev\Desktop\droneImages\dataset\depth_30\clear_sky\10AM\HighresScreenshot00685_depth_30_clear_sky_10AM.png,C:\Users\depthlev\Desktop\droneImages\dataset\depth_30\clear_sky\10AM\HighresScreenshot00685_depth_30_clear_sky_10AM.txt,30.0|clear_sky|10AM,30.0,clear_sky,10AM,2744,1590,995 968 1070 998
C:\Users\depthlev\Desktop\droneImages\dataset\depth_30\clear_sky\10AM\HighresScreenshot00686_depth_30_clear_sky_10AM.png,C:\Users\depthlev\Desktop\droneImages\dataset\depth_30\clear_sky\10AM\HighresScreenshot00686_depth_30_clear_sky_10AM.txt,30.0|clear_sky|10AM,30.0,clear_sky,10AM,2744,1590,1303 879 1365 925
C:\Users\depthlev\Desktop\droneImages\dataset\depth_30\clear_sky\10AM\HighresScreenshot00687_depth_30_clear_sky_10AM.png,C:\Users\depthlev\Desktop\droneImages\dataset\depth_30\clear_sky\10AM\HighresScreenshot00687_depth_30_clear_sky_10AM.txt,30.0|clear_sky|10AM,30.0,clear_sky,10AM,2744,1590,1827 749 1903 800
C:\Users\depthlev\Desktop\droneImages\dataset\depth_30\clear_sky\10AM\HighresScreenshot00688_depth_30_clear_sky_10AM.png,C:\Users\depthlev\Desktop\droneImages\dataset\depth_30\clear_sky\10AM\HighresScreenshot00688_depth_30_clear_sky_10AM.txt,30.0|clear_sky|10AM,30.0,clear_sky,10AM,2744,1590,1783 727 1852 770
C:\Users\depthlev\Desktop\droneImages\dataset\depth_30\clear_sky\10AM\HighresScreenshot00689_depth_30_clear_sky_10AM.png,C:\Users\depthlev\Desktop\droneImages\dataset\depth_30\clear_sky\10AM\HighresScreenshot00689_depth_30_clear_sky_10AM.txt,30.0|clear_sky|10AM,30.0,clear_sky,10AM,2744,1590,1599 1264 1668 1310
C:\Users\depthlev\Desktop\droneImages\dataset\depth_30\clear_sky\10AM\HighresScreenshot00690_depth_30_clear_sky_10AM.png,C:\Users\depthlev\Desktop\droneImages\dataset\depth_30\clear_sky\10AM\HighresScreenshot00690_depth_30_clear_sky_10AM.txt,30.0|clear_sky|10AM,30.0,clear_sky,10AM,2744,1590,1587 803 1660 857
C:\Users\depthlev\Desktop\droneImages\dataset\depth_30\clear_sky\10AM\HighresScreenshot00691_depth_30_clear_sky_10AM.png,C:\Users\depthlev\Desktop\droneImages\dataset\depth_30\clear_sky\10AM\HighresScreenshot00691_depth_30_clear_sky_10AM.txt,30.0|clear_sky|10AM,30.0,clear_sky,10AM,2744,1590,1471 414 1530 437
C:\Users\depthlev\Desktop\droneImages\dataset\depth_30\clear_sky\10AM\HighresScreenshot00692_depth_30_clear_sky_10AM.png,C:\Users\depthlev\Desktop\droneImages\dataset\depth_30\clear_sky\10AM\HighresScreenshot00692_depth_30_clear_sky_10AM.txt,30.0|clear_sky|10AM,30.0,clear_sky,10AM,2744,1590,1834 574 1914 627
C:\Users\depthlev\Desktop\droneImages\dataset\depth_30\clear_sky\10AM\HighresScreenshot00693_depth_30_clear_sky_10AM.png,C:\Users\depthlev\Desktop\droneImages\dataset\depth_30\clear_sky\10AM\HighresScreenshot00693_depth_30_clear_sky_10AM.txt,30.0|clear_sky|10AM,30.0,clear_sky,10AM,2744,1590,620 888 708 917
C:\Users\depthlev\Desktop\droneImages\dataset\depth_30\light_rain\10AM\HighresScreenshot00201_depth_30_light_rain_10AM.png,C:\Users\depthlev\Desktop\droneImages\dataset\depth_30\light_rain\10AM\HighresScreenshot00201_depth_30_light_rain_10AM.txt,30.0|light_rain|10AM,30.0,light_rain,10AM,2744,1590,1510 732 1580 789
C:\Users\depthlev\Desktop\droneImages\dataset\depth_30\light_rain\10AM\HighresScreenshot00202_depth_30_light_rain_10AM.png,C:\Users\depthlev\Desktop\droneImages\dataset\depth_30\light_rain\10AM\HighresScreenshot00202_depth_30_light_rain_10AM.txt,30.0|light_rain|10AM,30.0,light_rain,10AM,2744,1590,1537 923 1616 950
C:\Users\depthlev\Desktop\droneImages\dataset\depth_30\light_rain\10AM\HighresScreenshot00203_depth_30_light_rain_10AM.png,C:\Users\depthlev\Desktop\droneImages\dataset\depth_30\light_rain\10AM\HighresScreenshot00203_depth_30_light_rain_10AM.txt,30.0|light_rain|10AM,30.0,light_rain,10AM,2744,1590,1682 725 1761 792
C:\Users\depthlev\Desktop\droneImages\dataset\depth_30\light_rain\10AM\HighresScreenshot00204_depth_30_light_rain_10AM.png,C:\Users\depthlev\Desktop\droneImages\dataset\depth_30\light_rain\10AM\HighresScreenshot00204_depth_30_light_rain_10AM.txt,30.0|light_rain|10AM,30.0,light_rain,10AM,2744,1590,1246 1169 1325 1226
C:\Users\depthlev\Desktop\droneImages\dataset\depth_30\light_rain\10AM\HighresScreenshot00205_depth_30_light_rain_10AM.png,C:\Users\depthlev\Desktop\droneImages\dataset\depth_30\light_rain\10AM\HighresScreenshot00205_depth_30_light_rain_10AM.txt,30.0|light_rain|10AM,30.0,light_rain,10AM,2744,1590,1594 1204 1659 1260
C:\Users\depthlev\Desktop\droneImages\dataset\depth_30\light_rain\10AM\HighresScreenshot00206_depth_30_light_rain_10AM.png,C:\Users\depthlev\Desktop\droneImages\dataset\depth_30\light_rain\10AM\HighresScreenshot00206_depth_30_light_rain_10AM.txt,30.0|light_rain|10AM,30.0,light_rain,10AM,2744,1590,1520 340 1603 382
C:\Users\depthlev\Desktop\droneImages\dataset\depth_30\light_rain\10AM\HighresScreenshot00207_depth_30_light_rain_10AM.png,C:\Users\depthlev\Desktop\droneImages\dataset\depth_30\light_rain\10AM\HighresScreenshot00207_depth_30_light_rain_10AM.txt,30.0|light_rain|10AM,30.0,light_rain,10AM,2744,1590,1277 641 1352 668
C:\Users\depthlev\Desktop\droneImages\dataset\depth_30\light_rain\10AM\HighresScreenshot00208_depth_30_light_rain_10AM.png,C:\Users\depthlev\Desktop\droneImages\dataset\depth_30\light_rain\10AM\HighresScreenshot00208_depth_30_light_rain_10AM.txt,30.0|light_rain|10AM,30.0,light_rain,10AM,2744,1590,840 784 927 817
C:\Users\depthlev\Desktop\droneImages\dataset\depth_30\light_rain\10AM\HighresScreenshot00209_depth_30_light_rain_10AM.png,C:\Users\depthlev\Desktop\droneImages\dataset\depth_30\light_rain\10AM\HighresScreenshot00209_depth_30_light_rain_10AM.txt,30.0|light_rain|10AM,30.0,light_rain,10AM,2744,1590,687 928 755 961
C:\Users\depthlev\Desktop\droneImages\dataset\depth_30\light_rain\10AM\HighresScreenshot00210_depth_30_light_rain_10AM.png,C:\Users\depthlev\Desktop\droneImages\dataset\depth_30\light_rain\10AM\HighresScreenshot00210_depth_30_light_rain_10AM.txt,30.0|light_rain|10AM,30.0,light_rain,10AM,2744,1590,929 1129 1014 1160
C:\Users\depthlev\Desktop\droneImages\dataset\depth_30\light_rain\10AM\HighresScreenshot00211_depth_30_light_rain_10AM.png,C:\Users\depthlev\Desktop\droneImages\dataset\depth_30\light_rain\10AM\HighresScreenshot00211_depth_30_light_rain_10AM.txt,30.0|light_rain|10AM,30.0,light_rain,10AM,2744,1590,1599 463 1675 528
C:\Users\depthlev\Desktop\droneImages\dataset\depth_30\light_rain\10AM\HighresScreenshot00212_depth_30_light_rain_10AM.png,C:\Users\depthlev\Desktop\droneImages\dataset\depth_30\light_rain\10AM\HighresScreenshot00212_depth_30_light_rain_10AM.txt,30.0|light_rain|10AM,30.0,light_rain,10AM,2744,1590,1595 900 1657 929
C:\Users\depthlev\Desktop\droneImages\dataset\depth_30\light_rain\10AM\HighresScreenshot00213_depth_30_light_rain_10AM.png,C:\Users\depthlev\Desktop\droneImages\dataset\depth_30\light_rain\10AM\HighresScreenshot00213_depth_30_light_rain_10AM.txt,30.0|light_rain|10AM,30.0,light_rain,10AM,2744,1590,1623 976 1689 1023
C:\Users\depthlev\Desktop\droneImages\dataset\depth_30\light_rain\10AM\HighresScreenshot00214_depth_30_light_rain_10AM.png,C:\Users\depthlev\Desktop\droneImages\dataset\depth_30\light_rain\10AM\HighresScreenshot00214_depth_30_light_rain_10AM.txt,30.0|light_rain|10AM,30.0,light_rain,10AM,2744,1590,1278 866 1346 914
C:\Users\depthlev\Desktop\droneImages\dataset\depth_30\light_rain\10AM\HighresScreenshot00215_depth_30_light_rain_10AM.png,C:\Users\depthlev\Desktop\droneImages\dataset\depth_30\light_rain\10AM\HighresScreenshot00215_depth_30_light_rain_10AM.txt,30.0|light_rain|10AM,30.0,light_rain,10AM,2744,1590,1103 935 1181 954
C:\Users\depthlev\Desktop\droneImages\dataset\depth_30\light_rain\10AM\HighresScreenshot00216_depth_30_light_rain_10AM.png,C:\Users\depthlev\Desktop\droneImages\dataset\depth_30\light_rain\10AM\HighresScreenshot00216_depth_30_light_rain_10AM.txt,30.0|light_rain|10AM,30.0,light_rain,10AM,2744,1590,1412 716 1487 765
C:\Users\depthlev\Desktop\droneImages\dataset\depth_30\light_rain\10AM\HighresScreenshot00217_depth_30_light_rain_10AM.png,C:\Users\depthlev\Desktop\droneImages\dataset\depth_30\light_rain\10AM\HighresScreenshot00217_depth_30_light_rain_10AM.txt,30.0|light_rain|10AM,30.0,light_rain,10AM,2744,1590,1618 518 1685 539
C:\Users\depthlev\Desktop\droneImages\dataset\depth_30\light_rain\10AM\HighresScreenshot00218_depth_30_light_rain_10AM.png,C:\Users\depthlev\Desktop\droneImages\dataset\depth_30\light_rain\10AM\HighresScreenshot00218_depth_30_light_rain_10AM.txt,30.0|light_rain|10AM,30.0,light_rain,10AM,2744,1590,1310 711 1381 774
C:\Users\depthlev\Desktop\droneImages\dataset\depth_30\light_rain\10AM\HighresScreenshot00219_depth_30_light_rain_10AM.png,C:\Users\depthlev\Desktop\droneImages\dataset\depth_30\light_rain\10AM\HighresScreenshot00219_depth_30_light_rain_10AM.txt,30.0|light_rain|10AM,30.0,light_rain,10AM,2744,1590,1483 668 1560 737
C:\Users\depthlev\Desktop\droneImages\dataset\depth_30\light_rain\10AM\HighresScreenshot00220_depth_30_light_rain_10AM.png,C:\Users\depthlev\Desktop\droneImages\dataset\depth_30\light_rain\10AM\HighresScreenshot00220_depth_30_light_rain_10AM.txt,30.0|light_rain|10AM,30.0,light_rain,10AM,2744,1590,1993 956 2076 1009
C:\Users\depthlev\Desktop\droneImages\dataset\depth_30\light_rain\10AM\HighresScreenshot00221_depth_30_light_rain_10AM.png,C:\Users\depthlev\Desktop\droneImages\dataset\depth_30\light_rain\10AM\HighresScreenshot00221_depth_30_light_rain_10AM.txt,30.0|light_rain|10AM,30.0,light_rain,10AM,2744,1590,1109 661 1182 731
C:\Users\depthlev\Desktop\droneImages\dataset\depth_30\light_rain\10AM\HighresScreenshot00222_depth_30_light_rain_10AM.png,C:\Users\depthlev\Desktop\droneImages\dataset\depth_30\light_rain\10AM\HighresScreenshot00222_depth_30_light_rain_10AM.txt,30.0|light_rain|10AM,30.0,light_rain,10AM,2744,1590,1485 471 1565 494
C:\Users\depthlev\Desktop\droneImages\dataset\depth_30\light_rain\10AM\HighresScreenshot00223_depth_30_light_rain_10AM.png,C:\Users\depthlev\Desktop\droneImages\dataset\depth_30\light_rain\10AM\HighresScreenshot00223_depth_30_light_rain_10AM.txt,30.0|light_rain|10AM,30.0,light_rain,10AM,2744,1590,1389 862 1463 880
C:\Users\depthlev\Desktop\droneImages\dataset\depth_30\light_rain\10AM\HighresScreenshot00224_depth_30_light_rain_10AM.png,C:\Users\depthlev\Desktop\droneImages\dataset\depth_30\light_rain\10AM\HighresScreenshot00224_depth_30_light_rain_10AM.txt,30.0|light_rain|10AM,30.0,light_rain,10AM,2744,1590,1460 826 1528 841
C:\Users\depthlev\Desktop\droneImages\dataset\depth_30\light_rain\10AM\HighresScreenshot00225_depth_30_light_rain_10AM.png,C:\Users\depthlev\Desktop\droneImages\dataset\depth_30\light_rain\10AM\HighresScreenshot00225_depth_30_light_rain_10AM.txt,30.0|light_rain|10AM,30.0,light_rain,10AM,2744,1590,987 1195 1061 1257
C:\Users\depthlev\Desktop\droneImages\dataset\depth_30\light_rain\10AM\HighresScreenshot00226_depth_30_light_rain_10AM.png,C:\Users\depthlev\Desktop\droneImages\dataset\depth_30\light_rain\10AM\HighresScreenshot00226_depth_30_light_rain_10AM.txt,30.0|light_rain|10AM,30.0,light_rain,10AM,2744,1590,1498 457 1556 487
C:\Users\depthlev\Desktop\droneImages\dataset\depth_30\light_rain\10AM\HighresScreenshot00227_depth_30_light_rain_10AM.png,C:\Users\depthlev\Desktop\droneImages\dataset\depth_30\light_rain\10AM\HighresScreenshot00227_depth_30_light_rain_10AM.txt,30.0|light_rain|10AM,30.0,light_rain,10AM,2744,1590,747 413 834 458
C:\Users\depthlev\Desktop\droneImages\dataset\depth_30\light_rain\10AM\HighresScreenshot00228_depth_30_light_rain_10AM.png,C:\Users\depthlev\Desktop\droneImages\dataset\depth_30\light_rain\10AM\HighresScreenshot00228_depth_30_light_rain_10AM.txt,30.0|light_rain|10AM,30.0,light_rain,10AM,2744,1590,1242 731 1319 775
C:\Users\depthlev\Desktop\droneImages\dataset\depth_30\light_rain\10AM\HighresScreenshot00229_depth_30_light_rain_10AM.png,C:\Users\depthlev\Desktop\droneImages\dataset\depth_30\light_rain\10AM\HighresScreenshot00229_depth_30_light_rain_10AM.txt,30.0|light_rain|10AM,30.0,light_rain,10AM,2744,1590,1728 676 1805 736
C:\Users\depthlev\Desktop\droneImages\dataset\depth_30\light_rain\10AM\HighresScreenshot00230_depth_30_light_rain_10AM.png,C:\Users\depthlev\Desktop\droneImages\dataset\depth_30\light_rain\10AM\HighresScreenshot00230_depth_30_light_rain_10AM.txt,30.0|light_rain|10AM,30.0,light_rain,10AM,2744,1590,1603 563 1661 615
C:\Users\depthlev\Desktop\droneImages\dataset\depth_30\light_rain\10AM\HighresScreenshot00231_depth_30_light_rain_10AM.png,C:\Users\depthlev\Desktop\droneImages\dataset\depth_30\light_rain\10AM\HighresScreenshot00231_depth_30_light_rain_10AM.txt,30.0|light_rain|10AM,30.0,light_rain,10AM,2744,1590,632 1270 731 1310
C:\Users\depthlev\Desktop\droneImages\dataset\depth_30\light_rain\10AM\HighresScreenshot00232_depth_30_light_rain_10AM.png,C:\Users\depthlev\Desktop\droneImages\dataset\depth_30\light_rain\10AM\HighresScreenshot00232_depth_30_light_rain_10AM.txt,30.0|light_rain|10AM,30.0,light_rain,10AM,2744,1590,1173 441 1253 498
C:\Users\depthlev\Desktop\droneImages\dataset\depth_30\light_rain\10AM\HighresScreenshot00233_depth_30_light_rain_10AM.png,C:\Users\depthlev\Desktop\droneImages\dataset\depth_30\light_rain\10AM\HighresScreenshot00233_depth_30_light_rain_10AM.txt,30.0|light_rain|10AM,30.0,light_rain,10AM,2744,1590,1734 675 1818 695
C:\Users\depthlev\Desktop\droneImages\dataset\depth_30\light_rain\10AM\HighresScreenshot00234_depth_30_light_rain_10AM.png,C:\Users\depthlev\Desktop\droneImages\dataset\depth_30\light_rain\10AM\HighresScreenshot00234_depth_30_light_rain_10AM.txt,30.0|light_rain|10AM,30.0,light_rain,10AM,2744,1590,1113 459 1180 508
C:\Users\depthlev\Desktop\droneImages\dataset\depth_30\light_rain\10AM\HighresScreenshot00235_depth_30_light_rain_10AM.png,C:\Users\depthlev\Desktop\droneImages\dataset\depth_30\light_rain\10AM\HighresScreenshot00235_depth_30_light_rain_10AM.txt,30.0|light_rain|10AM,30.0,light_rain,10AM,2744,1590,1928 1126 2006 1169
C:\Users\depthlev\Desktop\droneImages\dataset\depth_30\light_rain\10AM\HighresScreenshot00236_depth_30_light_rain_10AM.png,C:\Users\depthlev\Desktop\droneImages\dataset\depth_30\light_rain\10AM\HighresScreenshot00236_depth_30_light_rain_10AM.txt,30.0|light_rain|10AM,30.0,light_rain,10AM,2744,1590,1106 670 1183 740
C:\Users\depthlev\Desktop\droneImages\dataset\depth_30\light_rain\10AM\HighresScreenshot00237_depth_30_light_rain_10AM.png,C:\Users\depthlev\Desktop\droneImages\dataset\depth_30\light_rain\10AM\HighresScreenshot00237_depth_30_light_rain_10AM.txt,30.0|light_rain|10AM,30.0,light_rain,10AM,2744,1590,1019 941 1098 971
C:\Users\depthlev\Desktop\droneImages\dataset\depth_30\light_rain\10AM\HighresScreenshot00238_depth_30_light_rain_10AM.png,C:\Users\depthlev\Desktop\droneImages\dataset\depth_30\light_rain\10AM\HighresScreenshot00238_depth_30_light_rain_10AM.txt,30.0|light_rain|10AM,30.0,light_rain,10AM,2744,1590,1122 1147 1201 1227
C:\Users\depthlev\Desktop\droneImages\dataset\depth_30\light_rain\10AM\HighresScreenshot00239_depth_30_light_rain_10AM.png,C:\Users\depthlev\Desktop\droneImages\dataset\depth_30\light_rain\10AM\HighresScreenshot00239_depth_30_light_rain_10AM.txt,30.0|light_rain|10AM,30.0,light_rain,10AM,2744,1590,1685 780 1767 850
C:\Users\depthlev\Desktop\droneImages\dataset\depth_30\light_rain\10AM\HighresScreenshot00240_depth_30_light_rain_10AM.png,C:\Users\depthlev\Desktop\droneImages\dataset\depth_30\light_rain\10AM\HighresScreenshot00240_depth_30_light_rain_10AM.txt,30.0|light_rain|10AM,30.0,light_rain,10AM,2744,1590,613 521 705 554
C:\Users\depthlev\Desktop\droneImages\dataset\depth_30\light_rain\10AM\HighresScreenshot00241_depth_30_light_rain_10AM.png,C:\Users\depthlev\Desktop\droneImages\dataset\depth_30\light_rain\10AM\HighresScreenshot00241_depth_30_light_rain_10AM.txt,30.0|light_rain|10AM,30.0,light_rain,10AM,2744,1590,1950 656 2031 698
C:\Users\depthlev\Desktop\droneImages\dataset\depth_30\light_rain\10AM\HighresScreenshot00242_depth_30_light_rain_10AM.png,C:\Users\depthlev\Desktop\droneImages\dataset\depth_30\light_rain\10AM\HighresScreenshot00242_depth_30_light_rain_10AM.txt,30.0|light_rain|10AM,30.0,light_rain,10AM,2744,1590,1554 891 1625 945
C:\Users\depthlev\Desktop\droneImages\dataset\depth_30\light_rain\10AM\HighresScreenshot00243_depth_30_light_rain_10AM.png,C:\Users\depthlev\Desktop\droneImages\dataset\depth_30\light_rain\10AM\HighresScreenshot00243_depth_30_light_rain_10AM.txt,30.0|light_rain|10AM,30.0,light_rain,10AM,2744,1590,1295 641 1366 689
C:\Users\depthlev\Desktop\droneImages\dataset\depth_30\light_rain\10AM\HighresScreenshot00244_depth_30_light_rain_10AM.png,C:\Users\depthlev\Desktop\droneImages\dataset\depth_30\light_rain\10AM\HighresScreenshot00244_depth_30_light_rain_10AM.txt,30.0|light_rain|10AM,30.0,light_rain,10AM,2744,1590,1474 1205 1533 1267
C:\Users\depthlev\Desktop\droneImages\dataset\depth_30\light_rain\10AM\HighresScreenshot00245_depth_30_light_rain_10AM.png,C:\Users\depthlev\Desktop\droneImages\dataset\depth_30\light_rain\10AM\HighresScreenshot00245_depth_30_light_rain_10AM.txt,30.0|light_rain|10AM,30.0,light_rain,10AM,2744,1590,1158 422 1220 482
C:\Users\depthlev\Desktop\droneImages\dataset\depth_30\light_rain\10AM\HighresScreenshot00246_depth_30_light_rain_10AM.png,C:\Users\depthlev\Desktop\droneImages\dataset\depth_30\light_rain\10AM\HighresScreenshot00246_depth_30_light_rain_10AM.txt,30.0|light_rain|10AM,30.0,light_rain,10AM,2744,1590,1010 1299 1090 1382
C:\Users\depthlev\Desktop\droneImages\dataset\depth_30\light_rain\10AM\HighresScreenshot00247_depth_30_light_rain_10AM.png,C:\Users\depthlev\Desktop\droneImages\dataset\depth_30\light_rain\10AM\HighresScreenshot00247_depth_30_light_rain_10AM.txt,30.0|light_rain|10AM,30.0,light_rain,10AM,2744,1590,842 390 930 455
C:\Users\depthlev\Desktop\droneImages\dataset\depth_30\light_rain\10AM\HighresScreenshot00248_depth_30_light_rain_10AM.png,C:\Users\depthlev\Desktop\droneImages\dataset\depth_30\light_rain\10AM\HighresScreenshot00248_depth_30_light_rain_10AM.txt,30.0|light_rain|10AM,30.0,light_rain,10AM,2744,1590,1033 714 1106 781
C:\Users\depthlev\Desktop\droneImages\dataset\depth_30\light_rain\10AM\HighresScreenshot00249_depth_30_light_rain_10AM.png,C:\Users\depthlev\Desktop\droneImages\dataset\depth_30\light_rain\10AM\HighresScreenshot00249_depth_30_light_rain_10AM.txt,30.0|light_rain|10AM,30.0,light_rain,10AM,2744,1590,1976 543 2050 563
C:\Users\depthlev\Desktop\droneImages\dataset\depth_30\light_rain\10AM\HighresScreenshot00250_depth_30_light_rain_10AM.png,C:\Users\depthlev\Desktop\droneImages\dataset\depth_30\light_rain\10AM\HighresScreenshot00250_depth_30_light_rain_10AM.txt,30.0|light_rain|10AM,30.0,light_rain,10AM,2744,1590,1808 601 1895 659
C:\Users\depthlev\Desktop\droneImages\dataset\depth_30\light_rain\10AM\HighresScreenshot00251_depth_30_light_rain_10AM.png,C:\Users\depthlev\Desktop\droneImages\dataset\depth_30\light_rain\10AM\HighresScreenshot00251_depth_30_light_rain_10AM.txt,30.0|light_rain|10AM,30.0,light_rain,10AM,2744,1590,1060 813 1119 863
C:\Users\depthlev\Desktop\droneImages\dataset\depth_30\light_rain\10AM\HighresScreenshot00252_depth_30_light_rain_10AM.png,C:\Users\depthlev\Desktop\droneImages\dataset\depth_30\light_rain\10AM\HighresScreenshot00252_depth_30_light_rain_10AM.txt,30.0|light_rain|10AM,30.0,light_rain,10AM,2744,1590,1156 1064 1235 1143
C:\Users\depthlev\Desktop\droneImages\dataset\depth_30\light_rain\10AM\HighresScreenshot00253_depth_30_light_rain_10AM.png,C:\Users\depthlev\Desktop\droneImages\dataset\depth_30\light_rain\10AM\HighresScreenshot00253_depth_30_light_rain_10AM.txt,30.0|light_rain|10AM,30.0,light_rain,10AM,2744,1590,1423 331 1503 367
C:\Users\depthlev\Desktop\droneImages\dataset\depth_30\light_rain\10AM\HighresScreenshot00254_depth_30_light_rain_10AM.png,C:\Users\depthlev\Desktop\droneImages\dataset\depth_30\light_rain\10AM\HighresScreenshot00254_depth_30_light_rain_10AM.txt,30.0|light_rain|10AM,30.0,light_rain,10AM,2744,1590,1536 510 1595 525
C:\Users\depthlev\Desktop\droneImages\dataset\depth_30\light_rain\10AM\HighresScreenshot00255_depth_30_light_rain_10AM.png,C:\Users\depthlev\Desktop\droneImages\dataset\depth_30\light_rain\10AM\HighresScreenshot00255_depth_30_light_rain_10AM.txt,30.0|light_rain|10AM,30.0,light_rain,10AM,2744,1590,1800 1256 1875 1287
C:\Users\depthlev\Desktop\droneImages\dataset\depth_30\light_rain\10AM\HighresScreenshot00256_depth_30_light_rain_10AM.png,C:\Users\depthlev\Desktop\droneImages\dataset\depth_30\light_rain\10AM\HighresScreenshot00256_depth_30_light_rain_10AM.txt,30.0|light_rain|10AM,30.0,light_rain,10AM,2744,1590,1616 657 1698 682
C:\Users\depthlev\Desktop\droneImages\dataset\depth_30\light_rain\10AM\HighresScreenshot00257_depth_30_light_rain_10AM.png,C:\Users\depthlev\Desktop\droneImages\dataset\depth_30\light_rain\10AM\HighresScreenshot00257_depth_30_light_rain_10AM.txt,30.0|light_rain|10AM,30.0,light_rain,10AM,2744,1590,1600 1002 1671 1027
C:\Users\depthlev\Desktop\droneImages\dataset\depth_30\light_rain\10AM\HighresScreenshot00258_depth_30_light_rain_10AM.png,C:\Users\depthlev\Desktop\droneImages\dataset\depth_30\light_rain\10AM\HighresScreenshot00258_depth_30_light_rain_10AM.txt,30.0|light_rain|10AM,30.0,light_rain,10AM,2744,1590,1503 460 1560 518
C:\Users\depthlev\Desktop\droneImages\dataset\depth_30\light_rain\10AM\HighresScreenshot00259_depth_30_light_rain_10AM.png,C:\Users\depthlev\Desktop\droneImages\dataset\depth_30\light_rain\10AM\HighresScreenshot00259_depth_30_light_rain_10AM.txt,30.0|light_rain|10AM,30.0,light_rain,10AM,2744,1590,1314 921 1388 995
C:\Users\depthlev\Desktop\droneImages\dataset\depth_30\light_rain\10AM\HighresScreenshot00260_depth_30_light_rain_10AM.png,C:\Users\depthlev\Desktop\droneImages\dataset\depth_30\light_rain\10AM\HighresScreenshot00260_depth_30_light_rain_10AM.txt,30.0|light_rain|10AM,30.0,light_rain,10AM,2744,1590,1183 795 1239 821
C:\Users\depthlev\Desktop\droneImages\dataset\depth_30\light_rain\10AM\HighresScreenshot00261_depth_30_light_rain_10AM.png,C:\Users\depthlev\Desktop\droneImages\dataset\depth_30\light_rain\10AM\HighresScreenshot00261_depth_30_light_rain_10AM.txt,30.0|light_rain|10AM,30.0,light_rain,10AM,2744,1590,1439 1072 1516 1134
C:\Users\depthlev\Desktop\droneImages\dataset\depth_30\light_rain\10AM\HighresScreenshot00262_depth_30_light_rain_10AM.png,C:\Users\depthlev\Desktop\droneImages\dataset\depth_30\light_rain\10AM\HighresScreenshot00262_depth_30_light_rain_10AM.txt,30.0|light_rain|10AM,30.0,light_rain,10AM,2744,1590,1253 747 1328 768
C:\Users\depthlev\Desktop\droneImages\dataset\depth_30\light_rain\10AM\HighresScreenshot00263_depth_30_light_rain_10AM.png,C:\Users\depthlev\Desktop\droneImages\dataset\depth_30\light_rain\10AM\HighresScreenshot00263_depth_30_light_rain_10AM.txt,30.0|light_rain|10AM,30.0,light_rain,10AM,2744,1590,919 959 1002 1009
C:\Users\depthlev\Desktop\droneImages\dataset\depth_30\light_rain\10AM\HighresScreenshot00264_depth_30_light_rain_10AM.png,C:\Users\depthlev\Desktop\droneImages\dataset\depth_30\light_rain\10AM\HighresScreenshot00264_depth_30_light_rain_10AM.txt,30.0|light_rain|10AM,30.0,light_rain,10AM,2744,1590,1489 1037 1568 1112
C:\Users\depthlev\Desktop\droneImages\dataset\depth_30\light_rain\10AM\HighresScreenshot00265_depth_30_light_rain_10AM.png,C:\Users\depthlev\Desktop\droneImages\dataset\depth_30\light_rain\10AM\HighresScreenshot00265_depth_30_light_rain_10AM.txt,30.0|light_rain|10AM,30.0,light_rain,10AM,2744,1590,830 866 906 898
C:\Users\depthlev\Desktop\droneImages\dataset\depth_30\light_rain\10AM\HighresScreenshot00266_depth_30_light_rain_10AM.png,C:\Users\depthlev\Desktop\droneImages\dataset\depth_30\light_rain\10AM\HighresScreenshot00266_depth_30_light_rain_10AM.txt,30.0|light_rain|10AM,30.0,light_rain,10AM,2744,1590,1611 332 1694 408
C:\Users\depthlev\Desktop\droneImages\dataset\depth_30\light_rain\10AM\HighresScreenshot00267_depth_30_light_rain_10AM.png,C:\Users\depthlev\Desktop\droneImages\dataset\depth_30\light_rain\10AM\HighresScreenshot00267_depth_30_light_rain_10AM.txt,30.0|light_rain|10AM,30.0,light_rain,10AM,2744,1590,1454 1019 1528 1095
C:\Users\depthlev\Desktop\droneImages\dataset\depth_30\light_rain\10AM\HighresScreenshot00268_depth_30_light_rain_10AM.png,C:\Users\depthlev\Desktop\droneImages\dataset\depth_30\light_rain\10AM\HighresScreenshot00268_depth_30_light_rain_10AM.txt,30.0|light_rain|10AM,30.0,light_rain,10AM,2744,1590,1477 515 1535 554
C:\Users\depthlev\Desktop\droneImages\dataset\depth_30\light_rain\10AM\HighresScreenshot00269_depth_30_light_rain_10AM.png,C:\Users\depthlev\Desktop\droneImages\dataset\depth_30\light_rain\10AM\HighresScreenshot00269_depth_30_light_rain_10AM.txt,30.0|light_rain|10AM,30.0,light_rain,10AM,2744,1590,773 724 859 752
C:\Users\depthlev\Desktop\droneImages\dataset\depth_30\light_rain\10AM\HighresScreenshot00270_depth_30_light_rain_10AM.png,C:\Users\depthlev\Desktop\droneImages\dataset\depth_30\light_rain\10AM\HighresScreenshot00270_depth_30_light_rain_10AM.txt,30.0|light_rain|10AM,30.0,light_rain,10AM,2744,1590,964 751 1047 820
C:\Users\depthlev\Desktop\droneImages\dataset\depth_30\light_rain\10AM\HighresScreenshot00271_depth_30_light_rain_10AM.png,C:\Users\depthlev\Desktop\droneImages\dataset\depth_30\light_rain\10AM\HighresScreenshot00271_depth_30_light_rain_10AM.txt,30.0|light_rain|10AM,30.0,light_rain,10AM,2744,1590,1593 946 1663 1003
C:\Users\depthlev\Desktop\droneImages\dataset\depth_30\light_rain\10AM\HighresScreenshot00272_depth_30_light_rain_10AM.png,C:\Users\depthlev\Desktop\droneImages\dataset\depth_30\light_rain\10AM\HighresScreenshot00272_depth_30_light_rain_10AM.txt,30.0|light_rain|10AM,30.0,light_rain,10AM,2744,1590,1182 915 1260 976
C:\Users\depthlev\Desktop\droneImages\dataset\depth_30\light_rain\10AM\HighresScreenshot00273_depth_30_light_rain_10AM.png,C:\Users\depthlev\Desktop\droneImages\dataset\depth_30\light_rain\10AM\HighresScreenshot00273_depth_30_light_rain_10AM.txt,30.0|light_rain|10AM,30.0,light_rain,10AM,2744,1590,1177 996 1235 1016
C:\Users\depthlev\Desktop\droneImages\dataset\depth_30\light_rain\10AM\HighresScreenshot00274_depth_30_light_rain_10AM.png,C:\Users\depthlev\Desktop\droneImages\dataset\depth_30\light_rain\10AM\HighresScreenshot00274_depth_30_light_rain_10AM.txt,30.0|light_rain|10AM,30.0,light_rain,10AM,2744,1590,1622 1057 1687 1113
C:\Users\depthlev\Desktop\droneImages\dataset\depth_30\light_rain\10AM\HighresScreenshot00275_depth_30_light_rain_10AM.png,C:\Users\depthlev\Desktop\droneImages\dataset\depth_30\light_rain\10AM\HighresScreenshot00275_depth_30_light_rain_10AM.txt,30.0|light_rain|10AM,30.0,light_rain,10AM,2744,1590,1701 635 1784 672
C:\Users\depthlev\Desktop\droneImages\dataset\depth_30\light_rain\10AM\HighresScreenshot00276_depth_30_light_rain_10AM.png,C:\Users\depthlev\Desktop\droneImages\dataset\depth_30\light_rain\10AM\HighresScreenshot00276_depth_30_light_rain_10AM.txt,30.0|light_rain|10AM,30.0,light_rain,10AM,2744,1590,1423 528 1480 583
C:\Users\depthlev\Desktop\droneImages\dataset\depth_30\light_rain\10AM\HighresScreenshot00277_depth_30_light_rain_10AM.png,C:\Users\depthlev\Desktop\droneImages\dataset\depth_30\light_rain\10AM\HighresScreenshot00277_depth_30_light_rain_10AM.txt,30.0|light_rain|10AM,30.0,light_rain,10AM,2744,1590,1489 864 1567 882
C:\Users\depthlev\Desktop\droneImages\dataset\depth_30\light_rain\10AM\HighresScreenshot00278_depth_30_light_rain_10AM.png,C:\Users\depthlev\Desktop\droneImages\dataset\depth_30\light_rain\10AM\HighresScreenshot00278_depth_30_light_rain_10AM.txt,30.0|light_rain|10AM,30.0,light_rain,10AM,2744,1590,1668 726 1741 748
C:\Users\depthlev\Desktop\droneImages\dataset\depth_30\light_rain\10AM\HighresScreenshot00279_depth_30_light_rain_10AM.png,C:\Users\depthlev\Desktop\droneImages\dataset\depth_30\light_rain\10AM\HighresScreenshot00279_depth_30_light_rain_10AM.txt,30.0|light_rain|10AM,30.0,light_rain,10AM,2744,1590,1765 792 1842 829
C:\Users\depthlev\Desktop\droneImages\dataset\depth_30\light_rain\10AM\HighresScreenshot00280_depth_30_light_rain_10AM.png,C:\Users\depthlev\Desktop\droneImages\dataset\depth_30\light_rain\10AM\HighresScreenshot00280_depth_30_light_rain_10AM.txt,30.0|light_rain|10AM,30.0,light_rain,10AM,2744,1590,564 1065 639 1090
C:\Users\depthlev\Desktop\droneImages\dataset\depth_30\light_rain\10AM\HighresScreenshot00281_depth_30_light_rain_10AM.png,C:\Users\depthlev\Desktop\droneImages\dataset\depth_30\light_rain\10AM\HighresScreenshot00281_depth_30_light_rain_10AM.txt,30.0|light_rain|10AM,30.0,light_rain,10AM,2744,1590,1026 1171 1094 1208
C:\Users\depthlev\Desktop\droneImages\dataset\depth_30\light_rain\10AM\HighresScreenshot00282_depth_30_light_rain_10AM.png,C:\Users\depthlev\Desktop\droneImages\dataset\depth_30\light_rain\10AM\HighresScreenshot00282_depth_30_light_rain_10AM.txt,30.0|light_rain|10AM,30.0,light_rain,10AM,2744,1590,1852 447 1926 466
C:\Users\depthlev\Desktop\droneImages\dataset\depth_30\light_rain\10AM\HighresScreenshot00283_depth_30_light_rain_10AM.png,C:\Users\depthlev\Desktop\droneImages\dataset\depth_30\light_rain\10AM\HighresScreenshot00283_depth_30_light_rain_10AM.txt,30.0|light_rain|10AM,30.0,light_rain,10AM,2744,1590,1194 335 1263 405
C:\Users\depthlev\Desktop\droneImages\dataset\depth_30\light_rain\10AM\HighresScreenshot00284_depth_30_light_rain_10AM.png,C:\Users\depthlev\Desktop\droneImages\dataset\depth_30\light_rain\10AM\HighresScreenshot00284_depth_30_light_rain_10AM.txt,30.0|light_rain|10AM,30.0,light_rain,10AM,2744,1590,1545 456 1616 527
C:\Users\depthlev\Desktop\droneImages\dataset\depth_30\light_rain\10AM\HighresScreenshot00285_depth_30_light_rain_10AM.png,C:\Users\depthlev\Desktop\droneImages\dataset\depth_30\light_rain\10AM\HighresScreenshot00285_depth_30_light_rain_10AM.txt,30.0|light_rain|10AM,30.0,light_rain,10AM,2744,1590,1695 924 1761 959
C:\Users\depthlev\Desktop\droneImages\dataset\depth_30\light_rain\10AM\HighresScreenshot00286_depth_30_light_rain_10AM.png,C:\Users\depthlev\Desktop\droneImages\dataset\depth_30\light_rain\10AM\HighresScreenshot00286_depth_30_light_rain_10AM.txt,30.0|light_rain|10AM,30.0,light_rain,10AM,2744,1590,1773 1329 1845 1360
C:\Users\depthlev\Desktop\droneImages\dataset\depth_30\light_rain\10AM\HighresScreenshot00287_depth_30_light_rain_10AM.png,C:\Users\depthlev\Desktop\droneImages\dataset\depth_30\light_rain\10AM\HighresScreenshot00287_depth_30_light_rain_10AM.txt,30.0|light_rain|10AM,30.0,light_rain,10AM,2744,1590,1564 685 1626 726
C:\Users\depthlev\Desktop\droneImages\dataset\depth_30\light_rain\10AM\HighresScreenshot00288_depth_30_light_rain_10AM.png,C:\Users\depthlev\Desktop\droneImages\dataset\depth_30\light_rain\10AM\HighresScreenshot00288_depth_30_light_rain_10AM.txt,30.0|light_rain|10AM,30.0,light_rain,10AM,2744,1590,1510 686 1587 721
C:\Users\depthlev\Desktop\droneImages\dataset\depth_30\light_rain\10AM\HighresScreenshot00289_depth_30_light_rain_10AM.png,C:\Users\depthlev\Desktop\droneImages\dataset\depth_30\light_rain\10AM\HighresScreenshot00289_depth_30_light_rain_10AM.txt,30.0|light_rain|10AM,30.0,light_rain,10AM,2744,1590,1946 1098 2037 1126
C:\Users\depthlev\Desktop\droneImages\dataset\depth_30\light_rain\10AM\HighresScreenshot00290_depth_30_light_rain_10AM.png,C:\Users\depthlev\Desktop\droneImages\dataset\depth_30\light_rain\10AM\HighresScreenshot00290_depth_30_light_rain_10AM.txt,30.0|light_rain|10AM,30.0,light_rain,10AM,2744,1590,1481 869 1557 935
C:\Users\depthlev\Desktop\droneImages\dataset\depth_30\light_rain\10AM\HighresScreenshot00291_depth_30_light_rain_10AM.png,C:\Users\depthlev\Desktop\droneImages\dataset\depth_30\light_rain\10AM\HighresScreenshot00291_depth_30_light_rain_10AM.txt,30.0|light_rain|10AM,30.0,light_rain,10AM,2744,1590,706 871 792 902
C:\Users\depthlev\Desktop\droneImages\dataset\depth_30\light_rain\10AM\HighresScreenshot00292_depth_30_light_rain_10AM.png,C:\Users\depthlev\Desktop\droneImages\dataset\depth_30\light_rain\10AM\HighresScreenshot00292_depth_30_light_rain_10AM.txt,30.0|light_rain|10AM,30.0,light_rain,10AM,2744,1590,1190 1088 1269 1164
C:\Users\depthlev\Desktop\droneImages\dataset\depth_30\light_rain\10AM\HighresScreenshot00293_depth_30_light_rain_10AM.png,C:\Users\depthlev\Desktop\droneImages\dataset\depth_30\light_rain\10AM\HighresScreenshot00293_depth_30_light_rain_10AM.txt,30.0|light_rain|10AM,30.0,light_rain,10AM,2744,1590,1542 1074 1608 1139
C:\Users\depthlev\Desktop\droneImages\dataset\depth_30\light_rain\10AM\HighresScreenshot00294_depth_30_light_rain_10AM.png,C:\Users\depthlev\Desktop\droneImages\dataset\depth_30\light_rain\10AM\HighresScreenshot00294_depth_30_light_rain_10AM.txt,30.0|light_rain|10AM,30.0,light_rain,10AM,2744,1590,1542 1024 1601 1049
C:\Users\depthlev\Desktop\droneImages\dataset\depth_30\light_rain\10AM\HighresScreenshot00295_depth_30_light_rain_10AM.png,C:\Users\depthlev\Desktop\droneImages\dataset\depth_30\light_rain\10AM\HighresScreenshot00295_depth_30_light_rain_10AM.txt,30.0|light_rain|10AM,30.0,light_rain,10AM,2744,1590,1490 517 1568 596
C:\Users\depthlev\Desktop\droneImages\dataset\depth_30\light_rain\10AM\HighresScreenshot00296_depth_30_light_rain_10AM.png,C:\Users\depthlev\Desktop\droneImages\dataset\depth_30\light_rain\10AM\HighresScreenshot00296_depth_30_light_rain_10AM.txt,30.0|light_rain|10AM,30.0,light_rain,10AM,2744,1590,1904 1293 1988 1363
C:\Users\depthlev\Desktop\droneImages\dataset\depth_30\light_rain\10AM\HighresScreenshot00297_depth_30_light_rain_10AM.png,C:\Users\depthlev\Desktop\droneImages\dataset\depth_30\light_rain\10AM\HighresScreenshot00297_depth_30_light_rain_10AM.txt,30.0|light_rain|10AM,30.0,light_rain,10AM,2744,1590,1040 1220 1102 1279
C:\Users\depthlev\Desktop\droneImages\dataset\depth_30\light_rain\10AM\HighresScreenshot00298_depth_30_light_rain_10AM.png,C:\Users\depthlev\Desktop\droneImages\dataset\depth_30\light_rain\10AM\HighresScreenshot00298_depth_30_light_rain_10AM.txt,30.0|light_rain|10AM,30.0,light_rain,10AM,2744,1590,910 530 995 595
C:\Users\depthlev\Desktop\droneImages\dataset\depth_30\light_rain\10AM\HighresScreenshot00299_depth_30_light_rain_10AM.png,C:\Users\depthlev\Desktop\droneImages\dataset\depth_30\light_rain\10AM\HighresScreenshot00299_depth_30_light_rain_10AM.txt,30.0|light_rain|10AM,30.0,light_rain,10AM,2744,1590,869 756 946 785
C:\Users\depthlev\Desktop\droneImages\dataset\depth_30\light_rain\10AM\HighresScreenshot00300_depth_30_light_rain_10AM.png,C:\Users\depthlev\Desktop\droneImages\dataset\depth_30\light_rain\10AM\HighresScreenshot00300_depth_30_light_rain_10AM.txt,30.0|light_rain|10AM,30.0,light_rain,10AM,2744,1590,1436 679 1492 717
C:\Users\depthlev\Desktop\droneImages\dataset\depth_30\light_rain\10AM\HighresScreenshot00301_depth_30_light_rain_10AM.png,C:\Users\depthlev\Desktop\droneImages\dataset\depth_30\light_rain\10AM\HighresScreenshot00301_depth_30_light_rain_10AM.txt,30.0|light_rain|10AM,30.0,light_rain,10AM,2744,1590,736 1164 820 1233
C:\Users\depthlev\Desktop\droneImages\dataset\depth_30\light_rain\10AM\HighresScreenshot00302_depth_30_light_rain_10AM.png,C:\Users\depthlev\Desktop\droneImages\dataset\depth_30\light_rain\10AM\HighresScreenshot00302_depth_30_light_rain_10AM.txt,30.0|light_rain|10AM,30.0,light_rain,10AM,2744,1590,759 1192 847 1228
C:\Users\depthlev\Desktop\droneImages\dataset\depth_30\light_rain\10AM\HighresScreenshot00303_depth_30_light_rain_10AM.png,C:\Users\depthlev\Desktop\droneImages\dataset\depth_30\light_rain\10AM\HighresScreenshot00303_depth_30_light_rain_10AM.txt,30.0|light_rain|10AM,30.0,light_rain,10AM,2744,1590,1807 1250 1893 1286
C:\Users\depthlev\Desktop\droneImages\dataset\depth_30\light_rain\10AM\HighresScreenshot00304_depth_30_light_rain_10AM.png,C:\Users\depthlev\Desktop\droneImages\dataset\depth_30\light_rain\10AM\HighresScreenshot00304_depth_30_light_rain_10AM.txt,30.0|light_rain|10AM,30.0,light_rain,10AM,2744,1590,1413 426 1472 489
C:\Users\depthlev\Desktop\droneImages\dataset\depth_30\light_rain\10AM\HighresScreenshot00305_depth_30_light_rain_10AM.png,C:\Users\depthlev\Desktop\droneImages\dataset\depth_30\light_rain\10AM\HighresScreenshot00305_depth_30_light_rain_10AM.txt,30.0|light_rain|10AM,30.0,light_rain,10AM,2744,1590,1106 1124 1171 1170
C:\Users\depthlev\Desktop\droneImages\dataset\depth_30\light_rain\10AM\HighresScreenshot00306_depth_30_light_rain_10AM.png,C:\Users\depthlev\Desktop\droneImages\dataset\depth_30\light_rain\10AM\HighresScreenshot00306_depth_30_light_rain_10AM.txt,30.0|light_rain|10AM,30.0,light_rain,10AM,2744,1590,1482 518 1562 539
C:\Users\depthlev\Desktop\droneImages\dataset\depth_30\light_rain\10AM\HighresScreenshot00307_depth_30_light_rain_10AM.png,C:\Users\depthlev\Desktop\droneImages\dataset\depth_30\light_rain\10AM\HighresScreenshot00307_depth_30_light_rain_10AM.txt,30.0|light_rain|10AM,30.0,light_rain,10AM,2744,1590,798 639 882 701
C:\Users\depthlev\Desktop\droneImages\dataset\depth_30\light_rain\10AM\HighresScreenshot00308_depth_30_light_rain_10AM.png,C:\Users\depthlev\Desktop\droneImages\dataset\depth_30\light_rain\10AM\HighresScreenshot00308_depth_30_light_rain_10AM.txt,30.0|light_rain|10AM,30.0,light_rain,10AM,2744,1590,1663 1162 1747 1238
C:\Users\depthlev\Desktop\droneImages\dataset\depth_30\light_rain\10AM\HighresScreenshot00309_depth_30_light_rain_10AM.png,C:\Users\depthlev\Desktop\droneImages\dataset\depth_30\light_rain\10AM\HighresScreenshot00309_depth_30_light_rain_10AM.txt,30.0|light_rain|10AM,30.0,light_rain,10AM,2744,1590,1647 479 1715 538
C:\Users\depthlev\Desktop\droneImages\dataset\depth_30\light_rain\10AM\HighresScreenshot00310_depth_30_light_rain_10AM.png,C:\Users\depthlev\Desktop\droneImages\dataset\depth_30\light_rain\10AM\HighresScreenshot00310_depth_30_light_rain_10AM.txt,30.0|light_rain|10AM,30.0,light_rain,10AM,2744,1590,1584 642 1662 716
C:\Users\depthlev\Desktop\droneImages\dataset\depth_30\light_rain\10AM\HighresScreenshot00311_depth_30_light_rain_10AM.png,C:\Users\depthlev\Desktop\droneImages\dataset\depth_30\light_rain\10AM\HighresScreenshot00311_depth_30_light_rain_10AM.txt,30.0|light_rain|10AM,30.0,light_rain,10AM,2744,1590,1386 724 1462 766
C:\Users\depthlev\Desktop\droneImages\dataset\depth_30\light_rain\10AM\HighresScreenshot00312_depth_30_light_rain_10AM.png,C:\Users\depthlev\Desktop\droneImages\dataset\depth_30\light_rain\10AM\HighresScreenshot00312_depth_30_light_rain_10AM.txt,30.0|light_rain|10AM,30.0,light_rain,10AM,2744,1590,1755 953 1828 970
C:\Users\depthlev\Desktop\droneImages\dataset\depth_30\light_rain\10AM\HighresScreenshot00313_depth_30_light_rain_10AM.png,C:\Users\depthlev\Desktop\droneImages\dataset\depth_30\light_rain\10AM\HighresScreenshot00313_depth_30_light_rain_10AM.txt,30.0|light_rain|10AM,30.0,light_rain,10AM,2744,1590,1190 936 1268 983
C:\Users\depthlev\Desktop\droneImages\dataset\depth_30\light_rain\10AM\HighresScreenshot00314_depth_30_light_rain_10AM.png,C:\Users\depthlev\Desktop\droneImages\dataset\depth_30\light_rain\10AM\HighresScreenshot00314_depth_30_light_rain_10AM.txt,30.0|light_rain|10AM,30.0,light_rain,10AM,2744,1590,1517 1124 1582 1171
C:\Users\depthlev\Desktop\droneImages\dataset\depth_30\light_rain\10AM\HighresScreenshot00315_depth_30_light_rain_10AM.png,C:\Users\depthlev\Desktop\droneImages\dataset\depth_30\light_rain\10AM\HighresScreenshot00315_depth_30_light_rain_10AM.txt,30.0|light_rain|10AM,30.0,light_rain,10AM,2744,1590,1213 1060 1282 1095
C:\Users\depthlev\Desktop\droneImages\dataset\depth_30\light_rain\10AM\HighresScreenshot00316_depth_30_light_rain_10AM.png,C:\Users\depthlev\Desktop\droneImages\dataset\depth_30\light_rain\10AM\HighresScreenshot00316_depth_30_light_rain_10AM.txt,30.0|light_rain|10AM,30.0,light_rain,10AM,2744,1590,939 1193 1020 1215
C:\Users\depthlev\Desktop\droneImages\dataset\depth_30\light_rain\10AM\HighresScreenshot00317_depth_30_light_rain_10AM.png,C:\Users\depthlev\Desktop\droneImages\dataset\depth_30\light_rain\10AM\HighresScreenshot00317_depth_30_light_rain_10AM.txt,30.0|light_rain|10AM,30.0,light_rain,10AM,2744,1590,1423 555 1499 578
C:\Users\depthlev\Desktop\droneImages\dataset\depth_30\light_rain\10AM\HighresScreenshot00318_depth_30_light_rain_10AM.png,C:\Users\depthlev\Desktop\droneImages\dataset\depth_30\light_rain\10AM\HighresScreenshot00318_depth_30_light_rain_10AM.txt,30.0|light_rain|10AM,30.0,light_rain,10AM,2744,1590,1177 1201 1258 1280
C:\Users\depthlev\Desktop\droneImages\dataset\depth_30\light_rain\10AM\HighresScreenshot00319_depth_30_light_rain_10AM.png,C:\Users\depthlev\Desktop\droneImages\dataset\depth_30\light_rain\10AM\HighresScreenshot00319_depth_30_light_rain_10AM.txt,30.0|light_rain|10AM,30.0,light_rain,10AM,2744,1590,1728 1123 1793 1188
C:\Users\depthlev\Desktop\droneImages\dataset\depth_30\light_rain\10AM\HighresScreenshot00320_depth_30_light_rain_10AM.png,C:\Users\depthlev\Desktop\droneImages\dataset\depth_30\light_rain\10AM\HighresScreenshot00320_depth_30_light_rain_10AM.txt,30.0|light_rain|10AM,30.0,light_rain,10AM,2744,1590,899 460 983 532
C:\Users\depthlev\Desktop\droneImages\dataset\depth_30\light_rain\10AM\HighresScreenshot00321_depth_30_light_rain_10AM.png,C:\Users\depthlev\Desktop\droneImages\dataset\depth_30\light_rain\10AM\HighresScreenshot00321_depth_30_light_rain_10AM.txt,30.0|light_rain|10AM,30.0,light_rain,10AM,2744,1590,945 713 1025 782
C:\Users\depthlev\Desktop\droneImages\dataset\depth_30\light_rain\10AM\HighresScreenshot00322_depth_30_light_rain_10AM.png,C:\Users\depthlev\Desktop\droneImages\dataset\depth_30\light_rain\10AM\HighresScreenshot00322_depth_30_light_rain_10AM.txt,30.0|light_rain|10AM,30.0,light_rain,10AM,2744,1590,1034 1288 1112 1334
C:\Users\depthlev\Desktop\droneImages\dataset\depth_30\light_rain\10AM\HighresScreenshot00323_depth_30_light_rain_10AM.png,C:\Users\depthlev\Desktop\droneImages\dataset\depth_30\light_rain\10AM\HighresScreenshot00323_depth_30_light_rain_10AM.txt,30.0|light_rain|10AM,30.0,light_rain,10AM,2744,1590,1663 853 1721 910
C:\Users\depthlev\Desktop\droneImages\dataset\depth_30\light_rain\10AM\HighresScreenshot00324_depth_30_light_rain_10AM.png,C:\Users\depthlev\Desktop\droneImages\dataset\depth_30\light_rain\10AM\HighresScreenshot00324_depth_30_light_rain_10AM.txt,30.0|light_rain|10AM,30.0,light_rain,10AM,2744,1590,1198 1009 1273 1039
C:\Users\depthlev\Desktop\droneImages\dataset\depth_30\light_rain\10AM\HighresScreenshot00325_depth_30_light_rain_10AM.png,C:\Users\depthlev\Desktop\droneImages\dataset\depth_30\light_rain\10AM\HighresScreenshot00325_depth_30_light_rain_10AM.txt,30.0|light_rain|10AM,30.0,light_rain,10AM,2744,1590,1958 762 2032 795
C:\Users\depthlev\Desktop\droneImages\dataset\depth_30\light_rain\10AM\HighresScreenshot00326_depth_30_light_rain_10AM.png,C:\Users\depthlev\Desktop\droneImages\dataset\depth_30\light_rain\10AM\HighresScreenshot00326_depth_30_light_rain_10AM.txt,30.0|light_rain|10AM,30.0,light_rain,10AM,2744,1590,1365 624 1441 681
C:\Users\depthlev\Desktop\droneImages\dataset\depth_30\light_rain\10AM\HighresScreenshot00327_depth_30_light_rain_10AM.png,C:\Users\depthlev\Desktop\droneImages\dataset\depth_30\light_rain\10AM\HighresScreenshot00327_depth_30_light_rain_10AM.txt,30.0|light_rain|10AM,30.0,light_rain,10AM,2744,1590,1114 494 1189 566
C:\Users\depthlev\Desktop\droneImages\dataset\depth_30\light_rain\10AM\HighresScreenshot00328_depth_30_light_rain_10AM.png,C:\Users\depthlev\Desktop\droneImages\dataset\depth_30\light_rain\10AM\HighresScreenshot00328_depth_30_light_rain_10AM.txt,30.0|light_rain|10AM,30.0,light_rain,10AM,2744,1590,1492 1108 1566 1153
C:\Users\depthlev\Desktop\droneImages\dataset\depth_30\light_rain\10AM\HighresScreenshot00329_depth_30_light_rain_10AM.png,C:\Users\depthlev\Desktop\droneImages\dataset\depth_30\light_rain\10AM\HighresScreenshot00329_depth_30_light_rain_10AM.txt,30.0|light_rain|10AM,30.0,light_rain,10AM,2744,1590,685 1162 758 1198
C:\Users\depthlev\Desktop\droneImages\dataset\depth_30\light_rain\10AM\HighresScreenshot00330_depth_30_light_rain_10AM.png,C:\Users\depthlev\Desktop\droneImages\dataset\depth_30\light_rain\10AM\HighresScreenshot00330_depth_30_light_rain_10AM.txt,30.0|light_rain|10AM,30.0,light_rain,10AM,2744,1590,1284 616 1354 655
C:\Users\depthlev\Desktop\droneImages\dataset\depth_30\light_rain\10AM\HighresScreenshot00331_depth_30_light_rain_10AM.png,C:\Users\depthlev\Desktop\droneImages\dataset\depth_30\light_rain\10AM\HighresScreenshot00331_depth_30_light_rain_10AM.txt,30.0|light_rain|10AM,30.0,light_rain,10AM,2744,1590,698 778 786 801
C:\Users\depthlev\Desktop\droneImages\dataset\depth_30\light_rain\10AM\HighresScreenshot00332_depth_30_light_rain_10AM.png,C:\Users\depthlev\Desktop\droneImages\dataset\depth_30\light_rain\10AM\HighresScreenshot00332_depth_30_light_rain_10AM.txt,30.0|light_rain|10AM,30.0,light_rain,10AM,2744,1590,873 1303 949 1349
C:\Users\depthlev\Desktop\droneImages\dataset\depth_30\light_rain\10AM\HighresScreenshot00333_depth_30_light_rain_10AM.png,C:\Users\depthlev\Desktop\droneImages\dataset\depth_30\light_rain\10AM\HighresScreenshot00333_depth_30_light_rain_10AM.txt,30.0|light_rain|10AM,30.0,light_rain,10AM,2744,1590,1704 1083 1788 1143
C:\Users\depthlev\Desktop\droneImages\dataset\depth_30\light_rain\10AM\HighresScreenshot00334_depth_30_light_rain_10AM.png,C:\Users\depthlev\Desktop\droneImages\dataset\depth_30\light_rain\10AM\HighresScreenshot00334_depth_30_light_rain_10AM.txt,30.0|light_rain|10AM,30.0,light_rain,10AM,2744,1590,1954 857 2023 907
C:\Users\depthlev\Desktop\droneImages\dataset\depth_30\light_rain\10AM\HighresScreenshot00335_depth_30_light_rain_10AM.png,C:\Users\depthlev\Desktop\droneImages\dataset\depth_30\light_rain\10AM\HighresScreenshot00335_depth_30_light_rain_10AM.txt,30.0|light_rain|10AM,30.0,light_rain,10AM,2744,1590,1090 862 1170 890
C:\Users\depthlev\Desktop\droneImages\dataset\depth_30\light_rain\10AM\HighresScreenshot00336_depth_30_light_rain_10AM.png,C:\Users\depthlev\Desktop\droneImages\dataset\depth_30\light_rain\10AM\HighresScreenshot00336_depth_30_light_rain_10AM.txt,30.0|light_rain|10AM,30.0,light_rain,10AM,2744,1590,1406 762 1471 830
C:\Users\depthlev\Desktop\droneImages\dataset\depth_30\light_rain\10AM\HighresScreenshot00337_depth_30_light_rain_10AM.png,C:\Users\depthlev\Desktop\droneImages\dataset\depth_30\light_rain\10AM\HighresScreenshot00337_depth_30_light_rain_10AM.txt,30.0|light_rain|10AM,30.0,light_rain,10AM,2744,1590,866 813 952 860
C:\Users\depthlev\Desktop\droneImages\dataset\depth_30\light_rain\10AM\HighresScreenshot00338_depth_30_light_rain_10AM.png,C:\Users\depthlev\Desktop\droneImages\dataset\depth_30\light_rain\10AM\HighresScreenshot00338_depth_30_light_rain_10AM.txt,30.0|light_rain|10AM,30.0,light_rain,10AM,2744,1590,868 632 952 683
C:\Users\depthlev\Desktop\droneImages\dataset\depth_30\light_rain\10AM\HighresScreenshot00339_depth_30_light_rain_10AM.png,C:\Users\depthlev\Desktop\droneImages\dataset\depth_30\light_rain\10AM\HighresScreenshot00339_depth_30_light_rain_10AM.txt,30.0|light_rain|10AM,30.0,light_rain,10AM,2744,1590,1456 1000 1518 1057
C:\Users\depthlev\Desktop\droneImages\dataset\depth_30\light_rain\10AM\HighresScreenshot00340_depth_30_light_rain_10AM.png,C:\Users\depthlev\Desktop\droneImages\dataset\depth_30\light_rain\10AM\HighresScreenshot00340_depth_30_light_rain_10AM.txt,30.0|light_rain|10AM,30.0,light_rain,10AM,2744,1590,996 753 1076 827
C:\Users\depthlev\Desktop\droneImages\dataset\depth_30\light_rain\10AM\HighresScreenshot00341_depth_30_light_rain_10AM.png,C:\Users\depthlev\Desktop\droneImages\dataset\depth_30\light_rain\10AM\HighresScreenshot00341_depth_30_light_rain_10AM.txt,30.0|light_rain|10AM,30.0,light_rain,10AM,2744,1590,907 471 993 527
C:\Users\depthlev\Desktop\droneImages\dataset\depth_30\light_rain\10AM\HighresScreenshot00342_depth_30_light_rain_10AM.png,C:\Users\depthlev\Desktop\droneImages\dataset\depth_30\light_rain\10AM\HighresScreenshot00342_depth_30_light_rain_10AM.txt,30.0|light_rain|10AM,30.0,light_rain,10AM,2744,1590,657 1160 755 1177
C:\Users\depthlev\Desktop\droneImages\dataset\depth_30\light_rain\10AM\HighresScreenshot00343_depth_30_light_rain_10AM.png,C:\Users\depthlev\Desktop\droneImages\dataset\depth_30\light_rain\10AM\HighresScreenshot00343_depth_30_light_rain_10AM.txt,30.0|light_rain|10AM,30.0,light_rain,10AM,2744,1590,1027 1148 1096 1182
C:\Users\depthlev\Desktop\droneImages\dataset\depth_30\light_rain\10AM\HighresScreenshot00344_depth_30_light_rain_10AM.png,C:\Users\depthlev\Desktop\droneImages\dataset\depth_30\light_rain\10AM\HighresScreenshot00344_depth_30_light_rain_10AM.txt,30.0|light_rain|10AM,30.0,light_rain,10AM,2744,1590,996 1318 1080 1383
C:\Users\depthlev\Desktop\droneImages\dataset\depth_30\light_rain\10AM\HighresScreenshot00345_depth_30_light_rain_10AM.png,C:\Users\depthlev\Desktop\droneImages\dataset\depth_30\light_rain\10AM\HighresScreenshot00345_depth_30_light_rain_10AM.txt,30.0|light_rain|10AM,30.0,light_rain,10AM,2744,1590,1125 1180 1206 1256
C:\Users\depthlev\Desktop\droneImages\dataset\depth_30\light_rain\10AM\HighresScreenshot00346_depth_30_light_rain_10AM.png,C:\Users\depthlev\Desktop\droneImages\dataset\depth_30\light_rain\10AM\HighresScreenshot00346_depth_30_light_rain_10AM.txt,30.0|light_rain|10AM,30.0,light_rain,10AM,2744,1590,1695 600 1764 655
C:\Users\depthlev\Desktop\droneImages\dataset\depth_30\light_rain\10AM\HighresScreenshot00347_depth_30_light_rain_10AM.png,C:\Users\depthlev\Desktop\droneImages\dataset\depth_30\light_rain\10AM\HighresScreenshot00347_depth_30_light_rain_10AM.txt,30.0|light_rain|10AM,30.0,light_rain,10AM,2744,1590,1813 1087 1900 1155
C:\Users\depthlev\Desktop\droneImages\dataset\depth_30\light_rain\10AM\HighresScreenshot00348_depth_30_light_rain_10AM.png,C:\Users\depthlev\Desktop\droneImages\dataset\depth_30\light_rain\10AM\HighresScreenshot00348_depth_30_light_rain_10AM.txt,30.0|light_rain|10AM,30.0,light_rain,10AM,2744,1590,1410 1166 1480 1237
C:\Users\depthlev\Desktop\droneImages\dataset\depth_30\light_rain\10AM\HighresScreenshot00349_depth_30_light_rain_10AM.png,C:\Users\depthlev\Desktop\droneImages\dataset\depth_30\light_rain\10AM\HighresScreenshot00349_depth_30_light_rain_10AM.txt,30.0|light_rain|10AM,30.0,light_rain,10AM,2744,1590,2156 1321 2260 1348
C:\Users\depthlev\Desktop\droneImages\dataset\depth_30\light_rain\10AM\HighresScreenshot00350_depth_30_light_rain_10AM.png,C:\Users\depthlev\Desktop\droneImages\dataset\depth_30\light_rain\10AM\HighresScreenshot00350_depth_30_light_rain_10AM.txt,30.0|light_rain|10AM,30.0,light_rain,10AM,2744,1590,1251 971 1327 1044
C:\Users\depthlev\Desktop\droneImages\dataset\depth_30\light_rain\10AM\HighresScreenshot00351_depth_30_light_rain_10AM.png,C:\Users\depthlev\Desktop\droneImages\dataset\depth_30\light_rain\10AM\HighresScreenshot00351_depth_30_light_rain_10AM.txt,30.0|light_rain|10AM,30.0,light_rain,10AM,2744,1590,1155 1213 1231 1301
C:\Users\depthlev\Desktop\droneImages\dataset\depth_30\light_rain\10AM\HighresScreenshot00352_depth_30_light_rain_10AM.png,C:\Users\depthlev\Desktop\droneImages\dataset\depth_30\light_rain\10AM\HighresScreenshot00352_depth_30_light_rain_10AM.txt,30.0|light_rain|10AM,30.0,light_rain,10AM,2744,1590,1093 969 1158 1036
C:\Users\depthlev\Desktop\droneImages\dataset\depth_30\light_rain\10AM\HighresScreenshot00353_depth_30_light_rain_10AM.png,C:\Users\depthlev\Desktop\droneImages\dataset\depth_30\light_rain\10AM\HighresScreenshot00353_depth_30_light_rain_10AM.txt,30.0|light_rain|10AM,30.0,light_rain,10AM,2744,1590,686 764 773 787
C:\Users\depthlev\Desktop\droneImages\dataset\depth_30\light_rain\10AM\HighresScreenshot00354_depth_30_light_rain_10AM.png,C:\Users\depthlev\Desktop\droneImages\dataset\depth_30\light_rain\10AM\HighresScreenshot00354_depth_30_light_rain_10AM.txt,30.0|light_rain|10AM,30.0,light_rain,10AM,2744,1590,1140 635 1215 685
C:\Users\depthlev\Desktop\droneImages\dataset\depth_30\light_rain\10AM\HighresScreenshot00355_depth_30_light_rain_10AM.png,C:\Users\depthlev\Desktop\droneImages\dataset\depth_30\light_rain\10AM\HighresScreenshot00355_depth_30_light_rain_10AM.txt,30.0|light_rain|10AM,30.0,light_rain,10AM,2744,1590,644 1276 740 1327
C:\Users\depthlev\Desktop\droneImages\dataset\depth_30\light_rain\10AM\HighresScreenshot00356_depth_30_light_rain_10AM.png,C:\Users\depthlev\Desktop\droneImages\dataset\depth_30\light_rain\10AM\HighresScreenshot00356_depth_30_light_rain_10AM.txt,30.0|light_rain|10AM,30.0,light_rain,10AM,2744,1590,1351 948 1426 1002
C:\Users\depthlev\Desktop\droneImages\dataset\depth_30\light_rain\10AM\HighresScreenshot00357_depth_30_light_rain_10AM.png,C:\Users\depthlev\Desktop\droneImages\dataset\depth_30\light_rain\10AM\HighresScreenshot00357_depth_30_light_rain_10AM.txt,30.0|light_rain|10AM,30.0,light_rain,10AM,2744,1590,1717 804 1795 869
C:\Users\depthlev\Desktop\droneImages\dataset\depth_30\light_rain\10AM\HighresScreenshot00358_depth_30_light_rain_10AM.png,C:\Users\depthlev\Desktop\droneImages\dataset\depth_30\light_rain\10AM\HighresScreenshot00358_depth_30_light_rain_10AM.txt,30.0|light_rain|10AM,30.0,light_rain,10AM,2744,1590,1831 480 1914 528
C:\Users\depthlev\Desktop\droneImages\dataset\depth_30\light_rain\10AM\HighresScreenshot00359_depth_30_light_rain_10AM.png,C:\Users\depthlev\Desktop\droneImages\dataset\depth_30\light_rain\10AM\HighresScreenshot00359_depth_30_light_rain_10AM.txt,30.0|light_rain|10AM,30.0,light_rain,10AM,2744,1590,1711 929 1788 958
C:\Users\depthlev\Desktop\droneImages\dataset\depth_30\light_rain\10AM\HighresScreenshot00360_depth_30_light_rain_10AM.png,C:\Users\depthlev\Desktop\droneImages\dataset\depth_30\light_rain\10AM\HighresScreenshot00360_depth_30_light_rain_10AM.txt,30.0|light_rain|10AM,30.0,light_rain,10AM,2744,1590,1224 309 1286 377
C:\Users\depthlev\Desktop\droneImages\dataset\depth_30\light_rain\10AM\HighresScreenshot00361_depth_30_light_rain_10AM.png,C:\Users\depthlev\Desktop\droneImages\dataset\depth_30\light_rain\10AM\HighresScreenshot00361_depth_30_light_rain_10AM.txt,30.0|light_rain|10AM,30.0,light_rain,10AM,2744,1590,1914 1064 2007 1095
C:\Users\depthlev\Desktop\droneImages\dataset\depth_30\light_rain\10AM\HighresScreenshot00362_depth_30_light_rain_10AM.png,C:\Users\depthlev\Desktop\droneImages\dataset\depth_30\light_rain\10AM\HighresScreenshot00362_depth_30_light_rain_10AM.txt,30.0|light_rain|10AM,30.0,light_rain,10AM,2744,1590,900 721 984 747
C:\Users\depthlev\Desktop\droneImages\dataset\depth_30\light_rain\10AM\HighresScreenshot00363_depth_30_light_rain_10AM.png,C:\Users\depthlev\Desktop\droneImages\dataset\depth_30\light_rain\10AM\HighresScreenshot00363_depth_30_light_rain_10AM.txt,30.0|light_rain|10AM,30.0,light_rain,10AM,2744,1590,1415 679 1486 717
C:\Users\depthlev\Desktop\droneImages\dataset\depth_30\light_rain\10AM\HighresScreenshot00364_depth_30_light_rain_10AM.png,C:\Users\depthlev\Desktop\droneImages\dataset\depth_30\light_rain\10AM\HighresScreenshot00364_depth_30_light_rain_10AM.txt,30.0|light_rain|10AM,30.0,light_rain,10AM,2744,1590,1941 1299 2039 1347
C:\Users\depthlev\Desktop\droneImages\dataset\depth_30\light_rain\10AM\HighresScreenshot00365_depth_30_light_rain_10AM.png,C:\Users\depthlev\Desktop\droneImages\dataset\depth_30\light_rain\10AM\HighresScreenshot00365_depth_30_light_rain_10AM.txt,30.0|light_rain|10AM,30.0,light_rain,10AM,2744,1590,1269 496 1341 526
C:\Users\depthlev\Desktop\droneImages\dataset\depth_30\light_rain\10AM\HighresScreenshot00366_depth_30_light_rain_10AM.png,C:\Users\depthlev\Desktop\droneImages\dataset\depth_30\light_rain\10AM\HighresScreenshot00366_depth_30_light_rain_10AM.txt,30.0|light_rain|10AM,30.0,light_rain,10AM,2744,1590,1438 539 1512 607
C:\Users\depthlev\Desktop\droneImages\dataset\depth_30\light_rain\10AM\HighresScreenshot00367_depth_30_light_rain_10AM.png,C:\Users\depthlev\Desktop\droneImages\dataset\depth_30\light_rain\10AM\HighresScreenshot00367_depth_30_light_rain_10AM.txt,30.0|light_rain|10AM,30.0,light_rain,10AM,2744,1590,1333 318 1413 375
C:\Users\depthlev\Desktop\droneImages\dataset\depth_30\light_rain\10AM\HighresScreenshot00368_depth_30_light_rain_10AM.png,C:\Users\depthlev\Desktop\droneImages\dataset\depth_30\light_rain\10AM\HighresScreenshot00368_depth_30_light_rain_10AM.txt,30.0|light_rain|10AM,30.0,light_rain,10AM,2744,1590,2147 1327 2260 1353
C:\Users\depthlev\Desktop\droneImages\dataset\depth_30\light_rain\10AM\HighresScreenshot00369_depth_30_light_rain_10AM.png,C:\Users\depthlev\Desktop\droneImages\dataset\depth_30\light_rain\10AM\HighresScreenshot00369_depth_30_light_rain_10AM.txt,30.0|light_rain|10AM,30.0,light_rain,10AM,2744,1590,1213 458 1287 524
C:\Users\depthlev\Desktop\droneImages\dataset\depth_30\light_rain\10AM\HighresScreenshot00370_depth_30_light_rain_10AM.png,C:\Users\depthlev\Desktop\droneImages\dataset\depth_30\light_rain\10AM\HighresScreenshot00370_depth_30_light_rain_10AM.txt,30.0|light_rain|10AM,30.0,light_rain,10AM,2744,1590,1814 585 1895 644
C:\Users\depthlev\Desktop\droneImages\dataset\depth_30\light_rain\10AM\HighresScreenshot00371_depth_30_light_rain_10AM.png,C:\Users\depthlev\Desktop\droneImages\dataset\depth_30\light_rain\10AM\HighresScreenshot00371_depth_30_light_rain_10AM.txt,30.0|light_rain|10AM,30.0,light_rain,10AM,2744,1590,1228 1251 1309 1334
C:\Users\depthlev\Desktop\droneImages\dataset\depth_30\light_rain\10AM\HighresScreenshot00372_depth_30_light_rain_10AM.png,C:\Users\depthlev\Desktop\droneImages\dataset\depth_30\light_rain\10AM\HighresScreenshot00372_depth_30_light_rain_10AM.txt,30.0|light_rain|10AM,30.0,light_rain,10AM,2744,1590,1221 1028 1291 1095
C:\Users\depthlev\Desktop\droneImages\dataset\depth_30\light_rain\10AM\HighresScreenshot00373_depth_30_light_rain_10AM.png,C:\Users\depthlev\Desktop\droneImages\dataset\depth_30\light_rain\10AM\HighresScreenshot00373_depth_30_light_rain_10AM.txt,30.0|light_rain|10AM,30.0,light_rain,10AM,2744,1590,1651 620 1723 665
C:\Users\depthlev\Desktop\droneImages\dataset\depth_30\light_rain\10AM\HighresScreenshot00374_depth_30_light_rain_10AM.png,C:\Users\depthlev\Desktop\droneImages\dataset\depth_30\light_rain\10AM\HighresScreenshot00374_depth_30_light_rain_10AM.txt,30.0|light_rain|10AM,30.0,light_rain,10AM,2744,1590,671 505 767 555
C:\Users\depthlev\Desktop\droneImages\dataset\depth_30\light_rain\10AM\HighresScreenshot00375_depth_30_light_rain_10AM.png,C:\Users\depthlev\Desktop\droneImages\dataset\depth_30\light_rain\10AM\HighresScreenshot00375_depth_30_light_rain_10AM.txt,30.0|light_rain|10AM,30.0,light_rain,10AM,2744,1590,1829 1202 1921 1222
C:\Users\depthlev\Desktop\droneImages\dataset\depth_30\light_rain\10AM\HighresScreenshot00376_depth_30_light_rain_10AM.png,C:\Users\depthlev\Desktop\droneImages\dataset\depth_30\light_rain\10AM\HighresScreenshot00376_depth_30_light_rain_10AM.txt,30.0|light_rain|10AM,30.0,light_rain,10AM,2744,1590,1121 790 1195 853
C:\Users\depthlev\Desktop\droneImages\dataset\depth_30\light_rain\10AM\HighresScreenshot00377_depth_30_light_rain_10AM.png,C:\Users\depthlev\Desktop\droneImages\dataset\depth_30\light_rain\10AM\HighresScreenshot00377_depth_30_light_rain_10AM.txt,30.0|light_rain|10AM,30.0,light_rain,10AM,2744,1590,1581 1269 1661 1350
C:\Users\depthlev\Desktop\droneImages\dataset\depth_30\light_rain\10AM\HighresScreenshot00378_depth_30_light_rain_10AM.png,C:\Users\depthlev\Desktop\droneImages\dataset\depth_30\light_rain\10AM\HighresScreenshot00378_depth_30_light_rain_10AM.txt,30.0|light_rain|10AM,30.0,light_rain,10AM,2744,1590,1437 544 1516 578
C:\Users\depthlev\Desktop\droneImages\dataset\depth_30\light_rain\10AM\HighresScreenshot00379_depth_30_light_rain_10AM.png,C:\Users\depthlev\Desktop\droneImages\dataset\depth_30\light_rain\10AM\HighresScreenshot00379_depth_30_light_rain_10AM.txt,30.0|light_rain|10AM,30.0,light_rain,10AM,2744,1590,1270 386 1342 458
C:\Users\depthlev\Desktop\droneImages\dataset\depth_30\light_rain\10AM\HighresScreenshot00380_depth_30_light_rain_10AM.png,C:\Users\depthlev\Desktop\droneImages\dataset\depth_30\light_rain\10AM\HighresScreenshot00380_depth_30_light_rain_10AM.txt,30.0|light_rain|10AM,30.0,light_rain,10AM,2744,1590,1439 914 1514 947
C:\Users\depthlev\Desktop\droneImages\dataset\depth_30\light_rain\10AM\HighresScreenshot00381_depth_30_light_rain_10AM.png,C:\Users\depthlev\Desktop\droneImages\dataset\depth_30\light_rain\10AM\HighresScreenshot00381_depth_30_light_rain_10AM.txt,30.0|light_rain|10AM,30.0,light_rain,10AM,2744,1590,1365 693 1419 749
C:\Users\depthlev\Desktop\droneImages\dataset\depth_30\light_rain\10AM\HighresScreenshot00382_depth_30_light_rain_10AM.png,C:\Users\depthlev\Desktop\droneImages\dataset\depth_30\light_rain\10AM\HighresScreenshot00382_depth_30_light_rain_10AM.txt,30.0|light_rain|10AM,30.0,light_rain,10AM,2744,1590,1710 624 1792 660
C:\Users\depthlev\Desktop\droneImages\dataset\depth_30\light_rain\10AM\HighresScreenshot00383_depth_30_light_rain_10AM.png,C:\Users\depthlev\Desktop\droneImages\dataset\depth_30\light_rain\10AM\HighresScreenshot00383_depth_30_light_rain_10AM.txt,30.0|light_rain|10AM,30.0,light_rain,10AM,2744,1590,1264 1213 1339 1293
C:\Users\depthlev\Desktop\droneImages\dataset\depth_30\light_rain\10AM\HighresScreenshot00384_depth_30_light_rain_10AM.png,C:\Users\depthlev\Desktop\droneImages\dataset\depth_30\light_rain\10AM\HighresScreenshot00384_depth_30_light_rain_10AM.txt,30.0|light_rain|10AM,30.0,light_rain,10AM,2744,1590,869 658 953 729
C:\Users\depthlev\Desktop\droneImages\dataset\depth_30\light_rain\10AM\HighresScreenshot00385_depth_30_light_rain_10AM.png,C:\Users\depthlev\Desktop\droneImages\dataset\depth_30\light_rain\10AM\HighresScreenshot00385_depth_30_light_rain_10AM.txt,30.0|light_rain|10AM,30.0,light_rain,10AM,2744,1590,1058 1028 1138 1063
C:\Users\depthlev\Desktop\droneImages\dataset\depth_30\light_rain\10AM\HighresScreenshot00386_depth_30_light_rain_10AM.png,C:\Users\depthlev\Desktop\droneImages\dataset\depth_30\light_rain\10AM\HighresScreenshot00386_depth_30_light_rain_10AM.txt,30.0|light_rain|10AM,30.0,light_rain,10AM,2744,1590,1350 1085 1408 1101
C:\Users\depthlev\Desktop\droneImages\dataset\depth_30\light_rain\10AM\HighresScreenshot00387_depth_30_light_rain_10AM.png,C:\Users\depthlev\Desktop\droneImages\dataset\depth_30\light_rain\10AM\HighresScreenshot00387_depth_30_light_rain_10AM.txt,30.0|light_rain|10AM,30.0,light_rain,10AM,2744,1590,1003 1305 1089 1379
C:\Users\depthlev\Desktop\droneImages\dataset\depth_30\light_rain\10AM\HighresScreenshot00388_depth_30_light_rain_10AM.png,C:\Users\depthlev\Desktop\droneImages\dataset\depth_30\light_rain\10AM\HighresScreenshot00388_depth_30_light_rain_10AM.txt,30.0|light_rain|10AM,30.0,light_rain,10AM,2744,1590,1590 1076 1668 1148
C:\Users\depthlev\Desktop\droneImages\dataset\depth_30\light_rain\10AM\HighresScreenshot00389_depth_30_light_rain_10AM.png,C:\Users\depthlev\Desktop\droneImages\dataset\depth_30\light_rain\10AM\HighresScreenshot00389_depth_30_light_rain_10AM.txt,30.0|light_rain|10AM,30.0,light_rain,10AM,2744,1590,1354 302 1431 371
C:\Users\depthlev\Desktop\droneImages\dataset\depth_30\light_rain\10AM\HighresScreenshot00390_depth_30_light_rain_10AM.png,C:\Users\depthlev\Desktop\droneImages\dataset\depth_30\light_rain\10AM\HighresScreenshot00390_depth_30_light_rain_10AM.txt,30.0|light_rain|10AM,30.0,light_rain,10AM,2744,1590,1294 1190 1373 1271
C:\Users\depthlev\Desktop\droneImages\dataset\depth_30\light_rain\10AM\HighresScreenshot00391_depth_30_light_rain_10AM.png,C:\Users\depthlev\Desktop\droneImages\dataset\depth_30\light_rain\10AM\HighresScreenshot00391_depth_30_light_rain_10AM.txt,30.0|light_rain|10AM,30.0,light_rain,10AM,2744,1590,1554 825 1614 883
C:\Users\depthlev\Desktop\droneImages\dataset\depth_30\light_rain\10AM\HighresScreenshot00392_depth_30_light_rain_10AM.png,C:\Users\depthlev\Desktop\droneImages\dataset\depth_30\light_rain\10AM\HighresScreenshot00392_depth_30_light_rain_10AM.txt,30.0|light_rain|10AM,30.0,light_rain,10AM,2744,1590,1781 571 1848 613
C:\Users\depthlev\Desktop\droneImages\dataset\depth_30\light_rain\10AM\HighresScreenshot00393_depth_30_light_rain_10AM.png,C:\Users\depthlev\Desktop\droneImages\dataset\depth_30\light_rain\10AM\HighresScreenshot00393_depth_30_light_rain_10AM.txt,30.0|light_rain|10AM,30.0,light_rain,10AM,2744,1590,1197 968 1260 1001
C:\Users\depthlev\Desktop\droneImages\dataset\depth_30\light_rain\10AM\HighresScreenshot00394_depth_30_light_rain_10AM.png,C:\Users\depthlev\Desktop\droneImages\dataset\depth_30\light_rain\10AM\HighresScreenshot00394_depth_30_light_rain_10AM.txt,30.0|light_rain|10AM,30.0,light_rain,10AM,2744,1590,1090 1262 1168 1324
C:\Users\depthlev\Desktop\droneImages\dataset\depth_30\light_rain\10AM\HighresScreenshot00395_depth_30_light_rain_10AM.png,C:\Users\depthlev\Desktop\droneImages\dataset\depth_30\light_rain\10AM\HighresScreenshot00395_depth_30_light_rain_10AM.txt,30.0|light_rain|10AM,30.0,light_rain,10AM,2744,1590,1906 1121 1999 1180
C:\Users\depthlev\Desktop\droneImages\dataset\depth_30\light_rain\10AM\HighresScreenshot00396_depth_30_light_rain_10AM.png,C:\Users\depthlev\Desktop\droneImages\dataset\depth_30\light_rain\10AM\HighresScreenshot00396_depth_30_light_rain_10AM.txt,30.0|light_rain|10AM,30.0,light_rain,10AM,2744,1590,1417 966 1495 988
C:\Users\depthlev\Desktop\droneImages\dataset\depth_30\light_rain\10AM\HighresScreenshot00397_depth_30_light_rain_10AM.png,C:\Users\depthlev\Desktop\droneImages\dataset\depth_30\light_rain\10AM\HighresScreenshot00397_depth_30_light_rain_10AM.txt,30.0|light_rain|10AM,30.0,light_rain,10AM,2744,1590,1493 831 1568 852
C:\Users\depthlev\Desktop\droneImages\dataset\depth_30\light_rain\10AM\HighresScreenshot00398_depth_30_light_rain_10AM.png,C:\Users\depthlev\Desktop\droneImages\dataset\depth_30\light_rain\10AM\HighresScreenshot00398_depth_30_light_rain_10AM.txt,30.0|light_rain|10AM,30.0,light_rain,10AM,2744,1590,1416 966 1472 1011
C:\Users\depthlev\Desktop\droneImages\dataset\depth_30\light_rain\10AM\HighresScreenshot00399_depth_30_light_rain_10AM.png,C:\Users\depthlev\Desktop\droneImages\dataset\depth_30\light_rain\10AM\HighresScreenshot00399_depth_30_light_rain_10AM.txt,30.0|light_rain|10AM,30.0,light_rain,10AM,2744,1590,1578 651 1649 713
C:\Users\depthlev\Desktop\droneImages\dataset\depth_30\light_rain\10AM\HighresScreenshot00400_depth_30_light_rain_10AM.png,C:\Users\depthlev\Desktop\droneImages\dataset\depth_30\light_rain\10AM\HighresScreenshot00400_depth_30_light_rain_10AM.txt,30.0|light_rain|10AM,30.0,light_rain,10AM,2744,1590,1363 1162 1430 1234
C:\Users\depthlev\Desktop\droneImages\dataset\depth_30\light_rain\10AM\HighresScreenshot00401_depth_30_light_rain_10AM.png,C:\Users\depthlev\Desktop\droneImages\dataset\depth_30\light_rain\10AM\HighresScreenshot00401_depth_30_light_rain_10AM.txt,30.0|light_rain|10AM,30.0,light_rain,10AM,2744,1590,1454 517 1527 590
C:\Users\depthlev\Desktop\droneImages\dataset\depth_30\light_rain\10AM\HighresScreenshot00402_depth_30_light_rain_10AM.png,C:\Users\depthlev\Desktop\droneImages\dataset\depth_30\light_rain\10AM\HighresScreenshot00402_depth_30_light_rain_10AM.txt,30.0|light_rain|10AM,30.0,light_rain,10AM,2744,1590,1079 1008 1159 1079
C:\Users\depthlev\Desktop\droneImages\dataset\depth_30\light_rain\10AM\HighresScreenshot00403_depth_30_light_rain_10AM.png,C:\Users\depthlev\Desktop\droneImages\dataset\depth_30\light_rain\10AM\HighresScreenshot00403_depth_30_light_rain_10AM.txt,30.0|light_rain|10AM,30.0,light_rain,10AM,2744,1590,1857 1005 1942 1028
C:\Users\depthlev\Desktop\droneImages\dataset\depth_30\light_rain\10AM\HighresScreenshot00404_depth_30_light_rain_10AM.png,C:\Users\depthlev\Desktop\droneImages\dataset\depth_30\light_rain\10AM\HighresScreenshot00404_depth_30_light_rain_10AM.txt,30.0|light_rain|10AM,30.0,light_rain,10AM,2744,1590,1792 991 1876 1032
C:\Users\depthlev\Desktop\droneImages\dataset\depth_30\light_rain\10AM\HighresScreenshot00405_depth_30_light_rain_10AM.png,C:\Users\depthlev\Desktop\droneImages\dataset\depth_30\light_rain\10AM\HighresScreenshot00405_depth_30_light_rain_10AM.txt,30.0|light_rain|10AM,30.0,light_rain,10AM,2744,1590,1186 464 1264 538
C:\Users\depthlev\Desktop\droneImages\dataset\depth_30\light_rain\10AM\HighresScreenshot00406_depth_30_light_rain_10AM.png,C:\Users\depthlev\Desktop\droneImages\dataset\depth_30\light_rain\10AM\HighresScreenshot00406_depth_30_light_rain_10AM.txt,30.0|light_rain|10AM,30.0,light_rain,10AM,2744,1590,1173 939 1248 1009
C:\Users\depthlev\Desktop\droneImages\dataset\depth_30\light_rain\10AM\HighresScreenshot00407_depth_30_light_rain_10AM.png,C:\Users\depthlev\Desktop\droneImages\dataset\depth_30\light_rain\10AM\HighresScreenshot00407_depth_30_light_rain_10AM.txt,30.0|light_rain|10AM,30.0,light_rain,10AM,2744,1590,1218 1251 1286 1325
C:\Users\depthlev\Desktop\droneImages\dataset\depth_30\light_rain\10AM\HighresScreenshot00408_depth_30_light_rain_10AM.png,C:\Users\depthlev\Desktop\droneImages\dataset\depth_30\light_rain\10AM\HighresScreenshot00408_depth_30_light_rain_10AM.txt,30.0|light_rain|10AM,30.0,light_rain,10AM,2744,1590,976 988 1059 1010
C:\Users\depthlev\Desktop\droneImages\dataset\depth_30\light_rain\10AM\HighresScreenshot00409_depth_30_light_rain_10AM.png,C:\Users\depthlev\Desktop\droneImages\dataset\depth_30\light_rain\10AM\HighresScreenshot00409_depth_30_light_rain_10AM.txt,30.0|light_rain|10AM,30.0,light_rain,10AM,2744,1590,1171 864 1246 939
C:\Users\depthlev\Desktop\droneImages\dataset\depth_30\light_rain\10AM\HighresScreenshot00410_depth_30_light_rain_10AM.png,C:\Users\depthlev\Desktop\droneImages\dataset\depth_30\light_rain\10AM\HighresScreenshot00410_depth_30_light_rain_10AM.txt,30.0|light_rain|10AM,30.0,light_rain,10AM,2744,1590,964 958 1038 1013
C:\Users\depthlev\Desktop\droneImages\dataset\depth_30\light_rain\10AM\HighresScreenshot00411_depth_30_light_rain_10AM.png,C:\Users\depthlev\Desktop\droneImages\dataset\depth_30\light_rain\10AM\HighresScreenshot00411_depth_30_light_rain_10AM.txt,30.0|light_rain|10AM,30.0,light_rain,10AM,2744,1590,1531 1159 1591 1226
C:\Users\depthlev\Desktop\droneImages\dataset\depth_30\light_rain\10AM\HighresScreenshot00412_depth_30_light_rain_10AM.png,C:\Users\depthlev\Desktop\droneImages\dataset\depth_30\light_rain\10AM\HighresScreenshot00412_depth_30_light_rain_10AM.txt,30.0|light_rain|10AM,30.0,light_rain,10AM,2744,1590,1647 713 1716 729
C:\Users\depthlev\Desktop\droneImages\dataset\depth_30\light_rain\10AM\HighresScreenshot00413_depth_30_light_rain_10AM.png,C:\Users\depthlev\Desktop\droneImages\dataset\depth_30\light_rain\10AM\HighresScreenshot00413_depth_30_light_rain_10AM.txt,30.0|light_rain|10AM,30.0,light_rain,10AM,2744,1590,956 505 1029 547
C:\Users\depthlev\Desktop\droneImages\dataset\depth_30\light_rain\10AM\HighresScreenshot00414_depth_30_light_rain_10AM.png,C:\Users\depthlev\Desktop\droneImages\dataset\depth_30\light_rain\10AM\HighresScreenshot00414_depth_30_light_rain_10AM.txt,30.0|light_rain|10AM,30.0,light_rain,10AM,2744,1590,1025 555 1087 606
C:\Users\depthlev\Desktop\droneImages\dataset\depth_30\light_rain\10AM\HighresScreenshot00415_depth_30_light_rain_10AM.png,C:\Users\depthlev\Desktop\droneImages\dataset\depth_30\light_rain\10AM\HighresScreenshot00415_depth_30_light_rain_10AM.txt,30.0|light_rain|10AM,30.0,light_rain,10AM,2744,1590,2020 762 2118 780
C:\Users\depthlev\Desktop\droneImages\dataset\depth_30\light_rain\10AM\HighresScreenshot00416_depth_30_light_rain_10AM.png,C:\Users\depthlev\Desktop\droneImages\dataset\depth_30\light_rain\10AM\HighresScreenshot00416_depth_30_light_rain_10AM.txt,30.0|light_rain|10AM,30.0,light_rain,10AM,2744,1590,795 750 869 784
C:\Users\depthlev\Desktop\droneImages\dataset\depth_30\light_rain\10AM\HighresScreenshot00417_depth_30_light_rain_10AM.png,C:\Users\depthlev\Desktop\droneImages\dataset\depth_30\light_rain\10AM\HighresScreenshot00417_depth_30_light_rain_10AM.txt,30.0|light_rain|10AM,30.0,light_rain,10AM,2744,1590,809 472 887 531
C:\Users\depthlev\Desktop\droneImages\dataset\depth_30\light_rain\10AM\HighresScreenshot00418_depth_30_light_rain_10AM.png,C:\Users\depthlev\Desktop\droneImages\dataset\depth_30\light_rain\10AM\HighresScreenshot00418_depth_30_light_rain_10AM.txt,30.0|light_rain|10AM,30.0,light_rain,10AM,2744,1590,1285 678 1358 703
C:\Users\depthlev\Desktop\droneImages\dataset\depth_30\light_rain\10AM\HighresScreenshot00419_depth_30_light_rain_10AM.png,C:\Users\depthlev\Desktop\droneImages\dataset\depth_30\light_rain\10AM\HighresScreenshot00419_depth_30_light_rain_10AM.txt,30.0|light_rain|10AM,30.0,light_rain,10AM,2744,1590,945 1157 1025 1227
C:\Users\depthlev\Desktop\droneImages\dataset\depth_30\light_rain\10AM\HighresScreenshot00420_depth_30_light_rain_10AM.png,C:\Users\depthlev\Desktop\droneImages\dataset\depth_30\light_rain\10AM\HighresScreenshot00420_depth_30_light_rain_10AM.txt,30.0|light_rain|10AM,30.0,light_rain,10AM,2744,1590,1128 906 1194 925
C:\Users\depthlev\Desktop\droneImages\dataset\depth_30\light_rain\10AM\HighresScreenshot00421_depth_30_light_rain_10AM.png,C:\Users\depthlev\Desktop\droneImages\dataset\depth_30\light_rain\10AM\HighresScreenshot00421_depth_30_light_rain_10AM.txt,30.0|light_rain|10AM,30.0,light_rain,10AM,2744,1590,1217 606 1295 631
C:\Users\depthlev\Desktop\droneImages\dataset\depth_30\light_rain\10AM\HighresScreenshot00422_depth_30_light_rain_10AM.png,C:\Users\depthlev\Desktop\droneImages\dataset\depth_30\light_rain\10AM\HighresScreenshot00422_depth_30_light_rain_10AM.txt,30.0|light_rain|10AM,30.0,light_rain,10AM,2744,1590,870 1142 952 1213
C:\Users\depthlev\Desktop\droneImages\dataset\depth_30\light_rain\10AM\HighresScreenshot00423_depth_30_light_rain_10AM.png,C:\Users\depthlev\Desktop\droneImages\dataset\depth_30\light_rain\10AM\HighresScreenshot00423_depth_30_light_rain_10AM.txt,30.0|light_rain|10AM,30.0,light_rain,10AM,2744,1590,727 723 799 753
C:\Users\depthlev\Desktop\droneImages\dataset\depth_30\light_rain\10AM\HighresScreenshot00424_depth_30_light_rain_10AM.png,C:\Users\depthlev\Desktop\droneImages\dataset\depth_30\light_rain\10AM\HighresScreenshot00424_depth_30_light_rain_10AM.txt,30.0|light_rain|10AM,30.0,light_rain,10AM,2744,1590,704 882 791 907
C:\Users\depthlev\Desktop\droneImages\dataset\depth_30\light_rain\10AM\HighresScreenshot00425_depth_30_light_rain_10AM.png,C:\Users\depthlev\Desktop\droneImages\dataset\depth_30\light_rain\10AM\HighresScreenshot00425_depth_30_light_rain_10AM.txt,30.0|light_rain|10AM,30.0,light_rain,10AM,2744,1590,1580 598 1655 621
C:\Users\depthlev\Desktop\droneImages\dataset\depth_30\light_rain\10AM\HighresScreenshot00426_depth_30_light_rain_10AM.png,C:\Users\depthlev\Desktop\droneImages\dataset\depth_30\light_rain\10AM\HighresScreenshot00426_depth_30_light_rain_10AM.txt,30.0|light_rain|10AM,30.0,light_rain,10AM,2744,1590,729 526 812 577
C:\Users\depthlev\Desktop\droneImages\dataset\depth_30\light_rain\10AM\HighresScreenshot00427_depth_30_light_rain_10AM.png,C:\Users\depthlev\Desktop\droneImages\dataset\depth_30\light_rain\10AM\HighresScreenshot00427_depth_30_light_rain_10AM.txt,30.0|light_rain|10AM,30.0,light_rain,10AM,2744,1590,965 1200 1044 1256
C:\Users\depthlev\Desktop\droneImages\dataset\depth_30\light_rain\10AM\HighresScreenshot00428_depth_30_light_rain_10AM.png,C:\Users\depthlev\Desktop\droneImages\dataset\depth_30\light_rain\10AM\HighresScreenshot00428_depth_30_light_rain_10AM.txt,30.0|light_rain|10AM,30.0,light_rain,10AM,2744,1590,1764 817 1839 857
C:\Users\depthlev\Desktop\droneImages\dataset\depth_30\light_rain\10AM\HighresScreenshot00429_depth_30_light_rain_10AM.png,C:\Users\depthlev\Desktop\droneImages\dataset\depth_30\light_rain\10AM\HighresScreenshot00429_depth_30_light_rain_10AM.txt,30.0|light_rain|10AM,30.0,light_rain,10AM,2744,1590,1802 869 1883 898
C:\Users\depthlev\Desktop\droneImages\dataset\depth_30\light_rain\10AM\HighresScreenshot00430_depth_30_light_rain_10AM.png,C:\Users\depthlev\Desktop\droneImages\dataset\depth_30\light_rain\10AM\HighresScreenshot00430_depth_30_light_rain_10AM.txt,30.0|light_rain|10AM,30.0,light_rain,10AM,2744,1590,648 737 722 760
C:\Users\depthlev\Desktop\droneImages\dataset\depth_30\light_rain\10AM\HighresScreenshot00431_depth_30_light_rain_10AM.png,C:\Users\depthlev\Desktop\droneImages\dataset\depth_30\light_rain\10AM\HighresScreenshot00431_depth_30_light_rain_10AM.txt,30.0|light_rain|10AM,30.0,light_rain,10AM,2744,1590,1505 1192 1564 1257
C:\Users\depthlev\Desktop\droneImages\dataset\depth_30\light_rain\10AM\HighresScreenshot00432_depth_30_light_rain_10AM.png,C:\Users\depthlev\Desktop\droneImages\dataset\depth_30\light_rain\10AM\HighresScreenshot00432_depth_30_light_rain_10AM.txt,30.0|light_rain|10AM,30.0,light_rain,10AM,2744,1590,1252 1109 1309 1160
C:\Users\depthlev\Desktop\droneImages\dataset\depth_30\light_rain\10AM\HighresScreenshot00433_depth_30_light_rain_10AM.png,C:\Users\depthlev\Desktop\droneImages\dataset\depth_30\light_rain\10AM\HighresScreenshot00433_depth_30_light_rain_10AM.txt,30.0|light_rain|10AM,30.0,light_rain,10AM,2744,1590,1549 881 1624 901
C:\Users\depthlev\Desktop\droneImages\dataset\depth_30\light_rain\10AM\HighresScreenshot00434_depth_30_light_rain_10AM.png,C:\Users\depthlev\Desktop\droneImages\dataset\depth_30\light_rain\10AM\HighresScreenshot00434_depth_30_light_rain_10AM.txt,30.0|light_rain|10AM,30.0,light_rain,10AM,2744,1590,1635 1051 1717 1090
C:\Users\depthlev\Desktop\droneImages\dataset\depth_30\light_rain\10AM\HighresScreenshot00435_depth_30_light_rain_10AM.png,C:\Users\depthlev\Desktop\droneImages\dataset\depth_30\light_rain\10AM\HighresScreenshot00435_depth_30_light_rain_10AM.txt,30.0|light_rain|10AM,30.0,light_rain,10AM,2744,1590,1620 641 1689 686
C:\Users\depthlev\Desktop\droneImages\dataset\depth_30\light_rain\10AM\HighresScreenshot00436_depth_30_light_rain_10AM.png,C:\Users\depthlev\Desktop\droneImages\dataset\depth_30\light_rain\10AM\HighresScreenshot00436_depth_30_light_rain_10AM.txt,30.0|light_rain|10AM,30.0,light_rain,10AM,2744,1590,1894 1089 1977 1142
C:\Users\depthlev\Desktop\droneImages\dataset\depth_30\light_rain\10AM\HighresScreenshot00437_depth_30_light_rain_10AM.png,C:\Users\depthlev\Desktop\droneImages\dataset\depth_30\light_rain\10AM\HighresScreenshot00437_depth_30_light_rain_10AM.txt,30.0|light_rain|10AM,30.0,light_rain,10AM,2744,1590,1212 394 1277 460
C:\Users\depthlev\Desktop\droneImages\dataset\depth_30\light_rain\10AM\HighresScreenshot00438_depth_30_light_rain_10AM.png,C:\Users\depthlev\Desktop\droneImages\dataset\depth_30\light_rain\10AM\HighresScreenshot00438_depth_30_light_rain_10AM.txt,30.0|light_rain|10AM,30.0,light_rain,10AM,2744,1590,946 436 1021 506
C:\Users\depthlev\Desktop\droneImages\dataset\depth_30\light_rain\10AM\HighresScreenshot00439_depth_30_light_rain_10AM.png,C:\Users\depthlev\Desktop\droneImages\dataset\depth_30\light_rain\10AM\HighresScreenshot00439_depth_30_light_rain_10AM.txt,30.0|light_rain|10AM,30.0,light_rain,10AM,2744,1590,1090 1038 1153 1080
C:\Users\depthlev\Desktop\droneImages\dataset\depth_30\light_rain\10AM\HighresScreenshot00440_depth_30_light_rain_10AM.png,C:\Users\depthlev\Desktop\droneImages\dataset\depth_30\light_rain\10AM\HighresScreenshot00440_depth_30_light_rain_10AM.txt,30.0|light_rain|10AM,30.0,light_rain,10AM,2744,1590,1309 1315 1392 1345
C:\Users\depthlev\Desktop\droneImages\dataset\depth_30\light_rain\10AM\HighresScreenshot00441_depth_30_light_rain_10AM.png,C:\Users\depthlev\Desktop\droneImages\dataset\depth_30\light_rain\10AM\HighresScreenshot00441_depth_30_light_rain_10AM.txt,30.0|light_rain|10AM,30.0,light_rain,10AM,2744,1590,1487 1100 1563 1162
C:\Users\depthlev\Desktop\droneImages\dataset\depth_30\light_rain\10AM\HighresScreenshot00442_depth_30_light_rain_10AM.png,C:\Users\depthlev\Desktop\droneImages\dataset\depth_30\light_rain\10AM\HighresScreenshot00442_depth_30_light_rain_10AM.txt,30.0|light_rain|10AM,30.0,light_rain,10AM,2744,1590,1454 1103 1533 1166
C:\Users\depthlev\Desktop\droneImages\dataset\depth_30\light_rain\10AM\HighresScreenshot00443_depth_30_light_rain_10AM.png,C:\Users\depthlev\Desktop\droneImages\dataset\depth_30\light_rain\10AM\HighresScreenshot00443_depth_30_light_rain_10AM.txt,30.0|light_rain|10AM,30.0,light_rain,10AM,2744,1590,1060 760 1134 831
C:\Users\depthlev\Desktop\droneImages\dataset\depth_30\light_rain\10AM\HighresScreenshot00444_depth_30_light_rain_10AM.png,C:\Users\depthlev\Desktop\droneImages\dataset\depth_30\light_rain\10AM\HighresScreenshot00444_depth_30_light_rain_10AM.txt,30.0|light_rain|10AM,30.0,light_rain,10AM,2744,1590,1251 510 1321 548
C:\Users\depthlev\Desktop\droneImages\dataset\depth_30\light_rain\10AM\HighresScreenshot00445_depth_30_light_rain_10AM.png,C:\Users\depthlev\Desktop\droneImages\dataset\depth_30\light_rain\10AM\HighresScreenshot00445_depth_30_light_rain_10AM.txt,30.0|light_rain|10AM,30.0,light_rain,10AM,2744,1590,1313 1202 1390 1234
C:\Users\depthlev\Desktop\droneImages\dataset\depth_30\light_rain\10AM\HighresScreenshot00446_depth_30_light_rain_10AM.png,C:\Users\depthlev\Desktop\droneImages\dataset\depth_30\light_rain\10AM\HighresScreenshot00446_depth_30_light_rain_10AM.txt,30.0|light_rain|10AM,30.0,light_rain,10AM,2744,1590,1249 464 1327 532
C:\Users\depthlev\Desktop\droneImages\dataset\depth_30\light_rain\10AM\HighresScreenshot00447_depth_30_light_rain_10AM.png,C:\Users\depthlev\Desktop\droneImages\dataset\depth_30\light_rain\10AM\HighresScreenshot00447_depth_30_light_rain_10AM.txt,30.0|light_rain|10AM,30.0,light_rain,10AM,2744,1590,963 808 1031 850
C:\Users\depthlev\Desktop\droneImages\dataset\depth_30\light_rain\10AM\HighresScreenshot00448_depth_30_light_rain_10AM.png,C:\Users\depthlev\Desktop\droneImages\dataset\depth_30\light_rain\10AM\HighresScreenshot00448_depth_30_light_rain_10AM.txt,30.0|light_rain|10AM,30.0,light_rain,10AM,2744,1590,1662 612 1736 657
C:\Users\depthlev\Desktop\droneImages\dataset\depth_30\light_rain\10AM\HighresScreenshot00449_depth_30_light_rain_10AM.png,C:\Users\depthlev\Desktop\droneImages\dataset\depth_30\light_rain\10AM\HighresScreenshot00449_depth_30_light_rain_10AM.txt,30.0|light_rain|10AM,30.0,light_rain,10AM,2744,1590,1368 706 1435 753
C:\Users\depthlev\Desktop\droneImages\dataset\depth_30\light_rain\10AM\HighresScreenshot00450_depth_30_light_rain_10AM.png,C:\Users\depthlev\Desktop\droneImages\dataset\depth_30\light_rain\10AM\HighresScreenshot00450_depth_30_light_rain_10AM.txt,30.0|light_rain|10AM,30.0,light_rain,10AM,2744,1590,1873 1077 1964 1115
C:\Users\depthlev\Desktop\droneImages\dataset\depth_30\light_rain\10AM\HighresScreenshot00451_depth_30_light_rain_10AM.png,C:\Users\depthlev\Desktop\droneImages\dataset\depth_30\light_rain\10AM\HighresScreenshot00451_depth_30_light_rain_10AM.txt,30.0|light_rain|10AM,30.0,light_rain,10AM,2744,1590,1604 354 1678 420
C:\Users\depthlev\Desktop\droneImages\dataset\depth_30\light_rain\10AM\HighresScreenshot00452_depth_30_light_rain_10AM.png,C:\Users\depthlev\Desktop\droneImages\dataset\depth_30\light_rain\10AM\HighresScreenshot00452_depth_30_light_rain_10AM.txt,30.0|light_rain|10AM,30.0,light_rain,10AM,2744,1590,1361 1294 1424 1342
C:\Users\depthlev\Desktop\droneImages\dataset\depth_30\light_rain\10AM\HighresScreenshot00453_depth_30_light_rain_10AM.png,C:\Users\depthlev\Desktop\droneImages\dataset\depth_30\light_rain\10AM\HighresScreenshot00453_depth_30_light_rain_10AM.txt,30.0|light_rain|10AM,30.0,light_rain,10AM,2744,1590,753 728 838 786
C:\Users\depthlev\Desktop\droneImages\dataset\depth_30\light_rain\10AM\HighresScreenshot00454_depth_30_light_rain_10AM.png,C:\Users\depthlev\Desktop\droneImages\dataset\depth_30\light_rain\10AM\HighresScreenshot00454_depth_30_light_rain_10AM.txt,30.0|light_rain|10AM,30.0,light_rain,10AM,2744,1590,1877 1092 1953 1135
C:\Users\depthlev\Desktop\droneImages\dataset\depth_30\light_rain\10AM\HighresScreenshot00455_depth_30_light_rain_10AM.png,C:\Users\depthlev\Desktop\droneImages\dataset\depth_30\light_rain\10AM\HighresScreenshot00455_depth_30_light_rain_10AM.txt,30.0|light_rain|10AM,30.0,light_rain,10AM,2744,1590,1112 519 1184 537
C:\Users\depthlev\Desktop\droneImages\dataset\depth_30\light_rain\10AM\HighresScreenshot00456_depth_30_light_rain_10AM.png,C:\Users\depthlev\Desktop\droneImages\dataset\depth_30\light_rain\10AM\HighresScreenshot00456_depth_30_light_rain_10AM.txt,30.0|light_rain|10AM,30.0,light_rain,10AM,2744,1590,945 1251 1032 1273
C:\Users\depthlev\Desktop\droneImages\dataset\depth_30\light_rain\10AM\HighresScreenshot00457_depth_30_light_rain_10AM.png,C:\Users\depthlev\Desktop\droneImages\dataset\depth_30\light_rain\10AM\HighresScreenshot00457_depth_30_light_rain_10AM.txt,30.0|light_rain|10AM,30.0,light_rain,10AM,2744,1590,1109 496 1176 563
C:\Users\depthlev\Desktop\droneImages\dataset\depth_30\light_rain\10AM\HighresScreenshot00458_depth_30_light_rain_10AM.png,C:\Users\depthlev\Desktop\droneImages\dataset\depth_30\light_rain\10AM\HighresScreenshot00458_depth_30_light_rain_10AM.txt,30.0|light_rain|10AM,30.0,light_rain,10AM,2744,1590,859 1177 945 1234
C:\Users\depthlev\Desktop\droneImages\dataset\depth_30\light_rain\10AM\HighresScreenshot00459_depth_30_light_rain_10AM.png,C:\Users\depthlev\Desktop\droneImages\dataset\depth_30\light_rain\10AM\HighresScreenshot00459_depth_30_light_rain_10AM.txt,30.0|light_rain|10AM,30.0,light_rain,10AM,2744,1590,845 359 930 404
C:\Users\depthlev\Desktop\droneImages\dataset\depth_30\light_rain\10AM\HighresScreenshot00460_depth_30_light_rain_10AM.png,C:\Users\depthlev\Desktop\droneImages\dataset\depth_30\light_rain\10AM\HighresScreenshot00460_depth_30_light_rain_10AM.txt,30.0|light_rain|10AM,30.0,light_rain,10AM,2744,1590,1008 640 1080 664
C:\Users\depthlev\Desktop\droneImages\dataset\depth_30\light_rain\10AM\HighresScreenshot00461_depth_30_light_rain_10AM.png,C:\Users\depthlev\Desktop\droneImages\dataset\depth_30\light_rain\10AM\HighresScreenshot00461_depth_30_light_rain_10AM.txt,30.0|light_rain|10AM,30.0,light_rain,10AM,2744,1590,1530 741 1587 781
C:\Users\depthlev\Desktop\droneImages\dataset\depth_30\light_rain\10AM\HighresScreenshot00462_depth_30_light_rain_10AM.png,C:\Users\depthlev\Desktop\droneImages\dataset\depth_30\light_rain\10AM\HighresScreenshot00462_depth_30_light_rain_10AM.txt,30.0|light_rain|10AM,30.0,light_rain,10AM,2744,1590,1124 389 1206 427
C:\Users\depthlev\Desktop\droneImages\dataset\depth_30\light_rain\10AM\HighresScreenshot00463_depth_30_light_rain_10AM.png,C:\Users\depthlev\Desktop\droneImages\dataset\depth_30\light_rain\10AM\HighresScreenshot00463_depth_30_light_rain_10AM.txt,30.0|light_rain|10AM,30.0,light_rain,10AM,2744,1590,1120 512 1197 552
C:\Users\depthlev\Desktop\droneImages\dataset\depth_30\light_rain\10AM\HighresScreenshot00464_depth_30_light_rain_10AM.png,C:\Users\depthlev\Desktop\droneImages\dataset\depth_30\light_rain\10AM\HighresScreenshot00464_depth_30_light_rain_10AM.txt,30.0|light_rain|10AM,30.0,light_rain,10AM,2744,1590,803 639 892 695
C:\Users\depthlev\Desktop\droneImages\dataset\depth_30\light_rain\10AM\HighresScreenshot00465_depth_30_light_rain_10AM.png,C:\Users\depthlev\Desktop\droneImages\dataset\depth_30\light_rain\10AM\HighresScreenshot00465_depth_30_light_rain_10AM.txt,30.0|light_rain|10AM,30.0,light_rain,10AM,2744,1590,1762 623 1829 668
C:\Users\depthlev\Desktop\droneImages\dataset\depth_30\light_rain\10AM\HighresScreenshot00466_depth_30_light_rain_10AM.png,C:\Users\depthlev\Desktop\droneImages\dataset\depth_30\light_rain\10AM\HighresScreenshot00466_depth_30_light_rain_10AM.txt,30.0|light_rain|10AM,30.0,light_rain,10AM,2744,1590,1485 1194 1548 1261
C:\Users\depthlev\Desktop\droneImages\dataset\depth_30\light_rain\10AM\HighresScreenshot00467_depth_30_light_rain_10AM.png,C:\Users\depthlev\Desktop\droneImages\dataset\depth_30\light_rain\10AM\HighresScreenshot00467_depth_30_light_rain_10AM.txt,30.0|light_rain|10AM,30.0,light_rain,10AM,2744,1590,1455 1054 1533 1080
C:\Users\depthlev\Desktop\droneImages\dataset\depth_30\light_rain\10AM\HighresScreenshot00468_depth_30_light_rain_10AM.png,C:\Users\depthlev\Desktop\droneImages\dataset\depth_30\light_rain\10AM\HighresScreenshot00468_depth_30_light_rain_10AM.txt,30.0|light_rain|10AM,30.0,light_rain,10AM,2744,1590,614 1341 708 1376
C:\Users\depthlev\Desktop\droneImages\dataset\depth_30\light_rain\10AM\HighresScreenshot00469_depth_30_light_rain_10AM.png,C:\Users\depthlev\Desktop\droneImages\dataset\depth_30\light_rain\10AM\HighresScreenshot00469_depth_30_light_rain_10AM.txt,30.0|light_rain|10AM,30.0,light_rain,10AM,2744,1590,1347 634 1409 652
C:\Users\depthlev\Desktop\droneImages\dataset\depth_30\light_rain\10AM\HighresScreenshot00470_depth_30_light_rain_10AM.png,C:\Users\depthlev\Desktop\droneImages\dataset\depth_30\light_rain\10AM\HighresScreenshot00470_depth_30_light_rain_10AM.txt,30.0|light_rain|10AM,30.0,light_rain,10AM,2744,1590,1119 1170 1201 1229
C:\Users\depthlev\Desktop\droneImages\dataset\depth_30\light_rain\10AM\HighresScreenshot00471_depth_30_light_rain_10AM.png,C:\Users\depthlev\Desktop\droneImages\dataset\depth_30\light_rain\10AM\HighresScreenshot00471_depth_30_light_rain_10AM.txt,30.0|light_rain|10AM,30.0,light_rain,10AM,2744,1590,758 935 825 992
C:\Users\depthlev\Desktop\droneImages\dataset\depth_30\light_rain\10AM\HighresScreenshot00472_depth_30_light_rain_10AM.png,C:\Users\depthlev\Desktop\droneImages\dataset\depth_30\light_rain\10AM\HighresScreenshot00472_depth_30_light_rain_10AM.txt,30.0|light_rain|10AM,30.0,light_rain,10AM,2744,1590,1727 970 1799 1017
C:\Users\depthlev\Desktop\droneImages\dataset\depth_30\light_rain\10AM\HighresScreenshot00473_depth_30_light_rain_10AM.png,C:\Users\depthlev\Desktop\droneImages\dataset\depth_30\light_rain\10AM\HighresScreenshot00473_depth_30_light_rain_10AM.txt,30.0|light_rain|10AM,30.0,light_rain,10AM,2744,1590,1280 755 1348 816
C:\Users\depthlev\Desktop\droneImages\dataset\depth_30\light_rain\10AM\HighresScreenshot00474_depth_30_light_rain_10AM.png,C:\Users\depthlev\Desktop\droneImages\dataset\depth_30\light_rain\10AM\HighresScreenshot00474_depth_30_light_rain_10AM.txt,30.0|light_rain|10AM,30.0,light_rain,10AM,2744,1590,1376 1005 1448 1068
C:\Users\depthlev\Desktop\droneImages\dataset\depth_30\light_rain\10AM\HighresScreenshot00475_depth_30_light_rain_10AM.png,C:\Users\depthlev\Desktop\droneImages\dataset\depth_30\light_rain\10AM\HighresScreenshot00475_depth_30_light_rain_10AM.txt,30.0|light_rain|10AM,30.0,light_rain,10AM,2744,1590,1858 1247 1927 1278
C:\Users\depthlev\Desktop\droneImages\dataset\depth_30\light_rain\10AM\HighresScreenshot00476_depth_30_light_rain_10AM.png,C:\Users\depthlev\Desktop\droneImages\dataset\depth_30\light_rain\10AM\HighresScreenshot00476_depth_30_light_rain_10AM.txt,30.0|light_rain|10AM,30.0,light_rain,10AM,2744,1590,1818 493 1901 536
C:\Users\depthlev\Desktop\droneImages\dataset\depth_30\light_rain\10AM\HighresScreenshot00477_depth_30_light_rain_10AM.png,C:\Users\depthlev\Desktop\droneImages\dataset\depth_30\light_rain\10AM\HighresScreenshot00477_depth_30_light_rain_10AM.txt,30.0|light_rain|10AM,30.0,light_rain,10AM,2744,1590,750 1080 828 1107
C:\Users\depthlev\Desktop\droneImages\dataset\depth_30\light_rain\10AM\HighresScreenshot00478_depth_30_light_rain_10AM.png,C:\Users\depthlev\Desktop\droneImages\dataset\depth_30\light_rain\10AM\HighresScreenshot00478_depth_30_light_rain_10AM.txt,30.0|light_rain|10AM,30.0,light_rain,10AM,2744,1590,1003 761 1068 807
C:\Users\depthlev\Desktop\droneImages\dataset\depth_30\light_rain\10AM\HighresScreenshot00479_depth_30_light_rain_10AM.png,C:\Users\depthlev\Desktop\droneImages\dataset\depth_30\light_rain\10AM\HighresScreenshot00479_depth_30_light_rain_10AM.txt,30.0|light_rain|10AM,30.0,light_rain,10AM,2744,1590,1834 596 1900 642
C:\Users\depthlev\Desktop\droneImages\dataset\depth_30\light_rain\10AM\HighresScreenshot00480_depth_30_light_rain_10AM.png,C:\Users\depthlev\Desktop\droneImages\dataset\depth_30\light_rain\10AM\HighresScreenshot00480_depth_30_light_rain_10AM.txt,30.0|light_rain|10AM,30.0,light_rain,10AM,2744,1590,788 404 864 450
C:\Users\depthlev\Desktop\droneImages\dataset\depth_30\light_rain\10AM\HighresScreenshot00481_depth_30_light_rain_10AM.png,C:\Users\depthlev\Desktop\droneImages\dataset\depth_30\light_rain\10AM\HighresScreenshot00481_depth_30_light_rain_10AM.txt,30.0|light_rain|10AM,30.0,light_rain,10AM,2744,1590,968 1229 1055 1268
C:\Users\depthlev\Desktop\droneImages\dataset\depth_30\light_rain\10AM\HighresScreenshot00482_depth_30_light_rain_10AM.png,C:\Users\depthlev\Desktop\droneImages\dataset\depth_30\light_rain\10AM\HighresScreenshot00482_depth_30_light_rain_10AM.txt,30.0|light_rain|10AM,30.0,light_rain,10AM,2744,1590,1372 366 1438 412
C:\Users\depthlev\Desktop\droneImages\dataset\depth_30\light_rain\10AM\HighresScreenshot00483_depth_30_light_rain_10AM.png,C:\Users\depthlev\Desktop\droneImages\dataset\depth_30\light_rain\10AM\HighresScreenshot00483_depth_30_light_rain_10AM.txt,30.0|light_rain|10AM,30.0,light_rain,10AM,2744,1590,1682 1341 1759 1403
C:\Users\depthlev\Desktop\droneImages\dataset\depth_30\light_rain\10AM\HighresScreenshot00484_depth_30_light_rain_10AM.png,C:\Users\depthlev\Desktop\droneImages\dataset\depth_30\light_rain\10AM\HighresScreenshot00484_depth_30_light_rain_10AM.txt,30.0|light_rain|10AM,30.0,light_rain,10AM,2744,1590,1952 969 2047 1024
C:\Users\depthlev\Desktop\droneImages\dataset\depth_30\light_rain\10AM\HighresScreenshot00485_depth_30_light_rain_10AM.png,C:\Users\depthlev\Desktop\droneImages\dataset\depth_30\light_rain\10AM\HighresScreenshot00485_depth_30_light_rain_10AM.txt,30.0|light_rain|10AM,30.0,light_rain,10AM,2744,1590,1521 885 1598 910
C:\Users\depthlev\Desktop\droneImages\dataset\depth_30\light_rain\10AM\HighresScreenshot00486_depth_30_light_rain_10AM.png,C:\Users\depthlev\Desktop\droneImages\dataset\depth_30\light_rain\10AM\HighresScreenshot00486_depth_30_light_rain_10AM.txt,30.0|light_rain|10AM,30.0,light_rain,10AM,2744,1590,1454 617 1513 677
C:\Users\depthlev\Desktop\droneImages\dataset\depth_30\light_rain\10AM\HighresScreenshot00487_depth_30_light_rain_10AM.png,C:\Users\depthlev\Desktop\droneImages\dataset\depth_30\light_rain\10AM\HighresScreenshot00487_depth_30_light_rain_10AM.txt,30.0|light_rain|10AM,30.0,light_rain,10AM,2744,1590,1259 1007 1317 1061
C:\Users\depthlev\Desktop\droneImages\dataset\depth_30\light_rain\10AM\HighresScreenshot00488_depth_30_light_rain_10AM.png,C:\Users\depthlev\Desktop\droneImages\dataset\depth_30\light_rain\10AM\HighresScreenshot00488_depth_30_light_rain_10AM.txt,30.0|light_rain|10AM,30.0,light_rain,10AM,2744,1590,994 1170 1066 1205
C:\Users\depthlev\Desktop\droneImages\dataset\depth_30\light_rain\10AM\HighresScreenshot00489_depth_30_light_rain_10AM.png,C:\Users\depthlev\Desktop\droneImages\dataset\depth_30\light_rain\10AM\HighresScreenshot00489_depth_30_light_rain_10AM.txt,30.0|light_rain|10AM,30.0,light_rain,10AM,2744,1590,1066 1005 1140 1062
C:\Users\depthlev\Desktop\droneImages\dataset\depth_30\light_rain\10AM\HighresScreenshot00490_depth_30_light_rain_10AM.png,C:\Users\depthlev\Desktop\droneImages\dataset\depth_30\light_rain\10AM\HighresScreenshot00490_depth_30_light_rain_10AM.txt,30.0|light_rain|10AM,30.0,light_rain,10AM,2744,1590,1265 732 1342 747
C:\Users\depthlev\Desktop\droneImages\dataset\depth_30\light_rain\10AM\HighresScreenshot00491_depth_30_light_rain_10AM.png,C:\Users\depthlev\Desktop\droneImages\dataset\depth_30\light_rain\10AM\HighresScreenshot00491_depth_30_light_rain_10AM.txt,30.0|light_rain|10AM,30.0,light_rain,10AM,2744,1590,877 540 957 609
C:\Users\depthlev\Desktop\droneImages\dataset\depth_30\light_rain\10AM\HighresScreenshot00492_depth_30_light_rain_10AM.png,C:\Users\depthlev\Desktop\droneImages\dataset\depth_30\light_rain\10AM\HighresScreenshot00492_depth_30_light_rain_10AM.txt,30.0|light_rain|10AM,30.0,light_rain,10AM,2744,1590,1107 1166 1181 1235
C:\Users\depthlev\Desktop\droneImages\dataset\depth_30\light_rain\10AM\HighresScreenshot00493_depth_30_light_rain_10AM.png,C:\Users\depthlev\Desktop\droneImages\dataset\depth_30\light_rain\10AM\HighresScreenshot00493_depth_30_light_rain_10AM.txt,30.0|light_rain|10AM,30.0,light_rain,10AM,2744,1590,1257 495 1335 541
C:\Users\depthlev\Desktop\droneImages\dataset\depth_30\light_rain\10AM\HighresScreenshot00494_depth_30_light_rain_10AM.png,C:\Users\depthlev\Desktop\droneImages\dataset\depth_30\light_rain\10AM\HighresScreenshot00494_depth_30_light_rain_10AM.txt,30.0|light_rain|10AM,30.0,light_rain,10AM,2744,1590,1775 397 1854 429
C:\Users\depthlev\Desktop\droneImages\dataset\depth_30\light_rain\10AM\HighresScreenshot00495_depth_30_light_rain_10AM.png,C:\Users\depthlev\Desktop\droneImages\dataset\depth_30\light_rain\10AM\HighresScreenshot00495_depth_30_light_rain_10AM.txt,30.0|light_rain|10AM,30.0,light_rain,10AM,2744,1590,1164 1255 1237 1332
C:\Users\depthlev\Desktop\droneImages\dataset\depth_30\light_rain\10AM\HighresScreenshot00496_depth_30_light_rain_10AM.png,C:\Users\depthlev\Desktop\droneImages\dataset\depth_30\light_rain\10AM\HighresScreenshot00496_depth_30_light_rain_10AM.txt,30.0|light_rain|10AM,30.0,light_rain,10AM,2744,1590,887 1211 972 1281
C:\Users\depthlev\Desktop\droneImages\dataset\depth_30\light_rain\10AM\HighresScreenshot00497_depth_30_light_rain_10AM.png,C:\Users\depthlev\Desktop\droneImages\dataset\depth_30\light_rain\10AM\HighresScreenshot00497_depth_30_light_rain_10AM.txt,30.0|light_rain|10AM,30.0,light_rain,10AM,2744,1590,597 533 685 556
C:\Users\depthlev\Desktop\droneImages\dataset\depth_30\light_rain\10AM\HighresScreenshot00498_depth_30_light_rain_10AM.png,C:\Users\depthlev\Desktop\droneImages\dataset\depth_30\light_rain\10AM\HighresScreenshot00498_depth_30_light_rain_10AM.txt,30.0|light_rain|10AM,30.0,light_rain,10AM,2744,1590,981 609 1058 653
C:\Users\depthlev\Desktop\droneImages\dataset\depth_30\light_rain\10AM\HighresScreenshot00499_depth_30_light_rain_10AM.png,C:\Users\depthlev\Desktop\droneImages\dataset\depth_30\light_rain\10AM\HighresScreenshot00499_depth_30_light_rain_10AM.txt,30.0|light_rain|10AM,30.0,light_rain,10AM,2744,1590,1738 973 1813 991
C:\Users\depthlev\Desktop\droneImages\dataset\depth_30\light_rain\10AM\HighresScreenshot00500_depth_30_light_rain_10AM.png,C:\Users\depthlev\Desktop\droneImages\dataset\depth_30\light_rain\10AM\HighresScreenshot00500_depth_30_light_rain_10AM.txt,30.0|light_rain|10AM,30.0,light_rain,10AM,2744,1590,807 722 893 756
C:\Users\depthlev\Desktop\droneImages\dataset\depth_30\light_rain\10AM\HighresScreenshot00501_depth_30_light_rain_10AM.png,C:\Users\depthlev\Desktop\droneImages\dataset\depth_30\light_rain\10AM\HighresScreenshot00501_depth_30_light_rain_10AM.txt,30.0|light_rain|10AM,30.0,light_rain,10AM,2744,1590,1853 703 1921 756
C:\Users\depthlev\Desktop\droneImages\dataset\depth_30\light_rain\10AM\HighresScreenshot00502_depth_30_light_rain_10AM.png,C:\Users\depthlev\Desktop\droneImages\dataset\depth_30\light_rain\10AM\HighresScreenshot00502_depth_30_light_rain_10AM.txt,30.0|light_rain|10AM,30.0,light_rain,10AM,2744,1590,1436 1270 1504 1286
C:\Users\depthlev\Desktop\droneImages\dataset\depth_30\light_rain\10AM\HighresScreenshot00503_depth_30_light_rain_10AM.png,C:\Users\depthlev\Desktop\droneImages\dataset\depth_30\light_rain\10AM\HighresScreenshot00503_depth_30_light_rain_10AM.txt,30.0|light_rain|10AM,30.0,light_rain,10AM,2744,1590,1901 750 1967 785
C:\Users\depthlev\Desktop\droneImages\dataset\depth_30\light_rain\10AM\HighresScreenshot00504_depth_30_light_rain_10AM.png,C:\Users\depthlev\Desktop\droneImages\dataset\depth_30\light_rain\10AM\HighresScreenshot00504_depth_30_light_rain_10AM.txt,30.0|light_rain|10AM,30.0,light_rain,10AM,2744,1590,1485 1138 1565 1218
C:\Users\depthlev\Desktop\droneImages\dataset\depth_30\light_rain\10AM\HighresScreenshot00505_depth_30_light_rain_10AM.png,C:\Users\depthlev\Desktop\droneImages\dataset\depth_30\light_rain\10AM\HighresScreenshot00505_depth_30_light_rain_10AM.txt,30.0|light_rain|10AM,30.0,light_rain,10AM,2744,1590,1248 1235 1327 1293
C:\Users\depthlev\Desktop\droneImages\dataset\depth_30\light_rain\10AM\HighresScreenshot00506_depth_30_light_rain_10AM.png,C:\Users\depthlev\Desktop\droneImages\dataset\depth_30\light_rain\10AM\HighresScreenshot00506_depth_30_light_rain_10AM.txt,30.0|light_rain|10AM,30.0,light_rain,10AM,2744,1590,1160 766 1232 814
C:\Users\depthlev\Desktop\droneImages\dataset\depth_30\light_rain\10AM\HighresScreenshot00507_depth_30_light_rain_10AM.png,C:\Users\depthlev\Desktop\droneImages\dataset\depth_30\light_rain\10AM\HighresScreenshot00507_depth_30_light_rain_10AM.txt,30.0|light_rain|10AM,30.0,light_rain,10AM,2744,1590,1357 796 1433 827
C:\Users\depthlev\Desktop\droneImages\dataset\depth_30\light_rain\10AM\HighresScreenshot00508_depth_30_light_rain_10AM.png,C:\Users\depthlev\Desktop\droneImages\dataset\depth_30\light_rain\10AM\HighresScreenshot00508_depth_30_light_rain_10AM.txt,30.0|light_rain|10AM,30.0,light_rain,10AM,2744,1590,1364 586 1442 636
C:\Users\depthlev\Desktop\droneImages\dataset\depth_30\light_rain\10AM\HighresScreenshot00509_depth_30_light_rain_10AM.png,C:\Users\depthlev\Desktop\droneImages\dataset\depth_30\light_rain\10AM\HighresScreenshot00509_depth_30_light_rain_10AM.txt,30.0|light_rain|10AM,30.0,light_rain,10AM,2744,1590,1532 1007 1605 1081
C:\Users\depthlev\Desktop\droneImages\dataset\depth_30\light_rain\10AM\HighresScreenshot00510_depth_30_light_rain_10AM.png,C:\Users\depthlev\Desktop\droneImages\dataset\depth_30\light_rain\10AM\HighresScreenshot00510_depth_30_light_rain_10AM.txt,30.0|light_rain|10AM,30.0,light_rain,10AM,2744,1590,1220 1264 1286 1319
C:\Users\depthlev\Desktop\droneImages\dataset\depth_30\light_rain\10AM\HighresScreenshot00511_depth_30_light_rain_10AM.png,C:\Users\depthlev\Desktop\droneImages\dataset\depth_30\light_rain\10AM\HighresScreenshot00511_depth_30_light_rain_10AM.txt,30.0|light_rain|10AM,30.0,light_rain,10AM,2744,1590,1418 479 1489 542
C:\Users\depthlev\Desktop\droneImages\dataset\depth_30\light_rain\10AM\HighresScreenshot00512_depth_30_light_rain_10AM.png,C:\Users\depthlev\Desktop\droneImages\dataset\depth_30\light_rain\10AM\HighresScreenshot00512_depth_30_light_rain_10AM.txt,30.0|light_rain|10AM,30.0,light_rain,10AM,2744,1590,1185 544 1249 603
C:\Users\depthlev\Desktop\droneImages\dataset\depth_30\light_rain\10AM\HighresScreenshot00513_depth_30_light_rain_10AM.png,C:\Users\depthlev\Desktop\droneImages\dataset\depth_30\light_rain\10AM\HighresScreenshot00513_depth_30_light_rain_10AM.txt,30.0|light_rain|10AM,30.0,light_rain,10AM,2744,1590,1928 896 2020 938
C:\Users\depthlev\Desktop\droneImages\dataset\depth_30\light_rain\10AM\HighresScreenshot00514_depth_30_light_rain_10AM.png,C:\Users\depthlev\Desktop\droneImages\dataset\depth_30\light_rain\10AM\HighresScreenshot00514_depth_30_light_rain_10AM.txt,30.0|light_rain|10AM,30.0,light_rain,10AM,2744,1590,1312 429 1388 507
C:\Users\depthlev\Desktop\droneImages\dataset\depth_30\light_rain\10AM\HighresScreenshot00515_depth_30_light_rain_10AM.png,C:\Users\depthlev\Desktop\droneImages\dataset\depth_30\light_rain\10AM\HighresScreenshot00515_depth_30_light_rain_10AM.txt,30.0|light_rain|10AM,30.0,light_rain,10AM,2744,1590,1360 807 1435 845
C:\Users\depthlev\Desktop\droneImages\dataset\depth_30\light_rain\10AM\HighresScreenshot00516_depth_30_light_rain_10AM.png,C:\Users\depthlev\Desktop\droneImages\dataset\depth_30\light_rain\10AM\HighresScreenshot00516_depth_30_light_rain_10AM.txt,30.0|light_rain|10AM,30.0,light_rain,10AM,2744,1590,696 529 766 587
C:\Users\depthlev\Desktop\droneImages\dataset\depth_30\light_rain\10AM\HighresScreenshot00517_depth_30_light_rain_10AM.png,C:\Users\depthlev\Desktop\droneImages\dataset\depth_30\light_rain\10AM\HighresScreenshot00517_depth_30_light_rain_10AM.txt,30.0|light_rain|10AM,30.0,light_rain,10AM,2744,1590,1206 762 1263 813
C:\Users\depthlev\Desktop\droneImages\dataset\depth_30\light_rain\10AM\HighresScreenshot00518_depth_30_light_rain_10AM.png,C:\Users\depthlev\Desktop\droneImages\dataset\depth_30\light_rain\10AM\HighresScreenshot00518_depth_30_light_rain_10AM.txt,30.0|light_rain|10AM,30.0,light_rain,10AM,2744,1590,1478 641 1553 712
C:\Users\depthlev\Desktop\droneImages\dataset\depth_30\light_rain\10AM\HighresScreenshot00519_depth_30_light_rain_10AM.png,C:\Users\depthlev\Desktop\droneImages\dataset\depth_30\light_rain\10AM\HighresScreenshot00519_depth_30_light_rain_10AM.txt,30.0|light_rain|10AM,30.0,light_rain,10AM,2744,1590,1010 379 1076 428
C:\Users\depthlev\Desktop\droneImages\dataset\depth_30\light_rain\10AM\HighresScreenshot00520_depth_30_light_rain_10AM.png,C:\Users\depthlev\Desktop\droneImages\dataset\depth_30\light_rain\10AM\HighresScreenshot00520_depth_30_light_rain_10AM.txt,30.0|light_rain|10AM,30.0,light_rain,10AM,2744,1590,1282 381 1361 462
C:\Users\depthlev\Desktop\droneImages\dataset\depth_30\light_rain\10AM\HighresScreenshot00521_depth_30_light_rain_10AM.png,C:\Users\depthlev\Desktop\droneImages\dataset\depth_30\light_rain\10AM\HighresScreenshot00521_depth_30_light_rain_10AM.txt,30.0|light_rain|10AM,30.0,light_rain,10AM,2744,1590,1973 1345 2060 1383
C:\Users\depthlev\Desktop\droneImages\dataset\depth_30\light_rain\10AM\HighresScreenshot00522_depth_30_light_rain_10AM.png,C:\Users\depthlev\Desktop\droneImages\dataset\depth_30\light_rain\10AM\HighresScreenshot00522_depth_30_light_rain_10AM.txt,30.0|light_rain|10AM,30.0,light_rain,10AM,2744,1590,2003 793 2076 835
C:\Users\depthlev\Desktop\droneImages\dataset\depth_30\light_rain\10AM\HighresScreenshot00523_depth_30_light_rain_10AM.png,C:\Users\depthlev\Desktop\droneImages\dataset\depth_30\light_rain\10AM\HighresScreenshot00523_depth_30_light_rain_10AM.txt,30.0|light_rain|10AM,30.0,light_rain,10AM,2744,1590,1364 342 1442 385
C:\Users\depthlev\Desktop\droneImages\dataset\depth_30\light_rain\10AM\HighresScreenshot00524_depth_30_light_rain_10AM.png,C:\Users\depthlev\Desktop\droneImages\dataset\depth_30\light_rain\10AM\HighresScreenshot00524_depth_30_light_rain_10AM.txt,30.0|light_rain|10AM,30.0,light_rain,10AM,2744,1590,1912 1194 2007 1263
C:\Users\depthlev\Desktop\droneImages\dataset\depth_30\light_rain\10AM\HighresScreenshot00525_depth_30_light_rain_10AM.png,C:\Users\depthlev\Desktop\droneImages\dataset\depth_30\light_rain\10AM\HighresScreenshot00525_depth_30_light_rain_10AM.txt,30.0|light_rain|10AM,30.0,light_rain,10AM,2744,1590,1087 476 1156 498
C:\Users\depthlev\Desktop\droneImages\dataset\depth_30\light_rain\10AM\HighresScreenshot00526_depth_30_light_rain_10AM.png,C:\Users\depthlev\Desktop\droneImages\dataset\depth_30\light_rain\10AM\HighresScreenshot00526_depth_30_light_rain_10AM.txt,30.0|light_rain|10AM,30.0,light_rain,10AM,2744,1590,775 731 850 771
C:\Users\depthlev\Desktop\droneImages\dataset\depth_30\light_rain\10AM\HighresScreenshot00527_depth_30_light_rain_10AM.png,C:\Users\depthlev\Desktop\droneImages\dataset\depth_30\light_rain\10AM\HighresScreenshot00527_depth_30_light_rain_10AM.txt,30.0|light_rain|10AM,30.0,light_rain,10AM,2744,1590,1214 902 1276 963
C:\Users\depthlev\Desktop\droneImages\dataset\depth_30\light_rain\10AM\HighresScreenshot00528_depth_30_light_rain_10AM.png,C:\Users\depthlev\Desktop\droneImages\dataset\depth_30\light_rain\10AM\HighresScreenshot00528_depth_30_light_rain_10AM.txt,30.0|light_rain|10AM,30.0,light_rain,10AM,2744,1590,1842 887 1924 917
C:\Users\depthlev\Desktop\droneImages\dataset\depth_30\light_rain\10AM\HighresScreenshot00529_depth_30_light_rain_10AM.png,C:\Users\depthlev\Desktop\droneImages\dataset\depth_30\light_rain\10AM\HighresScreenshot00529_depth_30_light_rain_10AM.txt,30.0|light_rain|10AM,30.0,light_rain,10AM,2744,1590,714 777 787 829
C:\Users\depthlev\Desktop\droneImages\dataset\depth_30\light_rain\10AM\HighresScreenshot00530_depth_30_light_rain_10AM.png,C:\Users\depthlev\Desktop\droneImages\dataset\depth_30\light_rain\10AM\HighresScreenshot00530_depth_30_light_rain_10AM.txt,30.0|light_rain|10AM,30.0,light_rain,10AM,2744,1590,1478 617 1557 646
C:\Users\depthlev\Desktop\droneImages\dataset\depth_30\light_rain\10AM\HighresScreenshot00531_depth_30_light_rain_10AM.png,C:\Users\depthlev\Desktop\droneImages\dataset\depth_30\light_rain\10AM\HighresScreenshot00531_depth_30_light_rain_10AM.txt,30.0|light_rain|10AM,30.0,light_rain,10AM,2744,1590,2055 385 2148 435
C:\Users\depthlev\Desktop\droneImages\dataset\depth_30\light_rain\10AM\HighresScreenshot00532_depth_30_light_rain_10AM.png,C:\Users\depthlev\Desktop\droneImages\dataset\depth_30\light_rain\10AM\HighresScreenshot00532_depth_30_light_rain_10AM.txt,30.0|light_rain|10AM,30.0,light_rain,10AM,2744,1590,1264 784 1336 845
C:\Users\depthlev\Desktop\droneImages\dataset\depth_30\light_rain\10AM\HighresScreenshot00533_depth_30_light_rain_10AM.png,C:\Users\depthlev\Desktop\droneImages\dataset\depth_30\light_rain\10AM\HighresScreenshot00533_depth_30_light_rain_10AM.txt,30.0|light_rain|10AM,30.0,light_rain,10AM,2744,1590,1140 660 1212 708
C:\Users\depthlev\Desktop\droneImages\dataset\depth_30\light_rain\10AM\HighresScreenshot00534_depth_30_light_rain_10AM.png,C:\Users\depthlev\Desktop\droneImages\dataset\depth_30\light_rain\10AM\HighresScreenshot00534_depth_30_light_rain_10AM.txt,30.0|light_rain|10AM,30.0,light_rain,10AM,2744,1590,2043 643 2142 689
C:\Users\depthlev\Desktop\droneImages\dataset\depth_30\light_rain\10AM\HighresScreenshot00535_depth_30_light_rain_10AM.png,C:\Users\depthlev\Desktop\droneImages\dataset\depth_30\light_rain\10AM\HighresScreenshot00535_depth_30_light_rain_10AM.txt,30.0|light_rain|10AM,30.0,light_rain,10AM,2744,1590,797 944 880 966
C:\Users\depthlev\Desktop\droneImages\dataset\depth_30\light_rain\10AM\HighresScreenshot00536_depth_30_light_rain_10AM.png,C:\Users\depthlev\Desktop\droneImages\dataset\depth_30\light_rain\10AM\HighresScreenshot00536_depth_30_light_rain_10AM.txt,30.0|light_rain|10AM,30.0,light_rain,10AM,2744,1590,815 1160 904 1185
C:\Users\depthlev\Desktop\droneImages\dataset\depth_30\light_rain\10AM\HighresScreenshot00537_depth_30_light_rain_10AM.png,C:\Users\depthlev\Desktop\droneImages\dataset\depth_30\light_rain\10AM\HighresScreenshot00537_depth_30_light_rain_10AM.txt,30.0|light_rain|10AM,30.0,light_rain,10AM,2744,1590,1374 477 1450 555
C:\Users\depthlev\Desktop\droneImages\dataset\depth_30\light_rain\10AM\HighresScreenshot00538_depth_30_light_rain_10AM.png,C:\Users\depthlev\Desktop\droneImages\dataset\depth_30\light_rain\10AM\HighresScreenshot00538_depth_30_light_rain_10AM.txt,30.0|light_rain|10AM,30.0,light_rain,10AM,2744,1590,1791 1039 1871 1085
C:\Users\depthlev\Desktop\droneImages\dataset\depth_30\light_rain\10AM\HighresScreenshot00539_depth_30_light_rain_10AM.png,C:\Users\depthlev\Desktop\droneImages\dataset\depth_30\light_rain\10AM\HighresScreenshot00539_depth_30_light_rain_10AM.txt,30.0|light_rain|10AM,30.0,light_rain,10AM,2744,1590,1045 959 1124 1032
C:\Users\depthlev\Desktop\droneImages\dataset\depth_30\light_rain\10AM\HighresScreenshot00540_depth_30_light_rain_10AM.png,C:\Users\depthlev\Desktop\droneImages\dataset\depth_30\light_rain\10AM\HighresScreenshot00540_depth_30_light_rain_10AM.txt,30.0|light_rain|10AM,30.0,light_rain,10AM,2744,1590,1212 1078 1269 1136
C:\Users\depthlev\Desktop\droneImages\dataset\depth_30\light_rain\10AM\HighresScreenshot00541_depth_30_light_rain_10AM.png,C:\Users\depthlev\Desktop\droneImages\dataset\depth_30\light_rain\10AM\HighresScreenshot00541_depth_30_light_rain_10AM.txt,30.0|light_rain|10AM,30.0,light_rain,10AM,2744,1590,1796 702 1877 727
C:\Users\depthlev\Desktop\droneImages\dataset\depth_30\light_rain\10AM\HighresScreenshot00542_depth_30_light_rain_10AM.png,C:\Users\depthlev\Desktop\droneImages\dataset\depth_30\light_rain\10AM\HighresScreenshot00542_depth_30_light_rain_10AM.txt,30.0|light_rain|10AM,30.0,light_rain,10AM,2744,1590,1692 997 1771 1059
C:\Users\depthlev\Desktop\droneImages\dataset\depth_30\light_rain\10AM\HighresScreenshot00543_depth_30_light_rain_10AM.png,C:\Users\depthlev\Desktop\droneImages\dataset\depth_30\light_rain\10AM\HighresScreenshot00543_depth_30_light_rain_10AM.txt,30.0|light_rain|10AM,30.0,light_rain,10AM,2744,1590,1171 1165 1247 1220
C:\Users\depthlev\Desktop\droneImages\dataset\depth_30\light_rain\10AM\HighresScreenshot00544_depth_30_light_rain_10AM.png,C:\Users\depthlev\Desktop\droneImages\dataset\depth_30\light_rain\10AM\HighresScreenshot00544_depth_30_light_rain_10AM.txt,30.0|light_rain|10AM,30.0,light_rain,10AM,2744,1590,1106 1065 1187 1142
C:\Users\depthlev\Desktop\droneImages\dataset\depth_30\light_rain\10AM\HighresScreenshot00545_depth_30_light_rain_10AM.png,C:\Users\depthlev\Desktop\droneImages\dataset\depth_30\light_rain\10AM\HighresScreenshot00545_depth_30_light_rain_10AM.txt,30.0|light_rain|10AM,30.0,light_rain,10AM,2744,1590,1107 621 1170 661
C:\Users\depthlev\Desktop\droneImages\dataset\depth_30\light_rain\10AM\HighresScreenshot00546_depth_30_light_rain_10AM.png,C:\Users\depthlev\Desktop\droneImages\dataset\depth_30\light_rain\10AM\HighresScreenshot00546_depth_30_light_rain_10AM.txt,30.0|light_rain|10AM,30.0,light_rain,10AM,2744,1590,1062 1049 1130 1108
C:\Users\depthlev\Desktop\droneImages\dataset\depth_30\light_rain\10AM\HighresScreenshot00547_depth_30_light_rain_10AM.png,C:\Users\depthlev\Desktop\droneImages\dataset\depth_30\light_rain\10AM\HighresScreenshot00547_depth_30_light_rain_10AM.txt,30.0|light_rain|10AM,30.0,light_rain,10AM,2744,1590,1675 1303 1751 1385
C:\Users\depthlev\Desktop\droneImages\dataset\depth_30\light_rain\10AM\HighresScreenshot00548_depth_30_light_rain_10AM.png,C:\Users\depthlev\Desktop\droneImages\dataset\depth_30\light_rain\10AM\HighresScreenshot00548_depth_30_light_rain_10AM.txt,30.0|light_rain|10AM,30.0,light_rain,10AM,2744,1590,1650 599 1732 657
C:\Users\depthlev\Desktop\droneImages\dataset\depth_30\light_rain\10AM\HighresScreenshot00549_depth_30_light_rain_10AM.png,C:\Users\depthlev\Desktop\droneImages\dataset\depth_30\light_rain\10AM\HighresScreenshot00549_depth_30_light_rain_10AM.txt,30.0|light_rain|10AM,30.0,light_rain,10AM,2744,1590,1894 413 1985 437
C:\Users\depthlev\Desktop\droneImages\dataset\depth_30\light_rain\10AM\HighresScreenshot00550_depth_30_light_rain_10AM.png,C:\Users\depthlev\Desktop\droneImages\dataset\depth_30\light_rain\10AM\HighresScreenshot00550_depth_30_light_rain_10AM.txt,30.0|light_rain|10AM,30.0,light_rain,10AM,2744,1590,1630 473 1706 506
C:\Users\depthlev\Desktop\droneImages\dataset\depth_30\light_rain\10AM\HighresScreenshot00551_depth_30_light_rain_10AM.png,C:\Users\depthlev\Desktop\droneImages\dataset\depth_30\light_rain\10AM\HighresScreenshot00551_depth_30_light_rain_10AM.txt,30.0|light_rain|10AM,30.0,light_rain,10AM,2744,1590,1180 694 1255 769
C:\Users\depthlev\Desktop\droneImages\dataset\depth_30\light_rain\10AM\HighresScreenshot00552_depth_30_light_rain_10AM.png,C:\Users\depthlev\Desktop\droneImages\dataset\depth_30\light_rain\10AM\HighresScreenshot00552_depth_30_light_rain_10AM.txt,30.0|light_rain|10AM,30.0,light_rain,10AM,2744,1590,885 629 957 663
C:\Users\depthlev\Desktop\droneImages\dataset\depth_30\light_rain\10AM\HighresScreenshot00553_depth_30_light_rain_10AM.png,C:\Users\depthlev\Desktop\droneImages\dataset\depth_30\light_rain\10AM\HighresScreenshot00553_depth_30_light_rain_10AM.txt,30.0|light_rain|10AM,30.0,light_rain,10AM,2744,1590,1063 1012 1144 1082
C:\Users\depthlev\Desktop\droneImages\dataset\depth_30\light_rain\10AM\HighresScreenshot00554_depth_30_light_rain_10AM.png,C:\Users\depthlev\Desktop\droneImages\dataset\depth_30\light_rain\10AM\HighresScreenshot00554_depth_30_light_rain_10AM.txt,30.0|light_rain|10AM,30.0,light_rain,10AM,2744,1590,1184 911 1250 965
C:\Users\depthlev\Desktop\droneImages\dataset\depth_30\light_rain\10AM\HighresScreenshot00555_depth_30_light_rain_10AM.png,C:\Users\depthlev\Desktop\droneImages\dataset\depth_30\light_rain\10AM\HighresScreenshot00555_depth_30_light_rain_10AM.txt,30.0|light_rain|10AM,30.0,light_rain,10AM,2744,1590,1613 1321 1699 1411
C:\Users\depthlev\Desktop\droneImages\dataset\depth_30\light_rain\10AM\HighresScreenshot00556_depth_30_light_rain_10AM.png,C:\Users\depthlev\Desktop\droneImages\dataset\depth_30\light_rain\10AM\HighresScreenshot00556_depth_30_light_rain_10AM.txt,30.0|light_rain|10AM,30.0,light_rain,10AM,2744,1590,1811 1211 1888 1249
C:\Users\depthlev\Desktop\droneImages\dataset\depth_30\light_rain\10AM\HighresScreenshot00557_depth_30_light_rain_10AM.png,C:\Users\depthlev\Desktop\droneImages\dataset\depth_30\light_rain\10AM\HighresScreenshot00557_depth_30_light_rain_10AM.txt,30.0|light_rain|10AM,30.0,light_rain,10AM,2744,1590,1344 785 1408 848
C:\Users\depthlev\Desktop\droneImages\dataset\depth_30\light_rain\10AM\HighresScreenshot00558_depth_30_light_rain_10AM.png,C:\Users\depthlev\Desktop\droneImages\dataset\depth_30\light_rain\10AM\HighresScreenshot00558_depth_30_light_rain_10AM.txt,30.0|light_rain|10AM,30.0,light_rain,10AM,2744,1590,1029 1106 1092 1151
C:\Users\depthlev\Desktop\droneImages\dataset\depth_30\light_rain\10AM\HighresScreenshot00559_depth_30_light_rain_10AM.png,C:\Users\depthlev\Desktop\droneImages\dataset\depth_30\light_rain\10AM\HighresScreenshot00559_depth_30_light_rain_10AM.txt,30.0|light_rain|10AM,30.0,light_rain,10AM,2744,1590,1241 450 1300 473
C:\Users\depthlev\Desktop\droneImages\dataset\depth_30\light_rain\10AM\HighresScreenshot00560_depth_30_light_rain_10AM.png,C:\Users\depthlev\Desktop\droneImages\dataset\depth_30\light_rain\10AM\HighresScreenshot00560_depth_30_light_rain_10AM.txt,30.0|light_rain|10AM,30.0,light_rain,10AM,2744,1590,1545 1176 1606 1238
C:\Users\depthlev\Desktop\droneImages\dataset\depth_30\light_rain\10AM\HighresScreenshot00561_depth_30_light_rain_10AM.png,C:\Users\depthlev\Desktop\droneImages\dataset\depth_30\light_rain\10AM\HighresScreenshot00561_depth_30_light_rain_10AM.txt,30.0|light_rain|10AM,30.0,light_rain,10AM,2744,1590,960 480 1041 532
C:\Users\depthlev\Desktop\droneImages\dataset\depth_30\light_rain\10AM\HighresScreenshot00562_depth_30_light_rain_10AM.png,C:\Users\depthlev\Desktop\droneImages\dataset\depth_30\light_rain\10AM\HighresScreenshot00562_depth_30_light_rain_10AM.txt,30.0|light_rain|10AM,30.0,light_rain,10AM,2744,1590,1191 324 1271 393
C:\Users\depthlev\Desktop\droneImages\dataset\depth_30\light_rain\10AM\HighresScreenshot00563_depth_30_light_rain_10AM.png,C:\Users\depthlev\Desktop\droneImages\dataset\depth_30\light_rain\10AM\HighresScreenshot00563_depth_30_light_rain_10AM.txt,30.0|light_rain|10AM,30.0,light_rain,10AM,2744,1590,766 945 846 995
C:\Users\depthlev\Desktop\droneImages\dataset\depth_30\light_rain\10AM\HighresScreenshot00564_depth_30_light_rain_10AM.png,C:\Users\depthlev\Desktop\droneImages\dataset\depth_30\light_rain\10AM\HighresScreenshot00564_depth_30_light_rain_10AM.txt,30.0|light_rain|10AM,30.0,light_rain,10AM,2744,1590,1255 602 1331 637
C:\Users\depthlev\Desktop\droneImages\dataset\depth_30\light_rain\10AM\HighresScreenshot00565_depth_30_light_rain_10AM.png,C:\Users\depthlev\Desktop\droneImages\dataset\depth_30\light_rain\10AM\HighresScreenshot00565_depth_30_light_rain_10AM.txt,30.0|light_rain|10AM,30.0,light_rain,10AM,2744,1590,1047 975 1127 1047
C:\Users\depthlev\Desktop\droneImages\dataset\depth_30\light_rain\10AM\HighresScreenshot00566_depth_30_light_rain_10AM.png,C:\Users\depthlev\Desktop\droneImages\dataset\depth_30\light_rain\10AM\HighresScreenshot00566_depth_30_light_rain_10AM.txt,30.0|light_rain|10AM,30.0,light_rain,10AM,2744,1590,1841 792 1929 835
C:\Users\depthlev\Desktop\droneImages\dataset\depth_30\light_rain\10AM\HighresScreenshot00567_depth_30_light_rain_10AM.png,C:\Users\depthlev\Desktop\droneImages\dataset\depth_30\light_rain\10AM\HighresScreenshot00567_depth_30_light_rain_10AM.txt,30.0|light_rain|10AM,30.0,light_rain,10AM,2744,1590,1144 819 1202 837
C:\Users\depthlev\Desktop\droneImages\dataset\depth_30\light_rain\10AM\HighresScreenshot00568_depth_30_light_rain_10AM.png,C:\Users\depthlev\Desktop\droneImages\dataset\depth_30\light_rain\10AM\HighresScreenshot00568_depth_30_light_rain_10AM.txt,30.0|light_rain|10AM,30.0,light_rain,10AM,2744,1590,938 1030 1004 1065
C:\Users\depthlev\Desktop\droneImages\dataset\depth_30\light_rain\10AM\HighresScreenshot00569_depth_30_light_rain_10AM.png,C:\Users\depthlev\Desktop\droneImages\dataset\depth_30\light_rain\10AM\HighresScreenshot00569_depth_30_light_rain_10AM.txt,30.0|light_rain|10AM,30.0,light_rain,10AM,2744,1590,1831 858 1904 922
C:\Users\depthlev\Desktop\droneImages\dataset\depth_30\light_rain\10AM\HighresScreenshot00570_depth_30_light_rain_10AM.png,C:\Users\depthlev\Desktop\droneImages\dataset\depth_30\light_rain\10AM\HighresScreenshot00570_depth_30_light_rain_10AM.txt,30.0|light_rain|10AM,30.0,light_rain,10AM,2744,1590,1056 702 1121 750
C:\Users\depthlev\Desktop\droneImages\dataset\depth_30\light_rain\10AM\HighresScreenshot00571_depth_30_light_rain_10AM.png,C:\Users\depthlev\Desktop\droneImages\dataset\depth_30\light_rain\10AM\HighresScreenshot00571_depth_30_light_rain_10AM.txt,30.0|light_rain|10AM,30.0,light_rain,10AM,2744,1590,1526 849 1588 909
C:\Users\depthlev\Desktop\droneImages\dataset\depth_30\light_rain\10AM\HighresScreenshot00572_depth_30_light_rain_10AM.png,C:\Users\depthlev\Desktop\droneImages\dataset\depth_30\light_rain\10AM\HighresScreenshot00572_depth_30_light_rain_10AM.txt,30.0|light_rain|10AM,30.0,light_rain,10AM,2744,1590,1518 1307 1587 1384
C:\Users\depthlev\Desktop\droneImages\dataset\depth_30\light_rain\10AM\HighresScreenshot00573_depth_30_light_rain_10AM.png,C:\Users\depthlev\Desktop\droneImages\dataset\depth_30\light_rain\10AM\HighresScreenshot00573_depth_30_light_rain_10AM.txt,30.0|light_rain|10AM,30.0,light_rain,10AM,2744,1590,1246 1025 1322 1073
C:\Users\depthlev\Desktop\droneImages\dataset\depth_30\light_rain\10AM\HighresScreenshot00574_depth_30_light_rain_10AM.png,C:\Users\depthlev\Desktop\droneImages\dataset\depth_30\light_rain\10AM\HighresScreenshot00574_depth_30_light_rain_10AM.txt,30.0|light_rain|10AM,30.0,light_rain,10AM,2744,1590,1413 1256 1476 1311
C:\Users\depthlev\Desktop\droneImages\dataset\depth_30\light_rain\10AM\HighresScreenshot00575_depth_30_light_rain_10AM.png,C:\Users\depthlev\Desktop\droneImages\dataset\depth_30\light_rain\10AM\HighresScreenshot00575_depth_30_light_rain_10AM.txt,30.0|light_rain|10AM,30.0,light_rain,10AM,2744,1590,1580 834 1652 879
C:\Users\depthlev\Desktop\droneImages\dataset\depth_30\light_rain\10AM\HighresScreenshot00576_depth_30_light_rain_10AM.png,C:\Users\depthlev\Desktop\droneImages\dataset\depth_30\light_rain\10AM\HighresScreenshot00576_depth_30_light_rain_10AM.txt,30.0|light_rain|10AM,30.0,light_rain,10AM,2744,1590,1569 500 1647 550
C:\Users\depthlev\Desktop\droneImages\dataset\depth_30\light_rain\10AM\HighresScreenshot00577_depth_30_light_rain_10AM.png,C:\Users\depthlev\Desktop\droneImages\dataset\depth_30\light_rain\10AM\HighresScreenshot00577_depth_30_light_rain_10AM.txt,30.0|light_rain|10AM,30.0,light_rain,10AM,2744,1590,1469 565 1546 602
C:\Users\depthlev\Desktop\droneImages\dataset\depth_30\light_rain\10AM\HighresScreenshot00578_depth_30_light_rain_10AM.png,C:\Users\depthlev\Desktop\droneImages\dataset\depth_30\light_rain\10AM\HighresScreenshot00578_depth_30_light_rain_10AM.txt,30.0|light_rain|10AM,30.0,light_rain,10AM,2744,1590,1177 951 1242 1013
C:\Users\depthlev\Desktop\droneImages\dataset\depth_30\light_rain\10AM\HighresScreenshot00579_depth_30_light_rain_10AM.png,C:\Users\depthlev\Desktop\droneImages\dataset\depth_30\light_rain\10AM\HighresScreenshot00579_depth_30_light_rain_10AM.txt,30.0|light_rain|10AM,30.0,light_rain,10AM,2744,1590,1356 742 1429 790
C:\Users\depthlev\Desktop\droneImages\dataset\depth_30\light_rain\10AM\HighresScreenshot00580_depth_30_light_rain_10AM.png,C:\Users\depthlev\Desktop\droneImages\dataset\depth_30\light_rain\10AM\HighresScreenshot00580_depth_30_light_rain_10AM.txt,30.0|light_rain|10AM,30.0,light_rain,10AM,2744,1590,1832 1185 1909 1235
C:\Users\depthlev\Desktop\droneImages\dataset\depth_30\light_rain\10AM\HighresScreenshot00581_depth_30_light_rain_10AM.png,C:\Users\depthlev\Desktop\droneImages\dataset\depth_30\light_rain\10AM\HighresScreenshot00581_depth_30_light_rain_10AM.txt,30.0|light_rain|10AM,30.0,light_rain,10AM,2744,1590,1190 1252 1259 1317
C:\Users\depthlev\Desktop\droneImages\dataset\depth_30\light_rain\10AM\HighresScreenshot00582_depth_30_light_rain_10AM.png,C:\Users\depthlev\Desktop\droneImages\dataset\depth_30\light_rain\10AM\HighresScreenshot00582_depth_30_light_rain_10AM.txt,30.0|light_rain|10AM,30.0,light_rain,10AM,2744,1590,1819 563 1894 612
C:\Users\depthlev\Desktop\droneImages\dataset\depth_30\light_rain\10AM\HighresScreenshot00583_depth_30_light_rain_10AM.png,C:\Users\depthlev\Desktop\droneImages\dataset\depth_30\light_rain\10AM\HighresScreenshot00583_depth_30_light_rain_10AM.txt,30.0|light_rain|10AM,30.0,light_rain,10AM,2744,1590,1752 759 1837 824
C:\Users\depthlev\Desktop\droneImages\dataset\depth_30\light_rain\10AM\HighresScreenshot00584_depth_30_light_rain_10AM.png,C:\Users\depthlev\Desktop\droneImages\dataset\depth_30\light_rain\10AM\HighresScreenshot00584_depth_30_light_rain_10AM.txt,30.0|light_rain|10AM,30.0,light_rain,10AM,2744,1590,1344 1037 1413 1097
C:\Users\depthlev\Desktop\droneImages\dataset\depth_30\light_rain\10AM\HighresScreenshot00585_depth_30_light_rain_10AM.png,C:\Users\depthlev\Desktop\droneImages\dataset\depth_30\light_rain\10AM\HighresScreenshot00585_depth_30_light_rain_10AM.txt,30.0|light_rain|10AM,30.0,light_rain,10AM,2744,1590,1360 1178 1433 1252
C:\Users\depthlev\Desktop\droneImages\dataset\depth_30\light_rain\10AM\HighresScreenshot00586_depth_30_light_rain_10AM.png,C:\Users\depthlev\Desktop\droneImages\dataset\depth_30\light_rain\10AM\HighresScreenshot00586_depth_30_light_rain_10AM.txt,30.0|light_rain|10AM,30.0,light_rain,10AM,2744,1590,1904 875 1976 915
C:\Users\depthlev\Desktop\droneImages\dataset\depth_30\light_rain\10AM\HighresScreenshot00587_depth_30_light_rain_10AM.png,C:\Users\depthlev\Desktop\droneImages\dataset\depth_30\light_rain\10AM\HighresScreenshot00587_depth_30_light_rain_10AM.txt,30.0|light_rain|10AM,30.0,light_rain,10AM,2744,1590,1881 378 1954 398
C:\Users\depthlev\Desktop\droneImages\dataset\depth_30\light_rain\10AM\HighresScreenshot00588_depth_30_light_rain_10AM.png,C:\Users\depthlev\Desktop\droneImages\dataset\depth_30\light_rain\10AM\HighresScreenshot00588_depth_30_light_rain_10AM.txt,30.0|light_rain|10AM,30.0,light_rain,10AM,2744,1590,1298 1016 1376 1095
C:\Users\depthlev\Desktop\droneImages\dataset\depth_30\light_rain\10AM\HighresScreenshot00589_depth_30_light_rain_10AM.png,C:\Users\depthlev\Desktop\droneImages\dataset\depth_30\light_rain\10AM\HighresScreenshot00589_depth_30_light_rain_10AM.txt,30.0|light_rain|10AM,30.0,light_rain,10AM,2744,1590,1130 656 1193 711
C:\Users\depthlev\Desktop\droneImages\dataset\depth_30\light_rain\10AM\HighresScreenshot00590_depth_30_light_rain_10AM.png,C:\Users\depthlev\Desktop\droneImages\dataset\depth_30\light_rain\10AM\HighresScreenshot00590_depth_30_light_rain_10AM.txt,30.0|light_rain|10AM,30.0,light_rain,10AM,2744,1590,787 460 879 505
C:\Users\depthlev\Desktop\droneImages\dataset\depth_30\light_rain\10AM\HighresScreenshot00591_depth_30_light_rain_10AM.png,C:\Users\depthlev\Desktop\droneImages\dataset\depth_30\light_rain\10AM\HighresScreenshot00591_depth_30_light_rain_10AM.txt,30.0|light_rain|10AM,30.0,light_rain,10AM,2744,1590,1178 1115 1237 1171
C:\Users\depthlev\Desktop\droneImages\dataset\depth_30\light_rain\10AM\HighresScreenshot00592_depth_30_light_rain_10AM.png,C:\Users\depthlev\Desktop\droneImages\dataset\depth_30\light_rain\10AM\HighresScreenshot00592_depth_30_light_rain_10AM.txt,30.0|light_rain|10AM,30.0,light_rain,10AM,2744,1590,1617 517 1689 588
C:\Users\depthlev\Desktop\droneImages\dataset\depth_30\light_rain\10AM\HighresScreenshot00593_depth_30_light_rain_10AM.png,C:\Users\depthlev\Desktop\droneImages\dataset\depth_30\light_rain\10AM\HighresScreenshot00593_depth_30_light_rain_10AM.txt,30.0|light_rain|10AM,30.0,light_rain,10AM,2744,1590,1409 1063 1474 1131
C:\Users\depthlev\Desktop\droneImages\dataset\depth_30\light_rain\10AM\HighresScreenshot00594_depth_30_light_rain_10AM.png,C:\Users\depthlev\Desktop\droneImages\dataset\depth_30\light_rain\10AM\HighresScreenshot00594_depth_30_light_rain_10AM.txt,30.0|light_rain|10AM,30.0,light_rain,10AM,2744,1590,1427 707 1498 773
C:\Users\depthlev\Desktop\droneImages\dataset\depth_30\light_rain\10AM\HighresScreenshot00595_depth_30_light_rain_10AM.png,C:\Users\depthlev\Desktop\droneImages\dataset\depth_30\light_rain\10AM\HighresScreenshot00595_depth_30_light_rain_10AM.txt,30.0|light_rain|10AM,30.0,light_rain,10AM,2744,1590,1660 1091 1744 1144
C:\Users\depthlev\Desktop\droneImages\dataset\depth_30\light_rain\10AM\HighresScreenshot00596_depth_30_light_rain_10AM.png,C:\Users\depthlev\Desktop\droneImages\dataset\depth_30\light_rain\10AM\HighresScreenshot00596_depth_30_light_rain_10AM.txt,30.0|light_rain|10AM,30.0,light_rain,10AM,2744,1590,2028 503 2106 548
C:\Users\depthlev\Desktop\droneImages\dataset\depth_30\light_rain\10AM\HighresScreenshot00597_depth_30_light_rain_10AM.png,C:\Users\depthlev\Desktop\droneImages\dataset\depth_30\light_rain\10AM\HighresScreenshot00597_depth_30_light_rain_10AM.txt,30.0|light_rain|10AM,30.0,light_rain,10AM,2744,1590,1208 594 1286 654
C:\Users\depthlev\Desktop\droneImages\dataset\depth_30\light_rain\10AM\HighresScreenshot00598_depth_30_light_rain_10AM.png,C:\Users\depthlev\Desktop\droneImages\dataset\depth_30\light_rain\10AM\HighresScreenshot00598_depth_30_light_rain_10AM.txt,30.0|light_rain|10AM,30.0,light_rain,10AM,2744,1590,1631 333 1713 404
C:\Users\depthlev\Desktop\droneImages\dataset\depth_30\light_rain\10AM\HighresScreenshot00599_depth_30_light_rain_10AM.png,C:\Users\depthlev\Desktop\droneImages\dataset\depth_30\light_rain\10AM\HighresScreenshot00599_depth_30_light_rain_10AM.txt,30.0|light_rain|10AM,30.0,light_rain,10AM,2744,1590,1140 409 1210 480
C:\Users\depthlev\Desktop\droneImages\dataset\depth_30\light_rain\10AM\HighresScreenshot00600_depth_30_light_rain_10AM.png,C:\Users\depthlev\Desktop\droneImages\dataset\depth_30\light_rain\10AM\HighresScreenshot00600_depth_30_light_rain_10AM.txt,30.0|light_rain|10AM,30.0,light_rain,10AM,2744,1590,1263 842 1341 865
C:\Users\depthlev\Desktop\droneImages\dataset\depth_30\light_rain\10AM\HighresScreenshot00601_depth_30_light_rain_10AM.png,C:\Users\depthlev\Desktop\droneImages\dataset\depth_30\light_rain\10AM\HighresScreenshot00601_depth_30_light_rain_10AM.txt,30.0|light_rain|10AM,30.0,light_rain,10AM,2744,1590,2001 797 2095 836
C:\Users\depthlev\Desktop\droneImages\dataset\depth_30\light_rain\10AM\HighresScreenshot00602_depth_30_light_rain_10AM.png,C:\Users\depthlev\Desktop\droneImages\dataset\depth_30\light_rain\10AM\HighresScreenshot00602_depth_30_light_rain_10AM.txt,30.0|light_rain|10AM,30.0,light_rain,10AM,2744,1590,767 796 835 851
C:\Users\depthlev\Desktop\droneImages\dataset\depth_30\light_rain\10AM\HighresScreenshot00603_depth_30_light_rain_10AM.png,C:\Users\depthlev\Desktop\droneImages\dataset\depth_30\light_rain\10AM\HighresScreenshot00603_depth_30_light_rain_10AM.txt,30.0|light_rain|10AM,30.0,light_rain,10AM,2744,1590,1265 741 1342 758
C:\Users\depthlev\Desktop\droneImages\dataset\depth_30\light_rain\10AM\HighresScreenshot00604_depth_30_light_rain_10AM.png,C:\Users\depthlev\Desktop\droneImages\dataset\depth_30\light_rain\10AM\HighresScreenshot00604_depth_30_light_rain_10AM.txt,30.0|light_rain|10AM,30.0,light_rain,10AM,2744,1590,1463 1329 1546 1347
C:\Users\depthlev\Desktop\droneImages\dataset\depth_30\light_rain\10AM\HighresScreenshot00605_depth_30_light_rain_10AM.png,C:\Users\depthlev\Desktop\droneImages\dataset\depth_30\light_rain\10AM\HighresScreenshot00605_depth_30_light_rain_10AM.txt,30.0|light_rain|10AM,30.0,light_rain,10AM,2744,1590,1898 724 1989 776
C:\Users\depthlev\Desktop\droneImages\dataset\depth_30\light_rain\10AM\HighresScreenshot00606_depth_30_light_rain_10AM.png,C:\Users\depthlev\Desktop\droneImages\dataset\depth_30\light_rain\10AM\HighresScreenshot00606_depth_30_light_rain_10AM.txt,30.0|light_rain|10AM,30.0,light_rain,10AM,2744,1590,1503 497 1571 565
C:\Users\depthlev\Desktop\droneImages\dataset\depth_30\light_rain\10AM\HighresScreenshot00607_depth_30_light_rain_10AM.png,C:\Users\depthlev\Desktop\droneImages\dataset\depth_30\light_rain\10AM\HighresScreenshot00607_depth_30_light_rain_10AM.txt,30.0|light_rain|10AM,30.0,light_rain,10AM,2744,1590,1265 362 1331 428
C:\Users\depthlev\Desktop\droneImages\dataset\depth_30\light_rain\10AM\HighresScreenshot00608_depth_30_light_rain_10AM.png,C:\Users\depthlev\Desktop\droneImages\dataset\depth_30\light_rain\10AM\HighresScreenshot00608_depth_30_light_rain_10AM.txt,30.0|light_rain|10AM,30.0,light_rain,10AM,2744,1590,1099 1302 1183 1385
C:\Users\depthlev\Desktop\droneImages\dataset\depth_30\light_rain\10AM\HighresScreenshot00609_depth_30_light_rain_10AM.png,C:\Users\depthlev\Desktop\droneImages\dataset\depth_30\light_rain\10AM\HighresScreenshot00609_depth_30_light_rain_10AM.txt,30.0|light_rain|10AM,30.0,light_rain,10AM,2744,1590,1339 503 1403 569
C:\Users\depthlev\Desktop\droneImages\dataset\depth_30\light_rain\10AM\HighresScreenshot00610_depth_30_light_rain_10AM.png,C:\Users\depthlev\Desktop\droneImages\dataset\depth_30\light_rain\10AM\HighresScreenshot00610_depth_30_light_rain_10AM.txt,30.0|light_rain|10AM,30.0,light_rain,10AM,2744,1590,1647 690 1707 742
C:\Users\depthlev\Desktop\droneImages\dataset\depth_30\light_rain\10AM\HighresScreenshot00611_depth_30_light_rain_10AM.png,C:\Users\depthlev\Desktop\droneImages\dataset\depth_30\light_rain\10AM\HighresScreenshot00611_depth_30_light_rain_10AM.txt,30.0|light_rain|10AM,30.0,light_rain,10AM,2744,1590,2033 369 2121 401
C:\Users\depthlev\Desktop\droneImages\dataset\depth_30\light_rain\10AM\HighresScreenshot00612_depth_30_light_rain_10AM.png,C:\Users\depthlev\Desktop\droneImages\dataset\depth_30\light_rain\10AM\HighresScreenshot00612_depth_30_light_rain_10AM.txt,30.0|light_rain|10AM,30.0,light_rain,10AM,2744,1590,1316 949 1384 1018
C:\Users\depthlev\Desktop\droneImages\dataset\depth_30\light_rain\10AM\HighresScreenshot00613_depth_30_light_rain_10AM.png,C:\Users\depthlev\Desktop\droneImages\dataset\depth_30\light_rain\10AM\HighresScreenshot00613_depth_30_light_rain_10AM.txt,30.0|light_rain|10AM,30.0,light_rain,10AM,2744,1590,1565 668 1643 701
C:\Users\depthlev\Desktop\droneImages\dataset\depth_30\light_rain\10AM\HighresScreenshot00614_depth_30_light_rain_10AM.png,C:\Users\depthlev\Desktop\droneImages\dataset\depth_30\light_rain\10AM\HighresScreenshot00614_depth_30_light_rain_10AM.txt,30.0|light_rain|10AM,30.0,light_rain,10AM,2744,1590,1244 970 1303 1031
C:\Users\depthlev\Desktop\droneImages\dataset\depth_30\light_rain\10AM\HighresScreenshot00615_depth_30_light_rain_10AM.png,C:\Users\depthlev\Desktop\droneImages\dataset\depth_30\light_rain\10AM\HighresScreenshot00615_depth_30_light_rain_10AM.txt,30.0|light_rain|10AM,30.0,light_rain,10AM,2744,1590,780 569 866 613
C:\Users\depthlev\Desktop\droneImages\dataset\depth_30\light_rain\10AM\HighresScreenshot00616_depth_30_light_rain_10AM.png,C:\Users\depthlev\Desktop\droneImages\dataset\depth_30\light_rain\10AM\HighresScreenshot00616_depth_30_light_rain_10AM.txt,30.0|light_rain|10AM,30.0,light_rain,10AM,2744,1590,1887 960 1967 1009
C:\Users\depthlev\Desktop\droneImages\dataset\depth_30\light_rain\10AM\HighresScreenshot00617_depth_30_light_rain_10AM.png,C:\Users\depthlev\Desktop\droneImages\dataset\depth_30\light_rain\10AM\HighresScreenshot00617_depth_30_light_rain_10AM.txt,30.0|light_rain|10AM,30.0,light_rain,10AM,2744,1590,957 808 1039 829
C:\Users\depthlev\Desktop\droneImages\dataset\depth_30\light_rain\10AM\HighresScreenshot00618_depth_30_light_rain_10AM.png,C:\Users\depthlev\Desktop\droneImages\dataset\depth_30\light_rain\10AM\HighresScreenshot00618_depth_30_light_rain_10AM.txt,30.0|light_rain|10AM,30.0,light_rain,10AM,2744,1590,1204 853 1267 908
C:\Users\depthlev\Desktop\droneImages\dataset\depth_30\light_rain\10AM\HighresScreenshot00619_depth_30_light_rain_10AM.png,C:\Users\depthlev\Desktop\droneImages\dataset\depth_30\light_rain\10AM\HighresScreenshot00619_depth_30_light_rain_10AM.txt,30.0|light_rain|10AM,30.0,light_rain,10AM,2744,1590,1116 589 1177 640
C:\Users\depthlev\Desktop\droneImages\dataset\depth_30\light_rain\10AM\HighresScreenshot00620_depth_30_light_rain_10AM.png,C:\Users\depthlev\Desktop\droneImages\dataset\depth_30\light_rain\10AM\HighresScreenshot00620_depth_30_light_rain_10AM.txt,30.0|light_rain|10AM,30.0,light_rain,10AM,2744,1590,1471 1250 1539 1277
C:\Users\depthlev\Desktop\droneImages\dataset\depth_30\light_rain\10AM\HighresScreenshot00621_depth_30_light_rain_10AM.png,C:\Users\depthlev\Desktop\droneImages\dataset\depth_30\light_rain\10AM\HighresScreenshot00621_depth_30_light_rain_10AM.txt,30.0|light_rain|10AM,30.0,light_rain,10AM,2744,1590,1956 1162 2052 1193
C:\Users\depthlev\Desktop\droneImages\dataset\depth_30\light_rain\10AM\HighresScreenshot00622_depth_30_light_rain_10AM.png,C:\Users\depthlev\Desktop\droneImages\dataset\depth_30\light_rain\10AM\HighresScreenshot00622_depth_30_light_rain_10AM.txt,30.0|light_rain|10AM,30.0,light_rain,10AM,2744,1590,1359 1102 1434 1120
C:\Users\depthlev\Desktop\droneImages\dataset\depth_30\light_rain\10AM\HighresScreenshot00623_depth_30_light_rain_10AM.png,C:\Users\depthlev\Desktop\droneImages\dataset\depth_30\light_rain\10AM\HighresScreenshot00623_depth_30_light_rain_10AM.txt,30.0|light_rain|10AM,30.0,light_rain,10AM,2744,1590,1586 1144 1659 1186
C:\Users\depthlev\Desktop\droneImages\dataset\depth_30\light_rain\10AM\HighresScreenshot00624_depth_30_light_rain_10AM.png,C:\Users\depthlev\Desktop\droneImages\dataset\depth_30\light_rain\10AM\HighresScreenshot00624_depth_30_light_rain_10AM.txt,30.0|light_rain|10AM,30.0,light_rain,10AM,2744,1590,830 586 904 653
C:\Users\depthlev\Desktop\droneImages\dataset\depth_30\light_rain\10AM\HighresScreenshot00625_depth_30_light_rain_10AM.png,C:\Users\depthlev\Desktop\droneImages\dataset\depth_30\light_rain\10AM\HighresScreenshot00625_depth_30_light_rain_10AM.txt,30.0|light_rain|10AM,30.0,light_rain,10AM,2744,1590,1467 1243 1543 1315
C:\Users\depthlev\Desktop\droneImages\dataset\depth_30\light_rain\10AM\HighresScreenshot00626_depth_30_light_rain_10AM.png,C:\Users\depthlev\Desktop\droneImages\dataset\depth_30\light_rain\10AM\HighresScreenshot00626_depth_30_light_rain_10AM.txt,30.0|light_rain|10AM,30.0,light_rain,10AM,2744,1590,1027 1160 1100 1221
C:\Users\depthlev\Desktop\droneImages\dataset\depth_30\light_rain\10AM\HighresScreenshot00627_depth_30_light_rain_10AM.png,C:\Users\depthlev\Desktop\droneImages\dataset\depth_30\light_rain\10AM\HighresScreenshot00627_depth_30_light_rain_10AM.txt,30.0|light_rain|10AM,30.0,light_rain,10AM,2744,1590,1555 786 1634 853
C:\Users\depthlev\Desktop\droneImages\dataset\depth_30\light_rain\10AM\HighresScreenshot00628_depth_30_light_rain_10AM.png,C:\Users\depthlev\Desktop\droneImages\dataset\depth_30\light_rain\10AM\HighresScreenshot00628_depth_30_light_rain_10AM.txt,30.0|light_rain|10AM,30.0,light_rain,10AM,2744,1590,899 854 984 924
C:\Users\depthlev\Desktop\droneImages\dataset\depth_30\light_rain\10AM\HighresScreenshot00629_depth_30_light_rain_10AM.png,C:\Users\depthlev\Desktop\droneImages\dataset\depth_30\light_rain\10AM\HighresScreenshot00629_depth_30_light_rain_10AM.txt,30.0|light_rain|10AM,30.0,light_rain,10AM,2744,1590,1276 676 1352 740
C:\Users\depthlev\Desktop\droneImages\dataset\depth_30\light_rain\10AM\HighresScreenshot00630_depth_30_light_rain_10AM.png,C:\Users\depthlev\Desktop\droneImages\dataset\depth_30\light_rain\10AM\HighresScreenshot00630_depth_30_light_rain_10AM.txt,30.0|light_rain|10AM,30.0,light_rain,10AM,2744,1590,1532 772 1604 794
C:\Users\depthlev\Desktop\droneImages\dataset\depth_30\light_rain\10AM\HighresScreenshot00631_depth_30_light_rain_10AM.png,C:\Users\depthlev\Desktop\droneImages\dataset\depth_30\light_rain\10AM\HighresScreenshot00631_depth_30_light_rain_10AM.txt,30.0|light_rain|10AM,30.0,light_rain,10AM,2744,1590,1199 606 1258 626
C:\Users\depthlev\Desktop\droneImages\dataset\depth_30\light_rain\10AM\HighresScreenshot00632_depth_30_light_rain_10AM.png,C:\Users\depthlev\Desktop\droneImages\dataset\depth_30\light_rain\10AM\HighresScreenshot00632_depth_30_light_rain_10AM.txt,30.0|light_rain|10AM,30.0,light_rain,10AM,2744,1590,1745 934 1811 982
C:\Users\depthlev\Desktop\droneImages\dataset\depth_30\light_rain\10AM\HighresScreenshot00633_depth_30_light_rain_10AM.png,C:\Users\depthlev\Desktop\droneImages\dataset\depth_30\light_rain\10AM\HighresScreenshot00633_depth_30_light_rain_10AM.txt,30.0|light_rain|10AM,30.0,light_rain,10AM,2744,1590,1436 548 1514 585
C:\Users\depthlev\Desktop\droneImages\dataset\depth_30\light_rain\10AM\HighresScreenshot00634_depth_30_light_rain_10AM.png,C:\Users\depthlev\Desktop\droneImages\dataset\depth_30\light_rain\10AM\HighresScreenshot00634_depth_30_light_rain_10AM.txt,30.0|light_rain|10AM,30.0,light_rain,10AM,2744,1590,986 1187 1067 1238
C:\Users\depthlev\Desktop\droneImages\dataset\depth_30\light_rain\10AM\HighresScreenshot00635_depth_30_light_rain_10AM.png,C:\Users\depthlev\Desktop\droneImages\dataset\depth_30\light_rain\10AM\HighresScreenshot00635_depth_30_light_rain_10AM.txt,30.0|light_rain|10AM,30.0,light_rain,10AM,2744,1590,1997 1312 2100 1344
C:\Users\depthlev\Desktop\droneImages\dataset\depth_30\light_rain\10AM\HighresScreenshot00636_depth_30_light_rain_10AM.png,C:\Users\depthlev\Desktop\droneImages\dataset\depth_30\light_rain\10AM\HighresScreenshot00636_depth_30_light_rain_10AM.txt,30.0|light_rain|10AM,30.0,light_rain,10AM,2744,1590,1021 1300 1097 1349
C:\Users\depthlev\Desktop\droneImages\dataset\depth_30\light_rain\10AM\HighresScreenshot00637_depth_30_light_rain_10AM.png,C:\Users\depthlev\Desktop\droneImages\dataset\depth_30\light_rain\10AM\HighresScreenshot00637_depth_30_light_rain_10AM.txt,30.0|light_rain|10AM,30.0,light_rain,10AM,2744,1590,2018 487 2091 537
C:\Users\depthlev\Desktop\droneImages\dataset\depth_30\light_rain\10AM\HighresScreenshot00638_depth_30_light_rain_10AM.png,C:\Users\depthlev\Desktop\droneImages\dataset\depth_30\light_rain\10AM\HighresScreenshot00638_depth_30_light_rain_10AM.txt,30.0|light_rain|10AM,30.0,light_rain,10AM,2744,1590,1181 1034 1259 1081
C:\Users\depthlev\Desktop\droneImages\dataset\depth_30\light_rain\10AM\HighresScreenshot00639_depth_30_light_rain_10AM.png,C:\Users\depthlev\Desktop\droneImages\dataset\depth_30\light_rain\10AM\HighresScreenshot00639_depth_30_light_rain_10AM.txt,30.0|light_rain|10AM,30.0,light_rain,10AM,2744,1590,1459 905 1520 920
C:\Users\depthlev\Desktop\droneImages\dataset\depth_30\light_rain\10AM\HighresScreenshot00640_depth_30_light_rain_10AM.png,C:\Users\depthlev\Desktop\droneImages\dataset\depth_30\light_rain\10AM\HighresScreenshot00640_depth_30_light_rain_10AM.txt,30.0|light_rain|10AM,30.0,light_rain,10AM,2744,1590,1559 1022 1621 1067
C:\Users\depthlev\Desktop\droneImages\dataset\depth_30\light_rain\10AM\HighresScreenshot00641_depth_30_light_rain_10AM.png,C:\Users\depthlev\Desktop\droneImages\dataset\depth_30\light_rain\10AM\HighresScreenshot00641_depth_30_light_rain_10AM.txt,30.0|light_rain|10AM,30.0,light_rain,10AM,2744,1590,1735 760 1812 800
C:\Users\depthlev\Desktop\droneImages\dataset\depth_30\light_rain\10AM\HighresScreenshot00642_depth_30_light_rain_10AM.png,C:\Users\depthlev\Desktop\droneImages\dataset\depth_30\light_rain\10AM\HighresScreenshot00642_depth_30_light_rain_10AM.txt,30.0|light_rain|10AM,30.0,light_rain,10AM,2744,1590,1330 521 1398 591
C:\Users\depthlev\Desktop\droneImages\dataset\depth_30\light_rain\10AM\HighresScreenshot00643_depth_30_light_rain_10AM.png,C:\Users\depthlev\Desktop\droneImages\dataset\depth_30\light_rain\10AM\HighresScreenshot00643_depth_30_light_rain_10AM.txt,30.0|light_rain|10AM,30.0,light_rain,10AM,2744,1590,1272 460 1348 538
C:\Users\depthlev\Desktop\droneImages\dataset\depth_30\light_rain\10AM\HighresScreenshot00644_depth_30_light_rain_10AM.png,C:\Users\depthlev\Desktop\droneImages\dataset\depth_30\light_rain\10AM\HighresScreenshot00644_depth_30_light_rain_10AM.txt,30.0|light_rain|10AM,30.0,light_rain,10AM,2744,1590,1236 789 1302 815
C:\Users\depthlev\Desktop\droneImages\dataset\depth_30\light_rain\10AM\HighresScreenshot00645_depth_30_light_rain_10AM.png,C:\Users\depthlev\Desktop\droneImages\dataset\depth_30\light_rain\10AM\HighresScreenshot00645_depth_30_light_rain_10AM.txt,30.0|light_rain|10AM,30.0,light_rain,10AM,2744,1590,747 1196 832 1229
C:\Users\depthlev\Desktop\droneImages\dataset\depth_30\light_rain\10AM\HighresScreenshot00646_depth_30_light_rain_10AM.png,C:\Users\depthlev\Desktop\droneImages\dataset\depth_30\light_rain\10AM\HighresScreenshot00646_depth_30_light_rain_10AM.txt,30.0|light_rain|10AM,30.0,light_rain,10AM,2744,1590,1019 860 1100 906
C:\Users\depthlev\Desktop\droneImages\dataset\depth_30\light_rain\10AM\HighresScreenshot00647_depth_30_light_rain_10AM.png,C:\Users\depthlev\Desktop\droneImages\dataset\depth_30\light_rain\10AM\HighresScreenshot00647_depth_30_light_rain_10AM.txt,30.0|light_rain|10AM,30.0,light_rain,10AM,2744,1590,1693 690 1771 756
C:\Users\depthlev\Desktop\droneImages\dataset\depth_30\light_rain\10AM\HighresScreenshot00648_depth_30_light_rain_10AM.png,C:\Users\depthlev\Desktop\droneImages\dataset\depth_30\light_rain\10AM\HighresScreenshot00648_depth_30_light_rain_10AM.txt,30.0|light_rain|10AM,30.0,light_rain,10AM,2744,1590,1212 1052 1286 1125
C:\Users\depthlev\Desktop\droneImages\dataset\depth_30\light_rain\10AM\HighresScreenshot00649_depth_30_light_rain_10AM.png,C:\Users\depthlev\Desktop\droneImages\dataset\depth_30\light_rain\10AM\HighresScreenshot00649_depth_30_light_rain_10AM.txt,30.0|light_rain|10AM,30.0,light_rain,10AM,2744,1590,1729 864 1803 920
C:\Users\depthlev\Desktop\droneImages\dataset\depth_30\light_rain\10AM\HighresScreenshot00650_depth_30_light_rain_10AM.png,C:\Users\depthlev\Desktop\droneImages\dataset\depth_30\light_rain\10AM\HighresScreenshot00650_depth_30_light_rain_10AM.txt,30.0|light_rain|10AM,30.0,light_rain,10AM,2744,1590,579 970 676 1004
C:\Users\depthlev\Desktop\droneImages\dataset\depth_30\light_rain\10AM\HighresScreenshot00651_depth_30_light_rain_10AM.png,C:\Users\depthlev\Desktop\droneImages\dataset\depth_30\light_rain\10AM\HighresScreenshot00651_depth_30_light_rain_10AM.txt,30.0|light_rain|10AM,30.0,light_rain,10AM,2744,1590,748 834 821 863
C:\Users\depthlev\Desktop\droneImages\dataset\depth_30\light_rain\10AM\HighresScreenshot00652_depth_30_light_rain_10AM.png,C:\Users\depthlev\Desktop\droneImages\dataset\depth_30\light_rain\10AM\HighresScreenshot00652_depth_30_light_rain_10AM.txt,30.0|light_rain|10AM,30.0,light_rain,10AM,2744,1590,1192 410 1258 444
C:\Users\depthlev\Desktop\droneImages\dataset\depth_30\light_rain\10AM\HighresScreenshot00653_depth_30_light_rain_10AM.png,C:\Users\depthlev\Desktop\droneImages\dataset\depth_30\light_rain\10AM\HighresScreenshot00653_depth_30_light_rain_10AM.txt,30.0|light_rain|10AM,30.0,light_rain,10AM,2744,1590,1870 632 1953 678
C:\Users\depthlev\Desktop\droneImages\dataset\depth_30\light_rain\10AM\HighresScreenshot00654_depth_30_light_rain_10AM.png,C:\Users\depthlev\Desktop\droneImages\dataset\depth_30\light_rain\10AM\HighresScreenshot00654_depth_30_light_rain_10AM.txt,30.0|light_rain|10AM,30.0,light_rain,10AM,2744,1590,918 1038 997 1112
