model_name,split_name,grouping,weather,time_of_day,distance_range,count,mean_true_distance_m,std_true_distance_m,mean_prediction_m,mae,median_absolute_error,mean_relative_error,median_relative_error,rmse,r2,mean_signed_error,median_signed_error,p90_absolute_error,p95_absolute_error,max_absolute_error,within_5m_rate,within_10m_rate,within_20m_rate,overprediction_rate,underprediction_rate
bbox_expand_1_5x__bbox_mean__object_depth,leave_one_out,weather,clear_sky,,,240,77.5,38.37859646556485,77.91235713609343,32.39886793222719,34.48832631340522,0.6644544698624365,0.3495041412603352,38.496548108507156,-0.006156186435489097,0.4123571360934155,1.8857504590865801,61.01676842546474,71.60476512210411,75.0637553804899,0.09583333333333334,0.16666666666666666,0.35833333333333334,0.5083333333333333,0.49166666666666664
bbox_expand_1_5x__bbox_mean__object_depth,leave_one_out,weather,light_rain,,,240,77.5,38.37859646556485,77.13643850166869,32.44333022891313,31.35965615601952,0.6536935746659576,0.36977817189416273,38.33702306939887,0.0021653151975418172,-0.36356149833131896,2.950567839067908,59.808144075404044,71.9346807270358,78.73906880974737,0.09583333333333334,0.15416666666666667,0.325,0.5208333333333334,0.4791666666666667
bbox_expand_1_5x__bbox_mean__object_depth,leave_one_out,time_of_day,,10AM,,240,77.5,38.37859646556485,76.89628271528606,32.47742967966647,31.455833911406096,0.6565457458493853,0.3704373334313891,38.53555620741965,-0.00819627194242667,-0.6037172847139572,2.299647277935982,60.4337581338127,72.00971627935154,77.17549012598616,0.1,0.17083333333333334,0.3375,0.5083333333333333,0.49166666666666664
bbox_expand_1_5x__bbox_mean__object_depth,leave_one_out,time_of_day,,8PM,,240,77.5,38.37859646556485,78.15251292247605,32.36476848147385,33.48276419761562,0.661602298679009,0.3529617644272346,38.29781275580927,0.0042054007044796116,0.6525129224760539,2.6343483825754106,60.49509635476631,71.06261165255547,78.73906880974737,0.09166666666666666,0.15,0.3458333333333333,0.5208333333333334,0.4791666666666667
bbox_expand_1_5x__bbox_mean__object_depth,leave_one_out,distance_range,,,far,120,130.0,14.719601443879744,77.43660153741435,52.56339846258565,47.420847491440064,0.3971721468827693,0.3793667799315205,54.58081142065975,-12.74953065540441,-52.56339846258565,-47.420847491440064,72.8459859890475,74.36286971072951,78.73906880974737,0.0,0.0,0.0,0.0,1.0
bbox_expand_1_5x__bbox_mean__object_depth,leave_one_out,distance_range,,,mid,160,85.0,11.180339887498949,77.85402532768418,11.199031418873048,10.225781588829854,0.12545895209462618,0.1183781959243239,13.537013133199121,-0.46600579654724394,-7.145974672315806,-7.206415840201345,22.887316807680644,24.399925081165915,28.437536766601028,0.2875,0.48125,0.80625,0.29375,0.70625
bbox_expand_1_5x__bbox_mean__object_depth,leave_one_out,distance_range,,,near,200,40.0,14.142135623730951,77.31337358071856,37.313373580718554,36.65872998512635,1.2431072036287105,0.9164682496281588,40.10005361661969,-7.04007150027887,37.313373580718554,36.65872998512635,56.25782460202243,60.26626214771087,70.1387154615906,0.0,0.0,0.175,1.0,0.0
bbox_expand_1_5x__bbox_mean__object_depth,leave_one_out,weather__distance_range,clear_sky,,far,60,130.0,14.719601443879744,77.93866581172892,52.06133418827109,47.420847491440064,0.3931193231414551,0.3793667799315205,54.119864985076816,-12.518275935398199,-52.06133418827109,-47.420847491440064,72.61223076049193,73.07345598166982,75.0637553804899,0.0,0.0,0.0,0.0,1.0
bbox_expand_1_5x__bbox_mean__object_depth,leave_one_out,weather__distance_range,clear_sky,,mid,80,85.0,11.180339887498949,77.96503992280581,10.832571028800492,9.952586397420703,0.12134862970246499,0.11213513619664336,13.148484060037307,-0.38306106461644096,-7.03496007719419,-7.3812448859454065,22.02923275847695,24.337996338807145,28.437536766601028,0.2875,0.5,0.85,0.275,0.725
bbox_expand_1_5x__bbox_mean__object_depth,leave_one_out,weather__distance_range,clear_sky,,near,100,40.0,14.142135623730951,77.85442570134221,37.85442570134221,37.5112381711724,1.261740230023003,0.9377809542793101,40.75635092824238,-7.305400704930218,37.85442570134221,37.5112381711724,58.3852181830349,60.51328773578784,70.1387154615906,0.0,0.0,0.18,1.0,0.0
bbox_expand_1_5x__bbox_mean__object_depth,leave_one_out,weather__distance_range,light_rain,,far,60,130.0,14.719601443879744,76.93453726309977,53.06546273690023,47.241866354551185,0.4012249706240836,0.3787026686612006,55.03789753135835,-12.98078537541062,-53.06546273690023,-47.241866354551185,73.92156234781463,75.85870773092539,78.73906880974737,0.0,0.0,0.0,0.0,1.0
bbox_expand_1_5x__bbox_mean__object_depth,leave_one_out,weather__distance_range,light_rain,,mid,80,85.0,11.180339887498949,77.74301073256257,11.565491808945604,10.567908609038156,0.12956927448678743,0.13347452227305395,13.914697842919761,-0.5489505284780467,-7.256989267437424,-6.330579144579339,23.15149550124903,24.414273979683138,27.715424803163742,0.2875,0.4625,0.7625,0.3125,0.6875
bbox_expand_1_5x__bbox_mean__object_depth,leave_one_out,weather__distance_range,light_rain,,near,100,40.0,14.142135623730951,76.77232146009491,36.772321460094915,36.08629483451718,1.2244741772344183,0.9021573708629296,39.432834784294975,-6.774742295627519,36.772321460094915,36.08629483451718,55.20327185229104,59.581972294951086,61.30857309665882,0.0,0.0,0.17,1.0,0.0
bbox_expand_1_5x__bbox_mean__object_depth,leave_one_out,time_of_day__distance_range,,10AM,far,60,130.0,14.719601443879744,76.85806447201975,53.14193552798028,48.48379058047523,0.40171628718222074,0.38787032464380183,55.11899436243055,-13.022016336272234,-53.14193552798028,-48.48379058047523,73.92156234781463,74.59060315165392,77.17549012598616,0.0,0.0,0.0,0.0,1.0
bbox_expand_1_5x__bbox_mean__object_depth,leave_one_out,time_of_day__distance_range,,10AM,mid,80,85.0,11.180339887498949,76.85173606338563,11.382273664556507,9.490661738344556,0.12614583430793078,0.12089962682240157,13.88743963621978,-0.5428878371971853,-8.148263936614365,-7.484372621224885,23.417093707611244,26.148762814104575,28.437536766601028,0.3,0.5125,0.7875,0.275,0.725
bbox_expand_1_5x__bbox_mean__object_depth,leave_one_out,time_of_day__distance_range,,10AM,near,100,40.0,14.142135623730951,76.95485098276616,36.95485098276617,36.29545305574097,1.2337633502828478,0.9073863263935242,39.83494588776756,-6.934114569406849,36.95485098276617,36.29545305574097,55.23130264374987,59.79166702360767,70.1387154615906,0.0,0.0,0.18,1.0,0.0
bbox_expand_1_5x__bbox_mean__object_depth,leave_one_out,time_of_day__distance_range,,8PM,far,60,130.0,14.719601443879744,78.01513860280895,51.98486139719104,46.66589664412878,0.39262800658331787,0.37427019383311677,54.037268723998196,-12.477044974536586,-51.98486139719104,-46.66589664412878,72.6069222689903,73.08784571268207,78.73906880974737,0.0,0.0,0.0,0.0,1.0
bbox_expand_1_5x__bbox_mean__object_depth,leave_one_out,time_of_day__distance_range,,8PM,mid,80,85.0,11.180339887498949,78.85631459198275,11.015789173189589,10.374401029467691,0.12477206988132164,0.11682640912187284,13.177270942314378,-0.38912375589730264,-6.14368540801725,-5.0935664183218705,22.006862797796177,23.189185259538856,24.83930172698527,0.275,0.45,0.825,0.3125,0.6875
bbox_expand_1_5x__bbox_mean__object_depth,leave_one_out,time_of_day__distance_range,,8PM,near,100,40.0,14.142135623730951,77.67189617867096,37.67189617867095,36.72926472360621,1.2524510569745735,0.9182316180901552,40.36342015030661,-7.146028431150889,37.67189617867095,36.72926472360621,58.02452515508612,60.269547748499214,62.09713879526356,0.0,0.0,0.17,1.0,0.0
bbox_expand_1_5x__bbox_mean__object_depth_percentile_5_95,leave_one_out,weather,clear_sky,,,240,77.5,38.37859646556485,74.7840158926709,32.00635889422115,30.404910352518463,0.6427458711165168,0.34570880316882047,38.526188358261,-0.007706154059093029,-2.7159841073291013,-2.1856155312610994,62.00826625585594,71.45468341816117,97.01469019879042,0.10833333333333334,0.17916666666666667,0.3541666666666667,0.4708333333333333,0.5291666666666667
bbox_expand_1_5x__bbox_mean__object_depth_percentile_5_95,leave_one_out,weather,light_rain,,,240,77.5,38.37859646556485,80.18815723396415,28.316014099459835,27.00826728760009,0.5958933106131502,0.32577688827313683,33.41678091347137,0.24185714515262613,2.6881572339641497,4.605489257266974,54.681755585983176,58.43339779536142,76.81249175442719,0.09166666666666666,0.17916666666666667,0.3875,0.5375,0.4625
bbox_expand_1_5x__bbox_mean__object_depth_percentile_5_95,leave_one_out,time_of_day,,10AM,,240,77.5,38.37859646556485,74.032019455624,31.284060345868156,29.03071307263086,0.6166902718945738,0.3433708691457429,37.04489990669146,0.06829446624263247,-3.4679805443760054,-2.4777272983213763,58.53588691800208,66.28211075074604,97.01469019879042,0.075,0.14583333333333334,0.35,0.48333333333333334,0.5166666666666667
bbox_expand_1_5x__bbox_mean__object_depth_percentile_5_95,leave_one_out,time_of_day,,8PM,,240,77.5,38.37859646556485,80.94015367101105,29.038312647812827,27.037980239954983,0.6219489098350933,0.3291373042536311,35.051730726718205,0.16585652485090052,3.4401536710110503,1.9961368147822398,55.350900053841215,62.99410445028925,80.68702848083348,0.125,0.2125,0.39166666666666666,0.525,0.475
bbox_expand_1_5x__bbox_mean__object_depth_percentile_5_95,leave_one_out,distance_range,,,far,120,130.0,14.719601443879744,85.26944264492786,44.73055735507216,47.142290625193624,0.33824910524927293,0.34610932219698,48.06793555947723,-9.663968133615638,-44.73055735507216,-47.142290625193624,68.54687586329914,71.8403571946962,97.01469019879042,0.0,0.0,0.11666666666666667,0.0,1.0
bbox_expand_1_5x__bbox_mean__object_depth_percentile_5_95,leave_one_out,distance_range,,,mid,160,85.0,11.180339887498949,76.70091033543191,14.6889055877344,12.873518127548138,0.17039637377852596,0.16534796181340272,18.257195988692686,-1.6666016429562913,-8.299089664568088,-6.930870657201538,30.137768335428905,34.22520998982877,43.381279609530964,0.25,0.4,0.7,0.29375,0.70625
bbox_expand_1_5x__bbox_mean__object_depth_percentile_5_95,leave_one_out,distance_range,,,near,200,40.0,14.142135623730951,73.44421389665982,33.797388709186365,33.04619759749454,1.1471004559032159,0.8652060317433142,38.31660347129581,-6.3408105078825905,33.444213896659825,33.04619759749454,58.34615439642763,62.99410445028925,80.68702848083348,0.04,0.11,0.26,0.975,0.025
bbox_expand_1_5x__bbox_mean__object_depth_percentile_5_95,leave_one_out,weather__distance_range,clear_sky,,far,60,130.0,14.719601443879744,78.71177570261658,51.2882242973834,51.422374253333984,0.39158402694702865,0.38845328224090997,53.6377734346311,-12.278511103191466,-51.2882242973834,-51.422374253333984,71.57410381380937,74.79628622839734,97.01469019879042,0.0,0.0,0.016666666666666666,0.0,1.0
bbox_expand_1_5x__bbox_mean__object_depth_percentile_5_95,leave_one_out,weather__distance_range,clear_sky,,mid,80,85.0,11.180339887498949,73.23330928231859,15.2982047238666,13.860061195430099,0.17314295738343058,0.17233979557556442,18.83103481828491,-1.836862978619668,-11.766690717681419,-12.565110216577025,33.676397731686194,35.3160649861186,42.76728914953664,0.2375,0.35,0.6875,0.2,0.8
bbox_expand_1_5x__bbox_mean__object_depth_percentile_5_95,leave_one_out,weather__distance_range,clear_sky,,near,100,40.0,14.142135623730951,73.66792529498532,33.80376298860743,32.72494386431916,1.1691253086046784,0.8609880499651874,39.39985422970542,-6.76174256661018,33.66792529498534,32.72494386431916,62.060674451281734,71.46198114486182,80.68702848083348,0.07,0.15,0.29,0.97,0.03
bbox_expand_1_5x__bbox_mean__object_depth_percentile_5_95,leave_one_out,weather__distance_range,light_rain,,far,60,130.0,14.719601443879744,91.8271095872391,38.17289041276092,37.16856555303398,0.2849141835515171,0.3027128327557373,41.76173031467078,-7.0494251640398105,-38.17289041276092,-37.16856555303398,58.355076898861604,64.13819724051328,76.81249175442719,0.0,0.0,0.21666666666666667,0.0,1.0
bbox_expand_1_5x__bbox_mean__object_depth_percentile_5_95,leave_one_out,weather__distance_range,light_rain,,mid,80,85.0,11.180339887498949,80.16851138854524,14.079606451602189,12.133370273037073,0.16764979017362128,0.1498850392148427,17.66472582327884,-1.4963403072929142,-4.831488611454757,-3.27221221475844,28.383483675095817,30.766074443038033,43.381279609530964,0.2625,0.45,0.7125,0.3875,0.6125
bbox_expand_1_5x__bbox_mean__object_depth_percentile_5_95,leave_one_out,weather__distance_range,light_rain,,near,100,40.0,14.142135623730951,73.22050249833431,33.791014429765305,33.42373852295158,1.1250756032017533,0.8953365861750203,37.20182374334624,-5.919878449155,33.22050249833432,33.42373852295158,54.77714225274465,58.67533652811102,64.41314921743445,0.01,0.07,0.23,0.98,0.02
bbox_expand_1_5x__bbox_mean__object_depth_percentile_5_95,leave_one_out,time_of_day__distance_range,,10AM,far,60,130.0,14.719601443879744,81.37789919097641,48.62210080902358,49.924795280022884,0.3688622026778751,0.3756136138207209,51.791212367430674,-11.379983131484478,-48.62210080902358,-49.924795280022884,70.94912901865837,74.8885000777653,97.01469019879042,0.0,0.0,0.06666666666666667,0.0,1.0
bbox_expand_1_5x__bbox_mean__object_depth_percentile_5_95,leave_one_out,time_of_day__distance_range,,10AM,mid,80,85.0,11.180339887498949,71.62555433927687,17.456231405942557,16.270177628275327,0.1990126441552566,0.19364585653699773,20.662834090839798,-2.41562170132457,-13.374445660723131,-15.394264590597622,33.93325301139392,35.3160649861186,39.7812202130196,0.175,0.275,0.6125,0.225,0.775
bbox_expand_1_5x__bbox_mean__object_depth_percentile_5_95,leave_one_out,time_of_day__distance_range,,10AM,near,100,40.0,14.142135623730951,71.54966370749024,31.94349921991538,31.033899897847903,1.0995292156160468,0.801161790402179,36.641766941659,-5.7130954230342725,31.54966370749025,31.033899897847903,58.34615439642763,61.12425038781534,77.60616038388305,0.04,0.13,0.31,0.98,0.02
bbox_expand_1_5x__bbox_mean__object_depth_percentile_5_95,leave_one_out,time_of_day__distance_range,,8PM,far,60,130.0,14.719601443879744,89.16098609887926,40.83901390112074,41.24491289939803,0.30763600782067085,0.3317835969567964,44.030934346341176,-7.9479531357468005,-40.83901390112074,-41.24491289939803,58.27379773668597,65.57992014580668,74.9682147670677,0.0,0.0,0.16666666666666666,0.0,1.0
bbox_expand_1_5x__bbox_mean__object_depth_percentile_5_95,leave_one_out,time_of_day__distance_range,,8PM,mid,80,85.0,11.180339887498949,81.77626633158695,11.921579769526238,9.539983310305452,0.14178010340179528,0.10599981455894947,15.48217355778902,-0.917581584588012,-3.2237336684130455,-3.1162755008457594,25.04867694672705,28.15202895180511,43.381279609530964,0.325,0.525,0.7875,0.3625,0.6375
bbox_expand_1_5x__bbox_mean__object_depth_percentile_5_95,leave_one_out,time_of_day__distance_range,,8PM,near,100,40.0,14.142135623730951,75.33876408582941,35.65127819845736,34.35836548374188,1.194671696190385,0.895265477406453,39.92123643558878,-6.9685255927309075,35.3387640858294,34.35836548374188,58.36510265525993,64.59476787314621,80.68702848083348,0.04,0.09,0.21,0.97,0.03
bbox_expand_1_5x__bbox_mean__object_minus_ring,leave_one_out,weather,clear_sky,,,240,77.5,38.37859646556485,73.03558988907884,29.640660480584575,27.91872289035284,0.550148654822867,0.3312235807292615,35.339742556764485,0.15209228584211076,-4.464410110921159,-3.0120695774743993,54.86290330456857,64.59132479057102,84.13174746799262,0.08333333333333333,0.1625,0.375,0.4666666666666667,0.5333333333333333
bbox_expand_1_5x__bbox_mean__object_minus_ring,leave_one_out,weather,light_rain,,,240,77.5,38.37859646556485,81.93422353563109,27.418718973804854,26.87125757918817,0.5710562177852123,0.3145647801061181,32.83942462196506,0.267828361300102,4.43422353563108,6.446836306703048,53.484433918384184,60.95111762053616,72.2524423280161,0.10416666666666667,0.25,0.39166666666666666,0.575,0.425
bbox_expand_1_5x__bbox_mean__object_minus_ring,leave_one_out,time_of_day,,10AM,,240,77.5,38.37859646556485,72.76498671463868,29.25113790257138,26.717495760979272,0.5469808161850257,0.32900360576359666,35.08325250009148,0.16435557160836767,-4.735013285361328,-5.955077132106929,55.00267797344871,65.94144369858962,84.13174746799262,0.07916666666666666,0.19166666666666668,0.3875,0.45,0.55
bbox_expand_1_5x__bbox_mean__object_minus_ring,leave_one_out,time_of_day,,8PM,,240,77.5,38.37859646556485,82.20482671007125,27.80824155181805,27.91872289035284,0.5742240564230536,0.31971312176961975,33.11329955614421,0.2555650755338451,4.704826710071249,7.756332402839046,52.589591156860635,61.45191403308149,69.19203375049871,0.10833333333333334,0.22083333333333333,0.37916666666666665,0.5916666666666667,0.4083333333333333
bbox_expand_1_5x__bbox_mean__object_minus_ring,leave_one_out,distance_range,,,far,120,130.0,14.719601443879744,88.55808126553863,42.32891433540211,40.42974102589464,0.3199236815225772,0.3275217399153443,46.045340671275326,-8.78541568092524,-41.441918734461375,-40.42974102589464,65.89072483133528,71.76157056163873,84.13174746799262,0.008333333333333333,0.06666666666666667,0.11666666666666667,0.03333333333333333,0.9666666666666667
bbox_expand_1_5x__bbox_mean__object_minus_ring,leave_one_out,distance_range,,,mid,160,85.0,11.180339887498949,78.82068116713789,14.324493906662005,11.125025578360017,0.16828370658328123,0.14330722740215976,18.44202361698322,-1.7208658807149355,-6.179318832862114,-6.075029869871251,28.261852393836328,35.13893061285163,64.5706128255877,0.21875,0.43125,0.74375,0.3625,0.6375
bbox_expand_1_5x__bbox_mean__object_minus_ring,leave_one_out,distance_range,,,near,200,40.0,14.142135623730951,69.77238241661843,31.61431161869645,31.40940873958428,1.0188646729495239,0.7785507592112839,35.33552928122578,-5.242998147921823,29.77238241661842,31.222587319856174,52.510195151634456,56.69523298740777,72.2524423280161,0.045,0.11,0.255,0.94,0.06
bbox_expand_1_5x__bbox_mean__object_minus_ring,leave_one_out,weather__distance_range,clear_sky,,far,60,130.0,14.719601443879744,82.82457872811781,47.1754212718822,44.15850381297052,0.359466957591306,0.3558052932070209,49.930607700948784,-10.506456547935596,-47.1754212718822,-44.15850381297052,71.78755596588073,73.94529946855072,84.13174746799262,0.0,0.0,0.016666666666666666,0.0,1.0
bbox_expand_1_5x__bbox_mean__object_minus_ring,leave_one_out,weather__distance_range,clear_sky,,mid,80,85.0,11.180339887498949,72.77328223453972,15.82592081465711,11.341200465249614,0.18545271214759157,0.14979724628639135,20.752047304019527,-2.4451797384661127,-12.226717765460275,-10.86129957878429,33.18916152619185,41.807288325565224,64.5706128255877,0.2125,0.3625,0.7,0.25,0.75
bbox_expand_1_5x__bbox_mean__object_minus_ring,leave_one_out,weather__distance_range,clear_sky,,near,100,40.0,14.142135623730951,67.37204270928676,30.171595738547968,29.682065970481958,0.9563144273020241,0.7522439054502795,34.01465043874332,-4.7849822223495035,27.372042709286756,29.179259116033325,52.55627212789787,55.24601945985913,61.800364516717394,0.03,0.1,0.33,0.92,0.08
bbox_expand_1_5x__bbox_mean__object_minus_ring,leave_one_out,weather__distance_range,light_rain,,far,60,130.0,14.719601443879744,94.29158380295945,37.48240739892201,37.71165164967787,0.2803804054538485,0.2997275074336231,41.80049293586809,-7.064374813914883,-35.708416197040556,-37.71165164967787,61.61984275593297,65.88873607856547,69.290631561634,0.016666666666666666,0.13333333333333333,0.21666666666666667,0.06666666666666667,0.9333333333333333
bbox_expand_1_5x__bbox_mean__object_minus_ring,leave_one_out,weather__distance_range,light_rain,,mid,80,85.0,11.180339887498949,84.86808009973605,12.823066998666897,10.133558121983278,0.15111470101897087,0.12338672789735364,15.79775309562945,-0.9965520229637586,-0.1319199002639521,-0.9033146528968174,26.00458936933119,30.15049990467435,37.55389583614931,0.225,0.5,0.7875,0.475,0.525
bbox_expand_1_5x__bbox_mean__object_minus_ring,leave_one_out,weather__distance_range,light_rain,,near,100,40.0,14.142135623730951,72.17272212395007,33.05702749884494,33.13290844664463,1.0814149185970239,0.8172919021200661,36.60878056831214,-5.701014073494142,32.17272212395008,32.96031366101229,52.310613363830115,56.81098335495548,72.2524423280161,0.06,0.12,0.18,0.96,0.04
bbox_expand_1_5x__bbox_mean__object_minus_ring,leave_one_out,time_of_day__distance_range,,10AM,far,60,130.0,14.719601443879744,84.16408672685655,46.49768810295356,46.14726095509856,0.352743015791841,0.3612792650651646,49.90820110309682,-10.496131710833023,-45.835913273143454,-46.14726095509856,71.78755596588073,73.94529946855072,84.13174746799262,0.0,0.03333333333333333,0.08333333333333333,0.016666666666666666,0.9833333333333333
bbox_expand_1_5x__bbox_mean__object_minus_ring,leave_one_out,time_of_day__distance_range,,10AM,mid,80,85.0,11.180339887498949,71.41765105675302,16.77236068407506,14.175678307564553,0.1943613858997503,0.1757724274724382,20.76520307018749,-2.4495492683689912,-13.582348943246988,-13.541242026883133,32.49481981915949,36.47888294309728,64.5706128255877,0.15,0.3375,0.675,0.1875,0.8125
bbox_expand_1_5x__bbox_mean__object_minus_ring,leave_one_out,time_of_day__distance_range,,10AM,near,100,40.0,14.142135623730951,67.00339523361647,28.886229557139142,29.58399071034531,0.9456190406491571,0.7334013067873284,33.38489186921576,-4.572755025596142,27.003395233616473,29.08118385589668,52.310613363830115,54.75273876277856,72.2524423280161,0.07,0.17,0.34,0.92,0.08
bbox_expand_1_5x__bbox_mean__object_minus_ring,leave_one_out,time_of_day__distance_range,,8PM,far,60,130.0,14.719601443879744,92.95207580422071,38.16014056785066,37.385677658858114,0.2871043472533136,0.2954380787941673,41.82724300883873,-7.074699651017454,-37.04792419577929,-37.385677658858114,62.835894862408345,65.00999172250857,69.19203375049871,0.016666666666666666,0.1,0.15,0.05,0.95
bbox_expand_1_5x__bbox_mean__object_minus_ring,leave_one_out,time_of_day__distance_range,,8PM,mid,80,85.0,11.180339887498949,86.22371127752275,11.876627129248948,9.621926966735678,0.14220602726681214,0.10337090833941251,15.780456635744418,-0.9921824930608805,1.2237112775227588,0.946225424421641,27.610763773660384,33.80966484415305,52.445727932877894,0.2875,0.525,0.8125,0.5375,0.4625
bbox_expand_1_5x__bbox_mean__object_minus_ring,leave_one_out,time_of_day__distance_range,,8PM,near,100,40.0,14.142135623730951,72.54136959962035,34.342393680253764,33.89745866557849,1.0921103052498906,0.8336302506520881,37.18397845913615,-5.913241270247505,32.54136959962037,33.34521002608352,52.58959115686065,56.6952329874078,62.71364968507159,0.02,0.05,0.17,0.96,0.04
bbox_expand_1_5x__bbox_mean__object_minus_ring_normalized,leave_one_out,weather,clear_sky,,,240,77.5,38.37859646556485,72.98030379596659,29.551779964833333,27.249441408525495,0.55169078798693,0.3323334958307459,35.16527900198035,0.16044344172868785,-4.519696204033427,-3.105390487947986,53.3394997019926,63.94779362736769,93.36199044771628,0.0625,0.17916666666666667,0.3541666666666667,0.4875,0.5125
bbox_expand_1_5x__bbox_mean__object_minus_ring_normalized,leave_one_out,weather,light_rain,,,240,77.5,38.37859646556485,82.01380671836175,26.390415547145675,25.251538734036416,0.5437078352084639,0.29736660717950547,31.26497975234122,0.3363514847540777,4.513806718361753,7.287549518849605,49.18836829568918,55.65394746935194,75.41075854717309,0.07916666666666666,0.23333333333333334,0.4041666666666667,0.5583333333333333,0.44166666666666665
bbox_expand_1_5x__bbox_mean__object_minus_ring_normalized,leave_one_out,time_of_day,,10AM,,240,77.5,38.37859646556485,71.37797965477948,29.036895368081126,26.907617433793014,0.5382709606009073,0.32600962119035265,34.766163526232006,0.17939272893960645,-6.122020345220522,-7.320057039665947,53.61985286641809,61.769269042907695,93.36199044771628,0.08333333333333333,0.19583333333333333,0.3625,0.42916666666666664,0.5708333333333333
bbox_expand_1_5x__bbox_mean__object_minus_ring_normalized,leave_one_out,time_of_day,,8PM,,240,77.5,38.37859646556485,83.61613085954885,26.905300143897875,25.485493401331183,0.5571276625944869,0.3092414921259322,31.708195783877738,0.3174021975431591,6.11613085954885,9.099210813080035,49.3962570786669,56.63633769803319,73.8417350818872,0.058333333333333334,0.21666666666666667,0.3958333333333333,0.6166666666666667,0.38333333333333336
bbox_expand_1_5x__bbox_mean__object_minus_ring_normalized,leave_one_out,distance_range,,,far,120,130.0,14.719601443879744,90.98722436437484,39.6370591270208,39.99914812656222,0.2998612333922434,0.31485259461015636,44.826986461488524,-8.274424839469885,-39.012775635625154,-39.99914812656222,66.7492797499355,75.7492497984272,93.36199044771628,0.025,0.11666666666666667,0.20833333333333334,0.05,0.95
bbox_expand_1_5x__bbox_mean__object_minus_ring_normalized,leave_one_out,distance_range,,,mid,160,85.0,11.180339887498949,78.8218304419294,17.59016828880123,15.764961084650714,0.2055050719660247,0.1913813684741838,21.225890141259832,-2.6043072983106503,-6.178169558070617,-7.734890565680569,32.97141224891165,38.7519126489336,60.74398365969615,0.1375,0.3375,0.60625,0.3625,0.6375
bbox_expand_1_5x__bbox_mean__object_minus_ring_normalized,leave_one_out,distance_range,,,near,200,40.0,14.142135623730951,68.34313364502559,29.27626450712135,30.483735734490445,0.9701575502263071,0.7375776395051471,33.027397846024165,-4.454045042397809,28.34313364502558,30.483735734490445,47.596685035259284,53.09048893051171,75.41075854717309,0.045,0.155,0.3,0.935,0.065
bbox_expand_1_5x__bbox_mean__object_minus_ring_normalized,leave_one_out,weather__distance_range,clear_sky,,far,60,130.0,14.719601443879744,82.39849661168303,47.60150338831695,48.32279922150515,0.363306261793445,0.35621977435336993,51.32370254314333,-11.157488197247954,-47.60150338831695,-48.32279922150515,75.77334186516933,77.89364854444653,93.36199044771628,0.0,0.016666666666666666,0.05,0.0,1.0
bbox_expand_1_5x__bbox_mean__object_minus_ring_normalized,leave_one_out,weather__distance_range,clear_sky,,mid,80,85.0,11.180339887498949,72.42606301748111,17.172063826556087,15.764961084650714,0.19897122698340972,0.19754255261166054,20.483884969921856,-2.3567163476879243,-12.57393698251889,-14.738608981703457,31.20901584201035,35.562285686170014,52.10805585620058,0.15,0.3375,0.6,0.2625,0.7375
bbox_expand_1_5x__bbox_mean__object_minus_ring_normalized,leave_one_out,weather__distance_range,clear_sky,,near,100,40.0,14.142135623730951,67.77278072932506,28.625718821364952,30.14725196811125,0.9468971525058376,0.769849768794828,32.42972915517584,-4.2584366653903105,27.77278072932506,30.14725196811125,47.765591211092094,52.90431110696715,67.83848807009598,0.03,0.15,0.34,0.96,0.04
bbox_expand_1_5x__bbox_mean__object_minus_ring_normalized,leave_one_out,weather__distance_range,light_rain,,far,60,130.0,14.719601443879744,99.57595211706665,31.67261486572464,33.12869856867991,0.23641620499104185,0.24136755687260547,37.21283364243971,-5.391361481691813,-30.42404788293336,-33.12869856867991,55.94019246292319,60.28418391281097,72.96408723349072,0.05,0.21666666666666667,0.36666666666666664,0.1,0.9
bbox_expand_1_5x__bbox_mean__object_minus_ring_normalized,leave_one_out,weather__distance_range,light_rain,,mid,80,85.0,11.180339887498949,85.21759786637766,18.008272751046373,15.660145866768616,0.2120389169486397,0.18369032613609654,21.94281844058944,-2.8518982489333764,0.2175978663776565,-3.011202943126733,34.44123008156425,40.58529555088024,60.74398365969615,0.125,0.3375,0.6125,0.4625,0.5375
bbox_expand_1_5x__bbox_mean__object_minus_ring_normalized,leave_one_out,weather__distance_range,light_rain,,near,100,40.0,14.142135623730951,68.9134865607261,29.926810192877745,30.7976450423105,0.9934179479467765,0.705261086459358,33.6144415970437,-4.6496534194053085,28.913486560726106,30.7976450423105,47.344608917461755,55.36168340872205,75.41075854717309,0.06,0.16,0.26,0.91,0.09
bbox_expand_1_5x__bbox_mean__object_minus_ring_normalized,leave_one_out,time_of_day__distance_range,,10AM,far,60,130.0,14.719601443879744,84.47686209380774,45.892665201674085,48.1620321947596,0.3495128340728391,0.35720100936586685,50.41779263547039,-10.732094527230583,-45.523137906192275,-48.1620321947596,75.77334186516933,77.89364854444653,93.36199044771628,0.03333333333333333,0.08333333333333333,0.11666666666666667,0.03333333333333333,0.9666666666666667
bbox_expand_1_5x__bbox_mean__object_minus_ring_normalized,leave_one_out,time_of_day__distance_range,,10AM,mid,80,85.0,11.180339887498949,69.04342265185944,19.436197659422756,18.737490123918555,0.22241514390256048,0.21974067120979449,22.85981665978323,-3.180569741751224,-15.956577348140561,-17.251360483852334,33.10521408046177,39.034358173639944,60.74398365969615,0.1125,0.25,0.5375,0.15,0.85
bbox_expand_1_5x__bbox_mean__object_minus_ring_normalized,leave_one_out,time_of_day__distance_range,,10AM,near,100,40.0,14.142135623730951,65.38629579369855,26.60399163485205,28.43463039354125,0.9042104898764255,0.6896501637648406,30.945394495520535,-3.788087202416963,25.386295793698565,28.43463039354125,43.94012378961031,51.624051444014384,75.41075854717309,0.09,0.22,0.37,0.89,0.11
bbox_expand_1_5x__bbox_mean__object_minus_ring_normalized,leave_one_out,time_of_day__distance_range,,8PM,far,60,130.0,14.719601443879744,97.49758663494198,33.3814530523675,35.264710998262466,0.2502096327116477,0.2772561911336394,38.431284342364314,-5.8167551517091844,-32.50241336505803,-35.264710998262466,59.72388150959448,62.02065981632475,73.8417350818872,0.016666666666666666,0.15,0.3,0.06666666666666667,0.9333333333333333
bbox_expand_1_5x__bbox_mean__object_minus_ring_normalized,leave_one_out,time_of_day__distance_range,,8PM,mid,80,85.0,11.180339887498949,88.60023823199933,15.744138918179706,13.728677511483617,0.18859500002948887,0.16112827530097534,19.455220555387175,-2.028044854870077,3.6002382319993274,3.167924123255183,32.17855041577875,37.30143944680956,49.69869564113256,0.1625,0.425,0.675,0.575,0.425
bbox_expand_1_5x__bbox_mean__object_minus_ring_normalized,leave_one_out,time_of_day__distance_range,,8PM,near,100,40.0,14.142135623730951,71.29997149635258,31.94853737939065,31.463670346852894,1.0361046105761884,0.741477157722788,34.98571960780185,-5.120002882378655,31.299971496352605,31.463670346852894,49.5149207186123,56.57984381943225,67.83848807009598,0.0,0.09,0.23,0.98,0.02
bbox_expand_1_5x__bbox_midpoint__object_depth,leave_one_out,weather,clear_sky,,,240,77.5,38.37859646556485,73.38431986908566,27.70848528634054,23.10064200882175,0.5077373175493571,0.30325962866960854,33.680990754197666,0.2298212357447137,-4.115680130914334,-6.752254130822557,56.777825422952915,63.52289649525737,78.80280315615225,0.10833333333333334,0.2125,0.4041666666666667,0.43333333333333335,0.5666666666666667
bbox_expand_1_5x__bbox_midpoint__object_depth,leave_one_out,weather,light_rain,,,240,77.5,38.37859646556485,81.6103143259729,25.947118978199146,22.851514008842152,0.5281618587583718,0.27541174096759613,32.056411312005146,0.30232746396303156,4.110314325972904,6.900915292736919,54.060348587363535,61.514695325236126,79.62331303854984,0.1125,0.2625,0.4583333333333333,0.5916666666666667,0.4083333333333333
bbox_expand_1_5x__bbox_midpoint__object_depth,leave_one_out,time_of_day,,10AM,,240,77.5,38.37859646556485,74.79199847164615,27.28038216536274,23.127317315467387,0.5056321024853647,0.30582317100236384,33.48803811983643,0.23862040365559167,-2.7080015283538574,-3.7899918508026147,56.10280618285008,63.2608660879718,79.62331303854984,0.1125,0.24166666666666667,0.42083333333333334,0.4583333333333333,0.5416666666666666
bbox_expand_1_5x__bbox_midpoint__object_depth,leave_one_out,time_of_day,,8PM,,240,77.5,38.37859646556485,80.20263572341243,26.375222099176938,22.68060979911084,0.5302670738223642,0.2794359254853449,32.25792844051183,0.2935282960521536,2.702635723412425,4.98031595223339,54.28457258225445,61.07175376605103,69.77440755444923,0.10833333333333334,0.23333333333333334,0.44166666666666665,0.5666666666666667,0.43333333333333335
bbox_expand_1_5x__bbox_midpoint__object_depth,leave_one_out,distance_range,,,far,120,130.0,14.719601443879744,90.8083458195948,39.390133591339996,41.511023734933204,0.2952381163880476,0.3065751753449173,43.173024733765786,-7.602661836903163,-39.19165418040519,-41.511023734933204,62.81203282430517,67.22395447202368,78.80280315615225,0.03333333333333333,0.075,0.125,0.025,0.975
bbox_expand_1_5x__bbox_midpoint__object_depth,leave_one_out,distance_range,,,mid,160,85.0,11.180339887498949,79.46141031118728,12.966185313443777,11.021503930329736,0.15234788982049344,0.13275547121741926,16.01420037175147,-1.0516369083728403,-5.538589688812714,-5.1431556549366775,27.639276570754866,29.748184154657654,45.60245783017223,0.21875,0.45,0.76875,0.4,0.6
bbox_expand_1_5x__bbox_midpoint__object_depth,leave_one_out,distance_range,,,near,200,40.0,14.142135623730951,67.93942529336357,30.3796967118886,27.67830921522235,0.9440578298800514,0.6977021285348868,35.64992908312532,-5.354587218159324,27.939425293363556,27.359510418841104,57.513931092637755,63.223264711003424,79.62331303854984,0.07,0.165,0.345,0.895,0.105
bbox_expand_1_5x__bbox_midpoint__object_depth,leave_one_out,weather__distance_range,clear_sky,,far,60,130.0,14.719601443879744,86.35833114384067,43.64166885615931,42.918743624901595,0.329755656243306,0.34110376017890814,46.14883894668608,-8.829455397510012,-43.64166885615931,-42.918743624901595,64.41499228949,67.85629645834338,78.80280315615225,0.0,0.0,0.03333333333333333,0.0,1.0
bbox_expand_1_5x__bbox_midpoint__object_depth,leave_one_out,weather__distance_range,clear_sky,,mid,80,85.0,11.180339887498949,74.76446328292025,14.693704501932995,12.805372353609208,0.17117192596046096,0.15615720970934863,17.811272427460054,-1.5379314038815903,-10.235536717079757,-10.357247580031832,29.059761833314386,32.23984103465603,45.60245783017223,0.1875,0.4,0.7,0.275,0.725
bbox_expand_1_5x__bbox_midpoint__object_depth,leave_one_out,weather__distance_range,clear_sky,,near,100,40.0,14.142135623730951,64.49579837316497,28.5603997719753,23.10064200882175,0.8837786276041046,0.6065566995873075,34.51028237464852,-4.954797947889881,24.495798373164984,22.48275345346478,57.701616216760804,63.62095269267896,74.81471195158383,0.11,0.19,0.39,0.82,0.18
bbox_expand_1_5x__bbox_midpoint__object_depth,leave_one_out,weather__distance_range,light_rain,,far,60,130.0,14.719601443879744,95.25836049534895,35.13859832652067,33.83256394561815,0.26072057653278913,0.2706605115649452,39.9763028955597,-6.3758682762963135,-34.74163950465106,-33.83256394561815,61.55465401960718,65.59331454699247,69.77440755444923,0.06666666666666667,0.15,0.21666666666666667,0.05,0.95
bbox_expand_1_5x__bbox_midpoint__object_depth,leave_one_out,weather__distance_range,light_rain,,mid,80,85.0,11.180339887498949,84.15835733945433,11.238666124954559,10.26619991735096,0.13352385368052588,0.11894805407108258,13.9881307403102,-0.5653424128640896,-0.841642660545671,0.265440536140936,24.523471021131375,27.451726912084702,38.122130574866375,0.25,0.5,0.8375,0.525,0.475
bbox_expand_1_5x__bbox_midpoint__object_depth,leave_one_out,weather__distance_range,light_rain,,near,100,40.0,14.142135623730951,71.38305221356214,32.1989936518019,32.22916856112968,1.0043370321559983,0.796860145930668,36.754255504441296,-5.7543764884287665,31.383052213562138,32.22916856112968,56.07616112652917,62.94128486440769,79.62331303854984,0.03,0.14,0.3,0.97,0.03
bbox_expand_1_5x__bbox_midpoint__object_depth,leave_one_out,time_of_day__distance_range,,10AM,far,60,130.0,14.719601443879744,88.64218415318436,41.60148751196024,42.13424035406322,0.3127351337664232,0.3349916199305,45.195680549731236,-8.427613263169327,-41.357815846815654,-42.13424035406322,64.41499228949,67.22931420692414,78.80280315615225,0.03333333333333333,0.06666666666666667,0.1,0.016666666666666666,0.9833333333333333
bbox_expand_1_5x__bbox_midpoint__object_depth,leave_one_out,time_of_day__distance_range,,10AM,mid,80,85.0,11.180339887498949,76.25411559508754,14.518002404055569,12.111684619442194,0.1700878418357999,0.15000843423221727,17.8827074553546,-1.55832980747036,-8.74588440491246,-8.835204293833414,29.062714778807493,32.23984103465603,45.60245783017223,0.2,0.4375,0.7,0.2875,0.7125
bbox_expand_1_5x__bbox_midpoint__object_depth,leave_one_out,time_of_day__distance_range,,10AM,near,100,40.0,14.142135623730951,65.3121933639701,28.89762276644999,23.127317315467387,0.8898056922363815,0.6428924464560616,34.785832865096594,-5.050270840592173,25.3121933639701,23.09391300831097,56.9056601569679,63.35892228539339,79.62331303854984,0.09,0.19,0.39,0.86,0.14
bbox_expand_1_5x__bbox_midpoint__object_depth,leave_one_out,time_of_day__distance_range,,8PM,far,60,130.0,14.719601443879744,92.97450748600528,37.17877967071975,34.95556680570515,0.2777410990096719,0.27440362771142734,41.05082933353905,-6.777710410637,-37.025492513994706,-34.95556680570515,60.576707776948496,65.62631361285665,69.77440755444923,0.03333333333333333,0.08333333333333333,0.15,0.03333333333333333,0.9666666666666667
bbox_expand_1_5x__bbox_midpoint__object_depth,leave_one_out,time_of_day__distance_range,,8PM,mid,80,85.0,11.180339887498949,82.66870502728702,11.414368222831987,10.676014581762878,0.13460793780518696,0.1245649169593531,13.896690295153554,-0.5449440092753202,-2.331294972712969,0.28776461150872734,22.602073722004327,27.631692511491277,34.44557570702908,0.2375,0.4625,0.8375,0.5125,0.4875
bbox_expand_1_5x__bbox_midpoint__object_depth,leave_one_out,time_of_day__distance_range,,8PM,near,100,40.0,14.142135623730951,70.56665722275702,31.861770657327206,32.36658963325054,0.9983099675237215,0.7151820536432727,36.493570928936165,-5.658903595726476,30.566657222757023,32.36658963325054,57.63273174709274,62.95507593847535,69.00352942737811,0.05,0.14,0.3,0.93,0.07
bbox_expand_1_5x__bbox_midpoint__object_depth_percentile_5_95,leave_one_out,weather,clear_sky,,,240,77.5,38.37859646556485,74.30736077358418,30.291321493010173,29.58005084881302,0.5934446598251513,0.3093934489415159,36.5483664748032,0.09310341704564495,-3.192639226415819,-4.966016347231523,58.52916387125772,65.27586368130403,90.52657647212494,0.0875,0.15833333333333333,0.37916666666666665,0.49583333333333335,0.5041666666666667
bbox_expand_1_5x__bbox_midpoint__object_depth_percentile_5_95,leave_one_out,weather,light_rain,,,240,77.5,38.37859646556485,80.68986103697102,24.794594415174164,22.667207746879363,0.507625474374888,0.252777143717757,30.261763618676397,0.37825787565760915,3.189861036971028,7.716378104715162,46.74719537889424,56.64860880939465,85.9174016513197,0.14166666666666666,0.24166666666666667,0.425,0.5708333333333333,0.42916666666666664
bbox_expand_1_5x__bbox_midpoint__object_depth_percentile_5_95,leave_one_out,time_of_day,,10AM,,240,77.5,38.37859646556485,71.82386511283103,28.78360150214381,27.09874286357457,0.5339360707886389,0.31676704611195183,35.02721206947482,0.16702308207527305,-5.676134887168979,-2.455120863893576,55.67898099156088,64.95883883245526,90.05461657287347,0.11666666666666667,0.2,0.375,0.4791666666666667,0.5208333333333334
bbox_expand_1_5x__bbox_midpoint__object_depth_percentile_5_95,leave_one_out,time_of_day,,8PM,,240,77.5,38.37859646556485,83.17335669772419,26.30231440604053,22.98060021869526,0.5671340634114004,0.24904724531930064,32.010183441042685,0.30433821062798094,5.673356697724186,8.600225183154947,52.13662709623867,61.901135819216044,90.52657647212494,0.1125,0.2,0.42916666666666664,0.5875,0.4125
bbox_expand_1_5x__bbox_midpoint__object_depth_percentile_5_95,leave_one_out,distance_range,,,far,120,130.0,14.719601443879744,91.16434049594513,38.83565950405488,37.35598342947081,0.2930541920703703,0.281506296664668,44.4471989479314,-8.117939204539972,-38.83565950405488,-37.35598342947081,64.95883883245526,72.30360414101274,90.05461657287347,0.075,0.11666666666666667,0.225,0.0,1.0
bbox_expand_1_5x__bbox_midpoint__object_depth_percentile_5_95,leave_one_out,distance_range,,,mid,160,85.0,11.180339887498949,77.85193165983175,17.23148355019313,16.615836283933398,0.20046292790700013,0.1978933425411411,20.24395703600517,-2.278542371804986,-7.148068340168254,-9.748127803535247,30.76198807844362,39.86306109203707,39.86306109203707,0.1375,0.35,0.675,0.35,0.65
bbox_expand_1_5x__bbox_midpoint__object_depth_percentile_5_95,leave_one_out,distance_range,,,near,200,40.0,14.142135623730951,69.01651654723376,29.016516547233778,30.405116581133868,0.9850813034722249,0.8107821014552605,34.477276304492264,-4.943412906881519,29.016516547233778,30.405116581133868,52.284258833712855,61.97011716393478,90.52657647212494,0.12,0.13,0.29,1.0,0.0
bbox_expand_1_5x__bbox_midpoint__object_depth_percentile_5_95,leave_one_out,weather__distance_range,clear_sky,,far,60,130.0,14.719601443879744,83.35505315778752,46.644946842212484,44.764741881415,0.35643469035311565,0.36680421521196427,50.29880035216964,-10.67678146246502,-46.644946842212484,-44.764741881415,66.34061546729146,76.63005721012512,90.05461657287347,0.0,0.0,0.08333333333333333,0.0,1.0
bbox_expand_1_5x__bbox_midpoint__object_depth_percentile_5_95,leave_one_out,weather__distance_range,clear_sky,,mid,80,85.0,11.180339887498949,72.303434433634,17.78789632859323,17.688687496424468,0.20549836321080955,0.21391589701499725,20.534777499044893,-2.373416695482243,-12.69656556636601,-15.785788749864459,30.37339196279634,39.86306109203707,39.86306109203707,0.1,0.3125,0.6875,0.2375,0.7625
bbox_expand_1_5x__bbox_midpoint__object_depth_percentile_5_95,leave_one_out,weather__distance_range,clear_sky,,near,100,40.0,14.142135623730951,70.48188641502233,30.481886415022327,30.40511658113387,1.046007678799846,0.886490011799338,36.749913756020824,-5.752780805374844,30.481886415022327,30.40511658113387,57.66570093666243,63.48276777608659,90.52657647212494,0.13,0.13,0.31,1.0,0.0
bbox_expand_1_5x__bbox_midpoint__object_depth_percentile_5_95,leave_one_out,weather__distance_range,light_rain,,far,60,130.0,14.719601443879744,98.97362783410273,31.02637216589725,31.180413337186337,0.22967369378762503,0.2466710543195623,37.6979796775181,-5.559096946614926,-31.02637216589725,-31.180413337186337,60.37649164122422,64.95883883245526,85.9174016513197,0.15,0.23333333333333334,0.36666666666666664,0.0,1.0
bbox_expand_1_5x__bbox_midpoint__object_depth_percentile_5_95,leave_one_out,weather__distance_range,light_rain,,mid,80,85.0,11.180339887498949,83.4004288860295,16.675070771793024,15.130923886617069,0.19542749260319064,0.17058706394710418,19.9488973634125,-2.1836680481277293,-1.5995711139704962,-1.0389975802212774,31.529740776519713,39.86306109203707,39.86306109203707,0.175,0.3875,0.6625,0.4625,0.5375
bbox_expand_1_5x__bbox_midpoint__object_depth_percentile_5_95,leave_one_out,weather__distance_range,light_rain,,near,100,40.0,14.142135623730951,67.55114667944521,27.55114667944521,30.405116581133868,0.9241549281446038,0.7444736953152984,32.04386059259462,-4.134045008388192,27.55114667944521,30.405116581133868,43.15853671205276,56.64860880939466,70.00672548454855,0.11,0.13,0.27,1.0,0.0
bbox_expand_1_5x__bbox_midpoint__object_depth_percentile_5_95,leave_one_out,time_of_day__distance_range,,10AM,far,60,130.0,14.719601443879744,83.01226678929494,46.987733210705066,51.05844470550532,0.35661123799323696,0.3723669066654555,51.77098148285121,-11.370313186297183,-46.987733210705066,-51.05844470550532,72.33484895580757,86.12426239739737,90.05461657287347,0.016666666666666666,0.06666666666666667,0.11666666666666667,0.0,1.0
bbox_expand_1_5x__bbox_midpoint__object_depth_percentile_5_95,leave_one_out,time_of_day__distance_range,,10AM,mid,80,85.0,11.180339887498949,70.49867600855971,18.396285360440487,19.372825978393628,0.21007489738426804,0.23907776769839456,21.76533579652635,-2.7898387386844115,-14.501323991440287,-17.688687496424468,39.86306109203707,39.86306109203707,39.86306109203707,0.1625,0.375,0.6375,0.1875,0.8125
bbox_expand_1_5x__bbox_midpoint__object_depth_percentile_5_95,leave_one_out,time_of_day__distance_range,,10AM,near,100,40.0,14.142135623730951,66.1709753903697,26.170975390369723,29.8885824008762,0.8994199091893768,0.6249868267588543,30.94266983918542,-3.7872440838841754,26.170975390369723,29.8885824008762,42.70493027819091,52.199016741808386,75.4604341041809,0.14,0.14,0.32,1.0,0.0
bbox_expand_1_5x__bbox_midpoint__object_depth_percentile_5_95,leave_one_out,time_of_day__distance_range,,8PM,far,60,130.0,14.719601443879744,99.3164142025953,30.683585797404685,34.51886669828964,0.2294971461475037,0.2466710543195623,35.64929823904343,-4.865565222782761,-30.683585797404685,-34.51886669828964,55.01075123615194,58.70267191799927,65.2330792212168,0.13333333333333333,0.16666666666666666,0.3333333333333333,0.0,1.0
bbox_expand_1_5x__bbox_midpoint__object_depth_percentile_5_95,leave_one_out,time_of_day__distance_range,,8PM,mid,80,85.0,11.180339887498949,85.20518731110378,16.06668173994577,15.246075581605602,0.19085095842973218,0.16914002691354452,18.5985416260441,-1.7672460049255605,0.2051873111037806,1.1778840543602982,29.82474999586982,32.919255181614346,39.86306109203707,0.1125,0.325,0.7125,0.5125,0.4875
bbox_expand_1_5x__bbox_midpoint__object_depth_percentile_5_95,leave_one_out,time_of_day__distance_range,,8PM,near,100,40.0,14.142135623730951,71.86205770409784,31.86205770409783,30.405116581133882,1.0707426977550727,0.9342382763100691,37.68177737283332,-6.099581729878865,31.86205770409783,30.405116581133882,60.82467631874762,66.62695355019915,90.52657647212494,0.1,0.12,0.26,1.0,0.0
bbox_expand_1_5x__bbox_midpoint__object_minus_ring,leave_one_out,weather,clear_sky,,,240,77.5,38.37859646556485,73.53297652829983,27.6117189245265,23.848168078707268,0.5006106122289887,0.3149923570004636,33.58991816444335,0.23398069434070667,-3.967023471700164,-6.1114818526497245,56.36106159886747,63.25643580814854,75.87498841455267,0.1125,0.21666666666666667,0.4,0.4375,0.5625
bbox_expand_1_5x__bbox_midpoint__object_minus_ring,leave_one_out,weather,light_rain,,,240,77.5,38.37859646556485,81.44324775598582,24.93815834458279,22.158419079766798,0.4996056938608325,0.2716593808039305,30.339536279177736,0.3750580175600281,3.943247755985836,6.19722116053476,51.1123210746524,56.89585870068132,72.48644476516401,0.11666666666666667,0.2375,0.4666666666666667,0.5833333333333334,0.4166666666666667
bbox_expand_1_5x__bbox_midpoint__object_minus_ring,leave_one_out,time_of_day,,10AM,,240,77.5,38.37859646556485,72.03666808092099,27.085135083703857,24.525789905613273,0.47861233444847273,0.32308884361269474,32.98734363659959,0.26121764738957354,-5.463331919079008,-6.9356066701197605,54.66887058792684,61.43022060447003,75.87498841455267,0.1,0.24166666666666667,0.4125,0.42916666666666664,0.5708333333333333
bbox_expand_1_5x__bbox_midpoint__object_minus_ring,leave_one_out,time_of_day,,8PM,,240,77.5,38.37859646556485,82.93955620336469,25.464742185405427,22.104437274296725,0.5216039716413483,0.2762602859659343,30.993631986755528,0.34782106451116135,5.439556203364682,9.446208588195546,52.09834463668522,57.86055906331233,73.6988073138921,0.12916666666666668,0.2125,0.45416666666666666,0.5916666666666667,0.4083333333333333
bbox_expand_1_5x__bbox_midpoint__object_minus_ring,leave_one_out,distance_range,,,far,120,130.0,14.719601443879744,92.38656181396102,37.81352826815412,36.493921617695634,0.28409210135278296,0.29043862252247965,41.28233839646339,-6.865683677600531,-37.61343818603896,-36.493921617695634,58.65456873149035,64.14628557189165,75.87498841455267,0.016666666666666666,0.058333333333333334,0.11666666666666667,0.016666666666666666,0.9833333333333333
bbox_expand_1_5x__bbox_midpoint__object_minus_ring,leave_one_out,distance_range,,,mid,160,85.0,11.180339887498949,80.4626386381603,14.6271495748098,12.99559067094954,0.17757047223768202,0.15398448620862476,18.433403386906093,-1.7183228833952082,-4.537361361839695,-4.503750519272884,28.033573108431177,32.14046267575852,63.880456559812814,0.19375,0.4125,0.74375,0.41875,0.58125
bbox_expand_1_5x__bbox_midpoint__object_minus_ring,leave_one_out,distance_range,,,near,200,40.0,14.142135623730951,66.16942114223794,28.67001610219083,27.709400150734666,0.88774792870597,0.6142653128190094,34.119685084828404,-4.820764551439308,26.169421142237944,27.39367940054024,54.395625710875215,62.886980516560996,73.6988073138921,0.11,0.18,0.375,0.88,0.12
bbox_expand_1_5x__bbox_midpoint__object_minus_ring,leave_one_out,weather__distance_range,clear_sky,,far,60,130.0,14.719601443879744,87.9672938499128,42.03270615008717,42.159520070276386,0.3186041434795307,0.32433240833025734,44.565084598450376,-8.166369685847872,-42.03270615008717,-42.159520070276386,64.22951334863369,68.84069449112572,75.87498841455267,0.0,0.0,0.0,0.0,1.0
bbox_expand_1_5x__bbox_midpoint__object_minus_ring,leave_one_out,weather__distance_range,clear_sky,,mid,80,85.0,11.180339887498949,74.808724407071,16.50541972945092,13.749316110973687,0.20097396293910935,0.16577272313543712,21.134363693285923,-2.5732906297606575,-10.191275592929001,-9.069957796549893,31.308888393779156,40.144346062147605,63.880456559812814,0.1875,0.375,0.6875,0.275,0.725
bbox_expand_1_5x__bbox_midpoint__object_minus_ring,leave_one_out,weather__distance_range,clear_sky,,near,100,40.0,14.142135623730951,63.85178783231511,27.84416594525055,24.888485203425553,0.849523812910567,0.5646142433451344,34.0429305931395,-4.7946056168465665,23.85178783231511,23.40168193298836,56.82461104208915,63.08495504628982,73.6988073138921,0.12,0.22,0.41,0.83,0.17
bbox_expand_1_5x__bbox_midpoint__object_minus_ring,leave_one_out,weather__distance_range,light_rain,,far,60,130.0,14.719601443879744,96.80582977800925,33.59435038622107,31.332637275957246,0.2495800592260352,0.25644196138251985,37.714932874037984,-5.56499766935319,-33.194170221990746,-31.332637275957246,55.02871646322172,58.638969100068266,61.40902502391178,0.03333333333333333,0.11666666666666667,0.23333333333333334,0.03333333333333333,0.9666666666666667
bbox_expand_1_5x__bbox_midpoint__object_minus_ring,leave_one_out,weather__distance_range,light_rain,,mid,80,85.0,11.180339887498949,86.1165528692496,12.748879420168674,12.138145899850073,0.15416698153625466,0.15171637883998612,15.261696895454316,-0.8633551370297592,1.1165528692496125,2.6580918013969352,24.786724143381466,27.26438522814617,38.08143427652222,0.2,0.45,0.8,0.5625,0.4375
bbox_expand_1_5x__bbox_midpoint__object_minus_ring,leave_one_out,weather__distance_range,light_rain,,near,100,40.0,14.142135623730951,68.48705445216078,29.49586625913111,28.868730280530798,0.9259720445013732,0.7461929124075306,34.196267299318066,-4.84692348603205,28.48705445216077,28.868730280530798,51.347824799925306,58.65299765292809,72.48644476516401,0.1,0.14,0.34,0.93,0.07
bbox_expand_1_5x__bbox_midpoint__object_minus_ring,leave_one_out,time_of_day__distance_range,,10AM,far,60,130.0,14.719601443879744,87.62828992839104,42.598281852708375,43.32393579408263,0.32183352554164313,0.33916378881079445,45.582447416362704,-8.589659288302176,-42.37171007160895,-43.32393579408263,64.22951334863369,68.84069449112572,75.87498841455267,0.0,0.016666666666666666,0.06666666666666667,0.016666666666666666,0.9833333333333333
bbox_expand_1_5x__bbox_midpoint__object_minus_ring,leave_one_out,time_of_day__distance_range,,10AM,mid,80,85.0,11.180339887498949,72.73252775265469,17.07113813976686,13.854446601758085,0.20435960483916177,0.16533271396491134,21.384474935627658,-2.6583661461798997,-12.26747224734531,-9.827174081161381,31.308888393779156,38.33296760973905,63.880456559812814,0.125,0.3875,0.625,0.25,0.75
bbox_expand_1_5x__bbox_midpoint__object_minus_ring,leave_one_out,time_of_day__distance_range,,10AM,near,100,40.0,14.142135623730951,62.125007235051996,25.78844457745075,23.98933859774602,0.7920818034800192,0.547975041596048,31.608595261108725,-3.995516471902925,22.125007235052,22.33771988763423,52.08953836974402,57.222101074386494,72.50159451536075,0.14,0.26,0.45,0.82,0.18
bbox_expand_1_5x__bbox_midpoint__object_minus_ring,leave_one_out,time_of_day__distance_range,,8PM,far,60,130.0,14.719601443879744,97.14483369953103,33.02877468359988,31.27334396860479,0.24635067716392273,0.2448568644401861,36.47880774497377,-5.141708066898885,-32.85516630046898,-31.27334396860479,54.60590890901332,57.60214478857002,58.62336946864619,0.03333333333333333,0.1,0.16666666666666666,0.016666666666666666,0.9833333333333333
bbox_expand_1_5x__bbox_midpoint__object_minus_ring,leave_one_out,time_of_day__distance_range,,8PM,mid,80,85.0,11.180339887498949,88.19274952366592,12.183161009852737,12.625996894815664,0.15078133963620227,0.1445318647300935,14.909223741574024,-0.7782796206105163,3.192749523665921,3.352662060944809,21.806749686542766,24.76620790530781,51.144040917964894,0.2625,0.4375,0.8625,0.5875,0.4125
bbox_expand_1_5x__bbox_midpoint__object_minus_ring,leave_one_out,time_of_day__distance_range,,8PM,near,100,40.0,14.142135623730951,70.21383504942389,31.551587626930914,30.149721528882164,0.9834140539319206,0.6592534080966506,36.45822988291036,-5.64601263097569,30.21383504942389,29.81392114447153,57.38664984509642,69.23959683742234,73.6988073138921,0.08,0.1,0.3,0.94,0.06
bbox_expand_1_5x__bbox_midpoint__object_minus_ring_normalized,leave_one_out,weather,clear_sky,,,240,77.5,38.37859646556485,74.83756841496383,30.278124491097824,28.4130592006144,0.5944857381522414,0.32344590770278087,35.9078973526569,0.12460961202447873,-2.662431585036192,-5.021027810590407,57.59510425348951,65.25744611930531,100.88297122790148,0.075,0.17916666666666667,0.3541666666666667,0.4708333333333333,0.5291666666666667
bbox_expand_1_5x__bbox_midpoint__object_minus_ring_normalized,leave_one_out,weather,light_rain,,,240,77.5,38.37859646556485,80.13589593930234,25.24861069136696,21.89533585133291,0.5060005185987108,0.28291393493141265,30.511923649963258,0.3679360781977796,2.6358959393023307,6.292070689421944,47.66313296846675,56.9045352906319,71.56243037962575,0.1125,0.21666666666666667,0.44583333333333336,0.5625,0.4375
bbox_expand_1_5x__bbox_midpoint__object_minus_ring_normalized,leave_one_out,time_of_day,,10AM,,240,77.5,38.37859646556485,72.04214338657552,29.192136941990785,26.945081253777047,0.5423286558435069,0.3225166409457524,34.835926098580764,0.1760961264073908,-5.4578566134245,-6.898189703107622,52.84715985550581,63.623281716572414,100.88297122790148,0.0875,0.17916666666666667,0.37083333333333335,0.45,0.55
bbox_expand_1_5x__bbox_midpoint__object_minus_ring_normalized,leave_one_out,time_of_day,,8PM,,240,77.5,38.37859646556485,82.93132096769065,26.334598240473998,23.41711478994189,0.5581576009074453,0.2731631955003419,31.73031405398237,0.31644956381486766,5.431320967690642,8.53934973234514,49.89983810008044,59.43966885995418,75.02994346327952,0.1,0.21666666666666667,0.42916666666666664,0.5833333333333334,0.4166666666666667
bbox_expand_1_5x__bbox_midpoint__object_minus_ring_normalized,leave_one_out,distance_range,,,far,120,130.0,14.719601443879744,90.85286552267735,39.15056048979107,38.344759465268595,0.29472226191554995,0.2976161446040163,43.78741658444032,-7.849251620643011,-39.14713447732265,-38.344759465268595,63.088445346902766,69.83106472165842,100.88297122790148,0.041666666666666664,0.08333333333333333,0.18333333333333332,0.008333333333333333,0.9916666666666667
bbox_expand_1_5x__bbox_midpoint__object_minus_ring_normalized,leave_one_out,distance_range,,,mid,160,85.0,11.180339887498949,78.81456651019761,16.581701823705085,15.791966206652123,0.19700504804322092,0.1788465677789049,19.98482976497065,-2.195147365878855,-6.185433489802394,-6.601194608176769,31.376898666970252,36.749806012155965,62.86106122515909,0.15,0.30625,0.66875,0.3875,0.6125
bbox_expand_1_5x__bbox_midpoint__object_minus_ring_normalized,leave_one_out,distance_range,,,near,200,40.0,14.142135623730951,68.40478470335488,29.876384466119035,30.465776273432027,0.9861461125172357,0.7711108089140974,34.56165570774469,-4.972540226303406,28.404784703354878,30.17483170854969,50.9692223410761,60.21523190083506,75.02994346327952,0.08,0.18,0.315,0.925,0.075
bbox_expand_1_5x__bbox_midpoint__object_minus_ring_normalized,leave_one_out,weather__distance_range,clear_sky,,far,60,130.0,14.719601443879744,84.49276321971423,45.50723678028575,44.61829023386756,0.3457384535890899,0.33343269100233563,48.799813451691456,-9.99117750578409,-45.50723678028575,-44.61829023386756,65.79799512963416,73.9420168496958,100.88297122790148,0.0,0.0,0.05,0.0,1.0
bbox_expand_1_5x__bbox_midpoint__object_minus_ring_normalized,leave_one_out,weather__distance_range,clear_sky,,mid,80,85.0,11.180339887498949,73.68172322062166,17.171475104477793,16.178591004622454,0.20446008555731154,0.18583806075181752,20.403172530216803,-2.3303155943823484,-11.31827677937833,-14.74422534688771,30.682701197052065,35.954357714906116,62.86106122515909,0.1125,0.3,0.6625,0.2375,0.7625
bbox_expand_1_5x__bbox_midpoint__object_minus_ring_normalized,leave_one_out,weather__distance_range,clear_sky,,near,100,40.0,14.142135623730951,69.96912768758727,31.625976626881084,32.27353991263146,1.055754630966076,0.8382233065874667,36.50507343237787,-5.663101931516505,29.969127687587257,31.987577853893065,55.53232759839565,61.49599009610458,75.02994346327952,0.09,0.19,0.29,0.94,0.06
bbox_expand_1_5x__bbox_midpoint__object_minus_ring_normalized,leave_one_out,weather__distance_range,light_rain,,far,60,130.0,14.719601443879744,97.21296782564046,32.793884199296386,33.50057154976425,0.24370607024200996,0.2524789766906168,38.121567509203395,-5.707325735501931,-32.787032174359545,-33.50057154976425,58.378075016461025,63.06290725233066,71.56243037962575,0.08333333333333333,0.16666666666666666,0.31666666666666665,0.016666666666666666,0.9833333333333333
bbox_expand_1_5x__bbox_midpoint__object_minus_ring_normalized,leave_one_out,weather__distance_range,light_rain,,mid,80,85.0,11.180339887498949,83.94740979977354,15.99192854293238,14.115522541748376,0.1895500105291303,0.16841588483077086,19.55754054506651,-2.059979137375363,-1.052590200226459,2.9485248055481605,31.918083145068397,36.8639617539909,49.574162317171016,0.1875,0.3125,0.675,0.5375,0.4625
bbox_expand_1_5x__bbox_midpoint__object_minus_ring_normalized,leave_one_out,weather__distance_range,light_rain,,near,100,40.0,14.142135623730951,66.8404417191225,28.126792305356975,28.320164036962677,0.9165375940683955,0.7213088893710442,32.502241526055734,-4.281978521090308,26.84044171912249,28.320164036962677,46.59240531783517,55.959079973664025,69.87498861112049,0.07,0.17,0.34,0.91,0.09
bbox_expand_1_5x__bbox_midpoint__object_minus_ring_normalized,leave_one_out,time_of_day__distance_range,,10AM,far,60,130.0,14.719601443879744,83.78437151640233,46.222480508534524,47.805997765362555,0.35015141758911633,0.3650292152126091,50.26590982542401,-10.661515494973806,-46.21562848359769,-47.805997765362555,69.870910873866,73.9420168496958,100.88297122790148,0.016666666666666666,0.03333333333333333,0.11666666666666667,0.016666666666666666,0.9833333333333333
bbox_expand_1_5x__bbox_midpoint__object_minus_ring_normalized,leave_one_out,time_of_day__distance_range,,10AM,mid,80,85.0,11.180339887498949,71.55902243149816,18.136925012923587,17.682289335879503,0.21165825117387665,0.22253341625507594,21.168731120617984,-2.5849214180561626,-13.440977568501847,-15.829654924602256,33.15979343386616,39.6046204156692,47.01017291210522,0.1375,0.25,0.575,0.225,0.775
bbox_expand_1_5x__bbox_midpoint__object_minus_ring_normalized,leave_one_out,time_of_day__distance_range,,10AM,near,100,40.0,14.142135623730951,65.38330327274129,27.818100345318307,29.083788836119453,0.9221713225318456,0.7580135241619244,32.21817867288067,-4.190055184988314,25.383303272741276,28.70123501598161,49.38447916124902,51.913723929718806,71.69767866131086,0.09,0.21,0.36,0.89,0.11
bbox_expand_1_5x__bbox_midpoint__object_minus_ring_normalized,leave_one_out,time_of_day__distance_range,,8PM,far,60,130.0,14.719601443879744,97.92135952895238,32.07864047104762,33.5936291549903,0.23929310624198358,0.25284191215418683,36.16647635174016,-5.036987746312217,-32.07864047104762,-33.5936291549903,54.19819885320974,58.1134179455126,60.98521708793642,0.06666666666666667,0.13333333333333333,0.25,0.0,1.0
bbox_expand_1_5x__bbox_midpoint__object_minus_ring_normalized,leave_one_out,time_of_day__distance_range,,8PM,mid,80,85.0,11.180339887498949,86.07011058889705,15.026478634486585,14.763892742835367,0.18235184491256523,0.15826882581661572,18.72622931112117,-1.8053733137015486,1.0701105888970561,3.053934116691984,30.656832440891726,33.72150968443375,62.86106122515909,0.1625,0.3625,0.7625,0.55,0.45
bbox_expand_1_5x__bbox_midpoint__object_minus_ring_normalized,leave_one_out,time_of_day__distance_range,,8PM,near,100,40.0,14.142135623730951,71.42626613396847,31.934668586919756,32.23876645958622,1.0501209025026261,0.7818485737765133,36.75602064320483,-5.755025267618499,31.426266133968465,32.23876645958622,58.105282937225105,66.3818534805506,75.02994346327952,0.07,0.15,0.27,0.96,0.04
bbox_expand_1_5x__inner50_median__object_depth,leave_one_out,weather,clear_sky,,,240,77.5,38.37859646556485,74.72316259887617,30.35566645700066,28.887465718440247,0.5790681722052897,0.3399334860915133,36.63233847094327,0.08893133452916557,-2.7768374011238204,-3.0088918845519004,60.93840550539734,66.95661219855022,89.1083083615439,0.1125,0.19166666666666668,0.3625,0.4625,0.5375
bbox_expand_1_5x__inner50_median__object_depth,leave_one_out,weather,light_rain,,,240,77.5,38.37859646556485,80.30271803537575,29.92892950713533,27.43850533347507,0.6307959775766548,0.3256393374763955,36.285178324673396,0.10611768075585981,2.802718035375729,3.751585553725434,59.61221198266519,69.9829729588532,78.38762900504167,0.1,0.18333333333333332,0.4083333333333333,0.5458333333333333,0.45416666666666666
bbox_expand_1_5x__inner50_median__object_depth,leave_one_out,time_of_day,,10AM,,240,77.5,38.37859646556485,76.72834728609385,30.01004274500955,27.646233964721837,0.6006052597533201,0.33111112790808317,36.64097326815441,0.08850177853175278,-0.771652713906146,-2.4076060971187587,62.32984024694724,70.17858395403243,89.1083083615439,0.1,0.2,0.4,0.48333333333333334,0.5166666666666667
bbox_expand_1_5x__inner50_median__object_depth,leave_one_out,time_of_day,,8PM,,240,77.5,38.37859646556485,78.29753334815805,30.274553219126446,28.255108669449903,0.6092588900286245,0.3353610538743691,36.27645883855662,0.10654723675327227,0.7975333481580492,1.2327626815251094,58.68783157852331,66.19048344460418,78.38762900504167,0.1125,0.175,0.37083333333333335,0.525,0.475
bbox_expand_1_5x__inner50_median__object_depth,leave_one_out,distance_range,,,far,120,130.0,14.719601443879744,83.11334848836522,46.88665151163479,43.60642824407124,0.3528552716727685,0.3512448100042992,49.69621860208495,-10.39868066159791,-46.88665151163479,-43.60642824407124,70.18281674699324,72.30464063402951,78.38762900504167,0.0,0.0,0.06666666666666667,0.0,1.0
bbox_expand_1_5x__inner50_median__object_depth,leave_one_out,distance_range,,,mid,160,85.0,11.180339887498949,77.37449851418212,11.800000739336962,10.168823803913078,0.1345843108198059,0.12088547449717321,14.734078742969373,-0.7367446112321756,-7.625501485817871,-7.459547445257648,24.140995367752037,29.541906205535856,40.96810555143824,0.275,0.48125,0.8125,0.30625,0.69375
bbox_expand_1_5x__inner50_median__object_depth,leave_one_out,distance_range,,,near,200,40.0,14.142135623730951,74.26344885673745,34.769523658512746,33.96867290317503,1.1324563680788278,0.8687324413030709,39.17585887192229,-6.673739591763861,34.26344885673746,33.96867290317503,57.06164304734464,63.36063337767407,89.1083083615439,0.035,0.065,0.235,0.965,0.035
bbox_expand_1_5x__inner50_median__object_depth,leave_one_out,weather__distance_range,clear_sky,,far,60,130.0,14.719601443879744,80.37216675126994,49.627833248730035,44.91862348968022,0.3752562769287801,0.37693036836642524,51.67288212895939,-11.323477296215371,-49.627833248730035,-44.91862348968022,69.71953827551954,72.43816424912654,77.34213928532125,0.0,0.0,0.0,0.0,1.0
bbox_expand_1_5x__inner50_median__object_depth,leave_one_out,weather__distance_range,clear_sky,,mid,80,85.0,11.180339887498949,74.43614124819626,13.476860709445964,10.733375547957145,0.1519313568593859,0.1363070783176321,16.7445063581469,-1.2430279454241755,-10.563858751803744,-8.813627608119454,29.361234521588525,30.829710951676123,40.96810555143824,0.25,0.45,0.725,0.2125,0.7875
bbox_expand_1_5x__inner50_median__object_depth,leave_one_out,weather__distance_range,clear_sky,,near,100,40.0,14.142135623730951,71.56337718798385,32.29541098000678,30.44808725889624,1.0430647616479185,0.783490089827721,37.33996370363774,-5.9713644469449205,31.563377187983846,30.44808725889624,56.89009325394268,60.87290923982426,89.1083083615439,0.07,0.1,0.29,0.94,0.06
bbox_expand_1_5x__inner50_median__object_depth,leave_one_out,weather__distance_range,light_rain,,far,60,130.0,14.719601443879744,85.85453022546045,44.14546977453954,41.73076201216762,0.3304542664167568,0.3367163829960932,47.63760635442442,-9.47388402698045,-44.14546977453954,-41.73076201216762,70.18281674699324,71.5118722413912,78.38762900504167,0.0,0.0,0.13333333333333333,0.0,1.0
bbox_expand_1_5x__inner50_median__object_depth,leave_one_out,weather__distance_range,light_rain,,mid,80,85.0,11.180339887498949,80.31285578016801,10.12314076922796,9.550110080713274,0.11723726478022592,0.11223298086129371,12.401921610380466,-0.23046127704017572,-4.687144219832,-4.9830115628872775,19.79403651462437,24.125957336896946,31.05155460321484,0.3,0.5125,0.9,0.4,0.6
bbox_expand_1_5x__inner50_median__object_depth,leave_one_out,weather__distance_range,light_rain,,near,100,40.0,14.142135623730951,76.96352052549106,37.2436363370187,37.01003228821857,1.221847974509737,0.9265662918524218,40.92948750371253,-7.376114736582801,36.96352052549107,37.01003228821857,57.308536484824785,64.29670586689616,77.333764477494,0.0,0.03,0.18,0.99,0.01
bbox_expand_1_5x__inner50_median__object_depth,leave_one_out,time_of_day__distance_range,,10AM,far,60,130.0,14.719601443879744,82.94496602412902,47.055033975870955,43.73531155841887,0.3543968117416988,0.35325276905824077,49.778941274851334,-10.43665997436199,-47.055033975870955,-43.73531155841887,69.99304549581207,72.07576164361582,77.34213928532125,0.0,0.0,0.06666666666666667,0.0,1.0
bbox_expand_1_5x__inner50_median__object_depth,leave_one_out,time_of_day__distance_range,,10AM,mid,80,85.0,11.180339887498949,76.32392754157777,12.313547325506148,10.063802077120869,0.14043633157873203,0.12353095731894775,15.249512537933589,-0.8603810611567497,-8.676072458422231,-8.163209337647245,26.077591273055475,29.54190620553586,40.96810555143824,0.2375,0.5,0.8,0.275,0.725
bbox_expand_1_5x__inner50_median__object_depth,leave_one_out,time_of_day__distance_range,,10AM,near,100,40.0,14.142135623730951,73.32191183888561,33.940244342095426,31.88438983319196,1.1164654710999633,0.8360303878002935,39.36168581384085,-6.746711550537602,33.32191183888561,31.88438983319196,58.34178657432658,70.7628513160998,89.1083083615439,0.05,0.08,0.28,0.94,0.06
bbox_expand_1_5x__inner50_median__object_depth,leave_one_out,time_of_day__distance_range,,8PM,far,60,130.0,14.719601443879744,83.2817309526014,46.71826904739863,43.16238189729008,0.3513137316038382,0.3484817756539358,49.613358002128116,-10.360701348833832,-46.71826904739863,-43.16238189729008,70.33959672435702,72.83190663364795,78.38762900504167,0.0,0.0,0.06666666666666667,0.0,1.0
bbox_expand_1_5x__inner50_median__object_depth,leave_one_out,time_of_day__distance_range,,8PM,mid,80,85.0,11.180339887498949,78.4250694867865,11.286454153167776,10.398429854628077,0.12873229006087977,0.12088547449717321,14.19994789298363,-0.6131081613076017,-6.574930513213512,-5.5930890434871685,22.28106688655335,28.366260270025283,34.32745199459379,0.3125,0.4625,0.825,0.3375,0.6625
bbox_expand_1_5x__inner50_median__object_depth,leave_one_out,time_of_day__distance_range,,8PM,near,100,40.0,14.142135623730951,75.2049858745893,35.59880297493007,35.839514547745736,1.1484472650576922,0.9123404400987545,38.989146266596094,-6.600767632990119,35.204985874589305,35.839514547745736,56.391677113035904,58.6639610334263,69.66958644891639,0.02,0.05,0.19,0.99,0.01
bbox_expand_1_5x__inner50_median__object_depth_percentile_5_95,leave_one_out,weather,clear_sky,,,240,77.5,38.37859646556485,74.26788171239453,30.303866219390745,27.47636416165346,0.598188211732696,0.3187665163037572,36.57306712305299,0.0918771787582422,-3.2321182876054633,-4.465859053866588,57.803940267916104,70.45843376662965,92.71804454556343,0.09166666666666666,0.20416666666666666,0.375,0.4666666666666667,0.5333333333333333
bbox_expand_1_5x__inner50_median__object_depth_percentile_5_95,leave_one_out,weather,light_rain,,,240,77.5,38.37859646556485,80.71956555401574,26.15671012480521,23.814679081791866,0.5472121135486377,0.2941242230954869,31.560802103194987,0.3237334793344019,3.2195655540157304,3.545387561287832,50.000499083387965,57.47887507268534,85.70476546125758,0.10416666666666667,0.2375,0.4166666666666667,0.5583333333333333,0.44166666666666665
bbox_expand_1_5x__inner50_median__object_depth_percentile_5_95,leave_one_out,time_of_day,,10AM,,240,77.5,38.37859646556485,71.68057693195942,29.56794575001327,25.887509153681243,0.5671458691843125,0.3237009048125376,35.75890439907621,0.13185907067229075,-5.8194230680405665,-7.233233657039179,57.33026289310291,69.1408258640744,92.71804454556343,0.10416666666666667,0.2,0.35833333333333334,0.42916666666666664,0.5708333333333333
bbox_expand_1_5x__inner50_median__object_depth_percentile_5_95,leave_one_out,time_of_day,,8PM,,240,77.5,38.37859646556485,83.30687033445084,26.892630594182695,25.107871202858195,0.5782544560970211,0.28846763736907277,32.48036675227212,0.28375158742035356,5.806870334450839,7.041910014235029,51.482846780030194,58.19128627887719,85.09338635580067,0.09166666666666666,0.24166666666666667,0.43333333333333335,0.5958333333333333,0.4041666666666667
bbox_expand_1_5x__inner50_median__object_depth_percentile_5_95,leave_one_out,distance_range,,,far,120,130.0,14.719601443879744,89.86480318625067,40.135196813749324,42.88918963930566,0.30329159637939007,0.3005361270539266,44.31212970477959,-8.062606949107124,-40.135196813749324,-42.88918963930566,64.24992913173186,70.66095097912599,92.71804454556343,0.0,0.075,0.175,0.0,1.0
bbox_expand_1_5x__inner50_median__object_depth_percentile_5_95,leave_one_out,distance_range,,,mid,160,85.0,11.180339887498949,77.40067719939968,16.1463994965251,15.160302159510572,0.1891927876680361,0.17792916001056294,19.32979222765293,-1.9891269405138532,-7.599322800600314,-8.600040341372178,29.978735572652983,33.72530103538549,46.9196189361509,0.15625,0.36875,0.65625,0.3625,0.6375
bbox_expand_1_5x__inner50_median__object_depth_percentile_5_95,leave_one_out,distance_range,,,near,200,40.0,14.142135623730951,70.14551304842217,30.754453927565475,31.48737828201202,1.0411512023755376,0.7850777378840352,36.377968117886134,-5.616782821929699,30.14551304842217,31.48737828201202,55.563812549541744,63.27923065891798,85.09338635580067,0.11,0.19,0.32,0.94,0.06
bbox_expand_1_5x__inner50_median__object_depth_percentile_5_95,leave_one_out,weather__distance_range,clear_sky,,far,60,130.0,14.719601443879744,82.81474110907821,47.18525889092179,46.38570611805041,0.3605769084969324,0.3593476832572784,49.99049021856753,-10.53407282596629,-47.18525889092179,-46.38570611805041,70.46287401302241,73.56912156153425,92.71804454556343,0.0,0.0,0.06666666666666667,0.0,1.0
bbox_expand_1_5x__inner50_median__object_depth_percentile_5_95,leave_one_out,weather__distance_range,clear_sky,,mid,80,85.0,11.180339887498949,72.30813462232966,16.528027161684044,16.800282925217047,0.19129395323696188,0.197442260069556,19.40634686198504,-2.012850388221413,-12.69186537767034,-15.337457945561468,29.077063502122062,32.931084862117835,45.44551220433836,0.1375,0.3625,0.625,0.2375,0.7625
bbox_expand_1_5x__inner50_median__object_depth_percentile_5_95,leave_one_out,weather__distance_range,clear_sky,,near,100,40.0,14.142135623730951,70.70756374643625,31.19570186263749,31.777974828452997,1.0662704004707413,0.8138343618931713,37.54330388886751,-6.047498334459274,30.707563746436236,31.777974828452997,59.95649951773087,70.70922281935371,85.09338635580067,0.11,0.2,0.36,0.93,0.07
bbox_expand_1_5x__inner50_median__object_depth_percentile_5_95,leave_one_out,weather__distance_range,light_rain,,far,60,130.0,14.719601443879744,96.91486526342311,33.08513473657686,35.86299117056578,0.24600628426184767,0.2816550749030801,37.78995323698779,-5.591141072247957,-33.08513473657686,-35.86299117056578,56.88392227071042,58.73996821921981,85.70476546125758,0.0,0.15,0.2833333333333333,0.0,1.0
bbox_expand_1_5x__inner50_median__object_depth_percentile_5_95,leave_one_out,weather__distance_range,light_rain,,mid,80,85.0,11.180339887498949,82.49321977646972,15.764771831366156,13.857405930865188,0.18709162209911032,0.1732721212200046,19.25293319473131,-1.9654034928062938,-2.506780223530288,-1.3991908480566835,31.382900435496513,35.92043653264242,46.9196189361509,0.175,0.375,0.6875,0.4875,0.5125
bbox_expand_1_5x__inner50_median__object_depth_percentile_5_95,leave_one_out,weather__distance_range,light_rain,,near,100,40.0,14.142135623730951,69.58346235040811,30.313205992493458,31.077615265476624,1.016032004280334,0.7726665920580644,35.174045287399416,-5.186067309400125,29.58346235040811,31.077615265476624,52.79786184133093,60.85136201884708,71.16327301989494,0.11,0.18,0.28,0.95,0.05
bbox_expand_1_5x__inner50_median__object_depth_percentile_5_95,leave_one_out,time_of_day__distance_range,,10AM,far,60,130.0,14.719601443879744,83.4494683257303,46.55053167426972,46.12257089825624,0.3541373750566969,0.3753788131229223,50.13724859762044,-10.601893985875043,-46.55053167426972,-46.12257089825624,70.77910351016007,74.48242044934528,92.71804454556343,0.0,0.03333333333333333,0.1,0.0,1.0
bbox_expand_1_5x__inner50_median__object_depth_percentile_5_95,leave_one_out,time_of_day__distance_range,,10AM,mid,80,85.0,11.180339887498949,68.96245510549818,19.02219268011924,18.99856875312855,0.2203082627228669,0.22146243966288343,22.067745938296575,-2.89588328637764,-16.03754489450183,-18.191781133633988,33.57072954076428,37.45243127466007,46.9196189361509,0.125,0.2625,0.5375,0.1625,0.8375
bbox_expand_1_5x__inner50_median__object_depth_percentile_5_95,leave_one_out,time_of_day__distance_range,,10AM,near,100,40.0,14.142135623730951,66.79373955686593,27.814996651374617,24.567266924868573,0.9724210508300388,0.7172310868535089,34.22051487590351,-4.855218191859667,26.793739556865926,24.567266924868573,55.88773851269513,68.42030771571501,80.21680032420477,0.15,0.25,0.37,0.9,0.1
bbox_expand_1_5x__inner50_median__object_depth_percentile_5_95,leave_one_out,time_of_day__distance_range,,8PM,far,60,130.0,14.719601443879744,96.28013804677106,33.71986195322894,36.911364065002694,0.2524458177020832,0.28337067131008187,37.59502601417943,-5.523319912339207,-33.71986195322894,-36.911364065002694,54.773104696426024,59.3886388221173,67.03919417913794,0.0,0.11666666666666667,0.25,0.0,1.0
bbox_expand_1_5x__inner50_median__object_depth_percentile_5_95,leave_one_out,time_of_day__distance_range,,8PM,mid,80,85.0,11.180339887498949,85.83889929330118,13.270606312930957,10.326975562737523,0.1580773126132053,0.12820845953410762,16.133701507442684,-1.0823705946500666,0.8388992933012023,2.8573205604982093,26.390823195630418,30.189008924037292,40.03180297773352,0.1875,0.475,0.775,0.5625,0.4375
bbox_expand_1_5x__inner50_median__object_depth_percentile_5_95,leave_one_out,time_of_day__distance_range,,8PM,near,100,40.0,14.142135623730951,73.49728653997843,33.69391120375633,33.79959070748071,1.1098813539210368,0.8444405729779292,38.414443773142764,-6.378347451999734,33.49728653997841,33.79959070748071,55.5531297119832,61.80738917445223,85.09338635580067,0.07,0.13,0.27,0.98,0.02
bbox_expand_1_5x__inner50_median__object_minus_ring,leave_one_out,weather,clear_sky,,,240,77.5,38.37859646556485,73.74920636304142,29.399856823702923,28.619396962109136,0.5488439107145076,0.3199380019078656,35.28066581330001,0.15492477721317843,-3.750793636958569,-5.268116466999032,57.90742874272143,65.30282248970201,73.83576708387497,0.0875,0.20833333333333334,0.39166666666666666,0.4375,0.5625
bbox_expand_1_5x__inner50_median__object_minus_ring,leave_one_out,weather,light_rain,,,240,77.5,38.37859646556485,81.20341798913987,27.114934692164766,24.954012727158634,0.567693701464671,0.2963509683080357,32.90294965231859,0.26499297596174587,3.7034179891398877,5.042238968388979,55.23028727843405,60.51733247009555,71.77449355440461,0.1125,0.225,0.425,0.5666666666666667,0.43333333333333335
bbox_expand_1_5x__inner50_median__object_minus_ring,leave_one_out,time_of_day,,10AM,,240,77.5,38.37859646556485,72.92530887952698,29.172214851024947,26.653049184198338,0.5511359976358021,0.3164793735159439,35.178591760342954,0.1598076481532995,-4.5746911204730285,-6.192858171531533,57.24958445537744,64.96293212087889,73.83576708387497,0.1,0.2,0.4083333333333333,0.42916666666666664,0.5708333333333333
bbox_expand_1_5x__inner50_median__object_minus_ring,leave_one_out,time_of_day,,8PM,,240,77.5,38.37859646556485,82.02731547265434,27.342576664842742,26.57675387286372,0.5654016145433763,0.30097455665087947,33.0120607931692,0.26011010502162435,4.527315472654347,6.989980142742311,55.652144837224114,61.10197923289172,67.10777946828422,0.1,0.23333333333333334,0.4083333333333333,0.575,0.425
bbox_expand_1_5x__inner50_median__object_minus_ring,leave_one_out,distance_range,,,far,120,130.0,14.719601443879744,88.31995298343051,41.71652793855994,39.532966614127744,0.31406727911024857,0.31711128818683965,44.718196124867134,-8.229463375363457,-41.68004701656949,-39.532966614127744,62.65264969020149,66.17204989537339,73.83576708387497,0.016666666666666666,0.03333333333333333,0.1,0.016666666666666666,0.9833333333333333
bbox_expand_1_5x__inner50_median__object_minus_ring,leave_one_out,distance_range,,,mid,160,85.0,11.180339887498949,78.9476820283863,13.494976792626536,11.2059864501474,0.16124922924879317,0.1327503673333525,17.654786242655977,-1.4935318181909976,-6.052317971613704,-5.849600893260913,25.46027202549265,32.34710115974411,70.42284740037975,0.18125,0.4375,0.8,0.3875,0.6125
bbox_expand_1_5x__inner50_median__object_minus_ring,leave_one_out,distance_range,,,near,200,40.0,14.142135623730951,69.79303180985023,31.991851621804038,32.495142512348124,1.0224053837498306,0.7071211160310618,36.65531272062718,-5.718059753234865,29.79303180985024,32.28323818885859,55.43563737836562,62.68771406314097,71.77449355440461,0.085,0.15,0.28,0.885,0.115
bbox_expand_1_5x__inner50_median__object_minus_ring,leave_one_out,weather__distance_range,clear_sky,,far,60,130.0,14.719601443879744,84.42677966057165,45.573220339428346,42.669753803603534,0.34582313177403157,0.33865267926379217,47.621781476550616,-9.466926481540028,-45.573220339428346,-42.669753803603534,64.9021870302873,70.48122394290935,73.83576708387497,0.0,0.0,0.0,0.0,1.0
bbox_expand_1_5x__inner50_median__object_minus_ring,leave_one_out,weather__distance_range,clear_sky,,mid,80,85.0,11.180339887498949,73.67785742520195,16.019658283604286,12.401646242494863,0.19142511935875067,0.15241326217308765,21.218032904514846,-2.601639362696598,-11.32214257479806,-9.218436909682609,32.5316236193493,41.47908533666019,70.42284740037975,0.1375,0.4,0.75,0.2375,0.7625
bbox_expand_1_5x__inner50_median__object_minus_ring,leave_one_out,weather__distance_range,clear_sky,,near,100,40.0,14.142135623730951,67.39974153479487,30.39999754634658,31.794222515982682,0.9565914111633986,0.619633195555673,35.58758960201647,-5.332382668407755,27.399741534794885,31.32898613520061,56.21355172001519,62.77906019983689,67.10777946828422,0.1,0.18,0.34,0.86,0.14
bbox_expand_1_5x__inner50_median__object_minus_ring,leave_one_out,weather__distance_range,light_rain,,far,60,130.0,14.719601443879744,92.21312630628935,37.859835537691545,37.04387103850446,0.2823114264464656,0.3050121109331052,41.61249882335623,-6.992000269186879,-37.78687369371064,-37.04387103850446,60.519040962185194,63.300433952206376,66.74529655602095,0.03333333333333333,0.06666666666666667,0.2,0.03333333333333333,0.9666666666666667
bbox_expand_1_5x__inner50_median__object_minus_ring,leave_one_out,weather__distance_range,light_rain,,mid,80,85.0,11.180339887498949,84.21750663157064,10.970295301648786,10.502553310239023,0.13107333913883568,0.11416154636485018,13.159712542858774,-0.38542427368539656,-0.7824933684293484,1.3671614063811788,20.65477727821346,23.06916084985028,30.183209807735892,0.225,0.475,0.85,0.5375,0.4625
bbox_expand_1_5x__inner50_median__object_minus_ring,leave_one_out,weather__distance_range,light_rain,,near,100,40.0,14.142135623730951,72.18632208490558,33.583705697261486,33.36962447759601,1.0882193563362623,0.7721358226884879,37.69280259694674,-6.103736838061974,32.18632208490558,33.19072050537636,53.67254470947168,62.68771406314098,71.77449355440461,0.07,0.12,0.22,0.91,0.09
bbox_expand_1_5x__inner50_median__object_minus_ring,leave_one_out,time_of_day__distance_range,,10AM,far,60,130.0,14.719601443879744,84.72590668343638,45.30288313727785,44.13435152499071,0.3425326243573944,0.3560399109504194,47.918398202227614,-9.597721013541156,-45.27409331656361,-44.13435152499071,66.20222077224958,70.48122394290935,73.83576708387497,0.016666666666666666,0.016666666666666666,0.06666666666666667,0.016666666666666666,0.9833333333333333
bbox_expand_1_5x__inner50_median__object_minus_ring,leave_one_out,time_of_day__distance_range,,10AM,mid,80,85.0,11.180339887498949,72.01007717547107,16.42279557797725,14.584683816316712,0.1941509268880476,0.1595488598148116,20.935499167441055,-2.5063610031194004,-12.989922824528936,-14.035642598874752,30.38114669697623,41.160443913573346,70.42284740037975,0.125,0.3375,0.725,0.225,0.775
bbox_expand_1_5x__inner50_median__object_minus_ring,leave_one_out,time_of_day__distance_range,,10AM,near,100,40.0,14.142135623730951,66.57713556042604,29.693349297711357,28.693351558063732,0.9618860782010503,0.6752049423779058,35.23833327082589,-5.208700658528975,26.577135560426036,27.980216788213646,55.23488933179156,62.659086057013354,71.77449355440461,0.13,0.2,0.36,0.84,0.16
bbox_expand_1_5x__inner50_median__object_minus_ring,leave_one_out,time_of_day__distance_range,,8PM,far,60,130.0,14.719601443879744,91.91399928342462,38.13017273984203,36.48990555028935,0.28560193386310284,0.2894599699518595,41.270585688319386,-6.861205737185751,-38.086000716575384,-36.48990555028935,61.05361958626106,62.61730012253797,63.9635497602666,0.016666666666666666,0.05,0.13333333333333333,0.016666666666666666,0.9833333333333333
bbox_expand_1_5x__inner50_median__object_minus_ring,leave_one_out,time_of_day__distance_range,,8PM,mid,80,85.0,11.180339887498949,85.88528688130152,10.567158007275818,8.599484131006236,0.12834753160953868,0.10186271240632452,13.604698789676466,-0.4807026332625941,0.885286881301527,2.291162665748267,21.032476977884105,23.114504176959883,58.71151424024934,0.2375,0.5375,0.875,0.55,0.45
bbox_expand_1_5x__inner50_median__object_minus_ring,leave_one_out,time_of_day__distance_range,,8PM,near,100,40.0,14.142135623730951,73.00892805927442,34.29035394589672,34.054627943726935,1.0829246892986106,0.7817446325111523,38.01951827138464,-6.2274188479407515,33.00892805927443,33.579521276528126,56.21355172001519,62.80768820596452,67.10777946828422,0.04,0.1,0.2,0.93,0.07
bbox_expand_1_5x__inner50_median__object_minus_ring_normalized,leave_one_out,weather,clear_sky,,,240,77.5,38.37859646556485,73.89036296420662,29.748139692448724,27.454291046400872,0.5691178940636933,0.3332782755494049,35.38002624824082,0.15015812798220596,-3.6096370357933876,-4.300354853430061,56.89913053600676,63.36252114540019,88.04506601362544,0.1,0.17916666666666667,0.3375,0.45,0.55
bbox_expand_1_5x__inner50_median__object_minus_ring_normalized,leave_one_out,weather,light_rain,,,240,77.5,38.37859646556485,81.09202973949392,26.2493782807255,24.736132767579107,0.5438597046550788,0.299100584639718,31.576784335129297,0.32304838996508045,3.592029739493925,3.449944072960818,49.43966584970543,56.78805634239832,76.46294265609657,0.12916666666666668,0.22083333333333333,0.43333333333333335,0.55,0.45
bbox_expand_1_5x__inner50_median__object_minus_ring_normalized,leave_one_out,time_of_day,,10AM,,240,77.5,38.37859646556485,71.33957168866202,29.500960523962352,26.880399146336405,0.5539718148681533,0.3441754841575616,35.30654752038886,0.15368443713076563,-6.160428311337978,-8.217997941400235,56.293577937943994,62.70193331849147,88.04506601362544,0.11666666666666667,0.1875,0.35,0.42083333333333334,0.5791666666666667
bbox_expand_1_5x__inner50_median__object_minus_ring_normalized,leave_one_out,time_of_day,,8PM,,240,77.5,38.37859646556485,83.64282101503854,26.496557449211867,23.533064234718125,0.559005783850619,0.29008669629892114,31.65892083542962,0.3195220808165208,6.142821015038519,9.111697649564938,51.3412354722894,59.21336856159814,70.44132509158581,0.1125,0.2125,0.42083333333333334,0.5791666666666667,0.42083333333333334
bbox_expand_1_5x__inner50_median__object_minus_ring_normalized,leave_one_out,distance_range,,,far,120,130.0,14.719601443879744,90.61178069709716,39.414423318271325,40.956898906141056,0.2975379940767558,0.3063339962613475,43.810899645317654,-7.858745820301975,-39.38821930290284,-40.956898906141056,62.45944140432593,71.682015256064,88.04506601362544,0.05,0.09166666666666666,0.19166666666666668,0.016666666666666666,0.9833333333333333
bbox_expand_1_5x__inner50_median__object_minus_ring_normalized,leave_one_out,distance_range,,,mid,160,85.0,11.180339887498949,78.40121203163929,16.66682923909862,15.496756302644172,0.19670425495683524,0.18187605322865555,20.092765736700162,-2.229753879599296,-6.598787968360718,-7.8003109369118135,31.07328980222436,34.984136490847945,56.84691410750244,0.16875,0.3375,0.6375,0.375,0.625
bbox_expand_1_5x__inner50_median__object_minus_ring_normalized,leave_one_out,distance_range,,,near,200,40.0,14.142135623730951,68.89083320087093,30.214904185567374,30.26054589927266,0.9996869180510052,0.7641572497866378,34.985641839603076,-5.119975674644926,28.89083320087093,30.26054589927266,54.336863924589196,61.211933429619215,76.46294265609657,0.11,0.155,0.3,0.89,0.11
bbox_expand_1_5x__inner50_median__object_minus_ring_normalized,leave_one_out,weather__distance_range,clear_sky,,far,60,130.0,14.719601443879744,83.66209592759449,46.337904072405514,44.845303817810034,0.35330531874872606,0.36057287999316856,49.21750140614255,-10.180134359986049,-46.337904072405514,-44.845303817810034,68.48616055614717,74.18150086351585,88.04506601362544,0.0,0.0,0.05,0.0,1.0
bbox_expand_1_5x__inner50_median__object_minus_ring_normalized,leave_one_out,weather__distance_range,clear_sky,,mid,80,85.0,11.180339887498949,72.72016494752913,16.963788657668857,16.018545208767854,0.19943992157382656,0.19759106282091893,20.252083401699675,-2.281175056875196,-12.279835052470863,-14.440203975088401,31.073289802224362,34.05397126230906,56.84691410750244,0.175,0.325,0.5875,0.2375,0.7625
bbox_expand_1_5x__inner50_median__object_minus_ring_normalized,leave_one_out,weather__distance_range,clear_sky,,near,100,40.0,14.142135623730951,68.96348159951589,30.02176189229855,30.26054589927266,0.9943478172445671,0.8151142320072344,34.96649889676111,-5.11328022548598,28.963481599515877,30.26054589927266,55.39212413098977,63.1854452753083,70.44132509158581,0.1,0.17,0.31,0.89,0.11
bbox_expand_1_5x__inner50_median__object_minus_ring_normalized,leave_one_out,weather__distance_range,light_rain,,far,60,130.0,14.719601443879744,97.56146546659984,32.490942564137136,37.06436996108978,0.24177066940478553,0.26391325012205996,37.63545417290117,-5.537357280617897,-32.438534533400166,-37.06436996108978,55.60745189932378,59.45603842502086,74.47816398035647,0.1,0.18333333333333332,0.3333333333333333,0.03333333333333333,0.9666666666666667
bbox_expand_1_5x__inner50_median__object_minus_ring_normalized,leave_one_out,weather__distance_range,light_rain,,mid,80,85.0,11.180339887498949,84.08225911574942,16.36986982052839,14.39973140593645,0.19396858833984393,0.16609299119308107,19.932174687936705,-2.178332702323397,-0.9177408842505743,1.4127971351056487,30.932265998556275,37.91223668963656,54.29135481419503,0.1625,0.35,0.6875,0.5125,0.4875
bbox_expand_1_5x__inner50_median__object_minus_ring_normalized,leave_one_out,weather__distance_range,light_rain,,near,100,40.0,14.142135623730951,68.81818480222599,30.408046478836198,30.54687983830546,1.005026018857443,0.6568126430286879,35.00477431381003,-5.126671123803873,28.818184802225982,30.54687983830546,52.48662149454877,59.22396330409819,76.46294265609657,0.12,0.14,0.29,0.89,0.11
bbox_expand_1_5x__inner50_median__object_minus_ring_normalized,leave_one_out,time_of_day__distance_range,,10AM,far,60,130.0,14.719601443879744,83.9809689422751,46.06514622328204,45.845225249131104,0.3505037176594593,0.3677462072403249,49.59184688275861,-10.35085204881373,-46.019031057724895,-45.845225249131104,71.71677934806219,74.69182381809141,88.04506601362544,0.016666666666666666,0.05,0.1,0.016666666666666666,0.9833333333333333
bbox_expand_1_5x__inner50_median__object_minus_ring_normalized,leave_one_out,time_of_day__distance_range,,10AM,mid,80,85.0,11.180339887498949,69.06158129055912,19.41684701334154,19.560719529028255,0.2264372218605719,0.21660914218402538,22.782645040102977,-3.15239132018663,-15.938418709440885,-19.402940582475736,31.963666808268428,39.02190116079218,56.84691410750244,0.1375,0.275,0.5125,0.2,0.8
bbox_expand_1_5x__inner50_median__object_minus_ring_normalized,leave_one_out,time_of_day__distance_range,,10AM,near,100,40.0,14.142135623730951,65.57712565497648,27.62973991286718,26.21822157636598,0.9380803475994349,0.6780071059682738,33.179445691245284,-4.504378081891477,25.577125654976495,26.21822157636598,53.09979811797113,58.93780489252341,76.46294265609657,0.16,0.2,0.37,0.84,0.16
bbox_expand_1_5x__inner50_median__object_minus_ring_normalized,leave_one_out,time_of_day__distance_range,,8PM,far,60,130.0,14.719601443879744,97.24259245191921,32.76370041326059,34.61283972178209,0.24457227049405228,0.27593268348085764,37.140793990183,-5.366639591790216,-32.75740754808078,-34.61283972178209,57.14906623278906,59.58731300651414,63.356231107523655,0.08333333333333333,0.13333333333333333,0.2833333333333333,0.016666666666666666,0.9833333333333333
bbox_expand_1_5x__inner50_median__object_minus_ring_normalized,leave_one_out,time_of_day__distance_range,,8PM,mid,80,85.0,11.180339887498949,87.74084277271945,13.916811464855709,12.34485995494429,0.16697128805309855,0.14170752430356548,16.982036240583614,-1.3071164390119625,2.7408427727194473,2.682038382317863,26.3760841191747,34.07678485779411,42.83096144824857,0.2,0.4,0.7625,0.55,0.45
bbox_expand_1_5x__inner50_median__object_minus_ring_normalized,leave_one_out,time_of_day__distance_range,,8PM,near,100,40.0,14.142135623730951,72.20454074676535,32.80006845826757,32.78677280679568,1.0612934885025753,0.785949427997725,36.70306054649496,-5.735573267398374,32.20454074676536,32.78677280679568,55.34591805149467,63.1774248119248,70.44132509158581,0.06,0.11,0.23,0.94,0.06
bbox_expand_2x__bbox_mean__object_depth,leave_one_out,weather,clear_sky,,,240,77.5,38.37859646556485,77.4252770556758,32.65832821656046,32.944696936843144,0.6628529294089525,0.3565287345606529,38.54469538894093,-0.008674540962654964,-0.07472294432420198,2.177881132732921,58.7502933107403,72.7227873113778,74.14968335552038,0.08333333333333333,0.16666666666666666,0.3333333333333333,0.5,0.5
bbox_expand_2x__bbox_mean__object_depth,leave_one_out,weather,light_rain,,,240,77.5,38.37859646556485,77.61500943604581,32.60533569724217,32.403651052881905,0.6642020396051369,0.3544792932209747,38.50535629400336,-0.006616665343011752,0.11500943604580698,0.8589266113958232,58.63369242302732,72.37517372906274,73.44936908502577,0.0875,0.16666666666666666,0.3333333333333333,0.5,0.5
bbox_expand_2x__bbox_mean__object_depth,leave_one_out,time_of_day,,10AM,,240,77.5,38.37859646556485,77.65848582150069,32.64926063876079,32.42030381009,0.6645009469969951,0.3580351298576228,38.50460332291483,-0.006577297010483152,0.15848582150067234,2.91776757807596,58.84970469264118,72.50211192261207,74.14968335552038,0.08333333333333333,0.16666666666666666,0.3333333333333333,0.5,0.5
bbox_expand_2x__bbox_mean__object_depth,leave_one_out,time_of_day,,8PM,,240,77.5,38.37859646556485,77.38180067022093,32.61440327504184,32.41825527129749,0.6625540220170942,0.3524790351353875,38.54544757684575,-0.008713909295183564,-0.11819932977906736,0.7538771763354077,58.5316273754206,72.7165217265469,73.87220136793572,0.0875,0.16666666666666666,0.3333333333333333,0.5,0.5
bbox_expand_2x__bbox_mean__object_depth,leave_one_out,distance_range,,,far,120,130.0,14.719601443879744,77.34632047192754,52.65367952807248,47.700662504926974,0.3975968025732767,0.38160530003941584,54.69974282292017,-12.809516299508955,-52.65367952807248,-47.700662504926974,72.98605178432196,73.41787172698366,74.14968335552038,0.0,0.0,0.0,0.0,1.0
bbox_expand_2x__bbox_mean__object_depth,leave_one_out,distance_range,,,mid,160,85.0,11.180339887498949,77.44432993546252,11.298876776475348,10.516129783165056,0.1261259925486818,0.12968663195660615,13.524846923936597,-0.46337187452733786,-7.555670064537475,-7.900548095980952,22.728603503284226,23.12808755722103,23.720064009129146,0.25625,0.5,0.75,0.25,0.75
bbox_expand_2x__bbox_mean__object_depth,leave_one_out,distance_range,,,near,200,40.0,14.142135623730951,77.6850875585394,37.6850875585394,37.62952818362371,1.253007087233996,0.9407382045905928,40.25484940670338,-7.1022645037818375,37.6850875585394,37.62952818362371,57.72050517175348,58.56087079305391,59.878662518108825,0.0,0.0,0.2,1.0,0.0
bbox_expand_2x__bbox_mean__object_depth,leave_one_out,weather__distance_range,clear_sky,,far,60,130.0,14.719601443879744,77.18996005752642,52.81003994247359,47.740830273209646,0.3988174490396368,0.3819266421856772,54.85152477243945,-12.886260476284024,-52.81003994247359,-47.740830273209646,73.20433176456079,73.4940000014301,74.14968335552038,0.0,0.0,0.0,0.0,1.0
bbox_expand_2x__bbox_mean__object_depth,leave_one_out,weather__distance_range,clear_sky,,mid,80,85.0,11.180339887498949,77.4078161333364,11.391909702280026,10.647994971498854,0.12722916885258223,0.13475681600460265,13.61435217150301,-0.48280468039766955,-7.592183866663606,-8.028519642806977,22.809122507211065,23.129502553412838,23.720064009129146,0.25,0.5,0.75,0.25,0.75
bbox_expand_2x__bbox_mean__object_depth,leave_one_out,weather__distance_range,clear_sky,,near,100,40.0,14.142135623730951,77.58043599243695,37.58043599243694,37.46745041570355,1.2497732260756378,0.9366862603925888,40.15183896593398,-7.060850861731474,37.58043599243694,37.46745041570355,57.55859225443839,58.46708307343713,59.878662518108825,0.0,0.0,0.2,1.0,0.0
bbox_expand_2x__bbox_mean__object_depth,leave_one_out,weather__distance_range,light_rain,,far,60,130.0,14.719601443879744,77.50268088632863,52.49731911367139,47.67760726788619,0.3963761561069166,0.3814208581430895,54.54753853223512,-12.732772122733886,-52.49731911367139,-47.67760726788619,72.94475896646848,73.19986740481762,73.44936908502577,0.0,0.0,0.0,0.0,1.0
bbox_expand_2x__bbox_mean__object_depth,leave_one_out,weather__distance_range,light_rain,,mid,80,85.0,11.180339887498949,77.48084373758864,11.205843850670673,10.110575414807073,0.12502281624478137,0.12613304659711788,13.434745385831686,-0.4439390686570064,-7.519156262411345,-7.900548095980952,22.26487065303243,22.986781283389337,23.570135778547993,0.2625,0.5,0.75,0.25,0.75
bbox_expand_2x__bbox_mean__object_depth,leave_one_out,weather__distance_range,light_rain,,near,100,40.0,14.142135623730951,77.78973912464184,37.78973912464185,37.84783037128546,1.2562409483923538,0.9461957592821366,40.35759692011455,-7.143678145832199,37.78973912464185,37.84783037128546,58.16352802794264,58.56087079305391,59.52572083180118,0.0,0.0,0.2,1.0,0.0
bbox_expand_2x__bbox_mean__object_depth,leave_one_out,time_of_day__distance_range,,10AM,far,60,130.0,14.719601443879744,77.51650154338637,52.483498456613624,47.380342749583285,0.39622851371062484,0.3790427419966663,54.54960344041396,-12.73381185618349,-52.483498456613624,-47.380342749583285,72.85271876880114,73.19605805893077,74.14968335552038,0.0,0.0,0.0,0.0,1.0
bbox_expand_2x__bbox_mean__object_depth,leave_one_out,time_of_day__distance_range,,10AM,mid,80,85.0,11.180339887498949,77.61615612233315,11.363232889193077,10.516129783165056,0.12719364979484626,0.12968663195660615,13.546697409981677,-0.46810408574083406,-7.383843877666846,-7.900548095980952,22.728603503284226,23.034780643421627,23.720064009129146,0.25,0.5,0.75,0.25,0.75
bbox_expand_2x__bbox_mean__object_depth,leave_one_out,time_of_day__distance_range,,10AM,near,100,40.0,14.142135623730951,77.77754014770328,37.77754014770326,37.59319317926876,1.2553102447305364,0.939829829481719,40.324245746871945,-7.130223975270603,37.77754014770326,37.59319317926876,58.19458047980487,58.80143230584441,59.878662518108825,0.0,0.0,0.2,1.0,0.0
bbox_expand_2x__bbox_mean__object_depth,leave_one_out,time_of_day__distance_range,,8PM,far,60,130.0,14.719601443879744,77.17613940046868,52.823860599531336,48.163030882548675,0.39896509143592856,0.38530424706038935,54.84947123063988,-12.88522074283442,-52.823860599531336,-48.163030882548675,73.24922335573683,73.43122130155294,73.87220136793572,0.0,0.0,0.0,0.0,1.0
bbox_expand_2x__bbox_mean__object_depth,leave_one_out,time_of_day__distance_range,,8PM,mid,80,85.0,11.180339887498949,77.2725037485919,11.234520663757621,10.276345133523137,0.12505833530251734,0.12797493236062973,13.502961079490312,-0.45863966331384165,-7.727496251408105,-7.91474342196058,22.653913377964095,23.30855017125568,23.671102025289528,0.2625,0.5,0.75,0.25,0.75
bbox_expand_2x__bbox_mean__object_depth,leave_one_out,time_of_day__distance_range,,8PM,near,100,40.0,14.142135623730951,77.59263496937552,37.592634969375524,37.64063993964889,1.2507039297374554,0.9410159984912223,40.18533322567593,-7.07430503229307,37.592634969375524,37.64063993964889,57.55859225443839,58.4010598897097,59.134163638848094,0.0,0.0,0.2,1.0,0.0
bbox_expand_2x__bbox_mean__object_depth_percentile_5_95,leave_one_out,weather,clear_sky,,,240,77.5,38.37859646556485,75.62840505190194,30.941308329915323,28.253919048379004,0.6160596182831259,0.3437024640376335,37.36671946412061,0.052036170742660426,-1.8715949480980707,-1.88833562975827,60.90837775517096,67.15352893551692,88.85343681510398,0.1,0.19166666666666668,0.32916666666666666,0.4708333333333333,0.5291666666666667
bbox_expand_2x__bbox_mean__object_depth_percentile_5_95,leave_one_out,weather,light_rain,,,240,77.5,38.37859646556485,79.36678398300619,27.719465938539383,25.578018345553232,0.5725781200879808,0.31059310537926504,32.97571082954705,0.26173861066099713,1.8667839830061799,4.182017010723655,51.644547074379055,57.320123313024666,85.49975185809103,0.08333333333333333,0.19166666666666668,0.4041666666666667,0.5416666666666666,0.4583333333333333
bbox_expand_2x__bbox_mean__object_depth_percentile_5_95,leave_one_out,time_of_day,,10AM,,240,77.5,38.37859646556485,73.45191728538491,30.70281938836515,28.083005663770955,0.5902580848142617,0.34418969645560543,36.34784443318791,0.10302746595356405,-4.048082714615091,-6.175978325387451,58.14352725506039,63.63363034759549,88.85343681510398,0.0625,0.14166666666666666,0.3333333333333333,0.4666666666666667,0.5333333333333333
bbox_expand_2x__bbox_mean__object_depth_percentile_5_95,leave_one_out,time_of_day,,8PM,,240,77.5,38.37859646556485,81.5432717495232,27.957954880089552,25.578018345553232,0.598379653556845,0.2976552081908017,34.095504590561006,0.2107473154500933,4.043271749523202,4.182017010723655,52.17280898405806,61.2048059924692,86.85346035545739,0.12083333333333333,0.24166666666666667,0.4,0.5458333333333333,0.45416666666666666
bbox_expand_2x__bbox_mean__object_depth_percentile_5_95,leave_one_out,distance_range,,,far,120,130.0,14.719601443879744,87.27337606410774,42.72662393589224,43.29054252470574,0.32264958254071174,0.3277990540940354,46.40233013017269,-8.937736499274767,-42.72662393589224,-43.29054252470574,63.16802584671982,74.96147119300781,88.85343681510398,0.008333333333333333,0.058333333333333334,0.11666666666666667,0.0,1.0
bbox_expand_2x__bbox_mean__object_depth_percentile_5_95,leave_one_out,distance_range,,,mid,160,85.0,11.180339887498949,76.48024968093172,15.117951231089089,13.18523703839982,0.17505899047137072,0.15946810416394935,18.54922118005536,-1.7525888510929146,-8.519750319068287,-7.71442468978568,29.917107878532978,35.27437137193819,48.84606546360477,0.2,0.36875,0.69375,0.29375,0.70625
bbox_expand_2x__bbox_mean__object_depth_percentile_5_95,leave_one_out,distance_range,,,near,200,40.0,14.142135623730951,72.44600145867972,32.66259377573903,31.992558847579296,1.0927283441438047,0.7658473524273047,37.593063773175295,-6.066192219270123,32.44600145867971,31.992558847579296,56.56388041343045,64.58068608079299,86.85346035545739,0.055,0.13,0.255,0.98,0.02
bbox_expand_2x__bbox_mean__object_depth_percentile_5_95,leave_one_out,weather__distance_range,clear_sky,,far,60,130.0,14.719601443879744,81.4814540564215,48.518545943578495,46.416866142303554,0.36872330789908275,0.38284819793447333,51.25681347852948,-11.12581966756659,-48.518545943578495,-46.416866142303554,65.64792542475779,80.56829809891777,88.85343681510398,0.0,0.016666666666666666,0.03333333333333333,0.0,1.0
bbox_expand_2x__bbox_mean__object_depth_percentile_5_95,leave_one_out,weather__distance_range,clear_sky,,mid,80,85.0,11.180339887498949,73.68212407650837,14.267418083347717,12.818317475519237,0.16301431000344468,0.15252038803956552,17.365181677928653,-1.4123962776597518,-11.31787592349163,-11.834694149998121,27.96958237835578,32.02295896535102,36.63671315670534,0.2125,0.3625,0.7,0.1875,0.8125
bbox_expand_2x__bbox_mean__object_depth_percentile_5_95,leave_one_out,weather__distance_range,clear_sky,,near,100,40.0,14.142135623730951,73.67360042950504,33.734077958971504,30.72705768125311,1.1268976511372968,0.8103281280155303,39.15936608111863,-6.667279759375321,33.67360042950502,30.72705768125311,62.47767918905387,67.4716027444148,86.85346035545739,0.07,0.16,0.21,0.98,0.02
bbox_expand_2x__bbox_mean__object_depth_percentile_5_95,leave_one_out,weather__distance_range,light_rain,,far,60,130.0,14.719601443879744,93.06529807179403,36.934701928205996,40.73743088942422,0.2765758571823406,0.29744558620836026,40.97671967161725,-6.749653330982944,-36.934701928205996,-40.73743088942422,56.87546611873688,63.16232352287751,85.49975185809103,0.016666666666666666,0.1,0.2,0.0,1.0
bbox_expand_2x__bbox_mean__object_depth_percentile_5_95,leave_one_out,weather__distance_range,light_rain,,mid,80,85.0,11.180339887498949,79.27837528535505,15.968484378830459,13.663297906039858,0.1871036709392967,0.16783474011230784,19.662087327284446,-2.0927814245260765,-5.721624714644941,-5.703579574793629,31.99489678091174,35.96772851761561,48.84606546360477,0.1875,0.375,0.6875,0.4,0.6
bbox_expand_2x__bbox_mean__object_depth_percentile_5_95,leave_one_out,weather__distance_range,light_rain,,near,100,40.0,14.142135623730951,71.21840248785438,31.59110959250655,32.256941902961046,1.0585590371503122,0.7516457559065024,35.958600304141214,-5.465104679164923,31.218402487854384,32.256941902961046,54.1327976472403,58.5152879759439,79.98662362842244,0.04,0.1,0.3,0.98,0.02
bbox_expand_2x__bbox_mean__object_depth_percentile_5_95,leave_one_out,time_of_day__distance_range,,10AM,far,60,130.0,14.719601443879744,82.48132101281722,47.51867898718279,45.23749518042154,0.3602463248889463,0.36833871313552746,50.68588958640836,-10.857197245379597,-47.51867898718279,-45.23749518042154,65.64792542475779,80.56829809891777,88.85343681510398,0.0,0.03333333333333333,0.05,0.0,1.0
bbox_expand_2x__bbox_mean__object_depth_percentile_5_95,leave_one_out,time_of_day__distance_range,,10AM,mid,80,85.0,11.180339887498949,70.42906278552935,17.937866732880707,15.419764052050141,0.20607228520468873,0.1797793763048622,21.20180952203625,-2.5961338160696554,-14.570937214470637,-14.168152088977948,33.79112872637387,36.715400795544724,48.84606546360477,0.125,0.25,0.6125,0.175,0.825
bbox_expand_2x__bbox_mean__object_depth_percentile_5_95,leave_one_out,time_of_day__distance_range,,10AM,near,100,40.0,14.142135623730951,70.45255864880997,30.825265753462137,29.80483740642896,1.0356137804571095,0.740418093090355,35.63353595067205,-5.348744421739187,30.452558648809962,29.80483740642896,55.353066552971256,62.83005855366527,79.98662362842244,0.05,0.12,0.28,0.98,0.02
bbox_expand_2x__bbox_mean__object_depth_percentile_5_95,leave_one_out,time_of_day__distance_range,,8PM,far,60,130.0,14.719601443879744,92.0654311153983,37.93456888460171,40.96201240067827,0.28505284019247706,0.3066848479353552,41.680847878294,-7.0182757531699345,-37.93456888460171,-40.96201240067827,58.089180682761956,62.22542201548453,84.44642352360967,0.016666666666666666,0.08333333333333333,0.18333333333333332,0.0,1.0
bbox_expand_2x__bbox_mean__object_depth_percentile_5_95,leave_one_out,time_of_day__distance_range,,8PM,mid,80,85.0,11.180339887498949,82.53143657633407,12.298035729297471,11.040448186112727,0.1440456957380527,0.12738195916627462,15.447669266414323,-0.9090438861161729,-2.468563423665933,-1.5273106355253816,25.898463542458103,29.279426067028115,35.84968970625364,0.275,0.4875,0.775,0.4125,0.5875
bbox_expand_2x__bbox_mean__object_depth_percentile_5_95,leave_one_out,time_of_day__distance_range,,8PM,near,100,40.0,14.142135623730951,74.43944426854945,34.49992179801592,36.24639889200544,1.1498429078304995,0.8386804340246663,39.45539257643005,-6.783640016801056,34.43944426854945,36.24639889200544,56.6729510859617,66.00441762227356,86.85346035545739,0.06,0.14,0.23,0.98,0.02
bbox_expand_2x__bbox_mean__object_minus_ring,leave_one_out,weather,clear_sky,,,240,77.5,38.37859646556485,74.03048796286785,30.904542148164975,29.744284707485306,0.586932318351104,0.3475628501595103,36.39230974622724,0.10083154150018936,-3.469512037132146,-5.832025798157261,59.25271839033572,67.64590517262839,83.5316157920756,0.058333333333333334,0.14583333333333334,0.3458333333333333,0.4666666666666667,0.5333333333333333
bbox_expand_2x__bbox_mean__object_minus_ring,leave_one_out,weather,light_rain,,,240,77.5,38.37859646556485,80.9184269436761,29.022848004967674,27.082619647217733,0.6101885822402515,0.31483645370702085,34.57452340365135,0.18841459558270923,3.4184269436760855,5.926054485030605,54.67526865380945,63.20443547926171,82.96889438188639,0.09583333333333334,0.19166666666666668,0.39166666666666666,0.5541666666666667,0.44583333333333336
bbox_expand_2x__bbox_mean__object_minus_ring,leave_one_out,time_of_day,,10AM,,240,77.5,38.37859646556485,74.40660288064895,30.3230757843406,28.301388891738895,0.5799737845781782,0.33442663689699714,35.93186244541174,0.12344074310880426,-3.0933971193510446,-6.260600165182481,59.256508711529044,66.59809454841456,83.5316157920756,0.06666666666666667,0.1625,0.36666666666666664,0.475,0.525
bbox_expand_2x__bbox_mean__object_minus_ring,leave_one_out,time_of_day,,8PM,,240,77.5,38.37859646556485,80.54231202589497,29.60431436879205,29.388193044788096,0.6171471160131773,0.331207494109641,35.05280500129755,0.16580539397409422,3.042312025894984,6.708427414608458,57.9193015964448,64.06299647153213,82.96889438188639,0.0875,0.175,0.37083333333333335,0.5458333333333333,0.45416666666666666
bbox_expand_2x__bbox_mean__object_minus_ring,leave_one_out,distance_range,,,far,120,130.0,14.719601443879744,85.56307832978601,44.436921670213984,41.810310080138905,0.334925042674214,0.3318665803606853,47.614219707914934,-9.463602700278129,-44.436921670213984,-41.810310080138905,67.63801937934198,70.67332232619059,83.5316157920756,0.016666666666666666,0.025,0.058333333333333334,0.0,1.0
bbox_expand_2x__bbox_mean__object_minus_ring,leave_one_out,distance_range,,,mid,160,85.0,11.180339887498949,77.72667381446551,13.178582938294124,11.282333221682535,0.15347951843854024,0.13978532282999562,16.7576662127621,-1.2465550151867872,-7.273326185534484,-7.83626146717917,23.741775421128562,31.728521513197666,70.39626478523917,0.2,0.4375,0.83125,0.3375,0.6625
bbox_expand_2x__bbox_mean__object_minus_ring,leave_one_out,distance_range,,,near,200,40.0,14.142135623730951,72.41951183840871,34.70784883099549,33.703347515411004,1.112806440354266,0.8382811688046534,37.931960141167785,-6.194168000755706,32.4195118384087,32.79387621283604,55.270892493922304,61.563835965988055,82.96889438188639,0.015,0.04,0.185,0.955,0.045
bbox_expand_2x__bbox_mean__object_minus_ring,leave_one_out,weather__distance_range,clear_sky,,far,60,130.0,14.719601443879744,82.03878816907155,47.961211830928434,43.42498961980984,0.36350952640238404,0.34620923862192476,50.57256625763774,-10.804235959460733,-47.961211830928434,-43.42498961980984,70.21896641473606,73.85933053372162,83.5316157920756,0.0,0.0,0.016666666666666666,0.0,1.0
bbox_expand_2x__bbox_mean__object_minus_ring,leave_one_out,weather__distance_range,clear_sky,,mid,80,85.0,11.180339887498949,73.96674409400141,15.457066973702183,13.294262834934749,0.17965802881041382,0.15434330641640429,19.834797641567686,-2.1473535798555123,-11.033255905998582,-10.17581691728671,29.67212761045123,38.25000262644115,70.39626478523917,0.1625,0.375,0.75,0.25,0.75
bbox_expand_2x__bbox_mean__object_minus_ring,leave_one_out,weather__distance_range,clear_sky,,near,100,40.0,14.142135623730951,69.27650293423878,33.028520478077134,31.502646939592474,1.0468054251528884,0.7852898091250324,36.45921650394292,-5.64637234040692,29.27650293423877,31.314645871434223,56.46785585185986,59.71848298950126,68.79455492559126,0.01,0.05,0.22,0.92,0.08
bbox_expand_2x__bbox_mean__object_minus_ring,leave_one_out,weather__distance_range,light_rain,,far,60,130.0,14.719601443879744,89.08736849050045,40.91263150949953,38.56304102193662,0.306340558946044,0.3145529060032848,44.45945769916712,-8.122969441095524,-40.91263150949953,-38.56304102193662,65.25407367400297,65.8610267555554,75.32184730703744,0.03333333333333333,0.05,0.1,0.0,1.0
bbox_expand_2x__bbox_mean__object_minus_ring,leave_one_out,weather__distance_range,light_rain,,mid,80,85.0,11.180339887498949,81.48660353492963,10.900098902886068,9.946917716933825,0.12730100806666667,0.11788457085933192,12.969948200157077,-0.3457564505180626,-3.513396465070385,-3.0247328772158397,19.723766157405446,21.982066299351924,36.99691369982084,0.2375,0.5,0.9125,0.425,0.575
bbox_expand_2x__bbox_mean__object_minus_ring,leave_one_out,weather__distance_range,light_rain,,near,100,40.0,14.142135623730951,75.56252074257864,36.38717718391384,36.364906075601894,1.1788074555556438,0.8807703250391723,39.349621754483216,-6.741963661104493,35.56252074257864,35.99019237751158,54.675268653809454,61.59932166011501,82.96889438188639,0.02,0.03,0.15,0.99,0.01
bbox_expand_2x__bbox_mean__object_minus_ring,leave_one_out,time_of_day__distance_range,,10AM,far,60,130.0,14.719601443879744,82.78654519237992,47.21345480762009,45.199312953194394,0.35713145033222393,0.3601938968368774,50.31042547232139,-10.682179590181562,-47.21345480762009,-45.199312953194394,70.21896641473606,75.4319818967976,83.5316157920756,0.016666666666666666,0.016666666666666666,0.03333333333333333,0.0,1.0
bbox_expand_2x__bbox_mean__object_minus_ring,leave_one_out,time_of_day__distance_range,,10AM,mid,80,85.0,11.180339887498949,73.12377449328616,15.167251376171844,13.710647653513199,0.1750200149161089,0.1559477863353158,19.047873882877994,-1.9025719956642044,-11.876225506713848,-12.497647040996512,28.004285407968776,36.24834506340326,70.39626478523917,0.15,0.4,0.75,0.2375,0.7625
bbox_expand_2x__bbox_mean__object_minus_ring,leave_one_out,time_of_day__distance_range,,10AM,near,100,40.0,14.142135623730951,70.40490020350062,32.313507896907915,32.09683456531003,1.037642200855406,0.8067567448818356,35.912343655355514,-5.448482134101767,30.40490020350062,31.728658887641615,53.208499638289794,56.6683356906298,71.71465136974331,0.03,0.06,0.26,0.95,0.05
bbox_expand_2x__bbox_mean__object_minus_ring,leave_one_out,time_of_day__distance_range,,8PM,far,60,130.0,14.719601443879744,88.3396114671921,41.6603885328079,38.72237722643826,0.312718635016204,0.31519538530896696,44.755881463570624,-8.245025810374697,-41.6603885328079,-38.72237722643826,65.41752539136166,67.92023262647828,73.66642481958904,0.016666666666666666,0.03333333333333333,0.08333333333333333,0.0,1.0
bbox_expand_2x__bbox_mean__object_minus_ring,leave_one_out,time_of_day__distance_range,,8PM,mid,80,85.0,11.180339887498949,82.32957313564489,11.189914500416403,10.29014212854537,0.13193902196097157,0.12876336907280955,14.100257243705567,-0.5905380347093703,-2.6704268643551177,-1.3602514561139216,19.630389913690628,23.72899571001908,52.58222380324795,0.25,0.475,0.9125,0.4375,0.5625
bbox_expand_2x__bbox_mean__object_minus_ring,leave_one_out,time_of_day__distance_range,,8PM,near,100,40.0,14.142135623730951,74.43412347331679,37.10218976508306,35.74520915803815,1.1879706798531258,0.8760628712697172,39.84935097943164,-6.939853867409646,34.43412347331679,35.143047515296765,57.9193015964448,62.14329109065442,82.96889438188639,0.0,0.02,0.11,0.96,0.04
bbox_expand_2x__bbox_mean__object_minus_ring_normalized,leave_one_out,weather,clear_sky,,,240,77.5,38.37859646556485,74.10165397089776,30.864913664172327,29.556209949944787,0.5924553228973017,0.3455712331268024,36.49894170682649,0.09555457150665803,-3.398346029102254,-3.171825312979461,57.7037127926611,68.05499301486056,82.49728332634916,0.07916666666666666,0.1625,0.3333333333333333,0.4708333333333333,0.5291666666666667
bbox_expand_2x__bbox_mean__object_minus_ring_normalized,leave_one_out,weather,light_rain,,,240,77.5,38.37859646556485,80.88536955218815,27.503823351225364,26.794690485555982,0.5759351208340231,0.3026631093987606,33.145293640978,0.2541258338579985,3.385369552188151,5.3032447492125385,51.67067087681685,58.129608652319924,97.2194390233742,0.10416666666666667,0.21666666666666667,0.4,0.5541666666666667,0.44583333333333336
bbox_expand_2x__bbox_mean__object_minus_ring_normalized,leave_one_out,time_of_day,,10AM,,240,77.5,38.37859646556485,73.20057718322778,30.378653073937677,28.69314160994966,0.5758446651806025,0.3472947315347055,35.89988254228959,0.12500035085701455,-4.299422816772223,-4.238812586204336,54.65637265699824,65.60917132217008,97.2194390233742,0.07916666666666666,0.15416666666666667,0.35,0.4708333333333333,0.5291666666666667
bbox_expand_2x__bbox_mean__object_minus_ring_normalized,leave_one_out,time_of_day,,8PM,,240,77.5,38.37859646556485,81.78644633985813,27.990083941460014,26.998894345299107,0.5925457785507222,0.30873242406704315,33.79321928604592,0.22468005450764184,4.2864463398581245,5.90358567203598,56.07671558389955,62.11851615705017,82.49728332634916,0.10416666666666667,0.225,0.38333333333333336,0.5541666666666667,0.44583333333333336
bbox_expand_2x__bbox_mean__object_minus_ring_normalized,leave_one_out,distance_range,,,far,120,130.0,14.719601443879744,88.01050602099505,42.02413693731255,40.76588581397595,0.317285833026038,0.32892894563055347,45.89992511121675,-8.723706731762949,-41.98949397900496,-40.76588581397595,67.41934240052639,71.85383043363117,85.78664972961916,0.025,0.075,0.13333333333333333,0.008333333333333333,0.9916666666666667
bbox_expand_2x__bbox_mean__object_minus_ring_normalized,leave_one_out,distance_range,,,mid,160,85.0,11.180339887498949,76.64127176199396,15.53507255016272,13.293127727440456,0.18157353893070907,0.15382883112983659,19.407817552981378,-2.0133070573584964,-8.35872823800604,-9.014541777331985,29.613710970137344,35.91536968540362,53.92648700364115,0.19375,0.3875,0.6625,0.3375,0.6625
bbox_expand_2x__bbox_mean__object_minus_ring_normalized,leave_one_out,distance_range,,,near,200,40.0,14.142135623730951,71.86510720551088,32.39994421595953,32.047985864291604,1.0664382015173999,0.8145923261425143,36.76312422323403,-5.757636513264684,31.865107205510885,32.047985864291604,55.35947851830992,61.8074973393316,97.2194390233742,0.05,0.1,0.27,0.955,0.045
bbox_expand_2x__bbox_mean__object_minus_ring_normalized,leave_one_out,weather__distance_range,clear_sky,,far,60,130.0,14.719601443879744,81.88487193706632,48.115128062933685,45.36334167076224,0.36528168121978016,0.36154377678451144,50.69290890443318,-10.860481599353053,-48.115128062933685,-45.36334167076224,70.6380600289937,73.17902621287512,81.02185182651758,0.0,0.0,0.016666666666666666,0.0,1.0
bbox_expand_2x__bbox_mean__object_minus_ring_normalized,leave_one_out,weather__distance_range,clear_sky,,mid,80,85.0,11.180339887498949,72.35524824366482,17.017995499942906,15.672762962042889,0.1991937530075219,0.1947928049053878,20.716300225758754,-2.4333207603501776,-12.644751756335193,-12.166769196300628,33.75574664401045,39.5681640933635,53.92648700364115,0.15,0.3375,0.6125,0.225,0.775
bbox_expand_2x__bbox_mean__object_minus_ring_normalized,leave_one_out,weather__distance_range,clear_sky,,near,100,40.0,14.142135623730951,70.82884777298295,31.59231955629905,30.997017581363977,1.0433687638156386,0.8019117909468318,36.22181532961938,-5.560099528865249,30.828847772982964,30.997017581363977,56.26248346048604,61.99438602992775,82.49728332634916,0.07,0.12,0.3,0.95,0.05
bbox_expand_2x__bbox_mean__object_minus_ring_normalized,leave_one_out,weather__distance_range,light_rain,,far,60,130.0,14.719601443879744,94.13614010492377,35.93314581169141,35.86037055497464,0.2692899848322959,0.2791075862664344,40.54423802758477,-6.58693186417285,-35.86385989507623,-35.86037055497464,57.12205049199408,62.312703637806344,85.78664972961916,0.05,0.15,0.25,0.016666666666666666,0.9833333333333333
bbox_expand_2x__bbox_mean__object_minus_ring_normalized,leave_one_out,weather__distance_range,light_rain,,mid,80,85.0,11.180339887498949,80.92729528032312,14.052149600382538,11.658541808988993,0.16395332485389624,0.14210503899693205,18.004490253707594,-1.5932933543668142,-4.072704719676885,-1.0958088395478285,28.111606517512612,32.17267222386339,50.7711676194277,0.2375,0.4375,0.7125,0.45,0.55
bbox_expand_2x__bbox_mean__object_minus_ring_normalized,leave_one_out,weather__distance_range,light_rain,,near,100,40.0,14.142135623730951,72.90136663803881,33.207568875620005,33.82789843958514,1.089507639219161,0.8145923261425143,37.29657758471711,-5.955173497664116,32.90136663803881,33.82789843958514,52.404594185137995,61.74920356171254,97.2194390233742,0.03,0.08,0.24,0.96,0.04
bbox_expand_2x__bbox_mean__object_minus_ring_normalized,leave_one_out,time_of_day__distance_range,,10AM,far,60,130.0,14.719601443879744,83.53078932649171,46.53849659012348,45.165236929641544,0.35391948305367527,0.35902575143611554,49.53320455822827,-10.324023171418244,-46.46921067350831,-45.165236929641544,68.8517371198698,73.21480007235594,85.78664972961916,0.016666666666666666,0.03333333333333333,0.06666666666666667,0.016666666666666666,0.9833333333333333
bbox_expand_2x__bbox_mean__object_minus_ring_normalized,leave_one_out,time_of_day__distance_range,,10AM,mid,80,85.0,11.180339887498949,70.0152301544538,18.641338759610022,18.597699325755052,0.2163299106318337,0.2047071371195306,22.44973705074229,-3.0319255491797694,-14.9847698455462,-17.388125040919647,33.76495877740774,46.96163477823152,53.92648700364115,0.125,0.2625,0.575,0.225,0.775
bbox_expand_2x__bbox_mean__object_minus_ring_normalized,leave_one_out,time_of_day__distance_range,,10AM,near,100,40.0,14.142135623730951,69.55072752028859,30.07259841568833,30.71835476573643,0.996611578095774,0.7458342413163986,34.897108655562064,-5.0890409625905235,29.550727520288607,30.71835476573643,50.20410498198439,56.580627363914786,97.2194390233742,0.08,0.14,0.34,0.94,0.06
bbox_expand_2x__bbox_mean__object_minus_ring_normalized,leave_one_out,time_of_day__distance_range,,8PM,far,60,130.0,14.719601443879744,92.49022271549839,37.509777284501624,35.057527640164245,0.2806521829984007,0.2969008031368929,41.953163130130314,-7.123390292107656,-37.509777284501624,-35.057527640164245,65.24955279470774,69.35081701579094,79.49205808788724,0.03333333333333333,0.11666666666666667,0.2,0.0,1.0
bbox_expand_2x__bbox_mean__object_minus_ring_normalized,leave_one_out,time_of_day__distance_range,,8PM,mid,80,85.0,11.180339887498949,83.26731336953412,12.42880634071542,9.537731768424358,0.14681716722958438,0.1151186349871122,15.790379054733068,-0.9946885655372222,-1.7326866304658808,-1.3351652368834337,25.363917996211583,29.633421769700238,39.45904038080754,0.2625,0.5125,0.75,0.45,0.55
bbox_expand_2x__bbox_mean__object_minus_ring_normalized,leave_one_out,time_of_day__distance_range,,8PM,near,100,40.0,14.142135623730951,74.17948689073317,34.727290016230725,33.557522456843365,1.1362648249390255,0.8252002292483203,38.53889480495994,-6.426232063938841,34.17948689073317,33.557522456843365,57.51678668521218,61.808603921155864,82.49728332634916,0.02,0.06,0.2,0.97,0.03
bbox_expand_2x__bbox_midpoint__object_depth,leave_one_out,weather,clear_sky,,,240,77.5,38.37859646556485,74.20808408757927,28.838940881561886,24.78477308147795,0.5327710157501768,0.3185620818962232,35.34803178913566,0.1516944714914319,-3.2919159124207265,-3.5561214520982745,60.83016149194765,67.07579216286352,78.2333541731669,0.12916666666666668,0.2125,0.4166666666666667,0.4375,0.5625
bbox_expand_2x__bbox_midpoint__object_depth,leave_one_out,weather,light_rain,,,240,77.5,38.37859646556485,80.79416010269155,27.9672164876733,25.312873675600883,0.5706248056201897,0.3113538846994808,33.7179483648596,0.22813009882749313,3.2941601026915466,4.965253684262947,54.704670748018145,62.61219994364279,75.97880449209504,0.12083333333333333,0.2125,0.4083333333333333,0.5583333333333333,0.44166666666666665
bbox_expand_2x__bbox_midpoint__object_depth,leave_one_out,time_of_day,,10AM,,240,77.5,38.37859646556485,75.56909163408797,28.34283486697331,25.327589527281106,0.5280171380844226,0.3155034931933311,34.83308534611354,0.17623049410152403,-1.930908365912046,-2.9761624092620025,59.326629155115285,66.31092487123404,78.2333541731669,0.13333333333333333,0.22916666666666666,0.425,0.4666666666666667,0.5333333333333333
bbox_expand_2x__bbox_midpoint__object_depth,leave_one_out,time_of_day,,8PM,,240,77.5,38.37859646556485,79.43315255618288,28.463322502261878,24.383509424232074,0.5753786832859438,0.31350253476527873,34.24966508699688,0.2035940762174011,1.933152556182866,2.7136451836614555,56.64175919635409,63.04235857487004,75.97880449209504,0.11666666666666667,0.19583333333333333,0.4,0.5291666666666667,0.4708333333333333
bbox_expand_2x__bbox_midpoint__object_depth,leave_one_out,distance_range,,,far,120,130.0,14.719601443879744,86.83407124363512,43.165928756364885,42.262699326467924,0.3242353076555767,0.33330603213002663,46.64222935891207,-9.040757967243193,-43.165928756364885,-42.262699326467924,66.01605954664448,69.7882300623846,78.2333541731669,0.008333333333333333,0.016666666666666666,0.10833333333333334,0.0,1.0
bbox_expand_2x__bbox_midpoint__object_depth,leave_one_out,distance_range,,,mid,160,85.0,11.180339887498949,78.64207014715365,12.444276360947173,10.348357811197545,0.14620713904818344,0.12942985410233104,15.51638058625797,-0.9260645319808261,-6.3579298528463575,-5.828090876159536,24.856140378702015,30.23178186015909,47.53637888700814,0.275,0.48125,0.8,0.3375,0.6625
bbox_expand_2x__bbox_midpoint__object_depth,leave_one_out,distance_range,,,near,200,40.0,14.142135623730951,70.98859416442102,32.31241050050556,31.831535737766913,1.0125680898125469,0.809178080563882,36.9561237553616,-5.828775415108011,30.988594164421006,31.831535737766913,53.72579313662113,63.81073844773336,76.5009648767909,0.075,0.115,0.285,0.925,0.075
bbox_expand_2x__bbox_midpoint__object_depth,leave_one_out,weather__distance_range,clear_sky,,far,60,130.0,14.719601443879744,83.4722862126146,46.5277137873854,46.77251356079635,0.35076975176861586,0.3859292412411954,49.5719249544598,-10.3417342016489,-46.5277137873854,-46.77251356079635,69.34672655532592,70.54915897253035,78.2333541731669,0.0,0.0,0.08333333333333333,0.0,1.0
bbox_expand_2x__bbox_midpoint__object_depth,leave_one_out,weather__distance_range,clear_sky,,mid,80,85.0,11.180339887498949,75.1913119232901,13.782563107971134,12.77606217578468,0.16052208102077173,0.1420856201305261,16.938966232113714,-1.2954286161015087,-9.80868807670991,-9.735948210335138,25.23811099631074,30.26938471097287,47.53637888700814,0.25,0.425,0.7375,0.2125,0.7875
bbox_expand_2x__bbox_midpoint__object_depth,leave_one_out,weather__distance_range,clear_sky,,near,100,40.0,14.142135623730951,67.86298054398942,30.270779356940373,27.89057917972245,0.9397709219226374,0.6487455783591346,35.983214634788816,-5.473958677266401,27.86298054398942,27.89057917972245,55.96908366349444,64.38537060466732,76.5009648767909,0.11,0.17,0.36,0.88,0.12
bbox_expand_2x__bbox_midpoint__object_depth,leave_one_out,weather__distance_range,light_rain,,far,60,130.0,14.719601443879744,90.19585627465563,39.80414372534437,38.9192355874351,0.29770086354253766,0.3070793655154559,43.51573710105485,-7.739781732837486,-39.80414372534437,-38.9192355874351,64.60332464356304,66.17120030929712,69.77492671749786,0.016666666666666666,0.03333333333333333,0.13333333333333333,0.0,1.0
bbox_expand_2x__bbox_midpoint__object_depth,leave_one_out,weather__distance_range,light_rain,,mid,80,85.0,11.180339887498949,82.09282837101719,11.10598961392321,8.976128188703399,0.1318921970755952,0.1080182557011092,13.949464361849811,-0.5567004478601438,-2.907171628982808,-1.303047053266397,23.1585500010865,27.760003106697692,34.55856317550899,0.3,0.5375,0.8625,0.4625,0.5375
bbox_expand_2x__bbox_midpoint__object_depth,leave_one_out,weather__distance_range,light_rain,,near,100,40.0,14.142135623730951,74.11420778485257,34.35404164407073,33.9442188979972,1.0853652577024562,0.8873160851616773,37.90406878674008,-6.183592152949621,34.11420778485259,33.9442188979972,52.67174151675335,60.17597549885191,75.97880449209504,0.04,0.06,0.21,0.97,0.03
bbox_expand_2x__bbox_midpoint__object_depth,leave_one_out,time_of_day__distance_range,,10AM,far,60,130.0,14.719601443879744,85.56172152618925,44.43827847381077,44.08378899495807,0.33382902647541024,0.3353151064658494,48.120645577739296,-9.687368603777232,-44.43827847381077,-44.08378899495807,67.92553685446741,70.54915897253035,78.2333541731669,0.0,0.016666666666666666,0.13333333333333333,0.0,1.0
bbox_expand_2x__bbox_midpoint__object_depth,leave_one_out,time_of_day__distance_range,,10AM,mid,80,85.0,11.180339887498949,76.66105419533258,13.39770408711233,10.265630216369765,0.15681648268453818,0.13296777359176426,16.99686017355451,-1.3111460460749074,-8.338945804667414,-8.187336714024227,28.801247825486335,32.64967519458716,47.53637888700814,0.275,0.4875,0.7625,0.3,0.7
bbox_expand_2x__bbox_midpoint__object_depth,leave_one_out,time_of_day__distance_range,,10AM,near,100,40.0,14.142135623730951,68.6999436498315,30.64167332675961,28.102286998035765,0.9414905293697379,0.7245821400690029,35.93817858841182,-5.45776340126291,28.699943649831486,28.102286998035765,53.72579313662114,64.3510237173762,76.5009648767909,0.1,0.15,0.33,0.88,0.12
bbox_expand_2x__bbox_midpoint__object_depth,leave_one_out,time_of_day__distance_range,,8PM,far,60,130.0,14.719601443879744,88.106420961081,41.893579038919,41.66325401625333,0.3146415888357433,0.33330603213002663,45.11539192249487,-8.39414733070915,-41.893579038919,-41.66325401625333,63.90984810475873,66.28347674239522,70.0409936152326,0.016666666666666666,0.016666666666666666,0.08333333333333333,0.0,1.0
bbox_expand_2x__bbox_midpoint__object_depth,leave_one_out,time_of_day__distance_range,,8PM,mid,80,85.0,11.180339887498949,80.62308609897471,11.490848634782017,10.348357811197545,0.13559779541182876,0.12339295690155455,13.878864407286468,-0.540983017886745,-4.3769139010253015,-3.1133136447378007,22.154615530599926,23.772008099534087,31.926741561544787,0.275,0.475,0.8375,0.375,0.625
bbox_expand_2x__bbox_midpoint__object_depth,leave_one_out,time_of_day__distance_range,,8PM,near,100,40.0,14.142135623730951,73.27724467901052,33.9831476742515,33.7985800216195,1.0836456502553558,0.9004923845980418,37.94677174399191,-6.1997874289531145,33.27724467901052,33.7985800216195,53.856251964580714,60.97064197336155,75.97880449209504,0.05,0.08,0.24,0.97,0.03
bbox_expand_2x__bbox_midpoint__object_depth_percentile_5_95,leave_one_out,weather,clear_sky,,,240,77.5,38.37859646556485,75.83516047387381,31.27192775545434,29.832691663295865,0.6165296815863527,0.3281183814978074,37.1676676275368,0.06210884285982643,-1.664839526126184,-3.132655986790965,57.47144055915523,66.2776787015115,93.12438327031026,0.07083333333333333,0.14583333333333334,0.35833333333333334,0.48333333333333334,0.5166666666666667
bbox_expand_2x__bbox_midpoint__object_depth_percentile_5_95,leave_one_out,weather,light_rain,,,240,77.5,38.37859646556485,79.16703953134987,26.45452097073996,23.83935934151277,0.544271547928266,0.28600516043124397,32.01092242890657,0.30430609012765564,1.6670395313498658,3.335792752199648,47.278979318360314,58.207757932028386,83.50686112031212,0.09583333333333334,0.22083333333333333,0.42916666666666664,0.5458333333333333,0.45416666666666666
bbox_expand_2x__bbox_midpoint__object_depth_percentile_5_95,leave_one_out,time_of_day,,10AM,,240,77.5,38.37859646556485,72.84006466264238,30.094312305094093,29.699530960021818,0.5661081794924928,0.33105612994974143,36.14575486104356,0.11297385382201741,-4.659935337357608,-6.128730253874146,57.24449780957056,66.2776787015115,90.05267709536872,0.075,0.17916666666666667,0.375,0.475,0.525
bbox_expand_2x__bbox_midpoint__object_depth_percentile_5_95,leave_one_out,time_of_day,,8PM,,240,77.5,38.37859646556485,82.16213534258128,27.632136421100213,26.071535376495042,0.5946930500221258,0.28592904678194453,33.160504778212704,0.25344107916546477,4.662135342581288,5.39354706468886,49.81552569002426,58.983347729932476,93.12438327031026,0.09166666666666666,0.1875,0.4125,0.5541666666666667,0.44583333333333336
bbox_expand_2x__bbox_midpoint__object_depth_percentile_5_95,leave_one_out,distance_range,,,far,120,130.0,14.719601443879744,89.40176813804236,40.598231861957636,40.32121938165898,0.3057691220483585,0.30346613286640894,45.25305874189672,-8.451566117681026,-40.598231861957636,-40.32121938165898,64.94533317874706,76.86773177774577,90.05267709536872,0.041666666666666664,0.08333333333333333,0.15833333333333333,0.0,1.0
bbox_expand_2x__bbox_midpoint__object_depth_percentile_5_95,leave_one_out,distance_range,,,mid,160,85.0,11.180339887498949,76.0020834053237,16.691108693843187,15.435441315906523,0.19399612072800226,0.1769307854261047,19.457709998150772,-2.028819826977092,-8.997916594676289,-9.70917656217938,29.795051695476722,37.50559141287987,39.83798926212539,0.1,0.35625,0.725,0.29375,0.70625
bbox_expand_2x__bbox_midpoint__object_depth_percentile_5_95,leave_one_out,distance_range,,,near,200,40.0,14.142135623730951,71.55991239918403,31.559912399184032,30.462573704415284,1.0543031056061256,0.8616550982128388,36.82086403044316,-5.778880139741916,31.559912399184032,30.462573704415284,54.780439374673065,65.195285664592,93.12438327031026,0.095,0.105,0.27,1.0,0.0
bbox_expand_2x__bbox_midpoint__object_depth_percentile_5_95,leave_one_out,weather__distance_range,clear_sky,,far,60,130.0,14.719601443879744,84.0175317203204,45.98246827967962,42.75785674878868,0.3489184504636292,0.3307253520469811,49.47123027426228,-10.295704422380393,-45.98246827967962,-42.75785674878868,68.08793287229555,85.07566450606907,90.05267709536872,0.0,0.016666666666666666,0.05,0.0,1.0
bbox_expand_2x__bbox_midpoint__object_depth_percentile_5_95,leave_one_out,weather__distance_range,clear_sky,,mid,80,85.0,11.180339887498949,72.74546535793696,17.582064783159108,17.517225680741397,0.20376079320974272,0.20411002798811873,20.054144596637567,-2.2173497240227817,-12.254534642063053,-14.734471003316358,29.795051695476722,37.50559141287991,39.83798926212539,0.0875,0.2875,0.7,0.2,0.8
bbox_expand_2x__bbox_midpoint__object_depth_percentile_5_95,leave_one_out,weather__distance_range,clear_sky,,near,100,40.0,14.142135623730951,73.39749381875535,33.39749381875536,32.790422502543024,1.1073115309612747,0.9467094362172603,39.05468849163676,-6.6263434658939255,33.39749381875536,32.790422502543024,59.27070786886769,66.27816635352988,93.12438327031026,0.1,0.11,0.27,1.0,0.0
bbox_expand_2x__bbox_midpoint__object_depth_percentile_5_95,leave_one_out,weather__distance_range,light_rain,,far,60,130.0,14.719601443879744,94.78600455576435,35.213995444235664,35.790133324465316,0.2626197936330877,0.2554660754144384,40.5989658260654,-6.60742781298166,-35.213995444235664,-35.790133324465316,62.55615509452478,70.05644894206033,82.08627493176672,0.08333333333333333,0.15,0.26666666666666666,0.0,1.0
bbox_expand_2x__bbox_midpoint__object_depth_percentile_5_95,leave_one_out,weather__distance_range,light_rain,,mid,80,85.0,11.180339887498949,79.25870145271047,15.800152604527264,12.235586604171147,0.18423144824626184,0.1506976595142863,18.842405399561525,-1.8402899299314028,-5.741298547289525,-9.029600687933872,29.795051695476737,33.55294302164716,39.83798926212537,0.1125,0.425,0.75,0.3875,0.6125
bbox_expand_2x__bbox_midpoint__object_depth_percentile_5_95,leave_one_out,weather__distance_range,light_rain,,near,100,40.0,14.142135623730951,69.72233097961269,29.722330979612693,30.462573704415284,1.0012946802509763,0.7863810431561515,34.44246452735317,-4.931416813589905,29.722330979612693,30.462573704415284,46.29828808253115,57.159536608179835,83.50686112031212,0.09,0.1,0.27,1.0,0.0
bbox_expand_2x__bbox_midpoint__object_depth_percentile_5_95,leave_one_out,time_of_day__distance_range,,10AM,far,60,130.0,14.719601443879744,81.80354095695144,48.19645904304855,49.14122509922248,0.3648825143893456,0.3638503940258506,52.02419142244359,-11.491614583811016,-48.19645904304855,-49.14122509922248,74.28711869997758,82.2265287909401,90.05267709536872,0.016666666666666666,0.016666666666666666,0.08333333333333333,0.0,1.0
bbox_expand_2x__bbox_midpoint__object_depth_percentile_5_95,leave_one_out,time_of_day__distance_range,,10AM,mid,80,85.0,11.180339887498949,71.2445491672469,18.212603530029167,19.101161221313717,0.20976930819864412,0.21391363051995185,21.113109846099576,-2.5661072589877354,-13.755450832753098,-14.780485779614438,30.643173176863215,39.83798926212537,39.83798926212537,0.075,0.3625,0.675,0.175,0.825
bbox_expand_2x__bbox_midpoint__object_depth_percentile_5_95,leave_one_out,time_of_day__distance_range,,10AM,near,100,40.0,14.142135623730951,68.73839128237336,28.73839128237335,30.462573704415277,0.9719146755894603,0.7681205476357481,33.987009355707706,-4.7755840247248145,28.73839128237335,30.462573704415277,52.732721353584395,59.453602953211565,83.01328368704282,0.11,0.13,0.31,1.0,0.0
bbox_expand_2x__bbox_midpoint__object_depth_percentile_5_95,leave_one_out,time_of_day__distance_range,,8PM,far,60,130.0,14.719601443879744,96.99999531913328,33.00000468086672,36.6244255664349,0.24665572970737135,0.25760404479902355,37.27146573232743,-5.411517651551035,-33.00000468086672,-36.6244255664349,50.91662524280852,55.48150634513515,90.05267709536872,0.06666666666666667,0.15,0.23333333333333334,0.0,1.0
bbox_expand_2x__bbox_midpoint__object_depth_percentile_5_95,leave_one_out,time_of_day__distance_range,,8PM,mid,80,85.0,11.180339887498949,80.75961764340052,15.169613857657207,13.97327644657895,0.17822293325736047,0.15564632501976,17.647706632047296,-1.4915323949664487,-4.240382356599481,-8.852737199781146,28.944666574450352,29.928188399238188,39.83798926212539,0.125,0.35,0.775,0.4125,0.5875
bbox_expand_2x__bbox_midpoint__object_depth_percentile_5_95,leave_one_out,time_of_day__distance_range,,8PM,near,100,40.0,14.142135623730951,74.3814335159947,34.38143351599471,34.299968441403,1.1366915356227907,0.9523042349443818,39.45168248569132,-6.782176254759017,34.38143351599471,34.299968441403,58.58418959225014,70.1983683939296,93.12438327031026,0.08,0.08,0.23,1.0,0.0
bbox_expand_2x__bbox_midpoint__object_minus_ring,leave_one_out,weather,clear_sky,,,240,77.5,38.37859646556485,74.08989340115154,29.070621217480426,25.41363911480739,0.5319835472322578,0.3146362478156466,35.056498991458675,0.16562956387792271,-3.410106598848457,-6.528381982535766,59.09550320139739,66.42121107556869,83.35534930902378,0.09166666666666666,0.1875,0.37083333333333335,0.44166666666666665,0.5583333333333333
bbox_expand_2x__bbox_midpoint__object_minus_ring,leave_one_out,weather,light_rain,,,240,77.5,38.37859646556485,80.8849876329593,26.76091087077877,24.62672461314793,0.5456650159913473,0.2859550148342447,32.265098386293246,0.2932142072686733,3.3849876329592994,5.267627659674908,55.19443572267495,58.481381538742774,72.67162381962186,0.10416666666666667,0.21666666666666667,0.4083333333333333,0.5666666666666667,0.43333333333333335
bbox_expand_2x__bbox_midpoint__object_minus_ring,leave_one_out,time_of_day,,10AM,,240,77.5,38.37859646556485,73.33805825335416,28.28915170292432,25.20677905522519,0.508599351259824,0.3215283393782476,34.441675644332115,0.19463941984313682,-4.161941746645838,-4.741418925027105,57.980890309009595,64.22171315210511,83.35534930902378,0.13333333333333333,0.20416666666666666,0.38333333333333336,0.45,0.55
bbox_expand_2x__bbox_midpoint__object_minus_ring,leave_one_out,time_of_day,,8PM,,240,77.5,38.37859646556485,81.63682278075667,27.54238038533487,24.45980882938304,0.5690492119637811,0.28401895059811066,32.92059650471034,0.2642043513034593,4.13682278075668,6.7541322291223835,55.55343997650974,59.780182503660136,74.50899276702599,0.0625,0.2,0.3958333333333333,0.5583333333333333,0.44166666666666665
bbox_expand_2x__bbox_midpoint__object_minus_ring,leave_one_out,distance_range,,,far,120,130.0,14.719601443879744,89.0504337966649,40.94956620333508,37.096841263361256,0.30779756117268564,0.3038258089391489,44.10185473883915,-7.976801191103089,-40.94956620333508,-37.096841263361256,62.07953359909642,66.42121107556869,83.35534930902378,0.0,0.016666666666666666,0.075,0.0,1.0
bbox_expand_2x__bbox_midpoint__object_minus_ring,leave_one_out,distance_range,,,mid,160,85.0,11.180339887498949,78.93944423968193,13.859001091617174,11.197741950814759,0.16645775040965674,0.13871889517729646,17.556659776490754,-1.4658904200595866,-6.060555760318057,-6.830600047941282,25.929267065875035,29.09324081962411,71.93960899235094,0.2,0.44375,0.73125,0.3625,0.6375
bbox_expand_2x__bbox_midpoint__object_minus_ring,leave_one_out,distance_range,,,near,200,40.0,14.142135623730951,69.38804157118851,31.340897910616242,30.210498033331497,0.9753335388369894,0.7500633055638997,36.1997298007738,-5.552102188245155,29.38804157118851,30.02803468269863,56.245273305516434,64.54891022887654,74.50899276702599,0.075,0.12,0.305,0.92,0.08
bbox_expand_2x__bbox_midpoint__object_minus_ring,leave_one_out,weather__distance_range,clear_sky,,far,60,130.0,14.719601443879744,86.007476088121,43.99252391187901,40.207810534805645,0.3323299461831042,0.3243812533832885,46.86605806273952,-9.137357223108026,-43.99252391187901,-40.207810534805645,66.42656307664478,72.7187820555048,83.35534930902378,0.0,0.0,0.016666666666666666,0.0,1.0
bbox_expand_2x__bbox_midpoint__object_minus_ring,leave_one_out,weather__distance_range,clear_sky,,mid,80,85.0,11.180339887498949,74.62455931525703,17.080218318433815,14.214949984364296,0.2062859755317235,0.16539558212392802,21.238715614992433,-2.6086643277961876,-10.375440684742966,-9.89806814763353,28.32958464353283,41.91112643713964,71.93960899235094,0.1375,0.35,0.6125,0.2375,0.7625
bbox_expand_2x__bbox_midpoint__object_minus_ring,leave_one_out,weather__distance_range,clear_sky,,near,100,40.0,14.142135623730951,66.51161105768549,29.709801920078572,28.02941409445328,0.9123337652221774,0.6547015947619672,35.64795393718804,-5.353883099539403,26.51161105768548,27.27799342556174,56.988948760950194,64.65121759492882,74.50899276702599,0.11,0.17,0.39,0.87,0.13
bbox_expand_2x__bbox_midpoint__object_minus_ring,leave_one_out,weather__distance_range,light_rain,,far,60,130.0,14.719601443879744,92.09339150520883,37.90660849479118,33.76954762246301,0.28326517616226715,0.27015638097970407,41.15239706835151,-6.816245159098151,-37.90660849479118,-33.76954762246301,58.46507286595767,61.85774312867777,64.38102680900548,0.0,0.03333333333333333,0.13333333333333333,0.0,1.0
bbox_expand_2x__bbox_midpoint__object_minus_ring,leave_one_out,weather__distance_range,light_rain,,mid,80,85.0,11.180339887498949,83.25432916410685,10.63778386480053,9.336696592591082,0.12662952528758997,0.10674695377627266,12.860387398534042,-0.32311651232298577,-1.7456708358931476,-0.7599867016468735,21.964016345207625,24.842241679418983,29.484447815495457,0.2625,0.5375,0.85,0.4875,0.5125
bbox_expand_2x__bbox_midpoint__object_minus_ring,leave_one_out,weather__distance_range,light_rain,,near,100,40.0,14.142135623730951,72.26447208469155,32.9719939011539,31.617441368829148,1.0383333124518017,0.7736030745206521,36.74322053644974,-5.750321276950909,32.26447208469154,31.617441368829148,51.20132742264666,62.69503016601166,72.67162381962186,0.04,0.07,0.22,0.97,0.03
bbox_expand_2x__bbox_midpoint__object_minus_ring,leave_one_out,time_of_day__distance_range,,10AM,far,60,130.0,14.719601443879744,85.33731293729144,44.66268706270855,42.42509508453263,0.3370906990674456,0.3388503707387114,47.73271053090959,-9.515746098281268,-44.66268706270855,-42.42509508453263,64.98353676362905,69.9584296210375,83.35534930902378,0.0,0.016666666666666666,0.05,0.0,1.0
bbox_expand_2x__bbox_midpoint__object_minus_ring,leave_one_out,time_of_day__distance_range,,10AM,mid,80,85.0,11.180339887498949,73.68182624483767,15.996108224850904,13.28191036026125,0.19125336072697458,0.158960196134653,20.65853725020277,-2.414201290544124,-11.318173755162325,-10.050872999088938,28.32958464353283,40.46863281311954,71.93960899235094,0.2375,0.375,0.625,0.225,0.775
bbox_expand_2x__bbox_midpoint__object_minus_ring,leave_one_out,time_of_day__distance_range,,10AM,near,100,40.0,14.142135623730951,65.86349104980496,28.29946526951253,26.040950176865035,0.8653813350015308,0.6547015947619672,33.74140674339964,-4.692412645117672,25.86349104980497,25.68752967489148,55.89016120350353,60.89107215644287,71.9607015562098,0.13,0.18,0.39,0.9,0.1
bbox_expand_2x__bbox_midpoint__object_minus_ring,leave_one_out,time_of_day__distance_range,,8PM,far,60,130.0,14.719601443879744,92.76355465603837,37.23644534396165,33.78830458735003,0.2785044232779258,0.26976612647024867,40.14393513575533,-6.437856283924913,-37.23644534396165,-33.78830458735003,57.99869745013795,59.289508899728816,72.65551902531898,0.0,0.016666666666666666,0.1,0.0,1.0
bbox_expand_2x__bbox_midpoint__object_minus_ring,leave_one_out,time_of_day__distance_range,,8PM,mid,80,85.0,11.180339887498949,84.19706223452621,11.721893958383443,9.842410811149854,0.14166214009233885,0.11770722466909316,13.773069508896016,-0.5175795495750493,-0.8029377654737877,0.4505390675087,21.063413278771872,24.39111433466815,42.75337820093296,0.1625,0.5125,0.8375,0.5,0.5
bbox_expand_2x__bbox_midpoint__object_minus_ring,leave_one_out,time_of_day__distance_range,,8PM,near,100,40.0,14.142135623730951,72.91259209257205,34.382330551719946,33.065542049870174,1.0852857426724483,0.810732630486926,38.50140706876215,-6.41179173137264,32.91259209257205,33.065542049870174,56.650579651184515,70.75193599897501,74.50899276702599,0.02,0.06,0.22,0.94,0.06
bbox_expand_2x__bbox_midpoint__object_minus_ring_normalized,leave_one_out,weather,clear_sky,,,240,77.5,38.37859646556485,76.17374217866443,31.735705719891257,31.282978349411717,0.6302620985233981,0.35815979831195155,36.92373866668078,0.07437908200825771,-1.3262578213355785,-5.770267734892599,58.27648203866555,66.42192459066176,87.02867646203023,0.04583333333333333,0.14166666666666666,0.3375,0.475,0.525
bbox_expand_2x__bbox_midpoint__object_minus_ring_normalized,leave_one_out,weather,light_rain,,,240,77.5,38.37859646556485,78.77228932470638,28.083790204934377,26.036051412337365,0.578263288299501,0.3128219652012728,33.694124458659985,0.22922046526574102,1.2722893247063667,2.610997050002453,57.24094632910843,60.35829834497564,76.38116665003876,0.1125,0.2,0.3958333333333333,0.525,0.475
bbox_expand_2x__bbox_midpoint__object_minus_ring_normalized,leave_one_out,time_of_day,,10AM,,240,77.5,38.37859646556485,74.51646567386928,30.595421805407696,28.65253307657163,0.5896310154862217,0.34582372940761297,35.89500216065481,0.12523823698099223,-2.9835343261307212,-5.545435176223805,57.69173569500387,63.957806797866624,87.02867646203023,0.06666666666666667,0.15833333333333333,0.3541666666666667,0.4625,0.5375
bbox_expand_2x__bbox_midpoint__object_minus_ring_normalized,leave_one_out,time_of_day,,8PM,,240,77.5,38.37859646556485,80.42956582950151,29.224074119417935,28.59845825724114,0.6188943713366776,0.3043670162875089,34.788005404845975,0.17836131029300617,2.929565829501509,3.6578071833462786,56.46295646298626,62.504619609917164,77.57891365303648,0.09166666666666666,0.18333333333333332,0.37916666666666665,0.5375,0.4625
bbox_expand_2x__bbox_midpoint__object_minus_ring_normalized,leave_one_out,distance_range,,,far,120,130.0,14.719601443879744,86.7261325705151,43.273867429484895,40.07697944709474,0.32554862387866507,0.32266247028606015,46.13089175217455,-8.821811571619289,-43.273867429484895,-40.07697944709474,64.06346828977571,68.85120812263762,87.02867646203023,0.0,0.0,0.06666666666666667,0.0,1.0
bbox_expand_2x__bbox_midpoint__object_minus_ring_normalized,leave_one_out,distance_range,,,mid,160,85.0,11.180339887498949,76.7077926626126,14.332281070771591,12.043301577564748,0.16964431798144988,0.14192951424860917,18.232697443418083,-1.6594500485057941,-8.292207337387385,-7.752411026449856,28.578627583050153,33.89405472399166,65.58913225363654,0.2,0.41875,0.78125,0.31875,0.68125
bbox_expand_2x__bbox_midpoint__object_minus_ring_normalized,leave_one_out,distance_range,,,near,200,40.0,14.142135623730951,72.5333241316458,34.353249795482554,35.20615151073977,1.1191858354751205,0.8779921381780258,38.152421823943506,-6.278036455160604,32.5333241316458,35.03801176536549,55.82515903566348,62.80738173458425,76.41076117463368,0.03,0.075,0.215,0.945,0.055
bbox_expand_2x__bbox_midpoint__object_minus_ring_normalized,leave_one_out,weather__distance_range,clear_sky,,far,60,130.0,14.719601443879744,83.95968395671945,46.04031604328057,41.13567798322257,0.34748450158958083,0.3294406624175192,48.53495938017321,-9.87219514785414,-46.04031604328057,-41.13567798322257,66.76276095176233,71.21386261875509,87.02867646203023,0.0,0.0,0.0,0.0,1.0
bbox_expand_2x__bbox_midpoint__object_minus_ring_normalized,leave_one_out,weather__distance_range,clear_sky,,mid,80,85.0,11.180339887498949,73.7812550183564,16.52668615828565,13.619472556725796,0.19690677859304898,0.16600221778751728,20.239916621700207,-2.277233798827011,-11.218744981643598,-11.182383430898028,33.65061041569356,34.5480501264585,58.78764568699829,0.1,0.325,0.75,0.2375,0.7625
bbox_expand_2x__bbox_midpoint__object_minus_ring_normalized,leave_one_out,weather__distance_range,clear_sky,,near,100,40.0,14.142135623730951,73.41616684007784,35.320155175142155,37.153926331836956,1.146612912627968,0.9370123491511664,39.12749923004369,-6.654805979985348,33.416166840077835,37.14052000063844,55.25920735155004,66.46536225472818,76.41076117463368,0.03,0.08,0.21,0.95,0.05
bbox_expand_2x__bbox_midpoint__object_minus_ring_normalized,leave_one_out,weather__distance_range,light_rain,,far,60,130.0,14.719601443879744,89.49258118431081,40.50741881568922,37.37774848339181,0.30361274616774936,0.3128219652012728,43.59444994109489,-7.771427995384435,-40.50741881568922,-37.37774848339181,60.816610733304756,68.69700207046466,71.98407678094517,0.0,0.0,0.13333333333333333,0.0,1.0
bbox_expand_2x__bbox_midpoint__object_minus_ring_normalized,leave_one_out,weather__distance_range,light_rain,,mid,80,85.0,11.180339887498949,79.63433030686883,12.137875983257528,9.536919729711855,0.1423818573698508,0.11510372365458263,15.975239818953332,-1.0416662981845768,-5.3656696931311725,-3.2157933236437373,24.962925297391525,28.72541167118613,65.58913225363654,0.3,0.5125,0.8125,0.4,0.6
bbox_expand_2x__bbox_midpoint__object_minus_ring_normalized,leave_one_out,weather__distance_range,light_rain,,near,100,40.0,14.142135623730951,71.65048142321375,33.38634441582296,31.909629498606883,1.091758758322272,0.8212539830503416,37.1517615472964,-5.901266930335859,31.65048142321376,31.909629498606883,55.91590152624252,60.31605668512903,76.38116665003876,0.03,0.07,0.22,0.94,0.06
bbox_expand_2x__bbox_midpoint__object_minus_ring_normalized,leave_one_out,time_of_day__distance_range,,10AM,far,60,130.0,14.719601443879744,82.99392778773974,47.006072212260264,45.48207805435386,0.3549102614232576,0.36243496658125707,49.57292530323529,-10.34219195286221,-47.006072212260264,-45.48207805435386,68.22600382573684,71.43864917317957,87.02867646203023,0.0,0.0,0.016666666666666666,0.0,1.0
bbox_expand_2x__bbox_midpoint__object_minus_ring_normalized,leave_one_out,time_of_day__distance_range,,10AM,mid,80,85.0,11.180339887498949,73.09052875805153,16.273839728665052,13.976861805883203,0.19330018890635178,0.1800457744836111,19.54107387774262,-2.054828546363159,-11.909471241948472,-11.721647401985948,31.995780611187023,34.007268634409805,58.78764568699829,0.1375,0.3625,0.7,0.2125,0.7875
bbox_expand_2x__bbox_midpoint__object_minus_ring_normalized,leave_one_out,time_of_day__distance_range,,10AM,near,100,40.0,14.142135623730951,70.57073793820122,32.206297222690274,31.815176661808206,1.0475281291878962,0.7969031708748535,36.22588886092085,-5.561575118818944,30.570737938201216,31.661488413178596,53.48949584690996,57.67410810303318,76.38116665003876,0.05,0.09,0.28,0.94,0.06
bbox_expand_2x__bbox_midpoint__object_minus_ring_normalized,leave_one_out,time_of_day__distance_range,,8PM,far,60,130.0,14.719601443879744,90.45833735329049,39.54166264670952,36.02712271819076,0.29618698633407264,0.29723805544082404,42.410416463193876,-7.301431190376366,-39.54166264670952,-36.02712271819076,61.62074364870922,62.50461960991718,77.57891365303648,0.0,0.0,0.11666666666666667,0.0,1.0
bbox_expand_2x__bbox_midpoint__object_minus_ring_normalized,leave_one_out,time_of_day__distance_range,,8PM,mid,80,85.0,11.180339887498949,80.3250565671737,12.39072241287813,10.545063202543645,0.14598844705654795,0.12629462951950202,16.822869666946055,-1.264071550648429,-4.674943432826294,-2.4632629194171614,22.04776049614487,29.09257210490454,65.58913225363654,0.2625,0.475,0.8625,0.425,0.575
bbox_expand_2x__bbox_midpoint__object_minus_ring_normalized,leave_one_out,time_of_day__distance_range,,8PM,near,100,40.0,14.142135623730951,74.49591032509036,36.50020236827484,37.28742778771602,1.190843541762344,0.9261630970847079,39.9862421127624,-6.994497791502264,34.49591032509037,37.28742778771602,58.25641905247873,67.48444079905579,76.41076117463368,0.01,0.06,0.15,0.95,0.05
bbox_expand_2x__inner50_median__object_depth,leave_one_out,weather,clear_sky,,,240,77.5,38.37859646556485,75.32637636952047,30.9324309536869,26.919053619966718,0.5959720079666233,0.34668428031360277,37.19877087151977,0.060538463806396936,-2.173623630479519,-3.7002063604179085,64.9173249327605,69.02537747764691,80.42845127188367,0.075,0.19583333333333333,0.37083333333333335,0.4666666666666667,0.5333333333333333
bbox_expand_2x__inner50_median__object_depth,leave_one_out,weather,light_rain,,,240,77.5,38.37859646556485,79.69345603296735,30.79175685803769,29.736910539841723,0.6364457312722696,0.32818887806511343,36.60364403150227,0.09035807204417667,2.193456032967356,4.365821126313634,60.70113680225826,67.46999844245592,74.9380716514409,0.09583333333333334,0.18333333333333332,0.36666666666666664,0.5333333333333333,0.4666666666666667
bbox_expand_2x__inner50_median__object_depth,leave_one_out,time_of_day,,10AM,,240,77.5,38.37859646556485,76.72442303040302,30.531802852185372,27.930371105420306,0.6030751166508045,0.3347024195964993,36.82247765866296,0.07944903360267075,-0.7755769695969738,-1.3901106299050525,64.9173249327605,68.30661601627439,80.42845127188367,0.09583333333333334,0.20416666666666666,0.37916666666666665,0.49166666666666664,0.5083333333333333
bbox_expand_2x__inner50_median__object_depth,leave_one_out,time_of_day,,8PM,,240,77.5,38.37859646556485,78.29540937208482,31.19238495953923,29.736910539841723,0.6293426225880886,0.3467618527556187,36.98216394174395,0.07144750224790286,0.7954093720848125,0.6196807804915636,59.94078383936561,67.77652999982786,75.78947561654388,0.075,0.175,0.35833333333333334,0.5083333333333333,0.49166666666666664
bbox_expand_2x__inner50_median__object_depth,leave_one_out,distance_range,,,far,120,130.0,14.719601443879744,81.50950643415875,48.49049356584126,45.856298146976506,0.365355577884856,0.3707974200077431,51.15341080977494,-11.076945096032,-48.49049356584126,-45.856298146976506,70.92108971342309,73.07459231375984,80.42845127188367,0.0,0.0,0.016666666666666666,0.0,1.0
bbox_expand_2x__inner50_median__object_depth,leave_one_out,distance_range,,,mid,160,85.0,11.180339887498949,77.5267836734834,11.94964597799876,10.371469824087363,0.13716928340530982,0.12707548290453152,14.524198057813111,-0.6876186337806571,-7.473216326516598,-8.002034873375663,24.657710756611735,26.44240022195689,45.68520046358742,0.225,0.48125,0.83125,0.28125,0.71875
bbox_expand_2x__inner50_median__object_depth,leave_one_out,distance_range,,,near,200,40.0,14.142135623730951,75.09666808370345,35.415012452165755,34.81900185426257,1.14995251363151,0.861269810499623,39.10915042572372,-6.647628235109428,35.09666808370344,34.81900185426257,57.75843446365493,66.77915049879148,74.9380716514409,0.025,0.07,0.21,0.975,0.025
bbox_expand_2x__inner50_median__object_depth,leave_one_out,weather__distance_range,clear_sky,,far,60,130.0,14.719601443879744,79.37638788080959,50.62361211919041,46.69780751801137,0.3822170355609435,0.38702481940334665,53.077793784120196,-12.002702429182717,-50.62361211919041,-46.69780751801137,71.8791297211885,75.07528381151151,80.42845127188367,0.0,0.0,0.0,0.0,1.0
bbox_expand_2x__inner50_median__object_depth,leave_one_out,weather__distance_range,clear_sky,,mid,80,85.0,11.180339887498949,75.3484643329113,13.05169992629418,11.423322218274414,0.14850240041697002,0.14143058340533496,15.749025764223523,-0.9842545001774106,-9.651535667088698,-8.870824139017408,24.686236470518402,28.37150343924646,45.68520046358742,0.175,0.4625,0.8,0.2,0.8
bbox_expand_2x__inner50_median__object_depth,leave_one_out,weather__distance_range,clear_sky,,near,100,40.0,14.142135623730951,72.87869909203435,33.42230707629898,31.969985481742743,1.082200677449754,0.8548846887577835,37.844679475890565,-6.161098823164463,32.878699092034374,31.969985481742743,57.8912338523069,66.45563940038143,72.38808174006824,0.04,0.1,0.25,0.96,0.04
bbox_expand_2x__inner50_median__object_depth,leave_one_out,weather__distance_range,light_rain,,far,60,130.0,14.719601443879744,83.64262498750792,46.3573750124921,44.85246118133955,0.34849412020876863,0.353706859786006,49.15374535025394,-10.151187762881282,-46.3573750124921,-44.85246118133955,70.06179751777863,71.38140640976533,74.05612871022826,0.0,0.0,0.03333333333333333,0.0,1.0
bbox_expand_2x__inner50_median__object_depth,leave_one_out,weather__distance_range,light_rain,,mid,80,85.0,11.180339887498949,79.7051030140555,10.847592029703343,9.97070777389942,0.12583616639364956,0.1177253858717826,13.186085314565045,-0.3909827673839037,-5.2948969859445025,-4.555775642369788,24.30350580515651,25.47171644014579,29.605380965391035,0.275,0.5,0.8625,0.3625,0.6375
bbox_expand_2x__inner50_median__object_depth,leave_one_out,weather__distance_range,light_rain,,near,100,40.0,14.142135623730951,77.31463707537252,37.40771782803253,36.413416374918654,1.2177043498132663,0.9591094487107514,40.33399967038823,-7.134157647054391,37.314637075372524,36.413416374918654,57.669495044113816,66.77915049879148,74.9380716514409,0.01,0.04,0.17,0.99,0.01
bbox_expand_2x__inner50_median__object_depth,leave_one_out,time_of_day__distance_range,,10AM,far,60,130.0,14.719601443879744,81.53779250576865,48.46220749423135,45.923924831667776,0.36495426683021753,0.3699343678068105,51.2017580442241,-11.099784739165848,-48.46220749423135,-45.923924831667776,70.92108971342309,72.27853918348119,80.42845127188367,0.0,0.0,0.016666666666666666,0.0,1.0
bbox_expand_2x__inner50_median__object_depth,leave_one_out,time_of_day__distance_range,,10AM,mid,80,85.0,11.180339887498949,76.42461253720538,12.368095314969944,10.35713805755401,0.14094084759790673,0.12707548290453152,15.274463725994677,-0.8664739369338175,-8.575387462794613,-8.569244458075872,25.45243754315963,27.11456697115644,45.68520046358742,0.2375,0.475,0.8125,0.2625,0.7375
bbox_expand_2x__inner50_median__object_depth,leave_one_out,time_of_day__distance_range,,10AM,near,100,40.0,14.142135623730951,74.07624973974177,34.30452609673012,33.92271240353651,1.1156550417854745,0.8501223453622084,38.65912901799026,-6.472641282148083,34.076249739741755,33.92271240353651,59.608755714334656,67.30360068121801,74.9380716514409,0.04,0.11,0.25,0.97,0.03
bbox_expand_2x__inner50_median__object_depth,leave_one_out,time_of_day__distance_range,,8PM,far,60,130.0,14.719601443879744,81.48122036254884,48.518779637451175,45.856298146976506,0.3657568889394946,0.3735291456856864,51.10501783707674,-11.054105452898147,-48.518779637451175,-45.856298146976506,70.9288110739266,73.07459231375984,75.78947561654388,0.0,0.0,0.016666666666666666,0.0,1.0
bbox_expand_2x__inner50_median__object_depth,leave_one_out,time_of_day__distance_range,,8PM,mid,80,85.0,11.180339887498949,78.62895480976141,11.531196641027577,10.414308152284782,0.13339771921271287,0.1249322263853247,13.733004635855808,-0.5087633306274968,-6.371045190238587,-7.560860655750147,22.032902431224656,25.21581420438028,30.04612580430063,0.2125,0.4875,0.85,0.3,0.7
bbox_expand_2x__inner50_median__object_depth,leave_one_out,time_of_day__distance_range,,8PM,near,100,40.0,14.142135623730951,76.11708642766513,36.52549880760138,36.27783186957653,1.1842499854775455,0.97977671413915,39.55405210106993,-6.82261518807077,36.11708642766513,36.27783186957653,55.35228384955876,60.79189061699964,72.38808174006824,0.01,0.03,0.17,0.98,0.02
bbox_expand_2x__inner50_median__object_depth_percentile_5_95,leave_one_out,weather,clear_sky,,,240,77.5,38.37859646556485,75.36615267584772,31.05252454950895,27.754371482382865,0.6101445278776673,0.3273582787210167,36.901644476715454,0.07548648480730702,-2.133847324152282,-4.931165959057534,59.24409649539527,66.84369685449327,89.03128401932887,0.0875,0.15833333333333333,0.3333333333333333,0.4666666666666667,0.5333333333333333
bbox_expand_2x__inner50_median__object_depth_percentile_5_95,leave_one_out,weather,light_rain,,,240,77.5,38.37859646556485,79.63197115958556,27.26856740428527,26.047110638189416,0.5645098273796016,0.31682736911859233,32.882758906718315,0.2658947666303618,2.131971159585555,3.30540708011484,49.86235405290713,57.172075806367495,79.14370770611184,0.10833333333333334,0.22083333333333333,0.39166666666666666,0.55,0.45
bbox_expand_2x__inner50_median__object_depth_percentile_5_95,leave_one_out,time_of_day,,10AM,,240,77.5,38.37859646556485,72.5861882989286,30.411269887635573,27.467408741091575,0.5797966912212248,0.3318825596581448,36.40339548236452,0.10028365308371989,-4.913811701071408,-6.8145693156341665,59.7420137661936,71.75925117107606,84.37840935964206,0.09583333333333334,0.17916666666666667,0.3375,0.4583333333333333,0.5416666666666666
bbox_expand_2x__inner50_median__object_depth_percentile_5_95,leave_one_out,time_of_day,,8PM,,240,77.5,38.37859646556485,82.41193553650467,27.909822066158654,25.588219725999245,0.594857664036044,0.304256667879319,33.43351605437019,0.24109759835394917,4.911935536504681,6.160452645705668,51.12196670701491,58.11430054083714,89.03128401932887,0.1,0.2,0.3875,0.5583333333333333,0.44166666666666665
bbox_expand_2x__inner50_median__object_depth_percentile_5_95,leave_one_out,distance_range,,,far,120,130.0,14.719601443879744,88.20864043314572,41.7913595668543,41.85784659932706,0.3151137781012452,0.3214950271633179,45.54439020674103,-8.57365298140256,-41.7913595668543,-41.85784659932706,64.56147571686893,74.38377830817868,86.3866646702718,0.0,0.058333333333333334,0.11666666666666667,0.0,1.0
bbox_expand_2x__inner50_median__object_depth_percentile_5_95,leave_one_out,distance_range,,,mid,160,85.0,11.180339887498949,76.47123557902646,15.58538699099675,15.444710356075063,0.18163893143380777,0.178530362066477,18.68576315823263,-1.793261958444511,-8.528764420973554,-10.377567099802803,27.926362938052677,33.18311569263328,47.607939255876325,0.19375,0.35,0.6875,0.33125,0.66875
bbox_expand_2x__inner50_median__object_depth_percentile_5_95,leave_one_out,distance_range,,,near,200,40.0,14.142135623730951,71.89557587941134,32.44218501164309,32.95418280326263,1.0752058143009295,0.7627972515290093,37.51942902893295,-6.038537773285681,31.895575879411336,32.95418280326263,56.40560373047699,66.72088730335892,89.03128401932887,0.08,0.14,0.25,0.955,0.045
bbox_expand_2x__inner50_median__object_depth_percentile_5_95,leave_one_out,weather__distance_range,clear_sky,,far,60,130.0,14.719601443879744,83.30508272119172,46.69491727880827,44.685512158499186,0.35443000823006215,0.35086847347596734,49.50065775987504,-10.30914670150897,-46.69491727880827,-44.685512158499186,66.7779441448658,77.89936149963336,86.3866646702718,0.0,0.0,0.05,0.0,1.0
bbox_expand_2x__inner50_median__object_depth_percentile_5_95,leave_one_out,weather__distance_range,clear_sky,,mid,80,85.0,11.180339887498949,72.94380389499271,16.460364678499957,17.397143483699224,0.19134146929297383,0.20207486425903426,18.94297246018286,-1.8706896450179706,-12.056196105007288,-17.397143483699224,27.467408741091575,28.064453483900895,47.607939255876325,0.15,0.2875,0.65,0.2375,0.7625
bbox_expand_2x__inner50_median__object_depth_percentile_5_95,leave_one_out,weather__distance_range,clear_sky,,near,100,40.0,14.142135623730951,72.54067367332532,33.34081680873655,32.954182803262654,1.0986156865339851,0.8157104436357594,38.87026164702531,-6.554486202541033,32.540673673325315,32.954182803262654,61.56467611614529,71.78997791083918,89.03128401932887,0.09,0.15,0.25,0.93,0.07
bbox_expand_2x__inner50_median__object_depth_percentile_5_95,leave_one_out,weather__distance_range,light_rain,,far,60,130.0,14.719601443879744,93.1121981450997,36.887801854900296,39.60342113982404,0.27579754797242834,0.27980749662174065,41.21004537667363,-6.838159261296152,-36.887801854900296,-39.60342113982404,59.84742394299144,72.65513789702442,76.04679650134838,0.0,0.11666666666666667,0.18333333333333332,0.0,1.0
bbox_expand_2x__inner50_median__object_depth_percentile_5_95,leave_one_out,weather__distance_range,light_rain,,mid,80,85.0,11.180339887498949,79.99866726306018,14.710409303493549,13.187461406442445,0.17193639357464174,0.1443106400285208,18.424963608753245,-1.715834271871051,-5.001332736939818,-2.452996170379379,28.393733302931146,37.16685116182457,47.607939255876325,0.2375,0.4125,0.725,0.425,0.575
bbox_expand_2x__inner50_median__object_depth_percentile_5_95,leave_one_out,weather__distance_range,light_rain,,near,100,40.0,14.142135623730951,71.25047808549738,31.543553214549632,32.178594902797656,1.0517959420678735,0.7627972515290088,36.11810998385804,-5.522589344030329,31.250478085497363,32.178594902797656,51.94578019716756,57.012716262596165,79.14370770611184,0.07,0.13,0.25,0.98,0.02
bbox_expand_2x__inner50_median__object_depth_percentile_5_95,leave_one_out,time_of_day__distance_range,,10AM,far,60,130.0,14.719601443879744,82.0779818322215,47.922018167778525,46.64350428872458,0.363265817855205,0.373009921271435,50.99389898678234,-11.001743387111512,-47.922018167778525,-46.64350428872458,73.28450977565564,76.13367089484463,84.37840935964206,0.0,0.016666666666666666,0.03333333333333333,0.0,1.0
bbox_expand_2x__inner50_median__object_depth_percentile_5_95,leave_one_out,time_of_day__distance_range,,10AM,mid,80,85.0,11.180339887498949,70.46114319939474,18.54483867785185,17.593371114815362,0.21520650279555817,0.2269129749197427,21.47417729300651,-2.6891223232918113,-14.538856800605249,-17.397143483699224,29.04188265843002,37.537673998483974,47.607939255876325,0.125,0.25,0.5875,0.2,0.8
bbox_expand_2x__inner50_median__object_depth_percentile_5_95,leave_one_out,time_of_day__distance_range,,10AM,near,100,40.0,14.142135623730951,68.59114825857993,29.397965887376778,27.53568392078354,1.0013873659813701,0.7627972515290087,35.37454471361253,-5.256792068476861,28.591148258579935,27.53568392078354,56.27855305906153,66.6695072720318,77.54374909237967,0.13,0.22,0.32,0.94,0.06
bbox_expand_2x__inner50_median__object_depth_percentile_5_95,leave_one_out,time_of_day__distance_range,,8PM,far,60,130.0,14.719601443879744,94.33929903406995,35.66070096593005,37.755373703962015,0.26696173834728554,0.2836277163967009,39.34723909925085,-6.145562575693607,-35.66070096593005,-37.755373703962015,54.83708455150175,59.46438208354218,86.3866646702718,0.0,0.1,0.2,0.0,1.0
bbox_expand_2x__inner50_median__object_depth_percentile_5_95,leave_one_out,time_of_day__distance_range,,8PM,mid,80,85.0,11.180339887498949,82.48132795865816,12.625935304141652,11.916235632169922,0.1480713600720574,0.13310654565604715,15.400493472601818,-0.8974015935972097,-2.5186720413418566,-1.1537351017673316,24.02203910642472,27.179564925881564,37.537673998483974,0.2625,0.45,0.7875,0.4625,0.5375
bbox_expand_2x__inner50_median__object_depth_percentile_5_95,leave_one_out,time_of_day__distance_range,,8PM,near,100,40.0,14.142135623730951,75.20000350024276,35.48640413590941,33.727885192158496,1.1490242626204887,0.8496798888876012,39.548156665246744,-6.820283478094501,35.20000350024275,33.727885192158496,56.40560373047699,66.93894227958927,89.03128401932887,0.03,0.06,0.18,0.97,0.03
bbox_expand_2x__inner50_median__object_minus_ring,leave_one_out,weather,clear_sky,,,240,77.5,38.37859646556485,74.60238235119208,30.644245145409894,30.26090857256446,0.5796563664335413,0.32950699745757367,36.466537080992474,0.09715983478626355,-2.897617648807928,-3.8356091075842755,61.705045125118524,65.4645985981331,78.97051566794443,0.1,0.17083333333333334,0.36666666666666664,0.4583333333333333,0.5416666666666666
bbox_expand_2x__inner50_median__object_minus_ring,leave_one_out,weather,light_rain,,,240,77.5,38.37859646556485,80.35534217823876,28.879682082467486,26.357512731721968,0.5988725573401831,0.3150059764997757,34.5853526341151,0.187906115874789,2.8553421782387547,4.5213921274681965,59.30684699681849,63.78378915350706,70.34260859631648,0.10416666666666667,0.2,0.3958333333333333,0.5416666666666666,0.4583333333333333
bbox_expand_2x__inner50_median__object_minus_ring,leave_one_out,time_of_day,,10AM,,240,77.5,38.37859646556485,74.17267300509954,30.271459036489183,28.296010693748407,0.5742427583439935,0.3316391115368067,36.223957955534715,0.10913145348955244,-3.327326994900466,-4.591328933842675,61.217340530904906,65.99966481880041,78.97051566794443,0.1,0.18333333333333332,0.37916666666666665,0.44583333333333336,0.5541666666666667
bbox_expand_2x__inner50_median__object_minus_ring,leave_one_out,time_of_day,,8PM,,240,77.5,38.37859646556485,80.7850515243313,29.252468191388196,28.16699428912442,0.604286165429731,0.3168437169061752,34.839342897665915,0.17593449717150023,3.285051524331294,5.017939663043066,59.50476063925913,64.80721877225254,72.66166844910109,0.10416666666666667,0.1875,0.38333333333333336,0.5541666666666667,0.44583333333333336
bbox_expand_2x__inner50_median__object_minus_ring,leave_one_out,distance_range,,,far,120,130.0,14.719601443879744,85.09343367996144,44.906566320038564,40.002085108500616,0.33833779201902503,0.3291694156288686,47.47606227742311,-9.402968412475806,-44.906566320038564,-40.002085108500616,65.87863897690364,68.44909529596734,78.97051566794443,0.0,0.0,0.041666666666666664,0.0,1.0
bbox_expand_2x__inner50_median__object_minus_ring,leave_one_out,distance_range,,,mid,160,85.0,11.180339887498949,77.9116474832754,13.03869616080389,11.79866142032455,0.1539595742816963,0.13278701399029685,16.887550188244496,-1.2815148108838135,-7.088352516724614,-7.145470670343293,23.891280761030476,31.937376197092973,76.42042528091551,0.21875,0.43125,0.85625,0.34375,0.65625
bbox_expand_2x__inner50_median__object_minus_ring,leave_one_out,distance_range,,,near,200,40.0,14.142135623730951,72.56389124071983,34.05381595278661,32.571069427133025,1.0880643738916973,0.7723653247272707,38.0868554424798,-6.253042787481768,32.56389124071982,32.571069427133025,58.36746050637961,64.80085830322119,70.34260859631648,0.07,0.1,0.205,0.925,0.075
bbox_expand_2x__inner50_median__object_minus_ring,leave_one_out,weather__distance_range,clear_sky,,far,60,130.0,14.719601443879744,82.7122630009431,47.28773699905692,42.09061837689385,0.35767976826127607,0.34516192754793557,49.59544980305104,-10.352501420770563,-47.28773699905692,-42.09061837689385,67.16957985493605,71.237620184509,78.97051566794443,0.0,0.0,0.0,0.0,1.0
bbox_expand_2x__inner50_median__object_minus_ring,leave_one_out,weather__distance_range,clear_sky,,mid,80,85.0,11.180339887498949,74.25626488668607,15.951678360997914,13.246912083976476,0.1892802830587667,0.16294887837348632,20.62317969908623,-2.4025243272064194,-10.743735113313942,-10.313964034115209,31.9906468653102,40.39255653896013,76.42042528091551,0.175,0.325,0.775,0.2625,0.7375
bbox_expand_2x__inner50_median__object_minus_ring,leave_one_out,weather__distance_range,clear_sky,,near,100,40.0,14.142135623730951,70.01334793294629,32.412203460751265,31.697699414152652,1.0251431920367198,0.7253657483447046,37.08722646154256,-5.877311833048714,30.01334793294627,31.697699414152652,55.705808305253996,64.81000295040434,68.43235255816559,0.1,0.15,0.26,0.89,0.11
bbox_expand_2x__inner50_median__object_minus_ring,leave_one_out,weather__distance_range,light_rain,,far,60,130.0,14.719601443879744,87.47460435897979,42.52539564102021,39.12559472025866,0.31899581577677394,0.31477128202843835,45.25753348971373,-8.453435404181045,-42.52539564102021,-39.12559472025866,63.84792317427655,66.09608292250051,68.40509119161626,0.0,0.0,0.08333333333333333,0.0,1.0
bbox_expand_2x__inner50_median__object_minus_ring,leave_one_out,weather__distance_range,light_rain,,mid,80,85.0,11.180339887498949,81.56703007986471,10.125713960609863,8.980516569482013,0.11863886550462585,0.11754696094494282,12.044216945079944,-0.16050529456120666,-3.4329699201352852,-2.3934975948147184,18.478936482647764,20.191371602093355,29.833210504258275,0.2625,0.5375,0.9375,0.425,0.575
bbox_expand_2x__inner50_median__object_minus_ring,leave_one_out,weather__distance_range,light_rain,,near,100,40.0,14.142135623730951,75.11443454849336,35.69542844482196,33.993372553126235,1.1509855557466748,0.7980733591679643,39.06091074697266,-6.628773741914819,35.11443454849337,33.993372553126235,58.46527754029775,63.64484730965497,70.34260859631648,0.04,0.05,0.15,0.96,0.04
bbox_expand_2x__inner50_median__object_minus_ring,leave_one_out,time_of_day__distance_range,,10AM,far,60,130.0,14.719601443879744,82.55396857784407,47.44603142215592,43.63981997714302,0.35858495191834583,0.3580672427876018,49.90465756622655,-10.494499292933844,-47.44603142215592,-43.63981997714302,67.08157164623388,69.76576856302738,78.97051566794443,0.0,0.0,0.016666666666666666,0.0,1.0
bbox_expand_2x__inner50_median__object_minus_ring,leave_one_out,time_of_day__distance_range,,10AM,mid,80,85.0,11.180339887498949,73.16050878802004,15.62118088008379,13.378173408840837,0.18398987070817704,0.16294887837348632,20.123515456761186,-2.2396469947080515,-11.839491211979965,-12.064808769405602,29.240737417225006,37.86177592657623,76.42042528091551,0.1625,0.3625,0.775,0.225,0.775
bbox_expand_2x__inner50_median__object_minus_ring,leave_one_out,time_of_day__distance_range,,10AM,near,100,40.0,14.142135623730951,69.95362703511641,31.68693813021345,31.81974789737786,1.0158397523080351,0.7154021644599589,36.48247119319396,-5.654853521811134,29.953627035116412,31.81974789737786,55.51774731776771,61.04868995760824,70.34260859631648,0.11,0.15,0.28,0.89,0.11
bbox_expand_2x__inner50_median__object_minus_ring,leave_one_out,time_of_day__distance_range,,8PM,far,60,130.0,14.719601443879744,87.6328987820788,42.3671012179212,38.69401865998375,0.31809063211970406,0.30955214927986996,44.91634593260211,-8.311437532017763,-42.3671012179212,-38.69401865998375,63.84792317427655,64.84485730041054,72.66166844910109,0.0,0.0,0.06666666666666667,0.0,1.0
bbox_expand_2x__inner50_median__object_minus_ring,leave_one_out,time_of_day__distance_range,,8PM,mid,80,85.0,11.180339887498949,82.66278617853075,10.456211441523987,10.079508917305795,0.1239292778552155,0.11929052448224016,12.861680620449523,-0.32338262705957455,-2.3372138214692617,-0.48984020974435083,18.658268690745697,20.89130417986204,44.1670029235138,0.275,0.5,0.9375,0.4625,0.5375
bbox_expand_2x__inner50_median__object_minus_ring,leave_one_out,time_of_day__distance_range,,8PM,near,100,40.0,14.142135623730951,75.17415544632324,36.42069377535977,33.930077903403046,1.1602889954753595,0.8101929184301384,39.626334811971695,-6.8512320531524,35.17415544632324,33.930077903403046,58.524309298948246,65.14708334626462,68.43235255816559,0.03,0.05,0.13,0.96,0.04
bbox_expand_2x__inner50_median__object_minus_ring_normalized,leave_one_out,weather,clear_sky,,,240,77.5,38.37859646556485,75.6824675377475,31.41301429587539,31.456934837064523,0.619957342272846,0.3431085880464141,36.92954403208308,0.07408799609557237,-1.8175324622524915,-2.4857627207786948,60.72572088270714,65.96367519282828,77.9697725189008,0.07083333333333333,0.1625,0.3333333333333333,0.4875,0.5125
bbox_expand_2x__inner50_median__object_minus_ring_normalized,leave_one_out,weather,light_rain,,,240,77.5,38.37859646556485,79.26090170047893,28.843332882677842,27.422208818957273,0.5982647152751476,0.32803422529784787,34.54073640744163,0.19000001930294963,1.7609017004789413,3.7628245756042062,57.43693704854627,62.00664810435838,77.23941052719513,0.09583333333333334,0.19583333333333333,0.4125,0.5541666666666667,0.44583333333333336
bbox_expand_2x__inner50_median__object_minus_ring_normalized,leave_one_out,time_of_day,,10AM,,240,77.5,38.37859646556485,73.79164248138551,31.083304700372135,29.291645751838274,0.601167314086484,0.34821018582731267,36.64013130475045,0.08854366821203696,-3.708357518614482,-5.89190781982991,58.97022035467154,66.69030328062024,77.9697725189008,0.05,0.1625,0.3541666666666667,0.475,0.525
bbox_expand_2x__inner50_median__object_minus_ring_normalized,leave_one_out,time_of_day,,8PM,,240,77.5,38.37859646556485,81.15172675684092,29.1730424781811,28.849761032162128,0.6170547434615096,0.32401297257602674,34.847589184283216,0.17554434718648526,3.6517267568409313,4.310988661946595,58.206370829384,64.2349647104795,77.37164905874039,0.11666666666666667,0.19583333333333333,0.39166666666666666,0.5666666666666667,0.43333333333333335
bbox_expand_2x__inner50_median__object_minus_ring_normalized,leave_one_out,distance_range,,,far,120,130.0,14.719601443879744,85.62836186297459,44.371638137025414,40.96060780561783,0.3344134085921213,0.32824056307064353,47.024852082366515,-9.206169446315926,-44.371638137025414,-40.96060780561783,66.00467599335059,69.83965339333385,77.37164905874039,0.0,0.0,0.06666666666666667,0.0,1.0
bbox_expand_2x__inner50_median__object_minus_ring_normalized,leave_one_out,distance_range,,,mid,160,85.0,11.180339887498949,76.54870299598036,14.205530849743152,11.880090535013437,0.16806118573091572,0.14448911411200716,18.438470351441932,-1.7198175112080256,-8.451297004019631,-7.2896168418554055,27.39141061345466,32.957116272490794,77.9697725189008,0.2,0.425,0.76875,0.36875,0.63125
bbox_expand_2x__inner50_median__object_minus_ring_normalized,leave_one_out,distance_range,,,near,200,40.0,14.142135623730951,73.31606357130269,34.320209052254114,33.985726312322626,1.1267694753175868,0.8756954195559385,38.333283888042246,-6.347203268206195,33.31606357130269,33.985726312322626,58.03197576404341,63.73246563396984,77.23941052719513,0.04,0.09,0.24,0.955,0.045
bbox_expand_2x__inner50_median__object_minus_ring_normalized,leave_one_out,weather__distance_range,clear_sky,,far,60,130.0,14.719601443879744,82.56482900614586,47.43517099385415,43.24550072461404,0.35879173283717125,0.34960492467814464,49.59698741116612,-10.35320535506171,-47.43517099385415,-43.24550072461404,67.65091758239626,70.15033334995115,77.37164905874039,0.0,0.0,0.0,0.0,1.0
bbox_expand_2x__inner50_median__object_minus_ring_normalized,leave_one_out,weather__distance_range,clear_sky,,mid,80,85.0,11.180339887498949,73.43527492159566,16.20537263407245,14.308929871006427,0.19295508696398572,0.16734065652829347,20.36625007711252,-2.318273137627886,-11.56472507840434,-12.422330106565042,27.391705784265927,37.238565548090214,77.9697725189008,0.125,0.325,0.7375,0.275,0.725
bbox_expand_2x__inner50_median__object_minus_ring_normalized,leave_one_out,weather__distance_range,clear_sky,,near,100,40.0,14.142135623730951,73.35080474962997,33.96583360653049,33.985726312322626,1.118258512181339,0.9020357838435071,38.27995459612433,-6.326774619406699,33.35080474962997,33.985726312322626,58.05339134759877,63.842851802285395,75.49041821704341,0.07,0.13,0.21,0.95,0.05
bbox_expand_2x__inner50_median__object_minus_ring_normalized,leave_one_out,weather__distance_range,light_rain,,far,60,130.0,14.719601443879744,88.6918947198033,41.30810528019669,39.36297972157946,0.3100350843470713,0.32007359978520233,44.303637169802776,-8.059133537570137,-41.30810528019669,-39.36297972157946,61.620114379030944,68.59255704484498,72.44802432861398,0.0,0.0,0.13333333333333333,0.0,1.0
bbox_expand_2x__inner50_median__object_minus_ring_normalized,leave_one_out,weather__distance_range,light_rain,,mid,80,85.0,11.180339887498949,79.66213107036508,12.205689065413853,9.00625010842009,0.14316728449784574,0.11590790068583245,16.284048501479006,-1.1213618847881657,-5.33786892963492,-3.430719054545712,25.966804122432325,30.93005811975523,64.9555229129135,0.275,0.525,0.8,0.4625,0.5375
bbox_expand_2x__inner50_median__object_minus_ring_normalized,leave_one_out,weather__distance_range,light_rain,,near,100,40.0,14.142135623730951,73.28132239297541,34.67458449797773,33.98860828908693,1.1352804384538346,0.8352191789450549,38.38653909121189,-6.367631917005691,33.28132239297542,33.98860828908693,57.365202578829084,62.14275042341783,77.23941052719513,0.01,0.05,0.27,0.96,0.04
bbox_expand_2x__inner50_median__object_minus_ring_normalized,leave_one_out,time_of_day__distance_range,,10AM,far,60,130.0,14.719601443879744,82.13976046866573,47.860239531334294,45.12190515036945,0.3622508614481157,0.3605870023223351,50.0874294100118,-10.57884885339807,-47.860239531334294,-45.12190515036945,69.55324953310958,71.81098104320387,74.98950936916822,0.0,0.0,0.016666666666666666,0.0,1.0
bbox_expand_2x__inner50_median__object_minus_ring_normalized,leave_one_out,time_of_day__distance_range,,10AM,mid,80,85.0,11.180339887498949,71.35300675378049,17.595268921228687,15.234907106926713,0.20943668969650492,0.1795304009701153,21.759057806987038,-2.7876527731824288,-13.646993246219505,-13.477224885813307,32.00964156310627,38.08043698283611,77.9697725189008,0.0875,0.3125,0.6375,0.2375,0.7625
bbox_expand_2x__inner50_median__object_minus_ring_normalized,leave_one_out,time_of_day__distance_range,,10AM,near,100,40.0,14.142135623730951,70.73368027110142,31.807572425109605,32.14760205512014,1.0579016851814886,0.8232007901931405,36.57844316821668,-5.689912523052287,30.733680271101417,32.14760205512014,56.96917797923263,60.714807580142185,77.23941052719513,0.05,0.14,0.33,0.95,0.05
bbox_expand_2x__inner50_median__object_minus_ring_normalized,leave_one_out,time_of_day__distance_range,,8PM,far,60,130.0,14.719601443879744,89.11696325728344,40.883036742716556,36.72053534706979,0.30657595573612695,0.30927874839015734,43.74840387755862,-7.833490039233784,-40.883036742716556,-36.72053534706979,64.51040736724735,65.72673179999907,77.37164905874039,0.0,0.0,0.11666666666666667,0.0,1.0
bbox_expand_2x__inner50_median__object_minus_ring_normalized,leave_one_out,time_of_day__distance_range,,8PM,mid,80,85.0,11.180339887498949,81.74439923818025,10.815792778257617,9.00625010842009,0.12668568176532655,0.11017584843676008,14.370030659473308,-0.6519822492336229,-3.2556007618197547,0.02238423259710487,19.892607606922958,24.360288141767164,64.9555229129135,0.3125,0.5375,0.9,0.5,0.5
bbox_expand_2x__inner50_median__object_minus_ring_normalized,leave_one_out,time_of_day__distance_range,,8PM,near,100,40.0,14.142135623730951,75.89844687150398,36.832845679398616,35.56775651694419,1.1956372654536855,0.910400389517116,40.01123345601858,-7.0044940133601035,35.89844687150397,35.56775651694419,61.04965401244685,63.96799219861938,75.49041821704341,0.03,0.04,0.15,0.96,0.04
bbox_expand_4x__bbox_mean__object_depth,leave_one_out,weather,clear_sky,,,240,77.5,38.37859646556485,77.19996684353936,32.90880903636143,32.59101516896164,0.6594205789724178,0.3664136213371808,38.77392403774875,-0.02070756568154608,-0.30003315646064643,3.392033681741374,60.97948725367436,72.40187628680528,81.27532506001033,0.05416666666666667,0.15,0.32916666666666666,0.5208333333333334,0.4791666666666667
bbox_expand_4x__bbox_mean__object_depth,leave_one_out,weather,light_rain,,,240,77.5,38.37859646556485,77.82712763029271,31.68225507762342,31.00468227641369,0.6484540212229226,0.36031569118279905,37.78281964347922,0.03080636364695044,0.32712763029268405,1.337273567209735,60.47271515862096,70.32875828752219,74.99562545747843,0.09166666666666666,0.19583333333333333,0.3458333333333333,0.5125,0.4875
bbox_expand_4x__bbox_mean__object_depth,leave_one_out,time_of_day,,10AM,,240,77.5,38.37859646556485,77.68168684694416,31.91243306459926,32.1694842112722,0.6449335246795023,0.3578945115241787,37.75752573905916,0.032103592688623284,0.1816868469441772,1.7268899383211078,60.85570786159685,70.06853936386057,80.15271176952982,0.07916666666666666,0.15833333333333333,0.3333333333333333,0.525,0.475
bbox_expand_4x__bbox_mean__object_depth,leave_one_out,time_of_day,,8PM,,240,77.5,38.37859646556485,77.34540762688788,32.678631049385594,30.469511519359777,0.6629410755158381,0.3654032065137399,38.798555328273174,-0.022004794723218923,-0.1545923731121358,3.3552271988162445,60.57806156142251,73.0893571297,81.27532506001033,0.06666666666666667,0.1875,0.3416666666666667,0.5083333333333333,0.49166666666666664
bbox_expand_4x__bbox_mean__object_depth,leave_one_out,distance_range,,,far,120,130.0,14.719601443879744,77.66822005639513,52.33177994360486,46.697547499302054,0.3948846860955143,0.378481439232175,54.58318953812016,-12.750728831481615,-52.33177994360486,-46.697547499302054,74.12514458256501,76.78800585461586,81.27532506001033,0.0,0.0,0.0,0.0,1.0
bbox_expand_4x__bbox_mean__object_depth,leave_one_out,distance_range,,,mid,160,85.0,11.180339887498949,77.91036120487146,11.258645749693397,9.818659349937896,0.1267595600976335,0.12163198884419238,13.48484435770373,-0.4547282188119528,-7.089638795128536,-7.611497900851738,22.801877507958757,25.09966580768214,27.926963612503442,0.21875,0.5125,0.8375,0.3,0.7
bbox_expand_4x__bbox_mean__object_depth,leave_one_out,distance_range,,,near,200,40.0,14.142135623730951,77.1032923708642,37.10329237086419,37.238222368267586,1.2311110604989932,0.9417481771594653,39.80053774287909,-6.920414023111714,37.10329237086419,37.238222368267586,57.766326912431424,60.43869627189695,65.1898134412763,0.0,0.005,0.14,1.0,0.0
bbox_expand_4x__bbox_mean__object_depth,leave_one_out,weather__distance_range,clear_sky,,far,60,130.0,14.719601443879744,76.78604384013336,53.21395615986663,46.92188618139306,0.4014972442136144,0.3790697143540067,55.53657691899053,-13.235283273287466,-53.21395615986663,-46.92188618139306,76.80700123630243,79.42207114252527,81.27532506001033,0.0,0.0,0.0,0.0,1.0
bbox_expand_4x__bbox_mean__object_depth,leave_one_out,weather__distance_range,clear_sky,,mid,80,85.0,11.180339887498949,77.40578216936149,12.211374508027784,11.099011920308072,0.13806644281867508,0.1361184214809183,14.289205562645833,-0.6334511648923891,-7.59421783063851,-8.746123335365361,24.39375328563088,25.45754589217921,27.926963612503442,0.1625,0.45,0.8125,0.3125,0.6875
bbox_expand_4x__bbox_mean__object_depth,leave_one_out,weather__distance_range,clear_sky,,near,100,40.0,14.142135623730951,77.28366838492526,37.28366838492525,37.238222368267586,1.2312578887506942,0.948858768516596,39.928302025851984,-6.971346513338278,37.28366838492525,37.238222368267586,57.17787294554696,60.556719738973285,64.27459883293773,0.0,0.0,0.14,1.0,0.0
bbox_expand_4x__bbox_mean__object_depth,leave_one_out,weather__distance_range,light_rain,,far,60,130.0,14.719601443879744,78.55039627265691,51.44960372734309,46.500476932593436,0.3882721279774144,0.37200381546074746,53.612850926151545,-12.266174389675763,-51.44960372734309,-46.500476932593436,72.97445811607805,74.03799549729695,74.99562545747843,0.0,0.0,0.0,0.0,1.0
bbox_expand_4x__bbox_mean__object_depth,leave_one_out,weather__distance_range,light_rain,,mid,80,85.0,11.180339887498949,78.41494024038144,10.305916991359013,8.669000635206814,0.1154526773765919,0.1048594423687934,12.629357033968102,-0.2760052727315163,-6.585059759618562,-6.905074620377604,20.723494702920657,24.575603391108,26.926957720490606,0.275,0.575,0.8625,0.2875,0.7125
bbox_expand_4x__bbox_mean__object_depth,leave_one_out,weather__distance_range,light_rain,,near,100,40.0,14.142135623730951,76.92291635680314,36.92291635680314,37.30157269671768,1.230964232247292,0.9417481771594653,39.67236199896635,-6.869481532885149,36.92291635680314,37.30157269671768,57.999053130094175,59.38308538818468,65.1898134412763,0.0,0.01,0.14,1.0,0.0
bbox_expand_4x__bbox_mean__object_depth,leave_one_out,time_of_day__distance_range,,10AM,far,60,130.0,14.719601443879744,78.43396595966607,51.566034040333925,46.166601008354775,0.3891447480686626,0.3693328080668382,53.75887823717359,-12.338539950704261,-51.566034040333925,-46.166601008354775,72.83882971706171,75.00067533950748,80.15271176952982,0.0,0.0,0.0,0.0,1.0
bbox_expand_4x__bbox_mean__object_depth,leave_one_out,time_of_day__distance_range,,10AM,mid,80,85.0,11.180339887498949,78.34058883660882,11.183776429073186,10.507637259418772,0.12635347842827946,0.1284960735914628,13.445319074281468,-0.4462128400738965,-6.659411163391172,-7.857520491161999,21.909120322875854,25.03220375911681,26.60880367081262,0.2375,0.475,0.825,0.325,0.675
bbox_expand_4x__bbox_mean__object_depth,leave_one_out,time_of_day__distance_range,,10AM,near,100,40.0,14.142135623730951,76.70319778757931,36.70319778757931,35.551521622600866,1.2132708276469844,0.9309555592066896,39.27954075911241,-6.714411611233865,36.70319778757931,35.551521622600866,58.341608322296054,60.45316146145298,65.1898134412763,0.0,0.0,0.14,1.0,0.0
bbox_expand_4x__bbox_mean__object_depth,leave_one_out,time_of_day__distance_range,,8PM,far,60,130.0,14.719601443879744,76.90247415312423,53.09752584687579,47.37344614136578,0.40062462412236616,0.37955343703579647,55.39523599543054,-13.16291771225897,-53.09752584687579,-47.37344614136578,75.04511824778696,78.61496662863851,81.27532506001033,0.0,0.0,0.0,0.0,1.0
bbox_expand_4x__bbox_mean__object_depth,leave_one_out,time_of_day__distance_range,,8PM,mid,80,85.0,11.180339887498949,77.48013357313411,11.33351507031361,8.900885405950085,0.12716564176698752,0.11572994326240768,13.5242541270767,-0.4632435975500091,-7.5198664268659,-7.446942077015279,22.986665828022716,25.099665807682147,27.926963612503442,0.2,0.55,0.85,0.275,0.725
bbox_expand_4x__bbox_mean__object_depth,leave_one_out,time_of_day__distance_range,,8PM,near,100,40.0,14.142135623730951,77.50338695414908,37.503386954149065,38.40779401357727,1.2489512933510019,0.9601948503394319,40.31480233112786,-7.12641643498956,37.503386954149065,38.40779401357727,57.54714586455352,58.717645322441605,63.402572156138845,0.0,0.01,0.14,1.0,0.0
bbox_expand_4x__bbox_mean__object_depth_percentile_5_95,leave_one_out,weather,clear_sky,,,240,77.5,38.37859646556485,77.61898708739379,32.52500442128237,29.92410043852456,0.6554271186303059,0.35896840529854246,38.48839695499472,-0.00573015004146904,0.11898708739379533,0.45246957156661693,61.498678332090996,71.03266202403083,92.36842748762905,0.09166666666666666,0.14166666666666666,0.3125,0.5041666666666667,0.49583333333333335
bbox_expand_4x__bbox_mean__object_depth_percentile_5_95,leave_one_out,weather,light_rain,,,240,77.5,38.37859646556485,77.37172307403564,30.965494919526762,29.653039199808276,0.6344618770768101,0.34659203508237835,37.00949816437269,0.07007437326481103,-0.1282769259643582,1.2326187224886276,57.71626568012998,67.40532333264767,83.33220954433,0.1,0.2,0.325,0.5083333333333333,0.49166666666666664
bbox_expand_4x__bbox_mean__object_depth_percentile_5_95,leave_one_out,time_of_day,,10AM,,240,77.5,38.37859646556485,75.3557501378799,31.664743286074234,30.19538915622892,0.6260122660035404,0.35916627483330055,37.65889720339744,0.037153580599000424,-2.1442498621201027,-0.8473280126999043,58.843864210302876,71.01205125809602,83.33220954433,0.1,0.17083333333333334,0.31666666666666665,0.49166666666666664,0.5083333333333333
bbox_expand_4x__bbox_mean__object_depth_percentile_5_95,leave_one_out,time_of_day,,8PM,,240,77.5,38.37859646556485,79.63496002354955,31.825756054734892,29.504945036542743,0.6638767297035757,0.34294110070597794,37.85323124870447,0.0271906426243419,2.134960023549532,3.0033077085817084,60.1663998866271,67.78150217258835,92.36842748762905,0.09166666666666666,0.17083333333333334,0.32083333333333336,0.5208333333333334,0.4791666666666667
bbox_expand_4x__bbox_mean__object_depth_percentile_5_95,leave_one_out,distance_range,,,far,120,130.0,14.719601443879744,80.12130486438235,49.878695135617654,46.41865493385193,0.37577862463481654,0.36868894319458045,52.646179804153675,-11.79209345217513,-49.878695135617654,-46.41865493385193,73.79629566453909,77.34903947559094,92.36842748762905,0.0,0.0,0.0,0.0,1.0
bbox_expand_4x__bbox_mean__object_depth_percentile_5_95,leave_one_out,distance_range,,,mid,160,85.0,11.180339887498949,76.7942365302163,12.168429339898818,10.758810687561947,0.13740298457055516,0.12639705286518454,14.98770712375047,-0.7970509186185646,-8.205763469783722,-7.960265216357449,24.98717269766149,27.25315197626214,40.67610533790067,0.25,0.45625,0.78125,0.275,0.725
bbox_expand_4x__bbox_mean__object_depth_percentile_5_95,leave_one_out,distance_range,,,near,200,40.0,14.142135623730951,76.4806800509129,36.52663865568132,36.18618645982732,1.2124772324112052,0.8952837119194642,39.73152834724735,-6.8929717240405965,36.480680050912895,36.18618645982732,56.57135789731973,60.81855888204627,70.12646828169927,0.03,0.045,0.14,0.995,0.005
bbox_expand_4x__bbox_mean__object_depth_percentile_5_95,leave_one_out,weather__distance_range,clear_sky,,far,60,130.0,14.719601443879744,79.20998042883485,50.79001957116514,45.942101379387374,0.3820197958622862,0.37695076806905903,53.759011449088526,-12.33860605530722,-50.79001957116514,-45.942101379387374,76.5321363687773,79.17680176364328,92.36842748762905,0.0,0.0,0.0,0.0,1.0
bbox_expand_4x__bbox_mean__object_depth_percentile_5_95,leave_one_out,weather__distance_range,clear_sky,,mid,80,85.0,11.180339887498949,76.63244808246917,12.66547072738716,12.132314502147366,0.1439230223925839,0.14499279069019544,15.29363496265403,-0.8711621629673101,-8.367551917530827,-10.41506676524805,24.092006397713998,27.51706399998416,40.67610533790067,0.2625,0.3875,0.775,0.2625,0.7375
bbox_expand_4x__bbox_mean__object_depth_percentile_5_95,leave_one_out,weather__distance_range,clear_sky,,near,100,40.0,14.142135623730951,77.45362228646886,37.453622286468864,37.946753793675654,1.2286747892812955,0.998501243329675,40.42426346774822,-7.170605384549617,37.453622286468864,37.946753793675654,56.97405419220425,61.6698800524025,69.77373983377325,0.01,0.03,0.13,1.0,0.0
bbox_expand_4x__bbox_mean__object_depth_percentile_5_95,leave_one_out,weather__distance_range,light_rain,,far,60,130.0,14.719601443879744,81.03262929992987,48.96737070007014,46.41865493385193,0.36953745340734684,0.367867517802292,51.50931162381541,-11.245580849043037,-48.96737070007014,-46.41865493385193,73.7346155476237,76.26617085427416,83.33220954433,0.0,0.0,0.0,0.0,1.0
bbox_expand_4x__bbox_mean__object_depth_percentile_5_95,leave_one_out,weather__distance_range,light_rain,,mid,80,85.0,11.180339887498949,76.95602497796338,11.671387952410477,8.012385285621292,0.13088294674852635,0.10437634118500674,14.675403206853547,-0.7229396742698191,-8.043975022036618,-6.7397866486799956,25.36168549059229,26.693940219624064,35.18239567934457,0.2375,0.525,0.7875,0.2875,0.7125
bbox_expand_4x__bbox_mean__object_depth_percentile_5_95,leave_one_out,weather__distance_range,light_rain,,near,100,40.0,14.142135623730951,75.50773781535692,35.59965502489377,35.35842080879972,1.1962796755411151,0.8737650247550383,39.02649885278355,-6.615338063531579,35.50773781535692,35.35842080879972,55.77819814180305,58.69412483421323,70.12646828169927,0.05,0.06,0.15,0.99,0.01
bbox_expand_4x__bbox_mean__object_depth_percentile_5_95,leave_one_out,time_of_day__distance_range,,10AM,far,60,130.0,14.719601443879744,78.31803803674121,51.68196196325877,47.37543789678009,0.38998383969304123,0.3803580185947377,54.21278300465609,-12.564734651276591,-51.68196196325877,-47.37543789678009,76.30267522563402,79.17680176364328,83.33220954433,0.0,0.0,0.0,0.0,1.0
bbox_expand_4x__bbox_mean__object_depth_percentile_5_95,leave_one_out,time_of_day__distance_range,,10AM,mid,80,85.0,11.180339887498949,74.29892149673033,13.088061484504095,10.758810687561947,0.14582696757022068,0.12389030491950923,16.234517604356547,-1.108476494769301,-10.701078503269686,-10.722677347105531,26.081438786870063,29.281735837750045,40.67610533790067,0.2375,0.425,0.7375,0.2375,0.7625
bbox_expand_4x__bbox_mean__object_depth_percentile_5_95,leave_one_out,time_of_day__distance_range,,10AM,near,100,40.0,14.142135623730951,74.42384031148278,34.51575752101962,34.95060099020153,1.151777560536496,0.8654047875415125,37.80739264270478,-6.146994692198235,34.42384031148278,34.95060099020153,53.99108359991337,57.890446435062415,70.12646828169927,0.05,0.07,0.17,0.99,0.01
bbox_expand_4x__bbox_mean__object_depth_percentile_5_95,leave_one_out,time_of_day__distance_range,,8PM,far,60,130.0,14.719601443879744,81.92457169202348,48.07542830797652,42.86763758824725,0.3615734095765918,0.3466638328957017,51.031506491898,-11.019452253073666,-48.07542830797652,-42.86763758824725,73.38727175699313,76.50510276460744,92.36842748762905,0.0,0.0,0.0,0.0,1.0
bbox_expand_4x__bbox_mean__object_depth_percentile_5_95,leave_one_out,time_of_day__distance_range,,8PM,mid,80,85.0,11.180339887498949,79.28955156370225,11.248797195293543,10.548221462315773,0.12897900157088957,0.1279601389850154,13.62729495565714,-0.4856253424678283,-5.710448436297759,-5.3452859285082965,21.563849632308738,25.456912767157704,27.550030379070954,0.2625,0.4875,0.825,0.3125,0.6875
bbox_expand_4x__bbox_mean__object_depth_percentile_5_95,leave_one_out,time_of_day__distance_range,,8PM,near,100,40.0,14.142135623730951,78.53751979034301,38.537519790343005,40.6001042153633,1.273176904285915,1.0086667041028132,41.56669040441627,-7.638948755882957,38.537519790343005,40.6001042153633,58.73517444953377,63.98437100463582,69.77373983377325,0.01,0.02,0.11,1.0,0.0
bbox_expand_4x__bbox_mean__object_minus_ring,leave_one_out,weather,clear_sky,,,240,77.5,38.37859646556485,75.48061490818306,31.345286448268407,30.392823436384614,0.6153917372117519,0.3507542723170668,37.27443698317279,0.056712654656280725,-2.0193850918169516,-0.23125361248047227,62.01582744365625,68.14641693413365,81.60578253656806,0.0875,0.17083333333333334,0.3375,0.49166666666666664,0.5083333333333333
bbox_expand_4x__bbox_mean__object_minus_ring,leave_one_out,weather,light_rain,,,240,77.5,38.37859646556485,79.51213872407851,31.340576568161314,31.925599127131306,0.645916587728936,0.34345032150432697,37.27600036186703,0.05663352555955137,2.0121387240784996,2.6218566365899107,61.64294863387786,66.89622749510482,79.31824111604006,0.10833333333333334,0.18333333333333332,0.3416666666666667,0.5541666666666667,0.44583333333333336
bbox_expand_4x__bbox_mean__object_minus_ring,leave_one_out,time_of_day,,10AM,,240,77.5,38.37859646556485,75.54944504376462,31.41302322634652,31.153845198001335,0.605595338863444,0.3541230305328601,37.176657902742356,0.06165506569672252,-1.9505549562353888,0.27222552335680916,61.69539074430404,68.14584466578192,79.31824111604006,0.09166666666666666,0.17916666666666667,0.32916666666666666,0.5041666666666667,0.49583333333333335
bbox_expand_4x__bbox_mean__object_minus_ring,leave_one_out,time_of_day,,8PM,,240,77.5,38.37859646556485,79.44330858849692,31.2728397900832,30.982263220819135,0.655712986077244,0.3361191736491987,37.37351953687122,0.05169111451910957,1.943308588496935,2.536381006258914,61.71649189959107,67.01106418404365,81.60578253656806,0.10416666666666667,0.175,0.35,0.5416666666666666,0.4583333333333333
bbox_expand_4x__bbox_mean__object_minus_ring,leave_one_out,distance_range,,,far,120,130.0,14.719601443879744,81.02208719413387,48.97791280586613,43.01389707631493,0.36922330407314413,0.3463026805463755,51.32139382137864,-11.156394448164807,-48.97791280586613,-43.01389707631493,68.44862014784874,72.38416180579759,81.60578253656806,0.0,0.0,0.0,0.0,1.0
bbox_expand_4x__bbox_mean__object_minus_ring,leave_one_out,distance_range,,,mid,160,85.0,11.180339887498949,77.34848664106167,12.311466843611608,10.941365972227338,0.14080268668177948,0.14456147457686525,15.707754272257676,-0.973868354221034,-7.651513358938321,-7.735107132094036,21.982477909924317,26.975686429077957,71.35759583512001,0.24375,0.45,0.81875,0.34375,0.65625
bbox_expand_4x__bbox_mean__object_minus_ring,leave_one_out,distance_range,,,near,200,40.0,14.142135623730951,75.49926272938418,35.9871144613067,34.813935995728855,1.1793938581395154,0.9511977310859384,39.45811086183661,-6.784712563924941,35.49926272938419,34.570773368324886,57.997568766825665,61.62807662087273,76.61007906688303,0.04,0.065,0.16,0.98,0.02
bbox_expand_4x__bbox_mean__object_minus_ring,leave_one_out,weather__distance_range,clear_sky,,far,60,130.0,14.719601443879744,80.40672331915837,49.59327668084161,43.13127912640055,0.3738577835772553,0.35037338780398025,51.99573172640974,-11.477951312760487,-49.59327668084161,-43.13127912640055,70.20716101347708,74.2658104379644,81.60578253656806,0.0,0.0,0.0,0.0,1.0
bbox_expand_4x__bbox_mean__object_minus_ring,leave_one_out,weather__distance_range,clear_sky,,mid,80,85.0,11.180339887498949,75.05773989202187,14.54221016120925,12.878933861609596,0.16738808111877773,0.16800605701311572,18.40683814547337,-1.710493524109228,-9.942260107978138,-9.705601224382107,25.270283312770697,34.1012856195004,71.35759583512001,0.1875,0.3875,0.75,0.275,0.725
bbox_expand_4x__bbox_mean__object_minus_ring,leave_one_out,weather__distance_range,clear_sky,,near,100,40.0,14.142135623730951,72.86324987452682,33.83895333837182,32.087916304010264,1.1187150342668293,0.8199027586979186,37.96495413826101,-6.2066887136013085,32.863249874526794,32.01632458872837,55.654912468478024,61.41837769606452,76.61007906688303,0.06,0.1,0.21,0.96,0.04
bbox_expand_4x__bbox_mean__object_minus_ring,leave_one_out,weather__distance_range,light_rain,,far,60,130.0,14.719601443879744,81.63745106910935,48.36254893089064,42.956943189795105,0.3645888245690329,0.34462219896778845,50.63807667924711,-10.834837583569128,-48.36254893089064,-42.956943189795105,67.96057553556304,68.81864355750754,79.31824111604006,0.0,0.0,0.0,0.0,1.0
bbox_expand_4x__bbox_mean__object_minus_ring,leave_one_out,weather__distance_range,light_rain,,mid,80,85.0,11.180339887498949,79.6392333901015,10.080723526013966,9.598783621379106,0.11421729224478128,0.11894410433350908,12.436052349584449,-0.23724318433283909,-5.360766609898505,-3.4586690578002717,20.761157693863176,21.092441343095096,29.12732286793883,0.3,0.5125,0.8875,0.4125,0.5875
bbox_expand_4x__bbox_mean__object_minus_ring,leave_one_out,weather__distance_range,light_rain,,near,100,40.0,14.142135623730951,78.13527558424158,38.13527558424159,38.091213855934505,1.2400726820122017,0.985353656848642,40.89678817278584,-7.3627364142485785,38.13527558424159,38.091213855934505,60.17579043534423,61.6613485066214,64.54824699556669,0.02,0.03,0.11,1.0,0.0
bbox_expand_4x__bbox_mean__object_minus_ring,leave_one_out,time_of_day__distance_range,,10AM,far,60,130.0,14.719601443879744,79.67951336161222,50.32048663838777,44.069429906900055,0.38015975694492493,0.3532003536866506,52.54040651780121,-11.740743001796037,-50.32048663838777,-44.069429906900055,70.77982820567622,74.2658104379644,79.31824111604006,0.0,0.0,0.0,0.0,1.0
bbox_expand_4x__bbox_mean__object_minus_ring,leave_one_out,time_of_day__distance_range,,10AM,mid,80,85.0,11.180339887498949,74.53938859484063,14.068184670894533,11.789549334759023,0.16024475614523004,0.15324616762203935,18.287838348427744,-1.6755602516657957,-10.46061140515936,-9.423907528675684,27.0415149189392,34.1012856195004,71.35759583512001,0.2,0.425,0.7625,0.275,0.725
bbox_expand_4x__bbox_mean__object_minus_ring,leave_one_out,time_of_day__distance_range,,10AM,near,100,40.0,14.142135623730951,73.87944921219523,33.94441602348337,34.19039498165652,1.0971371541891266,0.9511977310859384,37.32555059690374,-5.965983636810106,33.87944921219522,34.19039498165652,52.77558176829054,61.14826458017501,76.61007906688303,0.06,0.09,0.18,0.99,0.01
bbox_expand_4x__bbox_mean__object_minus_ring,leave_one_out,time_of_day__distance_range,,8PM,far,60,130.0,14.719601443879744,82.36466102665548,47.635338973344496,42.30191127077934,0.3582868512013633,0.33841529016623473,50.07271323268068,-10.572045894533575,-47.635338973344496,-42.30191127077934,67.87066059928458,69.84333189831486,81.60578253656806,0.0,0.0,0.0,0.0,1.0
bbox_expand_4x__bbox_mean__object_minus_ring,leave_one_out,time_of_day__distance_range,,8PM,mid,80,85.0,11.180339887498949,80.15758468728271,10.554749016328683,10.68830211080789,0.12136061721832898,0.1355054329061341,12.610394803376854,-0.2721764567762719,-4.84241531271728,-4.6163356374987785,20.502758598814232,21.250650690374155,22.335728211316365,0.2875,0.475,0.875,0.4125,0.5875
bbox_expand_4x__bbox_mean__object_minus_ring,leave_one_out,time_of_day__distance_range,,8PM,near,100,40.0,14.142135623730951,77.11907624657317,38.02981289913004,38.14354194822106,1.2616505620899041,0.9231806938642513,41.48118004840214,-7.603441491039778,37.119076246573165,38.14354194822106,60.67531243002548,61.75123765085684,75.44552055757269,0.02,0.04,0.14,0.97,0.03
bbox_expand_4x__bbox_mean__object_minus_ring_normalized,leave_one_out,weather,clear_sky,,,240,77.5,38.37859646556485,76.92212095159066,32.24200483180991,29.802412779145534,0.6467823467229302,0.3455129145475833,37.92646747279489,0.023422731565509003,-0.5778790484093425,-0.5818188591203537,59.52269078487091,70.36283521995658,74.16320269720072,0.06666666666666667,0.1375,0.32916666666666666,0.49166666666666664,0.5083333333333333
bbox_expand_4x__bbox_mean__object_minus_ring_normalized,leave_one_out,weather,light_rain,,,240,77.5,38.37859646556485,77.99227100422384,32.21808011980774,31.968835195457544,0.6629592859092023,0.3499649943029674,37.98606834409988,0.020350966963987305,0.492271004223835,0.684815956800783,59.84247063509527,69.4973173531025,78.08804608602534,0.08333333333333333,0.1875,0.325,0.5083333333333333,0.49166666666666664
bbox_expand_4x__bbox_mean__object_minus_ring_normalized,leave_one_out,time_of_day,,10AM,,240,77.5,38.37859646556485,76.03387728606802,32.63775298700708,33.21316900025914,0.6514131008466407,0.36313514540958836,38.190731383478415,0.009766135034792844,-1.4661227139319748,-1.0663430499834732,59.4505528960058,70.36392743262428,78.08804608602534,0.06666666666666667,0.15416666666666667,0.3125,0.48333333333333334,0.5166666666666667
bbox_expand_4x__bbox_mean__object_minus_ring_normalized,leave_one_out,time_of_day,,8PM,,240,77.5,38.37859646556485,78.88051466974647,31.82233196461056,30.04028917125411,0.6583285317854916,0.33706226245307624,37.720370618574165,0.03400756349470346,1.3805146697464692,3.878310954352024,60.1509223594657,69.49000643196177,74.16320269720072,0.08333333333333333,0.17083333333333334,0.3416666666666667,0.5166666666666667,0.48333333333333334
bbox_expand_4x__bbox_mean__object_minus_ring_normalized,leave_one_out,distance_range,,,far,120,130.0,14.719601443879744,79.30069691055981,50.69930308944018,45.401512265171945,0.38252843345385834,0.3634314595228506,52.864151933660146,-11.89823950614663,-50.69930308944018,-45.401512265171945,70.73573893433776,73.37185492448207,78.08804608602534,0.0,0.0,0.0,0.0,1.0
bbox_expand_4x__bbox_mean__object_minus_ring_normalized,leave_one_out,distance_range,,,mid,160,85.0,11.180339887498949,77.04268710357097,11.914682182962288,10.149221697662774,0.13437953070765266,0.1273806222370889,14.76257509432482,-0.7434689873246361,-7.957312896429028,-9.242716149783703,21.599874851655706,24.847768167997238,45.81859151321077,0.225,0.475,0.75625,0.2625,0.7375
bbox_expand_4x__bbox_mean__object_minus_ring_normalized,leave_one_out,distance_range,,,near,200,40.0,14.142135623730951,76.68270251778473,37.40077434190723,38.20514266412351,1.2346692745201218,0.9633845699584883,40.081316761274074,-7.03255976658795,36.682702517784726,37.82429618513435,58.207052558816805,59.51808872845287,63.56825629790869,0.0,0.01,0.18,0.99,0.01
bbox_expand_4x__bbox_mean__object_minus_ring_normalized,leave_one_out,weather__distance_range,clear_sky,,far,60,130.0,14.719601443879744,78.91802186712832,51.08197813287167,45.33273848374878,0.3853337099136253,0.3647429754413154,53.30947144502754,-12.116460364991726,-51.08197813287167,-45.33273848374878,71.59378587758344,73.37185492448207,74.16320269720072,0.0,0.0,0.0,0.0,1.0
bbox_expand_4x__bbox_mean__object_minus_ring_normalized,leave_one_out,weather__distance_range,clear_sky,,mid,80,85.0,11.180339887498949,75.91123219533604,12.747916636686266,10.560126694438331,0.14423846755713915,0.13072690984510676,15.79260484684329,-0.9952509427883052,-9.088767804663966,-10.149221697662774,23.379099866080363,28.35064094973095,45.81859151321077,0.2,0.4125,0.725,0.225,0.775
bbox_expand_4x__bbox_mean__object_minus_ring_normalized,leave_one_out,weather__distance_range,clear_sky,,near,100,40.0,14.142135623730951,76.53329140727175,36.533291407271754,36.979088615972216,1.2056866321411461,0.9271969999032684,39.338730307270616,-6.7376785109408575,36.533291407271754,36.979088615972216,57.11618665705464,59.43188305275819,63.56825629790869,0.0,0.0,0.21,1.0,0.0
bbox_expand_4x__bbox_mean__object_minus_ring_normalized,leave_one_out,weather__distance_range,light_rain,,far,60,130.0,14.719601443879744,79.68337195399131,50.31662804600869,45.401512265171945,0.3797231569940914,0.36321209812137556,52.415049113608575,-11.680018647301532,-50.31662804600869,-45.401512265171945,70.36667476310504,70.84196923019469,78.08804608602534,0.0,0.0,0.0,0.0,1.0
bbox_expand_4x__bbox_mean__object_minus_ring_normalized,leave_one_out,weather__distance_range,light_rain,,mid,80,85.0,11.180339887498949,78.17414201180591,11.08144772923831,9.593784187293359,0.12452059385816616,0.12543373007629638,13.655067886415681,-0.49168703186096674,-6.8258579881940875,-8.179451582842908,20.55532717419229,22.19496928761537,38.699356961945014,0.25,0.5375,0.7875,0.3,0.7
bbox_expand_4x__bbox_mean__object_minus_ring_normalized,leave_one_out,weather__distance_range,light_rain,,near,100,40.0,14.142135623730951,76.83211362829769,38.2682572765427,39.02559929355242,1.2636519168990974,0.9756399823388104,40.810393338548074,-7.327441022235046,36.832113628297684,38.921979884838876,58.212310356784734,59.64294557685515,61.767328371201614,0.0,0.02,0.15,0.98,0.02
bbox_expand_4x__bbox_mean__object_minus_ring_normalized,leave_one_out,time_of_day__distance_range,,10AM,far,60,130.0,14.719601443879744,78.23210173267792,51.76789826732208,45.610696119059014,0.3910765035505198,0.36730601220538067,53.854907725489525,-12.38623578209688,-51.76789826732208,-45.610696119059014,71.59378587758344,73.3760356690326,78.08804608602534,0.0,0.0,0.0,0.0,1.0
bbox_expand_4x__bbox_mean__object_minus_ring_normalized,leave_one_out,time_of_day__distance_range,,10AM,mid,80,85.0,11.180339887498949,75.2050843330298,13.06968447455758,10.560126694438331,0.14733934617310485,0.12920710284473336,16.30388688016059,-1.1265338192085808,-9.794915666970205,-10.38446878402496,24.667413868932798,31.62797731580765,45.81859151321077,0.2,0.4375,0.7375,0.225,0.775
bbox_expand_4x__bbox_mean__object_minus_ring_normalized,leave_one_out,time_of_day__distance_range,,10AM,near,100,40.0,14.142135623730951,75.37797698053268,36.81412062877769,38.01738479866633,1.210874062963142,0.9638989518609176,39.339708680397656,-6.738063395292773,35.37797698053268,37.45148705473103,54.70826561954085,58.21812073657946,60.11829873675225,0.0,0.02,0.16,0.98,0.02
bbox_expand_4x__bbox_mean__object_minus_ring_normalized,leave_one_out,time_of_day__distance_range,,8PM,far,60,130.0,14.719601443879744,80.36929208844171,49.630707911558275,44.941054633102915,0.37398036335719687,0.3595284370648233,51.85446975149987,-11.410243230196377,-49.630707911558275,-44.941054633102915,70.35469356326226,71.25685031848447,74.16320269720072,0.0,0.0,0.0,0.0,1.0
bbox_expand_4x__bbox_mean__object_minus_ring_normalized,leave_one_out,time_of_day__distance_range,,8PM,mid,80,85.0,11.180339887498949,78.88028987411215,10.759679891366996,9.842641931259642,0.12141971524220044,0.12700964002339887,13.040341998202592,-0.36040415544069115,-6.11971012588785,-6.78239806719052,20.987886902387228,21.815916635072455,28.292122404423246,0.25,0.5125,0.775,0.3,0.7
bbox_expand_4x__bbox_mean__object_minus_ring_normalized,leave_one_out,time_of_day__distance_range,,8PM,near,100,40.0,14.142135623730951,77.98742805503679,37.987428055036766,38.34229418480756,1.2584644860771015,0.9585573546201889,40.80945022389576,-7.327056137883128,37.987428055036766,38.34229418480756,59.29149152212544,59.61763347254188,63.56825629790869,0.0,0.0,0.2,1.0,0.0
bbox_expand_4x__bbox_midpoint__object_depth,leave_one_out,weather,clear_sky,,,240,77.5,38.37859646556485,75.32667178129647,30.769615138071362,25.951492866616448,0.5807336631337324,0.3416972426770144,37.327326678101244,0.05403384423172475,-2.173328218703534,-2.2559958678652876,62.995450921913495,70.65640353165065,87.68048423600682,0.1,0.17916666666666667,0.37083333333333335,0.4791666666666667,0.5208333333333334
bbox_expand_4x__bbox_midpoint__object_depth,leave_one_out,weather,light_rain,,,240,77.5,38.37859646556485,79.69255027737636,29.19644199458745,27.54328578977803,0.5952514587380334,0.31761578783863686,34.92946941697738,0.1716654028277963,2.1925502773763563,4.404600292212685,57.05020356258137,66.52855937143244,76.69138878569532,0.10416666666666667,0.19166666666666668,0.375,0.5583333333333333,0.44166666666666665
bbox_expand_4x__bbox_midpoint__object_depth,leave_one_out,time_of_day,,10AM,,240,77.5,38.37859646556485,75.75553604199052,28.613364448885054,24.718011371571315,0.5341216110857208,0.31376939232431694,34.72954777260117,0.18112034727736093,-1.744463958009472,-0.19542699648997086,58.80692363072085,66.36478697611078,87.68048423600682,0.10416666666666667,0.2,0.4041666666666667,0.49583333333333335,0.5041666666666667
bbox_expand_4x__bbox_midpoint__object_depth,leave_one_out,time_of_day,,8PM,,240,77.5,38.37859646556485,79.26368601668231,31.352692683773753,28.285692606373388,0.6418635107860451,0.35063397574050176,37.51340643284558,0.04457889978216001,1.763686016682296,4.440743457822499,62.86480250189469,68.06877065949901,87.60879067684203,0.1,0.17083333333333334,0.3416666666666667,0.5416666666666666,0.4583333333333333
bbox_expand_4x__bbox_midpoint__object_depth,leave_one_out,distance_range,,,far,120,130.0,14.719601443879744,82.66169759476958,47.33830240523043,43.79295065104131,0.35594074069239134,0.3554416236543062,50.47278624940682,-10.757702238976817,-47.33830240523043,-43.79295065104131,70.75898590243565,77.04346135798234,87.68048423600682,0.0,0.0,0.025,0.0,1.0
bbox_expand_4x__bbox_midpoint__object_depth,leave_one_out,distance_range,,,mid,160,85.0,11.180339887498949,78.8573282924208,12.374238388890225,11.570607658283777,0.14445502463380638,0.13612092733699563,15.136408335897457,-0.8328868584882083,-6.1426717075792014,-7.147267338678077,24.434027079106333,27.42228921232695,43.15048090091295,0.2625,0.45,0.8,0.35,0.65
bbox_expand_4x__bbox_midpoint__object_depth,leave_one_out,distance_range,,,near,200,40.0,14.142135623730951,73.34018527960899,33.65689640494014,32.56440781863421,1.082053682123639,0.838318387771286,37.739721831334286,-6.121433019532449,33.340185279609,32.56440781863421,57.0615706061114,62.760626783368366,76.69138878569532,0.035,0.085,0.24,0.965,0.035
bbox_expand_4x__bbox_midpoint__object_depth,leave_one_out,weather__distance_range,clear_sky,,far,60,130.0,14.719601443879744,79.99933838634577,50.00066161365421,45.80197661144822,0.37610125438271275,0.3850085625606809,53.327874449319914,-12.125517815149667,-50.00066161365421,-45.80197661144822,77.13274843655194,81.09357494891482,87.68048423600682,0.0,0.0,0.03333333333333333,0.0,1.0
bbox_expand_4x__bbox_midpoint__object_depth,leave_one_out,weather__distance_range,clear_sky,,mid,80,85.0,11.180339887498949,75.7246597402939,14.026210891778089,12.904924401695048,0.16217638219891906,0.15402421531868532,16.903280633696113,-1.2857671694518884,-9.275340259706109,-10.021145377350514,25.98044459961923,27.84273982812668,43.15048090091295,0.225,0.3875,0.725,0.25,0.75
bbox_expand_4x__bbox_midpoint__object_depth,leave_one_out,weather__distance_range,clear_sky,,near,100,40.0,14.142135623730951,72.20468145106892,32.625710649756265,28.824259356632012,1.0383589331321947,0.7500995049535619,37.53793185201081,-6.045481638631038,32.20468145106893,28.824259356632012,58.99133511142823,65.05538126347412,73.04068423910347,0.06,0.12,0.29,0.95,0.05
bbox_expand_4x__bbox_midpoint__object_depth,leave_one_out,weather__distance_range,light_rain,,far,60,130.0,14.719601443879744,85.32405680319337,44.675943196806635,40.892517931694066,0.33578022700206994,0.32805921569373403,47.446202274515,-9.389886662803967,-44.675943196806635,-40.892517931694066,68.05866464521817,68.83724738856299,71.9208014569352,0.0,0.0,0.016666666666666666,0.0,1.0
bbox_expand_4x__bbox_midpoint__object_depth,leave_one_out,weather__distance_range,light_rain,,mid,80,85.0,11.180339887498949,81.9899968445477,10.722265886002358,9.910267643230696,0.12673366706869374,0.12086001335478114,13.133956694026594,-0.3800065475245278,-3.0100031554522966,-1.311248114444652,20.82847408241246,25.2249904461401,34.41989091490538,0.3,0.5125,0.875,0.45,0.55
bbox_expand_4x__bbox_midpoint__object_depth,leave_one_out,weather__distance_range,light_rain,,near,100,40.0,14.142135623730951,74.47568910814907,34.688082160124004,35.372280974666616,1.1257484311150834,0.938014411381108,37.94043858585153,-6.197384400433859,34.47568910814907,35.372280974666616,55.471693163700465,61.61503239974939,76.69138878569532,0.01,0.05,0.19,0.98,0.02
bbox_expand_4x__bbox_midpoint__object_depth,leave_one_out,time_of_day__distance_range,,10AM,far,60,130.0,14.719601443879744,83.22614655617578,46.77385344382423,42.3062738796001,0.3522119549233139,0.3384501910368008,49.6696782982746,-10.386508964249646,-46.77385344382423,-42.3062738796001,68.35134152833642,72.17247009805905,87.68048423600682,0.0,0.0,0.016666666666666666,0.0,1.0
bbox_expand_4x__bbox_midpoint__object_depth,leave_one_out,time_of_day__distance_range,,10AM,mid,80,85.0,11.180339887498949,77.28935996459391,12.641406245644173,11.462863729372366,0.14701867925889572,0.13553452915669623,15.777740157311447,-0.9914966757731059,-7.710640035406084,-8.016475512531333,24.52699244692224,27.988583792738297,43.15048090091295,0.2625,0.45,0.8,0.3,0.7
bbox_expand_4x__bbox_midpoint__object_depth,leave_one_out,time_of_day__distance_range,,10AM,near,100,40.0,14.142135623730951,70.04611059539667,30.494637614514254,28.152598435842663,0.9529497502446249,0.6922887415408874,34.8617804973407,-5.076718697223822,30.046110595396673,28.152598435842663,53.698079484273876,59.04316342556589,71.9559460897683,0.04,0.12,0.32,0.95,0.05
bbox_expand_4x__bbox_midpoint__object_depth,leave_one_out,time_of_day__distance_range,,8PM,far,60,130.0,14.719601443879744,82.0972486333634,47.90275136663661,44.866074046079596,0.35966952646146877,0.36606402554219997,51.263313990635936,-11.128895513703986,-47.90275136663661,-44.866074046079596,71.9392364810733,78.84810102684803,87.60879067684203,0.0,0.0,0.03333333333333333,0.0,1.0
bbox_expand_4x__bbox_midpoint__object_depth,leave_one_out,time_of_day__distance_range,,8PM,mid,80,85.0,11.180339887498949,80.42529662024768,12.107070532136277,11.67053353910756,0.14189137000871707,0.14153348168756158,14.466673085074321,-0.6742770412033103,-4.574703379752321,-4.433380658901925,24.43402707910634,25.91449606903876,32.38036606809098,0.2625,0.45,0.8,0.4,0.6
bbox_expand_4x__bbox_midpoint__object_depth,leave_one_out,time_of_day__distance_range,,8PM,near,100,40.0,14.142135623730951,76.63425996382131,36.81915519536602,37.84265945248944,1.2111576140026534,1.0212570980112323,40.41323382715389,-7.166147341841077,36.634259963821336,37.84265945248944,59.6390605946138,65.69010498775977,76.69138878569532,0.03,0.05,0.16,0.98,0.02
bbox_expand_4x__bbox_midpoint__object_depth_percentile_5_95,leave_one_out,weather,clear_sky,,,240,77.5,38.37859646556485,76.99265618900148,32.40028534132396,28.81999459522548,0.6457755248791425,0.3446445711585388,38.33601673060566,0.002217700411240364,-0.507343810998511,-1.057490337239507,64.1548080775699,67.89370596738408,88.16001448446332,0.041666666666666664,0.12916666666666668,0.3416666666666667,0.49166666666666664,0.5083333333333333
bbox_expand_4x__bbox_midpoint__object_depth_percentile_5_95,leave_one_out,weather,light_rain,,,240,77.5,38.37859646556485,78.0073996203107,29.709999065065364,28.89220324855807,0.6062818610704866,0.3358657277821191,35.675596935073216,0.13589937198949575,0.5073996203106996,1.4592870313847612,59.37173950626025,66.63449820373215,88.16001448446332,0.12916666666666668,0.21666666666666667,0.35,0.5166666666666667,0.48333333333333334
bbox_expand_4x__bbox_midpoint__object_depth_percentile_5_95,leave_one_out,time_of_day,,10AM,,240,77.5,38.37859646556485,74.31060807903768,31.083024593172272,30.592463119346412,0.5969257386936744,0.3538573076759401,37.11617713945424,0.06470567098341462,-3.1893919209623203,-3.000856767616341,61.11245053473389,70.1072693178609,88.16001448446332,0.07916666666666666,0.17916666666666667,0.3541666666666667,0.475,0.525
bbox_expand_4x__bbox_midpoint__object_depth_percentile_5_95,leave_one_out,time_of_day,,8PM,,240,77.5,38.37859646556485,80.68944773027451,31.027259813217054,27.970757474677384,0.6551316472559549,0.3172602280328494,36.94303439074458,0.07341140141732161,3.1894477302745106,3.6673213273241316,63.004503159554616,66.53017301598081,88.16001448446332,0.09166666666666666,0.16666666666666666,0.3375,0.5333333333333333,0.4666666666666667
bbox_expand_4x__bbox_midpoint__object_depth_percentile_5_95,leave_one_out,distance_range,,,far,120,130.0,14.719601443879744,82.31102819777486,47.68897180222515,44.546857552237924,0.3588038171282061,0.3469874984829559,51.064674015360936,-11.035081225977283,-47.68897180222515,-44.546857552237924,71.66876846249315,77.71878106776117,88.16001448446332,0.0,0.0,0.03333333333333333,0.0,1.0
bbox_expand_4x__bbox_midpoint__object_depth_percentile_5_95,leave_one_out,distance_range,,,mid,160,85.0,11.180339887498949,76.66767291703323,13.299558109311215,12.14013388773391,0.15267874548162755,0.13688411999646327,16.339704748841747,-1.135887610234572,-8.332327082966767,-7.65385858454119,27.780397559521717,29.005322809724877,37.843667047012,0.2125,0.45625,0.775,0.2625,0.7375
bbox_expand_4x__bbox_midpoint__object_depth_percentile_5_95,leave_one_out,distance_range,,,near,200,40.0,14.142135623730951,75.27931171888312,35.27931171888313,35.21841703861442,1.1650435764773295,0.9532464614250963,38.89381382856656,-6.563643770655975,35.27931171888313,35.21841703861442,59.35553736935378,64.93548176326821,74.22806843563693,0.035,0.05,0.19,1.0,0.0
bbox_expand_4x__bbox_midpoint__object_depth_percentile_5_95,leave_one_out,weather__distance_range,clear_sky,,far,60,130.0,14.719601443879744,80.41178303124171,49.58821696875827,45.12273207122134,0.37263176383275465,0.3609997024258511,53.196405091161836,-12.060880836721488,-49.58821696875827,-45.12273207122134,75.52049898973792,80.9976252279188,88.16001448446332,0.0,0.0,0.016666666666666666,0.0,1.0
bbox_expand_4x__bbox_midpoint__object_depth_percentile_5_95,leave_one_out,weather__distance_range,clear_sky,,mid,80,85.0,11.180339887498949,75.62407476503509,14.96463676886508,14.153437562583925,0.17326294792382285,0.16925242164622017,17.563514008263315,-1.467816194547693,-9.375925234964907,-11.19383611415779,27.78039755952173,29.324007255479703,37.843667047012,0.1125,0.3625,0.7375,0.225,0.775
bbox_expand_4x__bbox_midpoint__object_depth_percentile_5_95,leave_one_out,weather__distance_range,clear_sky,,near,100,40.0,14.142135623730951,76.03604522283047,36.03604522283046,34.744302203854105,1.187671843071231,0.9865950989907994,39.78019985894619,-6.912321504088513,36.03604522283046,34.744302203854105,62.224482888053835,65.58252643278178,67.87218102449226,0.01,0.02,0.22,1.0,0.0
bbox_expand_4x__bbox_midpoint__object_depth_percentile_5_95,leave_one_out,weather__distance_range,light_rain,,far,60,130.0,14.719601443879744,84.21027336430798,45.789726635692006,44.23216345949251,0.34497587042365746,0.3431492110486846,48.8399872027744,-10.009281615233078,-45.789726635692006,-44.23216345949251,69.51892209486172,71.96903756810164,88.16001448446332,0.0,0.0,0.05,0.0,1.0
bbox_expand_4x__bbox_midpoint__object_depth_percentile_5_95,leave_one_out,weather__distance_range,light_rain,,mid,80,85.0,11.180339887498949,77.71127106903137,11.634479449757352,8.499747793270899,0.13209454303943224,0.11720551534889814,15.016486880764802,-0.8039590259214513,-7.288728930968628,-5.828412041201624,25.934754951642713,27.904304852502726,37.843667047012,0.3125,0.55,0.8125,0.3,0.7
bbox_expand_4x__bbox_midpoint__object_depth_percentile_5_95,leave_one_out,weather__distance_range,light_rain,,near,100,40.0,14.142135623730951,74.5225782149358,34.52257821493579,35.73361564426861,1.1424153098834275,0.9532464614250963,37.986750419648786,-6.214966037223435,34.52257821493579,35.73361564426861,49.84740364164717,62.47382677545136,74.22806843563693,0.06,0.08,0.16,1.0,0.0
bbox_expand_4x__bbox_midpoint__object_depth_percentile_5_95,leave_one_out,time_of_day__distance_range,,10AM,far,60,130.0,14.719601443879744,78.83534011260153,51.164659887398486,48.62464793128047,0.3860230839195438,0.39488330240586766,54.254611383707385,-12.585674721832818,-51.164659887398486,-48.62464793128047,75.12764964975122,80.9976252279188,88.16001448446332,0.0,0.0,0.016666666666666666,0.0,1.0
bbox_expand_4x__bbox_midpoint__object_depth_percentile_5_95,leave_one_out,time_of_day__distance_range,,10AM,mid,80,85.0,11.180339887498949,73.19083492711447,14.261094638420508,12.296270534595912,0.16070650104969414,0.1422413272142341,17.556090428285934,-1.465730489009224,-11.809165072885536,-11.846715688214253,27.872420339586473,37.843667047012,37.843667047012,0.1625,0.45,0.7875,0.175,0.825
bbox_expand_4x__bbox_midpoint__object_depth_percentile_5_95,leave_one_out,time_of_day__distance_range,,10AM,near,100,40.0,14.142135623730951,72.49158738043795,32.49158738043795,33.10525505305171,1.072442721673337,0.8594084204912498,35.966021330339565,-5.467773451672203,32.49158738043795,33.10525505305171,50.35921290431418,55.92999470101092,74.22806843563693,0.06,0.07,0.21,1.0,0.0
bbox_expand_4x__bbox_midpoint__object_depth_percentile_5_95,leave_one_out,time_of_day__distance_range,,8PM,far,60,130.0,14.719601443879744,85.78671628294819,44.2132837170518,39.843994708504276,0.33158455033686846,0.32751270444012226,47.66171428088844,-9.484487730121746,-44.2132837170518,-39.843994708504276,68.27202557024597,71.8338677840276,88.16001448446332,0.0,0.0,0.05,0.0,1.0
bbox_expand_4x__bbox_midpoint__object_depth_percentile_5_95,leave_one_out,time_of_day__distance_range,,8PM,mid,80,85.0,11.180339887498949,80.14451090695201,12.338021580201923,11.98714063170793,0.14465098991356098,0.1321090080053539,15.025165271386872,-0.8060447314599208,-4.855489093047998,-4.8220877606094135,23.67023889886776,27.78039755952173,30.25854341914176,0.2625,0.4625,0.7625,0.35,0.65
bbox_expand_4x__bbox_midpoint__object_depth_percentile_5_95,leave_one_out,time_of_day__distance_range,,8PM,near,100,40.0,14.142135623730951,78.06703605732831,38.06703605732831,38.93687925508026,1.2576444312813218,1.0562607139584232,41.61613650890661,-7.659514089639746,38.06703605732831,38.93687925508026,63.08456434101041,66.05708514839398,73.39016375575825,0.01,0.03,0.17,1.0,0.0
bbox_expand_4x__bbox_midpoint__object_minus_ring,leave_one_out,weather,clear_sky,,,240,77.5,38.37859646556485,74.81206382645378,30.251135121045802,27.474891206433945,0.5725570632236342,0.31694879780387075,36.283120883803726,0.10621904764783219,-2.6879361735462037,-2.3234990455335733,62.45469873837428,67.698077003845,81.23675123037174,0.10833333333333334,0.175,0.38333333333333336,0.4708333333333333,0.5291666666666667
bbox_expand_4x__bbox_midpoint__object_minus_ring,leave_one_out,weather,light_rain,,,240,77.5,38.37859646556485,80.16774968218357,29.57993659540817,27.93571419369701,0.6017593526709784,0.31926299507259204,35.238255158221946,0.15695527472976145,2.6677496821835596,4.84616005540245,61.131821304310215,63.93866453337662,77.81747013319053,0.10833333333333334,0.2,0.3541666666666667,0.5416666666666666,0.4583333333333333
bbox_expand_4x__bbox_midpoint__object_minus_ring,leave_one_out,time_of_day,,10AM,,240,77.5,38.37859646556485,74.0738885950546,29.858476755880552,27.474891206433945,0.5446833937223795,0.3671592195166021,35.71687212683042,0.13389875789011219,-3.4261114049454098,-2.1159303912437863,61.4496080473803,65.56259623652862,81.23675123037174,0.11666666666666667,0.1875,0.3541666666666667,0.4791666666666667,0.5208333333333334
bbox_expand_4x__bbox_midpoint__object_minus_ring,leave_one_out,time_of_day,,8PM,,240,77.5,38.37859646556485,80.90592491358277,29.97259496057342,27.749052745678746,0.6296330221722332,0.29730303589015905,35.81207244966861,0.12927556448748145,3.4059249135827714,3.7744228896961687,61.42145186337195,63.859051363831966,77.27520050369671,0.1,0.1875,0.38333333333333336,0.5333333333333333,0.4666666666666667
bbox_expand_4x__bbox_midpoint__object_minus_ring,leave_one_out,distance_range,,,far,120,130.0,14.719601443879744,84.46318938805943,45.53681061194057,39.07919166434611,0.34256896345649346,0.3184844075808745,48.15476149049289,-9.702527942490415,-45.53681061194057,-39.07919166434611,65.9898804926266,69.97156201912593,81.23675123037174,0.0,0.0,0.0,0.0,1.0
bbox_expand_4x__bbox_midpoint__object_minus_ring,leave_one_out,distance_range,,,mid,160,85.0,11.180339887498949,77.89130500981638,13.482591417086748,12.174916950007699,0.1593988594705235,0.13400296417624163,17.446812394947248,-1.4351301019558793,-7.108694990183622,-5.5456084828556484,25.3831260211822,38.09034541536396,77.60419915550719,0.25,0.425,0.81875,0.3375,0.6625
bbox_expand_4x__bbox_midpoint__object_minus_ring,leave_one_out,distance_range,,,near,200,40.0,14.142135623730951,72.98481856967607,33.68912655891103,35.02816936861906,1.0761192334232204,0.7663510124128305,37.88136405250293,-6.174988712391307,32.984818569676065,35.02816936861906,57.48866216983233,64.97149473670883,70.06298350974444,0.06,0.11,0.23,0.945,0.055
bbox_expand_4x__bbox_midpoint__object_minus_ring,leave_one_out,weather__distance_range,clear_sky,,far,60,130.0,14.719601443879744,83.3042122161397,46.695787783860304,41.1625434991413,0.3514801226644149,0.3293003479931304,49.40172696853116,-10.263987511415225,-46.695787783860304,-41.1625434991413,67.83830387587052,71.93832901366183,81.23675123037174,0.0,0.0,0.0,0.0,1.0
bbox_expand_4x__bbox_midpoint__object_minus_ring,leave_one_out,weather__distance_range,clear_sky,,mid,80,85.0,11.180339887498949,74.43426870710813,16.489901283963054,16.164527360696965,0.19634988608135678,0.1884684942265076,21.02202367554633,-2.5354038353218433,-10.565731292891869,-10.695039795323709,32.595207022032156,41.15925257615282,77.60419915550719,0.2125,0.325,0.7375,0.275,0.725
bbox_expand_4x__bbox_midpoint__object_minus_ring,leave_one_out,weather__distance_range,clear_sky,,near,100,40.0,14.142135623730951,70.01901088811877,31.393330593023297,29.3459799117852,1.0061689692729876,0.6970175959860616,36.6286350625948,-5.708284532743746,30.019010888118796,29.3459799117852,58.34957702179941,63.74190289295922,68.60684510414954,0.09,0.16,0.33,0.91,0.09
bbox_expand_4x__bbox_midpoint__object_minus_ring,leave_one_out,weather__distance_range,light_rain,,far,60,130.0,14.719601443879744,85.62216655997919,44.37783344002083,38.65070445544884,0.333657804248572,0.31629476093317715,46.87463579527007,-9.141068373565608,-44.37783344002083,-38.65070445544884,63.943106194210266,65.99225483208507,77.81747013319053,0.0,0.0,0.0,0.0,1.0
bbox_expand_4x__bbox_midpoint__object_minus_ring,leave_one_out,weather__distance_range,light_rain,,mid,80,85.0,11.180339887498949,81.34834131252462,10.475281550210443,9.282535395174065,0.12244783285969026,0.11918201247879928,12.917315745685691,-0.33485636858991574,-3.6516586874753765,-2.415406267267187,19.617799287174794,22.86047708454108,42.55985790661226,0.2875,0.525,0.9,0.4,0.6
bbox_expand_4x__bbox_midpoint__object_minus_ring,leave_one_out,weather__distance_range,light_rain,,near,100,40.0,14.142135623730951,75.95062625123334,35.98492252479876,37.04435487155847,1.1460694975734529,0.9234425711898779,39.09397112609275,-6.641692892038868,35.950626251233345,37.04435487155847,55.05603791549608,64.97149473670883,70.06298350974444,0.03,0.06,0.13,0.98,0.02
bbox_expand_4x__bbox_midpoint__object_minus_ring,leave_one_out,time_of_day__distance_range,,10AM,far,60,130.0,14.719601443879744,82.50372024982933,47.49627975017065,41.64100976915247,0.3582519585974111,0.3394464011048314,50.00531291410703,-10.540913782943504,-47.49627975017065,-41.64100976915247,67.83830387587052,71.3294918711292,81.23675123037174,0.0,0.0,0.0,0.0,1.0
bbox_expand_4x__bbox_midpoint__object_minus_ring,leave_one_out,time_of_day__distance_range,,10AM,mid,80,85.0,11.180339887498949,73.5722457174961,15.891680680263255,13.477080869593173,0.18714195323713484,0.15406386721294288,20.986686935854333,-2.523528228348471,-11.427754282503894,-10.195810557021304,38.09261037558906,41.25599085525786,77.60419915550719,0.25,0.3875,0.7,0.275,0.725
bbox_expand_4x__bbox_midpoint__object_minus_ring,leave_one_out,time_of_day__distance_range,,10AM,near,100,40.0,14.142135623730951,69.41730390423652,30.44923181980033,28.978353596284137,0.9425754071855563,0.7102105395350312,34.77062375398163,-5.0449813812047575,29.41730390423652,28.978353596284137,50.40547034508293,58.47391615175896,70.06298350974444,0.08,0.14,0.29,0.93,0.07
bbox_expand_4x__bbox_midpoint__object_minus_ring,leave_one_out,time_of_day__distance_range,,8PM,far,60,130.0,14.719601443879744,86.42265852628954,43.57734147371048,37.16873759757321,0.32688596831557587,0.2980845401123631,46.23019347541988,-8.86414210203733,-43.57734147371048,-37.16873759757321,63.62742173338228,64.12239452370416,77.27520050369671,0.0,0.0,0.0,0.0,1.0
bbox_expand_4x__bbox_midpoint__object_minus_ring,leave_one_out,time_of_day__distance_range,,8PM,mid,80,85.0,11.180339887498949,82.21036430213665,11.073502153910237,11.305770867249365,0.13165576570391221,0.12214410392943484,12.97464823975629,-0.34673197556328805,-2.7896356978633476,-2.4036150260722664,19.264392210457682,21.341562151249416,28.607110401229193,0.25,0.4625,0.9375,0.4,0.6
bbox_expand_4x__bbox_midpoint__object_minus_ring,leave_one_out,time_of_day__distance_range,,8PM,near,100,40.0,14.142135623730951,76.55233323511561,36.92902129802173,38.27873842530125,1.2096630596608844,0.9690504368926327,40.755358036895856,-7.304996043577857,36.55233323511562,38.27873842530125,58.88479931104941,67.98175578038231,69.01464074429447,0.04,0.08,0.17,0.96,0.04
bbox_expand_4x__bbox_midpoint__object_minus_ring_normalized,leave_one_out,weather,clear_sky,,,240,77.5,38.37859646556485,76.91436763137156,32.31263919407466,31.066468997129128,0.646285244464684,0.3488044369126446,37.9297191373315,0.023255268682194186,-0.5856323686284516,0.012996999663698716,61.02286655760508,69.54164468778198,79.21947106663652,0.07083333333333333,0.12916666666666668,0.325,0.5,0.5
bbox_expand_4x__bbox_midpoint__object_minus_ring_normalized,leave_one_out,weather,light_rain,,,240,77.5,38.37859646556485,77.99596998833123,32.06170573182206,32.898554477707826,0.6591819836529471,0.35231226570661967,37.80965032276696,0.02942936971095078,0.49596998833122447,1.0675824464740202,60.765440108446825,69.18046315873104,76.31906818574751,0.08333333333333333,0.18333333333333332,0.3375,0.5291666666666667,0.4708333333333333
bbox_expand_4x__bbox_midpoint__object_minus_ring_normalized,leave_one_out,time_of_day,,10AM,,240,77.5,38.37859646556485,75.83910256932641,32.42054500361565,33.01907628601121,0.6447171103487849,0.3532932924345284,38.005145839676956,0.01936671436823878,-1.6608974306735755,-0.6725205417068878,58.75924709690547,69.82636590711051,79.21947106663652,0.07083333333333333,0.15833333333333333,0.31666666666666665,0.49166666666666664,0.5083333333333333
bbox_expand_4x__bbox_midpoint__object_minus_ring_normalized,leave_one_out,time_of_day,,8PM,,240,77.5,38.37859646556485,79.07123505037636,31.95379992228107,31.686790440193555,0.6607501177688461,0.34788311134116146,37.73383284363847,0.033317924024905854,1.5712350503763504,3.0173457541855555,61.04532145109935,69.22977520671411,72.96737914039261,0.08333333333333333,0.15416666666666667,0.3458333333333333,0.5375,0.4625
bbox_expand_4x__bbox_midpoint__object_minus_ring_normalized,leave_one_out,distance_range,,,far,120,130.0,14.719601443879744,79.52815376094375,50.47184623905626,44.391518167906916,0.38076456446803253,0.35773288905697065,52.66250000380155,-11.80002572300184,-50.47184623905626,-44.391518167906916,70.37384416469867,71.99499735807834,79.21947106663652,0.0,0.0,0.0,0.0,1.0
bbox_expand_4x__bbox_midpoint__object_minus_ring_normalized,leave_one_out,distance_range,,,mid,160,85.0,11.180339887498949,77.05153297113907,12.068035738088039,10.366135066114488,0.13666933181265567,0.13181497916383422,15.031075235559765,-0.8074657818964643,-7.948467028860925,-9.13348789426064,21.697674878751958,27.648365782174665,50.671604279574254,0.225,0.45625,0.81875,0.30625,0.69375
bbox_expand_4x__bbox_midpoint__object_minus_ring_normalized,leave_one_out,distance_range,,,near,200,40.0,14.142135623730951,76.53428651016583,37.311677577171885,38.85413450421407,1.2287664696102132,0.9750254889713821,39.964108640882145,-6.9856498973011565,36.53428651016583,38.82600075576211,57.26749505400844,60.43942171884963,61.91229504051884,0.005,0.01,0.14,0.99,0.01
bbox_expand_4x__bbox_midpoint__object_minus_ring_normalized,leave_one_out,weather__distance_range,clear_sky,,far,60,130.0,14.719601443879744,78.94778296399231,51.05221703600767,44.359314581537326,0.3852331517593118,0.3582355697295555,53.303312646829454,-12.113429872887613,-51.05221703600767,-44.359314581537326,70.87791397690047,73.04199890110546,79.21947106663652,0.0,0.0,0.0,0.0,1.0
bbox_expand_4x__bbox_midpoint__object_minus_ring_normalized,leave_one_out,weather__distance_range,clear_sky,,mid,80,85.0,11.180339887498949,75.82707823941935,12.943567373517187,10.788324835933935,0.14720494242930648,0.1445977981089498,15.9100386098517,-1.0250346285357743,-9.17292176058065,-9.426077781354898,23.731253920193975,28.85686972261017,44.595170990426354,0.2125,0.3875,0.775,0.25,0.75
bbox_expand_4x__bbox_midpoint__object_minus_ring_normalized,leave_one_out,weather__distance_range,clear_sky,,near,100,40.0,14.142135623730951,76.56414994536084,36.56414994536084,38.402882626483944,1.2021807417162094,0.9709790236286988,39.31339821078149,-6.727716394397387,36.56414994536084,38.402882626483944,58.51832282273425,60.03183967528598,61.1457142347425,0.0,0.0,0.16,1.0,0.0
bbox_expand_4x__bbox_midpoint__object_minus_ring_normalized,leave_one_out,weather__distance_range,light_rain,,far,60,130.0,14.719601443879744,80.10852455789515,49.89147544210485,44.509962723630956,0.3762959771767534,0.3575314225106586,52.01379311466477,-11.486621573116068,-49.89147544210485,-44.509962723630956,69.82443155420606,70.41433109401014,76.31906818574751,0.0,0.0,0.0,0.0,1.0
bbox_expand_4x__bbox_midpoint__object_minus_ring_normalized,leave_one_out,weather__distance_range,light_rain,,mid,80,85.0,11.180339887498949,78.2759877028588,11.192504102658893,9.822667525779949,0.12613372119600488,0.12318166047453757,14.097415256249787,-0.5898969352571541,-6.724012297141202,-8.739030886882354,20.885288422029678,22.379933422188664,50.671604279574254,0.2375,0.525,0.8625,0.3625,0.6375
bbox_expand_4x__bbox_midpoint__object_minus_ring_normalized,leave_one_out,weather__distance_range,light_rain,,near,100,40.0,14.142135623730951,76.5044230749708,38.059205208982924,39.25739017080105,1.255352197504217,0.9904676160330348,40.60439237374431,-7.243583400204924,36.5044230749708,39.088867839789415,56.87620974194152,60.45312656796845,61.91229504051884,0.01,0.02,0.12,0.98,0.02
bbox_expand_4x__bbox_midpoint__object_minus_ring_normalized,leave_one_out,time_of_day__distance_range,,10AM,far,60,130.0,14.719601443879744,78.55182159805311,51.44817840194689,44.790135991891454,0.3884651003654157,0.35921802730671104,53.634321575576,-12.276802080949066,-51.44817840194689,-44.790135991891454,71.60030820968895,74.45986564191614,79.21947106663652,0.0,0.0,0.0,0.0,1.0
bbox_expand_4x__bbox_midpoint__object_minus_ring_normalized,leave_one_out,time_of_day__distance_range,,10AM,mid,80,85.0,11.180339887498949,75.04250467493176,13.171086707363974,10.125913956121877,0.14890656776903946,0.13181497916383422,16.60419199776064,-1.205593535187988,-9.957495325068233,-9.505331969528513,24.449974070523194,30.775180779572462,50.671604279574254,0.2,0.4625,0.7875,0.25,0.75
bbox_expand_4x__bbox_midpoint__object_minus_ring_normalized,leave_one_out,time_of_day__distance_range,,10AM,near,100,40.0,14.142135623730951,74.84874946760615,36.40353160161826,37.538841843193154,1.1951167504026032,0.9710957581985804,38.987113777068686,-6.599975203330496,34.84874946760615,37.1227185064966,54.75813685731868,57.640027473268354,61.30932263482863,0.01,0.01,0.13,0.98,0.02
bbox_expand_4x__bbox_midpoint__object_minus_ring_normalized,leave_one_out,time_of_day__distance_range,,8PM,far,60,130.0,14.719601443879744,80.50448592383438,49.49551407616563,44.171473362300375,0.3730640285706494,0.35353506888119,51.672404264060525,-11.323249365054616,-49.49551407616563,-44.171473362300375,69.67493766419865,70.30438078879838,72.96737914039261,0.0,0.0,0.0,0.0,1.0
bbox_expand_4x__bbox_midpoint__object_minus_ring_normalized,leave_one_out,time_of_day__distance_range,,8PM,mid,80,85.0,11.180339887498949,79.06056126734639,10.964984768812105,10.480507768238937,0.12443209585627191,0.13233582978616004,13.272801270855279,-0.4093380286049402,-5.939438732653617,-7.618199656430654,20.427042161340864,21.684835797114687,32.83015791502122,0.25,0.45,0.85,0.3625,0.6375
bbox_expand_4x__bbox_midpoint__object_minus_ring_normalized,leave_one_out,time_of_day__distance_range,,8PM,near,100,40.0,14.142135623730951,78.2198235527255,38.21982355272551,39.03678234655293,1.2624161888178234,0.9871486274501852,40.91778242102525,-7.371324591271817,38.21982355272551,39.03678234655293,59.326264591763305,61.02171219434428,61.91229504051884,0.0,0.01,0.15,1.0,0.0
bbox_expand_4x__inner50_median__object_depth,leave_one_out,weather,clear_sky,,,240,77.5,38.37859646556485,75.98430132057713,31.827993155447857,28.495956761134238,0.6202487338681275,0.3589062049502375,38.06119990417908,0.016471894893885453,-1.5156986794228677,-1.8314348671034963,63.1007632019053,69.9746830796339,86.17341162941855,0.07916666666666666,0.17083333333333334,0.35833333333333334,0.4875,0.5125
bbox_expand_4x__inner50_median__object_depth,leave_one_out,weather,light_rain,,,240,77.5,38.37859646556485,79.0361395925265,30.420190181051247,28.534820308850037,0.6272988581309205,0.3334132210238849,36.50778120460435,0.09511643214714827,1.5361395925264938,3.193848802839291,61.34238063401315,68.39179719936746,73.77131169812687,0.11666666666666667,0.18333333333333332,0.3625,0.5291666666666667,0.4708333333333333
bbox_expand_4x__inner50_median__object_depth,leave_one_out,time_of_day,,10AM,,240,77.5,38.37859646556485,76.54820771705435,30.24419577768371,28.220934124788407,0.5929272194575711,0.3334132210238849,36.242561295311916,0.10821618155964374,-0.9517922829456419,-1.2911871223917792,63.1007632019053,67.24367605674229,85.17924295120363,0.10416666666666667,0.18333333333333332,0.37916666666666665,0.49583333333333335,0.5041666666666667
bbox_expand_4x__inner50_median__object_depth,leave_one_out,time_of_day,,8PM,,240,77.5,38.37859646556485,78.47223319604926,32.003987558815396,29.351365416242363,0.6546203725414769,0.3555953155948891,38.313832715935675,0.0033721454813898655,0.9722331960492719,1.7281997376288274,61.26362396892941,70.77663843417814,86.17341162941855,0.09166666666666666,0.17083333333333334,0.3416666666666667,0.5208333333333334,0.4791666666666667
bbox_expand_4x__inner50_median__object_depth,leave_one_out,distance_range,,,far,120,130.0,14.719601443879744,80.17015382408229,49.8298461759177,44.5103194913555,0.3752433372430109,0.36392066864275696,52.55835684718862,-11.749450189891164,-49.8298461759177,-44.5103194913555,73.24298331439076,77.61779842135739,86.17341162941855,0.0,0.0,0.008333333333333333,0.0,1.0
bbox_expand_4x__inner50_median__object_depth,leave_one_out,distance_range,,,mid,160,85.0,11.180339887498949,78.15164352413706,11.683736111678142,10.605300344753658,0.13440649977451607,0.12907949515236133,14.209963834554863,-0.615384577434857,-6.848356475862943,-6.579248884936256,24.488287733741437,26.43548083563063,39.30055191659665,0.25,0.48125,0.8375,0.29375,0.70625
bbox_expand_4x__inner50_median__object_depth,leave_one_out,distance_range,,,near,200,40.0,14.142135623730951,75.40112198196533,35.45292340890578,34.539634745671414,1.1643859082334382,0.8742805537552303,38.97179299859882,-6.594003247628181,35.40112198196533,34.539634745671414,57.707841830415994,62.533853919491925,70.7655534951128,0.035,0.04,0.19,0.985,0.015
bbox_expand_4x__inner50_median__object_depth,leave_one_out,weather__distance_range,clear_sky,,far,60,130.0,14.719601443879744,78.30353380225438,51.69646619774564,45.490083580344624,0.3892440693817824,0.37705004948463605,54.5928879159463,-12.755615743091118,-51.69646619774564,-45.490083580344624,77.66552441746622,81.70367320509966,86.17341162941855,0.0,0.0,0.0,0.0,1.0
bbox_expand_4x__inner50_median__object_depth,leave_one_out,weather__distance_range,clear_sky,,mid,80,85.0,11.180339887498949,75.88092482094484,13.322266012880885,12.144038917140357,0.15225602516531467,0.15582944027854473,15.887324328158613,-1.0192565944648044,-9.119075179055168,-8.548073832057213,25.32085679032375,26.7668537288329,39.30055191659665,0.175,0.45,0.7875,0.225,0.775
bbox_expand_4x__inner50_median__object_depth,leave_one_out,weather__distance_range,clear_sky,,near,100,40.0,14.142135623730951,74.67546303127664,34.711491044122766,33.51432413770421,1.133245699522185,0.8317665162646305,38.55666149320749,-6.433080727508947,34.67546303127663,33.51432413770421,57.991070707101585,61.42293217787636,69.92138996401363,0.05,0.05,0.23,0.99,0.01
bbox_expand_4x__inner50_median__object_depth,leave_one_out,weather__distance_range,light_rain,,far,60,130.0,14.719601443879744,82.03677384591023,47.96322615408977,42.4242664456343,0.36124260510423944,0.3483217123850933,50.441831231129605,-10.743284636691211,-47.96322615408977,-42.4242664456343,70.41650980181771,71.89763579521177,73.77131169812687,0.0,0.0,0.016666666666666666,0.0,1.0
bbox_expand_4x__inner50_median__object_depth,leave_one_out,weather__distance_range,light_rain,,mid,80,85.0,11.180339887498949,80.42236222732927,10.045206210475403,9.838722545322234,0.11655697438371745,0.11342390867044533,12.306058266179862,-0.21151256040490996,-4.577637772670721,-4.060192491656807,20.047380476555574,23.167025436761605,28.210777618524688,0.325,0.5125,0.8875,0.3625,0.6375
bbox_expand_4x__inner50_median__object_depth,leave_one_out,weather__distance_range,light_rain,,near,100,40.0,14.142135623730951,76.12678093265401,36.1943557736888,36.050902999545734,1.1955261169446914,0.9548329392780743,39.38254884526245,-6.754925767747413,36.12678093265402,36.050902999545734,56.80315723399649,62.58230091081224,70.7655534951128,0.02,0.03,0.15,0.98,0.02
bbox_expand_4x__inner50_median__object_depth,leave_one_out,time_of_day__distance_range,,10AM,far,60,130.0,14.719601443879744,80.96286453414619,49.03713546585382,42.56542561701019,0.3696733710385602,0.35515104940236786,51.56050536474599,-11.26993406216,-49.03713546585382,-42.56542561701019,70.41650980181771,73.86599978733854,85.17924295120363,0.0,0.0,0.0,0.0,1.0
bbox_expand_4x__inner50_median__object_depth,leave_one_out,time_of_day__distance_range,,10AM,mid,80,85.0,11.180339887498949,77.16967138777704,12.12630999875299,10.852773500774425,0.13927906535841308,0.1311730763461625,14.7335671674626,-0.7366240118250549,-7.8303286122229565,-7.580344369442528,25.279457979045098,26.758882406954942,39.30055191659665,0.25,0.4875,0.825,0.2625,0.7375
bbox_expand_4x__inner50_median__object_depth,leave_one_out,time_of_day__distance_range,,10AM,near,100,40.0,14.142135623730951,73.40224269022112,33.46274058792621,31.653745168302358,1.089798051788304,0.8197512478144449,37.198144697328026,-5.918509844616765,33.40224269022111,31.653745168302358,54.832174178544086,63.82004227884468,68.37549094841731,0.05,0.05,0.25,0.98,0.02
bbox_expand_4x__inner50_median__object_depth,leave_one_out,time_of_day__distance_range,,8PM,far,60,130.0,14.719601443879744,79.3774431140184,50.622556885981595,45.31198020084563,0.3808133034474617,0.37668729800621303,53.537613277814664,-12.228966317622325,-50.622556885981595,-45.31198020084563,73.730724877715,80.06251056809957,86.17341162941855,0.0,0.0,0.016666666666666666,0.0,1.0
bbox_expand_4x__inner50_median__object_depth,leave_one_out,time_of_day__distance_range,,8PM,mid,80,85.0,11.180339887498949,79.13361566049707,11.241162224603295,10.601519074361327,0.12953393419061907,0.1278027369873045,13.666314165881829,-0.49414514304465884,-5.866384339502931,-5.403849772288588,23.07534250712083,25.33379635436425,30.185187223312127,0.25,0.475,0.85,0.325,0.675
bbox_expand_4x__inner50_median__object_depth,leave_one_out,time_of_day__distance_range,,8PM,near,100,40.0,14.142135623730951,77.40000127370955,37.44310622988536,38.466746775866966,1.2389737646785723,0.9965248087777376,40.66816113531467,-7.269496650639592,37.400001273709556,38.466746775866966,58.99297100335833,61.262612368618356,70.7655534951128,0.02,0.03,0.13,0.99,0.01
bbox_expand_4x__inner50_median__object_depth_percentile_5_95,leave_one_out,weather,clear_sky,,,240,77.5,38.37859646556485,77.09134829745128,32.28789576590285,30.52400237580266,0.6486149438910147,0.3533026574356132,38.17791244511634,0.010430778839964239,-0.4086517025487183,-0.9806379028184011,63.22485756085879,69.60034725282225,88.96354646545026,0.07083333333333333,0.13333333333333333,0.35,0.49583333333333335,0.5041666666666667
bbox_expand_4x__inner50_median__object_depth_percentile_5_95,leave_one_out,weather,light_rain,,,240,77.5,38.37859646556485,77.90312911423378,30.817340585841908,29.613380548211524,0.633891960255275,0.3556797620679437,36.868503222389975,0.07714634464992576,0.403129114233775,1.839303354180732,57.92508081242577,66.80296445377917,88.96354646545026,0.1125,0.22083333333333333,0.32916666666666666,0.5166666666666667,0.48333333333333334
bbox_expand_4x__inner50_median__object_depth_percentile_5_95,leave_one_out,time_of_day,,10AM,,240,77.5,38.37859646556485,74.73281523621965,31.65107448570211,30.776856036690276,0.6202032866723404,0.36323282187752093,37.64840197935898,0.03769018052657347,-2.7671847637803597,-3.024250707239439,61.17982408386174,69.68612696869225,88.96354646545026,0.08333333333333333,0.1875,0.3416666666666667,0.4791666666666667,0.5208333333333334
bbox_expand_4x__inner50_median__object_depth_percentile_5_95,leave_one_out,time_of_day,,8PM,,240,77.5,38.37859646556485,80.26166217546543,31.45416186604265,29.511809496891615,0.6623036174739493,0.3207576941339224,37.40905447785266,0.049886942963316416,2.761662175465415,3.185914061087388,61.77563725526967,68.35591154080541,88.96354646545026,0.1,0.16666666666666666,0.3375,0.5333333333333333,0.4666666666666667
bbox_expand_4x__inner50_median__object_depth_percentile_5_95,leave_one_out,distance_range,,,far,120,130.0,14.719601443879744,80.9755385629785,49.0244614370215,45.69151364790749,0.3691514075209516,0.3643273217733382,51.90587621788489,-11.434861473598714,-49.0244614370215,-45.69151364790749,72.63430709687285,77.68177135839596,88.96354646545026,0.0,0.0,0.008333333333333333,0.0,1.0
bbox_expand_4x__inner50_median__object_depth_percentile_5_95,leave_one_out,distance_range,,,mid,160,85.0,11.180339887498949,76.57654657022661,12.705992824783916,10.750499646977914,0.14473458639561876,0.12499600721701176,15.576700049535745,-0.9410686754656552,-8.423453429773389,-9.052322684123894,23.656062892466,28.42831325236292,38.51751878787749,0.24375,0.46875,0.8,0.26875,0.73125
bbox_expand_4x__inner50_median__object_depth_percentile_5_95,leave_one_out,distance_range,,,near,200,40.0,14.142135623730951,76.1468125000537,36.146812500053684,36.66373743030383,1.2017297713464816,0.9533687874682333,39.61778104736838,-6.847842875586105,36.146812500053684,36.66373743030383,59.10588763082212,62.68256522200561,70.91500844592716,0.025,0.05,0.17,1.0,0.0
bbox_expand_4x__inner50_median__object_depth_percentile_5_95,leave_one_out,weather__distance_range,clear_sky,,far,60,130.0,14.719601443879744,79.91715834163102,50.08284165836896,45.46387350874185,0.3764989214665751,0.37137600260478343,53.14704384416268,-12.036653550953927,-50.08284165836896,-45.46387350874185,75.23650459609543,79.50321482832872,88.96354646545026,0.0,0.0,0.016666666666666666,0.0,1.0
bbox_expand_4x__inner50_median__object_depth_percentile_5_95,leave_one_out,weather__distance_range,clear_sky,,mid,80,85.0,11.180339887498949,75.83679000119585,13.80216991899712,13.14304408283143,0.15848568635606833,0.154299728301107,16.397082597585783,-1.1509145416964044,-9.163209998804154,-10.64661623039143,23.72769599658966,28.655406137628976,38.51751878787749,0.2,0.3625,0.8125,0.2375,0.7625
bbox_expand_4x__inner50_median__object_depth_percentile_5_95,leave_one_out,weather__distance_range,clear_sky,,near,100,40.0,14.142135623730951,76.39950890794779,36.39950890794778,35.5948892421706,1.2039879633736355,0.9901141796875713,39.85311507281552,-6.941353905035379,36.39950890794778,35.5948892421706,59.70255891654215,63.09447424129814,70.91500844592716,0.01,0.03,0.18,1.0,0.0
bbox_expand_4x__inner50_median__object_depth_percentile_5_95,leave_one_out,weather__distance_range,light_rain,,far,60,130.0,14.719601443879744,82.03391878432596,47.96608121567406,45.69151364790749,0.3618038935753279,0.3632679736058132,50.63429373971189,-10.83306939624351,-47.96608121567406,-45.69151364790749,70.79891226258789,73.93436455094611,88.96354646545026,0.0,0.0,0.0,0.0,1.0
bbox_expand_4x__inner50_median__object_depth_percentile_5_95,leave_one_out,weather__distance_range,light_rain,,mid,80,85.0,11.180339887498949,77.31630313925739,11.609815730570713,8.611179647987598,0.13098348643516924,0.11169191583007888,14.710637346980016,-0.7312228092349062,-7.68369686074262,-5.602501835675838,23.61459537784138,28.428313252362905,38.51751878787749,0.2875,0.575,0.7875,0.3,0.7
bbox_expand_4x__inner50_median__object_depth_percentile_5_95,leave_one_out,weather__distance_range,light_rain,,near,100,40.0,14.142135623730951,75.8941160921596,35.89411609215958,37.242247898689065,1.199471579319328,0.9233536531980904,39.38104073316709,-6.754331846136829,35.89411609215958,37.242247898689065,56.90555613215829,61.78848344942656,70.74324155023662,0.04,0.07,0.16,1.0,0.0
bbox_expand_4x__inner50_median__object_depth_percentile_5_95,leave_one_out,time_of_day__distance_range,,10AM,far,60,130.0,14.719601443879744,78.29429698813001,51.705703011869986,46.95392117022534,0.39049435071221256,0.37932067757317856,54.29346393163237,-12.605139503209838,-51.705703011869986,-46.95392117022534,74.18157830474257,78.5401492405415,88.96354646545026,0.0,0.0,0.0,0.0,1.0
bbox_expand_4x__inner50_median__object_depth_percentile_5_95,leave_one_out,time_of_day__distance_range,,10AM,mid,80,85.0,11.180339887498949,73.34446008678341,14.040683317425856,11.350477982314722,0.15794061652725472,0.12611642202571913,17.193596351641297,-1.364958044025383,-11.655539913216574,-10.813117054195217,28.428313252362905,37.46857761691751,38.51751878787749,0.1875,0.4625,0.7875,0.1875,0.8125
bbox_expand_4x__inner50_median__object_depth_percentile_5_95,leave_one_out,time_of_day__distance_range,,10AM,near,100,40.0,14.142135623730951,73.70661030462239,33.70661030462239,34.53976843615881,1.1278387843644853,0.888134119200233,37.37112885662868,-5.983006360093724,33.70661030462239,34.53976843615881,56.44949801232945,59.915553990667746,70.74324155023662,0.05,0.08,0.19,1.0,0.0
bbox_expand_4x__inner50_median__object_depth_percentile_5_95,leave_one_out,time_of_day__distance_range,,8PM,far,60,130.0,14.719601443879744,83.65678013782697,46.34321986217302,40.20188241857986,0.3478084643296905,0.32851532700524444,49.40303377523806,-10.264583443987593,-46.34321986217302,-40.20188241857986,70.70885476603492,73.6598053950845,88.96354646545026,0.0,0.0,0.016666666666666666,0.0,1.0
bbox_expand_4x__inner50_median__object_depth_percentile_5_95,leave_one_out,time_of_day__distance_range,,8PM,mid,80,85.0,11.180339887498949,79.8086330536698,11.371302332141976,10.307090508862949,0.1315285562639828,0.12430025824793063,13.771253151519687,-0.5171793069059274,-5.191366946330204,-3.8141484764402236,22.21819155761463,23.577323417835366,28.428313252362948,0.3,0.475,0.8125,0.35,0.65
bbox_expand_4x__inner50_median__object_depth_percentile_5_95,leave_one_out,time_of_day__distance_range,,8PM,near,100,40.0,14.142135623730951,78.58701469548498,38.587014695484974,39.60456718750285,1.275620758328478,1.003589896006733,41.7436926758486,-7.712679391078481,38.587014695484974,39.60456718750285,60.147805594258195,63.891433870567816,70.91500844592716,0.0,0.02,0.15,1.0,0.0
bbox_expand_4x__inner50_median__object_minus_ring,leave_one_out,weather,clear_sky,,,240,77.5,38.37859646556485,75.46385488428963,31.37219537869409,29.991750079340157,0.6121304858607083,0.3406576480954797,37.12814622612409,0.06410235325253588,-2.0361451157103887,-1.0044514556428652,63.638224351274445,67.07137593538022,78.32806208582832,0.07916666666666666,0.15833333333333333,0.3333333333333333,0.49583333333333335,0.5041666666666667
bbox_expand_4x__inner50_median__object_minus_ring,leave_one_out,weather,light_rain,,,240,77.5,38.37859646556485,79.51451594508643,31.034091183683184,31.425109377407885,0.6386867233206897,0.3408083588504447,36.937934460828615,0.07366721206282079,2.014515945086426,3.5519876106084283,62.91273392150594,66.4753157249152,78.5813490943531,0.10833333333333334,0.1875,0.35833333333333334,0.5458333333333333,0.45416666666666666
bbox_expand_4x__inner50_median__object_minus_ring,leave_one_out,time_of_day,,10AM,,240,77.5,38.37859646556485,75.09580460621576,31.35420570432367,30.64790801204564,0.6032127687472572,0.36364381398770307,37.10247738663397,0.06539598649458433,-2.4041953937842266,-0.39437005861252317,62.865842891671846,67.33190333689092,78.5813490943531,0.09583333333333334,0.175,0.32083333333333336,0.49166666666666664,0.5083333333333333
bbox_expand_4x__inner50_median__object_minus_ring,leave_one_out,time_of_day,,8PM,,240,77.5,38.37859646556485,79.88256622316025,31.0520808580536,30.98014348204584,0.6476044404341408,0.32950454641967364,36.963717564596195,0.07237357882077233,2.382566223160266,3.764173443440356,63.57138190128765,66.61415738117138,78.32806208582832,0.09166666666666666,0.17083333333333334,0.37083333333333335,0.55,0.45
bbox_expand_4x__inner50_median__object_minus_ring,leave_one_out,distance_range,,,far,120,130.0,14.719601443879744,81.62943400704629,48.37056599295372,42.45922811130235,0.36439438030392374,0.34003806935430203,50.71159328975864,-10.869226279934892,-48.37056599295372,-42.45922811130235,67.9353031556487,71.36485527601499,78.5813490943531,0.0,0.0,0.0,0.0,1.0
bbox_expand_4x__inner50_median__object_minus_ring,leave_one_out,distance_range,,,mid,160,85.0,11.180339887498949,77.23154398731803,12.856024361464677,11.47658308948482,0.14917609448628877,0.15715781983734492,16.47108597410365,-1.1703733853305125,-7.768456012681957,-7.42331811786886,22.935292115362824,34.05802918843183,74.54746494914168,0.2375,0.44375,0.83125,0.35,0.65
bbox_expand_4x__inner50_median__object_minus_ring,leave_one_out,distance_range,,,near,200,40.0,14.142135623730951,75.21114940116904,35.580384789908756,34.23222286392055,1.163003147246292,0.8903717260686532,39.13381579121208,-6.657277691902599,35.21114940116904,34.23222286392055,58.80580176763347,63.36577723114436,67.66335980378307,0.035,0.06,0.165,0.97,0.03
bbox_expand_4x__inner50_median__object_minus_ring,leave_one_out,weather__distance_range,clear_sky,,far,60,130.0,14.719601443879744,81.01789141324343,48.98210858675655,42.57115588374858,0.36897285535229263,0.34056924706998865,51.39896786194503,-11.193171833568886,-48.98210858675655,-42.57115588374858,69.19786238317474,71.90021419839185,78.32806208582832,0.0,0.0,0.0,0.0,1.0
bbox_expand_4x__inner50_median__object_minus_ring,leave_one_out,weather__distance_range,clear_sky,,mid,80,85.0,11.180339887498949,74.54857214793842,15.410214954741306,13.257896979585482,0.18043486244960855,0.17102601348193502,19.586152022036668,-2.0689388082426485,-10.451427852061581,-8.841357752889465,29.832408519703698,38.435641571964105,74.54746494914168,0.175,0.375,0.7375,0.3,0.7
bbox_expand_4x__inner50_median__object_minus_ring,leave_one_out,weather__distance_range,clear_sky,,near,100,40.0,14.142135623730951,72.86365915599826,33.575831793018835,32.16313513349212,1.1033815628946375,0.7383164594135652,37.63498322125393,-6.081959810320326,32.86365915599827,32.16313513349212,56.34079289609331,63.367178059592455,66.85757344856502,0.05,0.08,0.21,0.95,0.05
bbox_expand_4x__inner50_median__object_minus_ring,leave_one_out,weather__distance_range,light_rain,,far,60,130.0,14.719601443879744,82.24097660084912,47.75902339915089,42.147114477162106,0.3598159052555549,0.33967382489041886,50.014772724651344,-10.5452807263009,-47.75902339915089,-42.147114477162106,67.33824773277982,68.17722061310457,78.5813490943531,0.0,0.0,0.0,0.0,1.0
bbox_expand_4x__inner50_median__object_minus_ring,leave_one_out,weather__distance_range,light_rain,,mid,80,85.0,11.180339887498949,79.91451582669767,10.301833768188043,9.519403592063497,0.11791732652296898,0.11850070206080585,12.608568328811055,-0.27180796241837735,-5.085484173302334,-5.24686704282589,19.053405943102167,20.397131729774088,37.57304834804721,0.3,0.5125,0.925,0.4,0.6
bbox_expand_4x__inner50_median__object_minus_ring,leave_one_out,weather__distance_range,light_rain,,near,100,40.0,14.142135623730951,77.55863964633981,37.584937786798676,36.06537862420225,1.222624731597947,0.9382634414575751,40.57732266546148,-7.232595573484868,37.55863964633981,36.06537862420225,60.13073530482347,62.88365075977147,67.66335980378307,0.02,0.04,0.12,0.99,0.01
bbox_expand_4x__inner50_median__object_minus_ring,leave_one_out,time_of_day__distance_range,,10AM,far,60,130.0,14.719601443879744,80.34134605936806,49.65865394063193,43.179780817582035,0.3748753808826547,0.34700520895071835,51.87413007975225,-11.41965556091257,-49.65865394063193,-43.179780817582035,69.03103960910698,71.75835278304741,78.5813490943531,0.0,0.0,0.0,0.0,1.0
bbox_expand_4x__inner50_median__object_minus_ring,leave_one_out,time_of_day__distance_range,,10AM,mid,80,85.0,11.180339887498949,73.8082875396711,14.939239579302631,11.678995543855713,0.1732338862126132,0.16282121256664345,19.601288850346595,-2.073684196757774,-11.191712460328892,-8.225794028898555,34.15183544917244,38.435641571964105,74.54746494914168,0.2125,0.425,0.75,0.275,0.725
bbox_expand_4x__inner50_median__object_minus_ring,leave_one_out,time_of_day__distance_range,,10AM,near,100,40.0,14.142135623730951,72.97849338756014,33.50350966255556,32.777040475427356,1.0841983074937338,0.8072462080077518,37.173936368741366,-5.90950772573616,32.97849338756013,32.777040475427356,54.035388440172596,61.823876318980304,67.66335980378307,0.06,0.08,0.17,0.96,0.04
bbox_expand_4x__inner50_median__object_minus_ring,leave_one_out,time_of_day__distance_range,,8PM,far,60,130.0,14.719601443879744,82.91752195472449,47.082478045275515,41.47434206637479,0.35391337972519266,0.33179473653099834,49.521773155256966,-10.318796998957215,-47.082478045275515,-41.47434206637479,67.30817214891833,68.1358016653568,78.32806208582832,0.0,0.0,0.0,0.0,1.0
bbox_expand_4x__inner50_median__object_minus_ring,leave_one_out,time_of_day__distance_range,,8PM,mid,80,85.0,11.180339887498949,80.65480043496498,10.77280914362672,10.768406154999454,0.12511830275996433,0.14406544219233297,12.585023708277486,-0.2670625739032513,-4.345199565035022,-5.776756815401704,19.434961623105742,20.78600139390162,27.032909489384622,0.2625,0.4625,0.9125,0.425,0.575
bbox_expand_4x__inner50_median__object_minus_ring,leave_one_out,time_of_day__distance_range,,8PM,near,100,40.0,14.142135623730951,77.44380541477796,37.657259917261946,38.323871723581185,1.241807986998851,0.9580967930895297,41.000116239027996,-7.405047658069035,37.443805414777955,38.323871723581185,60.22862232255814,63.56793119455688,66.85757344856502,0.01,0.04,0.16,0.98,0.02
bbox_expand_4x__inner50_median__object_minus_ring_normalized,leave_one_out,weather,clear_sky,,,240,77.5,38.37859646556485,77.05178041038182,32.401152518096026,29.64954097507382,0.6525753959866667,0.34422374585573356,38.07690087937347,0.015660279098637542,-0.44821958961817926,-0.667195265632337,59.700591929934085,70.69685846499574,73.73736097582056,0.06666666666666667,0.1375,0.325,0.4875,0.5125
bbox_expand_4x__inner50_median__object_minus_ring_normalized,leave_one_out,weather,light_rain,,,240,77.5,38.37859646556485,77.87870821914991,32.262199805901965,33.03477063794906,0.6622379268203101,0.35715774867588607,38.08767852000088,0.015102966873254187,0.3787082191499015,-0.1797038298224649,59.69452348158825,70.34540442414479,75.96067273274613,0.08333333333333333,0.17083333333333334,0.3333333333333333,0.49166666666666664,0.5083333333333333
bbox_expand_4x__inner50_median__object_minus_ring_normalized,leave_one_out,time_of_day,,10AM,,240,77.5,38.37859646556485,76.28354312271628,32.56635176216811,33.81878328945512,0.653879375472356,0.3591426920088356,38.204043776839974,0.009075670108488976,-1.2164568772837072,-0.9509860419819205,59.62860156271459,70.71179778669847,75.96067273274613,0.0625,0.14583333333333334,0.325,0.4791666666666667,0.5208333333333334
bbox_expand_4x__inner50_median__object_minus_ring_normalized,leave_one_out,time_of_day,,8PM,,240,77.5,38.37859646556485,78.64694550681543,32.09700056182987,30.02242199747151,0.6609339473346209,0.3447192643219349,37.96014587324268,0.021687575863402753,1.1469455068154333,2.3034246660889437,59.700591929934085,70.46535005921008,73.44347863331971,0.0875,0.1625,0.3333333333333333,0.5,0.5
bbox_expand_4x__inner50_median__object_minus_ring_normalized,leave_one_out,distance_range,,,far,120,130.0,14.719601443879744,78.85048074512196,51.14951925487805,45.578536806375446,0.3859803231511421,0.3646282944510036,53.27557210320258,-12.099784228877862,-51.14951925487805,-45.578536806375446,70.98933274044198,72.23195947681835,75.96067273274613,0.0,0.0,0.0,0.0,1.0
bbox_expand_4x__inner50_median__object_minus_ring_normalized,leave_one_out,distance_range,,,mid,160,85.0,11.180339887498949,77.10627503633737,11.76149866943461,10.339236841481437,0.1325222823578297,0.12828284363250536,14.454162207715976,-0.6713824410157181,-7.893724963662629,-10.336671467456874,21.630938976434244,23.989067799620088,41.9685900120686,0.225,0.45625,0.73125,0.23125,0.76875
bbox_expand_4x__inner50_median__object_minus_ring_normalized,leave_one_out,distance_range,,,near,200,40.0,14.142135623730951,76.921277879295,37.49711230032307,38.32952003918951,1.2401699675914233,0.9681141488682472,40.13123183866883,-7.052578844444936,36.921277879295,38.32952003918951,58.82502637049288,59.66145979501055,60.44712667022496,0.0,0.005,0.205,0.99,0.01
bbox_expand_4x__inner50_median__object_minus_ring_normalized,leave_one_out,weather__distance_range,clear_sky,,far,60,130.0,14.719601443879744,78.54043391936874,51.45956608063128,45.593222085747264,0.38833600520518924,0.3647457766859781,53.628309549636555,-12.27382577762295,-51.45956608063128,-45.593222085747264,71.36991343099764,72.27464930256261,73.73736097582056,0.0,0.0,0.0,0.0,1.0
bbox_expand_4x__inner50_median__object_minus_ring_normalized,leave_one_out,weather__distance_range,clear_sky,,mid,80,85.0,11.180339887498949,76.11700775829623,12.475774960491925,10.594697121045236,0.14104573840853937,0.1314857154209935,15.185014141047027,-0.8446772357103856,-8.882992241703775,-10.594697121045236,21.901823633201566,27.56840198491788,39.066462085715294,0.2,0.4125,0.7,0.2125,0.7875
bbox_expand_4x__inner50_median__object_minus_ring_normalized,leave_one_out,weather__distance_range,clear_sky,,near,100,40.0,14.142135623730951,76.90640642665817,36.90640642665815,37.95263973618691,1.2203427565180553,0.9569581584098064,39.61787271831104,-6.847879193621471,36.90640642665815,37.95263973618691,58.03807978164567,59.667638947347925,60.315747194021185,0.0,0.0,0.22,1.0,0.0
bbox_expand_4x__inner50_median__object_minus_ring_normalized,leave_one_out,weather__distance_range,light_rain,,far,60,130.0,14.719601443879744,79.16052757087517,50.83947242912482,45.578536806375446,0.383624641097095,0.3646282944510036,52.920483564452,-11.925742680132771,-50.83947242912482,-45.578536806375446,70.82234276772388,70.9815957856338,75.96067273274613,0.0,0.0,0.0,0.0,1.0
bbox_expand_4x__inner50_median__object_minus_ring_normalized,leave_one_out,weather__distance_range,light_rain,,mid,80,85.0,11.180339887498949,78.09554231437852,11.047222378377295,9.806499965721883,0.12399882630712003,0.12386162297134268,13.684332493407611,-0.49808764632105107,-6.90445768562148,-9.31771850969048,21.052201157052576,21.790485041035375,41.9685900120686,0.25,0.5,0.7625,0.25,0.75
bbox_expand_4x__inner50_median__object_minus_ring_normalized,leave_one_out,weather__distance_range,light_rain,,near,100,40.0,14.142135623730951,76.93614933193184,38.08781817398797,38.8623247809788,1.2599971786647912,0.972372348748751,40.638106489521384,-7.2572784952684,36.936149331931844,38.8623247809788,59.05839384364421,59.619971390189214,60.44712667022496,0.0,0.01,0.19,0.98,0.02
bbox_expand_4x__inner50_median__object_minus_ring_normalized,leave_one_out,time_of_day__distance_range,,10AM,far,60,130.0,14.719601443879744,78.15738843217234,51.84261156782766,45.85690298707894,0.3915345065844003,0.3668552238966315,53.93259360015911,-12.424883011261185,-51.84261156782766,-45.85690298707894,71.483536265157,72.34268070797336,75.96067273274613,0.0,0.0,0.0,0.0,1.0
bbox_expand_4x__inner50_median__object_minus_ring_normalized,leave_one_out,time_of_day__distance_range,,10AM,mid,80,85.0,11.180339887498949,75.56025880556436,12.705181319608164,10.594697121045236,0.14317859769092908,0.1289214634132993,15.646584469910099,-0.9585248445922552,-9.439741194435644,-10.594697121045236,23.460539894366075,27.577173842961816,41.9685900120686,0.1875,0.425,0.7125,0.2125,0.7875
bbox_expand_4x__inner50_median__object_minus_ring_normalized,leave_one_out,time_of_day__distance_range,,10AM,near,100,40.0,14.142135623730951,75.7378633907642,36.889532232820336,38.32952003918951,1.219846919030271,0.9679010186765251,39.51999785226856,-6.809151151216558,35.737863390764204,38.32952003918951,57.59466811920676,59.208211976261076,60.44712667022496,0.0,0.01,0.21,0.98,0.02
bbox_expand_4x__inner50_median__object_minus_ring_normalized,leave_one_out,time_of_day__distance_range,,8PM,far,60,130.0,14.719601443879744,79.54357305807157,50.45642694192842,45.45568937625848,0.3804261397178839,0.36364551501006787,52.610346068118105,-11.774685446494539,-50.45642694192842,-45.45568937625848,70.86153640748704,71.16049693198254,73.44347863331971,0.0,0.0,0.0,0.0,1.0
bbox_expand_4x__inner50_median__object_minus_ring_normalized,leave_one_out,time_of_day__distance_range,,8PM,mid,80,85.0,11.180339887498949,78.65229126711039,10.817816019261056,10.041581952535175,0.12186596702473032,0.12660319979457646,13.154086995299128,-0.384240037439181,-6.34770873288961,-7.364971221032178,21.048293846205418,21.632524947417473,28.211154072887723,0.2625,0.4875,0.75,0.25,0.75
bbox_expand_4x__inner50_median__object_minus_ring_normalized,leave_one_out,time_of_day__distance_range,,8PM,near,100,40.0,14.142135623730951,78.10469236782579,38.10469236782579,38.44488719292457,1.2604930161525756,0.9683416297146138,40.73329482787591,-7.296006537673312,38.10469236782579,38.44488719292457,59.18772853843931,59.68027185599716,60.41769688790127,0.0,0.0,0.2,1.0,0.0
bbox_only__bbox_mean__object_depth,leave_one_out,weather,clear_sky,,,240,77.5,38.37859646556485,77.76400859420932,30.92174337341938,29.448248739304468,0.6360854730197718,0.3353883602433214,37.5445749401516,0.042990591839326076,0.2640085942093075,1.6041385383569562,62.11177875018058,70.06704283368526,85.87577281187275,0.0875,0.175,0.4,0.5208333333333334,0.4791666666666667
bbox_only__bbox_mean__object_depth,leave_one_out,weather,light_rain,,,240,77.5,38.37859646556485,77.28940076463087,31.752846032043042,30.409468205891322,0.6281575453223722,0.36248577326729947,37.60546594412872,0.03988385705797459,-0.21059923536914577,5.503430492231402,60.68299405808737,71.66164962154767,86.74234303686913,0.0625,0.15,0.35,0.5291666666666667,0.4708333333333333
bbox_only__bbox_mean__object_depth,leave_one_out,time_of_day,,10AM,,240,77.5,38.37859646556485,74.64448475694877,31.64800545360307,30.409468205891322,0.6195457923554035,0.3635609529351803,38.209714878570274,0.008781457809356907,-2.8555152430512254,-0.9203107799082346,61.58185740411208,71.02219742001614,86.74234303686913,0.07083333333333333,0.18333333333333332,0.3875,0.49166666666666664,0.5083333333333333
bbox_only__bbox_mean__object_depth,leave_one_out,time_of_day,,8PM,,240,77.5,38.37859646556485,80.40892460189139,31.026583951859344,29.978918421963506,0.6446972259867407,0.3386845769050224,36.92944442054402,0.07409299108794332,2.9089246018913855,6.898052610273858,61.62422244962057,70.70207717544253,77.32773109961563,0.07916666666666666,0.14166666666666666,0.3625,0.5583333333333333,0.44166666666666665
bbox_only__bbox_mean__object_depth,leave_one_out,distance_range,,,far,120,130.0,14.719601443879744,79.16741908776712,50.83258091223289,47.278894484075295,0.3839745749362694,0.38011518194186145,53.27673464705562,-12.100355944551278,-50.83258091223289,-47.278894484075295,73.17176538826229,77.70671205937226,86.74234303686913,0.0,0.0,0.0,0.0,1.0
bbox_only__bbox_mean__object_depth,leave_one_out,distance_range,,,mid,160,85.0,11.180339887498949,79.05411320682026,11.737011908404316,10.957912512981444,0.13475777526610805,0.13237320204613207,14.06103949284094,-0.5817026529538609,-5.9458867931797315,-7.37985323431721,21.16393931696706,27.45508152786391,37.37888701197799,0.2,0.43125,0.875,0.325,0.675
bbox_only__bbox_mean__object_depth,leave_one_out,distance_range,,,near,200,40.0,14.142135623730951,75.3203492124917,35.32034921249171,33.89357418411366,1.178900656835925,0.8569010175958492,39.08072253025741,-6.636514367434845,35.32034921249171,33.89357418411366,57.131024811394596,62.01078166552732,85.87577281187275,0.02,0.045,0.2,1.0,0.0
bbox_only__bbox_mean__object_depth,leave_one_out,weather__distance_range,clear_sky,,far,60,130.0,14.719601443879744,80.37605151145301,49.62394848854698,47.553205192791005,0.37452364358032797,0.38177504767180925,52.14729909467931,-11.550803705553578,-49.62394848854698,-47.553205192791005,70.68380620504439,73.65207788057195,82.33435378458125,0.0,0.0,0.0,0.0,1.0
bbox_only__bbox_mean__object_depth,leave_one_out,weather__distance_range,clear_sky,,mid,80,85.0,11.180339887498949,78.6816509596276,11.218932564437356,10.624334868543102,0.12853582466984065,0.12927183220330207,13.884818841219284,-0.5423055540278241,-6.318349040372388,-7.244302234640081,20.656625731376845,28.108567238477814,37.37888701197799,0.225,0.45,0.8875,0.3125,0.6875
bbox_only__bbox_mean__object_depth,leave_one_out,weather__distance_range,clear_sky,,near,100,40.0,14.142135623730951,75.46266895152843,35.46266895152843,34.51778499049952,1.1990622893633829,0.8687071668143297,39.96489985879153,-6.985966103616176,35.46266895152843,34.51778499049952,58.67239754568444,69.90108789546187,85.87577281187275,0.03,0.06,0.25,1.0,0.0
bbox_only__bbox_mean__object_depth,leave_one_out,weather__distance_range,light_rain,,far,60,130.0,14.719601443879744,77.9587866640812,52.04121333591881,46.329696766293175,0.3934255062922108,0.378338472107506,54.382718821658905,-12.649908183548984,-52.04121333591881,-46.329696766293175,74.09095062941346,77.91367906965264,86.74234303686913,0.0,0.0,0.0,0.0,1.0
bbox_only__bbox_mean__object_depth,leave_one_out,weather__distance_range,light_rain,,mid,80,85.0,11.180339887498949,79.42657545401292,12.255091252371278,11.443458349081723,0.14097972586237542,0.13640075530146917,14.235078819064798,-0.6210997518798977,-5.573424545987075,-7.499743523042923,21.163939316967067,23.346553311906025,34.06335277433584,0.175,0.4125,0.8625,0.3375,0.6625
bbox_only__bbox_mean__object_depth,leave_one_out,weather__distance_range,light_rain,,near,100,40.0,14.142135623730951,75.17802947345498,35.17802947345499,33.22513379299622,1.1587390243084668,0.839951728672132,38.17607269286225,-6.287062631253512,35.17802947345499,33.22513379299622,53.92230584977901,59.16628277483261,77.32773109961563,0.01,0.03,0.15,1.0,0.0
bbox_only__bbox_mean__object_depth,leave_one_out,time_of_day__distance_range,,10AM,far,60,130.0,14.719601443879744,75.62874542984878,54.37125457015122,48.86380020289256,0.4119593613517659,0.4029309159863715,56.407823503063625,-13.685427164705125,-54.37125457015122,-48.86380020289256,77.70779123098981,81.46879044211197,86.74234303686913,0.0,0.0,0.0,0.0,1.0
bbox_only__bbox_mean__object_depth,leave_one_out,time_of_day__distance_range,,10AM,mid,80,85.0,11.180339887498949,75.63524511667433,12.588925351410378,10.965653338327947,0.14101549413769554,0.12658476978832686,15.481357019263939,-0.9173793212633028,-9.364754883325668,-10.060988797790621,27.48815285553022,31.608806505853178,37.37888701197799,0.175,0.4625,0.8125,0.225,0.775
bbox_only__bbox_mean__object_depth,leave_one_out,time_of_day__distance_range,,10AM,near,100,40.0,14.142135623730951,73.26132006542832,33.26132006542833,31.722469772242093,1.1269218895317525,0.8362835916775462,37.45816443855632,-6.015570415529626,33.26132006542833,31.722469772242093,55.765315979753005,61.80704885439097,85.87577281187275,0.03,0.07,0.28,1.0,0.0
bbox_only__bbox_mean__object_depth,leave_one_out,time_of_day__distance_range,,8PM,far,60,130.0,14.719601443879744,82.70609274568545,47.29390725431457,41.439097559885994,0.35598978852077284,0.34026339412203654,49.949758327270985,-10.515284724397432,-47.29390725431457,-41.439097559885994,71.5591102442648,73.15693386093275,74.45268869729468,0.0,0.0,0.0,0.0,1.0
bbox_only__bbox_mean__object_depth,leave_one_out,time_of_day__distance_range,,8PM,mid,80,85.0,11.180339887498949,82.4729812969662,10.885098465398254,10.957912512981444,0.12850005639452053,0.13377020887590962,12.480114105269728,-0.24602598464441905,-2.527018703033795,-2.8851681896204653,18.525326539199472,20.561723992982692,25.751987319113027,0.225,0.4,0.9375,0.425,0.575
bbox_only__bbox_mean__object_depth,leave_one_out,time_of_day__distance_range,,8PM,near,100,40.0,14.142135623730951,77.37937835955509,37.37937835955509,34.72962678358121,1.2308794241400975,0.8878489869945743,40.63854898822068,-7.25745831934006,37.37937835955509,34.72962678358121,57.93089604461482,69.17206619161234,77.32773109961563,0.01,0.02,0.12,1.0,0.0
bbox_only__bbox_mean__object_depth_percentile_5_95,leave_one_out,weather,clear_sky,,,240,77.5,38.37859646556485,78.29038860563156,31.936338688280873,32.66458245144165,0.6472755847988529,0.35952233330755773,37.97772734252244,0.020781143466154228,0.7903886056315684,1.527182943508123,60.60822597200852,69.20290056310216,76.00788157758191,0.11666666666666667,0.18333333333333332,0.3333333333333333,0.5125,0.4875
bbox_only__bbox_mean__object_depth_percentile_5_95,leave_one_out,weather,light_rain,,,240,77.5,38.37859646556485,76.77344330301123,32.29323150453755,31.66932808344555,0.6371162222057034,0.3726523776792362,37.92510721917155,0.023492781271406193,-0.726556696988761,0.3215469477287769,60.39072412611015,71.64077173638894,78.92227603735273,0.075,0.15,0.31666666666666665,0.5,0.5
bbox_only__bbox_mean__object_depth_percentile_5_95,leave_one_out,time_of_day,,10AM,,240,77.5,38.37859646556485,77.24645016999267,31.579653586113082,31.210181771571904,0.6305476068435208,0.3557277124327084,37.493756655684045,0.04557954976702594,-0.25354983000733,-0.7224389102411095,60.31047317147759,69.15974007021848,77.33818721552092,0.09583333333333334,0.17916666666666667,0.3416666666666667,0.49166666666666664,0.5083333333333333
bbox_only__bbox_mean__object_depth_percentile_5_95,leave_one_out,time_of_day,,8PM,,240,77.5,38.37859646556485,77.81738173865013,32.64991660670534,33.25235959126218,0.6538442001610355,0.37149567288626606,38.403642321178125,-0.001305625029465629,0.3173817386501355,2.403440210748819,61.477434433704744,72.08404866963197,78.92227603735273,0.09583333333333334,0.15416666666666667,0.30833333333333335,0.5208333333333334,0.4791666666666667
bbox_only__bbox_mean__object_depth_percentile_5_95,leave_one_out,distance_range,,,far,120,130.0,14.719601443879744,78.59223450037776,51.40776549962224,46.925936690099455,0.3880887732385069,0.3754074935207956,53.64847543156955,-12.283810382146406,-51.40776549962224,-46.925936690099455,73.70975110258111,74.86054526543583,78.92227603735273,0.0,0.0,0.0,0.0,1.0
bbox_only__bbox_mean__object_depth_percentile_5_95,leave_one_out,distance_range,,,mid,160,85.0,11.180339887498949,77.7734866298368,11.910445806666846,11.139249707655487,0.13481716893896376,0.13370474909928298,14.432391307383027,-0.6663513507954013,-7.226513370163216,-6.90580945279531,23.312874775304937,25.44861179418923,34.356279887163055,0.26875,0.45625,0.8125,0.26875,0.73125
bbox_only__bbox_mean__object_depth_percentile_5_95,leave_one_out,distance_range,,,near,200,40.0,14.142135623730951,76.70246828627529,36.70246828627529,37.96874843230587,1.2005631693111924,0.9434989870166646,39.53751829930388,-6.816076766338946,36.70246828627529,37.96874843230587,55.550319309771155,59.587190269470966,66.56861648633365,0.015,0.035,0.13,1.0,0.0
bbox_only__bbox_mean__object_depth_percentile_5_95,leave_one_out,weather__distance_range,clear_sky,,far,60,130.0,14.719601443879744,79.4412692929105,50.55873070708949,45.39889129535372,0.3816013764537749,0.3673677330715413,52.820253162032095,-11.876826818928437,-50.55873070708949,-45.39889129535372,74.64391001551881,74.86054526543583,76.00788157758191,0.0,0.0,0.0,0.0,1.0
bbox_only__bbox_mean__object_depth_percentile_5_95,leave_one_out,weather__distance_range,clear_sky,,mid,80,85.0,11.180339887498949,78.42706166467595,11.026815851989621,9.433938381278296,0.12446133732394933,0.11855332205164568,13.923555094127105,-0.5509230916735426,-6.572938335324065,-5.444186572439079,22.824570108393367,25.09383320249894,34.356279887163055,0.3375,0.5125,0.8375,0.2875,0.7125
bbox_only__bbox_mean__object_depth_percentile_5_95,leave_one_out,weather__distance_range,clear_sky,,near,100,40.0,14.142135623730951,77.49052174602869,37.490521746028705,39.389266309937284,1.2249315077858227,0.9847316577484322,40.403698620535884,-7.162294311095467,37.490521746028705,39.389266309937284,57.83469320996617,60.54689936839068,66.56861648633365,0.01,0.03,0.13,1.0,0.0
bbox_only__bbox_mean__object_depth_percentile_5_95,leave_one_out,weather__distance_range,light_rain,,far,60,130.0,14.719601443879744,77.74319970784498,52.256800292155,47.965668152266474,0.39457617002323886,0.3837253452181318,54.4641045842331,-12.690793945364373,-52.256800292155,-47.965668152266474,72.9366391785589,74.1760775308275,78.92227603735273,0.0,0.0,0.0,0.0,1.0
bbox_only__bbox_mean__object_depth_percentile_5_95,leave_one_out,weather__distance_range,light_rain,,mid,80,85.0,11.180339887498949,77.11991159499765,12.794075761344066,12.418931202065409,0.1451730005539782,0.14379971482750054,14.923888609864973,-0.78177960991726,-7.880088405002366,-9.233299928031414,23.739757795174633,26.040136950211224,28.999300235589146,0.2,0.4,0.7875,0.25,0.75
bbox_only__bbox_mean__object_depth_percentile_5_95,leave_one_out,weather__distance_range,light_rain,,near,100,40.0,14.142135623730951,75.91441482652186,35.91441482652187,34.62199126068826,1.1761948308365622,0.849682638013606,38.651931960983326,-6.469859221582421,35.91441482652187,34.62199126068826,55.24248644987864,57.12294625163534,63.32324321697371,0.02,0.04,0.13,1.0,0.0
bbox_only__bbox_mean__object_depth_percentile_5_95,leave_one_out,time_of_day__distance_range,,10AM,far,60,130.0,14.719601443879744,79.14183063089848,50.85816936910153,44.50203296594505,0.38404060911429333,0.36669381972357334,53.11872033107966,-12.022762075129794,-50.85816936910153,-44.50203296594505,72.67847890060736,74.86215746831199,77.33818721552092,0.0,0.0,0.0,0.0,1.0
bbox_only__bbox_mean__object_depth_percentile_5_95,leave_one_out,time_of_day__distance_range,,10AM,mid,80,85.0,11.180339887498949,77.42170744609828,11.634063640807238,10.892288336728967,0.1311274319495158,0.1215657548353871,14.37107417827563,-0.6522221843000047,-7.578292553901724,-7.094749451256455,22.853938654086495,27.41674431996712,34.356279887163055,0.2625,0.475,0.85,0.225,0.775
bbox_only__bbox_mean__object_depth_percentile_5_95,leave_one_out,time_of_day__distance_range,,10AM,near,100,40.0,14.142135623730951,75.96901607256468,35.969016072564706,36.686551864894454,1.1779879453962612,0.8496199409596898,38.931927814798605,-6.578475016883448,35.969016072564706,36.686551864894454,55.584180100792196,59.568851070030256,66.56861648633365,0.02,0.05,0.14,1.0,0.0
bbox_only__bbox_mean__object_depth_percentile_5_95,leave_one_out,time_of_day__distance_range,,8PM,far,60,130.0,14.719601443879744,78.04263836985703,51.957361630142955,47.59424161783387,0.39213693736272043,0.380753932942671,54.17305033549419,-12.54485868916302,-51.957361630142955,-47.59424161783387,74.04465134032466,74.67869884829678,78.92227603735273,0.0,0.0,0.0,0.0,1.0
bbox_only__bbox_mean__object_depth_percentile_5_95,leave_one_out,time_of_day__distance_range,,8PM,mid,80,85.0,11.180339887498949,78.1252658135753,12.18682797252645,12.303454503875102,0.13850690592841172,0.14183031931460688,14.493449025727099,-0.6804805172907982,-6.874734186424708,-6.433303646581145,23.840415728835403,25.09383320249894,27.465409819746995,0.275,0.4375,0.775,0.3125,0.6875
bbox_only__bbox_mean__object_depth_percentile_5_95,leave_one_out,time_of_day__distance_range,,8PM,near,100,40.0,14.142135623730951,77.43592049998587,37.43592049998587,38.79664489083804,1.2231383932261235,0.9863266067740725,40.13397193349904,-7.053678515794443,37.43592049998587,38.79664489083804,55.472413281042286,59.64423513805077,64.53659713830325,0.01,0.02,0.12,1.0,0.0
bbox_only__bbox_mean__object_minus_ring,leave_one_out,weather,clear_sky,,,240,77.5,38.37859646556485,77.5,32.567849686847595,32.5678496868476,0.6621463077984818,0.35378052101297996,38.45871879639066,-0.0041797237634075834,-1.8947806286936005e-15,2.505219206680586,57.62004175365344,72.65135699373695,72.65135699373695,0.08333333333333333,0.16666666666666666,0.3333333333333333,0.5,0.5
bbox_only__bbox_mean__object_minus_ring,leave_one_out,weather,light_rain,,,240,77.5,38.37859646556485,77.5,32.567849686847595,32.5678496868476,0.6621463077984818,0.35378052101297996,38.45871879639066,-0.0041797237634075834,-1.8947806286936005e-15,2.505219206680586,57.62004175365344,72.65135699373695,72.65135699373695,0.08333333333333333,0.16666666666666666,0.3333333333333333,0.5,0.5
bbox_only__bbox_mean__object_minus_ring,leave_one_out,time_of_day,,10AM,,240,77.5,38.37859646556485,77.5,32.567849686847595,32.5678496868476,0.6621463077984818,0.35378052101297996,38.45871879639066,-0.0041797237634075834,-1.8947806286936005e-15,2.505219206680586,57.62004175365344,72.65135699373695,72.65135699373695,0.08333333333333333,0.16666666666666666,0.3333333333333333,0.5,0.5
bbox_only__bbox_mean__object_minus_ring,leave_one_out,time_of_day,,8PM,,240,77.5,38.37859646556485,77.5,32.567849686847595,32.5678496868476,0.6621463077984818,0.35378052101297996,38.45871879639066,-0.0041797237634075834,-1.8947806286936005e-15,2.505219206680586,57.62004175365344,72.65135699373695,72.65135699373695,0.08333333333333333,0.16666666666666666,0.3333333333333333,0.5,0.5
bbox_only__bbox_mean__object_minus_ring,leave_one_out,distance_range,,,far,120,130.0,14.719601443879744,77.39039665970773,52.60960334029228,47.59916492693111,0.397301140661402,0.38079331941544886,54.638289112168984,-12.778504478945989,-52.60960334029228,-47.59916492693111,72.65135699373695,72.65135699373695,72.65135699373695,0.0,0.0,0.0,0.0,1.0
bbox_only__bbox_mean__object_minus_ring,leave_one_out,distance_range,,,mid,160,85.0,11.180339887498949,77.48434237995825,11.27348643006263,10.020876826722336,0.12583258773237893,0.12327269112237793,13.491018305973705,-0.4560605994569411,-7.515657620041753,-7.51565762004175,22.546972860125265,22.546972860125265,22.546972860125265,0.25,0.5,0.75,0.25,0.75
bbox_only__bbox_mean__object_minus_ring,leave_one_out,distance_range,,,near,200,40.0,14.142135623730951,77.57828810020875,37.578288100208766,37.578288100208766,1.250104384133612,0.9394572025052191,40.161719102834404,-7.064818406474869,37.578288100208766,37.578288100208766,57.62004175365344,57.62004175365344,57.62004175365344,0.0,0.0,0.2,1.0,0.0
bbox_only__bbox_mean__object_minus_ring,leave_one_out,weather__distance_range,clear_sky,,far,60,130.0,14.719601443879744,77.39039665970772,52.60960334029228,47.59916492693111,0.3973011406614021,0.38079331941544886,54.63828911216899,-12.77850447894599,-52.60960334029228,-47.59916492693111,72.65135699373695,72.65135699373695,72.65135699373695,0.0,0.0,0.0,0.0,1.0
bbox_only__bbox_mean__object_minus_ring,leave_one_out,weather__distance_range,clear_sky,,mid,80,85.0,11.180339887498949,77.48434237995824,11.27348643006263,10.020876826722336,0.12583258773237893,0.12327269112237793,13.491018305973705,-0.45606059945694133,-7.515657620041753,-7.51565762004175,22.546972860125265,22.546972860125265,22.546972860125265,0.25,0.5,0.75,0.25,0.75
bbox_only__bbox_mean__object_minus_ring,leave_one_out,weather__distance_range,clear_sky,,near,100,40.0,14.142135623730951,77.57828810020875,37.578288100208766,37.578288100208766,1.2501043841336117,0.9394572025052191,40.1617191028344,-7.064818406474867,37.578288100208766,37.578288100208766,57.62004175365344,57.62004175365344,57.62004175365344,0.0,0.0,0.2,1.0,0.0
bbox_only__bbox_mean__object_minus_ring,leave_one_out,weather__distance_range,light_rain,,far,60,130.0,14.719601443879744,77.39039665970772,52.60960334029228,47.59916492693111,0.3973011406614021,0.38079331941544886,54.63828911216899,-12.77850447894599,-52.60960334029228,-47.59916492693111,72.65135699373695,72.65135699373695,72.65135699373695,0.0,0.0,0.0,0.0,1.0
bbox_only__bbox_mean__object_minus_ring,leave_one_out,weather__distance_range,light_rain,,mid,80,85.0,11.180339887498949,77.48434237995824,11.27348643006263,10.020876826722336,0.12583258773237893,0.12327269112237793,13.491018305973705,-0.45606059945694133,-7.515657620041753,-7.51565762004175,22.546972860125265,22.546972860125265,22.546972860125265,0.25,0.5,0.75,0.25,0.75
bbox_only__bbox_mean__object_minus_ring,leave_one_out,weather__distance_range,light_rain,,near,100,40.0,14.142135623730951,77.57828810020875,37.578288100208766,37.578288100208766,1.2501043841336117,0.9394572025052191,40.1617191028344,-7.064818406474867,37.578288100208766,37.578288100208766,57.62004175365344,57.62004175365344,57.62004175365344,0.0,0.0,0.2,1.0,0.0
bbox_only__bbox_mean__object_minus_ring,leave_one_out,time_of_day__distance_range,,10AM,far,60,130.0,14.719601443879744,77.39039665970772,52.60960334029228,47.59916492693111,0.3973011406614021,0.38079331941544886,54.63828911216899,-12.77850447894599,-52.60960334029228,-47.59916492693111,72.65135699373695,72.65135699373695,72.65135699373695,0.0,0.0,0.0,0.0,1.0
bbox_only__bbox_mean__object_minus_ring,leave_one_out,time_of_day__distance_range,,10AM,mid,80,85.0,11.180339887498949,77.48434237995824,11.27348643006263,10.020876826722336,0.12583258773237893,0.12327269112237793,13.491018305973705,-0.45606059945694133,-7.515657620041753,-7.51565762004175,22.546972860125265,22.546972860125265,22.546972860125265,0.25,0.5,0.75,0.25,0.75
bbox_only__bbox_mean__object_minus_ring,leave_one_out,time_of_day__distance_range,,10AM,near,100,40.0,14.142135623730951,77.57828810020875,37.578288100208766,37.578288100208766,1.2501043841336117,0.9394572025052191,40.1617191028344,-7.064818406474867,37.578288100208766,37.578288100208766,57.62004175365344,57.62004175365344,57.62004175365344,0.0,0.0,0.2,1.0,0.0
bbox_only__bbox_mean__object_minus_ring,leave_one_out,time_of_day__distance_range,,8PM,far,60,130.0,14.719601443879744,77.39039665970772,52.60960334029228,47.59916492693111,0.3973011406614021,0.38079331941544886,54.63828911216899,-12.77850447894599,-52.60960334029228,-47.59916492693111,72.65135699373695,72.65135699373695,72.65135699373695,0.0,0.0,0.0,0.0,1.0
bbox_only__bbox_mean__object_minus_ring,leave_one_out,time_of_day__distance_range,,8PM,mid,80,85.0,11.180339887498949,77.48434237995824,11.27348643006263,10.020876826722336,0.12583258773237893,0.12327269112237793,13.491018305973705,-0.45606059945694133,-7.515657620041753,-7.51565762004175,22.546972860125265,22.546972860125265,22.546972860125265,0.25,0.5,0.75,0.25,0.75
bbox_only__bbox_mean__object_minus_ring,leave_one_out,time_of_day__distance_range,,8PM,near,100,40.0,14.142135623730951,77.57828810020875,37.578288100208766,37.578288100208766,1.2501043841336117,0.9394572025052191,40.1617191028344,-7.064818406474867,37.578288100208766,37.578288100208766,57.62004175365344,57.62004175365344,57.62004175365344,0.0,0.0,0.2,1.0,0.0
bbox_only__bbox_mean__object_minus_ring_normalized,leave_one_out,weather,clear_sky,,,240,77.5,38.37859646556485,77.5,32.567849686847595,32.5678496868476,0.6621463077984818,0.35378052101297996,38.45871879639066,-0.0041797237634075834,-1.8947806286936005e-15,2.505219206680586,57.62004175365344,72.65135699373695,72.65135699373695,0.08333333333333333,0.16666666666666666,0.3333333333333333,0.5,0.5
bbox_only__bbox_mean__object_minus_ring_normalized,leave_one_out,weather,light_rain,,,240,77.5,38.37859646556485,77.5,32.567849686847595,32.5678496868476,0.6621463077984818,0.35378052101297996,38.45871879639066,-0.0041797237634075834,-1.8947806286936005e-15,2.505219206680586,57.62004175365344,72.65135699373695,72.65135699373695,0.08333333333333333,0.16666666666666666,0.3333333333333333,0.5,0.5
bbox_only__bbox_mean__object_minus_ring_normalized,leave_one_out,time_of_day,,10AM,,240,77.5,38.37859646556485,77.5,32.567849686847595,32.5678496868476,0.6621463077984818,0.35378052101297996,38.45871879639066,-0.0041797237634075834,-1.8947806286936005e-15,2.505219206680586,57.62004175365344,72.65135699373695,72.65135699373695,0.08333333333333333,0.16666666666666666,0.3333333333333333,0.5,0.5
bbox_only__bbox_mean__object_minus_ring_normalized,leave_one_out,time_of_day,,8PM,,240,77.5,38.37859646556485,77.5,32.567849686847595,32.5678496868476,0.6621463077984818,0.35378052101297996,38.45871879639066,-0.0041797237634075834,-1.8947806286936005e-15,2.505219206680586,57.62004175365344,72.65135699373695,72.65135699373695,0.08333333333333333,0.16666666666666666,0.3333333333333333,0.5,0.5
bbox_only__bbox_mean__object_minus_ring_normalized,leave_one_out,distance_range,,,far,120,130.0,14.719601443879744,77.39039665970773,52.60960334029228,47.59916492693111,0.397301140661402,0.38079331941544886,54.638289112168984,-12.778504478945989,-52.60960334029228,-47.59916492693111,72.65135699373695,72.65135699373695,72.65135699373695,0.0,0.0,0.0,0.0,1.0
bbox_only__bbox_mean__object_minus_ring_normalized,leave_one_out,distance_range,,,mid,160,85.0,11.180339887498949,77.48434237995825,11.27348643006263,10.020876826722336,0.12583258773237893,0.12327269112237793,13.491018305973705,-0.4560605994569411,-7.515657620041753,-7.51565762004175,22.546972860125265,22.546972860125265,22.546972860125265,0.25,0.5,0.75,0.25,0.75
bbox_only__bbox_mean__object_minus_ring_normalized,leave_one_out,distance_range,,,near,200,40.0,14.142135623730951,77.57828810020875,37.578288100208766,37.578288100208766,1.250104384133612,0.9394572025052191,40.161719102834404,-7.064818406474869,37.578288100208766,37.578288100208766,57.62004175365344,57.62004175365344,57.62004175365344,0.0,0.0,0.2,1.0,0.0
bbox_only__bbox_mean__object_minus_ring_normalized,leave_one_out,weather__distance_range,clear_sky,,far,60,130.0,14.719601443879744,77.39039665970772,52.60960334029228,47.59916492693111,0.3973011406614021,0.38079331941544886,54.63828911216899,-12.77850447894599,-52.60960334029228,-47.59916492693111,72.65135699373695,72.65135699373695,72.65135699373695,0.0,0.0,0.0,0.0,1.0
bbox_only__bbox_mean__object_minus_ring_normalized,leave_one_out,weather__distance_range,clear_sky,,mid,80,85.0,11.180339887498949,77.48434237995824,11.27348643006263,10.020876826722336,0.12583258773237893,0.12327269112237793,13.491018305973705,-0.45606059945694133,-7.515657620041753,-7.51565762004175,22.546972860125265,22.546972860125265,22.546972860125265,0.25,0.5,0.75,0.25,0.75
bbox_only__bbox_mean__object_minus_ring_normalized,leave_one_out,weather__distance_range,clear_sky,,near,100,40.0,14.142135623730951,77.57828810020875,37.578288100208766,37.578288100208766,1.2501043841336117,0.9394572025052191,40.1617191028344,-7.064818406474867,37.578288100208766,37.578288100208766,57.62004175365344,57.62004175365344,57.62004175365344,0.0,0.0,0.2,1.0,0.0
bbox_only__bbox_mean__object_minus_ring_normalized,leave_one_out,weather__distance_range,light_rain,,far,60,130.0,14.719601443879744,77.39039665970772,52.60960334029228,47.59916492693111,0.3973011406614021,0.38079331941544886,54.63828911216899,-12.77850447894599,-52.60960334029228,-47.59916492693111,72.65135699373695,72.65135699373695,72.65135699373695,0.0,0.0,0.0,0.0,1.0
bbox_only__bbox_mean__object_minus_ring_normalized,leave_one_out,weather__distance_range,light_rain,,mid,80,85.0,11.180339887498949,77.48434237995824,11.27348643006263,10.020876826722336,0.12583258773237893,0.12327269112237793,13.491018305973705,-0.45606059945694133,-7.515657620041753,-7.51565762004175,22.546972860125265,22.546972860125265,22.546972860125265,0.25,0.5,0.75,0.25,0.75
bbox_only__bbox_mean__object_minus_ring_normalized,leave_one_out,weather__distance_range,light_rain,,near,100,40.0,14.142135623730951,77.57828810020875,37.578288100208766,37.578288100208766,1.2501043841336117,0.9394572025052191,40.1617191028344,-7.064818406474867,37.578288100208766,37.578288100208766,57.62004175365344,57.62004175365344,57.62004175365344,0.0,0.0,0.2,1.0,0.0
bbox_only__bbox_mean__object_minus_ring_normalized,leave_one_out,time_of_day__distance_range,,10AM,far,60,130.0,14.719601443879744,77.39039665970772,52.60960334029228,47.59916492693111,0.3973011406614021,0.38079331941544886,54.63828911216899,-12.77850447894599,-52.60960334029228,-47.59916492693111,72.65135699373695,72.65135699373695,72.65135699373695,0.0,0.0,0.0,0.0,1.0
bbox_only__bbox_mean__object_minus_ring_normalized,leave_one_out,time_of_day__distance_range,,10AM,mid,80,85.0,11.180339887498949,77.48434237995824,11.27348643006263,10.020876826722336,0.12583258773237893,0.12327269112237793,13.491018305973705,-0.45606059945694133,-7.515657620041753,-7.51565762004175,22.546972860125265,22.546972860125265,22.546972860125265,0.25,0.5,0.75,0.25,0.75
bbox_only__bbox_mean__object_minus_ring_normalized,leave_one_out,time_of_day__distance_range,,10AM,near,100,40.0,14.142135623730951,77.57828810020875,37.578288100208766,37.578288100208766,1.2501043841336117,0.9394572025052191,40.1617191028344,-7.064818406474867,37.578288100208766,37.578288100208766,57.62004175365344,57.62004175365344,57.62004175365344,0.0,0.0,0.2,1.0,0.0
bbox_only__bbox_mean__object_minus_ring_normalized,leave_one_out,time_of_day__distance_range,,8PM,far,60,130.0,14.719601443879744,77.39039665970772,52.60960334029228,47.59916492693111,0.3973011406614021,0.38079331941544886,54.63828911216899,-12.77850447894599,-52.60960334029228,-47.59916492693111,72.65135699373695,72.65135699373695,72.65135699373695,0.0,0.0,0.0,0.0,1.0
bbox_only__bbox_mean__object_minus_ring_normalized,leave_one_out,time_of_day__distance_range,,8PM,mid,80,85.0,11.180339887498949,77.48434237995824,11.27348643006263,10.020876826722336,0.12583258773237893,0.12327269112237793,13.491018305973705,-0.45606059945694133,-7.515657620041753,-7.51565762004175,22.546972860125265,22.546972860125265,22.546972860125265,0.25,0.5,0.75,0.25,0.75
bbox_only__bbox_mean__object_minus_ring_normalized,leave_one_out,time_of_day__distance_range,,8PM,near,100,40.0,14.142135623730951,77.57828810020875,37.578288100208766,37.578288100208766,1.2501043841336117,0.9394572025052191,40.1617191028344,-7.064818406474867,37.578288100208766,37.578288100208766,57.62004175365344,57.62004175365344,57.62004175365344,0.0,0.0,0.2,1.0,0.0
bbox_only__bbox_midpoint__object_depth,leave_one_out,weather,clear_sky,,,240,77.5,38.37859646556485,72.48322845369422,26.161618254708465,22.784837837100454,0.4734182024488408,0.27257370588470553,32.32682404288885,0.29050734753048046,-5.016771546305779,-7.201663364769473,57.15482341311694,63.55768885225904,81.25753225276618,0.10416666666666667,0.2375,0.45416666666666666,0.4166666666666667,0.5833333333333334
bbox_only__bbox_midpoint__object_depth,leave_one_out,weather,light_rain,,,240,77.5,38.37859646556485,82.51431217970789,24.761891097824925,21.06095295232265,0.48809308459992035,0.2813920722131684,30.12204605771733,0.3839857479808244,5.014312179707889,7.817619238976292,50.1125805699356,56.280575889437955,87.49184698165959,0.1125,0.2375,0.475,0.5791666666666667,0.42083333333333334
bbox_only__bbox_midpoint__object_depth,leave_one_out,time_of_day,,10AM,,240,77.5,38.37859646556485,73.23802150490891,25.691921052786437,21.50176507005088,0.4621029173089732,0.28884399675994843,31.772708483164774,0.31462177922070445,-4.261978495091072,-6.4615787702230065,52.99151060181175,61.444027404823565,81.25753225276618,0.11666666666666667,0.2375,0.475,0.42083333333333334,0.5791666666666667
bbox_only__bbox_midpoint__object_depth,leave_one_out,time_of_day,,8PM,,240,77.5,38.37859646556485,81.75951912849318,25.23158829974695,21.449902621148567,0.4994083697397881,0.2544194005433904,30.705963704905436,0.3598713162906003,4.259519128493182,7.183594743316974,51.868276530267224,59.43398766703414,87.49184698165959,0.1,0.2375,0.45416666666666666,0.575,0.425
bbox_only__bbox_midpoint__object_depth,leave_one_out,distance_range,,,far,120,130.0,14.719601443879744,94.18028360085447,36.66311663135298,34.14105596338677,0.2748674506789278,0.26994808221410027,40.37817467345698,-6.524909184431706,-35.81971639914554,-34.14105596338677,59.29725999835396,63.51690900193794,81.25753225276618,0.016666666666666666,0.058333333333333334,0.15833333333333333,0.03333333333333333,0.9666666666666667
bbox_only__bbox_midpoint__object_depth,leave_one_out,distance_range,,,mid,160,85.0,11.180339887498949,80.81987511108758,14.26655067976424,12.69528937795235,0.1695182058928389,0.1400925266043377,17.462128709110107,-1.4394075124282195,-4.180124888912419,-6.120931001896295,28.024476064205743,36.58535886002685,45.326875648805725,0.16875,0.4,0.76875,0.39375,0.60625
bbox_only__bbox_midpoint__object_depth,leave_one_out,distance_range,,,near,200,40.0,14.142135623730951,64.83297851069979,27.697100700416897,26.952844259426506,0.8532785093368856,0.6098849887654543,33.47617822369849,-4.603272542324125,24.83297851069979,26.380697421728748,55.156327921192364,63.06442402764362,87.49184698165959,0.115,0.215,0.405,0.86,0.14
bbox_only__bbox_midpoint__object_depth,leave_one_out,weather__distance_range,clear_sky,,far,60,130.0,14.719601443879744,88.91370536093613,41.086294639063865,38.62115919779695,0.31003732765060626,0.2938594853577088,44.0607912680154,-7.960092279216719,-41.086294639063865,-38.62115919779695,62.40461959887748,66.42287592858216,81.25753225276618,0.0,0.016666666666666666,0.03333333333333333,0.0,1.0
bbox_only__bbox_midpoint__object_depth,leave_one_out,weather__distance_range,clear_sky,,mid,80,85.0,11.180339887498949,74.02723719632175,15.707692687352392,14.529895951868568,0.18396145917684378,0.18253870498892172,18.979574716256984,-1.8817940512798508,-10.972762803678252,-12.293915978543467,29.93387533118857,38.358012687824434,45.326875648805725,0.15,0.325,0.725,0.2625,0.7375
bbox_only__bbox_midpoint__object_depth,leave_one_out,weather__distance_range,clear_sky,,near,100,40.0,14.142135623730951,61.38973531524705,25.56995287798009,21.747272720746437,0.8030121219453791,0.5276715405326182,32.481766039635126,-4.2753256252679686,21.38973531524704,18.300633497294612,58.07070778135637,66.72239412216511,81.00189204858378,0.13,0.3,0.49,0.79,0.21
bbox_only__bbox_midpoint__object_depth,leave_one_out,weather__distance_range,light_rain,,far,60,130.0,14.719601443879744,99.44686184077275,32.239938623642104,30.79734669864986,0.2396975737072493,0.23675733388232378,36.32410567043302,-5.089726089646696,-30.55313815922722,-30.79734669864986,55.97287085307836,58.25602988282274,64.0953449620475,0.03333333333333333,0.1,0.2833333333333333,0.06666666666666667,0.9333333333333333
bbox_only__bbox_midpoint__object_depth,leave_one_out,weather__distance_range,light_rain,,mid,80,85.0,11.180339887498949,87.61251302585342,12.825408672176092,10.528185869224501,0.15507495260883397,0.1249760175534928,15.79960827669704,-0.9970209735765885,2.612513025853412,2.256712929992588,26.604383696593477,32.85360471462752,38.39507165382065,0.1875,0.475,0.8125,0.525,0.475
bbox_only__bbox_midpoint__object_depth,leave_one_out,weather__distance_range,light_rain,,near,100,40.0,14.142135623730951,68.27622170615253,29.824248522853686,28.934756477942365,0.9035448967283922,0.6856533882804328,34.44189152581572,-4.931219459380284,28.276221706152537,28.517537073837666,52.03080613721262,58.02214525292316,87.49184698165959,0.1,0.13,0.32,0.93,0.07
bbox_only__bbox_midpoint__object_depth,leave_one_out,time_of_day__distance_range,,10AM,far,60,130.0,14.719601443879744,91.66253528482686,38.67449009356623,36.691899496967196,0.2899530897676451,0.2857569587318032,42.589692808510385,-7.371762770107452,-38.33746471517315,-36.691899496967196,59.70430594641077,66.42287592858216,81.25753225276618,0.016666666666666666,0.05,0.16666666666666666,0.016666666666666666,0.9833333333333333
bbox_only__bbox_midpoint__object_depth,leave_one_out,time_of_day__distance_range,,10AM,mid,80,85.0,11.180339887498949,74.84364576890776,15.797680460574338,12.960675928849042,0.1856581529957443,0.1531658615864265,19.507032187077073,-2.0441944379812873,-10.156354231092239,-10.500526464035538,34.859656113808164,38.358012687824434,45.326875648805725,0.1625,0.3375,0.7125,0.2375,0.7625
bbox_only__bbox_midpoint__object_depth,leave_one_out,time_of_day__distance_range,,10AM,near,100,40.0,14.142135623730951,60.8988138257591,25.817772102088256,21.63168342369535,0.786548625284353,0.5523045804049369,32.09460089396209,-4.150317032713561,20.898813825759103,18.288332292796603,52.94018123116925,63.15982305749475,81.00189204858378,0.14,0.27,0.47,0.81,0.19
bbox_only__bbox_midpoint__object_depth,leave_one_out,time_of_day__distance_range,,8PM,far,60,130.0,14.719601443879744,96.69803191688203,34.651743169139735,31.6484151374126,0.25978181159021047,0.2535929190008034,38.03829710169902,-5.678055598755959,-33.30196808311794,-31.6484151374126,58.61793207838329,60.526306097442585,64.0953449620475,0.016666666666666666,0.06666666666666667,0.15,0.05,0.95
bbox_only__bbox_midpoint__object_depth,leave_one_out,time_of_day__distance_range,,8PM,mid,80,85.0,11.180339887498949,86.7961044532674,12.73542089895414,11.445154654679442,0.15337825878993347,0.12991846517740413,15.143565411071263,-0.8346205868751517,1.7961044532673989,2.256712929992588,22.87552637460609,24.657721014937863,38.39507165382065,0.175,0.4625,0.825,0.55,0.45
bbox_only__bbox_midpoint__object_depth,leave_one_out,time_of_day__distance_range,,8PM,near,100,40.0,14.142135623730951,68.76714319564049,29.576429298745524,28.945873181004565,0.9200083933894182,0.6957105244085234,34.802954046846914,-5.056228051934689,28.767143195640482,28.945873181004565,56.100856603802086,61.11958102148907,87.49184698165959,0.09,0.16,0.34,0.91,0.09
bbox_only__bbox_midpoint__object_depth_percentile_5_95,leave_one_out,weather,clear_sky,,,240,77.5,38.37859646556485,73.03812787379859,28.51265493491631,25.255754684012942,0.5534126473790708,0.2838857911382754,34.98596402860097,0.16898375399565901,-4.461872126201411,-6.726508202765402,55.69271406428009,66.64707394205443,93.96323467874952,0.08333333333333333,0.17916666666666667,0.3958333333333333,0.4166666666666667,0.5833333333333334
bbox_only__bbox_midpoint__object_depth_percentile_5_95,leave_one_out,weather,light_rain,,,240,77.5,38.37859646556485,81.96765692181543,25.130803617578795,23.415588128216363,0.5088188542476321,0.27708615315406626,30.658861016674653,0.36183371394188,4.467656921815431,9.553224691380024,48.99283481941445,59.715857321647896,83.3794169626454,0.1375,0.23333333333333334,0.42916666666666664,0.575,0.425
bbox_only__bbox_midpoint__object_depth_percentile_5_95,leave_one_out,time_of_day,,10AM,,240,77.5,38.37859646556485,70.85795169601177,28.275312664089288,27.36089964761222,0.5162990349715121,0.3333144623583579,34.633659709667945,0.1856359480271047,-6.642048303988228,-5.045239646544708,55.69271406428009,65.73055079592012,90.82514262502016,0.09583333333333334,0.19166666666666668,0.39166666666666666,0.42916666666666664,0.5708333333333333
bbox_only__bbox_midpoint__object_depth_percentile_5_95,leave_one_out,time_of_day,,8PM,,240,77.5,38.37859646556485,84.14783309960224,25.36814588840582,23.23202139151548,0.5459324666551908,0.2608165107126754,31.056288460877877,0.3451815199104341,6.647833099602248,9.553224691380024,49.14172130298219,59.93754232766182,93.96323467874952,0.125,0.22083333333333333,0.43333333333333335,0.5625,0.4375
bbox_only__bbox_midpoint__object_depth_percentile_5_95,leave_one_out,distance_range,,,far,120,130.0,14.719601443879744,92.53175904781789,37.46824095218209,36.678023606482796,0.28020760322611665,0.2633643107981927,44.08348178668299,-7.9693232297083565,-37.46824095218209,-36.678023606482796,65.84151536733535,82.95537575530992,90.82514262502016,0.1,0.125,0.25833333333333336,0.0,1.0
bbox_only__bbox_midpoint__object_depth_percentile_5_95,leave_one_out,distance_range,,,mid,160,85.0,11.180339887498949,79.13117594703544,18.26236694684042,18.39237218459205,0.2158002180958151,0.20874520464872953,21.27788777483622,-2.6219880652681966,-5.868824052964548,-10.522448771900045,31.78902256656055,40.635958966820056,44.04007204249167,0.125,0.21875,0.53125,0.36875,0.63125
bbox_only__bbox_midpoint__object_depth_percentile_5_95,leave_one_out,distance_range,,,near,200,40.0,14.142135623730951,67.18294556841772,27.281312134212534,29.62889815466005,0.9339130655397214,0.642693711321661,32.68897825003855,-4.342846495157469,27.18294556841772,29.62889815466005,48.103617902907125,64.20874833087713,93.96323467874952,0.105,0.245,0.41,0.895,0.105
bbox_only__bbox_midpoint__object_depth_percentile_5_95,leave_one_out,weather__distance_range,clear_sky,,far,60,130.0,14.719601443879744,86.20056144084054,43.79943855915945,39.9836917968529,0.33121139644300457,0.2843357649269094,49.25637263081477,-10.197801129595437,-43.79943855915945,-39.9836917968529,77.02715638206897,85.06540420167862,90.82514262502016,0.03333333333333333,0.03333333333333333,0.15,0.0,1.0
bbox_only__bbox_midpoint__object_depth_percentile_5_95,leave_one_out,weather__distance_range,clear_sky,,mid,80,85.0,11.180339887498949,71.14289761276099,19.21832695093995,18.615217802706994,0.22381985613616276,0.21175812317204673,21.959115235082912,-2.857621935261204,-13.857102387239005,-16.868443832237794,34.39455870372639,40.635958966820056,40.63595896682008,0.0625,0.1625,0.525,0.1625,0.8375
bbox_only__bbox_midpoint__object_depth_percentile_5_95,leave_one_out,weather__distance_range,clear_sky,,near,100,40.0,14.142135623730951,66.65685194240349,26.776047147551502,29.049291845472,0.9504076309350369,0.6229491521590624,33.10839907412948,-4.48083044625909,26.65685194240348,29.049291845472,49.155772444861086,64.31388225385842,93.96323467874952,0.13,0.28,0.44,0.87,0.13
bbox_only__bbox_midpoint__object_depth_percentile_5_95,leave_one_out,weather__distance_range,light_rain,,far,60,130.0,14.719601443879744,98.86295665479527,31.13704334520475,28.896124945615618,0.2292038100092288,0.23790941072960747,38.216704307513794,-5.740845329821276,-31.13704334520475,-28.896124945615618,60.38036133060163,66.84538616393075,83.3794169626454,0.16666666666666666,0.21666666666666667,0.36666666666666664,0.0,1.0
bbox_only__bbox_midpoint__object_depth_percentile_5_95,leave_one_out,weather__distance_range,light_rain,,mid,80,85.0,11.180339887498949,87.11945428130991,17.30640694274089,17.44336591282238,0.20778058005546743,0.19289153717214746,20.57411661309906,-2.3863541952751905,2.1194542813099075,2.799314893131921,30.668918846134165,36.318540283954654,44.04007204249167,0.1875,0.275,0.5375,0.575,0.425
bbox_only__bbox_midpoint__object_depth_percentile_5_95,leave_one_out,weather__distance_range,light_rain,,near,100,40.0,14.142135623730951,67.70903919443197,27.78657712087355,29.62889815466005,0.9174185001444056,0.7113321551825861,32.26410557897382,-4.204862544055847,27.70903919443195,29.62889815466005,46.06810882087644,59.93754232766189,69.18204314526974,0.08,0.21,0.38,0.92,0.08
bbox_only__bbox_midpoint__object_depth_percentile_5_95,leave_one_out,time_of_day__distance_range,,10AM,far,60,130.0,14.719601443879744,83.09489043068035,46.905109569319656,49.810911983564466,0.35382035423545005,0.34926283959298204,52.34833050389882,-11.647758645594266,-46.905109569319656,-49.810911983564466,82.80246900176236,85.06540420167862,90.82514262502016,0.03333333333333333,0.08333333333333333,0.13333333333333333,0.0,1.0
bbox_only__bbox_midpoint__object_depth_percentile_5_95,leave_one_out,time_of_day__distance_range,,10AM,mid,80,85.0,11.180339887498949,70.06279697902104,19.323947218202612,20.560285503540044,0.2221240502621729,0.23959606783652554,22.561972974554468,-3.0723409960362096,-14.937203020978952,-17.157031245102,36.724935336649025,40.635958966820056,40.63595896682008,0.125,0.1875,0.4875,0.175,0.825
bbox_only__bbox_midpoint__object_depth_percentile_5_95,leave_one_out,time_of_day__distance_range,,10AM,near,100,40.0,14.142135623730951,64.15191222880321,24.258526877660405,21.113421901916492,0.8491262311806205,0.5182269767234151,28.76341774186978,-3.1366710009665457,24.15191222880321,21.113421901916492,39.713116321076825,45.59217564224749,77.02032920512373,0.11,0.26,0.47,0.89,0.11
bbox_only__bbox_midpoint__object_depth_percentile_5_95,leave_one_out,time_of_day__distance_range,,8PM,far,60,130.0,14.719601443879744,101.96862766495548,28.03137233504454,25.40622015503221,0.2065948522167832,0.2091606034948557,33.85792412904544,-4.29088781382245,-28.03137233504454,-25.40622015503221,54.10882598502708,59.837771912128204,82.93305779702911,0.16666666666666666,0.16666666666666666,0.38333333333333336,0.0,1.0
bbox_only__bbox_midpoint__object_depth_percentile_5_95,leave_one_out,time_of_day__distance_range,,8PM,mid,80,85.0,11.180339887498949,88.19955491504986,17.200786675478227,16.868443832237794,0.20947638592945733,0.1940144245168023,19.9111624927457,-2.1716351345001845,3.1995549150498555,3.5238286311085076,30.598122235180092,34.05062520145779,44.04007204249167,0.125,0.25,0.575,0.5625,0.4375
bbox_only__bbox_midpoint__object_depth_percentile_5_95,leave_one_out,time_of_day__distance_range,,8PM,near,100,40.0,14.142135623730951,70.21397890803223,30.304097390764653,29.628898154660057,1.018699899898822,0.820160899331978,36.19121990026971,-5.5490219893483905,30.21397890803223,29.628898154660057,56.41347858326923,68.532745180462,93.96323467874952,0.1,0.23,0.35,0.9,0.1
bbox_only__bbox_midpoint__object_minus_ring,leave_one_out,weather,clear_sky,,,240,77.5,38.37859646556485,77.5,32.567849686847595,32.5678496868476,0.6621463077984818,0.35378052101297996,38.45871879639066,-0.0041797237634075834,-1.8947806286936005e-15,2.505219206680586,57.62004175365344,72.65135699373695,72.65135699373695,0.08333333333333333,0.16666666666666666,0.3333333333333333,0.5,0.5
bbox_only__bbox_midpoint__object_minus_ring,leave_one_out,weather,light_rain,,,240,77.5,38.37859646556485,77.5,32.567849686847595,32.5678496868476,0.6621463077984818,0.35378052101297996,38.45871879639066,-0.0041797237634075834,-1.8947806286936005e-15,2.505219206680586,57.62004175365344,72.65135699373695,72.65135699373695,0.08333333333333333,0.16666666666666666,0.3333333333333333,0.5,0.5
bbox_only__bbox_midpoint__object_minus_ring,leave_one_out,time_of_day,,10AM,,240,77.5,38.37859646556485,77.5,32.567849686847595,32.5678496868476,0.6621463077984818,0.35378052101297996,38.45871879639066,-0.0041797237634075834,-1.8947806286936005e-15,2.505219206680586,57.62004175365344,72.65135699373695,72.65135699373695,0.08333333333333333,0.16666666666666666,0.3333333333333333,0.5,0.5
bbox_only__bbox_midpoint__object_minus_ring,leave_one_out,time_of_day,,8PM,,240,77.5,38.37859646556485,77.5,32.567849686847595,32.5678496868476,0.6621463077984818,0.35378052101297996,38.45871879639066,-0.0041797237634075834,-1.8947806286936005e-15,2.505219206680586,57.62004175365344,72.65135699373695,72.65135699373695,0.08333333333333333,0.16666666666666666,0.3333333333333333,0.5,0.5
bbox_only__bbox_midpoint__object_minus_ring,leave_one_out,distance_range,,,far,120,130.0,14.719601443879744,77.39039665970773,52.60960334029228,47.59916492693111,0.397301140661402,0.38079331941544886,54.638289112168984,-12.778504478945989,-52.60960334029228,-47.59916492693111,72.65135699373695,72.65135699373695,72.65135699373695,0.0,0.0,0.0,0.0,1.0
bbox_only__bbox_midpoint__object_minus_ring,leave_one_out,distance_range,,,mid,160,85.0,11.180339887498949,77.48434237995825,11.27348643006263,10.020876826722336,0.12583258773237893,0.12327269112237793,13.491018305973705,-0.4560605994569411,-7.515657620041753,-7.51565762004175,22.546972860125265,22.546972860125265,22.546972860125265,0.25,0.5,0.75,0.25,0.75
bbox_only__bbox_midpoint__object_minus_ring,leave_one_out,distance_range,,,near,200,40.0,14.142135623730951,77.57828810020875,37.578288100208766,37.578288100208766,1.250104384133612,0.9394572025052191,40.161719102834404,-7.064818406474869,37.578288100208766,37.578288100208766,57.62004175365344,57.62004175365344,57.62004175365344,0.0,0.0,0.2,1.0,0.0
bbox_only__bbox_midpoint__object_minus_ring,leave_one_out,weather__distance_range,clear_sky,,far,60,130.0,14.719601443879744,77.39039665970772,52.60960334029228,47.59916492693111,0.3973011406614021,0.38079331941544886,54.63828911216899,-12.77850447894599,-52.60960334029228,-47.59916492693111,72.65135699373695,72.65135699373695,72.65135699373695,0.0,0.0,0.0,0.0,1.0
bbox_only__bbox_midpoint__object_minus_ring,leave_one_out,weather__distance_range,clear_sky,,mid,80,85.0,11.180339887498949,77.48434237995824,11.27348643006263,10.020876826722336,0.12583258773237893,0.12327269112237793,13.491018305973705,-0.45606059945694133,-7.515657620041753,-7.51565762004175,22.546972860125265,22.546972860125265,22.546972860125265,0.25,0.5,0.75,0.25,0.75
bbox_only__bbox_midpoint__object_minus_ring,leave_one_out,weather__distance_range,clear_sky,,near,100,40.0,14.142135623730951,77.57828810020875,37.578288100208766,37.578288100208766,1.2501043841336117,0.9394572025052191,40.1617191028344,-7.064818406474867,37.578288100208766,37.578288100208766,57.62004175365344,57.62004175365344,57.62004175365344,0.0,0.0,0.2,1.0,0.0
bbox_only__bbox_midpoint__object_minus_ring,leave_one_out,weather__distance_range,light_rain,,far,60,130.0,14.719601443879744,77.39039665970772,52.60960334029228,47.59916492693111,0.3973011406614021,0.38079331941544886,54.63828911216899,-12.77850447894599,-52.60960334029228,-47.59916492693111,72.65135699373695,72.65135699373695,72.65135699373695,0.0,0.0,0.0,0.0,1.0
bbox_only__bbox_midpoint__object_minus_ring,leave_one_out,weather__distance_range,light_rain,,mid,80,85.0,11.180339887498949,77.48434237995824,11.27348643006263,10.020876826722336,0.12583258773237893,0.12327269112237793,13.491018305973705,-0.45606059945694133,-7.515657620041753,-7.51565762004175,22.546972860125265,22.546972860125265,22.546972860125265,0.25,0.5,0.75,0.25,0.75
bbox_only__bbox_midpoint__object_minus_ring,leave_one_out,weather__distance_range,light_rain,,near,100,40.0,14.142135623730951,77.57828810020875,37.578288100208766,37.578288100208766,1.2501043841336117,0.9394572025052191,40.1617191028344,-7.064818406474867,37.578288100208766,37.578288100208766,57.62004175365344,57.62004175365344,57.62004175365344,0.0,0.0,0.2,1.0,0.0
bbox_only__bbox_midpoint__object_minus_ring,leave_one_out,time_of_day__distance_range,,10AM,far,60,130.0,14.719601443879744,77.39039665970772,52.60960334029228,47.59916492693111,0.3973011406614021,0.38079331941544886,54.63828911216899,-12.77850447894599,-52.60960334029228,-47.59916492693111,72.65135699373695,72.65135699373695,72.65135699373695,0.0,0.0,0.0,0.0,1.0
bbox_only__bbox_midpoint__object_minus_ring,leave_one_out,time_of_day__distance_range,,10AM,mid,80,85.0,11.180339887498949,77.48434237995824,11.27348643006263,10.020876826722336,0.12583258773237893,0.12327269112237793,13.491018305973705,-0.45606059945694133,-7.515657620041753,-7.51565762004175,22.546972860125265,22.546972860125265,22.546972860125265,0.25,0.5,0.75,0.25,0.75
bbox_only__bbox_midpoint__object_minus_ring,leave_one_out,time_of_day__distance_range,,10AM,near,100,40.0,14.142135623730951,77.57828810020875,37.578288100208766,37.578288100208766,1.2501043841336117,0.9394572025052191,40.1617191028344,-7.064818406474867,37.578288100208766,37.578288100208766,57.62004175365344,57.62004175365344,57.62004175365344,0.0,0.0,0.2,1.0,0.0
bbox_only__bbox_midpoint__object_minus_ring,leave_one_out,time_of_day__distance_range,,8PM,far,60,130.0,14.719601443879744,77.39039665970772,52.60960334029228,47.59916492693111,0.3973011406614021,0.38079331941544886,54.63828911216899,-12.77850447894599,-52.60960334029228,-47.59916492693111,72.65135699373695,72.65135699373695,72.65135699373695,0.0,0.0,0.0,0.0,1.0
bbox_only__bbox_midpoint__object_minus_ring,leave_one_out,time_of_day__distance_range,,8PM,mid,80,85.0,11.180339887498949,77.48434237995824,11.27348643006263,10.020876826722336,0.12583258773237893,0.12327269112237793,13.491018305973705,-0.45606059945694133,-7.515657620041753,-7.51565762004175,22.546972860125265,22.546972860125265,22.546972860125265,0.25,0.5,0.75,0.25,0.75
bbox_only__bbox_midpoint__object_minus_ring,leave_one_out,time_of_day__distance_range,,8PM,near,100,40.0,14.142135623730951,77.57828810020875,37.578288100208766,37.578288100208766,1.2501043841336117,0.9394572025052191,40.1617191028344,-7.064818406474867,37.578288100208766,37.578288100208766,57.62004175365344,57.62004175365344,57.62004175365344,0.0,0.0,0.2,1.0,0.0
bbox_only__bbox_midpoint__object_minus_ring_normalized,leave_one_out,weather,clear_sky,,,240,77.5,38.37859646556485,77.5,32.567849686847595,32.5678496868476,0.6621463077984818,0.35378052101297996,38.45871879639066,-0.0041797237634075834,-1.8947806286936005e-15,2.505219206680586,57.62004175365344,72.65135699373695,72.65135699373695,0.08333333333333333,0.16666666666666666,0.3333333333333333,0.5,0.5
bbox_only__bbox_midpoint__object_minus_ring_normalized,leave_one_out,weather,light_rain,,,240,77.5,38.37859646556485,77.5,32.567849686847595,32.5678496868476,0.6621463077984818,0.35378052101297996,38.45871879639066,-0.0041797237634075834,-1.8947806286936005e-15,2.505219206680586,57.62004175365344,72.65135699373695,72.65135699373695,0.08333333333333333,0.16666666666666666,0.3333333333333333,0.5,0.5
bbox_only__bbox_midpoint__object_minus_ring_normalized,leave_one_out,time_of_day,,10AM,,240,77.5,38.37859646556485,77.5,32.567849686847595,32.5678496868476,0.6621463077984818,0.35378052101297996,38.45871879639066,-0.0041797237634075834,-1.8947806286936005e-15,2.505219206680586,57.62004175365344,72.65135699373695,72.65135699373695,0.08333333333333333,0.16666666666666666,0.3333333333333333,0.5,0.5
bbox_only__bbox_midpoint__object_minus_ring_normalized,leave_one_out,time_of_day,,8PM,,240,77.5,38.37859646556485,77.5,32.567849686847595,32.5678496868476,0.6621463077984818,0.35378052101297996,38.45871879639066,-0.0041797237634075834,-1.8947806286936005e-15,2.505219206680586,57.62004175365344,72.65135699373695,72.65135699373695,0.08333333333333333,0.16666666666666666,0.3333333333333333,0.5,0.5
bbox_only__bbox_midpoint__object_minus_ring_normalized,leave_one_out,distance_range,,,far,120,130.0,14.719601443879744,77.39039665970773,52.60960334029228,47.59916492693111,0.397301140661402,0.38079331941544886,54.638289112168984,-12.778504478945989,-52.60960334029228,-47.59916492693111,72.65135699373695,72.65135699373695,72.65135699373695,0.0,0.0,0.0,0.0,1.0
bbox_only__bbox_midpoint__object_minus_ring_normalized,leave_one_out,distance_range,,,mid,160,85.0,11.180339887498949,77.48434237995825,11.27348643006263,10.020876826722336,0.12583258773237893,0.12327269112237793,13.491018305973705,-0.4560605994569411,-7.515657620041753,-7.51565762004175,22.546972860125265,22.546972860125265,22.546972860125265,0.25,0.5,0.75,0.25,0.75
bbox_only__bbox_midpoint__object_minus_ring_normalized,leave_one_out,distance_range,,,near,200,40.0,14.142135623730951,77.57828810020875,37.578288100208766,37.578288100208766,1.250104384133612,0.9394572025052191,40.161719102834404,-7.064818406474869,37.578288100208766,37.578288100208766,57.62004175365344,57.62004175365344,57.62004175365344,0.0,0.0,0.2,1.0,0.0
bbox_only__bbox_midpoint__object_minus_ring_normalized,leave_one_out,weather__distance_range,clear_sky,,far,60,130.0,14.719601443879744,77.39039665970772,52.60960334029228,47.59916492693111,0.3973011406614021,0.38079331941544886,54.63828911216899,-12.77850447894599,-52.60960334029228,-47.59916492693111,72.65135699373695,72.65135699373695,72.65135699373695,0.0,0.0,0.0,0.0,1.0
bbox_only__bbox_midpoint__object_minus_ring_normalized,leave_one_out,weather__distance_range,clear_sky,,mid,80,85.0,11.180339887498949,77.48434237995824,11.27348643006263,10.020876826722336,0.12583258773237893,0.12327269112237793,13.491018305973705,-0.45606059945694133,-7.515657620041753,-7.51565762004175,22.546972860125265,22.546972860125265,22.546972860125265,0.25,0.5,0.75,0.25,0.75
bbox_only__bbox_midpoint__object_minus_ring_normalized,leave_one_out,weather__distance_range,clear_sky,,near,100,40.0,14.142135623730951,77.57828810020875,37.578288100208766,37.578288100208766,1.2501043841336117,0.9394572025052191,40.1617191028344,-7.064818406474867,37.578288100208766,37.578288100208766,57.62004175365344,57.62004175365344,57.62004175365344,0.0,0.0,0.2,1.0,0.0
bbox_only__bbox_midpoint__object_minus_ring_normalized,leave_one_out,weather__distance_range,light_rain,,far,60,130.0,14.719601443879744,77.39039665970772,52.60960334029228,47.59916492693111,0.3973011406614021,0.38079331941544886,54.63828911216899,-12.77850447894599,-52.60960334029228,-47.59916492693111,72.65135699373695,72.65135699373695,72.65135699373695,0.0,0.0,0.0,0.0,1.0
bbox_only__bbox_midpoint__object_minus_ring_normalized,leave_one_out,weather__distance_range,light_rain,,mid,80,85.0,11.180339887498949,77.48434237995824,11.27348643006263,10.020876826722336,0.12583258773237893,0.12327269112237793,13.491018305973705,-0.45606059945694133,-7.515657620041753,-7.51565762004175,22.546972860125265,22.546972860125265,22.546972860125265,0.25,0.5,0.75,0.25,0.75
bbox_only__bbox_midpoint__object_minus_ring_normalized,leave_one_out,weather__distance_range,light_rain,,near,100,40.0,14.142135623730951,77.57828810020875,37.578288100208766,37.578288100208766,1.2501043841336117,0.9394572025052191,40.1617191028344,-7.064818406474867,37.578288100208766,37.578288100208766,57.62004175365344,57.62004175365344,57.62004175365344,0.0,0.0,0.2,1.0,0.0
bbox_only__bbox_midpoint__object_minus_ring_normalized,leave_one_out,time_of_day__distance_range,,10AM,far,60,130.0,14.719601443879744,77.39039665970772,52.60960334029228,47.59916492693111,0.3973011406614021,0.38079331941544886,54.63828911216899,-12.77850447894599,-52.60960334029228,-47.59916492693111,72.65135699373695,72.65135699373695,72.65135699373695,0.0,0.0,0.0,0.0,1.0
bbox_only__bbox_midpoint__object_minus_ring_normalized,leave_one_out,time_of_day__distance_range,,10AM,mid,80,85.0,11.180339887498949,77.48434237995824,11.27348643006263,10.020876826722336,0.12583258773237893,0.12327269112237793,13.491018305973705,-0.45606059945694133,-7.515657620041753,-7.51565762004175,22.546972860125265,22.546972860125265,22.546972860125265,0.25,0.5,0.75,0.25,0.75
bbox_only__bbox_midpoint__object_minus_ring_normalized,leave_one_out,time_of_day__distance_range,,10AM,near,100,40.0,14.142135623730951,77.57828810020875,37.578288100208766,37.578288100208766,1.2501043841336117,0.9394572025052191,40.1617191028344,-7.064818406474867,37.578288100208766,37.578288100208766,57.62004175365344,57.62004175365344,57.62004175365344,0.0,0.0,0.2,1.0,0.0
bbox_only__bbox_midpoint__object_minus_ring_normalized,leave_one_out,time_of_day__distance_range,,8PM,far,60,130.0,14.719601443879744,77.39039665970772,52.60960334029228,47.59916492693111,0.3973011406614021,0.38079331941544886,54.63828911216899,-12.77850447894599,-52.60960334029228,-47.59916492693111,72.65135699373695,72.65135699373695,72.65135699373695,0.0,0.0,0.0,0.0,1.0
bbox_only__bbox_midpoint__object_minus_ring_normalized,leave_one_out,time_of_day__distance_range,,8PM,mid,80,85.0,11.180339887498949,77.48434237995824,11.27348643006263,10.020876826722336,0.12583258773237893,0.12327269112237793,13.491018305973705,-0.45606059945694133,-7.515657620041753,-7.51565762004175,22.546972860125265,22.546972860125265,22.546972860125265,0.25,0.5,0.75,0.25,0.75
bbox_only__bbox_midpoint__object_minus_ring_normalized,leave_one_out,time_of_day__distance_range,,8PM,near,100,40.0,14.142135623730951,77.57828810020875,37.578288100208766,37.578288100208766,1.2501043841336117,0.9394572025052191,40.1617191028344,-7.064818406474867,37.578288100208766,37.578288100208766,57.62004175365344,57.62004175365344,57.62004175365344,0.0,0.0,0.2,1.0,0.0
bbox_only__inner50_median__object_depth,leave_one_out,weather,clear_sky,,,240,77.5,38.37859646556485,73.81048340552027,29.45910253752176,25.340781269933146,0.5544619975298442,0.3149415651345301,35.94207490182328,0.12294240571545667,-3.689516594479733,-4.149006811911498,58.83908230458169,68.61416897028603,93.25499053652501,0.0875,0.1875,0.4166666666666667,0.4708333333333333,0.5291666666666667
bbox_only__inner50_median__object_depth,leave_one_out,weather,light_rain,,,240,77.5,38.37859646556485,81.21187298205547,28.21159280757802,25.450611542731075,0.5943959275009658,0.3053420622081981,34.60229644620109,0.18711021034176156,3.711872982055479,5.976097710595411,56.33936974243129,65.75326841510362,89.9510045025892,0.1,0.225,0.42083333333333334,0.5708333333333333,0.42916666666666664
bbox_only__inner50_median__object_depth,leave_one_out,time_of_day,,10AM,,240,77.5,38.37859646556485,76.52392608860495,28.71051039415936,24.62296534644733,0.5766008476469134,0.3071183551671186,35.687233809244766,0.13533556529174362,-0.9760739113950365,-1.0814144710836828,59.7238979704693,68.61416897028603,93.25499053652501,0.1125,0.19583333333333333,0.4375,0.48333333333333334,0.5166666666666667
bbox_only__inner50_median__object_depth,leave_one_out,time_of_day,,8PM,,240,77.5,38.37859646556485,78.49843029897079,28.960184950940416,26.35248986198613,0.5722570773838965,0.3147691625987211,34.865068630985846,0.1747170507654746,0.9984302989707866,5.829392849952697,56.1422161494176,67.16225606156543,78.74354912879605,0.075,0.21666666666666667,0.4,0.5583333333333333,0.44166666666666665
bbox_only__inner50_median__object_depth,leave_one_out,distance_range,,,far,120,130.0,14.719601443879744,85.94221784011617,44.22876636148145,41.859677639173796,0.3323876349763722,0.3316416188267982,47.53705568583615,-9.429715368976709,-44.05778215988383,-41.859677639173796,68.36098645158741,73.37977227841283,87.23209380351109,0.025,0.041666666666666664,0.075,0.016666666666666666,0.9833333333333333
bbox_only__inner50_median__object_depth,leave_one_out,distance_range,,,mid,160,85.0,11.180339887498949,78.32481277509562,12.52059898210953,11.376689962916451,0.14355632517696534,0.1264604241668768,15.24722897074987,-0.8598239302917934,-6.675187224904374,-7.53686778013104,24.925066685264145,27.840228518424414,45.147140770387836,0.2,0.45625,0.80625,0.35625,0.64375
bbox_only__inner50_median__object_depth,leave_one_out,distance_range,,,near,200,40.0,14.142135623730951,71.80164674094469,32.651095411543245,30.732044912587106,1.0643518689095766,0.7056861449577965,38.01495245456339,-6.2256830506135765,31.80164674094469,30.732044912587106,57.91139309690224,69.54380948088675,93.25499053652501,0.05,0.105,0.315,0.955,0.045
bbox_only__inner50_median__object_depth,leave_one_out,weather__distance_range,clear_sky,,far,60,130.0,14.719601443879744,81.80734991082538,48.19265008917463,45.048640706415526,0.3641847425175537,0.3590072079534157,50.611056059980164,-10.822210748491331,-48.19265008917463,-45.048640706415526,68.77856024816538,73.77969067021215,87.23209380351109,0.0,0.0,0.03333333333333333,0.0,1.0
bbox_only__inner50_median__object_depth,leave_one_out,weather__distance_range,clear_sky,,mid,80,85.0,11.180339887498949,73.84307740234897,14.372184479507505,12.383969666876531,0.16210660114801195,0.14807517171199108,17.442986139039917,-1.4340621235739088,-11.156922597651036,-11.642927071509803,26.172160475709102,33.410372687136665,45.147140770387836,0.175,0.4,0.7125,0.25,0.75
bbox_only__inner50_median__object_depth,leave_one_out,weather__distance_range,clear_sky,,near,100,40.0,14.142135623730951,68.98628830487425,30.288508452941446,26.231132864924525,0.9825126676426844,0.6536112555681072,36.33324904456793,-5.6005249306729805,28.986288304874247,26.231132864924525,57.973334596925,65.42864836363536,93.25499053652501,0.07,0.13,0.41,0.93,0.07
bbox_only__inner50_median__object_depth,leave_one_out,weather__distance_range,light_rain,,far,60,130.0,14.719601443879744,90.07708576940698,40.26488263378827,39.54225759860014,0.30059052743519066,0.3097790579851378,44.25002068982702,-8.037219989462088,-39.92291423059303,-39.54225759860014,65.82631446677647,68.5521118236284,78.74354912879605,0.05,0.08333333333333333,0.11666666666666667,0.03333333333333333,0.9666666666666667
bbox_only__inner50_median__object_depth,leave_one_out,weather__distance_range,light_rain,,mid,80,85.0,11.180339887498949,82.80654814784228,10.669013484711552,9.870017297358146,0.12500604920591876,0.11144788322917473,12.676680051425517,-0.28558573700967727,-2.193451852157714,-1.5955485632189763,19.5689283546775,23.466210415547252,29.320961145684095,0.225,0.5125,0.9,0.4625,0.5375
bbox_only__inner50_median__object_depth,leave_one_out,weather__distance_range,light_rain,,near,100,40.0,14.142135623730951,74.61700517701513,35.013682370145034,34.23173375937796,1.1461910701764686,0.851338492312235,39.62534837841598,-6.85084117055417,34.61700517701514,34.23173375937796,56.33936974243132,72.18638998226636,89.9510045025892,0.03,0.08,0.22,0.98,0.02
bbox_only__inner50_median__object_depth,leave_one_out,time_of_day__distance_range,,10AM,far,60,130.0,14.719601443879744,86.49145333839573,43.508546661604264,40.65675354468234,0.32610982645074904,0.32154011011195405,46.84531145567702,-9.128384024827927,-43.508546661604264,-40.65675354468234,68.18068726677865,68.87974862215961,87.23209380351109,0.016666666666666666,0.03333333333333333,0.08333333333333333,0.0,1.0
bbox_only__inner50_median__object_depth,leave_one_out,time_of_day__distance_range,,10AM,mid,80,85.0,11.180339887498949,76.31945857934701,13.347110770003013,12.226468858516277,0.15265273116718653,0.1410857783870818,16.474118689587918,-1.1711726927890393,-8.680541420652975,-10.758312902647305,25.495289728281886,33.410372687136665,45.147140770387836,0.2,0.3875,0.7875,0.3,0.7
bbox_only__inner50_median__object_depth,leave_one_out,time_of_day__distance_range,,10AM,near,100,40.0,14.142135623730951,70.70698374613684,32.12240833301749,28.510054036767073,1.0660539535483937,0.6185253970656823,39.02283413832409,-6.613907920935762,30.70698374613685,28.510054036767073,61.19966875411217,76.27936241470198,93.25499053652501,0.1,0.14,0.37,0.92,0.08
bbox_only__inner50_median__object_depth,leave_one_out,time_of_day__distance_range,,8PM,far,60,130.0,14.719601443879744,85.39298234183664,44.94898606135862,43.65421619207287,0.33866544350199523,0.3402671902020529,48.21887722850036,-9.731046713125494,-44.607017658163386,-43.65421619207287,68.59389007556567,73.7696176481389,78.74354912879605,0.03333333333333333,0.05,0.06666666666666667,0.03333333333333333,0.9666666666666667
bbox_only__inner50_median__object_depth,leave_one_out,time_of_day__distance_range,,8PM,mid,80,85.0,11.180339887498949,80.33016697084422,11.694087194216042,9.662765454979898,0.13445991918674413,0.11457970360901851,13.912562523644533,-0.5484751677945467,-4.669833029155773,-5.360438294650891,21.95491280050725,25.999122006885724,30.626242727599532,0.2,0.525,0.825,0.4125,0.5875
bbox_only__inner50_median__object_depth,leave_one_out,time_of_day__distance_range,,8PM,near,100,40.0,14.142135623730951,72.89630973575254,33.179782490068995,34.151565217492355,1.062649784270759,0.8567867723547917,36.979611085816984,-5.8374581802913905,32.89630973575253,34.151565217492355,54.22586724833378,59.00195523284906,77.34302129643817,0.0,0.07,0.26,0.99,0.01
bbox_only__inner50_median__object_depth_percentile_5_95,leave_one_out,weather,clear_sky,,,240,77.5,38.37859646556485,72.88912165367695,28.59518895327961,25.264547910978294,0.5547739183478284,0.30333793880011806,35.671851613090745,0.13608079377219917,-4.610878346323068,-3.429067437542674,60.761565512831496,69.04289453364451,100.97363089146334,0.11666666666666667,0.24166666666666667,0.3875,0.4583333333333333,0.5416666666666666
bbox_only__inner50_median__object_depth_percentile_5_95,leave_one_out,weather,light_rain,,,240,77.5,38.37859646556485,82.10227588651726,26.074422629182507,22.588682741151054,0.5482343554180983,0.2801932859259392,32.01192338878481,0.30426258169204323,4.602275886517276,6.079085744382198,52.25741147158226,59.5718407768154,74.86710135946242,0.10416666666666667,0.25416666666666665,0.45,0.5875,0.4125
bbox_only__inner50_median__object_depth_percentile_5_95,leave_one_out,time_of_day,,10AM,,240,77.5,38.37859646556485,71.56963275002487,28.614925775256356,24.34392386188909,0.5493142105051212,0.31283685361460967,36.07241756855273,0.11656963446221347,-5.930367249975112,-3.9095067702125874,60.80564050098599,70.21373031224361,100.97363089146334,0.12916666666666668,0.2791666666666667,0.4041666666666667,0.4375,0.5625
bbox_only__inner50_median__object_depth_percentile_5_95,leave_one_out,time_of_day,,8PM,,240,77.5,38.37859646556485,83.42176479016932,26.054685807205765,22.957007065204856,0.5536940632608054,0.27918245348336257,31.5598625997605,0.32377374100202894,5.9217647901693224,7.267488114256327,50.972878813450365,58.85747565246353,87.34766721694481,0.09166666666666666,0.21666666666666667,0.43333333333333335,0.6083333333333333,0.39166666666666666
bbox_only__inner50_median__object_depth_percentile_5_95,leave_one_out,distance_range,,,far,120,130.0,14.719601443879744,89.66673381230876,40.33326618769125,40.84565202898348,0.3027199615449129,0.30131232056230783,45.39387963033156,-8.510481421044757,-40.33326618769125,-40.84565202898348,68.7324265056034,73.38039536374336,100.97363089146334,0.0,0.05,0.19166666666666668,0.0,1.0
bbox_only__inner50_median__object_depth_percentile_5_95,leave_one_out,distance_range,,,mid,160,85.0,11.180339887498949,79.58916554910245,15.546914695439096,12.944052439400714,0.1833639030750262,0.15921195282411432,19.1071988225175,-1.9206803747457135,-5.410834450897552,-5.856813682652842,32.817223761735846,37.108535280462796,51.83471538996214,0.16875,0.4,0.66875,0.3875,0.6125
bbox_only__inner50_median__object_depth_percentile_5_95,leave_one_out,distance_range,,,near,200,40.0,14.142135623730951,68.51830432156584,28.966042429988512,28.287809165230332,0.9952868291321434,0.7262145671995607,35.04657560527936,-5.14131230828281,28.518304321565843,28.287809165230332,55.841090904642165,66.85603328602653,87.34766721694481,0.13,0.245,0.355,0.945,0.055
bbox_only__inner50_median__object_depth_percentile_5_95,leave_one_out,weather__distance_range,clear_sky,,far,60,130.0,14.719601443879744,84.13975661441373,45.86024338558629,43.22244868970693,0.34677165315666864,0.3214969135091665,50.52777897220443,-10.783337451679742,-45.86024338558629,-43.22244868970693,73.39803046929966,83.84507273995402,100.97363089146334,0.0,0.03333333333333333,0.08333333333333333,0.0,1.0
bbox_only__inner50_median__object_depth_percentile_5_95,leave_one_out,weather__distance_range,clear_sky,,mid,80,85.0,11.180339887498949,72.35884122622247,17.25464019268871,13.020809703743339,0.19937786397320445,0.16445624516624233,21.24039317333688,-2.6092344172634876,-12.641158773777523,-12.002348380944753,37.00307063596341,38.41307940836232,51.83471538996214,0.15,0.3625,0.6,0.225,0.775
bbox_only__inner50_median__object_depth_percentile_5_95,leave_one_out,weather__distance_range,clear_sky,,near,100,40.0,14.142135623730951,66.56296501919843,27.308595302368325,25.309583953029637,0.9638921209622233,0.6574683108000448,34.07634199221742,-4.805985417852803,26.562965019198426,25.309583953029637,56.049888164244244,66.85603328602653,87.34766721694481,0.16,0.27,0.4,0.92,0.08
bbox_only__inner50_median__object_depth_percentile_5_95,leave_one_out,weather__distance_range,light_rain,,far,60,130.0,14.719601443879744,95.19371101020378,34.80628898979622,34.7944817729158,0.2586682699331571,0.27353585838635364,39.59990111000427,-6.237625390409771,-34.80628898979622,-34.7944817729158,59.61710422507772,67.98221082239513,71.96571221113611,0.0,0.06666666666666667,0.3,0.0,1.0
bbox_only__inner50_median__object_depth_percentile_5_95,leave_one_out,weather__distance_range,light_rain,,mid,80,85.0,11.180339887498949,86.81948987198243,13.839189198189478,12.694318047152777,0.167349942176848,0.15367142464799066,16.703765788842123,-1.2321263322279394,1.8194898719824202,3.2369849557733303,26.34587448425869,31.928910921037033,38.53616562698994,0.1875,0.4375,0.7375,0.55,0.45
bbox_only__inner50_median__object_depth_percentile_5_95,leave_one_out,weather__distance_range,light_rain,,near,100,40.0,14.142135623730951,70.47364362393324,30.623489557608703,32.6815789981901,1.0266815373020635,0.7990952650574852,35.99066323010126,-5.4766391987128165,30.473643623933253,32.6815789981901,55.84109090464218,60.03785179174575,74.86710135946242,0.1,0.22,0.31,0.97,0.03
bbox_only__inner50_median__object_depth_percentile_5_95,leave_one_out,time_of_day__distance_range,,10AM,far,60,130.0,14.719601443879744,82.385089949508,47.61491005049199,46.97078957819826,0.3598214466274206,0.3587779430627984,52.1874665649255,-11.570146152916386,-47.61491005049199,-46.97078957819826,73.39803046929966,83.84507273995402,100.97363089146334,0.0,0.05,0.11666666666666667,0.0,1.0
bbox_only__inner50_median__object_depth_percentile_5_95,leave_one_out,time_of_day__distance_range,,10AM,mid,80,85.0,11.180339887498949,70.96325659449451,17.657031479746628,14.816847370906501,0.20150343711738672,0.17227110924755457,21.536314713445837,-2.710502811492669,-14.03674340550549,-12.730897039048706,37.11149760562794,38.549558640648655,51.83471538996214,0.1625,0.375,0.575,0.1625,0.8375
bbox_only__inner50_median__object_depth_percentile_5_95,leave_one_out,time_of_day__distance_range,,10AM,near,100,40.0,14.142135623730951,65.5654593547593,25.98125064652275,22.797070932433684,0.9412584875419292,0.5598578219187229,33.43287395883995,-4.588785305738392,25.565459354759323,22.797070932433684,59.66376504847659,68.94705094113286,80.12373753806703,0.18,0.34,0.44,0.92,0.08
bbox_only__inner50_median__object_depth_percentile_5_95,leave_one_out,time_of_day__distance_range,,8PM,far,60,130.0,14.719601443879744,96.9483776751095,33.05162232489051,30.85932455605075,0.24561847646240514,0.24687459644840604,37.385517908955656,-5.450816689173127,-33.05162232489051,-30.85932455605075,60.724829805499276,67.19469289270974,71.96571221113611,0.0,0.05,0.26666666666666666,0.0,1.0
bbox_only__inner50_median__object_depth_percentile_5_95,leave_one_out,time_of_day__distance_range,,8PM,mid,80,85.0,11.180339887498949,88.21507450371038,13.436797911131567,12.089798907935872,0.16522436903266566,0.1459706758731414,16.320454719456954,-1.1308579379987584,3.2150745037103876,4.062354693546872,27.364263690460124,31.99873683950379,37.05432179563056,0.175,0.425,0.7625,0.6125,0.3875
bbox_only__inner50_median__object_depth_percentile_5_95,leave_one_out,time_of_day__distance_range,,8PM,near,100,40.0,14.142135623730951,71.47114928837236,31.950834213454282,33.2076769610068,1.0493151707223576,0.825770099792644,36.589176844600445,-5.693839310827227,31.47114928837237,33.2076769610068,55.24149529107594,58.85747565246354,87.34766721694481,0.08,0.15,0.27,0.97,0.03
bbox_only__inner50_median__object_minus_ring,leave_one_out,weather,clear_sky,,,240,77.5,38.37859646556485,77.5,32.567849686847595,32.5678496868476,0.6621463077984818,0.35378052101297996,38.45871879639066,-0.0041797237634075834,-1.8947806286936005e-15,2.505219206680586,57.62004175365344,72.65135699373695,72.65135699373695,0.08333333333333333,0.16666666666666666,0.3333333333333333,0.5,0.5
bbox_only__inner50_median__object_minus_ring,leave_one_out,weather,light_rain,,,240,77.5,38.37859646556485,77.5,32.567849686847595,32.5678496868476,0.6621463077984818,0.35378052101297996,38.45871879639066,-0.0041797237634075834,-1.8947806286936005e-15,2.505219206680586,57.62004175365344,72.65135699373695,72.65135699373695,0.08333333333333333,0.16666666666666666,0.3333333333333333,0.5,0.5
bbox_only__inner50_median__object_minus_ring,leave_one_out,time_of_day,,10AM,,240,77.5,38.37859646556485,77.5,32.567849686847595,32.5678496868476,0.6621463077984818,0.35378052101297996,38.45871879639066,-0.0041797237634075834,-1.8947806286936005e-15,2.505219206680586,57.62004175365344,72.65135699373695,72.65135699373695,0.08333333333333333,0.16666666666666666,0.3333333333333333,0.5,0.5
bbox_only__inner50_median__object_minus_ring,leave_one_out,time_of_day,,8PM,,240,77.5,38.37859646556485,77.5,32.567849686847595,32.5678496868476,0.6621463077984818,0.35378052101297996,38.45871879639066,-0.0041797237634075834,-1.8947806286936005e-15,2.505219206680586,57.62004175365344,72.65135699373695,72.65135699373695,0.08333333333333333,0.16666666666666666,0.3333333333333333,0.5,0.5
bbox_only__inner50_median__object_minus_ring,leave_one_out,distance_range,,,far,120,130.0,14.719601443879744,77.39039665970773,52.60960334029228,47.59916492693111,0.397301140661402,0.38079331941544886,54.638289112168984,-12.778504478945989,-52.60960334029228,-47.59916492693111,72.65135699373695,72.65135699373695,72.65135699373695,0.0,0.0,0.0,0.0,1.0
bbox_only__inner50_median__object_minus_ring,leave_one_out,distance_range,,,mid,160,85.0,11.180339887498949,77.48434237995825,11.27348643006263,10.020876826722336,0.12583258773237893,0.12327269112237793,13.491018305973705,-0.4560605994569411,-7.515657620041753,-7.51565762004175,22.546972860125265,22.546972860125265,22.546972860125265,0.25,0.5,0.75,0.25,0.75
bbox_only__inner50_median__object_minus_ring,leave_one_out,distance_range,,,near,200,40.0,14.142135623730951,77.57828810020875,37.578288100208766,37.578288100208766,1.250104384133612,0.9394572025052191,40.161719102834404,-7.064818406474869,37.578288100208766,37.578288100208766,57.62004175365344,57.62004175365344,57.62004175365344,0.0,0.0,0.2,1.0,0.0
bbox_only__inner50_median__object_minus_ring,leave_one_out,weather__distance_range,clear_sky,,far,60,130.0,14.719601443879744,77.39039665970772,52.60960334029228,47.59916492693111,0.3973011406614021,0.38079331941544886,54.63828911216899,-12.77850447894599,-52.60960334029228,-47.59916492693111,72.65135699373695,72.65135699373695,72.65135699373695,0.0,0.0,0.0,0.0,1.0
bbox_only__inner50_median__object_minus_ring,leave_one_out,weather__distance_range,clear_sky,,mid,80,85.0,11.180339887498949,77.48434237995824,11.27348643006263,10.020876826722336,0.12583258773237893,0.12327269112237793,13.491018305973705,-0.45606059945694133,-7.515657620041753,-7.51565762004175,22.546972860125265,22.546972860125265,22.546972860125265,0.25,0.5,0.75,0.25,0.75
bbox_only__inner50_median__object_minus_ring,leave_one_out,weather__distance_range,clear_sky,,near,100,40.0,14.142135623730951,77.57828810020875,37.578288100208766,37.578288100208766,1.2501043841336117,0.9394572025052191,40.1617191028344,-7.064818406474867,37.578288100208766,37.578288100208766,57.62004175365344,57.62004175365344,57.62004175365344,0.0,0.0,0.2,1.0,0.0
bbox_only__inner50_median__object_minus_ring,leave_one_out,weather__distance_range,light_rain,,far,60,130.0,14.719601443879744,77.39039665970772,52.60960334029228,47.59916492693111,0.3973011406614021,0.38079331941544886,54.63828911216899,-12.77850447894599,-52.60960334029228,-47.59916492693111,72.65135699373695,72.65135699373695,72.65135699373695,0.0,0.0,0.0,0.0,1.0
bbox_only__inner50_median__object_minus_ring,leave_one_out,weather__distance_range,light_rain,,mid,80,85.0,11.180339887498949,77.48434237995824,11.27348643006263,10.020876826722336,0.12583258773237893,0.12327269112237793,13.491018305973705,-0.45606059945694133,-7.515657620041753,-7.51565762004175,22.546972860125265,22.546972860125265,22.546972860125265,0.25,0.5,0.75,0.25,0.75
bbox_only__inner50_median__object_minus_ring,leave_one_out,weather__distance_range,light_rain,,near,100,40.0,14.142135623730951,77.57828810020875,37.578288100208766,37.578288100208766,1.2501043841336117,0.9394572025052191,40.1617191028344,-7.064818406474867,37.578288100208766,37.578288100208766,57.62004175365344,57.62004175365344,57.62004175365344,0.0,0.0,0.2,1.0,0.0
bbox_only__inner50_median__object_minus_ring,leave_one_out,time_of_day__distance_range,,10AM,far,60,130.0,14.719601443879744,77.39039665970772,52.60960334029228,47.59916492693111,0.3973011406614021,0.38079331941544886,54.63828911216899,-12.77850447894599,-52.60960334029228,-47.59916492693111,72.65135699373695,72.65135699373695,72.65135699373695,0.0,0.0,0.0,0.0,1.0
bbox_only__inner50_median__object_minus_ring,leave_one_out,time_of_day__distance_range,,10AM,mid,80,85.0,11.180339887498949,77.48434237995824,11.27348643006263,10.020876826722336,0.12583258773237893,0.12327269112237793,13.491018305973705,-0.45606059945694133,-7.515657620041753,-7.51565762004175,22.546972860125265,22.546972860125265,22.546972860125265,0.25,0.5,0.75,0.25,0.75
bbox_only__inner50_median__object_minus_ring,leave_one_out,time_of_day__distance_range,,10AM,near,100,40.0,14.142135623730951,77.57828810020875,37.578288100208766,37.578288100208766,1.2501043841336117,0.9394572025052191,40.1617191028344,-7.064818406474867,37.578288100208766,37.578288100208766,57.62004175365344,57.62004175365344,57.62004175365344,0.0,0.0,0.2,1.0,0.0
bbox_only__inner50_median__object_minus_ring,leave_one_out,time_of_day__distance_range,,8PM,far,60,130.0,14.719601443879744,77.39039665970772,52.60960334029228,47.59916492693111,0.3973011406614021,0.38079331941544886,54.63828911216899,-12.77850447894599,-52.60960334029228,-47.59916492693111,72.65135699373695,72.65135699373695,72.65135699373695,0.0,0.0,0.0,0.0,1.0
bbox_only__inner50_median__object_minus_ring,leave_one_out,time_of_day__distance_range,,8PM,mid,80,85.0,11.180339887498949,77.48434237995824,11.27348643006263,10.020876826722336,0.12583258773237893,0.12327269112237793,13.491018305973705,-0.45606059945694133,-7.515657620041753,-7.51565762004175,22.546972860125265,22.546972860125265,22.546972860125265,0.25,0.5,0.75,0.25,0.75
bbox_only__inner50_median__object_minus_ring,leave_one_out,time_of_day__distance_range,,8PM,near,100,40.0,14.142135623730951,77.57828810020875,37.578288100208766,37.578288100208766,1.2501043841336117,0.9394572025052191,40.1617191028344,-7.064818406474867,37.578288100208766,37.578288100208766,57.62004175365344,57.62004175365344,57.62004175365344,0.0,0.0,0.2,1.0,0.0
bbox_only__inner50_median__object_minus_ring_normalized,leave_one_out,weather,clear_sky,,,240,77.5,38.37859646556485,77.5,32.567849686847595,32.5678496868476,0.6621463077984818,0.35378052101297996,38.45871879639066,-0.0041797237634075834,-1.8947806286936005e-15,2.505219206680586,57.62004175365344,72.65135699373695,72.65135699373695,0.08333333333333333,0.16666666666666666,0.3333333333333333,0.5,0.5
bbox_only__inner50_median__object_minus_ring_normalized,leave_one_out,weather,light_rain,,,240,77.5,38.37859646556485,77.5,32.567849686847595,32.5678496868476,0.6621463077984818,0.35378052101297996,38.45871879639066,-0.0041797237634075834,-1.8947806286936005e-15,2.505219206680586,57.62004175365344,72.65135699373695,72.65135699373695,0.08333333333333333,0.16666666666666666,0.3333333333333333,0.5,0.5
bbox_only__inner50_median__object_minus_ring_normalized,leave_one_out,time_of_day,,10AM,,240,77.5,38.37859646556485,77.5,32.567849686847595,32.5678496868476,0.6621463077984818,0.35378052101297996,38.45871879639066,-0.0041797237634075834,-1.8947806286936005e-15,2.505219206680586,57.62004175365344,72.65135699373695,72.65135699373695,0.08333333333333333,0.16666666666666666,0.3333333333333333,0.5,0.5
bbox_only__inner50_median__object_minus_ring_normalized,leave_one_out,time_of_day,,8PM,,240,77.5,38.37859646556485,77.5,32.567849686847595,32.5678496868476,0.6621463077984818,0.35378052101297996,38.45871879639066,-0.0041797237634075834,-1.8947806286936005e-15,2.505219206680586,57.62004175365344,72.65135699373695,72.65135699373695,0.08333333333333333,0.16666666666666666,0.3333333333333333,0.5,0.5
bbox_only__inner50_median__object_minus_ring_normalized,leave_one_out,distance_range,,,far,120,130.0,14.719601443879744,77.39039665970773,52.60960334029228,47.59916492693111,0.397301140661402,0.38079331941544886,54.638289112168984,-12.778504478945989,-52.60960334029228,-47.59916492693111,72.65135699373695,72.65135699373695,72.65135699373695,0.0,0.0,0.0,0.0,1.0
bbox_only__inner50_median__object_minus_ring_normalized,leave_one_out,distance_range,,,mid,160,85.0,11.180339887498949,77.48434237995825,11.27348643006263,10.020876826722336,0.12583258773237893,0.12327269112237793,13.491018305973705,-0.4560605994569411,-7.515657620041753,-7.51565762004175,22.546972860125265,22.546972860125265,22.546972860125265,0.25,0.5,0.75,0.25,0.75
bbox_only__inner50_median__object_minus_ring_normalized,leave_one_out,distance_range,,,near,200,40.0,14.142135623730951,77.57828810020875,37.578288100208766,37.578288100208766,1.250104384133612,0.9394572025052191,40.161719102834404,-7.064818406474869,37.578288100208766,37.578288100208766,57.62004175365344,57.62004175365344,57.62004175365344,0.0,0.0,0.2,1.0,0.0
bbox_only__inner50_median__object_minus_ring_normalized,leave_one_out,weather__distance_range,clear_sky,,far,60,130.0,14.719601443879744,77.39039665970772,52.60960334029228,47.59916492693111,0.3973011406614021,0.38079331941544886,54.63828911216899,-12.77850447894599,-52.60960334029228,-47.59916492693111,72.65135699373695,72.65135699373695,72.65135699373695,0.0,0.0,0.0,0.0,1.0
bbox_only__inner50_median__object_minus_ring_normalized,leave_one_out,weather__distance_range,clear_sky,,mid,80,85.0,11.180339887498949,77.48434237995824,11.27348643006263,10.020876826722336,0.12583258773237893,0.12327269112237793,13.491018305973705,-0.45606059945694133,-7.515657620041753,-7.51565762004175,22.546972860125265,22.546972860125265,22.546972860125265,0.25,0.5,0.75,0.25,0.75
bbox_only__inner50_median__object_minus_ring_normalized,leave_one_out,weather__distance_range,clear_sky,,near,100,40.0,14.142135623730951,77.57828810020875,37.578288100208766,37.578288100208766,1.2501043841336117,0.9394572025052191,40.1617191028344,-7.064818406474867,37.578288100208766,37.578288100208766,57.62004175365344,57.62004175365344,57.62004175365344,0.0,0.0,0.2,1.0,0.0
bbox_only__inner50_median__object_minus_ring_normalized,leave_one_out,weather__distance_range,light_rain,,far,60,130.0,14.719601443879744,77.39039665970772,52.60960334029228,47.59916492693111,0.3973011406614021,0.38079331941544886,54.63828911216899,-12.77850447894599,-52.60960334029228,-47.59916492693111,72.65135699373695,72.65135699373695,72.65135699373695,0.0,0.0,0.0,0.0,1.0
bbox_only__inner50_median__object_minus_ring_normalized,leave_one_out,weather__distance_range,light_rain,,mid,80,85.0,11.180339887498949,77.48434237995824,11.27348643006263,10.020876826722336,0.12583258773237893,0.12327269112237793,13.491018305973705,-0.45606059945694133,-7.515657620041753,-7.51565762004175,22.546972860125265,22.546972860125265,22.546972860125265,0.25,0.5,0.75,0.25,0.75
bbox_only__inner50_median__object_minus_ring_normalized,leave_one_out,weather__distance_range,light_rain,,near,100,40.0,14.142135623730951,77.57828810020875,37.578288100208766,37.578288100208766,1.2501043841336117,0.9394572025052191,40.1617191028344,-7.064818406474867,37.578288100208766,37.578288100208766,57.62004175365344,57.62004175365344,57.62004175365344,0.0,0.0,0.2,1.0,0.0
bbox_only__inner50_median__object_minus_ring_normalized,leave_one_out,time_of_day__distance_range,,10AM,far,60,130.0,14.719601443879744,77.39039665970772,52.60960334029228,47.59916492693111,0.3973011406614021,0.38079331941544886,54.63828911216899,-12.77850447894599,-52.60960334029228,-47.59916492693111,72.65135699373695,72.65135699373695,72.65135699373695,0.0,0.0,0.0,0.0,1.0
bbox_only__inner50_median__object_minus_ring_normalized,leave_one_out,time_of_day__distance_range,,10AM,mid,80,85.0,11.180339887498949,77.48434237995824,11.27348643006263,10.020876826722336,0.12583258773237893,0.12327269112237793,13.491018305973705,-0.45606059945694133,-7.515657620041753,-7.51565762004175,22.546972860125265,22.546972860125265,22.546972860125265,0.25,0.5,0.75,0.25,0.75
bbox_only__inner50_median__object_minus_ring_normalized,leave_one_out,time_of_day__distance_range,,10AM,near,100,40.0,14.142135623730951,77.57828810020875,37.578288100208766,37.578288100208766,1.2501043841336117,0.9394572025052191,40.1617191028344,-7.064818406474867,37.578288100208766,37.578288100208766,57.62004175365344,57.62004175365344,57.62004175365344,0.0,0.0,0.2,1.0,0.0
bbox_only__inner50_median__object_minus_ring_normalized,leave_one_out,time_of_day__distance_range,,8PM,far,60,130.0,14.719601443879744,77.39039665970772,52.60960334029228,47.59916492693111,0.3973011406614021,0.38079331941544886,54.63828911216899,-12.77850447894599,-52.60960334029228,-47.59916492693111,72.65135699373695,72.65135699373695,72.65135699373695,0.0,0.0,0.0,0.0,1.0
bbox_only__inner50_median__object_minus_ring_normalized,leave_one_out,time_of_day__distance_range,,8PM,mid,80,85.0,11.180339887498949,77.48434237995824,11.27348643006263,10.020876826722336,0.12583258773237893,0.12327269112237793,13.491018305973705,-0.45606059945694133,-7.515657620041753,-7.51565762004175,22.546972860125265,22.546972860125265,22.546972860125265,0.25,0.5,0.75,0.25,0.75
bbox_only__inner50_median__object_minus_ring_normalized,leave_one_out,time_of_day__distance_range,,8PM,near,100,40.0,14.142135623730951,77.57828810020875,37.578288100208766,37.578288100208766,1.2501043841336117,0.9394572025052191,40.1617191028344,-7.064818406474867,37.578288100208766,37.578288100208766,57.62004175365344,57.62004175365344,57.62004175365344,0.0,0.0,0.2,1.0,0.0
full_image__bbox_mean__object_depth,leave_one_out,weather,clear_sky,,,240,77.5,38.37859646556485,77.36661753823837,32.84808921686527,31.02631503221781,0.6639109201445599,0.3563270665487467,38.55634156039695,-0.009284169406728271,-0.13338246176161875,1.7793231713436128,59.54099047545421,71.81502767282733,76.70290504373463,0.0875,0.14583333333333334,0.3375,0.5166666666666667,0.48333333333333334
full_image__bbox_mean__object_depth,leave_one_out,weather,light_rain,,,240,77.5,38.37859646556485,77.63931089939436,32.49945650437305,32.06109215154773,0.6616435745153948,0.3573436027003949,38.39133605858285,-0.0006640006990963343,0.1393108993943618,2.6774433002487044,59.29218114314297,71.29465615440795,77.12398504661735,0.08333333333333333,0.16666666666666666,0.32916666666666666,0.5125,0.4875
full_image__bbox_mean__object_depth,leave_one_out,time_of_day,,10AM,,240,77.5,38.37859646556485,77.5148148952788,32.665753697310656,31.02631503221781,0.6608383995039863,0.35623954325551377,38.51227958414196,-0.006978678653771109,0.01481489527881384,1.7793231713436128,58.52998550441946,71.79002175057477,77.12398504661735,0.09583333333333334,0.15833333333333333,0.3375,0.5166666666666667,0.48333333333333334
full_image__bbox_mean__object_depth,leave_one_out,time_of_day,,8PM,,240,77.5,38.37859646556485,77.49111354235393,32.68179202392766,32.37252423056961,0.6647160951559684,0.3573436027003949,38.435536683099926,-0.0029694914520532745,-0.008886457646065082,2.5189549053118085,60.17062487171996,71.48105978702677,75.40436921171727,0.075,0.15416666666666667,0.32916666666666666,0.5125,0.4875
full_image__bbox_mean__object_depth,leave_one_out,distance_range,,,far,120,130.0,14.719601443879744,77.56300227964181,52.436997720358185,47.292765571824035,0.3959446092825602,0.37834212457459226,54.51104071084477,-12.714401043289426,-52.436997720358185,-47.292765571824035,73.43233365766505,74.25047300182554,77.12398504661735,0.0,0.0,0.0,0.0,1.0
full_image__bbox_mean__object_depth,leave_one_out,distance_range,,,mid,160,85.0,11.180339887498949,77.363065290241,11.71999463511207,10.605870288822828,0.1312252298712066,0.128488354473495,14.041365673825801,-0.5772795998887483,-7.6369347097590055,-8.031258937792053,23.45950837433442,24.55230414532846,27.266057692847838,0.25625,0.46875,0.7875,0.29375,0.70625
full_image__bbox_mean__object_depth,leave_one_out,distance_range,,,near,200,40.0,14.142135623730951,77.57886052518141,37.57886052518142,38.24487150972271,1.2481184441254445,0.9561217877430677,40.149511765967276,-7.059916475227723,37.57886052518142,38.24487150972271,57.43207268125813,58.98599492040899,60.59469836125723,0.0,0.0,0.17,1.0,0.0
full_image__bbox_mean__object_depth,leave_one_out,weather__distance_range,clear_sky,,far,60,130.0,14.719601443879744,77.387453505239,52.61254649476101,47.547350862155845,0.39737210705567894,0.3803788068972468,54.65800987656221,-12.78845250922941,-52.61254649476101,-47.547350862155845,72.77699604809055,74.11173352741429,76.70290504373463,0.0,0.0,0.0,0.0,1.0
full_image__bbox_mean__object_depth,leave_one_out,weather__distance_range,clear_sky,,mid,80,85.0,11.180339887498949,77.06208580453718,12.087681098276331,10.819314934933118,0.13543894155447905,0.13892715451724777,14.40932750519451,-0.6610297532156402,-7.9379141954628265,-8.031258937792053,24.20574893010152,25.2291867896134,27.266057692847838,0.2625,0.4375,0.8,0.3,0.7
full_image__bbox_mean__object_depth,leave_one_out,weather__distance_range,clear_sky,,near,100,40.0,14.142135623730951,77.597741344999,37.59774134499898,38.28124833528444,1.2466117908699532,0.9570312083821109,40.115056242406,-7.046088686656983,37.59774134499898,38.28124833528444,57.09025170048516,58.99483205864,60.59469836125723,0.0,0.0,0.17,1.0,0.0
full_image__bbox_mean__object_depth,leave_one_out,weather__distance_range,light_rain,,far,60,130.0,14.719601443879744,77.7385510540446,52.26144894595537,47.05888802986783,0.39451711150944146,0.37647110423894264,54.36367422362454,-12.640349577349445,-52.26144894595537,-47.05888802986783,73.61789558193374,74.93730591392743,77.12398504661735,0.0,0.0,0.0,0.0,1.0
full_image__bbox_mean__object_depth,leave_one_out,weather__distance_range,light_rain,,mid,80,85.0,11.180339887498949,77.6640447759448,11.352308171947811,10.074141683295245,0.12701151818793416,0.1270235377779201,13.663498117986915,-0.4935294465618558,-7.335955224055186,-8.046696067604877,22.392840000722238,23.590610287086424,26.76282143073007,0.25,0.5,0.775,0.2875,0.7125
full_image__bbox_mean__object_depth,leave_one_out,weather__distance_range,light_rain,,near,100,40.0,14.142135623730951,77.55997970536384,37.55997970536385,38.23400456405416,1.249625097380935,0.955850114101354,40.183937745816955,-7.0737442637984635,37.55997970536385,38.23400456405416,57.7032711302807,58.5213918378957,60.5366894578997,0.0,0.0,0.17,1.0,0.0
full_image__bbox_mean__object_depth,leave_one_out,time_of_day__distance_range,,10AM,far,60,130.0,14.719601443879744,77.19200216841682,52.80799783158319,48.01573789191073,0.3988336346948574,0.38412590313528583,54.86937961957507,-12.895302245401721,-52.80799783158319,-48.01573789191073,73.97671508712837,74.98321036646237,77.12398504661735,0.0,0.0,0.0,0.0,1.0
full_image__bbox_mean__object_depth,leave_one_out,time_of_day__distance_range,,10AM,mid,80,85.0,11.180339887498949,77.67789645299911,11.418716111719863,10.572275508746685,0.12801926668314337,0.1263971984081244,13.685673905445814,-0.4983813619696036,-7.322103547000902,-7.781594898610734,23.064926838312175,24.475721653151552,27.216590774705793,0.2875,0.475,0.8125,0.3,0.7
full_image__bbox_mean__object_depth,leave_one_out,time_of_day__distance_range,,10AM,near,100,40.0,14.142135623730951,77.57803728521979,37.578037285219786,38.03974941345663,1.2442965646461381,0.9509937353364157,40.043004394549335,-7.0172110047094876,37.578037285219786,38.03974941345663,56.97611179000039,58.42408540227358,60.233354822223674,0.0,0.0,0.16,1.0,0.0
full_image__bbox_mean__object_depth,leave_one_out,time_of_day__distance_range,,8PM,far,60,130.0,14.719601443879744,77.93400239086681,52.06599760913319,46.40037792068142,0.393055583870263,0.3712030233654514,54.150330552284835,-12.533499841177132,-52.06599760913319,-46.40037792068142,72.47843269285066,73.6127627962157,75.40436921171727,0.0,0.0,0.0,0.0,1.0
full_image__bbox_mean__object_depth,leave_one_out,time_of_day__distance_range,,8PM,mid,80,85.0,11.180339887498949,77.04823412748287,12.02127315850428,10.652465999922107,0.13443119305926984,0.13284794454355617,14.388267085580061,-0.6561778378078924,-7.951765872517112,-8.712087199244941,23.98855197969761,24.819640876199987,27.266057692847838,0.225,0.4625,0.7625,0.2875,0.7125
full_image__bbox_mean__object_depth,leave_one_out,time_of_day__distance_range,,8PM,near,100,40.0,14.142135623730951,77.57968376514305,37.579683765143045,38.45384550480992,1.2519403236047506,0.961346137620248,40.25573734449777,-7.102621945745961,37.579683765143045,38.45384550480992,57.7032711302807,60.15580648673597,60.59469836125723,0.0,0.0,0.18,1.0,0.0
full_image__bbox_mean__object_depth_percentile_5_95,leave_one_out,weather,clear_sky,,,240,77.5,38.37859646556485,77.57988315424777,32.80050144167394,31.894041298330045,0.6639730176463995,0.3532090776524383,38.3900419105486,-0.0005965383153681003,0.07988315424776905,2.0720946843605645,59.704469700364335,70.75302806765689,76.6997524384972,0.0875,0.14583333333333334,0.32916666666666666,0.5208333333333334,0.4791666666666667
full_image__bbox_mean__object_depth_percentile_5_95,leave_one_out,weather,light_rain,,,240,77.5,38.37859646556485,77.42566745027737,32.589883755078844,31.962016902437725,0.6616333240706856,0.35819288384139825,38.47972251546509,-0.0052768621446275255,-0.07433254972261996,1.753471271359686,59.91397851542185,71.56408393146309,78.30309286267847,0.075,0.1625,0.32916666666666666,0.5208333333333334,0.4791666666666667
full_image__bbox_mean__object_depth_percentile_5_95,leave_one_out,time_of_day,,10AM,,240,77.5,38.37859646556485,77.4978223593696,32.76153147260208,31.894041298330038,0.662026435234862,0.3580314254189827,38.58059705980668,-0.010554434732331863,-0.002177640630405146,2.0187025034255583,59.072870054654324,71.49547801941479,78.30309286267847,0.09166666666666666,0.1625,0.3375,0.5166666666666667,0.48333333333333334
full_image__bbox_mean__object_depth_percentile_5_95,leave_one_out,time_of_day,,8PM,,240,77.5,38.37859646556485,77.50772824515555,32.628853724150694,32.70584372202504,0.6635799064822231,0.35444904214006145,38.28866533675084,0.0046810342723361265,0.007728245155552334,1.8068634522946923,61.055442130327734,70.7115780128152,75.3294397026931,0.07083333333333333,0.14583333333333334,0.32083333333333336,0.525,0.475
full_image__bbox_mean__object_depth_percentile_5_95,leave_one_out,distance_range,,,far,120,130.0,14.719601443879744,77.80750883041101,52.19249116958899,46.62846224932565,0.39399943164576995,0.3734199481248176,54.309774069791935,-12.613314890054667,-52.19249116958899,-46.62846224932565,73.25074827253836,74.07004393047455,78.30309286267847,0.0,0.0,0.0,0.0,1.0
full_image__bbox_mean__object_depth_percentile_5_95,leave_one_out,distance_range,,,mid,160,85.0,11.180339887498949,77.17193685052362,11.960451984481589,10.724509157370946,0.13392069861023748,0.12951592718693422,14.329814137324878,-0.6427485856822073,-7.828063149476387,-8.080000200826717,24.20757792487521,25.44644323795324,28.397846459452936,0.24375,0.4625,0.8,0.3125,0.6875
full_image__bbox_mean__object_depth_percentile_5_95,leave_one_out,distance_range,,,near,200,40.0,14.142135623730951,77.58460594676468,37.584605946764675,38.4655820330829,1.24719139218485,0.9616395508270725,40.141941171768394,-7.056877205188572,37.584605946764675,38.4655820330829,57.395575645004456,59.48126343140822,62.10378032678685,0.0,0.0,0.15,1.0,0.0
full_image__bbox_mean__object_depth_percentile_5_95,leave_one_out,weather__distance_range,clear_sky,,far,60,130.0,14.719601443879744,78.00294442860879,51.997055571391215,46.25415516351006,0.39267879761312,0.3700332413080805,54.04618713403731,-12.48149389412637,-51.997055571391215,-46.25415516351006,72.79532167228726,73.24861047568224,76.6997524384972,0.0,0.0,0.0,0.0,1.0
full_image__bbox_mean__object_depth_percentile_5_95,leave_one_out,weather__distance_range,clear_sky,,mid,80,85.0,11.180339887498949,77.01192671984818,12.17819822503986,11.668270479141427,0.1364256491975909,0.13847546805029226,14.567467604476066,-0.6976888992596775,-7.9880732801518235,-8.080000200826717,24.75878685171066,25.487556415253966,28.397846459452936,0.2625,0.4375,0.8,0.3125,0.6875
full_image__bbox_mean__object_depth_percentile_5_95,leave_one_out,weather__distance_range,clear_sky,,near,100,40.0,14.142135623730951,77.78041153715084,37.78041153715083,38.48147926770497,1.248787444425414,0.9620369816926242,40.183898103375064,-7.07372833391215,37.78041153715083,38.48147926770497,57.6241686795094,59.48126343140822,62.10378032678685,0.0,0.0,0.15,1.0,0.0
full_image__bbox_mean__object_depth_percentile_5_95,leave_one_out,weather__distance_range,light_rain,,far,60,130.0,14.719601443879744,77.61207323221325,52.38792676778676,46.68281108566032,0.39532006567841976,0.3735869710509843,54.57208787737839,-12.745135885982966,-52.38792676778676,-46.68281108566032,73.97062821513335,75.25821176746084,78.30309286267847,0.0,0.0,0.0,0.0,1.0
full_image__bbox_mean__object_depth_percentile_5_95,leave_one_out,weather__distance_range,light_rain,,mid,80,85.0,11.180339887498949,77.33194698119905,11.742705743923315,10.127932549031094,0.131415748022884,0.12642018026548402,14.088152256882097,-0.5878082721047371,-7.668053018800947,-8.316054048027254,23.49254247217194,24.809703285001312,27.70147034256985,0.225,0.4875,0.8,0.3125,0.6875
full_image__bbox_mean__object_depth_percentile_5_95,leave_one_out,weather__distance_range,light_rain,,near,100,40.0,14.142135623730951,77.38880035637854,37.388800356378525,38.36565745077538,1.2455953399442863,0.9591414362693845,40.09994034026733,-7.040026076464997,37.388800356378525,38.36565745077538,57.21384957362602,58.96859370952616,61.24550721385434,0.0,0.0,0.15,1.0,0.0
full_image__bbox_mean__object_depth_percentile_5_95,leave_one_out,time_of_day__distance_range,,10AM,far,60,130.0,14.719601443879744,77.13520656522515,52.86479343477484,48.73605144377968,0.3992776285363764,0.38988841155023746,54.940492331020245,-12.931343219576435,-52.86479343477484,-48.73605144377968,73.5707565244385,75.3070315358009,78.30309286267847,0.0,0.0,0.0,0.0,1.0
full_image__bbox_mean__object_depth_percentile_5_95,leave_one_out,time_of_day__distance_range,,10AM,mid,80,85.0,11.180339887498949,77.59729801123592,11.59123519877112,10.429734239507987,0.13012691072351137,0.12866602612374556,13.850016223257414,-0.5345835950759488,-7.402701988764081,-7.683115125654929,23.498720979131807,24.80720832190535,28.397846459452936,0.275,0.4875,0.825,0.3,0.7
full_image__bbox_mean__object_depth_percentile_5_95,leave_one_out,time_of_day__distance_range,,10AM,near,100,40.0,14.142135623730951,77.63581131436321,37.6358113143632,38.318031144401516,1.2451953388630337,0.9579507786100379,40.09709401847298,-7.038884743631309,37.6358113143632,38.318031144401516,57.13367258133341,58.92609800871174,61.24550721385434,0.0,0.0,0.15,1.0,0.0
full_image__bbox_mean__object_depth_percentile_5_95,leave_one_out,time_of_day__distance_range,,8PM,far,60,130.0,14.719601443879744,78.47981109559687,51.52018890440313,45.84040809019292,0.38872123475516346,0.36917226289569116,53.671644482434075,-12.295286560532906,-51.52018890440313,-45.84040809019292,72.56762212691812,73.96810823796604,75.3294397026931,0.0,0.0,0.0,0.0,1.0
full_image__bbox_mean__object_depth_percentile_5_95,leave_one_out,time_of_day__distance_range,,8PM,mid,80,85.0,11.180339887498949,76.74657568981131,12.329668770192056,10.724509157370946,0.13771448649696358,0.13063498611429836,14.79405951847086,-0.750913576288466,-8.25342431018869,-8.970703027491176,24.75878685171066,25.943661512014977,28.220938116836223,0.2125,0.4375,0.775,0.325,0.675
full_image__bbox_mean__object_depth_percentile_5_95,leave_one_out,time_of_day__distance_range,,8PM,near,100,40.0,14.142135623730951,77.53340057916617,37.53340057916616,38.652238629444334,1.2491874455066665,0.9663059657361084,40.18673827706309,-7.07486966674584,37.53340057916616,38.652238629444334,57.94312890010912,60.38708361388959,62.10378032678685,0.0,0.0,0.15,1.0,0.0
full_image__bbox_mean__object_minus_ring,leave_one_out,weather,clear_sky,,,240,77.5,38.37859646556485,77.16859882473578,31.966442486674502,31.04980645005559,0.6385184636960985,0.3321506346487406,37.94604143609328,0.022414442543904012,-0.33140117526421403,-1.5896760874301634,58.184790231346135,72.12445085231805,74.15205110460717,0.0875,0.17083333333333334,0.3333333333333333,0.49583333333333335,0.5041666666666667
full_image__bbox_mean__object_minus_ring,leave_one_out,weather,light_rain,,,240,77.5,38.37859646556485,77.93078528427326,32.502735935631385,35.881612406987635,0.6593005801664836,0.3599912464453938,38.45118567538322,-0.0037863738678107772,0.43078528427326435,1.0845300682059218,58.61264013427347,72.08892791501734,72.47068049579522,0.09583333333333334,0.16666666666666666,0.3333333333333333,0.5041666666666667,0.49583333333333335
full_image__bbox_mean__object_minus_ring,leave_one_out,time_of_day,,10AM,,240,77.5,38.37859646556485,77.43905849103508,32.21564400772159,30.52425044239901,0.6436498109459738,0.3511347308030567,38.15009132187967,0.011872497062907716,-0.060941508964901914,0.08487311775324002,58.26353183151136,72.13071991771271,72.47068049579522,0.1,0.16666666666666666,0.32916666666666666,0.5,0.5
full_image__bbox_mean__object_minus_ring,leave_one_out,time_of_day,,8PM,,240,77.5,38.37859646556485,77.66032561797395,32.253534414584294,33.96037511798466,0.6541692329166083,0.33449624461773375,38.24874210539146,0.006755571613185518,0.16032561797395223,-0.5900191369774817,58.309708063546225,72.09576443904646,74.15205110460717,0.08333333333333333,0.17083333333333334,0.3375,0.5,0.5
full_image__bbox_mean__object_minus_ring,leave_one_out,distance_range,,,far,120,130.0,14.719601443879744,77.87448067372172,52.125519326278294,47.109134744081295,0.39354122157945093,0.37687307795265035,54.17443777857351,-12.545552501344002,-52.125519326278294,-47.109134744081295,72.18657057603588,72.25156453801293,74.15205110460717,0.0,0.0,0.0,0.0,1.0
full_image__bbox_mean__object_minus_ring,leave_one_out,distance_range,,,mid,160,85.0,11.180339887498949,77.80600334702471,11.142133844548164,10.923473270463447,0.12477167083654148,0.12921358842642344,13.382905734353761,-0.4328173271567901,-7.193996652975281,-9.251114831653396,22.052696561085817,22.152323134623064,26.04481631670283,0.25625,0.48125,0.75625,0.25625,0.74375
full_image__bbox_mean__object_minus_ring,leave_one_out,distance_range,,,near,200,40.0,14.142135623730951,77.14976984895806,37.173995435361554,37.929259573866915,1.2214407830181948,0.9487239834627534,39.9733827781013,-6.989356653623029,37.14976984895806,37.929259573866915,57.46393256737785,58.202663436260465,65.2264889778407,0.015,0.02,0.195,0.995,0.005
full_image__bbox_mean__object_minus_ring,leave_one_out,weather__distance_range,clear_sky,,far,60,130.0,14.719601443879744,77.86116282982871,52.13883717017129,47.11463007538149,0.39356539179641253,0.376917040603052,54.21186238067457,-12.56427395129784,-52.13883717017129,-47.11463007538149,72.17405328704209,72.27517291934133,74.15205110460717,0.0,0.0,0.0,0.0,1.0
full_image__bbox_mean__object_minus_ring,leave_one_out,weather__distance_range,clear_sky,,mid,80,85.0,11.180339887498949,77.74065714088673,11.36536840543722,10.580703707269528,0.12750552444221083,0.1300253553899398,13.61227056847368,-0.4823512802346781,-7.259342859113277,-9.251114831653396,22.072447965387372,22.162658140228825,26.04481631670283,0.2375,0.475,0.7375,0.25,0.75
full_image__bbox_mean__object_minus_ring,leave_one_out,weather__distance_range,clear_sky,,near,100,40.0,14.142135623730951,76.29541376875926,36.34386494156626,37.79572700977589,1.1943006582390203,0.9474654279222632,39.295982032710576,-6.720871019575563,36.295413768759275,37.79572700977589,57.19245830623107,58.07057104565459,65.2264889778407,0.02,0.03,0.21,0.99,0.01
full_image__bbox_mean__object_minus_ring,leave_one_out,weather__distance_range,light_rain,,far,60,130.0,14.719601443879744,77.88779851761471,52.112201482385316,47.109134744081295,0.3935170513624894,0.37687307795265035,54.13698730505668,-12.52683105139016,-52.112201482385316,-47.109134744081295,72.18750298130591,72.24738738810004,72.47068049579522,0.0,0.0,0.0,0.0,1.0
full_image__bbox_mean__object_minus_ring,leave_one_out,weather__distance_range,light_rain,,mid,80,85.0,11.180339887498949,77.87134955316272,10.91889928365911,11.325069840352377,0.12203781723087218,0.12583410933724865,13.149540743305932,-0.3832833740789017,-7.128650446837287,-7.928277512590107,22.050482972799017,22.07336321599836,24.833142253196854,0.275,0.4875,0.775,0.2625,0.7375
full_image__bbox_mean__object_minus_ring,leave_one_out,weather__distance_range,light_rain,,near,100,40.0,14.142135623730951,78.00412592915686,38.00412592915686,38.03675831739486,1.2485809077973693,0.9506676326148561,40.6394938149345,-7.257842287670497,38.00412592915686,38.03675831739486,57.49601322030229,58.23611711316928,63.017854130697444,0.01,0.01,0.18,1.0,0.0
full_image__bbox_mean__object_minus_ring,leave_one_out,time_of_day__distance_range,,10AM,far,60,130.0,14.719601443879744,77.85714207715377,52.142857922846225,47.120910848963526,0.3937591157658083,0.3769672867917082,54.1655870574713,-12.541126867448474,-52.142857922846225,-47.120910848963526,72.18239693405059,72.24846658859903,72.47068049579522,0.0,0.0,0.0,0.0,1.0
full_image__bbox_mean__object_minus_ring,leave_one_out,time_of_day__distance_range,,10AM,mid,80,85.0,11.180339887498949,77.60929086140804,11.224760527198189,10.986883902313409,0.12542989656081555,0.12779589878700845,13.581620399285722,-0.47568330136235226,-7.390709138591961,-7.691696565020756,22.05424955264842,22.185303016487808,26.04481631670283,0.275,0.475,0.75,0.25,0.75
full_image__bbox_mean__object_minus_ring,leave_one_out,time_of_day__distance_range,,10AM,near,100,40.0,14.142135623730951,77.05202244306554,37.052022443065546,37.81660491946035,1.2081601595621998,0.9461271692343773,39.813514037046325,-6.925579499890424,37.052022443065546,37.81660491946035,56.49145338991963,58.23313158810387,64.64747325813916,0.02,0.02,0.19,1.0,0.0
full_image__bbox_mean__object_minus_ring,leave_one_out,time_of_day__distance_range,,8PM,far,60,130.0,14.719601443879744,77.89181927028964,52.10818072971037,47.101638849367596,0.3933233273930936,0.3768131107949408,54.183287053929874,-12.549978135239527,-52.10818072971037,-47.101638849367596,72.18750298130591,72.25306354828402,74.15205110460717,0.0,0.0,0.0,0.0,1.0
full_image__bbox_mean__object_minus_ring,leave_one_out,time_of_day__distance_range,,8PM,mid,80,85.0,11.180339887498949,78.0027158326414,11.059507161898141,10.783546533341365,0.1241134451122674,0.12921358842642344,13.181195663478464,-0.38995135295122774,-6.997284167358602,-9.251114831653396,22.050811026906477,22.10723825904309,22.563888360195264,0.2375,0.4875,0.7625,0.2625,0.7375
full_image__bbox_mean__object_minus_ring,leave_one_out,time_of_day__distance_range,,8PM,near,100,40.0,14.142135623730951,77.24751725485058,37.29596842765758,38.36065709773351,1.2347214064741896,0.954630140024274,40.13261468520495,-7.053133807355639,37.24751725485059,38.36065709773351,57.88986563348323,58.1779257599527,65.2264889778407,0.01,0.02,0.2,0.99,0.01
full_image__bbox_mean__object_minus_ring_normalized,leave_one_out,weather,clear_sky,,,240,77.5,38.37859646556485,77.12549883112855,32.155279163416346,29.10861397348659,0.6468491057525835,0.3272605309264278,37.997420145316575,0.019765360543336885,-0.374501168871465,-1.9375669051128526,58.033441965759344,72.24554675491564,72.98484992174093,0.07916666666666666,0.16666666666666666,0.3333333333333333,0.49583333333333335,0.5041666666666667
full_image__bbox_mean__object_minus_ring_normalized,leave_one_out,weather,light_rain,,,240,77.5,38.37859646556485,77.88891459858736,32.56880093726985,36.34004761269437,0.6592060059738858,0.35722174139501245,38.46293088260585,-0.004399695895976219,0.38891459858734073,0.756240099069565,59.454639048317574,72.23021824333628,72.39086245305438,0.09166666666666666,0.1625,0.3375,0.5,0.5
full_image__bbox_mean__object_minus_ring_normalized,leave_one_out,time_of_day,,10AM,,240,77.5,38.37859646556485,77.6544513314828,32.44585912100422,30.761492147267496,0.6526112863625071,0.35722174139501245,38.29654503890441,0.004271324299744972,0.1544513314828104,0.4019175998477351,58.394299804996024,72.24595874709605,72.39086245305438,0.09166666666666666,0.1625,0.3333333333333333,0.5,0.5
full_image__bbox_mean__object_minus_ring_normalized,leave_one_out,time_of_day,,8PM,,240,77.5,38.37859646556485,77.35996209823307,32.278220979681976,30.719079192663393,0.6534438253639622,0.32653319387656077,38.16511008582304,0.011094340347615472,-0.14003790176693276,-1.5832444058910227,58.11676020647955,72.23953444704608,72.98484992174093,0.07916666666666666,0.16666666666666666,0.3375,0.49583333333333335,0.5041666666666667
full_image__bbox_mean__object_minus_ring_normalized,leave_one_out,distance_range,,,far,120,130.0,14.719601443879744,77.77415504335603,52.225844956643975,47.20944158616255,0.3943284005616858,0.3776755326893004,54.26463303659679,-12.590694147368517,-52.225844956643975,-47.20944158616255,72.27689295482953,72.30978950539495,72.98484992174093,0.0,0.0,0.0,0.0,1.0
full_image__bbox_mean__object_minus_ring_normalized,leave_one_out,distance_range,,,mid,160,85.0,11.180339887498949,77.80180974407867,11.170338512274283,10.879516818188769,0.12506991712382684,0.12992055208634115,13.38924661910854,-0.4341754002184759,-7.198190255921316,-8.257203569053843,22.15607749590568,22.192527754150355,24.862690947864806,0.25625,0.49375,0.75,0.25,0.75
full_image__bbox_mean__object_minus_ring_normalized,leave_one_out,distance_range,,,near,200,40.0,14.142135623730951,77.1113552943825,37.39711833701762,37.89629902511424,1.23061316003569,0.9484103334622742,39.97040665987819,-6.988167042780176,37.11135529438249,37.89629902511424,57.84925270862945,58.08210522348299,61.443593439007486,0.0,0.0,0.205,0.995,0.005
full_image__bbox_mean__object_minus_ring_normalized,leave_one_out,weather__distance_range,clear_sky,,far,60,130.0,14.719601443879744,77.768042605728,52.231957394271994,47.20807720464456,0.39434433396153923,0.3776646176371565,54.279896847429946,-12.59834093123524,-52.231957394271994,-47.20807720464456,72.26467738364423,72.31314947031481,72.98484992174093,0.0,0.0,0.0,0.0,1.0
full_image__bbox_mean__object_minus_ring_normalized,leave_one_out,weather__distance_range,clear_sky,,mid,80,85.0,11.180339887498949,77.72564804275513,11.252645341622753,9.952185163801055,0.12598982574710813,0.12914932502164658,13.455683824136404,-0.44844341740100857,-7.274351957244873,-8.257203569053843,22.15871533250771,22.195577421722742,22.516698421028906,0.2375,0.5,0.7375,0.25,0.75
full_image__bbox_mean__object_minus_ring_normalized,leave_one_out,weather__distance_range,clear_sky,,near,100,40.0,14.142135623730951,76.25985319706759,36.83137928233783,37.84502230322136,1.2150393928315903,0.9480058537997542,39.40178660516071,-6.76250393839311,36.259853197067585,37.84502230322136,57.70802902131444,58.002965587022366,61.065423337753245,0.0,0.0,0.21,0.99,0.01
full_image__bbox_mean__object_minus_ring_normalized,leave_one_out,weather__distance_range,light_rain,,far,60,130.0,14.719601443879744,77.78026748098405,52.21973251901595,47.213406344765154,0.3943124671618322,0.3777072507581212,54.24936493107905,-12.583047363501796,-52.21973251901595,-47.213406344765154,72.27764646080058,72.30407458641199,72.39086245305438,0.0,0.0,0.0,0.0,1.0
full_image__bbox_mean__object_minus_ring_normalized,leave_one_out,weather__distance_range,light_rain,,mid,80,85.0,11.180339887498949,77.87797144540225,11.088031682925813,11.784145991460143,0.12415000850054554,0.13093495546066825,13.322478105798968,-0.41990738303594277,-7.122028554597757,-7.758828711734388,22.154974729815727,22.16185471243415,24.862690947864806,0.275,0.4875,0.7625,0.25,0.75
full_image__bbox_mean__object_minus_ring_normalized,leave_one_out,weather__distance_range,light_rain,,near,100,40.0,14.142135623730951,77.96285739169741,37.96285739169741,37.93414149523044,1.2461869272397899,0.9486546358132641,40.53105018912597,-7.213830147167242,37.96285739169741,37.93414149523044,57.92764994329479,58.28671452615359,61.443593439007486,0.0,0.0,0.2,1.0,0.0
full_image__bbox_mean__object_minus_ring_normalized,leave_one_out,time_of_day__distance_range,,10AM,far,60,130.0,14.719601443879744,77.7712996529066,52.22870034709339,47.22071913954969,0.39437913416886333,0.37776575311639754,54.25885595686559,-12.587800537297946,-52.22870034709339,-47.22071913954969,72.26986533005474,72.30422372492163,72.39086245305438,0.0,0.0,0.0,0.0,1.0
full_image__bbox_mean__object_minus_ring_normalized,leave_one_out,time_of_day__distance_range,,10AM,mid,80,85.0,11.180339887498949,77.73264469626687,11.263817544191005,11.623439251948191,0.1261092464435538,0.13120977660056354,13.546443601736305,-0.4680490740401799,-7.267355303733119,-7.689418275911876,22.155082345232955,22.19450652995781,24.862690947864806,0.275,0.4875,0.75,0.25,0.75
full_image__bbox_mean__object_minus_ring_normalized,leave_one_out,time_of_day__distance_range,,10AM,near,100,40.0,14.142135623730951,77.52178764680127,37.52178764680128,37.88207860630336,1.228752209613856,0.9473065724636015,40.08343662097413,-7.0334094567382515,37.52178764680128,37.88207860630336,57.256719467916994,58.09281343760341,61.443593439007486,0.0,0.0,0.2,1.0,0.0
full_image__bbox_mean__object_minus_ring_normalized,leave_one_out,time_of_day__distance_range,,8PM,far,60,130.0,14.719601443879744,77.77701043380543,52.22298956619455,47.20583787473727,0.39427766695450805,0.37764670299789815,54.27040950135844,-12.59358775743909,-52.22298956619455,-47.20583787473727,72.27689295482953,72.31042642249825,72.98484992174093,0.0,0.0,0.0,0.0,1.0
full_image__bbox_mean__object_minus_ring_normalized,leave_one_out,time_of_day__distance_range,,8PM,mid,80,85.0,11.180339887498949,77.87097479189049,11.07685948035756,9.952185163801055,0.12403058780409988,0.12520192462961582,13.230182001756305,-0.40030172639677186,-7.1290252081095105,-8.257203569053843,22.156147158655884,22.175793759251,22.356073280790568,0.2375,0.5,0.75,0.25,0.75
full_image__bbox_mean__object_minus_ring_normalized,leave_one_out,time_of_day__distance_range,,8PM,near,100,40.0,14.142135623730951,76.7009229419637,37.27244902723397,37.94618543253057,1.2324741104575243,0.95211634651136,39.85705616028886,-6.942924628822101,36.70092294196371,37.94618543253057,57.925663276638595,58.030025528161104,61.065423337753245,0.0,0.0,0.21,0.99,0.01
full_image__bbox_midpoint__object_depth,leave_one_out,weather,clear_sky,,,240,77.5,38.37859646556485,77.2974551368925,32.90831949120302,32.4172676196161,0.662263105347402,0.35698963935107353,38.52177390222374,-0.0074752347886029025,-0.20254486310751454,2.1989411828229493,59.52377156573398,71.42218709093491,78.11037102243561,0.075,0.15,0.3333333333333333,0.5166666666666667,0.48333333333333334
full_image__bbox_midpoint__object_depth,leave_one_out,weather,light_rain,,,240,77.5,38.37859646556485,77.70590127312597,32.44191119893146,31.82792433043064,0.6601962635971166,0.35543193371696524,38.30984230285104,0.0035797336785414746,0.20590127312596754,2.8320922626985023,58.8020798634496,70.67594009033986,78.65742089533155,0.09166666666666666,0.16666666666666666,0.325,0.5208333333333334,0.4791666666666667
full_image__bbox_midpoint__object_depth,leave_one_out,time_of_day,,10AM,,240,77.5,38.37859646556485,77.50293271282862,32.65314910590636,32.4172676196161,0.6580171524332654,0.3595065428428831,38.45946327778535,-0.004218601832183477,0.002932712828610799,2.1989411828229493,58.310181315017644,71.34698158501598,78.65742089533155,0.0875,0.15833333333333333,0.32916666666666666,0.5166666666666667,0.48333333333333334
full_image__bbox_midpoint__object_depth,leave_one_out,time_of_day,,8PM,,240,77.5,38.37859646556485,77.50042369718986,32.69708158422811,32.25906172797453,0.6644422165112532,0.3516857982039739,38.37239588855562,0.00032310072212216046,0.00042369718984218706,2.6067821762241508,60.913667241251055,70.94740727793906,76.40210745182223,0.07916666666666666,0.15833333333333333,0.32916666666666666,0.5208333333333334,0.4791666666666667
full_image__bbox_midpoint__object_depth,leave_one_out,distance_range,,,far,120,130.0,14.719601443879744,77.72026033716939,52.279739662830615,47.122857656954906,0.39471897252996657,0.3779015900889725,54.394315674219506,-12.655730358461424,-52.279739662830615,-47.122857656954906,73.63902522468135,74.81101086172899,78.65742089533155,0.0,0.0,0.0,0.0,1.0
full_image__bbox_midpoint__object_depth,leave_one_out,distance_range,,,mid,160,85.0,11.180339887498949,77.36634362476784,11.96704555069594,10.679503664817616,0.1343079005178637,0.1314825715625022,14.31728646128434,-0.6398775329158071,-7.633656375232162,-7.872549208792677,23.77363717716108,25.29104104002974,29.034182067831267,0.25,0.475,0.79375,0.30625,0.69375
full_image__bbox_midpoint__object_depth,leave_one_out,distance_range,,,near,200,40.0,14.142135623730951,77.47879658990624,37.47879658990624,38.65294924840931,1.2426735388011512,0.9663237312102326,40.033143747655735,-7.013262991602337,37.47879658990624,38.65294924840931,57.09284836855842,58.68641500732452,61.44982397882319,0.0,0.0,0.155,1.0,0.0
full_image__bbox_midpoint__object_depth,leave_one_out,weather__distance_range,clear_sky,,far,60,130.0,14.719601443879744,77.47208761510463,52.52791238489538,47.481406413577034,0.396735218319591,0.3798512513086163,54.60152615850123,-12.759969194634587,-52.52791238489538,-47.481406413577034,72.773927031091,74.62601312686716,78.11037102243561,0.0,0.0,0.0,0.0,1.0
full_image__bbox_midpoint__object_depth,leave_one_out,weather__distance_range,clear_sky,,mid,80,85.0,11.180339887498949,76.9392435991563,12.47996808474483,11.396868540163588,0.14017885908524208,0.14427145762925891,14.855153495814161,-0.7654046830735977,-8.06075640084369,-7.872549208792677,24.810824600820162,26.230012868853493,29.034182067831267,0.225,0.45,0.8,0.3,0.7
full_image__bbox_midpoint__object_depth,leave_one_out,weather__distance_range,clear_sky,,near,100,40.0,14.142135623730951,77.47924488015414,37.47924488015415,38.956802051245006,1.2392472345738164,0.9739200512811252,39.951076222898614,-6.980442456839276,37.47924488015415,38.956802051245006,56.71266054228763,59.11820119969485,61.44982397882319,0.0,0.0,0.16,1.0,0.0
full_image__bbox_midpoint__object_depth,leave_one_out,weather__distance_range,light_rain,,far,60,130.0,14.719601443879744,77.96843305923417,52.03156694076586,46.7942368188212,0.3927027267403422,0.3765148934077596,54.18631281509925,-12.55149152228826,-52.03156694076586,-46.7942368188212,73.93275471509817,75.72322963865281,78.65742089533155,0.0,0.0,0.0,0.0,1.0
full_image__bbox_midpoint__object_depth,leave_one_out,weather__distance_range,light_rain,,mid,80,85.0,11.180339887498949,77.79344365037937,11.45412301664705,10.000003387451713,0.12843694195048533,0.12598273876499044,13.758408259851572,-0.514350382758016,-7.2065563496206355,-8.212715920630004,22.28014899853152,23.96231631067293,28.35158195738404,0.275,0.5,0.7875,0.3125,0.6875
full_image__bbox_midpoint__object_depth,leave_one_out,weather__distance_range,light_rain,,near,100,40.0,14.142135623730951,77.47834829965834,37.47834829965834,38.52514040731523,1.246099843028486,0.9631285101828807,40.11504337867628,-7.046083526365399,37.47834829965834,38.52514040731523,57.252700904520125,58.29048959095612,61.17892205326602,0.0,0.0,0.15,1.0,0.0
full_image__bbox_midpoint__object_depth,leave_one_out,time_of_day__distance_range,,10AM,far,60,130.0,14.719601443879744,77.20560609708849,52.79439390291148,48.134198658836,0.3987277581192774,0.38507358927068797,54.8920730398555,-12.906798535136142,-52.79439390291148,-48.134198658836,74.44132768577208,75.80878644413941,78.65742089533155,0.0,0.0,0.0,0.0,1.0
full_image__bbox_midpoint__object_depth,leave_one_out,time_of_day__distance_range,,10AM,mid,80,85.0,11.180339887498949,77.78985172809853,11.54891005296453,10.476155325398587,0.12984473659078996,0.12662364601458992,13.840985715852346,-0.5325830846914297,-7.210148271901481,-7.8369886522967676,23.22549240209785,25.200228172638596,28.955831059899992,0.2625,0.475,0.8125,0.3,0.7
full_image__bbox_midpoint__object_depth,leave_one_out,time_of_day__distance_range,,10AM,near,100,40.0,14.142135623730951,77.45179347005674,37.45179347005675,38.52514040731523,1.2361287216956387,0.9631285101828807,39.85938583871969,-6.943853197199638,37.45179347005675,38.52514040731523,56.65704032928845,58.2093401012209,60.0391075013701,0.0,0.0,0.14,1.0,0.0
full_image__bbox_midpoint__object_depth,leave_one_out,time_of_day__distance_range,,8PM,far,60,130.0,14.719601443879744,78.23491457725027,51.76508542274975,45.85392751086998,0.39071018694065585,0.37435389455056955,53.891961114070185,-12.404662181786705,-51.76508542274975,-45.85392751086998,72.35848757731047,73.92488571419942,76.40210745182223,0.0,0.0,0.0,0.0,1.0
full_image__bbox_midpoint__object_depth,leave_one_out,time_of_day__distance_range,,8PM,mid,80,85.0,11.180339887498949,76.94283552143716,12.385181048427347,11.05421889375355,0.13877106444493748,0.13470396070693097,14.778244064926085,-0.7471719811401842,-8.057164478562843,-9.15086259599564,24.519956838738477,25.663929214201048,29.034182067831267,0.2375,0.475,0.775,0.3125,0.6875
full_image__bbox_midpoint__object_depth,leave_one_out,time_of_day__distance_range,,8PM,near,100,40.0,14.142135623730951,77.50579970975572,37.505799709755735,38.79354728758914,1.249218355906664,0.9698386821897286,40.20615073842568,-7.082672786005038,37.505799709755735,38.79354728758914,57.27016453453512,60.24838333643485,61.44982397882319,0.0,0.0,0.17,1.0,0.0
full_image__bbox_midpoint__object_depth_percentile_5_95,leave_one_out,weather,clear_sky,,,240,77.5,38.37859646556485,77.58027176050537,32.792179719128235,32.64405598696023,0.6601754271325608,0.3571997754509879,38.21800932307158,0.00835106990548029,0.08027176050536582,2.399752035305603,60.12031177587432,69.6801145756237,78.31483263472097,0.075,0.14583333333333334,0.31666666666666665,0.5208333333333334,0.4791666666666667
full_image__bbox_midpoint__object_depth_percentile_5_95,leave_one_out,weather,light_rain,,,240,77.5,38.37859646556485,77.42756382864106,32.55043185113559,31.424997013937414,0.6594099427176464,0.36090042897728325,38.42027609098956,-0.0021732038978425905,-0.07243617135892842,3.0347800625748675,60.62878177177259,70.94606190758614,80.52269583706621,0.075,0.16666666666666666,0.31666666666666665,0.5291666666666667,0.4708333333333333
full_image__bbox_midpoint__object_depth_percentile_5_95,leave_one_out,time_of_day,,10AM,,240,77.5,38.37859646556485,77.48567465012245,32.756453014883775,31.424997013937414,0.6584167343134817,0.362122541067035,38.53783190875956,-0.008315352686488309,-0.014325349877549343,2.766492284246432,59.37746143312463,70.87319854224893,80.52269583706621,0.07916666666666666,0.15833333333333333,0.325,0.5166666666666667,0.48333333333333334
full_image__bbox_midpoint__object_depth_percentile_5_95,leave_one_out,time_of_day,,8PM,,240,77.5,38.37859646556485,77.52216093902399,32.586158555380045,31.880523186011857,0.6611686355367254,0.34817572258590146,38.099466706221015,0.014493218694125898,0.022160939023986734,2.868362086567501,62.25110416754832,69.67121017140703,76.36009204112584,0.07083333333333333,0.15416666666666667,0.30833333333333335,0.5333333333333333,0.4666666666666667
full_image__bbox_midpoint__object_depth_percentile_5_95,leave_one_out,distance_range,,,far,120,130.0,14.719601443879744,78.15869282006965,51.84130717993037,46.060257881301446,0.3912418931563001,0.3748837738121096,54.0447474898116,-12.4807756826346,-51.84130717993037,-46.060257881301446,73.4146422934142,74.59262624435388,80.52269583706621,0.0,0.0,0.0,0.0,1.0
full_image__bbox_midpoint__object_depth_percentile_5_95,leave_one_out,distance_range,,,mid,160,85.0,11.180339887498949,77.13541245828137,12.375615660061907,10.672421544417887,0.13902425238962382,0.13044670794187313,14.817650724104682,-0.7565021838524804,-7.86458754171862,-8.267256196637163,24.860604100205297,26.666589919428347,30.874317797959208,0.225,0.4625,0.78125,0.325,0.675
full_image__bbox_midpoint__object_depth_percentile_5_95,leave_one_out,distance_range,,,near,200,40.0,14.142135623730951,77.40585704830885,37.405857048308846,38.67878890989632,1.2375379060147695,0.9755269979359543,39.94908715732756,-6.9796478235187704,37.405857048308846,38.67878890989632,56.922389038479,59.63745007472613,64.1556402690467,0.0,0.005,0.135,1.0,0.0
full_image__bbox_midpoint__object_depth_percentile_5_95,leave_one_out,weather__distance_range,clear_sky,,far,60,130.0,14.719601443879744,78.44111426515907,51.55888573484093,45.51264106748323,0.3893386372093293,0.3643001314749271,53.65659476607835,-12.287831516420674,-51.55888573484093,-45.51264106748323,72.67981490499683,73.41038446859139,78.31483263472097,0.0,0.0,0.0,0.0,1.0
full_image__bbox_midpoint__object_depth_percentile_5_95,leave_one_out,weather__distance_range,clear_sky,,mid,80,85.0,11.180339887498949,76.89038860244719,12.68778387605442,12.35598867033427,0.14259851638522292,0.14357722721051505,15.199616588356674,-0.848226755464379,-8.1096113975528,-8.059183111560266,25.654408463831558,26.72165781325235,30.874317797959208,0.225,0.4375,0.7875,0.3125,0.6875
full_image__bbox_midpoint__object_depth_percentile_5_95,leave_one_out,weather__distance_range,clear_sky,,near,100,40.0,14.142135623730951,77.61567278415968,37.615672784159685,38.52900902872038,1.23673902968437,0.992979348610407,39.915387950050054,-6.966190976015006,37.615672784159685,38.52900902872038,57.51050045796983,59.63745007472614,64.1556402690467,0.0,0.0,0.13,1.0,0.0
full_image__bbox_midpoint__object_depth_percentile_5_95,leave_one_out,weather__distance_range,light_rain,,far,60,130.0,14.719601443879744,77.8762713749802,52.12372862501981,46.139747746147336,0.39314514910327103,0.3842977205075944,54.430132285195185,-12.673719848848526,-52.12372862501981,-46.139747746147336,74.4537572425537,76.2972816432279,80.52269583706621,0.0,0.0,0.0,0.0,1.0
full_image__bbox_midpoint__object_depth_percentile_5_95,leave_one_out,weather__distance_range,light_rain,,mid,80,85.0,11.180339887498949,77.38043631411556,12.063447444069396,10.12113333591909,0.13544998839402472,0.1247433279991586,14.425574564989523,-0.6647776122405813,-7.619563685884441,-8.267256196637163,23.851959826695676,25.729177085458844,29.90129404561185,0.225,0.4875,0.775,0.3375,0.6625
full_image__bbox_midpoint__object_depth_percentile_5_95,leave_one_out,weather__distance_range,light_rain,,near,100,40.0,14.142135623730951,77.19604131245801,37.196041312458014,38.68425008571965,1.2383367823451688,0.9671062521429912,39.98275796145768,-6.993104671022536,37.196041312458014,38.68425008571965,56.68745539201971,59.41192520257631,62.91443716394798,0.0,0.01,0.14,1.0,0.0
full_image__bbox_midpoint__object_depth_percentile_5_95,leave_one_out,time_of_day__distance_range,,10AM,far,60,130.0,14.719601443879744,77.18182058695427,52.81817941304575,49.144101690397385,0.3989124049426506,0.3931528135231791,54.96046294852098,-12.94147301930345,-52.81817941304575,-49.144101690397385,73.87786990441612,76.36730126280217,80.52269583706621,0.0,0.0,0.0,0.0,1.0
full_image__bbox_midpoint__object_depth_percentile_5_95,leave_one_out,time_of_day__distance_range,,10AM,mid,80,85.0,11.180339887498949,77.71855010439954,11.803616079114908,10.5654069442691,0.1330227768981756,0.13044670794187313,14.166179800208413,-0.6054452010546629,-7.281449895600469,-7.450979617607551,23.892042613256496,25.72187346139307,30.874317797959208,0.2375,0.475,0.8125,0.3,0.7
full_image__bbox_midpoint__object_depth_percentile_5_95,leave_one_out,time_of_day__distance_range,,10AM,near,100,40.0,14.142135623730951,77.4816867246017,37.4816867246017,38.68425008571965,1.234434497868225,0.9671062521429912,39.8930916216307,-6.957293795659107,37.4816867246017,38.68425008571965,55.654322823442136,59.30277533366898,62.91443716394798,0.0,0.0,0.13,1.0,0.0
full_image__bbox_midpoint__object_depth_percentile_5_95,leave_one_out,time_of_day__distance_range,,8PM,far,60,130.0,14.719601443879744,79.13556505318502,50.864434946814995,45.13299293084937,0.38357138136994967,0.36663717680207975,53.113246699474566,-12.02007834596575,-50.864434946814995,-45.13299293084937,72.42298850319989,74.45023500651585,76.36009204112584,0.0,0.0,0.0,0.0,1.0
full_image__bbox_midpoint__object_depth_percentile_5_95,leave_one_out,time_of_day__distance_range,,8PM,mid,80,85.0,11.180339887498949,76.55227481216323,12.947615241008908,10.957687704343847,0.14502572788107204,0.13104763788401103,15.441661045084729,-0.9075591666502976,-8.447725187836772,-9.731750183589781,25.654408463831558,27.363871652029587,30.635427758623862,0.2125,0.45,0.75,0.35,0.65
full_image__bbox_midpoint__object_depth_percentile_5_95,leave_one_out,time_of_day__distance_range,,8PM,near,100,40.0,14.142135623730951,77.33002737201599,37.33002737201599,38.58459982463268,1.2406413141613137,0.979169678017771,40.005004315406424,-7.002001851378434,37.33002737201599,38.58459982463268,57.8989235801333,61.2500285265524,64.1556402690467,0.0,0.01,0.14,1.0,0.0
full_image__bbox_midpoint__object_minus_ring,leave_one_out,weather,clear_sky,,,240,77.5,38.37859646556485,76.90569062203134,30.687730169503627,29.376584618934203,0.5951677887769365,0.3356556147732944,36.93972355489455,0.07357747577118112,-0.5943093779686497,-0.5550751111710284,58.520946887800704,70.75090499345691,85.91066225468117,0.10833333333333334,0.19583333333333333,0.3416666666666667,0.4875,0.5125
full_image__bbox_midpoint__object_minus_ring,leave_one_out,weather,light_rain,,,240,77.5,38.37859646556485,78.06273106129242,31.749235496521454,31.677615725623752,0.6424476176000102,0.35236632499811055,37.51753549669117,0.04436856368057829,0.5627310612924267,0.8893172542556584,59.38706078591617,70.83414744773924,71.34053389579961,0.0875,0.17083333333333334,0.3375,0.5041666666666667,0.49583333333333335
full_image__bbox_midpoint__object_minus_ring,leave_one_out,time_of_day,,10AM,,240,77.5,38.37859646556485,76.90959581902074,31.331891761600893,30.171422257361094,0.6184377315277807,0.3464705778923577,37.26564731609567,0.0571574744751604,-0.5904041809792716,-0.5666283491070843,59.38706078591617,70.80103109926637,85.91066225468117,0.09583333333333334,0.175,0.3375,0.48333333333333334,0.5166666666666667
full_image__bbox_midpoint__object_minus_ring,leave_one_out,time_of_day,,8PM,,240,77.5,38.37859646556485,78.05882586430305,31.10507390442418,29.495503707563138,0.619177674849166,0.3356556147732944,37.19381905868076,0.060788564976599235,0.5588258643030467,2.44195345595487,59.36232845669627,70.72382827948304,72.56359333284976,0.1,0.19166666666666668,0.3416666666666667,0.5083333333333333,0.49166666666666664
full_image__bbox_midpoint__object_minus_ring,leave_one_out,distance_range,,,far,120,130.0,14.719601443879744,79.35928058985527,50.64071941014473,45.77020247310287,0.3819346948511651,0.366161619784823,52.76056660598342,-11.847741793466522,-50.64071941014473,-45.77020247310287,70.8450273191954,70.94939448150448,72.56359333284976,0.0,0.0,0.0,0.0,1.0
full_image__bbox_midpoint__object_minus_ring,leave_one_out,distance_range,,,mid,160,85.0,11.180339887498949,79.109255523479,10.497122903701651,9.833153809751074,0.11829145114984044,0.1198145396308383,13.073591972856109,-0.3673504565818215,-5.890744476520994,-3.3392109727611796,20.731315495671865,20.875940396266788,49.57665981032404,0.2625,0.5125,0.75625,0.275,0.725
full_image__bbox_midpoint__object_minus_ring,leave_one_out,distance_range,,,near,200,40.0,14.142135623730951,75.05913324729218,36.14222883018193,37.90709020765534,1.1613445098217645,0.9647636294793924,38.981904731043926,-6.5979444823009255,35.059133247292166,37.662621279656925,56.63621850518089,59.26406717335383,85.91066225468117,0.025,0.03,0.21,0.97,0.03
full_image__bbox_midpoint__object_minus_ring,leave_one_out,weather__distance_range,clear_sky,,far,60,130.0,14.719601443879744,79.3811712218312,50.61882877816881,45.7869493010016,0.3817271942195839,0.3662955944080128,52.75233200117606,-11.84373168413371,-50.61882877816881,-45.7869493010016,70.82206740922555,70.9511531119382,72.56359333284976,0.0,0.0,0.0,0.0,1.0
full_image__bbox_midpoint__object_minus_ring,leave_one_out,weather__distance_range,clear_sky,,mid,80,85.0,11.180339887498949,78.80825604456282,10.696328555371576,9.833153809751074,0.12059406833182158,0.11935867560290822,13.595640383012846,-0.47873149939367754,-6.191743955437175,-4.656156905676802,20.741855747643424,20.87712696382976,49.57665981032404,0.2625,0.5125,0.7375,0.2625,0.7375
full_image__bbox_midpoint__object_minus_ring,leave_one_out,weather__distance_range,clear_sky,,near,100,40.0,14.142135623730951,73.89834992412626,34.722192295610164,32.78349700715608,1.1028911218674402,0.9301053729483986,38.17519291728759,-6.286726771360621,33.898349924126265,32.78349700715608,56.16650863709203,58.017576405069875,85.91066225468117,0.05,0.06,0.23,0.96,0.04
full_image__bbox_midpoint__object_minus_ring,leave_one_out,weather__distance_range,light_rain,,far,60,130.0,14.719601443879744,79.33738995787934,50.662610042120654,45.75513953559917,0.3821421954827463,0.36604111628479336,52.76879992577548,-11.851751902799334,-50.662610042120654,-45.75513953559917,70.85121670313629,70.94460080653613,71.34053389579961,0.0,0.0,0.0,0.0,1.0
full_image__bbox_midpoint__object_minus_ring,leave_one_out,weather__distance_range,light_rain,,mid,80,85.0,11.180339887498949,79.41025500239519,10.297917252031727,9.848156213093851,0.11598883396785928,0.12037077434494721,12.52981151978136,-0.2559694137699655,-5.589744997604813,-2.564196348669455,20.71330708437769,20.83184985765893,23.90600650568787,0.2625,0.5125,0.775,0.2875,0.7125
full_image__bbox_midpoint__object_minus_ring,leave_one_out,weather__distance_range,light_rain,,near,100,40.0,14.142135623730951,76.21991657045808,37.5622653647537,38.95763658722886,1.2197978977760893,0.9739409146807216,39.77225714802023,-6.909162193241231,36.219916570458075,38.778548182998684,57.618410814180386,59.36476219780122,62.601408289810834,0.0,0.0,0.19,0.98,0.02
full_image__bbox_midpoint__object_minus_ring,leave_one_out,time_of_day__distance_range,,10AM,far,60,130.0,14.719601443879744,79.41571473096964,50.58428526903036,45.75454394932588,0.3814911396355113,0.366036351594607,52.707372119698,-11.82184804198916,-50.58428526903036,-45.75454394932588,70.84339122316143,70.94463441953148,71.34053389579961,0.0,0.0,0.0,0.0,1.0
full_image__bbox_midpoint__object_minus_ring,leave_one_out,time_of_day__distance_range,,10AM,mid,80,85.0,11.180339887498949,78.38150781587203,10.66189869116833,9.697542745135074,0.1194914346704481,0.11884671370177843,13.666108071185604,-0.49410007850659454,-6.618492184127976,-6.346670704986337,20.74752105468633,21.16734414173129,49.57665981032404,0.2875,0.5125,0.7375,0.25,0.75
full_image__bbox_midpoint__object_minus_ring,leave_one_out,time_of_day__distance_range,,10AM,near,100,40.0,14.142135623730951,74.22839487437034,36.31645011348927,36.770712612412524,1.1597627241490087,0.9475633212746022,38.944808054746616,-6.583490372105285,34.22839487437035,35.867463794483534,54.7204412178216,58.15610838484485,85.91066225468117,0.0,0.01,0.22,0.96,0.04
full_image__bbox_midpoint__object_minus_ring,leave_one_out,time_of_day__distance_range,,8PM,far,60,130.0,14.719601443879744,79.3028464487409,50.697153551259106,45.78936741137748,0.38237825006681886,0.36631493929101977,52.8137075142856,-11.873635544943882,-50.697153551259106,-45.78936741137748,70.84505514789525,70.95256466275005,72.56359333284976,0.0,0.0,0.0,0.0,1.0
full_image__bbox_midpoint__object_minus_ring,leave_one_out,time_of_day__distance_range,,8PM,mid,80,85.0,11.180339887498949,79.83700323108599,10.33234711623497,9.927279902369754,0.11709146762923277,0.1204229916197675,12.452915495261784,-0.2406008346570485,-5.162996768914011,-2.044238347446438,20.708675881768418,20.766755202988655,21.219104225848355,0.2375,0.5125,0.775,0.3,0.7
full_image__bbox_midpoint__object_minus_ring,leave_one_out,time_of_day__distance_range,,8PM,near,100,40.0,14.142135623730951,75.889871620214,35.968007546874595,38.90357392551176,1.162926295494521,0.9755508068824872,39.018966138268105,-6.6123985924965645,35.88987162021399,38.90357392551176,57.618410814180386,59.26406717335383,67.03258493548782,0.05,0.05,0.2,0.98,0.02
full_image__bbox_midpoint__object_minus_ring_normalized,leave_one_out,weather,clear_sky,,,240,77.5,38.37859646556485,76.6433355683492,32.44703724472318,28.69040140149349,0.6692527145323492,0.3494173561610662,39.270856104474724,-0.04703828402491195,-0.8566644316508056,-1.3236508099036328,58.285303596162116,71.84385804934108,175.65040023945164,0.08333333333333333,0.16666666666666666,0.3375,0.49583333333333335,0.5041666666666667
full_image__bbox_midpoint__object_minus_ring_normalized,leave_one_out,weather,light_rain,,,240,77.5,38.37859646556485,77.88239955667977,32.11992773999899,30.596929284155905,0.6491046777918226,0.34642330710346186,38.03221469038627,0.017969321014562945,0.38239955667976727,-0.6716857776584675,58.40613708922955,71.85784836041762,71.95918592883666,0.0875,0.17083333333333334,0.3375,0.5,0.5
full_image__bbox_midpoint__object_minus_ring_normalized,leave_one_out,time_of_day,,10AM,,240,77.5,38.37859646556485,77.57936298742288,31.972615821981922,30.630339237710913,0.6407095699295152,0.34864604831386425,37.80955846697502,0.029434085566549806,0.07936298742288651,-1.562328072046391,58.14250423939627,71.8462090991472,71.95918592883666,0.0875,0.16666666666666666,0.3375,0.49583333333333335,0.5041666666666667
full_image__bbox_midpoint__object_minus_ring_normalized,leave_one_out,time_of_day,,8PM,,240,77.5,38.37859646556485,76.94637213760606,32.59434916274025,28.93186885600685,0.6776478223946566,0.3471946149506637,39.485272975710714,-0.05850304857689892,-0.5536278623939268,-0.498768239587406,58.42175904250398,71.84385804934108,175.65040023945164,0.08333333333333333,0.17083333333333334,0.3375,0.5,0.5
full_image__bbox_midpoint__object_minus_ring_normalized,leave_one_out,distance_range,,,far,120,130.0,14.719601443879744,78.21347365877085,51.786526341229155,46.802708311402014,0.3908890194395867,0.3744216664912161,53.84716245504342,-12.382385712891557,-51.786526341229155,-46.802708311402014,71.86011383562015,71.88221108751564,72.07948413912465,0.0,0.0,0.0,0.0,1.0
full_image__bbox_midpoint__object_minus_ring_normalized,leave_one_out,distance_range,,,mid,160,85.0,11.180339887498949,78.20913374662601,10.86988756944791,9.735653541246187,0.12179075825187376,0.12523071153887821,13.12618468807912,-0.37837379572450147,-6.790866253373989,-4.70521649620958,21.753277998507173,21.783348400805995,24.080142270984453,0.25,0.5,0.74375,0.25625,0.74375
full_image__bbox_midpoint__object_minus_ring_normalized,leave_one_out,distance_range,,,near,200,40.0,14.142135623730951,75.93549095747144,37.712532121370785,38.26067921775951,1.2500628525237552,0.9567170325682464,41.33801966558678,-7.544159349362195,35.93549095747144,38.24490944029694,57.62117266809082,58.3877835320625,175.65040023945164,0.005,0.005,0.215,0.99,0.01
full_image__bbox_midpoint__object_minus_ring_normalized,leave_one_out,weather__distance_range,clear_sky,,far,60,130.0,14.719601443879744,78.21626900934957,51.783730990650405,46.80664301195167,0.39086107256498903,0.37445314409561337,53.84627949874679,-12.381946842417653,-51.783730990650405,-46.80664301195167,71.85378372621526,71.8809813799153,72.07948413912465,0.0,0.0,0.0,0.0,1.0
full_image__bbox_midpoint__object_minus_ring_normalized,leave_one_out,weather__distance_range,clear_sky,,mid,80,85.0,11.180339887498949,78.12126985441591,10.96551839157596,9.967987932935031,0.12287567003823788,0.1265174959392899,13.233616374423569,-0.40102881876329266,-6.878730145584077,-6.4368450512960536,21.755537470601023,21.785932010016456,24.080142270984453,0.25,0.5,0.7375,0.25,0.75
full_image__bbox_midpoint__object_minus_ring_normalized,leave_one_out,weather__distance_range,clear_sky,,near,100,40.0,14.142135623730951,74.51722807489557,38.0302360796846,38.25291152526728,1.273389335308054,0.9570646570646446,42.67932008171451,-8.107621813187198,34.51722807489557,38.20677264530707,57.345004452355575,58.218910737097424,175.65040023945164,0.0,0.0,0.22,0.99,0.01
full_image__bbox_midpoint__object_minus_ring_normalized,leave_one_out,weather__distance_range,light_rain,,far,60,130.0,14.719601443879744,78.21067830819212,51.789321691807906,46.79964505252892,0.39091696631418454,0.3743971604202314,53.84804539686205,-12.382824583365458,-51.789321691807906,-46.79964505252892,71.86417845271438,71.88334599317083,71.95918592883666,0.0,0.0,0.0,0.0,1.0
full_image__bbox_midpoint__object_minus_ring_normalized,leave_one_out,weather__distance_range,light_rain,,mid,80,85.0,11.180339887498949,78.2969976388361,10.774256747319857,9.416943268610282,0.12070584646550966,0.12388736095449429,13.017866437543205,-0.3557187726857105,-6.703002361163901,-4.70521649620958,21.74981789102917,21.771814330734955,23.22513582304255,0.25,0.5,0.75,0.2625,0.7375
full_image__bbox_midpoint__object_minus_ring_normalized,leave_one_out,weather__distance_range,light_rain,,near,100,40.0,14.142135623730951,77.3537538400473,37.394828163056964,38.26067921775951,1.2267363697394558,0.9565169804439877,39.95171306849606,-6.9806968855371965,37.35375384004731,38.26067921775951,57.745337001684284,58.39885532962314,59.05407404450595,0.01,0.01,0.21,0.99,0.01
full_image__bbox_midpoint__object_minus_ring_normalized,leave_one_out,time_of_day__distance_range,,10AM,far,60,130.0,14.719601443879744,78.22830537815153,51.77169462184848,46.78934681760962,0.3907682453463894,0.3743147745408769,53.8346849771608,-12.376184491954502,-51.77169462184848,-46.78934681760962,71.86036490050844,71.8779432828506,71.95918592883666,0.0,0.0,0.0,0.0,1.0
full_image__bbox_midpoint__object_minus_ring_normalized,leave_one_out,time_of_day__distance_range,,10AM,mid,80,85.0,11.180339887498949,78.01245064848467,10.983324315626993,10.715341593882187,0.12292482079227218,0.1280440833243267,13.275019941715687,-0.40980923562359317,-6.987549351515315,-6.905197831964493,21.759102431587873,21.953372676457413,24.080142270984453,0.25,0.4875,0.7375,0.25,0.75
full_image__bbox_midpoint__object_minus_ring_normalized,leave_one_out,time_of_day__distance_range,,10AM,near,100,40.0,14.142135623730951,76.84352742413627,36.88460174714592,38.14820638818579,1.204902163989185,0.9537051597046449,39.38357017851228,-6.755328000029009,36.84352742413627,38.14820638818579,56.63757485198584,57.86145547988261,59.05407404450595,0.01,0.01,0.22,0.99,0.01
full_image__bbox_midpoint__object_minus_ring_normalized,leave_one_out,time_of_day__distance_range,,8PM,far,60,130.0,14.719601443879744,78.19864193939019,51.80135806060983,46.80709715869597,0.3910097935327841,0.3744567772695677,53.8596370423115,-12.388586933828613,-51.80135806060983,-46.80709715869597,71.86000356750327,71.88334599317083,72.07948413912465,0.0,0.0,0.0,0.0,1.0
full_image__bbox_midpoint__object_minus_ring_normalized,leave_one_out,time_of_day__distance_range,,8PM,mid,80,85.0,11.180339887498949,78.40581684476733,10.756450823268825,8.883606696376347,0.12065669571147537,0.12388736095449429,12.975642353200717,-0.34693835582541,-6.5941831552326615,-4.489268175301177,21.746597977623637,21.759789957051243,21.844986748277037,0.25,0.5125,0.75,0.2625,0.7375
full_image__bbox_midpoint__object_minus_ring_normalized,leave_one_out,time_of_day__distance_range,,8PM,near,100,40.0,14.142135623730951,75.0274544908066,38.54046249559564,38.3317082904204,1.295223541058325,0.9587464023022191,43.20414493702053,-8.332990698695383,35.027454490806605,38.32422294567312,58.09699767456244,58.399926399132966,175.65040023945164,0.0,0.0,0.21,0.99,0.01
full_image__inner50_median__object_depth,leave_one_out,weather,clear_sky,,,240,77.5,38.37859646556485,77.31636703506634,32.89506844431717,32.02909163114748,0.6627113986005523,0.35750301221586955,38.53117523385778,-0.00796704830704753,-0.18363296493366002,1.811612212413607,59.386185560076484,71.5367254829271,77.72646348058144,0.07916666666666666,0.14166666666666666,0.3333333333333333,0.5166666666666667,0.48333333333333334
full_image__inner50_median__object_depth,leave_one_out,weather,light_rain,,,240,77.5,38.37859646556485,77.68727611443046,32.4609519638566,31.88851240557196,0.660710688647081,0.3558416387805798,38.336201941491694,0.0022080593162105977,0.18727611443045664,2.7782820820619634,58.7560945915941,70.85363108975623,78.24108770909163,0.09166666666666666,0.16666666666666666,0.32916666666666666,0.5166666666666667,0.48333333333333334
full_image__inner50_median__object_depth,leave_one_out,time_of_day,,10AM,,240,77.5,38.37859646556485,77.50255763869534,32.65652702373293,32.02909163114748,0.6587144682226261,0.35750301221586955,38.47045213900587,-0.004792546158670419,0.002557638695331358,1.811612212413607,58.41131841459719,71.48049091736588,78.24108770909163,0.09166666666666666,0.15833333333333333,0.3333333333333333,0.5166666666666667,0.48333333333333334
full_image__inner50_median__object_depth,leave_one_out,time_of_day,,8PM,,240,77.5,38.37859646556485,77.50108551080147,32.69949338444084,32.28713233517051,0.6647076190250072,0.35208851802363683,38.39713734670262,-0.0009664428321665142,0.0010855108014614719,2.5701007954156054,60.65040195344274,71.09846318546263,76.12793857066939,0.07916666666666666,0.15,0.32916666666666666,0.5166666666666667,0.48333333333333334
full_image__inner50_median__object_depth,leave_one_out,distance_range,,,far,120,130.0,14.719601443879744,77.6722243482324,52.32777565176761,47.174732009099316,0.39509258520856316,0.3773978560727945,54.430023289896965,-12.673665086178737,-52.32777565176761,-47.174732009099316,73.5915563404061,74.66334198832203,78.24108770909163,0.0,0.0,0.0,0.0,1.0
full_image__inner50_median__object_depth,leave_one_out,distance_range,,,mid,160,85.0,11.180339887498949,77.36247219971189,11.899374610075942,10.513759399978142,0.13345808492515182,0.13197293815386008,14.238422886606635,-0.6218614903827488,-7.637527800288112,-8.143082717753906,23.69309033246783,25.096238903952663,28.54999362807058,0.25625,0.4625,0.79375,0.3,0.7
full_image__inner50_median__object_depth,leave_one_out,distance_range,,,near,200,40.0,14.142135623730951,77.51105941068721,37.51105941068721,38.517029499063796,1.2442844856319006,0.9629257374765949,40.06764783213252,-7.027082013998969,37.51105941068721,38.517029499063796,57.25279332836962,58.65117228330101,61.19745333325939,0.0,0.0,0.16,1.0,0.0
full_image__inner50_median__object_depth,leave_one_out,weather__distance_range,clear_sky,,far,60,130.0,14.719601443879744,77.44372844021473,52.55627155978528,47.50493924993174,0.39694935872056436,0.3800395139994539,54.62101590006931,-12.769794052102883,-52.55627155978528,-47.50493924993174,72.78031920830128,74.48961363698696,77.72646348058144,0.0,0.0,0.0,0.0,1.0
full_image__inner50_median__object_depth,leave_one_out,weather__distance_range,clear_sky,,mid,80,85.0,11.180339887498949,76.97293074758124,12.374627635655841,11.235732933420856,0.1389067119073574,0.14340345267592275,14.72955715342519,-0.7356788314881537,-8.027069252418753,-8.143082717753906,24.652257615760206,25.956887153814606,28.54999362807058,0.2375,0.425,0.8,0.3,0.7
full_image__inner50_median__object_depth,leave_one_out,weather__distance_range,clear_sky,,near,100,40.0,14.142135623730951,77.51469922196537,37.51469922196539,38.688188381912305,1.241212371883101,0.9672047095478076,39.994029627473445,-6.997612029216119,37.51469922196539,38.688188381912305,56.88918136388447,58.97189447453529,61.19745333325939,0.0,0.0,0.16,1.0,0.0
full_image__inner50_median__object_depth,leave_one_out,weather__distance_range,light_rain,,far,60,130.0,14.719601443879744,77.90072025625007,52.09927974374994,46.872394290883136,0.39323581169656197,0.3749791543270651,54.2383581307715,-12.577536120254589,-52.09927974374994,-46.872394290883136,73.85122389846448,75.5285377973544,78.24108770909163,0.0,0.0,0.0,0.0,1.0
full_image__inner50_median__object_depth,leave_one_out,weather__distance_range,light_rain,,mid,80,85.0,11.180339887498949,77.75201365184253,11.424121584496044,10.161137030762788,0.12800945794294627,0.12541376303770987,13.72973119400624,-0.508044149277344,-7.247986348157468,-8.170460296700568,22.317285832136907,23.86384753730084,27.917882040202755,0.275,0.5,0.7875,0.3,0.7
full_image__inner50_median__object_depth,leave_one_out,weather__distance_range,light_rain,,near,100,40.0,14.142135623730951,77.50741959940903,37.50741959940903,38.436235148057186,1.2473565993807005,0.9609058787014296,40.14113102238606,-7.056551998781822,37.50741959940903,38.436235148057186,57.595441814697416,58.39887664716273,60.94698208564728,0.0,0.0,0.16,1.0,0.0
full_image__inner50_median__object_depth,leave_one_out,time_of_day__distance_range,,10AM,far,60,130.0,14.719601443879744,77.1979556184615,52.802044381538494,48.10597788945429,0.398786706192655,0.38484782311563426,54.88849282433055,-12.904984513199626,-52.802044381538494,-48.10597788945429,74.31721456190067,75.58549056878178,78.24108770909163,0.0,0.0,0.0,0.0,1.0
full_image__inner50_median__object_depth,leave_one_out,time_of_day__distance_range,,10AM,mid,80,85.0,11.180339887498949,77.75657932837666,11.515420911181716,10.34349706245068,0.12936826243595584,0.12532735314367582,13.794758419658102,-0.5223628788538248,-7.243420671623331,-7.826121601885049,23.186653105182923,25.007931694398334,28.480308133862877,0.275,0.475,0.8125,0.3,0.7
full_image__inner50_median__object_depth,leave_one_out,time_of_day__distance_range,,10AM,near,100,40.0,14.142135623730951,77.48210149909056,37.48210149909056,38.33163332528625,1.2381480900699449,0.9582908331321562,39.90059368066554,-6.960286880347834,37.48210149909056,38.33163332528625,56.745167948538466,58.15890723458638,59.843513860183464,0.0,0.0,0.15,1.0,0.0
full_image__inner50_median__object_depth,leave_one_out,time_of_day__distance_range,,8PM,far,60,130.0,14.719601443879744,78.14649307800327,51.853506921996726,46.01173804568523,0.3913984642244714,0.37380415474566253,53.967659076069495,-12.442345659157843,-51.853506921996726,-46.01173804568523,72.39875329661804,73.84417643419867,76.12793857066939,0.0,0.0,0.0,0.0,1.0
full_image__inner50_median__object_depth,leave_one_out,time_of_day__distance_range,,8PM,mid,80,85.0,11.180339887498949,76.9683650710471,12.28332830897017,11.071569536428825,0.13754790741434783,0.13355778012976616,14.668674539267654,-0.7213601019116729,-8.031634928952892,-9.027514366030907,24.381420257658302,25.437958948472293,28.54999362807058,0.2375,0.45,0.775,0.3,0.7
full_image__inner50_median__object_depth,leave_one_out,time_of_day__distance_range,,8PM,near,100,40.0,14.142135623730951,77.54001732228386,37.54001732228386,38.688188381912305,1.2504208811938566,0.9672047095478076,40.23400837015896,-7.093877147650108,37.54001732228386,38.688188381912305,57.71227265112513,60.033356112300105,61.19745333325939,0.0,0.0,0.17,1.0,0.0
full_image__inner50_median__object_depth_percentile_5_95,leave_one_out,weather,clear_sky,,,240,77.5,38.37859646556485,77.58274741561375,32.80115341704675,33.04550045804509,0.6610966825083577,0.35526609393134667,38.26023138163313,0.006158774284964252,0.08274741561374034,2.7373198538356576,60.17732990772127,69.94959411199929,77.93890822614941,0.075,0.15,0.32916666666666666,0.5208333333333334,0.4791666666666667
full_image__inner50_median__object_depth_percentile_5_95,leave_one_out,weather,light_rain,,,240,77.5,38.37859646556485,77.42572408177845,32.56379927332949,31.765895180281348,0.6601006050935925,0.3599523708371519,38.43952721155625,-0.003177766731297327,-0.07427591822154984,2.57979888627235,60.50620199523286,71.09740588397456,80.00653352267027,0.07083333333333333,0.1625,0.325,0.525,0.475
full_image__inner50_median__object_depth_percentile_5_95,leave_one_out,time_of_day,,10AM,,240,77.5,38.37859646556485,77.48326142973085,32.75733207177043,31.899531724912414,0.6591652312961565,0.3621803028765318,38.54350243496012,-0.008612105201998066,-0.01673857026916039,2.7373198538356576,59.482275786085424,71.02278847853063,80.00653352267027,0.07916666666666666,0.15416666666666667,0.3333333333333333,0.5166666666666667,0.48333333333333334
full_image__inner50_median__object_depth_percentile_5_95,leave_one_out,time_of_day,,8PM,,240,77.5,38.37859646556485,77.52521006766135,32.60762061860581,32.049135485961216,0.6620320563057938,0.3508392548236503,38.155484241066866,0.011593112755664992,0.025210067661350876,2.57979888627235,61.97207595095652,69.924837899143,76.12653892331548,0.06666666666666667,0.15833333333333333,0.32083333333333336,0.5291666666666667,0.4708333333333333
full_image__inner50_median__object_depth_percentile_5_95,leave_one_out,distance_range,,,far,120,130.0,14.719601443879744,78.06956340182394,51.93043659817605,46.19880085804729,0.39194057227560497,0.3755041587573007,54.11124073324624,-12.513967878575356,-51.93043659817605,-46.19880085804729,73.38459188883837,74.47727045992234,80.00653352267027,0.0,0.0,0.0,0.0,1.0
full_image__inner50_median__object_depth_percentile_5_95,leave_one_out,distance_range,,,mid,160,85.0,11.180339887498949,77.13670681833852,12.27577371055051,10.604845677555375,0.1377834284525544,0.12984613534389938,14.69647330401729,-0.7278906206055431,-7.863293181661467,-8.522031938862277,24.713998936825227,26.36573740933603,30.297445400869663,0.21875,0.4625,0.8,0.31875,0.68125
full_image__inner50_median__object_depth_percentile_5_95,leave_one_out,distance_range,,,near,200,40.0,14.142135623730951,77.45906230110543,37.45906230110543,38.7871120050785,1.2400456589949336,0.9731841065748326,40.00157725482263,-7.000630914367715,37.45906230110543,38.7871120050785,57.027540895563384,59.52179424172337,63.66471947316545,0.0,0.005,0.145,1.0,0.0
full_image__inner50_median__object_depth_percentile_5_95,leave_one_out,weather__distance_range,clear_sky,,far,60,130.0,14.719601443879744,78.33109922265815,51.66890077734184,45.69658677332096,0.3901780387053326,0.3655726941865677,53.75303956218279,-12.335642748493486,-51.66890077734184,-45.69658677332096,72.72431623909895,73.3811463866702,77.93890822614941,0.0,0.0,0.0,0.0,1.0
full_image__inner50_median__object_depth_percentile_5_95,leave_one_out,weather__distance_range,clear_sky,,mid,80,85.0,11.180339887498949,76.91970406745472,12.571570905740977,11.964142320866557,0.14119333982379284,0.14350998858330677,15.045390895823285,-0.8109102976649774,-8.080295932545273,-8.053566615675521,25.45022154719116,26.41744931813035,30.297445400869663,0.225,0.45,0.8125,0.3125,0.6875
full_image__inner50_median__object_depth_percentile_5_95,leave_one_out,weather__distance_range,clear_sky,,near,100,40.0,14.142135623730951,77.66417100991431,37.664171009914305,38.83076530083262,1.2395705429378245,0.9882032391565536,39.98129745058307,-6.992520729160002,37.664171009914305,38.83076530083262,57.555090035502744,59.52179424172338,63.66471947316545,0.0,0.0,0.14,1.0,0.0
full_image__inner50_median__object_depth_percentile_5_95,leave_one_out,weather__distance_range,light_rain,,far,60,130.0,14.719601443879744,77.80802758098973,52.19197241901028,46.27310059159612,0.39370310584587737,0.3823472241190331,54.46708625591298,-12.692293008657224,-52.19197241901028,-46.27310059159612,74.34592154731274,76.03520258345151,80.00653352267027,0.0,0.0,0.0,0.0,1.0
full_image__inner50_median__object_depth_percentile_5_95,leave_one_out,weather__distance_range,light_rain,,mid,80,85.0,11.180339887498949,77.35370956922233,11.979976515360045,10.25680292866764,0.13437351708131598,0.12531467295019214,14.339067889624612,-0.6448709435461093,-7.646290430777663,-8.522031938862277,23.779528172694153,25.523494060893384,29.389438845030824,0.2125,0.475,0.7875,0.325,0.675
full_image__inner50_median__object_depth_percentile_5_95,leave_one_out,weather__distance_range,light_rain,,near,100,40.0,14.142135623730951,77.25395359229657,37.25395359229657,38.626980118379635,1.2405207750520426,0.9656745029594909,40.02184678291452,-7.008741099575428,37.25395359229657,38.626980118379635,56.89368544112031,59.53066090371858,62.52507348237528,0.0,0.01,0.15,1.0,0.0
full_image__inner50_median__object_depth_percentile_5_95,leave_one_out,time_of_day__distance_range,,10AM,far,60,130.0,14.719601443879744,77.16489967573261,52.835100324267394,49.05400984653665,0.3990442576612659,0.3924320787722932,54.959296797138116,-12.940881405088842,-52.835100324267394,-49.05400984653665,73.8145581212194,76.10011999368079,80.00653352267027,0.0,0.0,0.0,0.0,1.0
full_image__inner50_median__object_depth_percentile_5_95,leave_one_out,time_of_day__distance_range,,10AM,mid,80,85.0,11.180339887498949,77.68131937060316,11.750880810320833,10.367611397766034,0.13229233275621693,0.12984613534389938,14.082967831901227,-0.5866398636349179,-7.318680629396846,-7.1125396198793425,23.821951642051648,25.515670569785016,30.297445400869663,0.2375,0.4625,0.825,0.3,0.7
full_image__inner50_median__object_depth_percentile_5_95,leave_one_out,time_of_day__distance_range,,10AM,near,100,40.0,14.142135623730951,77.51583212943191,37.51583212943192,38.626980118379635,1.236736134309042,0.9656745029594909,39.930755350531776,-6.972326114320109,37.51583212943192,38.626980118379635,55.835285102291934,59.16936161151392,62.52507348237528,0.0,0.0,0.14,1.0,0.0
full_image__inner50_median__object_depth_percentile_5_95,leave_one_out,time_of_day__distance_range,,8PM,far,60,130.0,14.719601443879744,78.97422712791527,51.02577287208472,45.13044801167816,0.3848368868899439,0.36788576206042284,53.24968021450212,-12.08705435206187,-51.02577287208472,-45.13044801167816,72.45843478839956,74.342607127357,76.12653892331548,0.0,0.0,0.0,0.0,1.0
full_image__inner50_median__object_depth_percentile_5_95,leave_one_out,time_of_day__distance_range,,8PM,mid,80,85.0,11.180339887498949,76.59209426607391,12.800666610780189,11.053028638844609,0.14327452414889189,0.1296437629179693,15.285374453935406,-0.8691413775761687,-8.407905733926091,-9.483221639206086,25.45022154719116,27.040697184533077,30.07180199321779,0.2,0.4625,0.775,0.3375,0.6625
full_image__inner50_median__object_depth_percentile_5_95,leave_one_out,time_of_day__distance_range,,8PM,near,100,40.0,14.142135623730951,77.40229247277894,37.40229247277894,38.83076530083262,1.243355183680825,0.9761305822665862,40.07227399191446,-7.02893571441532,37.40229247277894,38.83076530083262,58.034380896795376,60.96640963012877,63.66471947316545,0.0,0.01,0.15,1.0,0.0
full_image__inner50_median__object_minus_ring,leave_one_out,weather,clear_sky,,,240,77.5,38.37859646556485,76.97732433944,31.11607957085664,28.939133784811126,0.6068899362781759,0.3458128680364313,37.15019684326315,0.0629903532719438,-0.5226756605599898,-0.6690821354259455,58.26221785389456,71.30028396968528,73.24644413819388,0.09166666666666666,0.175,0.3375,0.49583333333333335,0.5041666666666667
full_image__inner50_median__object_minus_ring,leave_one_out,weather,light_rain,,,240,77.5,38.37859646556485,77.97790699501336,32.12879163689589,35.02387726141514,0.6539394047581119,0.3587847912098952,37.95688442942314,0.021855677111003224,0.47790699501335515,0.6896220481529411,59.24370867089848,71.27996825832649,71.6739076960874,0.09166666666666666,0.175,0.3333333333333333,0.5,0.5
full_image__inner50_median__object_minus_ring,leave_one_out,time_of_day,,10AM,,240,77.5,38.37859646556485,76.90792693966416,31.640298472191976,30.964516853241683,0.6271642508829451,0.35426747942972014,37.50478197761803,0.04501815817460009,-0.5920730603358171,-1.1261787139777226,59.24370867089848,71.2789513734831,71.54891780206871,0.09583333333333334,0.17083333333333334,0.3333333333333333,0.48333333333333334,0.5166666666666667
full_image__inner50_median__object_minus_ring,leave_one_out,time_of_day,,8PM,,240,77.5,38.37859646556485,78.04730439478917,31.604572735560552,29.700079736662573,0.6336650901533425,0.3458128680364313,37.60656232485392,0.03982787220834694,0.5473043947891844,5.034044693572369,58.9514391303712,71.30130085452866,73.24644413819388,0.0875,0.17916666666666667,0.3375,0.5125,0.4875
full_image__inner50_median__object_minus_ring,leave_one_out,distance_range,,,far,120,130.0,14.719601443879744,78.80670124285011,51.19329875714989,46.278546823392404,0.3862258464707064,0.3702283745871392,53.29397178341783,-12.108834285161857,-51.19329875714989,-46.278546823392404,71.35947389291296,71.43226165959432,73.24644413819388,0.0,0.0,0.0,0.0,1.0
full_image__inner50_median__object_minus_ring,leave_one_out,distance_range,,,mid,160,85.0,11.180339887498949,78.66150075886947,10.671093518069574,9.758142284657758,0.11981434910612303,0.12442883279707906,13.11229113798441,-0.375457431098116,-6.338499241130533,-2.9439186341646675,21.246588102094258,21.359815957219798,41.2643645952366,0.2625,0.50625,0.75,0.26875,0.73125
full_image__inner50_median__object_minus_ring,leave_one_out,distance_range,,,near,200,40.0,14.142135623730951,75.73305624853839,36.64099138055744,38.09318645446387,1.1854082220762228,0.9628501442354747,39.2853718464938,-6.716702205586441,35.733056248538404,38.03309514195891,56.85692590640935,58.9477391724414,66.0622320423857,0.01,0.015,0.205,0.98,0.02
full_image__inner50_median__object_minus_ring,leave_one_out,weather__distance_range,clear_sky,,far,60,130.0,14.719601443879744,78.80866637397637,51.191333626023656,46.289511647077006,0.3861727677289389,0.37031609317661607,53.30495975797655,-12.114240314459227,-51.191333626023656,-46.289511647077006,71.35947389291296,71.48668224696172,73.24644413819388,0.0,0.0,0.0,0.0,1.0
full_image__inner50_median__object_minus_ring,leave_one_out,weather__distance_range,clear_sky,,mid,80,85.0,11.180339887498949,78.5088536053744,10.88100571026096,10.051499750316516,0.12237431589431216,0.12451293207022987,13.48667164303129,-0.45512249605555444,-6.491146394625604,-4.692886652524209,21.246390456068386,21.3028863816049,41.2643645952366,0.25,0.4875,0.7375,0.2625,0.7375
full_image__inner50_median__object_minus_ring,leave_one_out,weather__distance_range,clear_sky,,near,100,40.0,14.142135623730951,74.6532957059707,35.25898622623298,34.37258203377114,1.1269327337148092,0.9581761518889484,38.235658889293695,-6.30982805349212,34.653295705970706,34.37258203377114,56.48993703896267,57.94253245224556,66.0622320423857,0.02,0.03,0.22,0.98,0.02
full_image__inner50_median__object_minus_ring,leave_one_out,weather__distance_range,light_rain,,far,60,130.0,14.719601443879744,78.8047361117239,51.19526388827612,46.278546823392404,0.38627892521247403,0.3702283745871392,53.28298154292769,-12.103428255864491,-51.19526388827612,-46.278546823392404,71.34828262584195,71.41860283184974,71.6739076960874,0.0,0.0,0.0,0.0,1.0
full_image__inner50_median__object_minus_ring,leave_one_out,weather__distance_range,light_rain,,mid,80,85.0,11.180339887498949,78.81414791236455,10.461181325878186,9.325538024276028,0.11725438231793395,0.12439091650936177,12.726902441976396,-0.29579236614067783,-6.185852087635461,-2.775776570670999,21.246588102094258,21.377926612018864,24.294815900058495,0.275,0.525,0.7625,0.275,0.725
full_image__inner50_median__object_minus_ring,leave_one_out,weather__distance_range,light_rain,,near,100,40.0,14.142135623730951,76.8128167911061,38.022996534881905,38.60190101649105,1.243883710437637,0.9650475254122762,40.307756964834354,-7.123576357680761,36.812816791106094,38.54479947766576,57.84608530891587,59.02284459787359,63.17754913147613,0.0,0.0,0.19,0.98,0.02
full_image__inner50_median__object_minus_ring,leave_one_out,time_of_day__distance_range,,10AM,far,60,130.0,14.719601443879744,78.86756476964109,51.132435230358915,46.27210207379287,0.3857681288322589,0.37017681659034296,53.22967489193551,-12.077222872774538,-51.132435230358915,-46.27210207379287,71.35344583660583,71.41860283184974,71.54891780206871,0.0,0.0,0.0,0.0,1.0
full_image__inner50_median__object_minus_ring,leave_one_out,time_of_day__distance_range,,10AM,mid,80,85.0,11.180339887498949,78.10352624523416,10.832150167231575,9.871546940705208,0.121127822098657,0.12424766542997581,13.529028521111401,-0.46427690180036585,-6.896473754765845,-6.675531156865354,21.28035067884387,21.639181554063057,41.2643645952366,0.275,0.5,0.7375,0.25,0.75
full_image__inner50_median__object_minus_ring,leave_one_out,time_of_day__distance_range,,10AM,near,100,40.0,14.142135623730951,74.77566479722208,36.591535061260146,37.74883322455783,1.1768310671407876,0.9581761518889484,39.10746919978411,-6.646970736060314,34.775664797222056,37.57948926946098,54.75013220319743,59.02248335959622,63.17754913147613,0.01,0.01,0.21,0.96,0.04
full_image__inner50_median__object_minus_ring,leave_one_out,time_of_day__distance_range,,8PM,far,60,130.0,14.719601443879744,78.74583771605914,51.25416228394087,46.289841281390764,0.3866835641091539,0.3703187302511261,53.3581911968755,-12.140445697549179,-51.25416228394087,-46.289841281390764,71.36724738636664,71.44552356646103,73.24644413819388,0.0,0.0,0.0,0.0,1.0
full_image__inner50_median__object_minus_ring,leave_one_out,time_of_day__distance_range,,8PM,mid,80,85.0,11.180339887498949,79.21947527250477,10.51003686890757,9.740963979203656,0.1185008761135891,0.12497202933286368,12.681866780938966,-0.286637960395866,-5.78052472749522,-2.012840234297691,21.245881736670327,21.253394386320682,21.93000015028302,0.25,0.5125,0.7625,0.2875,0.7125
full_image__inner50_median__object_minus_ring,leave_one_out,time_of_day__distance_range,,8PM,near,100,40.0,14.142135623730951,76.69044769985474,36.69044769985474,38.56442504507817,1.1939853770116584,0.9699720711002424,39.462472489981074,-6.7864336751125665,36.69044769985474,38.56442504507817,57.883127207736685,58.878031738459136,66.0622320423857,0.01,0.02,0.2,1.0,0.0
full_image__inner50_median__object_minus_ring_normalized,leave_one_out,weather,clear_sky,,,240,77.5,38.37859646556485,76.77355633015038,32.50997515903785,30.265543538945877,0.6683262934181791,0.3492413788693105,38.963212615288064,-0.030697779216391385,-0.7264436698496107,-1.6171383081907464,58.14888481027746,72.02460298250463,148.472189033353,0.08333333333333333,0.16666666666666666,0.3333333333333333,0.49583333333333335,0.5041666666666667
full_image__inner50_median__object_minus_ring_normalized,leave_one_out,weather,light_rain,,,240,77.5,38.37859646556485,77.82168318997695,32.22757298796901,29.873847135661627,0.6519709367511392,0.3481556333445628,38.15798191181392,0.011463705630109122,0.3216831899769545,1.9686773628029925,58.3151116626932,72.01911526401871,72.10081097438788,0.0875,0.175,0.3375,0.5,0.5
full_image__inner50_median__object_minus_ring_normalized,leave_one_out,time_of_day,,10AM,,240,77.5,38.37859646556485,77.5594448005685,32.087895930118165,30.182477596436733,0.6440112105702706,0.3486610296573659,37.93439117938884,0.023014630279449944,0.05944480056848723,1.2587207090808832,58.28185778870324,72.01889746304865,72.06604455398274,0.0875,0.17083333333333334,0.3333333333333333,0.5,0.5
full_image__inner50_median__object_minus_ring_normalized,leave_one_out,time_of_day,,8PM,,240,77.5,38.37859646556485,77.03579471955887,32.649652216888704,29.873847135661627,0.6762860195990477,0.3487359825565074,39.18093269353816,-0.042248703865731985,-0.4642052804411454,-0.9071816544686371,58.270043002373946,72.02873114735097,148.472189033353,0.08333333333333333,0.17083333333333334,0.3375,0.49583333333333335,0.5041666666666667
full_image__inner50_median__object_minus_ring_normalized,leave_one_out,distance_range,,,far,120,130.0,14.719601443879744,78.0301478395523,51.9698521604477,46.97710108821292,0.3923147564826729,0.37581680870570333,54.024045467973984,-12.470449947964864,-51.9698521604477,-46.97710108821292,72.03414323893895,72.05032060127606,72.26627336803583,0.0,0.0,0.0,0.0,1.0
full_image__inner50_median__object_minus_ring_normalized,leave_one_out,distance_range,,,mid,160,85.0,11.180339887498949,78.04317649308803,10.945958829818844,8.610639802306821,0.12250564774668285,0.12220591294489741,13.18809773516208,-0.39140737497749734,-6.956823506911976,-5.121991504118178,21.928086399609022,21.951440007953618,23.3025471967418,0.25,0.50625,0.74375,0.25,0.75
full_image__inner50_median__object_minus_ring_normalized,leave_one_out,distance_range,,,near,200,40.0,14.142135623730951,76.26165752595101,37.74637941628455,38.13589203745468,1.2509633041162318,0.953397300936367,40.971904939001455,-7.393484971652859,36.261657525951016,38.127658881259435,57.815841769508985,58.2453089473187,148.472189033353,0.005,0.005,0.21,0.995,0.005
full_image__inner50_median__object_minus_ring_normalized,leave_one_out,weather__distance_range,clear_sky,,far,60,130.0,14.719601443879744,78.03031305798018,51.96968694201983,46.97870307026058,0.39230815470942687,0.37582962456208463,54.025485454977776,-12.471168055289303,-51.96968694201983,-46.97870307026058,72.03414323893895,72.06192654118966,72.26627336803583,0.0,0.0,0.0,0.0,1.0
full_image__inner50_median__object_minus_ring_normalized,leave_one_out,weather__distance_range,clear_sky,,mid,80,85.0,11.180339887498949,78.00576718352688,11.04868853132572,9.830231821061908,0.12375934024070741,0.12300914003295459,13.278359086909768,-0.4105185603273538,-6.994232816473108,-6.554945238202592,21.924327031638526,21.94009707112065,22.124521214714818,0.25,0.5,0.7375,0.25,0.75
full_image__inner50_median__object_minus_ring_normalized,leave_one_out,weather__distance_range,clear_sky,,near,100,40.0,14.142135623730951,75.03373361075133,38.00317739141838,38.14634755599286,1.2695907391854078,0.9536586888998215,41.84749629678696,-7.756064731547992,35.03373361075133,38.127609723843946,57.49864696743346,58.11610377714109,148.472189033353,0.0,0.0,0.21,0.99,0.01
full_image__inner50_median__object_minus_ring_normalized,leave_one_out,weather__distance_range,light_rain,,far,60,130.0,14.719601443879744,78.02998262112442,51.97001737887558,46.97710108821292,0.39232135825591885,0.37581680870570333,54.02260544258695,-12.469731840640423,-51.97001737887558,-46.97710108821292,72.0346126663462,72.04897976384837,72.10081097438788,0.0,0.0,0.0,0.0,1.0
full_image__inner50_median__object_minus_ring_normalized,leave_one_out,weather__distance_range,light_rain,,mid,80,85.0,11.180339887498949,78.08058580264915,10.843229128311966,8.264631521056877,0.1212519552526583,0.11806616458652683,13.097214348992502,-0.37229618962764066,-6.919414197350844,-5.121991504118178,21.928161802338355,21.95200208811936,23.3025471967418,0.25,0.5125,0.75,0.25,0.75
full_image__inner50_median__object_minus_ring_normalized,leave_one_out,weather__distance_range,light_rain,,near,100,40.0,14.142135623730951,77.4895814411507,37.48958144115071,38.127658881259435,1.2323358690470558,0.9531914720314858,40.07718855348444,-7.030905211757721,37.48958144115071,38.127658881259435,57.84681891311831,58.28115175798677,59.15298903553676,0.01,0.01,0.21,1.0,0.0
full_image__inner50_median__object_minus_ring_normalized,leave_one_out,time_of_day__distance_range,,10AM,far,60,130.0,14.719601443879744,78.04323715912116,51.95676284087885,46.97583674629515,0.3922118839452255,0.3758066939703612,54.01178112565109,-12.464334617070337,-51.95676284087885,-46.97583674629515,72.03414323893895,72.04735029162474,72.06604455398274,0.0,0.0,0.0,0.0,1.0
full_image__inner50_median__object_minus_ring_normalized,leave_one_out,time_of_day__distance_range,,10AM,mid,80,85.0,11.180339887498949,77.88334407072358,11.033553198054335,10.030184978007348,0.12336993869284738,0.12502836106992288,13.294731892649743,-0.4139991687795057,-7.116655929276424,-7.064012439162674,21.92896278628018,21.965441344714364,23.3025471967418,0.25,0.5,0.7375,0.25,0.75
full_image__inner50_median__object_minus_ring_normalized,leave_one_out,time_of_day__distance_range,,10AM,near,100,40.0,14.142135623730951,77.01004996931282,37.01004996931282,38.08937402216382,1.211603824047236,0.9522343505540954,39.52062581570603,-6.809399324325251,37.01004996931282,38.08937402216382,57.173063791513705,57.92605326892956,59.15298903553676,0.01,0.01,0.21,1.0,0.0
full_image__inner50_median__object_minus_ring_normalized,leave_one_out,time_of_day__distance_range,,8PM,far,60,130.0,14.719601443879744,78.01705851998344,51.98294148001657,46.97932401799425,0.39241762902012023,0.375834592143954,54.036307026722326,-12.476565278859388,-51.98294148001657,-46.97932401799425,72.03413112051578,72.06559615085436,72.26627336803583,0.0,0.0,0.0,0.0,1.0
full_image__inner50_median__object_minus_ring_normalized,leave_one_out,time_of_day__distance_range,,8PM,mid,80,85.0,11.180339887498949,78.20300891545246,10.858364461583353,8.514541667294118,0.12164135680051832,0.12083308244471594,13.080594315509371,-0.3688155811754885,-6.796991084547528,-4.8669446344103875,21.92792992939841,21.934057677074303,22.05258397840231,0.25,0.5125,0.75,0.25,0.75
full_image__inner50_median__object_minus_ring_normalized,leave_one_out,time_of_day__distance_range,,8PM,near,100,40.0,14.142135623730951,75.5132650825892,38.48270886325628,38.190667052345255,1.2903227841852276,0.9547666763086313,42.373507334136185,-7.977570618980465,35.513265082589214,38.18206210926459,58.117349461756746,58.2453089473187,148.472189033353,0.0,0.0,0.21,0.99,0.01
