model_name,split_name,grouping,weather,time_of_day,distance_range,count,mean_true_distance_m,std_true_distance_m,mean_prediction_m,mae,median_absolute_error,mean_relative_error,median_relative_error,rmse,r2,mean_signed_error,median_signed_error,p90_absolute_error,p95_absolute_error,max_absolute_error,within_5m_rate,within_10m_rate,within_20m_rate,overprediction_rate,underprediction_rate
scale only,cv_oof,weather,clear_sky,,,6414,77.14764577486747,37.76205841489366,53.07955852227257,48.82299956888657,44.65868256262709,0.7911226911874805,0.6262055456547888,58.954756497926915,-1.4373976070332848,-24.06808725259491,-27.86225046336628,96.48188027518842,109.13318664047468,160.2062633920442,0.057998129092609915,0.11880261927034612,0.23666978484565013,0.3283442469597755,0.6716557530402245
scale only,cv_oof,weather,light_rain,,,6390,77.29890453834116,38.462690684607686,53.444124603821116,45.64703388397912,38.80246242072546,0.7058562855876923,0.5568570531380295,56.522477102223846,-1.1595489298063546,-23.85477993452005,-23.527587011779225,95.16538737569404,110.3530390279169,150.0,0.06823161189358372,0.13474178403755868,0.2683881064162754,0.3295774647887324,0.6704225352112676
scale only,cv_oof,time_of_day,,10AM,,8498,77.04283360790774,37.95557412334891,54.701847509691255,48.15281346023249,43.08845147102652,0.7817613777981833,0.6021226433855481,58.60694319609231,-1.3842237525292238,-22.340986098216487,-23.84471906125781,97.01549955749196,110.29436411569895,160.2062633920442,0.06107319369263356,0.12273476112026359,0.24841139091550954,0.34537538244292776,0.6546246175570722
scale only,cv_oof,time_of_day,,8PM,,4306,77.578959591268,38.42049733358124,50.41893739965556,45.43257244970026,38.81427171410827,0.6830641936026223,0.5617088750029182,56.031698425500146,-1.1268732511100352,-27.16002219161244,-27.51775012279298,93.1207052082917,108.9867768181731,150.0,0.06711565257779842,0.13469577333952623,0.26056665118439387,0.2965629354389224,0.7034370645610776
scale only,cv_oof,distance_range,,,far,3175,129.4283464566929,14.719288848138294,52.66521572284558,76.96894069027508,78.34175881762664,0.5904090274537142,0.6052281787695498,84.1772622246871,-31.705134355623102,-76.76313073384733,-78.34175881762664,119.30396921534772,132.50009146208112,150.0,0.015118110236220473,0.026456692913385826,0.05511811023622047,0.012283464566929133,0.9877165354330709
scale only,cv_oof,distance_range,,,mid,4273,84.94734378656682,11.168697191096301,53.03668486004941,41.22974850623206,37.5869015199645,0.485936271424161,0.4505236070932604,49.32088213825108,-18.500989054362982,-31.910658926517392,-33.7579686526198,80.0,90.0,100.01637381296082,0.06950620173180436,0.1399485139246431,0.2754505031593728,0.21436929557687806,0.7856307044231219
scale only,cv_oof,distance_range,,,near,5356,40.113890963405524,14.297271517198844,53.79432977095729,34.40705072716805,29.475324226093775,1.0518536699441505,0.7500491206257434,42.809912484688326,-7.965661754130769,13.680438807551761,11.942759226109583,67.72496726994041,81.84156825221946,160.2062633920442,0.08644510828976848,0.1756908140403286,0.3511949215832711,0.6081030619865572,0.3918969380134429
scale only,cv_oof,weather__distance_range,clear_sky,,far,1530,129.83333333333334,14.695882220825192,55.8465112921164,74.35992823237318,74.74409705478674,0.5681314020366984,0.5780356127216364,82.30202249653613,-30.363873250183076,-73.98682204121694,-74.74409705478674,118.28339970918549,130.93440939424056,150.0,0.021568627450980392,0.038562091503267976,0.07450980392156863,0.020261437908496733,0.9797385620915032
scale only,cv_oof,weather__distance_range,clear_sky,,mid,2215,85.05643340857787,11.234579515748617,52.378461228615436,44.21073084558257,40.595467211038425,0.5237319781408655,0.47878148326496595,52.817487100843394,-21.102521667743073,-32.67797217996244,-34.88350754724882,83.4142492026742,94.13787860553269,100.0,0.06952595936794582,0.1345372460496614,0.2699774266365689,0.24063205417607222,0.7593679458239277
scale only,cv_oof,weather__distance_range,clear_sky,,near,2669,40.382165605095544,14.263618131600493,52.0752470826283,38.011712332837064,34.065367720950945,1.1408593347989258,0.8916398157488289,46.41556011926237,-9.589312983014658,11.693081477532756,10.23615685386444,73.44529815440613,90.42209520463675,160.2062633920442,0.06931434994379918,0.15174222555264144,0.30198576245784936,0.5777444735856125,0.4222555264143874
scale only,cv_oof,weather__distance_range,light_rain,,far,1645,129.0516717325228,14.731035573217984,49.706320755681844,79.3955601799954,81.08889104009654,0.6111292504859535,0.6345692752312815,85.88466284212929,-32.99105729941177,-79.34535097684096,-81.08889104009654,120.73255906642514,133.2285659278271,150.0,0.00911854103343465,0.015197568389057751,0.03708206686930091,0.004863221884498481,0.9951367781155015
scale only,cv_oof,weather__distance_range,light_rain,,mid,2058,84.82993197278911,11.096153567757593,53.74512283071329,38.02135400591069,35.6140257154933,0.4452572187625962,0.4243719524143504,45.2566757563873,-15.63490725081192,-31.084809142075816,-33.162945921095755,72.15193494218587,82.82750763763286,100.01637381296082,0.06948493683187561,0.1457725947521866,0.2813411078717201,0.1861030126336249,0.8138969873663752
scale only,cv_oof,weather__distance_range,light_rain,,near,2687,39.847413472273914,14.325648510845259,55.50189646062981,30.826536463851866,25.493889374558066,0.9634442469827086,0.631123498190145,38.89894780203817,-6.373049091436868,15.654482988355898,13.526125165668098,64.53693103803734,74.74302137826376,140.6291661196394,0.10346110904354298,0.19947897283215482,0.4000744324525493,0.6382582806103461,0.3617417193896539
scale only,cv_oof,time_of_day__distance_range,,10AM,far,2044,129.93639921722112,14.71420050914777,54.61153341027392,75.60097578807401,76.40694535446116,0.5772991392420298,0.590115312975114,83.41871984828995,-31.1405794327556,-75.32486580694722,-76.40694535446116,119.35419033120192,132.8112613125488,150.0,0.019569471624266144,0.03277886497064579,0.07142857142857142,0.015655577299412915,0.9843444227005871
scale only,cv_oof,time_of_day__distance_range,,10AM,mid,2895,84.94645941278065,11.166299860585184,53.1620232772498,42.46152111315438,38.09119824740887,0.5016955305103619,0.45251474748595427,50.9170678056148,-19.792571276699853,-31.784436135530854,-33.52102574130636,80.29241800987884,91.30975089415281,100.01637381296082,0.06666666666666667,0.1385146804835924,0.2753022452504318,0.2317789291882556,0.7682210708117444
scale only,cv_oof,time_of_day__distance_range,,10AM,near,3559,40.23602135431301,14.203610521903618,56.00625694271374,37.018294647836605,32.37991347076357,1.1270020194129684,0.8096124804694289,45.78230775512091,-9.38957663656718,15.770235588400732,14.390176006858368,72.58789895140312,89.0432984776544,160.2062633920442,0.08035965158752459,0.16156223658330993,0.32818207361618434,0.627142455745996,0.3728575442540039
scale only,cv_oof,time_of_day__distance_range,,8PM,far,1131,128.51016799292663,14.683957125964778,49.14773265202017,79.44119556215747,80.34372361468674,0.6141018758221337,0.636051960738193,85.53107484779534,-32.92826440099003,-79.36243534090644,-80.34372361468674,119.19728006063039,131.8379269671708,150.0,0.007073386383731211,0.015030946065428824,0.02564102564102564,0.00618921308576481,0.9938107869142352
scale only,cv_oof,time_of_day__distance_range,,8PM,mid,1378,84.94920174165458,11.17373176946548,52.77336503581494,38.64195337049902,37.1233169920489,0.45282810375032106,0.44289381709813813,45.78660817297807,-15.791150791802217,-32.175836705839636,-34.58102488560739,73.12092362134061,82.02166557204235,100.0,0.07547169811320754,0.14296081277213352,0.2757619738751814,0.17779390420899854,0.8222060957910015
scale only,cv_oof,time_of_day__distance_range,,8PM,near,1797,39.872008903728435,14.477940967244127,49.41355692494659,29.235421838097714,25.833176954772757,0.903020628341745,0.6426233719340001,36.20987833549007,-5.255190322415526,9.541548021218158,6.799194355782198,57.995339292581306,70.28556801685703,122.67655227125053,0.09849749582637729,0.2036727879799666,0.39677239844184753,0.57039510294936,0.42960489705064
scale only,test,weather,clear_sky,,,1133,77.59488084730803,37.62207022439134,54.001167624241155,48.71870565938878,44.21207325639496,0.7721928605370181,0.6217347357129445,59.062725970336516,-1.464572483838865,-23.59371322306687,-26.573318042855355,97.08399185009874,111.71824934241918,149.56147996545965,0.05648720211827008,0.1297440423654016,0.24271844660194175,0.33980582524271846,0.6601941747572816
scale only,test,weather,light_rain,,,1127,77.55545696539485,38.74518356236009,55.21463932088388,46.67974034222409,40.660576593648,0.7293384781985081,0.5788504020365597,57.36166088398436,-1.1918356669188763,-22.34081764451097,-22.65307847735616,94.23055326310624,109.1577016939669,150.0,0.064773735581189,0.13575865128660158,0.25554569653948533,0.35226264418811004,0.64773735581189
scale only,test,time_of_day,,10AM,,1500,77.07,38.26092567271907,55.65200486588641,48.72521156908454,44.45949770282343,0.7879327419776936,0.623391099904784,58.94475554012964,-1.373446221794334,-21.41799513411359,-22.855029233039208,95.19503782069697,109.20105146236754,150.0,0.056,0.12666666666666668,0.236,0.36333333333333334,0.6366666666666667
scale only,test,time_of_day,,8PM,,760,78.57236842105263,38.01879763140794,52.54238701851546,45.682294110720036,38.17725883429621,0.6775787670416046,0.5454598512000953,56.7644383703501,-1.229235419337277,-26.02998140253717,-25.757317583494196,97.66215492956627,112.39726853450826,148.3209527553162,0.06973684210526315,0.14473684210526316,0.275,0.3118421052631579,0.6881578947368421
scale only,test,distance_range,,,far,561,130.0891265597148,14.76467478540391,53.24470689646511,77.17678002132972,79.09428205528434,0.5891944167849656,0.598206622462736,84.61175292968137,-31.840791406528055,-76.84441966324968,-79.09428205528434,118.93192790318118,131.1524109207333,150.0,0.0106951871657754,0.0285204991087344,0.053475935828877004,0.016042780748663103,0.983957219251337
scale only,test,distance_range,,,mid,754,85.0,11.180339887498949,54.77995426362029,41.493854709799535,38.414283877713316,0.4894483319107351,0.4592896597783108,49.74583228669475,-18.797182639167698,-30.220045736379706,-33.91365424855182,80.0,89.97486172952883,100.0,0.06896551724137931,0.15517241379310345,0.2891246684350133,0.246684350132626,0.753315649867374
scale only,test,distance_range,,,near,945,40.476190476190474,14.167767064105991,55.27603740657644,35.15748236467641,30.283080602816952,1.0553194347524868,0.7833305426029682,43.3813228454051,-8.37567978729569,14.799846930385966,13.65434733810909,70.58230456563243,84.26694997303059,143.2111492453069,0.0835978835978836,0.17671957671957672,0.3333333333333333,0.6211640211640211,0.37883597883597886
scale only,test,weather__distance_range,clear_sky,,far,270,130.94444444444446,14.817927913656517,57.190551471118226,74.4054555154925,74.35390960336683,0.5628664547242216,0.5769551299651458,83.03237382691697,-30.399299046679907,-73.7538929733262,-74.35390960336683,118.78156927290401,133.534473138165,149.56147996545965,0.014814814814814815,0.044444444444444446,0.07777777777777778,0.02962962962962963,0.9703703703703703
scale only,test,weather__distance_range,clear_sky,,mid,391,84.45012787723785,10.900242552688109,54.6184177267086,44.0407952631631,38.81843845436603,0.5259080967745472,0.49124525840438843,52.897174612127415,-22.550093055667098,-29.831710150529254,-30.572942721823708,83.88264183070876,94.80909132141461,100.0,0.06905370843989769,0.15601023017902813,0.27621483375959077,0.2864450127877238,0.7135549872122762
scale only,test,weather__distance_range,clear_sky,,near,472,41.398305084745765,14.012488274240834,51.66540824135646,37.900147404677426,35.31294911530613,1.0959544541823167,0.9077365766799685,45.95550613391797,-9.755846182572313,10.267103156610693,7.619181788604173,72.89380052525155,87.98096355082465,143.2111492453069,0.06991525423728813,0.15677966101694915,0.3093220338983051,0.5614406779661016,0.4385593220338983
scale only,test,weather__distance_range,light_rain,,far,291,129.29553264604812,14.670561517261435,49.58361399214778,79.74811203705498,82.03130921242422,0.6136224228207076,0.6154695572250748,86.05123467410016,-33.40493473859038,-79.71191865390033,-82.03130921242422,119.06336452075796,128.3903603005264,150.0,0.006872852233676976,0.013745704467353952,0.030927835051546393,0.003436426116838488,0.9965635738831615
scale only,test,weather__distance_range,light_rain,,mid,363,85.59228650137742,11.444880290092863,54.95395091908165,38.75045593193411,37.887712408193416,0.4501762435863535,0.43829117753996405,46.11110760277367,-15.232619158064264,-30.638335582295763,-35.069469297461644,73.74459872643243,81.97763821162549,100.0,0.06887052341597796,0.15426997245179064,0.30303030303030304,0.20385674931129477,0.7961432506887053
scale only,test,weather__distance_range,light_rain,,near,473,39.55602536997886,14.261730850992945,58.87903310633086,32.42061577084876,26.630778702374784,1.0147703244546433,0.6915748264174354,40.650411963298424,-7.124290240145017,19.32300773635199,18.770200732412547,67.17096769313974,81.46152186711863,120.51845407279814,0.09725158562367865,0.19661733615221988,0.3572938689217759,0.6807610993657506,0.3192389006342495
scale only,test,time_of_day__distance_range,,10AM,far,361,130.42936288088643,14.72353240629731,55.822819068838335,75.08178796564907,75.2766252313923,0.5716004364386096,0.5887381504965051,83.19322444665235,-30.926541941102155,-74.60654381204809,-75.2766252313923,118.93192790318118,131.1524109207333,150.0,0.013850415512465374,0.0332409972299169,0.060941828254847646,0.019390581717451522,0.9806094182825484
scale only,test,time_of_day__distance_range,,10AM,mid,511,85.12720156555773,11.292822989530752,54.00823497923511,43.41521147568911,40.94536110779758,0.5131458018544528,0.48314398383845536,51.994017582313965,-20.198333082591983,-31.118966586322617,-34.97840748747852,81.25057007285979,90.0,100.0,0.06457925636007827,0.15459882583170254,0.28180039138943247,0.2563600782778865,0.7436399217221135
scale only,test,time_of_day__distance_range,,10AM,near,628,39.84076433121019,13.879834409583344,56.89134003278637,37.89509368463434,35.31294911530613,1.135881927809836,0.8689862724825694,46.05069508996025,-10.007883125915397,17.05057570157617,18.067428544037,72.81742422182619,87.90937311027066,143.2111492453069,0.0732484076433121,0.15764331210191082,0.29936305732484075,0.6480891719745223,0.3519108280254777
scale only,test,time_of_day__distance_range,,8PM,far,200,129.475,14.818885754333893,48.59121442533146,80.9582406818333,82.28258757613717,0.6209515513101385,0.6341838209654335,87.11374154826392,-33.557493465260194,-80.88378557466855,-82.28258757613717,118.72916293235603,130.2657266144191,148.3209527553162,0.005,0.02,0.04,0.01,0.99
scale only,test,time_of_day__distance_range,,8PM,mid,243,84.73251028806584,10.935202559409966,56.40278782049612,37.4534707288548,35.674293411934926,0.4396153807122177,0.42404057540069773,44.650373620376016,-15.672338923561611,-28.329722467569727,-32.49527812407953,72.11244562110792,80.0,100.0,0.07818930041152264,0.15637860082304528,0.3045267489711934,0.22633744855967078,0.7736625514403292
scale only,test,time_of_day__distance_range,,8PM,near,317,41.73501577287066,14.640351020265758,52.076005705441325,29.734075711889112,25.296236591324103,0.8957192907776749,0.6070662523918725,37.536688420608215,-5.5736856377617015,10.34098993257067,6.50953548929985,61.037594313569684,77.41754018464648,120.51845407279814,0.10410094637223975,0.21451104100946372,0.40063091482649843,0.5678233438485805,0.43217665615141954
depth linear,cv_oof,weather,clear_sky,,,6414,77.14764577486747,37.76205841489366,77.22571623570363,31.90888324536357,28.45149067993234,0.6479050009656732,0.3364110510903838,37.79668770864104,-0.0018349196741000995,0.07807046083615254,5.537268692663176,57.65540173135715,72.50655113131802,76.06156974617775,0.08637355784222014,0.17305893358278765,0.3440910508263174,0.5023386342376053,0.4976613657623948
depth linear,cv_oof,weather,light_rain,,,6390,77.29890453834116,38.462690684607686,77.21913839876125,32.61937934687192,36.167430203897865,0.6687532691832655,0.33804676364220176,38.41400140636346,0.0025301641619843718,-0.07976613957991235,5.078343785003533,57.84964392276777,72.39593326885695,75.05116381560525,0.08450704225352113,0.1643192488262911,0.3314553990610329,0.5006259780907668,0.4993740219092332
depth linear,cv_oof,time_of_day,,10AM,,8498,77.04283360790774,37.95557412334891,77.18588827963305,32.040111262089546,28.451711138514966,0.651644319593914,0.3386687498654243,37.93717042695347,0.0009695142322206918,0.14305467172531316,5.7434729589690505,57.73197020847306,72.49746713221077,76.06156974617775,0.08649093904448106,0.17180513061896918,0.3425511885149447,0.5038832666509767,0.4961167333490233
depth linear,cv_oof,time_of_day,,8PM,,4306,77.578959591268,38.42049733358124,77.2945563640422,32.704260487003374,36.47614732332985,0.6714636874978667,0.33498441782269806,38.43706102268478,-0.0008624177555511814,-0.2844032272257969,-1.4758297311169954,57.84919061761492,72.37128918669649,74.90316538236293,0.08337203901532746,0.1625638643752903,0.3283790060380864,0.4967487227124942,0.5032512772875058
depth linear,cv_oof,distance_range,,,far,3175,129.4283464566929,14.719288848138294,77.23623394172569,52.192112514967214,47.597390867457634,0.3958365927171515,0.3807791269396611,54.23971922690501,-12.578794309004728,-52.192112514967214,-47.597390867457634,73.18838142765001,73.63547978451456,76.06156974617775,0.0,0.0,0.0,0.0,1.0
depth linear,cv_oof,distance_range,,,mid,4273,84.94734378656682,11.168697191096301,77.22568245595042,11.396161835389762,8.975967298842036,0.1271132520495009,0.12424077759446261,13.676108866359098,-0.49940883585749773,-7.721661330616393,-4.742525215390984,23.02641780944054,23.61575887366517,25.77796181395547,0.25602621109290896,0.5054996489585771,0.7505265621343319,0.24923941025040955,0.7507605897495905
depth linear,cv_oof,distance_range,,,near,5356,40.113890963405524,14.297271517198844,77.2116606431352,37.09776967972968,37.23936946108503,1.2376885657935812,0.9309842365271258,39.725528093724165,-6.720279592367579,37.09776967972968,37.23936946108503,57.15772492420054,57.757624354734205,58.975967298842036,0.0,0.0,0.2087378640776699,1.0,0.0
depth linear,cv_oof,weather__distance_range,clear_sky,,far,1530,129.83333333333334,14.695882220825192,77.15191349669558,52.681419836637744,47.7885000000367,0.3984197985142281,0.38230800000029364,54.70380458713885,-12.856187092828478,-52.681419836637744,-47.7885000000367,73.31991651703231,73.74372797247149,76.06156974617775,0.0,0.0,0.0,0.0,1.0
depth linear,cv_oof,weather__distance_range,clear_sky,,mid,2215,85.05643340857787,11.234579515748617,77.23986701695425,11.57742390176119,8.975967298842036,0.12906324360005467,0.12621851872502357,13.850576028755606,-0.5199245375393942,-7.816566391623624,-5.788163455601861,23.196274667381854,23.80206226008105,25.764911618414445,0.2501128668171558,0.5011286681715575,0.7435665914221219,0.24966139954853273,0.7503386004514673
depth linear,cv_oof,weather__distance_range,clear_sky,,near,2669,40.382165605095544,14.263618131600493,77.25627982139571,36.87411421630017,37.11411302000782,1.2215081678130153,0.9278528255001955,39.47727473381134,-6.660108505471607,36.87411421630017,37.11411302000782,57.08998424270889,57.722066041397724,58.975967298842036,0.0,0.0,0.2098164106406894,1.0,0.0
depth linear,cv_oof,weather__distance_range,light_rain,,far,1645,129.0516717325228,14.731035573217984,77.31465964439808,51.737012088124715,47.42018494354497,0.3934339757751897,0.37936147954835975,53.80448469860049,-12.340447443797203,-51.737012088124715,-47.42018494354497,73.09147809418363,73.47895650025382,75.05116381560525,0.0,0.0,0.0,0.0,1.0
depth linear,cv_oof,weather__distance_range,light_rain,,mid,2058,84.82993197278911,11.096153567757593,77.21041578800897,11.201071710505056,8.493031202376876,0.12501450021059102,0.12132901717681252,13.485810299899287,-0.47709754180417563,-7.619516184780134,-4.278006579021245,22.896894335787355,23.409669570273227,25.77796181395547,0.26239067055393583,0.5102040816326531,0.7580174927113703,0.2487852283770651,0.7512147716229349
depth linear,cv_oof,weather__distance_range,light_rain,,near,2687,39.847413472273914,14.325648510845259,77.1673403652129,37.31992689293898,37.34081050520676,1.2537605725707048,0.9335202626301691,39.97059203511858,-6.7848917755230165,37.31992689293898,37.34081050520676,57.274467452575394,57.81386379747288,58.975967298842036,0.0,0.0,0.20766654261257908,1.0,0.0
depth linear,cv_oof,time_of_day__distance_range,,10AM,far,2044,129.93639921722112,14.71420050914777,77.18663638607552,52.749762831145624,47.73542078829563,0.3986095492592487,0.381883366306365,54.7747137276446,-12.857564006900477,-52.749762831145624,-47.73542078829563,73.24961644563767,73.76821644884538,76.06156974617775,0.0,0.0,0.0,0.0,1.0
depth linear,cv_oof,time_of_day__distance_range,,10AM,mid,2895,84.94645941278065,11.166299860585184,77.22136011738735,11.418305350959704,8.975967298842036,0.12740262772947683,0.12621851872502357,13.690073136750353,-0.5031176141457783,-7.725099295393317,-4.913123585134343,23.073071815523505,23.685605019743402,25.77796181395547,0.2538860103626943,0.5043177892918825,0.7512953367875648,0.24974093264248703,0.7502590673575129
depth linear,cv_oof,time_of_day__distance_range,,10AM,near,3559,40.23602135431301,14.203610521903618,77.15660474496967,36.920583390656645,37.03986738151953,1.2234012087514305,0.9259966845379882,39.508932163671915,-6.73736480647309,36.920583390656645,37.03986738151953,56.993563409275076,57.69485678845646,58.975967298842036,0.0,0.0,0.2067996628266367,1.0,0.0
depth linear,cv_oof,time_of_day__distance_range,,8PM,far,1131,128.51016799292663,14.683957125964778,77.32586913513771,51.18429885778891,47.319522059365056,0.39082516639350273,0.37855617647492046,53.25921961218398,-12.155379520972836,-51.18429885778891,-47.319522059365056,73.0509329109951,73.47042723940817,74.90316538236293,0.0,0.0,0.0,0.0,1.0
depth linear,cv_oof,time_of_day__distance_range,,8PM,mid,1378,84.94920174165458,11.17373176946548,77.23476313094325,11.34964116951531,8.620435913855935,0.12650531112531346,0.12314908448365622,13.64672519443004,-0.4916275943235697,-7.714438610711317,-4.358442801846337,22.978228223395572,23.488142358346774,25.378854003629158,0.260522496371553,0.5079825834542816,0.7489114658925979,0.24818577648766327,0.7518142235123367
depth linear,cv_oof,time_of_day__distance_range,,8PM,near,1797,39.872008903728435,14.477940967244127,77.3207001209155,37.44869121718707,37.54790298099053,1.2659850063684364,0.9386975745247632,40.15105285772634,-6.6909550487947635,37.44869121718707,37.54790298099053,57.40791513169663,57.850620656506464,58.975967298842036,0.0,0.0,0.2125765164162493,1.0,0.0
depth linear,test,weather,clear_sky,,,1133,77.59488084730803,37.62207022439134,77.20412816445418,31.547968527259904,28.52269217152306,0.6165223294806728,0.33633719574391235,37.67566338827727,-0.002851057141240343,-0.3907526828538468,5.367911186091291,58.023388549092736,72.5145073456513,74.6953769432826,0.09267431597528684,0.18093556928508384,0.3662842012356575,0.5030891438658429,0.4969108561341571
depth linear,test,weather,light_rain,,,1127,77.55545696539485,38.74518356236009,77.17305776601114,33.025367426279765,36.14532548074372,0.6761457414926009,0.3715327953062467,38.66871968593327,0.00394311852055329,-0.38239919938371064,5.136459657275978,57.77240088062261,72.53433286670422,74.70363273176352,0.0709849157054126,0.15173025732031944,0.31410825199645076,0.5004436557231589,0.49955634427684115
depth linear,test,time_of_day,,10AM,,1500,77.07,38.26092567271907,77.16185921742853,32.36677108693554,28.586803837168034,0.6554610522997837,0.37254549681652555,38.246507440359146,0.0007535372145824892,0.09185921742852224,5.540265855621456,57.76627326012149,72.52074629254521,74.70363273176352,0.084,0.17,0.3313333333333333,0.504,0.496
depth linear,test,time_of_day,,8PM,,760,78.57236842105263,38.01879763140794,77.24147958747153,32.122737895262425,28.382691746922106,0.6280848309395893,0.3323109539553064,38.030793759330045,-0.0006311625431447698,-1.330888833581097,-1.4286859196601682,57.95247081329879,72.51435342208447,73.9678724512164,0.07763157894736843,0.15921052631578947,0.35789473684210527,0.49736842105263157,0.5026315789473684
depth linear,test,distance_range,,,far,561,130.0891265597148,14.76467478540391,77.22349700204929,52.86562955766553,47.73652818170041,0.39897412864563286,0.38189222545360324,54.90129023286856,-12.82666150922912,-52.86562955766553,-47.73652818170041,73.2452605186751,73.70109591709671,74.70363273176352,0.0,0.0,0.0,0.0,1.0
depth linear,test,distance_range,,,mid,754,85.0,11.180339887498949,77.18418768190764,11.44398576477356,11.413196162831966,0.12752737764217056,0.12681329069813296,13.715501238732005,-0.5049197938372734,-7.815812318092358,-11.413196162831966,23.034906252934512,23.715424983737172,25.378227945873064,0.2453580901856764,0.4986737400530504,0.7506631299734748,0.2506631299734748,0.7493368700265252
depth linear,test,distance_range,,,near,945,40.476190476190474,14.167767064105991,77.17148569556946,36.695295219378984,37.04203422612487,1.2069374825940389,0.9260508556531217,39.31469276193283,-6.700287782779502,36.695295219378984,37.04203422612487,57.00236426360023,57.72264376626383,58.586803837168034,0.0,0.0,0.21481481481481482,1.0,0.0
depth linear,test,weather__distance_range,clear_sky,,far,270,130.94444444444446,14.817927913656517,77.12246542177593,53.821979022668515,48.06503298439444,0.4036800836907107,0.3845202638751556,55.82750812072471,-13.194546812697956,-53.821979022668515,-48.06503298439444,73.3611007604304,73.78409546336589,74.6953769432826,0.0,0.0,0.0,0.0,1.0
depth linear,test,weather__distance_range,clear_sky,,mid,391,84.45012787723785,10.900242552688109,77.18832375247182,10.954826204691475,8.586803837168034,0.12303883691458692,0.12266862624525764,13.233975990577926,-0.4740369181316817,-7.261804124766024,-4.4054607957222345,23.012418736400733,23.820035977216975,25.378227945873064,0.26854219948849106,0.5242966751918159,0.7800511508951407,0.2506393861892583,0.7493606138107417
depth linear,test,weather__distance_range,clear_sky,,near,472,41.398305084745765,14.012488274240834,77.26393423565806,35.8656291509123,36.91849087945333,1.1470720158294636,0.9229622719863333,38.4622950957759,-6.534247225207629,35.8656291509123,36.91849087945333,56.71401241384831,57.657498253414055,58.586803837168034,0.0,0.0,0.2330508474576271,1.0,0.0
depth linear,test,weather__distance_range,light_rain,,far,291,129.29553264604812,14.670561517261435,77.31723764354001,51.978295002508105,47.422919889628474,0.3946077786038081,0.3793833591170278,54.02771362915667,-12.562498552278159,-51.978295002508105,-47.422919889628474,73.08200502606664,73.53257211123781,74.70363273176352,0.0,0.0,0.0,0.0,1.0
depth linear,test,weather__distance_range,light_rain,,mid,363,85.59228650137742,11.444880290092863,77.17973257559746,11.97087664078484,11.705461840556836,0.13236214189695072,0.13006068711729818,14.215934628871135,-0.5428664189014669,-8.412553925779951,-11.705461840556836,23.044588847209745,23.54328859503838,24.451518885661955,0.22038567493112948,0.47107438016528924,0.71900826446281,0.25068870523415976,0.7493112947658402
depth linear,test,weather__distance_range,light_rain,,near,473,39.55602536997886,14.261730850992945,77.07923260693983,37.52320723696097,37.27446424026368,1.2666763838897672,0.9318616060065921,40.14725180218492,-6.924414272748778,37.52320723696097,37.27446424026368,57.2099224009057,57.73939948294208,58.406896263482025,0.0,0.0,0.19661733615221988,1.0,0.0
depth linear,test,time_of_day__distance_range,,10AM,far,361,130.42936288088643,14.72353240629731,77.15748559638723,53.271877284499205,47.835456523784686,0.40110518095963693,0.3826836521902775,55.282939179344744,-13.09802305167796,-53.271877284499205,-47.835456523784686,73.36005266799974,73.84108004305236,74.70363273176352,0.0,0.0,0.0,0.0,1.0
depth linear,test,time_of_day__distance_range,,10AM,mid,511,85.12720156555773,11.292822989530752,77.20394720799989,11.548511601056873,11.413196162831966,0.1283207539634958,0.12681329069813296,13.885753907414047,-0.5119376665971038,-7.923254357557831,-11.413196162831966,23.14528148756912,23.763769898825778,25.165586837495752,0.2465753424657534,0.49902152641878667,0.7377690802348337,0.25048923679060664,0.7495107632093934
depth linear,test,time_of_day__distance_range,,10AM,near,628,39.84076433121019,13.879834409583344,77.13012659643161,37.28936226522141,37.2097531692035,1.2306062147259558,0.9302438292300876,39.751928727740264,-7.202530244101103,37.28936226522141,37.2097531692035,56.8605329030483,57.586082504468436,58.586803837168034,0.0,0.0,0.1910828025477707,1.0,0.0
depth linear,test,time_of_day__distance_range,,8PM,far,200,129.475,14.818885754333893,77.34264758926928,52.132352410730725,47.39123704745644,0.39512757921885544,0.37912989637965155,54.20561188314427,-12.380039718355627,-52.132352410730725,-47.39123704745644,73.08457597437688,73.34337527400682,73.9678724512164,0.0,0.0,0.0,0.0,1.0
depth linear,test,time_of_day__distance_range,,8PM,mid,243,84.73251028806584,10.935202559409966,77.14263575666838,11.224180405346512,11.44674930253312,0.12585900192119442,0.12718610336147912,13.350398647456624,-0.4905096902383428,-7.589874531397474,-11.44674930253312,22.84875087127778,23.38489566195478,25.378227945873064,0.24279835390946503,0.49794238683127573,0.7777777777777778,0.25102880658436216,0.7489711934156379
depth linear,test,time_of_day__distance_range,,8PM,near,317,41.73501577287066,14.640351020265758,77.25342107177947,35.51840529890882,36.744039077921684,1.1600480069509984,0.9186009769480421,38.43381144379361,-5.891661392662243,35.51840529890882,36.744039077921684,57.3404908330459,57.89036944844757,58.586803837168034,0.0,0.0,0.2618296529968454,1.0,0.0
linear+bb,cv_oof,weather,clear_sky,,,6414,77.14764577486747,37.76205841489366,77.13614786369519,12.85177153973077,10.847592725812639,0.21313640756327767,0.15405206132217092,16.214993838774173,0.8156164142548166,-0.011497911172288733,1.1158870440541016,27.750117736604288,32.86953532478936,91.20821768630584,0.2443093233551606,0.4661677580293109,0.7988774555659495,0.5261927034611786,0.4738072965388213
linear+bb,cv_oof,weather,light_rain,,,6390,77.29890453834116,38.462690684607686,77.38397617043026,13.67592779549185,11.347990193737935,0.23096410612072657,0.1642011881440629,20.798265591163528,0.707601651802783,0.0850716320891079,0.6850241757904278,29.52398059314809,34.6254962161374,961.5538020383776,0.23114241001564945,0.44960876369327074,0.7694835680751174,0.5150234741784038,0.4849765258215962
linear+bb,cv_oof,time_of_day,,10AM,,8498,77.04283360790774,37.95557412334891,77.04877660821668,13.253300172186224,11.113039761233964,0.21758812635366975,0.16130629884072573,16.73762166606005,0.8055372765356246,0.005943000308938185,0.800149591468319,28.861884751459165,34.228534850239626,91.20821768630584,0.24488114850553072,0.4594022122852436,0.7781831019063309,0.5190633090138856,0.48093669098611436
linear+bb,cv_oof,time_of_day,,8PM,,4306,77.578959591268,38.42049733358124,77.67634846961565,13.282372597721219,10.983386446889675,0.23080670192030187,0.15526553211669603,21.924471178887906,0.6743640915454396,0.09738887834765067,1.1101984123995194,28.033740340509084,32.908892011989394,961.5538020383776,0.2236414305620065,0.45494658615884814,0.796098467254993,0.5236878773803995,0.47631212261960054
linear+bb,cv_oof,distance_range,,,far,3175,129.4283464566929,14.719288848138294,111.44478258921659,18.244013123815872,15.976309083527923,0.13365189964016447,0.13063382709359667,21.83617642081266,-1.2007947081474994,-17.983563867476317,-15.976309083527923,35.649851343047196,37.93038873891094,47.275214265037945,0.15181102362204724,0.31401574803149607,0.6044094488188977,0.0447244094488189,0.955275590551181
linear+bb,cv_oof,distance_range,,,mid,4273,84.94734378656682,11.168697191096301,91.78032916466748,9.907078840645168,8.994764202038851,0.1213758172451015,0.1051307569334002,11.95104620397252,-0.14500351023383007,6.832985378100652,7.426136647317136,19.154039485071173,22.035114366003874,36.615919255941094,0.2831734144629066,0.5464544816288323,0.9197285279663,0.7584835010531242,0.24151649894687574
linear+bb,cv_oof,distance_range,,,near,5356,40.113890963405524,14.297271517198844,45.410815699291184,12.987817721216183,10.811212782605601,0.3547300051860464,0.2855426233231845,20.840780838263534,-1.124817543324279,5.296924735885654,4.411009100527689,26.599391508232443,31.060215674482563,961.5538020383776,0.2524271844660194,0.47255414488424197,0.7826736370425691,0.612957430918596,0.38704256908140405
linear+bb,cv_oof,weather__distance_range,clear_sky,,far,1530,129.83333333333334,14.695882220825192,112.63000987515846,17.490815916563534,14.642680325859502,0.12753240821509929,0.11975139903764148,21.101355589976308,-1.061718589527287,-17.203323458174868,-14.642680325859502,34.59752932206539,36.74878901225659,45.67724225088655,0.165359477124183,0.34183006535947713,0.6254901960784314,0.048366013071895426,0.9516339869281045
linear+bb,cv_oof,weather__distance_range,clear_sky,,mid,2215,85.05643340857787,11.234579515748617,92.25977278860051,10.790220727008842,10.247013574516629,0.13078354196355496,0.11993166316152255,12.831103549358124,-0.30441076657499644,7.203339380022639,8.32206095455821,19.964952188284315,23.312471676296074,36.615919255941094,0.24604966139954854,0.48803611738148983,0.9006772009029346,0.7598194130925507,0.2401805869074492
linear+bb,cv_oof,weather__distance_range,clear_sky,,near,2669,40.382165605095544,14.263618131600493,44.238269225177355,11.903325362744983,9.534403038190177,0.33055331138721866,0.2489189690549034,15.49093281032214,-0.17949399429329316,3.856103620081807,3.386016958087197,25.154863809419847,29.73560800931316,91.20821768630584,0.28812289246908956,0.5192956163357063,0.8137879355563882,0.606219557886849,0.393780442113151
linear+bb,cv_oof,weather__distance_range,light_rain,,far,1645,129.0516717325228,14.731035573217984,110.34241313785427,18.94455520715696,17.171940484582066,0.1393435846738117,0.13949458911944942,22.498094878179383,-1.3325176103983596,-18.70925859466855,-17.171940484582066,36.44272767167221,39.27775577969369,47.275214265037945,0.139209726443769,0.28814589665653495,0.5848024316109423,0.04133738601823708,0.9586626139817629
linear+bb,cv_oof,weather__distance_range,light_rain,,mid,2058,84.82993197278911,11.096153567757593,91.26430990955974,8.956564128159485,7.881122282337621,0.11125039924151829,0.09254840664628194,10.924924737757648,0.03062460904338038,6.434377936770624,6.7016434977972565,18.087798276362395,20.65948972872064,33.79068498898374,0.3231292517006803,0.60932944606414,0.9402332361516035,0.7570456754130224,0.24295432458697766
linear+bb,cv_oof,weather__distance_range,light_rain,,near,2687,39.847413472273914,14.325648510845259,46.575507377523344,14.065045151346302,12.064641285549108,0.3787447412296159,0.3223465218285754,25.048058388979573,-2.0571697343119415,6.72809390524943,6.02552749130929,27.972007188106627,31.429413825355454,961.5538020383776,0.21697059918124303,0.42612579084480834,0.7517677707480461,0.6196501674730183,0.3803498325269818
linear+bb,cv_oof,time_of_day__distance_range,,10AM,far,2044,129.93639921722112,14.71420050914777,111.73897956750781,18.525992962999453,16.455214738285626,0.135101864968817,0.13453128679060028,22.222765492362825,-1.28098729897608,-18.197419649713325,-16.455214738285626,35.927015162677,37.835344036965274,47.01620237562946,0.16389432485322897,0.31604696673189825,0.5895303326810176,0.050880626223091974,0.949119373776908
linear+bb,cv_oof,time_of_day__distance_range,,10AM,mid,2895,84.94645941278065,11.166299860585184,90.95263047176392,9.850653699840453,8.967949955357852,0.12032643583990808,0.10453807202197822,11.910626008301456,-0.137759849046575,6.006171058983285,6.516230537626285,19.14654603797542,22.04462927154348,33.79068498898374,0.29015544041450775,0.5474956822107081,0.9181347150259067,0.7226252158894646,0.2773747841105354
linear+bb,cv_oof,time_of_day__distance_range,,10AM,near,3559,40.23602135431301,14.203610521903618,45.81572468808171,12.992911712792786,10.96516818885636,0.3440771716776313,0.28806583337651304,16.428615895528623,-0.3378408162145248,5.579703333768692,4.884510077405807,26.923102058780167,31.35424087331618,91.20821768630584,0.2545658892947457,0.47007586400674345,0.7726889575723518,0.6223658330991851,0.37763416690081486
linear+bb,cv_oof,time_of_day__distance_range,,8PM,far,1131,128.51016799292663,14.683957125964778,110.91309503516952,17.7344049971216,15.246474063075382,0.13103144947945203,0.1241263295788267,21.119570071276023,-1.068635296099365,-17.597072957757103,-15.246474063075382,34.34273310533213,37.97473641156852,47.275214265037945,0.129973474801061,0.3103448275862069,0.6312997347480106,0.03359858532272325,0.9664014146772767
linear+bb,cv_oof,time_of_day__distance_range,,8PM,mid,1378,84.94920174165458,11.17373176946548,93.51921720237117,10.025620772887292,9.073694773145945,0.12358043202596873,0.10570067002035992,12.03552165643066,-0.1602013164770557,8.5700154607166,8.78456137818025,19.22462759620215,21.88648214464865,36.615919255941094,0.26850507982583455,0.5442670537010159,0.9230769230769231,0.8338171262699564,0.16618287373004353
linear+bb,cv_oof,time_of_day__distance_range,,8PM,near,1797,39.872008903728435,14.477940967244127,44.608884096004886,12.977728953257849,10.495222506314903,0.37582818796648576,0.27997869058352504,27.56833037679539,-2.6258290683269156,4.736875192276454,3.7568477822650514,25.94599200671599,30.139851201969964,961.5538020383776,0.24819143016138007,0.4774624373956594,0.8024485253199778,0.5943238731218697,0.4056761268781302
linear+bb,test,weather,clear_sky,,,1133,77.59488084730803,37.62207022439134,78.04696356634437,13.134600641383125,11.126760313534945,0.2103508713037092,0.155313397369742,16.55828212210423,0.8062930619191269,0.4520827190363453,2.075398122579095,28.41057708640368,33.89420142347986,60.35776667030873,0.24889673433362755,0.45984112974404234,0.7819947043248014,0.5428067078552515,0.45719329214474846
linear+bb,test,weather,light_rain,,,1127,77.55545696539485,38.74518356236009,77.0530657477852,13.268817934012219,11.288961403243128,0.21644810982095364,0.1621725449073707,16.725355716975617,0.8136560570272174,-0.5023912176096486,-0.044823018191522124,28.996799152441437,33.72701596605487,50.034768319432416,0.25554569653948533,0.45785270629991126,0.7755102040816326,0.49955634427684115,0.5004436557231589
linear+bb,test,time_of_day,,10AM,,1500,77.07,38.26092567271907,77.0998570672788,12.962292934609577,10.994081593344422,0.20940773995904274,0.15893565719044672,16.44288414949277,0.815309291275075,0.02985706727880582,0.7807753333084531,29.063215000489134,33.85444468423575,51.28902250947273,0.266,0.4706666666666667,0.7886666666666666,0.518,0.482
linear+bb,test,time_of_day,,8PM,,760,78.57236842105263,38.01879763140794,78.44240686513672,13.673711758426956,11.751027673615553,0.2212538776536225,0.1609210964615534,17.027599094570814,0.7994096311381748,-0.12996155591592326,1.2109813296081047,28.391906133734828,33.73355642768138,60.35776667030873,0.225,0.4355263157894737,0.7592105263157894,0.5276315789473685,0.4723684210526316
linear+bb,test,distance_range,,,far,561,130.0891265597148,14.76467478540391,111.81010730457103,18.589234821926322,16.32117574655892,0.13547526314540387,0.13364344127084762,22.18903790725178,-1.2585472121839234,-18.279019255143762,-16.32117574655892,35.43255044845236,37.73186500082146,48.00240441138335,0.1497326203208556,0.3065953654188948,0.5918003565062389,0.0570409982174688,0.9429590017825312
linear+bb,test,distance_range,,,mid,754,85.0,11.180339887498949,91.55818041197324,9.73758359095185,8.658700400480946,0.11898378927098796,0.10078157318188952,11.862021845891453,-0.12566049817924863,6.55818041197324,6.785620983624582,19.396820260256984,21.642037863881328,34.546116836295354,0.3103448275862069,0.5742705570291777,0.9124668435013262,0.7427055702917772,0.2572944297082228
linear+bb,test,distance_range,,,near,945,40.476190476190474,14.167767064105991,46.037753005216864,12.76694346628623,11.095396474369707,0.3349726531433024,0.2739526507622571,16.05554634121054,-0.28424345488938996,5.561562529026387,5.069361820143051,26.517799995760704,31.21415410707966,60.35776667030873,0.26666666666666666,0.45714285714285713,0.783068783068783,0.6201058201058202,0.3798941798941799
linear+bb,test,weather__distance_range,clear_sky,,far,270,130.94444444444446,14.817927913656517,113.31456296812593,17.932494846062394,14.676344564081326,0.12910429676442642,0.11954877852197633,21.861433449130573,-1.1766184938930837,-17.629881476318506,-14.676344564081326,35.443745939036624,37.69469533593054,46.46381087214162,0.17777777777777778,0.34814814814814815,0.6074074074074074,0.05925925925925926,0.9407407407407408
linear+bb,test,weather__distance_range,clear_sky,,mid,391,84.45012787723785,10.900242552688109,91.70243931906533,10.803046039593614,9.904422942159826,0.13098385764227152,0.11739247849599618,12.900364616622817,-0.4006565186426212,7.2523114418274925,7.878843994204459,20.51770495822346,24.01546853855085,34.546116836295354,0.2608695652173913,0.5115089514066496,0.8823529411764706,0.7595907928388747,0.24040920716112532
linear+bb,test,weather__distance_range,clear_sky,,near,472,41.398305084745765,14.012488274240834,46.56064395237209,12.32147863722273,10.596508893467526,0.3225734930563119,0.24900715829113623,15.712809673001257,-0.25741076930299256,5.16233886762633,5.132811713386253,25.420643671212613,30.15005632871302,60.35776667030873,0.2796610169491525,0.4809322033898305,0.798728813559322,0.6398305084745762,0.3601694915254237
linear+bb,test,weather__distance_range,light_rain,,far,291,129.29553264604812,14.670561517261435,110.4142206064273,19.19858119128461,17.90446599680712,0.14138646906589838,0.14648386534205043,22.48873300650646,-1.3498303194656067,-18.88131203962081,-17.90446599680712,35.09574569008058,37.89628007815446,48.00240441138335,0.12371134020618557,0.26804123711340205,0.5773195876288659,0.054982817869415807,0.9450171821305842
linear+bb,test,weather__distance_range,light_rain,,mid,363,85.59228650137742,11.444880290092863,91.40279409606961,8.589936711009896,7.135369859655711,0.10605809579117564,0.08510803648145955,10.630730666113244,0.1372127440045825,5.810507594692213,5.764222368704125,17.597291736711906,20.440065041617878,28.78988575650105,0.36363636363636365,0.6418732782369146,0.9449035812672176,0.7245179063360881,0.27548209366391185
linear+bb,test,weather__distance_range,light_rain,,near,473,39.55602536997886,14.261730850992945,45.51596753575118,13.211466509241772,11.577495105711613,0.3473455993611872,0.3039750349985926,16.39041577875548,-0.3207951600244192,5.95994216577232,4.704709708991668,27.37622067513983,31.796513968702268,50.034768319432416,0.2536997885835095,0.4334038054968288,0.7674418604651163,0.6004228329809725,0.39957716701902746
linear+bb,test,time_of_day__distance_range,,10AM,far,361,130.42936288088643,14.72353240629731,112.38239543013539,18.44544722711058,16.813052920939583,0.13381226201776716,0.13531552848925152,22.217956374573927,-1.2771109214462548,-18.046967450751048,-16.813052920939583,35.441729594719405,37.63200726434964,47.278523350245024,0.1634349030470914,0.3379501385041551,0.5872576177285319,0.06925207756232687,0.9307479224376731
linear+bb,test,time_of_day__distance_range,,10AM,mid,511,85.12720156555773,11.292822989530752,90.74418616658707,9.56740366375724,8.613711764641451,0.11634762404365508,0.10212958710536561,11.638826040206764,-0.06221715848396725,5.616984601029328,5.658564571453681,19.05588779558242,21.2336058816936,28.78988575650105,0.32093933463796476,0.5714285714285714,0.9197651663405088,0.7064579256360078,0.29354207436399216
linear+bb,test,time_of_day__distance_range,,10AM,near,628,39.84076433121019,13.879834409583344,45.715703375021256,12.572754268706202,11.011871836332453,0.328585585133507,0.2676215123453879,15.868100315839934,-0.3070172063617591,5.874939043811065,5.164704169507054,26.338307431140468,32.017592303105125,51.28902250947273,0.2802547770700637,0.46496815286624205,0.7977707006369427,0.6226114649681529,0.37738853503184716
linear+bb,test,time_of_day__distance_range,,8PM,far,200,129.475,14.818885754333893,110.77712723792737,18.848771430568746,16.044283730431737,0.13847698018078808,0.1321853183232176,22.13674443894058,-1.2314974910787728,-18.697872762072617,-16.044283730431737,35.3908108168142,38.56812230899564,48.00240441138335,0.125,0.25,0.6,0.035,0.965
linear+bb,test,time_of_day__distance_range,,8PM,mid,243,84.73251028806584,10.935202559409966,93.2699131666742,10.09545166830348,8.898046409979415,0.12452733013998843,0.0975500463655527,12.318189095296914,-0.26893702365228744,8.537402878608379,8.24550037951552,19.960627134834684,23.947951919271915,34.546116836295354,0.2880658436213992,0.5802469135802469,0.897119341563786,0.8189300411522634,0.18106995884773663
linear+bb,test,time_of_day__distance_range,,8PM,near,317,41.73501577287066,14.640351020265758,46.675756689011315,13.15164635612931,11.385482153294042,0.3476258982857359,0.2853313082392866,16.42057333322165,-0.2579797614515362,4.940740916140649,4.751090263237792,27.086448389771295,30.235265620788677,60.35776667030873,0.23974763406940064,0.4416403785488959,0.7539432176656151,0.6151419558359621,0.38485804416403785
improved linear,cv_oof,weather,clear_sky,,,6414,77.14764577486747,37.76205841489366,77.11190849098641,12.119905748684175,10.08655304057223,0.20236698159533828,0.14437911327376335,15.295700865123713,0.8359306552004927,-0.03573728388107537,0.6664442062296487,25.737878083245953,30.260328940360523,87.15211924965996,0.26161521671343935,0.49688182101652634,0.8111942625506704,0.5171499844091051,0.4828500155908949
improved linear,cv_oof,weather,light_rain,,,6390,77.29890453834116,38.462690684607686,77.35245709618549,13.004861489739117,10.93959008673395,0.2232694238138549,0.15815847123154209,19.148453367353156,0.752150482214398,0.05355255784432726,0.9046677290128002,27.4685408113385,32.63012839327677,821.0037950617185,0.24444444444444444,0.4644757433489828,0.7923317683881064,0.5203442879499217,0.47965571205007823
improved linear,cv_oof,time_of_day,,10AM,,8498,77.04283360790774,37.95557412334891,77.02908955725967,12.457398819205086,10.476603362326358,0.20614843855172552,0.1511526804933132,15.704578473743293,0.8288009154953846,-0.013744050648091309,0.6616374586058882,26.637361841388284,31.617151048514973,87.15211924965996,0.259002118145446,0.48152506472111084,0.8025417745351847,0.5164744645799012,0.48352553542009885
improved linear,cv_oof,time_of_day,,8PM,,4306,77.578959591268,38.42049733358124,77.63232207343695,12.76710757684358,10.537088905212016,0.2259228999792079,0.14981545594936024,20.14631777944031,0.7250426107165815,0.05336248216895603,1.0577881554492592,26.22719866015739,31.41563374962907,821.0037950617185,0.24129122155132374,0.47909893172317697,0.8002786809103576,0.52322340919647,0.47677659080352996
improved linear,cv_oof,distance_range,,,far,3175,129.4283464566929,14.719288848138294,113.3337855291628,16.768007243424726,14.630643872585864,0.12288364693549662,0.11908458685401013,20.41804068188806,-0.9242188901101087,-16.094560927530114,-14.60662675822067,33.47523139911575,36.98013708086849,57.18744080167711,0.19181102362204724,0.35874015748031496,0.6267716535433071,0.0941732283464567,0.9058267716535433
improved linear,cv_oof,distance_range,,,mid,4273,84.94734378656682,11.168697191096301,91.59444387786377,9.86373323622965,8.770259799931992,0.12031425766188732,0.10292760799061398,12.036866327137254,-0.16150702922520122,6.647100091296951,6.980232192954986,19.51081575089002,22.51872820637624,39.25688432530853,0.29604493330212966,0.557687807161245,0.9117715890475077,0.7554411420547624,0.24455885794523755
improved linear,cv_oof,distance_range,,,near,5356,40.113890963405524,14.297271517198844,44.37269495156988,12.220310917701728,10.240900487050837,0.3398833151817749,0.2706038094308698,18.838784417555615,-0.7361986844821242,4.258803988164356,3.4454127135484054,24.41050821597225,29.34770886479668,821.0037950617185,0.25504107542942495,0.49159820761762507,0.8177744585511576,0.5815907393577296,0.41840926064227035
improved linear,cv_oof,weather__distance_range,clear_sky,,far,1530,129.83333333333334,14.695882220825192,114.37006198019954,16.189950060713226,14.140404596042593,0.11847020589079144,0.1154200451297142,19.732287526644562,-0.8028663998919112,-15.463271353133798,-14.123148218522083,32.37042493876982,35.70932733484212,48.0028023916915,0.19477124183006536,0.37777777777777777,0.634640522875817,0.10522875816993464,0.8947712418300654
improved linear,cv_oof,weather__distance_range,clear_sky,,mid,2215,85.05643340857787,11.234579515748617,91.4125324769536,10.228370623401926,9.259339267947169,0.12366840637553797,0.10809593264251131,12.409985807424595,-0.22019411145226653,6.356099068375739,6.845004989646924,19.848215333079022,22.860850054022528,39.25688432530853,0.27945823927765234,0.5336343115124154,0.9029345372460497,0.7358916478555305,0.26410835214446954
improved linear,cv_oof,weather__distance_range,clear_sky,,near,2669,40.382165605095544,14.263618131600493,43.885660095552346,11.356542131260325,9.237551579445068,0.31577253084217777,0.2456572831969352,14.533546436109287,-0.038206631392997625,3.5034944904568115,2.679182960051474,23.491155151399493,28.4559465421503,87.15211924965996,0.2851255151742226,0.5346571749718996,0.8362682652678906,0.5717497189958786,0.4282502810041214
improved linear,cv_oof,weather__distance_range,light_rain,,far,1645,129.0516717325228,14.731035573217984,112.36995393640522,17.305653133727823,15.075163690551733,0.12698854954850514,0.12242507548521349,21.035797707004694,-1.0391605232748664,-16.681717796117574,-15.067116962843627,34.48289857925253,37.4421304137376,57.18744080167711,0.1890577507598784,0.34103343465045594,0.6194528875379939,0.08389057750759879,0.9161094224924012
improved linear,cv_oof,weather__distance_range,light_rain,,mid,2058,84.82993197278911,11.096153567757593,91.79023287349835,9.471278516799824,8.219625119735731,0.11670422879855585,0.09690948776787,11.621905564954071,-0.09700793044876788,6.960300900709237,7.109249248178621,18.91683658630256,22.122259511884728,34.78536916686302,0.3138969873663751,0.5835762876579204,0.9212827988338192,0.7764820213799806,0.22351797862001943
improved linear,cv_oof,weather__distance_range,light_rain,,near,2687,39.847413472273914,14.325648510845259,44.85646719969448,13.0782933855142,11.211360678850326,0.3638325832883565,0.2979558437596811,22.307244376669868,-1.4247293395974054,5.009053727420565,4.441711122707652,25.53712475071267,30.328670182252615,821.0037950617185,0.2251581689616673,0.44882768887234836,0.7994045403796055,0.5913658355042799,0.40863416449572015
improved linear,cv_oof,time_of_day__distance_range,,10AM,far,2044,129.93639921722112,14.71420050914777,113.94899452453994,16.84199203200251,14.832642307563468,0.12287351958859552,0.11918259132520881,20.52597597934798,-0.9459617208787301,-15.987404692681183,-14.779924083198395,33.476241553587315,36.444619916065605,57.18744080167711,0.19667318982387474,0.363013698630137,0.6213307240704501,0.11252446183953033,0.8874755381604696
improved linear,cv_oof,time_of_day__distance_range,,10AM,mid,2895,84.94645941278065,11.166299860585184,90.87667131783111,9.918335685871423,8.929933863658746,0.12093144891642209,0.10507711913015767,12.093272577061521,-0.17292194288519647,5.93021190505045,6.397347201662427,19.582451436459586,22.8211842518913,38.026278683579804,0.2987910189982729,0.551986183074266,0.9101899827288429,0.7177892918825561,0.28221070811744386
improved linear,cv_oof,time_of_day__distance_range,,10AM,near,3559,40.23602135431301,14.203610521903618,44.56125169550767,12.0045972581045,10.233434478048835,0.32329289467840183,0.2696096767138697,15.098616265952543,-0.12999568532782235,4.325230341194661,3.3383232942697703,24.398415756569804,29.65812071168681,87.15211924965996,0.262433267771846,0.49227311042427646,0.8190502950266929,0.5847148075302051,0.4152851924697949
improved linear,cv_oof,time_of_day__distance_range,,8PM,far,1131,128.51016799292663,14.683957125964778,112.22194893627959,16.634298217913685,14.533605750484426,0.12290194958542229,0.1187148934816736,20.22151319857984,-0.8964486457226879,-16.288219056647023,-14.533605750484426,33.38821703415276,37.52974566642753,49.552980438825514,0.1830238726790451,0.3510167992926614,0.636604774535809,0.0610079575596817,0.9389920424403183
improved linear,cv_oof,time_of_day__distance_range,,8PM,mid,1378,84.94920174165458,11.17373176946548,93.10239130986271,9.749020542678908,8.368381915734055,0.11901761856037921,0.09888076880486192,11.917494507926106,-0.13755770789845734,8.153189568208141,7.614689113514039,19.268461795576567,21.99877193092622,39.25688432530853,0.29027576197387517,0.56966618287373,0.9150943396226415,0.8345428156748912,0.16545718432510886
improved linear,cv_oof,time_of_day__distance_range,,8PM,near,1797,39.872008903728435,14.477940967244127,43.999253965663044,12.647536802235138,10.299225972369044,0.3727410261286333,0.2724575579728717,24.62297167591993,-1.892459775326945,4.127245061934606,3.589997293596255,24.445275818882912,28.940939155063102,821.0037950617185,0.24040066777963273,0.4902615470228158,0.8152476349471341,0.575403450194769,0.4245965498052309
improved linear,test,weather,clear_sky,,,1133,77.59488084730803,37.62207022439134,78.0636179536042,12.365741233669324,10.235185216758879,0.19875407469507997,0.14480532896955917,15.509600394324845,0.8300520864155836,0.4687371062961718,1.8292199046191655,26.525554191810023,30.493571757786285,50.61785602229908,0.2612533097969991,0.4889673433362754,0.793468667255075,0.5375110326566638,0.4624889673433363
improved linear,test,weather,light_rain,,,1127,77.55545696539485,38.74518356236009,76.72572441864823,12.550566631627369,10.479371399872086,0.2124661676487909,0.15061494246371485,15.672098133459322,0.8363866114665951,-0.829732546746632,0.3600315683499815,26.55100993040264,31.12643676207317,45.03447733171707,0.24134871339840283,0.47737355811889975,0.8003549245785271,0.5146406388642414,0.48535936113575867
improved linear,test,time_of_day,,10AM,,1500,77.07,38.26092567271907,76.9929269525946,12.179793732848896,10.081896069062886,0.19878956146086488,0.14815892061177904,15.271070628615409,0.84069550671412,-0.07707304740540834,0.8883393925310799,26.226987090652425,30.483417496622653,47.034636429246675,0.258,0.49733333333333335,0.8026666666666666,0.5193333333333333,0.4806666666666667
improved linear,test,time_of_day,,8PM,,760,78.57236842105263,38.01879763140794,78.1928685952082,13.006819489892159,11.267962178004424,0.21901762549791526,0.15137598502127525,16.203470777168285,0.8183567161932347,-0.37949982584444497,1.4320068519893354,27.104241563516602,30.802023786231366,50.61785602229908,0.2381578947368421,0.45526315789473687,0.7855263157894737,0.5394736842105263,0.4605263157894737
improved linear,test,distance_range,,,far,561,130.0891265597148,14.76467478540391,113.7794431966624,17.134885885398322,15.260363777699808,0.125319290678139,0.12464630006259812,20.501867389875386,-0.9281422422325973,-16.309683363052393,-15.25897310928049,32.929024273052946,36.37290033666048,47.034636429246675,0.1657754010695187,0.32620320855614976,0.6185383244206774,0.10160427807486631,0.8983957219251337
improved linear,test,distance_range,,,mid,754,85.0,11.180339887498949,91.44897960427141,9.51314878786885,8.457783992421568,0.11565294296733217,0.09642820295583476,11.715100554086158,-0.09794864793879832,6.44897960427142,6.860128407862618,19.419166796894416,22.59607721915512,32.63063471712823,0.3103448275862069,0.5875331564986738,0.9124668435013262,0.7586206896551724,0.2413793103448276
improved linear,test,distance_range,,,near,945,40.476190476190474,14.167767064105991,44.58536751989614,12.030992850613561,10.201576448437116,0.32500666296498254,0.27168567177568176,14.909370191325348,-0.10742871554872946,4.109177043705662,4.0467643295955185,24.407853081516198,28.600022848916943,50.61785602229908,0.25502645502645505,0.4931216931216931,0.8105820105820106,0.5925925925925926,0.4074074074074074
improved linear,test,weather__distance_range,clear_sky,,far,270,130.94444444444446,14.817927913656517,115.17592595538844,16.78765413054261,14.905338586647787,0.12198428584900661,0.12221183091838315,20.12992848076398,-0.8454807029361127,-15.768518489056,-14.838780932043832,32.681966332560464,35.26041170696073,47.034636429246675,0.1814814814814815,0.337037037037037,0.6222222222222222,0.11851851851851852,0.8814814814814815
improved linear,test,weather__distance_range,clear_sky,,mid,391,84.45012787723785,10.900242552688109,91.05377805547195,10.130639766742396,9.017301927910225,0.12236410129516001,0.1058565298587051,12.355056098650795,-0.2847455419767435,6.603650178234105,7.525762650865744,20.039965606870894,23.200065879724434,32.63063471712823,0.2864450127877238,0.5549872122762148,0.8976982097186701,0.7416879795396419,0.25831202046035806
improved linear,test,weather__distance_range,clear_sky,,near,472,41.398305084745765,14.012488274240834,46.07320320718039,11.68779248666221,9.532576443205784,0.305949673398064,0.25270883987311327,14.804347286056535,-0.11621538559619027,4.6748981224346355,4.109452166298524,24.685128321734663,27.80709878115668,50.61785602229908,0.2860169491525424,0.5211864406779662,0.8050847457627118,0.6080508474576272,0.3919491525423729
improved linear,test,weather__distance_range,light_rain,,far,291,129.29553264604812,14.670561517261435,112.48373754423618,17.45705967856342,15.645701377486262,0.12841362505568452,0.12711080275268466,20.84102963417297,-1.0181101589195722,-16.81179510181194,-15.645701377486262,33.28967114941692,37.817204712915554,45.03447733171707,0.15120274914089346,0.3161512027491409,0.6151202749140894,0.0859106529209622,0.9140893470790378
improved linear,test,weather__distance_range,light_rain,,mid,363,85.59228650137742,11.444880290092863,91.87466501909398,8.84802765084528,7.6370819864788615,0.1084241195343275,0.08859613863146873,10.984151153044822,0.07889213138021234,6.282378517716576,6.387162286114076,18.006951228450127,21.023277703103705,27.70283985759653,0.33608815426997246,0.6225895316804407,0.928374655647383,0.7768595041322314,0.2231404958677686
improved linear,test,weather__distance_range,light_rain,,near,473,39.55602536997886,14.261730850992945,43.10067736260614,12.373467632400109,10.572025508758415,0.3440233629133662,0.2868662919356787,15.01343874435595,-0.10819421942926355,3.54465199262728,3.897778541931256,24.06494545954569,29.023491213331926,38.8169990045493,0.22410147991543342,0.46511627906976744,0.8160676532769556,0.5771670190274841,0.42283298097251587
improved linear,test,time_of_day__distance_range,,10AM,far,361,130.42936288088643,14.72353240629731,114.6086893726014,16.861311240621365,14.732805994784059,0.12282279182133163,0.11829152993892,20.286318455967045,-0.8983769167646691,-15.82067350828504,-14.496731101737993,33.206272488090804,35.52285423805006,47.034636429246675,0.1745152354570637,0.3462603878116344,0.6232686980609419,0.11911357340720222,0.8808864265927978
improved linear,test,time_of_day__distance_range,,10AM,mid,511,85.12720156555773,11.292822989530752,90.91132645790469,9.673088091246408,8.699281709700756,0.11720021035294349,0.10326381250483854,11.786381414855732,-0.08932116151689184,5.784124892346972,6.47519081302913,19.615272079437574,22.17391797881094,32.63063471712823,0.30332681017612523,0.5753424657534246,0.9080234833659491,0.726027397260274,0.273972602739726
improved linear,test,time_of_day__distance_range,,10AM,near,628,39.84076433121019,13.879834409583344,44.04453144170937,11.528358641372801,9.555495321126784,0.3088471446710867,0.26755828089238215,14.401923110991646,-0.07664469835591747,4.20376711049918,3.7752594714018457,24.02016641376212,28.20312394854534,38.8169990045493,0.26910828025477707,0.5207006369426752,0.8200636942675159,0.5812101910828026,0.41878980891719747
improved linear,test,time_of_day__distance_range,,8PM,far,200,129.475,14.818885754333893,112.28265384909255,17.628688119220737,15.721929951983881,0.12982547111467635,0.13016739394705595,20.885302384144204,-0.9863255789190639,-17.192346150907465,-15.721929951983881,32.380873047341645,38.255663202370954,45.03447733171707,0.15,0.29,0.61,0.07,0.93
improved linear,test,time_of_day__distance_range,,8PM,mid,243,84.73251028806584,10.935202559409966,92.57960000671336,9.176815520272424,7.6370819864788615,0.11239922430870092,0.09061729251287964,11.563772004922127,-0.11826665858285357,7.847089718647524,7.253445014202583,19.033285231739445,22.60375209456413,31.862015588971147,0.32510288065843623,0.6131687242798354,0.9218106995884774,0.8271604938271605,0.1728395061728395
improved linear,test,time_of_day__distance_range,,8PM,near,317,41.73501577287066,14.640351020265758,45.65680303125667,13.026747687847614,12.175238166658303,0.35701984116235336,0.2772388261368801,15.866809837621224,-0.17456283346037504,3.9217872583860145,4.810382508644764,25.427332781972275,28.856955092185856,50.61785602229908,0.22712933753943218,0.4384858044164038,0.7917981072555205,0.6151419558359621,0.38485804416403785
RF,cv_oof,weather,clear_sky,,,6414,77.14764577486747,37.76205841489366,76.9757448371319,7.523692095335118,5.573871832358691,0.09684276159826447,0.07738663053934776,10.308684828762253,0.9254761634718529,-0.17190093773558143,0.04722222222222605,17.583794006918986,21.48337533068779,49.4609601972102,0.4624259432491425,0.7187402556906767,0.9351418771437481,0.5130963517305893,0.4767695665731213
RF,cv_oof,weather,light_rain,,,6390,77.29890453834116,38.462690684607686,77.41157277076135,6.995402853091955,5.131322751322756,0.08890199115635485,0.06686993654493648,9.86684874640171,0.9341921629464426,0.11266823242019935,0.026944444444444215,16.403966126466123,21.351894345238065,57.58906084656081,0.4937402190923318,0.7436619718309859,0.9397496087636933,0.5104851330203443,0.47449139280125197
RF,cv_oof,time_of_day,,10AM,,8498,77.04283360790774,37.95557412334891,76.9466921620808,7.48826367319958,5.5835556573056735,0.09502889974404098,0.07499713403880064,10.3548250837922,0.9255723333026431,-0.09614144582696237,0.05134920634920803,17.70766484441485,21.959260882635885,57.58906084656081,0.4650506001412097,0.716992233466698,0.9322193457284067,0.5174158625558956,0.46740409508119557
RF,cv_oof,time_of_day,,8PM,,4306,77.578959591268,38.42049733358124,77.67983915400988,6.809642507173018,4.955833333333317,0.08863855233523352,0.0679783950617284,9.547712335341977,0.938244920287147,0.10087956274189099,0.0070111832611701175,15.787806232615985,20.251239748677243,48.2577386039886,0.5037157454714352,0.7591732466326057,0.9477473293079424,0.5006967022758941,0.4918718067812355
RF,cv_oof,distance_range,,,far,3175,129.4283464566929,14.719288848138294,124.10216215480798,10.948971223225588,9.45551184725096,0.08419026324060154,0.0733768438351772,13.317131063518778,0.1814453269730082,-5.32618430188491,-6.25922619047617,21.836995694141482,25.398548817467926,42.003698292448306,0.2532283464566929,0.5294488188976378,0.8626771653543307,0.2985826771653543,0.7014173228346456
RF,cv_oof,distance_range,,,mid,4273,84.94734378656682,11.168697191096301,86.25228243047535,8.648345753773945,7.14317612942618,0.10133139938453598,0.08589393939393972,11.135081077459242,0.006010642659084242,1.304938643908532,0.19422161172161623,17.40091269841271,22.030589947089933,57.58906084656081,0.355019892347297,0.6620641235665808,0.9340042124970747,0.5080739527264218,0.4919260472735783
RF,cv_oof,distance_range,,,near,5356,40.113890963405524,14.297271517198844,42.15870233823609,3.965687134264325,2.281210317460321,0.09128828249091556,0.05622804232804232,6.273915104909711,0.8074378413484756,2.0448113748305614,0.48568121693121924,9.72797705314009,13.172606421356402,51.68331412680551,0.7094846900672144,0.905899925317401,0.984503360716953,0.6411501120238984,0.328790141896938
RF,cv_oof,weather__distance_range,clear_sky,,far,1530,129.83333333333334,14.695882220825192,123.41514564703706,11.694206534029762,10.470854076479064,0.08943663583108855,0.0814221391528807,13.932719408168628,0.10116400395439029,-6.418187686296258,-7.705288299663309,22.057050787016347,25.304311744900023,42.003698292448306,0.21633986928104576,0.47843137254901963,0.8464052287581699,0.26862745098039215,0.7313725490196078
RF,cv_oof,weather__distance_range,clear_sky,,mid,2215,85.05643340857787,11.234579515748617,86.92299632916466,8.945434840081923,7.377923280423275,0.10471570827248722,0.08745598845598823,11.469718789360515,-0.04229797845117078,1.8665629205867842,0.9979304954305093,17.982955988456013,22.193569393569398,49.4609601972102,0.33860045146726864,0.6496613995485327,0.9304740406320542,0.5376975169300225,0.4623024830699774
RF,cv_oof,weather__distance_range,clear_sky,,near,2669,40.382165605095544,14.263618131600493,42.09921981127671,3.953048681765625,2.5145238095238156,0.09455456210046595,0.062294973544973334,5.909633157854226,0.8283429522908882,1.7170542061811642,0.5609037378392223,9.443810485810474,12.725949735449738,35.57085978835981,0.7062570251030349,0.913825402772574,0.989883851629824,0.6328212813787936,0.34282502810041215
RF,cv_oof,weather__distance_range,light_rain,,far,1645,129.0516717325228,14.731035573217984,124.74115015291713,10.255834429590095,8.512599206349165,0.07931065833881121,0.0664130696195913,12.717860989024846,0.2546477088206669,-4.310521579605663,-5.3484015521515715,21.452735449735474,25.416670588670506,38.9728776011999,0.2875379939209726,0.5768996960486322,0.8778115501519757,0.3264437689969605,0.6735562310030395
RF,cv_oof,weather__distance_range,light_rain,,mid,2058,84.82993197278911,11.096153567757593,85.53040133932042,8.32859243687785,6.889402125652122,0.09768890949784405,0.083949888983371,10.763295978689085,0.05909527629857936,0.7004693665313074,-0.711712962962963,16.857074074074063,21.33830173761424,57.58906084656081,0.3726919339164237,0.6754130223517979,0.9378036929057337,0.47619047619047616,0.5238095238095238
RF,cv_oof,weather__distance_range,light_rain,,near,2687,39.847413472273914,14.325648510845259,42.217786396462586,3.978240922771593,2.051797385620887,0.08804388342954969,0.05126349206349204,6.615929712754652,0.786718501799291,2.3703729241886715,0.4217857142857149,10.178761904761911,13.56120238095238,51.68331412680551,0.7126907331596576,0.8980275400074432,0.9791589132861928,0.6494231484927429,0.31484927428358767
RF,cv_oof,time_of_day__distance_range,,10AM,far,2044,129.93639921722112,14.71420050914777,124.53346830645809,11.715153271418144,10.318666426166395,0.09005983974580228,0.07970902116402105,14.0059498661895,0.09395077074129266,-5.402930910763052,-6.7289003126503175,22.56442953805453,25.837391594516593,42.003698292448306,0.2172211350293542,0.4843444227005871,0.8429549902152642,0.30430528375733856,0.6956947162426614
RF,cv_oof,time_of_day__distance_range,,10AM,mid,2895,84.94645941278065,11.166299860585184,85.70133137111655,8.707340862433787,7.273888888888884,0.10216934827783147,0.08768750000000054,11.145539434983592,0.0037149506874957217,0.7548719583358988,-0.22238400488394916,17.598976393976383,22.009372007323634,57.58906084656081,0.34956822107081176,0.6552677029360967,0.9333333333333333,0.49637305699481865,0.5036269430051813
RF,cv_oof,time_of_day__distance_range,,10AM,near,3559,40.23602135431301,14.203610521903618,42.495427495245785,4.069047376039768,2.3235714285714373,0.09207446314136507,0.05697386564053216,6.5047079966057035,0.7902711860663778,2.2594061409327684,0.62777777777778,9.96309788359789,13.360494588744595,51.68331412680551,0.7013205956729418,0.9008148356279854,0.9825793762292779,0.6569261028378758,0.3068277606069121
RF,cv_oof,time_of_day__distance_range,,8PM,far,1131,128.51016799292663,14.683957125964778,123.32268401690105,9.564288547270166,8.093333333333334,0.07358246980414677,0.06261237557649292,11.972149033162221,0.33525050924110633,-5.187483976025564,-5.701567460317449,20.225633597883643,24.270179357679375,35.71035954785951,0.3183023872679045,0.6109637488947833,0.8983200707338639,0.28824049513704686,0.7117595048629531
RF,cv_oof,time_of_day__distance_range,,8PM,mid,1378,84.94920174165458,11.17373176946548,87.40975943834451,8.524404651037926,6.874011437908486,0.09957097699985495,0.08299110685941062,11.113077360599432,0.010827140804839042,2.460557696689935,0.8250297619047728,16.917320767195783,22.06380324074075,48.2577386039886,0.3664731494920174,0.6763425253991292,0.9354136429608128,0.532656023222061,0.46734397677793904
RF,cv_oof,time_of_day__distance_range,,8PM,near,1797,39.872008903728435,14.477940967244127,41.491810388432256,3.76097978842192,2.2008201058201067,0.08973123355660846,0.054507936507936824,5.7897341544475855,0.8400796827596856,1.6198014847038202,0.2636111111111106,9.311996472663145,12.700338624338603,30.049550244441576,0.7256538675570395,0.9159710628825821,0.988313856427379,0.6099053978853645,0.3722871452420701
RF,test,weather,clear_sky,,,1133,77.59488084730803,37.62207022439134,77.55420815679521,7.513088092543439,5.626137566137565,0.09702447242733012,0.07722668650793647,10.252579318716233,0.9257355624391049,-0.04067269051281843,0.02499999999999858,17.2616539767422,21.629807033468307,44.090291783380025,0.4624889673433363,0.7166813768755517,0.9293909973521624,0.5119152691968226,0.47219770520741394
RF,test,weather,light_rain,,,1127,77.55545696539485,38.74518356236009,77.44079220400313,6.862305090762927,4.93104293854293,0.08526387707158521,0.06411233660130673,9.98069848107705,0.9336430485244377,-0.11466476139173695,-0.022222222222225696,16.418270322270317,21.601449675324698,54.91861111111112,0.5039929015084295,0.7622005323868678,0.9414374445430346,0.4782608695652174,0.5004436557231589
RF,test,time_of_day,,10AM,,1500,77.07,38.26092567271907,77.0559439738623,7.374505647307083,5.3735037647537744,0.09278893414313753,0.0733470096371883,10.35633769904542,0.9267341721976914,-0.014056026137707704,0.030833333333333712,17.18248379629629,22.20801361832609,54.91861111111112,0.47333333333333333,0.7233333333333334,0.9293333333333333,0.5133333333333333,0.466
RF,test,time_of_day,,8PM,,760,78.57236842105263,38.01879763140794,78.36944038785138,6.821563388395936,4.965078763828743,0.08794436250675693,0.06714885123249187,9.630030906974987,0.9358408493396023,-0.20292803320124875,-0.29106328856327934,15.325645743145726,20.55360584554333,44.090291783380025,0.5026315789473684,0.7710526315789473,0.9473684210526315,0.45921052631578946,0.5263157894736842
RF,test,distance_range,,,far,561,130.0891265597148,14.76467478540391,125.68489152545116,11.053040091572807,9.381962481962375,0.08514012685347634,0.07355419620636978,13.496485216441673,0.16440930359710004,-4.404235034263611,-5.647757936507986,22.687749056499044,25.66761904761907,38.083107563732554,0.25846702317290554,0.5311942959001783,0.839572192513369,0.3065953654188948,0.6934046345811051
RF,test,distance_range,,,mid,754,85.0,11.180339887498949,85.75756554811176,8.5482409268568,7.011832311207293,0.10000461126125561,0.08285826602666904,11.30136680038955,-0.021767132455577265,0.757565548111754,-0.8067617336367192,16.82898351070228,21.665211170848266,54.91861111111112,0.363395225464191,0.6830238726790451,0.9403183023872679,0.46153846153846156,0.5384615384615384
RF,test,distance_range,,,near,945,40.476190476190474,14.167767064105991,42.30080644074721,3.8095423237239827,2.360740740740745,0.0876762208085234,0.05651818783068805,5.897764034372871,0.8267106113096736,1.8246159645567324,0.42833333333333456,9.470723764253181,12.162515873015883,31.494749355582684,0.7121693121693121,0.9079365079365079,0.9883597883597883,0.6338624338624339,0.3216931216931217
RF,test,weather__distance_range,clear_sky,,far,270,130.94444444444446,14.817927913656517,126.01467043028536,11.74784468171706,10.422148268398232,0.08957685927188105,0.07658815745446197,14.068682723503889,0.09857019049246074,-4.929774014159093,-6.983935041407854,22.751520732535447,25.63159347760087,38.083107563732554,0.2222222222222222,0.48518518518518516,0.8185185185185185,0.3148148148148148,0.6851851851851852
RF,test,weather__distance_range,clear_sky,,mid,391,84.45012787723785,10.900242552688109,85.6632208494576,8.623435564888466,7.133716931216917,0.10179323377004477,0.08552000661375683,11.09543380268078,-0.036134773942647413,1.2130929722197645,0.11684583934585646,17.855591630591633,21.804272329924515,44.090291783380025,0.35294117647058826,0.6649616368286445,0.9335038363171355,0.5012787723785166,0.49872122762148335
RF,test,weather__distance_range,clear_sky,,near,472,41.398305084745765,14.012488274240834,43.115757358758486,4.170863218043897,2.8397619047619145,0.09733436621328309,0.06844589947089952,6.092460412836297,0.8109594781471471,1.7174522740127194,0.5063492063492081,10.128260582010606,13.446639550264544,22.385719095719104,0.690677966101695,0.8919491525423728,0.989406779661017,0.6334745762711864,0.3283898305084746
RF,test,weather__distance_range,light_rain,,far,291,129.29553264604812,14.670561517261435,125.37891109828546,10.408376038861643,8.785993589743583,0.08102357100134827,0.06715276174442825,12.942976101871585,0.22165018788683832,-3.91662154776265,-4.872063492063518,22.626587301587307,25.962600278850275,34.316975044212356,0.2920962199312715,0.5738831615120275,0.8591065292096219,0.29896907216494845,0.7010309278350515
RF,test,weather__distance_range,light_rain,,mid,363,85.59228650137742,11.444880290092863,85.85918752379706,8.467246151456301,6.830212842712825,0.09807802337988762,0.07962622826908573,11.51906666945081,-0.01300613334229217,0.2669010224196553,-2.009828042328053,16.744049062049065,20.202886243386203,54.91861111111112,0.3746556473829201,0.7024793388429752,0.9476584022038568,0.418732782369146,0.581267217630854
RF,test,weather__distance_range,light_rain,,near,473,39.55602536997886,14.261730850992945,41.48757846336598,3.448985321358233,1.7447246272246275,0.07803849431582448,0.04543551587301611,5.696850247943756,0.8404395933354711,1.931553093387122,0.3553968253968236,8.410965070876852,11.688141636141632,31.494749355582684,0.733615221987315,0.9238900634249472,0.9873150105708245,0.6342494714587738,0.3150105708245243
RF,test,time_of_day__distance_range,,10AM,far,361,130.42936288088643,14.72353240629731,126.43826698462578,11.950672143594838,10.51210557960556,0.09234498365709437,0.07888121693121695,14.228886635278421,0.06606251803191421,-3.9910958962606586,-5.583527537277547,23.416792328042362,25.587562225356407,38.083107563732554,0.2077562326869806,0.47645429362880887,0.8060941828254847,0.33240997229916897,0.667590027700831
RF,test,time_of_day__distance_range,,10AM,mid,511,85.12720156555773,11.292822989530752,85.16323541739861,8.536096060712575,7.060519526769497,0.09961052614077649,0.08423020564091976,11.246693846975749,0.008152953072799396,0.03603385184087088,-1.3203296703296843,16.768730158730165,20.077748641498637,54.91861111111112,0.3542074363992172,0.6712328767123288,0.949119373776908,0.4481409001956947,0.5518590998043053
RF,test,time_of_day__distance_range,,10AM,near,628,39.84076433121019,13.879834409583344,42.07211509721792,3.7987591402846497,2.200234126984121,0.08749344467604844,0.05481261870845214,6.072369636089051,0.8085974012034314,2.2313507660077243,0.5980158730158731,9.088697811447815,12.513035714285698,31.494749355582684,0.7229299363057324,0.9076433121019108,0.9840764331210191,0.6703821656050956,0.2802547770700637
RF,test,time_of_day__distance_range,,8PM,far,200,129.475,14.818885754333893,124.32504882164106,9.432814237673039,7.881512145262143,0.07213536032294582,0.06072986992528569,12.062445840776304,0.33741797005723917,-5.14995117835894,-5.855767195767186,19.867768925246864,26.453099107349107,34.316975044212356,0.35,0.63,0.9,0.26,0.74
RF,test,time_of_day__distance_range,,8PM,mid,243,84.73251028806584,10.935202559409966,87.0073708847143,8.573780130970786,6.845218253968255,0.10083332523888859,0.07895162337662341,11.41548324816743,-0.08977022506641408,2.274860596648468,-0.14996031746032656,18.66522775372772,24.13171870259372,44.090291783380025,0.38271604938271603,0.7078189300411523,0.9218106995884774,0.4897119341563786,0.5102880658436214
RF,test,time_of_day__distance_range,,8PM,near,317,41.73501577287066,14.640351020265758,42.75386058502607,3.830904592493387,2.5000793650793653,0.08803831358831601,0.05968478435145149,5.535618770481309,0.8570351189031116,1.0188448121553986,0.13888888888889284,9.616940170940174,11.88184743034745,20.973621933621935,0.6908517350157729,0.9085173501577287,0.9968454258675079,0.5615141955835962,0.4037854889589905
RF+jitter,cv_oof,weather,clear_sky,,,6414,77.14764577486747,37.76205841489366,77.12885100881175,6.1316987431848045,4.298189333814321,0.07996426525778734,0.05938620688672344,8.649476567884857,0.9475351623245797,-0.01879476605572501,0.05074175824175775,14.385460118021092,18.75198482712817,46.897649433899446,0.5494231368880573,0.7951356407857811,0.9600873090115373,0.5154349859681946,0.4711568444028687
RF+jitter,cv_oof,weather,light_rain,,,6390,77.29890453834116,38.462690684607686,77.28214672416729,6.60870293412845,4.609979333030793,0.08493487049598472,0.060353140645903774,9.54629245475383,0.9383986619853663,-0.016757814173869973,0.0,15.765569925444936,20.937717958089657,57.0477031573499,0.5258215962441315,0.7713615023474178,0.9435054773082943,0.49295774647887325,0.4835680751173709
RF+jitter,cv_oof,time_of_day,,10AM,,8498,77.04283360790774,37.95557412334891,76.89924787562556,6.568393553392623,4.65062386823417,0.08413101978156677,0.06286590043275311,9.333636260660656,0.9395285177349191,-0.14358573228218124,0.01666666666666572,15.401507996633024,20.107030767593923,57.0477031573499,0.5229465756648624,0.7712402918333725,0.9489291598023064,0.5036479171569781,0.47587667686514473
RF+jitter,cv_oof,time_of_day,,8PM,,4306,77.578959591268,38.42049733358124,77.80946574335381,5.977733179548916,4.065885642135612,0.07911732785161077,0.05506475676303237,8.645717174846043,0.9493620536435885,0.2305061520858158,0.01666666666666572,14.216757131757134,19.095619397748358,46.897649433899446,0.566651184393869,0.807013469577334,0.9575011611704598,0.5053413841151881,0.48026010218300047
RF+jitter,cv_oof,distance_range,,,far,3175,129.4283464566929,14.719288848138294,125.85024311370054,9.443636605566835,7.510222244686503,0.07228116295134981,0.059382902591236,11.95247183741377,0.3406108413803106,-3.578103342992383,-3.7957646885278535,20.574217831598688,23.948025820176564,38.359477004476986,0.3467716535433071,0.6236220472440945,0.8903937007874015,0.35590551181102364,0.6440944881889764
RF+jitter,cv_oof,distance_range,,,mid,4273,84.94734378656682,11.168697191096301,85.11083804675361,7.566253892114822,6.131327052577063,0.0890005508492758,0.0732749218374218,9.908844105245306,0.21287997972096773,0.16349426018679358,-1.0704629629629494,15.147466568032664,18.997754874411175,57.0477031573499,0.4196115141586707,0.728761993915282,0.9564708635619003,0.4533114907559092,0.5466885092440908
RF+jitter,cv_oof,distance_range,,,near,5356,40.113890963405524,14.297271517198844,42.062030447753955,3.593013141184989,1.9089499389499345,0.08323983825304317,0.04726421957671967,5.941181496288034,0.8273210855409756,1.9481394843484299,0.38400793650793474,8.983422364672368,12.362611374210807,53.17335955710955,0.7449589245705751,0.921396564600448,0.984503360716953,0.6327483196415236,0.3231889469753547
RF+jitter,cv_oof,weather__distance_range,clear_sky,,far,1530,129.83333333333334,14.695882220825192,126.69259333647211,9.842744560622524,8.304177901500672,0.07492230208308243,0.06427236021871233,12.238836782624393,0.30643213829955795,-3.140739996861232,-3.732527167277162,20.59283208665114,23.824175668247687,35.78385882635884,0.3176470588235294,0.5875816993464053,0.8869281045751634,0.36993464052287583,0.6300653594771242
RF+jitter,cv_oof,weather__distance_range,clear_sky,,mid,2215,85.05643340857787,11.234579515748617,85.0522254538406,6.911346110319592,5.570524772292117,0.08156123505763783,0.0659687399791565,8.92747141530628,0.3685437127484845,-0.0042079547372696376,-1.0286446886446896,14.012851924530507,17.056728350353364,46.897649433899446,0.45598194130925507,0.7652370203160271,0.9729119638826185,0.4568848758465011,0.5431151241534988
RF+jitter,cv_oof,weather__distance_range,clear_sky,,near,2669,40.382165605095544,14.263618131600493,42.14091539357786,3.357319193209811,1.9675462962963053,0.08152923923704161,0.04894543650793644,5.2705426392746055,0.8634627172197561,1.758749788482321,0.5276190476190443,8.405362637362638,10.611225367225368,38.81943121693121,0.7598351442487823,0.938928437617085,0.9913825402772574,0.6474334956912702,0.3203446983889097
RF+jitter,cv_oof,weather__distance_range,light_rain,,far,1645,129.0516717325228,14.731035573217984,125.06678059647227,9.072429814542398,6.925284992784967,0.069824662725483,0.05431783068783091,11.679826050053892,0.3713539471531192,-3.984891136050534,-3.8274999999999864,20.470966304650553,24.181090187590225,38.359477004476986,0.3738601823708207,0.6571428571428571,0.8936170212765957,0.34285714285714286,0.6571428571428571
RF+jitter,cv_oof,weather__distance_range,light_rain,,mid,2058,84.82993197278911,11.096153567757593,85.17392205710459,8.271123054736996,6.809225550676963,0.09700739461918743,0.0811922362055585,10.866501207187,0.0409647993198613,0.3439900843154621,-1.1585832218113694,16.41118637006478,21.476986713398304,57.0477031573499,0.380466472303207,0.6895043731778425,0.9387755102040817,0.44946550048590866,0.5505344995140914
RF+jitter,cv_oof,weather__distance_range,light_rain,,near,2687,39.847413472273914,14.325648510845259,41.983673945928864,3.827128194086274,1.851746031746039,0.08493897810183666,0.04520882936507942,6.539593727950951,0.7916118809024058,2.1362604736549597,0.29944444444443974,9.794318253641793,13.929658730158703,53.17335955710955,0.7301823595087458,0.9039821362113881,0.9776702642352065,0.618161518422032,0.32601414216598434
RF+jitter,cv_oof,time_of_day__distance_range,,10AM,far,2044,129.93639921722112,14.71420050914777,126.24833336767774,10.116915271169384,8.474725869890385,0.07739104674079623,0.06640524198497331,12.525547696836789,0.275363658878935,-3.6880658495433973,-4.112346472971453,21.305209351194218,24.10456390923556,38.359477004476986,0.31262230919765166,0.5743639921722113,0.87573385518591,0.36252446183953035,0.6374755381604696
RF+jitter,cv_oof,time_of_day__distance_range,,10AM,mid,2895,84.94645941278065,11.166299860585184,84.32421137554509,7.55227458750041,6.184236245084378,0.08871905191497735,0.07302865388579656,9.870031928148597,0.21869870775930578,-0.6222480372355693,-1.7641209232230892,14.785858643601076,18.451347222222164,57.0477031573499,0.4155440414507772,0.7329879101899828,0.9585492227979274,0.4221070811744387,0.5778929188255613
RF+jitter,cv_oof,time_of_day__distance_range,,10AM,near,3559,40.23602135431301,14.203610521903618,42.51745521532163,3.730092349437088,1.9572222222222138,0.08426986548797626,0.04815318828680878,6.218208374208005,0.8083393164754872,2.2814338610086264,0.5384920634920647,9.216365079365094,12.87274147753017,53.17335955710955,0.7311042427648216,0.9154256813711716,0.983141331834785,0.6510255689800506,0.3000842933408261
RF+jitter,cv_oof,time_of_day__distance_range,,8PM,far,1131,128.51016799292663,14.683957125964778,125.13079441420503,8.226853588332872,6.226654456654458,0.06304632434336707,0.04929791666666669,10.84019865599886,0.4550103348995468,-3.379373578721582,-3.3090506715506365,18.839179399032304,23.231632603507606,36.812386964886926,0.40848806366047746,0.7126436781609196,0.9168877099911583,0.34394341290893016,0.6560565870910698
RF+jitter,cv_oof,time_of_day__distance_range,,8PM,mid,1378,84.94920174165458,11.17373176946548,86.76343907226062,7.595622605364984,6.0655379342879385,0.08959194374825553,0.07394075641717941,9.989892321997782,0.20067180766380077,1.814237330606053,0.2939083139083323,15.92828222703223,19.890801821509687,46.897649433899446,0.4281567489114659,0.7198838896952104,0.9521044992743106,0.5188679245283019,0.4811320754716981
RF+jitter,cv_oof,time_of_day__distance_range,,8PM,near,1797,39.872008903728435,14.477940967244127,41.1600511779858,3.3215246035282178,1.823017961570585,0.08119984552676221,0.04514072401028898,5.350354144441527,0.8634312118801892,1.2880422742573683,0.198888888888888,8.451582972582978,11.392113483503284,31.687763532763555,0.7723984418475236,0.9332220367278798,0.9872008903728436,0.5965498052309405,0.36894824707846413
RF+jitter,test,weather,clear_sky,,,1133,77.59488084730803,37.62207022439134,77.46635949865468,6.271433934411821,4.5410714285714135,0.08131559366249756,0.06268325027685479,8.897419843805167,0.944070261489541,-0.12852134865334267,0.0,15.137404610957438,19.692589180047996,44.4937037037037,0.5410414827890556,0.7908208296557812,0.9523389232127096,0.4977934686672551,0.48631950573698146
RF+jitter,test,weather,light_rain,,,1127,77.55545696539485,38.74518356236009,77.32383147405565,6.503220144533488,4.4794444444444395,0.08182515227066517,0.05829084804084788,9.613328799255422,0.9384380812433488,-0.23162549133918842,0.0,15.288312919773544,20.316155306876393,56.267529601857774,0.5332741792369121,0.7737355811889973,0.9476486246672582,0.48092280390417036,0.4951197870452529
RF+jitter,test,time_of_day,,10AM,,1500,77.07,38.26092567271907,76.88107022256588,6.595097944562562,4.644472703222725,0.0835281846699333,0.06199879981129999,9.584097704589706,0.9372532091574375,-0.18892977743411954,0.0,15.977128429924916,20.468296062740745,56.267529601857774,0.526,0.77,0.9453333333333334,0.488,0.49133333333333334
RF+jitter,test,time_of_day,,8PM,,760,78.57236842105263,38.01879763140794,78.41018164393117,5.976337939123675,4.2880092592592405,0.07770425950493351,0.05578143137726499,8.588811831389421,0.9489648470898836,-0.16218677712147772,0.0,14.242237942970918,18.140579556935393,40.16066017316018,0.5592105263157895,0.8065789473684211,0.9592105263157895,0.4921052631578947,0.48947368421052634
RF+jitter,test,distance_range,,,far,561,130.0891265597148,14.76467478540391,126.98519575507423,9.654349535095363,7.684886187587821,0.07402663069898878,0.05879940565071035,12.220754445735084,0.3149089959583715,-3.103930804640579,-3.346457547082565,21.134717990342978,24.902457268659617,35.51082341269847,0.3315508021390374,0.6060606060606061,0.8716577540106952,0.35294117647058826,0.6470588235294118
RF+jitter,test,distance_range,,,mid,754,85.0,11.180339887498949,84.73862920892364,7.645536017479656,6.19192846383638,0.08963405069147619,0.07296093588950722,10.340071510975372,0.1446633691833239,-0.26137079107635286,-1.8056538831538802,15.129511803964629,18.821581024568726,56.267529601857774,0.40848806366047746,0.7387267904509284,0.9575596816976127,0.42838196286472147,0.5716180371352785
RF+jitter,test,distance_range,,,near,945,40.476190476190474,14.167767064105991,42.09706046678458,3.4432164065710853,1.9288888888888849,0.07961322770914671,0.04426851851851836,5.58216949264333,0.8447601472676495,1.6208699905941082,0.2912698412698447,8.876057146557148,11.61097619047619,31.373273480332358,0.7619047619047619,0.9216931216931217,0.9904761904761905,0.6190476190476191,0.3333333333333333
RF+jitter,test,weather__distance_range,clear_sky,,far,270,130.94444444444446,14.817927913656517,128.49637969168379,10.239353321126506,8.664681235863242,0.07775374196779938,0.06595123326257929,12.824840793848304,0.2509186065761233,-2.4480647527606525,-3.0289846725177796,21.670281390088117,24.81314996053528,35.51082341269847,0.3037037037037037,0.5666666666666667,0.8555555555555555,0.37777777777777777,0.6222222222222222
RF+jitter,test,weather__distance_range,clear_sky,,mid,391,84.45012787723785,10.900242552688109,83.90573128855088,6.867442115718532,5.543751803751803,0.08179818553704347,0.06978194604612682,8.92324680425452,0.32984774042122256,-0.5443965886869581,-1.5563441262919895,13.71436798862311,16.067838504088527,44.4937037037037,0.43478260869565216,0.7851662404092071,0.969309462915601,0.4322250639386189,0.5677749360613811
RF+jitter,test,weather__distance_range,clear_sky,,near,472,41.398305084745765,14.012488274240834,42.941148011435885,3.5079224231747683,2.107857142857142,0.08295331937144049,0.04772300384800364,5.475508241219747,0.8473072736519754,1.542842926690126,0.30199074074073806,9.010769841269857,11.518732142857152,26.546574074074073,0.7648305084745762,0.923728813559322,0.9936440677966102,0.6207627118644068,0.3411016949152542
RF+jitter,test,weather__distance_range,light_rain,,far,291,129.29553264604812,14.670561517261435,125.58306632935401,9.111562517128323,6.75033730158728,0.07056848622277276,0.053912927170868104,11.632238444735345,0.37131497115765344,-3.712466316694119,-3.6949596018017417,20.693989616048412,24.91085952999746,33.89827400426083,0.35738831615120276,0.6426116838487973,0.8865979381443299,0.32989690721649484,0.6701030927835051
RF+jitter,test,weather__distance_range,light_rain,,mid,363,85.59228650137742,11.444880290092863,85.63577269891192,8.483648181635576,6.5442623716153605,0.098074335196664,0.07902420595277765,11.675403620819464,-0.040689798555664236,0.04348619753451913,-2.1440019240019126,16.896361649186723,20.45639846518007,56.267529601857774,0.38016528925619836,0.6887052341597796,0.9449035812672176,0.42424242424242425,0.5757575757575758
RF+jitter,test,weather__distance_range,light_rain,,near,473,39.55602536997886,14.261730850992945,41.25475746239681,3.3786471891568386,1.6689215686274537,0.07628019755142441,0.04173743386243398,5.686611336201253,0.84101263166677,1.6987320924179556,0.26944444444444215,8.716319680319696,11.627200251817897,31.373273480332358,0.758985200845666,0.919661733615222,0.9873150105708245,0.6173361522198731,0.32558139534883723
RF+jitter,test,time_of_day__distance_range,,10AM,far,361,130.42936288088643,14.72353240629731,127.66491469975463,10.438255093710458,8.894088781588806,0.08027113430950145,0.0671013961883527,12.844351226817496,0.23897256660830457,-2.764448181131805,-3.450417586226422,21.6510625948126,24.902457268659617,35.51082341269847,0.2853185595567867,0.554016620498615,0.850415512465374,0.38227146814404434,0.6177285318559557
RF+jitter,test,time_of_day__distance_range,,10AM,mid,511,85.12720156555773,11.292822989530752,83.95068744096513,7.6668050139356225,6.199312169312165,0.08952693226032851,0.07278863130047342,10.532092251898325,0.130190258290246,-1.1765141245925999,-2.6536975142409887,14.234620877058937,18.38634960982172,56.267529601857774,0.410958904109589,0.7397260273972602,0.9608610567514677,0.38747553816046965,0.6125244618395304
RF+jitter,test,time_of_day__distance_range,,10AM,near,628,39.84076433121019,13.879834409583344,41.93593924347805,3.513852652696281,1.899847109647638,0.08051932346200961,0.04294561126166799,5.856961204786032,0.8219360000483018,2.0951749122678676,0.3139388963526848,9.02901587301588,11.906021825396795,31.373273480332358,0.7579617834394905,0.9187898089171974,0.9872611464968153,0.6305732484076433,0.3200636942675159
RF+jitter,test,time_of_day__distance_range,,8PM,far,200,129.475,14.818885754333893,125.75830305992608,8.239400001795117,5.542225638798918,0.06275530168201345,0.04620950568077564,11.006077959021985,0.4483875373503702,-3.7166969400739163,-3.296541055807353,18.779236903796704,24.620027754312687,33.89827400426083,0.415,0.7,0.91,0.3,0.7
RF+jitter,test,time_of_day__distance_range,,8PM,mid,243,84.73251028806584,10.935202559409966,86.39557671273764,7.600809856208057,6.064999999999998,0.08985930796849859,0.07331547619047626,9.924160818871833,0.17636665217377112,1.6630664246718043,0.23279677768852025,15.733288582762277,19.529487414437387,40.16066017316018,0.40329218106995884,0.7366255144032922,0.9506172839506173,0.51440329218107,0.48559670781893005
RF+jitter,test,time_of_day__distance_range,,8PM,near,317,41.73501577287066,14.640351020265758,42.416253300338205,3.303280877969752,1.993362193362202,0.07781818628076219,0.04810449735449739,4.993331127061798,0.8836737429472636,0.6812375274675444,0.24198723934016897,8.43329365079365,11.207379324379325,22.443743386243383,0.7697160883280757,0.9274447949526814,0.9968454258675079,0.5962145110410094,0.35962145110410093
XGBoost+jitter,cv_oof,weather,clear_sky,,,6414,77.14764577486747,37.76205841489366,77.17552917041547,5.7466160045965164,4.093116760253906,0.07635702866168011,0.05784526824951172,8.00519117695267,0.9550601005242965,0.027883395547988743,-0.1432046890258789,13.604015731811524,17.165800476074203,39.396759033203125,0.5668849391955099,0.8175865294667914,0.9717804801995634,0.48347365138758963,0.5165263486124103
XGBoost+jitter,cv_oof,weather,light_rain,,,6390,77.29890453834116,38.462690684607686,77.32487016836056,6.228485212490219,4.293163299560547,0.08185680405444416,0.062354089014278434,8.89531013388893,0.9465136620664367,0.02596563001940135,-0.07069587707519531,14.540117645263676,19.043606948852524,57.72967529296875,0.5461658841940532,0.7932707355242566,0.9585289514866979,0.49327073552425665,0.5067292644757434
XGBoost+jitter,cv_oof,time_of_day,,10AM,,8498,77.04283360790774,37.95557412334891,77.05865396929225,6.144879904037982,4.372428894042969,0.08021211030076163,0.061397247314453125,8.664281186122265,0.9478908551217562,0.01582036138450603,-0.0708169937133789,14.292627716064455,18.166580963134763,57.72967529296875,0.5438926806307366,0.7957166392092258,0.9632854789362203,0.4922334666980466,0.5077665333019534
XGBoost+jitter,cv_oof,time_of_day,,8PM,,4306,77.578959591268,38.42049733358124,77.62780377236955,5.675714383831813,3.9460678100585938,0.07691046131166794,0.05725156258845675,8.045167222097094,0.9561525656549064,0.048844181101542546,-0.18459320068359375,13.345279693603516,17.546852111816406,41.461151123046875,0.5815141662796098,0.8246632605666512,0.9688806316767301,0.48072457036692984,0.5192754296330702
XGBoost+jitter,cv_oof,distance_range,,,far,3175,129.4283464566929,14.719288848138294,126.88845412126676,8.909261726920061,7.373497009277344,0.06853079052695371,0.0576409912109375,11.284403261038964,0.4122623126282875,-2.5398923354261504,-2.713226318359375,18.80164794921875,22.677933502197266,41.461151123046875,0.3521259842519685,0.6377952755905512,0.9209448818897638,0.38866141732283466,0.6113385826771653
XGBoost+jitter,cv_oof,distance_range,,,mid,4273,84.94734378656682,11.168697191096301,84.96300843335024,6.945935912414594,5.7738494873046875,0.08211239469117386,0.06813343593052455,9.043199760081029,0.3443995909672022,0.015664646783422984,-1.0648651123046875,13.987608337402346,17.383004760742164,57.72967529296875,0.43646150245729,0.7697168265855371,0.9691083547858648,0.4444184413760824,0.5555815586239177
XGBoost+jitter,cv_oof,distance_range,,,near,5356,40.113890963405524,14.297271517198844,41.671394250213076,3.489903925424908,2.0815696716308594,0.08296628777174206,0.054967705408732095,5.515043229126616,0.8512039123879368,1.5575032868075496,0.4976959228515625,8.176593780517578,11.667522430419922,55.907188415527344,0.7735250186706497,0.9333457804331591,0.9882374906646751,0.5825242718446602,0.4174757281553398
XGBoost+jitter,cv_oof,weather__distance_range,clear_sky,,far,1530,129.83333333333334,14.695882220825192,128.22243379081775,9.31201289557164,7.704814910888672,0.07136029489554611,0.06084464827827785,11.58241013000351,0.3788356067820201,-1.6108995425155739,-2.4215545654296875,19.303485107421878,22.57095947265625,35.37135314941406,0.3287581699346405,0.611764705882353,0.9156862745098039,0.4137254901960784,0.5862745098039216
XGBoost+jitter,cv_oof,weather__distance_range,clear_sky,,mid,2215,85.05643340857787,11.234579515748617,84.50616862725458,6.264214634949144,5.342124938964844,0.07471222107086406,0.061804707845052084,7.934387049129825,0.5012153045064003,-0.5502647813232973,-1.469451904296875,12.916662597656252,15.438022613525378,39.396759033203125,0.47133182844243793,0.8058690744920993,0.9860045146726862,0.4257336343115124,0.5742663656884875
XGBoost+jitter,cv_oof,weather__distance_range,clear_sky,,near,2669,40.382165605095544,14.263618131600493,41.82928321083729,3.2732034120813385,2.0557498931884766,0.08058642224573502,0.05245674133300781,4.985245976372663,0.8778442887632111,1.4471176057417503,0.4755210876464844,7.591333007812505,10.386030578613266,32.537315368652344,0.7826901461221432,0.9452978643686774,0.9921318846009741,0.5713750468340202,0.42862495316597976
XGBoost+jitter,cv_oof,weather__distance_range,light_rain,,far,1645,129.0516717325228,14.731035573217984,125.64773138910078,8.534666415043516,6.8978118896484375,0.06589909345464588,0.05397760009765625,10.99998549263608,0.44240654392173373,-3.4039403434220055,-2.9331207275390625,18.231936645507826,22.91190490722656,41.461151123046875,0.3738601823708207,0.6620060790273556,0.9258358662613981,0.36534954407294834,0.6346504559270517
XGBoost+jitter,cv_oof,weather__distance_range,light_rain,,mid,2058,84.82993197278911,11.096153567757593,85.4546994782977,7.679664109492325,6.375934600830078,0.09007711022518079,0.07532718234592015,10.101511687578016,0.1712418275089399,0.624767505508586,-0.6836357116699219,15.751564788818358,19.875129318237303,57.72967529296875,0.3989310009718173,0.7308066083576288,0.9509232264334305,0.4645286686103013,0.5354713313896987
XGBoost+jitter,cv_oof,weather__distance_range,light_rain,,near,2687,39.847413472273914,14.325648510845259,41.51456297522014,3.70515277920756,2.1077136993408203,0.08533021076724363,0.05768918991088867,5.995119676372788,0.8248673450134761,1.667149502946224,0.5243759155273438,8.651866149902345,12.829914474487303,55.907188415527344,0.7644212876814291,0.9214737625604764,0.9843691849646445,0.5935988090807592,0.40640119091924076
XGBoost+jitter,cv_oof,time_of_day__distance_range,,10AM,far,2044,129.93639921722112,14.71420050914777,127.41009658096822,9.45948179360705,8.082233428955078,0.07260072438096617,0.06291848887567936,11.723070430421066,0.36524020873188423,-2.526302636252924,-2.8638458251953125,19.312342834472656,22.838324356079102,39.98882293701172,0.31409001956947163,0.5958904109589042,0.9143835616438356,0.4050880626223092,0.5949119373776908
XGBoost+jitter,cv_oof,time_of_day__distance_range,,10AM,mid,2895,84.94645941278065,11.166299860585184,84.57005173941762,6.998875394303976,5.833351135253906,0.08247291972916465,0.06847337995256697,9.110529218561268,0.3343152037444498,-0.376407673363035,-1.6288299560546875,13.945025634765624,17.047145462036124,57.72967529296875,0.4317789291882556,0.772020725388601,0.9692573402417962,0.4234887737478411,0.5765112262521589
XGBoost+jitter,cv_oof,time_of_day__distance_range,,10AM,near,3559,40.23602135431301,14.203610521903618,42.03088065016367,3.5465761089834076,2.0047569274902344,0.08274445914168188,0.05423240661621094,5.727372501780248,0.8374026923321137,1.7948592958506588,0.5800361633300781,8.36958236694336,11.925818252563475,55.907188415527344,0.7670694015172801,0.9297555493116044,0.986513065467828,0.5982017420623771,0.4017982579376229
XGBoost+jitter,cv_oof,time_of_day__distance_range,,8PM,far,1131,128.51016799292663,14.683957125964778,125.94571567066573,7.914876389777524,6.2263336181640625,0.06117540166965796,0.048052001953125,10.444992157083187,0.49402387947233795,-2.564452322260876,-2.6123580932617188,17.610931396484375,22.22620391845703,41.461151123046875,0.4208664898320071,0.713527851458886,0.9328028293545535,0.358974358974359,0.6410256410256411
XGBoost+jitter,cv_oof,time_of_day__distance_range,,8PM,mid,1378,84.94920174165458,11.17373176946548,85.78855968802,6.83471689930156,5.619239807128906,0.08135497815635288,0.06717451640537807,8.900090333704362,0.36555738591650166,0.8393579463654229,-0.17171096801757812,14.308815765380857,17.9544750213623,39.396759033203125,0.4462989840348331,0.7648766328011611,0.9687953555878084,0.488388969521045,0.511611030478955
XGBoost+jitter,cv_oof,time_of_day__distance_range,,8PM,near,1797,39.872008903728435,14.477940967244127,40.95942313311561,3.377663357097305,2.2188377380371094,0.08340562449649677,0.05752105712890625,5.068333761067333,0.8774490139815355,1.0874142293871676,0.32335472106933594,7.554635620117187,11.206741333007798,26.689483642578125,0.7863105175292153,0.9404563160823595,0.991652754590985,0.5514746800222593,0.4485253199777407
XGBoost+jitter,test,weather,clear_sky,,,1133,77.59488084730803,37.62207022439134,77.51077277914992,5.8428864777877285,3.9805564880371094,0.07755095049218755,0.0572838134765625,8.186849845905758,0.9526469157949192,-0.08410806815811521,-0.34523963928222656,13.737344360351564,18.255963134765604,35.08720016479492,0.5648720211827007,0.8120035304501324,0.9655781112091791,0.4730803177405119,0.526919682259488
XGBoost+jitter,test,weather,light_rain,,,1127,77.55545696539485,38.74518356236009,77.38324936068788,6.205625547596916,4.260036468505859,0.07995764187232511,0.06053476333618164,9.075653679688772,0.9451318414696217,-0.17220760470697494,-0.424407958984375,14.234176635742186,18.851335906982435,56.88166809082031,0.5581188997338066,0.8047914818101154,0.9591836734693877,0.4605146406388642,0.5394853593611357
XGBoost+jitter,test,time_of_day,,10AM,,1500,77.07,38.26092567271907,77.00830903116862,6.181178723653158,4.106536865234375,0.07989653093898677,0.05943130917019314,8.953964473450483,0.9452328946009892,-0.06169096883138021,-0.4196023941040039,14.448307800292978,18.658515739440915,56.88166809082031,0.5573333333333333,0.7993333333333333,0.9586666666666667,0.4673333333333333,0.5326666666666666
XGBoost+jitter,test,time_of_day,,8PM,,760,78.57236842105263,38.01879763140794,78.31337373884101,5.713108271046688,4.11163330078125,0.07649038538062988,0.05778903431362576,7.989031255257844,0.9558438210560457,-0.25899468221162497,-0.3284015655517578,13.270256805419923,17.04329528808593,32.45086669921875,0.5697368421052632,0.8263157894736842,0.9697368421052631,0.46578947368421053,0.5342105263157895
XGBoost+jitter,test,distance_range,,,far,561,130.0891265597148,14.76467478540391,127.9035569189279,9.165328435506838,7.633445739746094,0.07051794404896551,0.058172939134680704,11.573271447138554,0.38558118252096607,-2.18556964078689,-2.7169113159179688,19.527976989746094,23.637252807617188,32.46025085449219,0.3493761140819964,0.6238859180035651,0.9073083778966132,0.3939393939393939,0.6060606060606061
XGBoost+jitter,test,distance_range,,,mid,754,85.0,11.180339887498949,84.62911231954155,6.9464341677152195,5.571498870849609,0.0817410852793548,0.06683539814419218,9.440775536332072,0.28697405818075084,-0.37088768045845333,-1.8709640502929688,13.840931701660159,17.357718658447272,56.88166809082031,0.45225464190981435,0.7824933687002652,0.9694960212201591,0.39920424403183025,0.6007957559681698
XGBoost+jitter,test,distance_range,,,near,945,40.476190476190474,14.167767064105991,41.76336663261292,3.4226134991519666,2.102407455444336,0.08125306284196372,0.053053855895996094,5.287856993582872,0.860698245268852,1.2871761564224486,0.30037498474121094,7.966732788085938,10.865393066406249,36.903663635253906,0.7746031746031746,0.9386243386243386,0.9894179894179894,0.564021164021164,0.43597883597883597
XGBoost+jitter,test,weather__distance_range,clear_sky,,far,270,130.94444444444446,14.817927913656517,129.9076767815484,9.704271471941913,8.084426879882812,0.07422178885459386,0.06183280436197917,12.153471437032396,0.32729332983051984,-1.0367676628960503,-1.6747360229492188,21.31494598388672,24.06410102844238,32.46025085449219,0.3148148148148148,0.5925925925925926,0.8888888888888888,0.44074074074074077,0.5592592592592592
XGBoost+jitter,test,weather__distance_range,clear_sky,,mid,391,84.45012787723785,10.900242552688109,83.35553268276517,6.005122416464569,5.0748291015625,0.07206615360114285,0.06009841918945313,7.620773425857605,0.5112061021031012,-1.0945951944726813,-1.76580810546875,12.482650756835938,14.591552734375,35.08720016479492,0.49104859335038364,0.8209718670076727,0.9872122762148338,0.39641943734015345,0.6035805626598465
XGBoost+jitter,test,weather__distance_range,clear_sky,,near,472,41.398305084745765,14.012488274240834,42.69622785762205,3.499648764982062,2.2092695236206055,0.08399889376877392,0.05288181304931641,5.3182860466240145,0.8559501334211113,1.297922772876287,0.24230575561523438,7.956402206420904,12.325001525878903,24.932777404785156,0.7690677966101694,0.9300847457627118,0.9915254237288136,0.5550847457627118,0.4449152542372881
XGBoost+jitter,test,weather__distance_range,light_rain,,far,291,129.29553264604812,14.670561517261435,126.04406426288827,8.665278195515532,7.219551086425781,0.06708138701281549,0.05502618408203125,11.007624501265237,0.4370189991287844,-3.251468383159834,-3.27130126953125,17.992950439453125,22.803874969482422,31.311477661132812,0.38144329896907214,0.6529209621993127,0.9243986254295533,0.35051546391752575,0.6494845360824743
XGBoost+jitter,test,weather__distance_range,light_rain,,mid,363,85.59228650137742,11.444880290092863,86.00092950405825,7.960353987932862,6.333427429199219,0.09216229267930207,0.07210377284458705,11.071381923249513,0.06420406058159944,0.4086430026808389,-1.944580078125,15.501808166503906,19.92856216430664,56.88166809082031,0.41046831955922863,0.7410468319559229,0.9504132231404959,0.4022038567493113,0.5977961432506887
XGBoost+jitter,test,weather__distance_range,light_rain,,near,473,39.55602536997886,14.261730850992945,40.83247763006682,3.345741098577326,1.9812736511230469,0.07851303705453369,0.05356928507486979,5.257316711995489,0.8641111544774712,1.2764522600879629,0.32198333740234375,7.916589355468752,10.590924835205072,36.903663635253906,0.7801268498942917,0.9471458773784355,0.9873150105708245,0.572938689217759,0.427061310782241
XGBoost+jitter,test,time_of_day__distance_range,,10AM,far,361,130.42936288088643,14.72353240629731,128.5928792979909,9.853696257784096,8.482551574707031,0.07586313846586144,0.068404541015625,12.136186184118843,0.32057671348669603,-1.8364835828955484,-2.809173583984375,20.020034790039062,23.975746154785156,32.46025085449219,0.29916897506925205,0.5789473684210527,0.8975069252077562,0.407202216066482,0.592797783933518
XGBoost+jitter,test,time_of_day__distance_range,,10AM,mid,511,85.12720156555773,11.292822989530752,84.28606516321112,7.016671899246843,5.537956237792969,0.0821379987011454,0.0646575927734375,9.772762014463662,0.2510900435641499,-0.8411364023466166,-2.3041915893554688,13.800086975097656,17.410457611083984,56.88166809082031,0.4598825831702544,0.7847358121330724,0.9667318982387475,0.3776908023483366,0.6223091976516634
XGBoost+jitter,test,time_of_day__distance_range,,10AM,near,628,39.84076433121019,13.879834409583344,41.43352678626965,3.390229929784301,2.010770797729492,0.08039121988219566,0.051876487731933596,5.396034296827286,0.8488595075456814,1.5927624550594646,0.31477928161621094,7.986794281005863,11.76248435974119,36.903663635253906,0.785031847133758,0.9378980891719745,0.9872611464968153,0.5748407643312102,0.4251592356687898
XGBoost+jitter,test,time_of_day__distance_range,,8PM,far,200,129.475,14.818885754333893,126.65933002471924,7.922824516296386,6.106311798095703,0.06086986812646839,0.048191548665364584,10.48095197880517,0.49976927583687336,-2.8156699752807617,-2.6909141540527344,17.978150939941404,22.87083854675293,31.311477661132812,0.44,0.705,0.925,0.37,0.63
XGBoost+jitter,test,time_of_day__distance_range,,8PM,mid,243,84.73251028806584,10.935202559409966,85.35049954952036,6.798732600584933,5.6716461181640625,0.08090642372159755,0.06968107223510742,8.701421450853921,0.36682064825301397,0.6179892614545155,-0.7923126220703125,13.82492599487305,17.196787261962882,32.45086669921875,0.43621399176954734,0.7777777777777778,0.9753086419753086,0.4444444444444444,0.5555555555555556
XGBoost+jitter,test,time_of_day__distance_range,,8PM,near,317,41.73501577287066,14.640351020265758,42.41680329981663,3.486767699665828,2.3191452026367188,0.08296043627645691,0.05720176696777344,5.066734448249687,0.8802285500531651,0.6817875269459626,0.22661399841308594,7.853491210937506,10.281094360351561,24.932777404785156,0.7539432176656151,0.9400630914826499,0.9936908517350158,0.5425867507886435,0.45741324921135645
ensemble,cv_oof,weather,clear_sky,,,6414,77.14764577486747,37.76205841489366,77.16759388294284,5.7259113599003895,4.079825015070888,0.07564103065649096,0.05671184814380251,8.004779597593332,0.955064721490652,0.01994810807535511,-0.09272659190733634,13.588515808579215,17.305570088221796,40.6719104013215,0.5681322107888993,0.8186778921110072,0.9702213907078266,0.48939819145618957,0.5106018085438104
ensemble,cv_oof,weather,light_rain,,,6390,77.29890453834116,38.462690684607686,77.3176071828477,6.216949726826566,4.335655603120037,0.08132198263631975,0.06175441234799152,8.90694178673949,0.9463736913937231,0.018702644506543045,-0.045483653767902865,14.617369109898128,18.97071404021505,57.613740029913544,0.5453834115805947,0.7953051643192488,0.9564945226917058,0.49577464788732395,0.504225352112676
ensemble,cv_oof,time_of_day,,10AM,,8498,77.04283360790774,37.95557412334891,77.03155493336891,6.136434263471429,4.386930175970193,0.0796591342682866,0.06074169157120886,8.6749156288818,0.9477628602456931,-0.011278674538832969,-0.04243948994591307,14.384194295813044,18.432475808028062,57.613740029913544,0.5434219816427395,0.7967757119322193,0.961991056719228,0.49529301012002824,0.5047069898799718
ensemble,cv_oof,time_of_day,,8PM,,4306,77.578959591268,38.42049733358124,77.65868630743687,5.644423094714966,3.855043348319473,0.07614159699603268,0.05565644015128856,8.04103743846997,0.9561975700494505,0.07972671616886677,-0.12363476435343301,13.339742614560649,17.38718073102605,40.6719104013215,0.5831398049233627,0.8272178355782629,0.9660938225731538,0.4872271249419415,0.5127728750580586
ensemble,cv_oof,distance_range,,,far,3175,129.4283464566929,14.719288848138294,126.7119582499805,8.91203314358022,7.358018421886072,0.06847310093376363,0.05754752881316813,11.287191179658109,0.4119718644379202,-2.716388206712413,-2.8665516558214392,19.044724767979293,22.681641387413055,40.025135221982936,0.3543307086614173,0.6390551181102362,0.9162204724409448,0.38330708661417323,0.6166929133858268
ensemble,cv_oof,distance_range,,,mid,4273,84.94734378656682,11.168697191096301,84.9881394676288,6.951603235647631,5.697319490607512,0.08209863933767231,0.06788798811879052,9.063977054619398,0.3413835675717254,0.04079568106199351,-1.0179086731244382,14.20331163222242,17.373838754582643,57.613740029913544,0.43786566814884154,0.7713550198923473,0.9679382167095717,0.4474608003744442,0.5525391996255559
ensemble,cv_oof,distance_range,,,near,5356,40.113890963405524,14.297271517198844,41.73780240379502,3.445182666175007,1.9635967265295609,0.08151595562401846,0.05203030140569153,5.50612453037859,0.8516847769563596,1.623911440389498,0.5021343852694002,8.13101260399995,11.549126943057837,55.44243750959632,0.7716579536967887,0.935026138909634,0.9876773711725167,0.5933532486930545,0.4066467513069455
ensemble,cv_oof,weather__distance_range,clear_sky,,far,1530,129.83333333333334,14.695882220825192,127.96236091357899,9.331295588017896,7.747256862286704,0.07139942894848068,0.060621421661874036,11.591812154612608,0.377826736738754,-1.870972419754339,-2.6599812127069455,19.41941105879667,22.518117328024253,33.90590975422532,0.330718954248366,0.6130718954248366,0.9104575163398693,0.40588235294117647,0.5941176470588235
ensemble,cv_oof,weather__distance_range,clear_sky,,mid,2215,85.05643340857787,11.234579515748617,84.5989982877742,6.260286557597987,5.246491945950325,0.07453002904109901,0.061916799273911256,7.953074103350033,0.49886306411870907,-0.4574351208036748,-1.351953567488735,12.872013985590858,15.297124030505977,40.6719104013215,0.47313769751693,0.8058690744920993,0.9851015801354401,0.43160270880361173,0.5683972911963883
ensemble,cv_oof,weather__distance_range,clear_sky,,near,2669,40.382165605095544,14.263618131600493,41.88226068190318,3.2156532362885653,1.951076693241177,0.0789945410316685,0.04967234859894549,4.94626643696136,0.8797470867631964,1.500095076807646,0.49163911873146304,7.630288479518697,10.353061628185456,31.01350551875686,0.7830648182840015,0.9471712251779693,0.9921318846009741,0.58523791682278,0.4147620831772199
ensemble,cv_oof,weather__distance_range,light_rain,,far,1645,129.0516717325228,14.731035573217984,125.54896975435393,8.522080839635144,6.9480911139186645,0.06575134904165597,0.054629473167153594,10.99629413101438,0.4427807141837351,-3.502701978168859,-2.982006111750536,18.44357270689231,23.02389357262005,40.025135221982936,0.3762917933130699,0.6632218844984803,0.921580547112462,0.36231003039513676,0.6376899696048632
ensemble,cv_oof,weather__distance_range,light_rain,,mid,2058,84.82993197278911,11.096153567757593,85.40696731669486,7.695658843946931,6.449878392221692,0.0902446411874827,0.07699211901258877,10.124333883679968,0.16749279503304937,0.5770353439057525,-0.6859465230276456,15.678403527109053,20.120121249440082,57.613740029913544,0.3999028182701652,0.7342079689018465,0.9494655004859086,0.4645286686103013,0.5354713313896987
ensemble,cv_oof,weather__distance_range,light_rain,,near,2687,39.847413472273914,14.325648510845259,41.59431184024062,3.6731744966055664,1.9857184394109808,0.08402047945988823,0.054377077321854726,6.0108287203473045,0.8239483404979789,1.746898367966708,0.5129859352111836,8.741470706109997,13.167006529531116,55.44243750959632,0.760327502791217,0.9229624116114626,0.9832526981764049,0.601414216598437,0.3985857834015631
ensemble,cv_oof,time_of_day__distance_range,,10AM,far,2044,129.93639921722112,14.71420050914777,127.21259683470883,9.486800012117143,8.095921341242402,0.07275641069750262,0.06309789851303503,11.74604894970856,0.3627493706658599,-2.723802382512307,-3.039228047422128,19.454860981719968,22.771297974719808,39.70334871588315,0.3184931506849315,0.5939334637964775,0.9104696673189824,0.3957925636007828,0.6042074363992173
ensemble,cv_oof,time_of_day__distance_range,,10AM,mid,2895,84.94645941278065,11.166299860585184,84.52825887755928,6.9995459974812215,5.806237406166147,0.08240530696554742,0.06824915705706065,9.12008287802026,0.33291834518064933,-0.41820053522136863,-1.5930007575706355,13.966024783288958,17.154636445211604,57.613740029913544,0.4283246977547496,0.7747841105354059,0.9682210708117444,0.4241796200345423,0.5758203799654577
ensemble,cv_oof,time_of_day__distance_range,,10AM,near,3559,40.23602135431301,14.203610521903618,42.11359832624052,3.510175185025184,1.898370928398009,0.08138967571816362,0.051125170960466565,5.726402280415574,0.8374577758873554,1.8775769719275122,0.6057636454022095,8.34444907818457,11.9006399667097,55.44243750959632,0.7662264681090194,0.9311604383253723,0.986513065467828,0.6102837875807812,0.3897162124192189
ensemble,cv_oof,time_of_day__distance_range,,8PM,far,1131,128.51016799292663,14.683957125964778,125.80717905706742,7.873285593368479,6.196528953560318,0.06073208841644931,0.048529902882110794,10.406723360942806,0.49772472003940227,-2.7029889358592,-2.6495710801440566,17.37826233559261,22.190792089634577,40.025135221982936,0.41909814323607425,0.7206012378426172,0.9266136162687887,0.36074270557029176,0.6392572944297082
ensemble,cv_oof,time_of_day__distance_range,,8PM,mid,1378,84.94920174165458,11.17373176946548,85.9542891833409,6.850881685931922,5.532719203837274,0.0814543702645965,0.06765947960637461,8.944959760948718,0.359144229774908,1.0050874416863278,-0.06747191223162474,14.556455055419242,17.847664448903913,40.6719104013215,0.4579100145137881,0.7641509433962265,0.967343976777939,0.49637155297532654,0.5036284470246735
ensemble,cv_oof,time_of_day__distance_range,,8PM,near,1797,39.872008903728435,14.477940967244127,40.99352990074354,3.316463481652034,2.1202271237442716,0.08176605589387789,0.054041904734656934,5.04153221883706,0.8787416956218469,1.1215209970151006,0.3100049620033545,7.636291627311875,10.969263793455497,27.53919122390964,0.7824151363383417,0.9426822481914302,0.989983305509182,0.5598219254312743,0.44017807456872565
ensemble,test,weather,clear_sky,,,1133,77.59488084730803,37.62207022439134,77.50322252146572,5.825992894661861,3.9545995333877784,0.0767983431450965,0.0566141908305994,8.210731961134584,0.9523702425165161,-0.09165832584230599,-0.31376985274268065,13.782610432758775,17.913651216107155,36.68630576640942,0.5639894086496028,0.8164165931156222,0.9646954986760812,0.471315092674316,0.5286849073256841
ensemble,test,weather,light_rain,,,1127,77.55545696539485,38.74518356236009,77.3731483199604,6.1919356109607815,4.268889431197785,0.07937303354560624,0.06150697579766699,9.076669749151671,0.9451195551962384,-0.18230864543445313,-0.3726626136416513,14.222239288023282,18.61014384273547,56.77726454769669,0.5501330967169477,0.80301685891748,0.9600709849157054,0.4631765749778172,0.5368234250221828
ensemble,test,time_of_day,,10AM,,1500,77.07,38.26092567271907,76.98667843370615,6.173136054506145,4.129065451253851,0.0792967820824771,0.05914790459993614,8.965070242935475,0.9450969530189626,-0.08332156629384826,-0.34551133462319505,14.298243040661383,18.75896972339966,56.77726454769669,0.55,0.8013333333333333,0.9593333333333334,0.4673333333333333,0.5326666666666666
ensemble,test,time_of_day,,8PM,,760,78.57236842105263,38.01879763140794,78.32983108270633,5.68349644927036,4.095224238241549,0.07568520850733801,0.05670903779806635,8.002687364244528,0.9556927346613624,-0.2425373383463021,-0.3384709905683714,13.20371974546751,17.322545177538995,33.76153158978879,0.5710526315789474,0.8263157894736842,0.968421052631579,0.46710526315789475,0.5328947368421053
ensemble,test,distance_range,,,far,561,130.0891265597148,14.76467478540391,127.74743552107279,9.180114861303565,7.6049241374785765,0.07057905824914106,0.05917959039225494,11.58872623105516,0.3839391143606078,-2.3416910386420207,-2.6694182958737827,19.474878791935566,23.510354165207985,31.796603008410813,0.3404634581105169,0.6292335115864528,0.9073083778966132,0.39215686274509803,0.6078431372549019
ensemble,test,distance_range,,,mid,754,85.0,11.180339887498949,84.6477301907365,6.959245575167316,5.580288514959321,0.08180733082237188,0.06638019606704396,9.478845638191832,0.2812118829386536,-0.35226980926349843,-1.7975845945355289,13.837602868242673,17.622192429043782,56.77726454769669,0.4482758620689655,0.7877984084880637,0.9694960212201591,0.4005305039787798,0.5994694960212201
ensemble,test,distance_range,,,near,945,40.476190476190474,14.167767064105991,41.8200945844221,3.367032573901834,1.968813788883267,0.07956439414968892,0.050514488753465044,5.259823719224518,0.862171330876901,1.3439041082316296,0.2982491734822581,8.053539860255848,10.968227091021323,35.963497308917226,0.7724867724867724,0.9343915343915344,0.9894179894179894,0.5650793650793651,0.43492063492063493
ensemble,test,weather__distance_range,clear_sky,,far,270,130.94444444444446,14.817927913656517,129.66775627627143,9.751738655830884,8.063995147768665,0.07449138274612058,0.060841457559267356,12.186314304525377,0.3236526468493235,-1.2766881681730355,-1.999649030397613,21.021332687015942,23.945709688757596,31.796603008410813,0.3074074074074074,0.6,0.8888888888888888,0.43333333333333335,0.5666666666666667
ensemble,test,weather__distance_range,clear_sky,,mid,391,84.45012787723785,10.900242552688109,83.44906644574874,6.004241143911622,5.180767938162731,0.07194638699279494,0.06055645650126465,7.701792030138865,0.5007578433713638,-1.0010614314891104,-1.4322923578655917,12.555704260664129,14.335221745278702,36.68630576640942,0.49104859335038364,0.8286445012787724,0.9846547314578005,0.40153452685422,0.59846547314578
ensemble,test,weather__distance_range,clear_sky,,near,472,41.398305084745765,14.012488274240834,42.7378642837704,3.432674206161243,2.0516138271695095,0.08213731382999778,0.05070540634877482,5.266739297518718,0.8587289677712996,1.3395591990246383,0.2697845949566542,8.392754016487498,12.161995426482335,23.772581436447865,0.7711864406779662,0.9300847457627118,0.9915254237288136,0.5508474576271186,0.4491525423728814
ensemble,test,weather__distance_range,light_rain,,far,291,129.29553264604812,14.670561517261435,125.96569461418746,8.649742268443168,7.146269603505672,0.06694906644781988,0.05684446770413653,11.005280165958158,0.43725877396744905,-3.3298380318606657,-3.700231795950174,18.099309627779206,22.72632466070928,31.285529532994858,0.3711340206185567,0.6563573883161512,0.9243986254295533,0.3539518900343643,0.6460481099656358
ensemble,test,weather__distance_range,light_rain,,mid,363,85.59228650137742,11.444880290092863,85.93885284718338,7.987914260073588,6.404534746979493,0.09242889841841757,0.07450817546233993,11.078557236066546,0.06299069724446726,0.34656634580596235,-2.1206531102222925,15.97424334433583,19.41074244854021,56.77726454769669,0.4022038567493113,0.743801652892562,0.953168044077135,0.39944903581267216,0.6005509641873278
ensemble,test,weather__distance_range,light_rain,,near,473,39.55602536997886,14.261730850992945,40.904265201562914,3.3015297188776462,1.862045168316552,0.07699691404587117,0.050514488753465044,5.252913685949982,0.864338674183883,1.3482398315840602,0.3799411841498461,8.00194719225947,10.430863464210283,35.963497308917226,0.773784355179704,0.9386892177589852,0.9873150105708245,0.5792811839323467,0.42071881606765327
ensemble,test,time_of_day__distance_range,,10AM,far,361,130.42936288088643,14.72353240629731,128.4351253162907,9.901094314218394,8.487700645923098,0.0762013228789443,0.06668433943749336,12.155908062437323,0.31836672913176634,-1.9942375645957158,-2.6694182958737827,20.019698221821557,23.796082320737483,31.796603008410813,0.2880886426592798,0.590027700831025,0.8975069252077562,0.4099722991689751,0.590027700831025
ensemble,test,time_of_day__distance_range,,10AM,mid,511,85.12720156555773,11.292822989530752,84.22905095042931,7.016599814661415,5.537791667724861,0.08205571736603337,0.06470491687316898,9.784441486023802,0.24929892264304776,-0.898150615128436,-2.401965368555466,13.726726713553944,17.60922261506464,56.77726454769669,0.45401174168297453,0.7906066536203522,0.9686888454011742,0.37573385518590996,0.62426614481409
ensemble,test,time_of_day__distance_range,,10AM,near,628,39.84076433121019,13.879834409583344,41.51893690399508,3.3438320526025356,1.886903958777772,0.07883124839231484,0.048903548505137666,5.397337815468896,0.8487864767845917,1.6781725727848915,0.29717486614650923,8.034864745301459,11.55479648127633,35.963497308917226,0.7786624203821656,0.9315286624203821,0.9872611464968153,0.5748407643312102,0.4251592356687898
ensemble,test,time_of_day__distance_range,,8PM,far,200,129.475,14.818885754333893,126.50615544070439,7.878746948792302,5.889365067361382,0.06043087059234623,0.047571890018076435,10.487597090715134,0.4991347642169903,-2.9688445592956008,-2.606051050514509,18.023487252244163,22.97263091169955,31.285529532994858,0.435,0.7,0.925,0.36,0.64
ensemble,test,time_of_day__distance_range,,8PM,mid,243,84.73251028806584,10.935202559409966,85.5281626672673,6.8386364542558535,5.775106716292939,0.08128500356389033,0.06976851547304,8.801665617995127,0.3521476082745002,0.7956523792014523,-0.7269560120175527,14.049729818526218,17.60457681191545,33.76153158978879,0.43621399176954734,0.7818930041152263,0.9711934156378601,0.45267489711934156,0.5473251028806584
ensemble,test,time_of_day__distance_range,,8PM,near,317,41.73501577287066,14.640351020265758,42.41670979990529,3.412994489914325,2.2443840532333112,0.08101680908858767,0.054603506457897785,4.976189711194493,0.884471036032823,0.6816940270346302,0.3799411841498461,8.053373755362378,10.466248006896972,23.772581436447865,0.7602523659305994,0.9400630914826499,0.9936908517350158,0.5457413249211357,0.45425867507886436
